HomeTeam,AwayTeam,FTHG,FTAG,FTR
Arsenal,Coventry,0,3,A
Aston Villa,QPR,4,1,H
Chelsea,Blackburn,1,2,A
Liverpool,Sheffield Weds,2,0,H
Man City,Leeds,1,1,D
Newcastle,Tottenham,0,1,A
Oldham,Ipswich,0,3,A
Sheffield United,Swindon,3,1,H
Southampton,Everton,0,2,A
West Ham,Wimbledon,0,2,A
Norwich,Man United,0,2,A
Tottenham,Arsenal,0,1,A
Everton,Man City,1,0,H
Ipswich,Southampton,1,0,H
Leeds,West Ham,1,0,H
Wimbledon,Chelsea,1,1,D
Blackburn,Norwich,2,3,A
Coventry,Newcastle,2,1,H
Man United,Sheffield United,3,0,H
QPR,Liverpool,1,3,A
Sheffield Weds,Aston Villa,0,0,D
Swindon,Oldham,0,1,A
Blackburn,Oldham,1,0,H
Coventry,West Ham,1,1,D
Everton,Sheffield United,4,2,H
Ipswich,Chelsea,1,0,H
Leeds,Norwich,0,4,A
Man United,Newcastle,1,1,D
QPR,Southampton,2,1,H
Sheffield Weds,Arsenal,0,1,A
Tottenham,Man City,1,0,H
Wimbledon,Aston Villa,2,2,D
Swindon,Liverpool,0,5,A
Aston Villa,Man United,1,2,A
Arsenal,Leeds,2,1,H
Man City,Blackburn,0,2,A
Oldham,Coventry,3,3,D
Sheffield United,Wimbledon,2,1,H
Chelsea,QPR,2,0,H
Liverpool,Tottenham,1,2,A
Newcastle,Everton,1,0,H
Norwich,Ipswich,1,0,H
Southampton,Swindon,5,1,H
West Ham,Sheffield Weds,2,0,H
Man City,Coventry,1,1,D
Arsenal,Everton,2,0,H
Aston Villa,Tottenham,1,0,H
Chelsea,Sheffield Weds,1,1,D
Liverpool,Leeds,2,0,H
Norwich,Swindon,0,0,D
Oldham,Wimbledon,1,1,D
Sheffield United,Ipswich,1,1,D
Southampton,Man United,1,3,A
West Ham,QPR,0,4,A
Newcastle,Blackburn,1,1,D
Leeds,Oldham,1,0,H
Everton,Aston Villa,0,1,A
Ipswich,Newcastle,1,1,D
Wimbledon,Southampton,1,0,H
Blackburn,Arsenal,1,1,D
Coventry,Liverpool,1,0,H
Man United,West Ham,3,0,H
QPR,Sheffield United,2,1,H
Sheffield Weds,Norwich,3,3,D
Swindon,Man City,1,3,A
Tottenham,Chelsea,1,1,D
Arsenal,Ipswich,4,0,H
Aston Villa,Coventry,0,0,D
Chelsea,Man United,1,0,H
Man City,QPR,3,0,H
Norwich,Wimbledon,0,1,A
Oldham,Everton,0,1,A
Sheffield United,Tottenham,2,2,D
Southampton,Leeds,0,2,A
West Ham,Swindon,0,0,D
Liverpool,Blackburn,0,1,A
Newcastle,Sheffield Weds,4,2,H
Blackburn,West Ham,0,2,A
Coventry,Chelsea,1,1,D
Everton,Liverpool,2,0,H
Ipswich,Aston Villa,1,2,A
Leeds,Sheffield United,2,1,H
QPR,Norwich,2,2,D
Sheffield Weds,Southampton,2,0,H
Swindon,Newcastle,2,2,D
Tottenham,Oldham,5,0,H
Man United,Arsenal,1,0,H
Wimbledon,Man City,1,0,H
Arsenal,Southampton,1,0,H
Blackburn,Sheffield Weds,1,1,D
Chelsea,Liverpool,1,0,H
Coventry,Leeds,0,2,A
Everton,Norwich,1,5,A
Man United,Swindon,4,2,H
Newcastle,West Ham,2,0,H
Oldham,Aston Villa,1,1,D
Sheffield United,Man City,0,1,A
Ipswich,Tottenham,2,2,D
Wimbledon,QPR,1,1,D
Aston Villa,Newcastle,0,2,A
Leeds,Wimbledon,4,0,H
Liverpool,Arsenal,0,0,D
Norwich,Coventry,1,0,H
QPR,Ipswich,3,0,H
Sheffield Weds,Man United,2,3,A
Southampton,Sheffield United,3,3,D
Swindon,Blackburn,1,3,A
West Ham,Chelsea,1,0,H
Tottenham,Everton,3,2,H
Man City,Oldham,1,1,D
Arsenal,Man City,0,0,D
Chelsea,Norwich,1,2,A
Coventry,Southampton,1,1,D
Liverpool,Oldham,2,1,H
Man United,Tottenham,2,1,H
Newcastle,QPR,1,2,A
Sheffield Weds,Wimbledon,2,2,D
Swindon,Everton,1,1,D
West Ham,Aston Villa,0,0,D
Ipswich,Leeds,0,0,D
Blackburn,Sheffield United,0,0,D
Aston Villa,Chelsea,1,0,H
Everton,Man United,0,1,A
Leeds,Blackburn,3,3,D
Man City,Liverpool,1,1,D
Norwich,West Ham,0,0,D
Oldham,Arsenal,0,0,D
QPR,Coventry,5,1,H
Sheffield United,Sheffield Weds,1,1,D
Tottenham,Swindon,1,1,D
Southampton,Newcastle,2,1,H
Wimbledon,Ipswich,0,2,A
Arsenal,Norwich,0,0,D
Blackburn,Tottenham,1,0,H
Chelsea,Oldham,0,1,A
Ipswich,Everton,0,2,A
Liverpool,Southampton,4,2,H
Man United,QPR,2,1,H
Newcastle,Wimbledon,4,0,H
Sheffield Weds,Leeds,3,3,D
Swindon,Aston Villa,1,2,A
Coventry,Sheffield United,0,0,D
West Ham,Man City,3,1,H
Arsenal,Aston Villa,1,2,A
Coventry,Everton,2,1,H
Ipswich,Sheffield Weds,1,4,A
Leeds,Chelsea,4,1,H
Liverpool,West Ham,2,0,H
QPR,Blackburn,1,0,H
Sheffield United,Norwich,1,2,A
Southampton,Tottenham,1,0,H
Wimbledon,Swindon,3,0,H
Man City,Man United,2,3,A
Oldham,Newcastle,1,3,A
Aston Villa,Sheffield United,1,0,H
Blackburn,Southampton,2,0,H
Chelsea,Arsenal,0,2,A
Everton,QPR,0,3,A
Man United,Wimbledon,3,1,H
Norwich,Man City,1,1,D
Sheffield Weds,Coventry,0,0,D
Swindon,Ipswich,2,2,D
Tottenham,Leeds,1,1,D
West Ham,Oldham,2,0,H
Newcastle,Liverpool,3,0,H
Chelsea,Man City,0,0,D
Blackburn,Coventry,2,1,H
Everton,Leeds,1,1,D
Aston Villa,Southampton,0,2,A
Man United,Ipswich,0,0,D
Newcastle,Sheffield United,4,0,H
Sheffield Weds,Oldham,3,0,H
Swindon,QPR,1,0,H
Tottenham,Wimbledon,1,1,D
West Ham,Arsenal,0,0,D
Arsenal,Newcastle,2,1,H
Coventry,Man United,0,1,A
Ipswich,Blackburn,1,0,H
Leeds,Swindon,3,0,H
Man City,Sheffield Weds,1,3,A
Oldham,Norwich,2,1,H
QPR,Tottenham,1,1,D
Sheffield United,Chelsea,1,0,H
Wimbledon,Everton,1,1,D
Liverpool,Aston Villa,2,1,H
Southampton,West Ham,0,2,A
Coventry,Arsenal,1,0,H
Everton,Southampton,1,0,H
Ipswich,Oldham,0,0,D
Leeds,Man City,3,2,H
Man United,Norwich,2,2,D
QPR,Aston Villa,2,2,D
Sheffield Weds,Liverpool,3,1,H
Swindon,Sheffield United,0,0,D
Tottenham,Newcastle,1,2,A
Wimbledon,West Ham,1,2,A
Blackburn,Chelsea,2,0,H
Arsenal,Tottenham,1,1,D
Oldham,Swindon,2,1,H
Sheffield United,Man United,0,3,A
Aston Villa,Sheffield Weds,2,2,D
Liverpool,QPR,3,2,H
Man City,Everton,1,0,H
Southampton,Ipswich,0,1,A
West Ham,Leeds,0,1,A
Aston Villa,Wimbledon,0,1,A
Chelsea,Ipswich,1,1,D
Liverpool,Swindon,2,2,D
Man City,Tottenham,0,2,A
Newcastle,Man United,1,1,D
Oldham,Blackburn,1,2,A
Sheffield United,Everton,0,0,D
Southampton,QPR,0,1,A
West Ham,Coventry,3,2,H
Arsenal,Sheffield Weds,1,0,H
Norwich,Leeds,2,1,H
Blackburn,Man City,2,0,H
Coventry,Oldham,1,1,D
Everton,Newcastle,0,2,A
Ipswich,Norwich,2,1,H
Leeds,Arsenal,2,1,H
Sheffield Weds,West Ham,5,0,H
Swindon,Southampton,2,1,H
Tottenham,Liverpool,3,3,D
Wimbledon,Sheffield United,2,0,H
Man United,Aston Villa,3,1,H
Newcastle,Leeds,1,1,D
Man United,Blackburn,1,1,D
Sheffield United,Liverpool,0,0,D
Wimbledon,Coventry,1,2,A
Everton,Sheffield Weds,0,2,A
Ipswich,West Ham,1,1,D
QPR,Oldham,2,0,H
Southampton,Chelsea,3,1,H
Swindon,Arsenal,0,4,A
Tottenham,Norwich,1,3,A
Chelsea,Newcastle,1,0,H
Liverpool,Wimbledon,1,1,D
Man City,Southampton,1,1,D
West Ham,Tottenham,1,3,A
Arsenal,Sheffield United,3,0,H
Blackburn,Everton,2,0,H
Leeds,QPR,1,1,D
Norwich,Aston Villa,1,2,A
Oldham,Man United,2,5,A
Sheffield Weds,Swindon,3,3,D
Aston Villa,Blackburn,0,1,A
Everton,West Ham,0,1,A
Ipswich,Liverpool,1,2,A
Man United,Leeds,0,0,D
Newcastle,Man City,2,0,H
QPR,Sheffield Weds,1,2,A
Sheffield United,Oldham,2,1,H
Southampton,Norwich,0,1,A
Swindon,Chelsea,1,3,A
Tottenham,Coventry,1,2,A
Wimbledon,Arsenal,0,3,A
Arsenal,QPR,0,0,D
Chelsea,Everton,4,2,H
Coventry,Swindon,1,1,D
Sheffield Weds,Tottenham,1,0,H
West Ham,Sheffield United,0,0,D
Liverpool,Man United,3,3,D
Norwich,Newcastle,1,2,A
Aston Villa,West Ham,3,1,H
Everton,Swindon,6,2,H
Leeds,Ipswich,0,0,D
Man City,Arsenal,0,0,D
Norwich,Chelsea,1,1,D
Oldham,Liverpool,0,3,A
Sheffield United,Blackburn,1,2,A
Southampton,Coventry,1,0,H
Tottenham,Man United,0,1,A
Wimbledon,Sheffield Weds,2,1,H
QPR,Newcastle,1,2,A
Arsenal,Oldham,1,1,D
Chelsea,Aston Villa,1,1,D
Coventry,QPR,0,1,A
Ipswich,Wimbledon,0,0,D
Liverpool,Man City,2,1,H
Man United,Everton,1,0,H
Newcastle,Southampton,1,2,A
Sheffield Weds,Sheffield United,3,1,H
Swindon,Tottenham,2,1,H
Blackburn,Leeds,2,1,H
West Ham,Norwich,3,3,D
Coventry,Ipswich,1,0,H
Blackburn,Wimbledon,3,0,H
Everton,Chelsea,4,2,H
Man City,Ipswich,2,1,H
Norwich,Liverpool,2,2,D
Oldham,Southampton,2,1,H
QPR,Man United,2,3,A
Swindon,Coventry,3,1,H
Tottenham,Sheffield Weds,1,3,A
Aston Villa,Leeds,1,0,H
Aston Villa,Swindon,5,0,H
Everton,Ipswich,0,0,D
Man City,West Ham,0,0,D
Oldham,Chelsea,2,1,H
Sheffield United,Coventry,0,0,D
Tottenham,Blackburn,0,2,A
Wimbledon,Newcastle,4,2,H
Norwich,Arsenal,1,1,D
Southampton,Liverpool,4,2,H
Blackburn,Newcastle,1,0,H
Coventry,Man City,4,0,H
Everton,Arsenal,1,1,D
Leeds,Liverpool,2,0,H
Swindon,Norwich,3,3,D
Aston Villa,Man City,0,0,D
Norwich,Blackburn,2,2,D
Newcastle,Coventry,4,0,H
Arsenal,Blackburn,1,0,H
Ipswich,Sheffield United,3,2,H
Liverpool,Coventry,1,0,H
Man City,Swindon,2,1,H
Norwich,Sheffield Weds,1,1,D
Southampton,Wimbledon,1,0,H
West Ham,Man United,2,2,D
Chelsea,Tottenham,4,3,H
Oldham,Leeds,1,1,D
Tottenham,Aston Villa,1,1,D
Blackburn,Liverpool,2,0,H
Everton,Oldham,2,1,H
Ipswich,Arsenal,1,5,A
Leeds,Southampton,0,0,D
Man United,Chelsea,0,1,A
QPR,Man City,1,1,D
Sheffield Weds,Newcastle,0,1,A
Swindon,West Ham,1,1,D
Tottenham,Sheffield United,2,2,D
Wimbledon,Norwich,3,1,H
Coventry,Aston Villa,0,1,A
Aston Villa,Ipswich,0,1,A
Man City,Wimbledon,0,1,A
Newcastle,Swindon,7,1,H
Norwich,QPR,3,4,A
Southampton,Sheffield Weds,1,1,D
Liverpool,Everton,2,1,H
Sheffield United,Leeds,2,2,D
Chelsea,Wimbledon,2,0,H
Leeds,Aston Villa,2,0,H
Man United,Sheffield Weds,5,0,H
Sheffield United,QPR,1,1,D
Aston Villa,Oldham,1,2,A
Leeds,Coventry,1,0,H
Liverpool,Chelsea,2,1,H
Man City,Sheffield United,0,0,D
QPR,Wimbledon,1,0,H
Southampton,Arsenal,0,4,A
Swindon,Man United,2,2,D
Tottenham,Ipswich,1,1,D
West Ham,Newcastle,2,4,A
Sheffield Weds,Blackburn,1,2,A
Norwich,Everton,3,0,H
Arsenal,Man United,2,2,D
Newcastle,Ipswich,2,0,H
Arsenal,Liverpool,1,0,H
Blackburn,Swindon,3,1,H
Chelsea,West Ham,2,0,H
Coventry,Norwich,2,1,H
Everton,Tottenham,0,1,A
Ipswich,QPR,1,3,A
Oldham,Man City,0,0,D
Sheffield United,Southampton,0,0,D
Wimbledon,Leeds,1,0,H
Sheffield United,West Ham,3,2,H
Ipswich,Man City,2,2,D
Newcastle,Norwich,3,0,H
Wimbledon,Blackburn,4,1,H
Aston Villa,Everton,0,0,D
Man United,Liverpool,1,0,H
Sheffield Weds,Chelsea,3,1,H
Southampton,Oldham,1,3,A
Leeds,Newcastle,1,1,D
Arsenal,Swindon,1,1,D
Blackburn,Man United,2,0,H
Chelsea,Southampton,2,0,H
Coventry,Wimbledon,1,2,A
Liverpool,Sheffield United,1,2,A
Man City,Aston Villa,3,0,H
Norwich,Tottenham,1,2,A
Oldham,QPR,4,1,H
Sheffield Weds,Everton,5,1,H
West Ham,Ipswich,2,1,H
Aston Villa,Norwich,0,0,D
Everton,Blackburn,0,3,A
Ipswich,Coventry,0,2,A
Man United,Oldham,3,2,H
Newcastle,Chelsea,0,0,D
QPR,Leeds,0,4,A
Sheffield United,Arsenal,1,1,D
Southampton,Man City,0,1,A
Swindon,Sheffield Weds,0,1,A
Tottenham,West Ham,1,4,A
Wimbledon,Liverpool,1,1,D
Coventry,Tottenham,1,0,H
Liverpool,Ipswich,1,0,H
Man City,Newcastle,2,1,H
Norwich,Southampton,4,5,A
Sheffield Weds,QPR,3,1,H
West Ham,Everton,0,1,A
Blackburn,Aston Villa,1,0,H
QPR,Chelsea,1,1,D
Arsenal,Chelsea,1,0,H
Coventry,Sheffield Weds,1,1,D
Ipswich,Swindon,1,1,D
Liverpool,Newcastle,0,2,A
Man City,Norwich,1,1,D
Oldham,West Ham,1,2,A
QPR,Everton,2,1,H
Sheffield United,Aston Villa,1,2,A
Southampton,Blackburn,3,1,H
Wimbledon,Man United,1,0,H
Leeds,Tottenham,2,0,H
Arsenal,Wimbledon,1,1,D
Aston Villa,Arsenal,1,2,A
Chelsea,Leeds,1,1,D
Everton,Coventry,0,0,D
Man United,Man City,2,0,H
Newcastle,Oldham,3,2,H
Norwich,Sheffield United,0,1,A
Sheffield Weds,Ipswich,5,0,H
Swindon,Wimbledon,2,4,A
Tottenham,Southampton,3,0,H
West Ham,Liverpool,1,2,A
Blackburn,QPR,1,1,D
Wimbledon,Oldham,3,0,H
Chelsea,Swindon,2,0,H
Leeds,Man United,0,2,A
Newcastle,Aston Villa,5,1,H
QPR,Arsenal,1,1,D
West Ham,Blackburn,1,2,A
Arsenal,West Ham,0,2,A
Leeds,Everton,3,0,H
Liverpool,Norwich,0,1,A
Man City,Chelsea,2,2,D
Oldham,Sheffield Weds,0,0,D
QPR,Swindon,1,3,A
Sheffield United,Newcastle,2,0,H
Southampton,Aston Villa,4,1,H
Wimbledon,Tottenham,2,1,H
Ipswich,Man United,1,2,A
Coventry,Blackburn,2,1,H
Leeds,Sheffield Weds,2,2,D
Oldham,Sheffield United,1,1,D
QPR,West Ham,0,0,D
Chelsea,Coventry,1,2,A
Man United,Southampton,2,0,H
Oldham,Tottenham,0,2,A
Aston Villa,Liverpool,2,1,H
Blackburn,Ipswich,0,0,D
Chelsea,Sheffield United,3,2,H
Everton,Wimbledon,3,2,H
Newcastle,Arsenal,2,0,H
Norwich,Oldham,1,1,D
Sheffield Weds,Man City,1,1,D
Swindon,Leeds,0,5,A
Tottenham,QPR,1,2,A
West Ham,Southampton,3,3,D
Man United,Coventry,0,0,D
Arsenal,Man City,3,0,H
Chelsea,Norwich,2,0,H
Coventry,Wimbledon,1,1,D
Crystal Palace,Liverpool,1,6,A
Everton,Aston Villa,2,2,D
Ipswich,Nott'm Forest,0,1,A
Man United,QPR,2,0,H
Sheffield Weds,Tottenham,3,4,A
Southampton,Blackburn,1,1,D
West Ham,Leeds,0,0,D
Leicester,Newcastle,1,3,A
Nott'm Forest,Man United,1,1,D
Blackburn,Leicester,3,0,H
Leeds,Arsenal,1,0,H
Wimbledon,Ipswich,1,1,D
Aston Villa,Southampton,1,1,D
Man City,West Ham,3,0,H
Newcastle,Coventry,4,0,H
Norwich,Crystal Palace,0,0,D
QPR,Sheffield Weds,3,2,H
Tottenham,Everton,2,1,H
Aston Villa,Crystal Palace,1,1,D
Blackburn,Coventry,4,0,H
Leeds,Chelsea,2,3,A
Man City,Everton,4,0,H
Newcastle,Southampton,5,1,H
Norwich,West Ham,1,0,H
Nott'm Forest,Leicester,1,0,H
QPR,Ipswich,1,2,A
Tottenham,Man United,0,1,A
Wimbledon,Sheffield Weds,0,1,A
Liverpool,Arsenal,3,0,H
Coventry,Aston Villa,0,1,A
Crystal Palace,Leeds,1,2,A
Everton,Nott'm Forest,1,2,A
Ipswich,Tottenham,1,3,A
Arsenal,Blackburn,0,0,D
Chelsea,Man City,3,0,H
Leicester,QPR,1,1,D
Man United,Wimbledon,3,0,H
Sheffield Weds,Norwich,0,0,D
Southampton,Liverpool,0,2,A
West Ham,Newcastle,1,3,A
Aston Villa,Ipswich,2,0,H
Blackburn,Everton,3,0,H
Liverpool,West Ham,0,0,D
Man City,Crystal Palace,1,1,D
Newcastle,Chelsea,4,2,H
Norwich,Arsenal,0,0,D
Nott'm Forest,Sheffield Weds,4,1,H
QPR,Coventry,2,2,D
Wimbledon,Leicester,2,1,H
Leeds,Man United,2,1,H
Tottenham,Southampton,1,2,A
Coventry,Leeds,2,1,H
Crystal Palace,Wimbledon,0,0,D
Everton,QPR,2,2,D
Leicester,Tottenham,3,1,H
Man United,Liverpool,2,0,H
Sheffield Weds,Man City,1,1,D
Southampton,Nott'm Forest,1,1,D
West Ham,Aston Villa,1,0,H
Arsenal,Newcastle,2,3,A
Chelsea,Blackburn,1,2,A
Ipswich,Norwich,1,2,A
Blackburn,Aston Villa,3,1,H
Coventry,Southampton,1,3,A
Crystal Palace,Chelsea,0,1,A
Everton,Leicester,1,1,D
Ipswich,Man United,3,2,H
Man City,Norwich,2,0,H
Newcastle,Liverpool,1,1,D
QPR,Wimbledon,0,1,A
Tottenham,Nott'm Forest,1,4,A
West Ham,Arsenal,0,2,A
Sheffield Weds,Leeds,1,1,D
Arsenal,Crystal Palace,1,2,A
Aston Villa,Newcastle,0,2,A
Leeds,Man City,2,0,H
Liverpool,Sheffield Weds,4,1,H
Man United,Everton,2,0,H
Norwich,Blackburn,2,1,H
Southampton,Ipswich,3,1,H
Wimbledon,Tottenham,1,2,A
Chelsea,West Ham,1,2,A
Nott'm Forest,QPR,3,2,H
Leicester,Coventry,2,2,D
Chelsea,Leicester,4,0,H
Liverpool,Aston Villa,3,2,H
Man City,Nott'm Forest,3,3,D
Norwich,Leeds,2,1,H
Sheffield Weds,Man United,1,0,H
Southampton,Everton,2,0,H
Tottenham,QPR,1,1,D
West Ham,Crystal Palace,1,0,H
Wimbledon,Arsenal,1,3,A
Newcastle,Blackburn,1,1,D
Coventry,Ipswich,2,0,H
Arsenal,Chelsea,3,1,H
Aston Villa,Norwich,1,1,D
Blackburn,Liverpool,3,2,H
Crystal Palace,Newcastle,0,1,A
Everton,Coventry,0,2,A
Leeds,Tottenham,1,1,D
Leicester,Southampton,4,3,H
Man United,West Ham,1,0,H
QPR,Man City,1,2,A
Ipswich,Sheffield Weds,1,2,A
Nott'm Forest,Wimbledon,3,1,H
Aston Villa,Nott'm Forest,0,2,A
Crystal Palace,Everton,1,0,H
Liverpool,Wimbledon,3,0,H
Man City,Tottenham,5,2,H
Newcastle,Sheffield Weds,2,1,H
Norwich,QPR,4,2,H
West Ham,Southampton,2,0,H
Arsenal,Coventry,2,1,H
Blackburn,Man United,2,4,A
Chelsea,Ipswich,2,0,H
Leeds,Leicester,2,1,H
Coventry,Man City,1,0,H
Everton,Arsenal,1,1,D
Ipswich,Liverpool,1,3,A
Leicester,Crystal Palace,0,1,A
Man United,Newcastle,2,0,H
Nott'm Forest,Blackburn,0,2,A
QPR,Aston Villa,2,0,H
Sheffield Weds,Chelsea,1,1,D
Southampton,Leeds,1,3,A
Tottenham,West Ham,3,1,H
Wimbledon,Norwich,1,0,H
QPR,Liverpool,2,1,H
Everton,West Ham,1,0,H
Ipswich,Leeds,2,0,H
Coventry,Crystal Palace,1,4,A
Sheffield Weds,Blackburn,0,1,A
Southampton,Norwich,1,1,D
Blackburn,Tottenham,2,0,H
Crystal Palace,Ipswich,3,0,H
Leeds,Wimbledon,3,1,H
Liverpool,Nott'm Forest,1,0,H
Man City,Southampton,3,3,D
Newcastle,QPR,2,1,H
Norwich,Everton,0,0,D
West Ham,Leicester,1,0,H
Arsenal,Sheffield Weds,0,0,D
Aston Villa,Man United,1,2,A
Chelsea,Coventry,2,2,D
Nott'm Forest,Newcastle,0,0,D
Liverpool,Chelsea,3,1,H
Wimbledon,Aston Villa,4,3,H
Man United,Man City,5,0,H
Coventry,Norwich,1,0,H
Ipswich,Blackburn,1,3,A
Man United,Crystal Palace,3,0,H
Nott'm Forest,Chelsea,0,1,A
QPR,Leeds,3,2,H
Sheffield Weds,West Ham,1,0,H
Southampton,Arsenal,1,0,H
Tottenham,Aston Villa,3,4,A
Wimbledon,Newcastle,3,2,H
Leicester,Man City,0,1,A
Everton,Liverpool,2,0,H
Leicester,Arsenal,2,1,H
Tottenham,Chelsea,0,0,D
Arsenal,Man United,0,0,D
Blackburn,QPR,4,0,H
Chelsea,Everton,0,1,A
Crystal Palace,Southampton,0,0,D
Leeds,Nott'm Forest,1,0,H
Liverpool,Tottenham,1,1,D
Man City,Wimbledon,2,0,H
Newcastle,Ipswich,1,1,D
Norwich,Leicester,2,1,H
West Ham,Coventry,0,1,A
Aston Villa,Sheffield Weds,1,1,D
Coventry,Liverpool,1,1,D
Ipswich,Man City,1,2,A
Leicester,Aston Villa,1,1,D
Man United,Norwich,1,0,H
Nott'm Forest,Arsenal,2,2,D
Sheffield Weds,Crystal Palace,1,0,H
Southampton,Chelsea,0,1,A
Tottenham,Newcastle,4,2,H
Wimbledon,Blackburn,0,3,A
Everton,Leeds,3,0,H
QPR,West Ham,2,1,H
Aston Villa,Everton,0,0,D
Blackburn,Southampton,3,2,H
Leeds,West Ham,2,2,D
Newcastle,Leicester,3,1,H
Norwich,Chelsea,3,0,H
Nott'm Forest,Ipswich,4,1,H
QPR,Man United,2,3,A
Tottenham,Sheffield Weds,3,1,H
Wimbledon,Coventry,2,0,H
Liverpool,Crystal Palace,0,0,D
Man City,Arsenal,1,2,A
Ipswich,Wimbledon,2,2,D
Arsenal,Leeds,1,3,A
Coventry,Newcastle,0,0,D
Crystal Palace,Norwich,0,1,A
Everton,Tottenham,0,0,D
Leicester,Blackburn,0,0,D
Man United,Nott'm Forest,1,2,A
Sheffield Weds,QPR,0,2,A
West Ham,Man City,3,0,H
Chelsea,Liverpool,0,0,D
Southampton,Aston Villa,2,1,H
Arsenal,Aston Villa,0,0,D
Chelsea,Man United,2,3,A
Coventry,Nott'm Forest,0,0,D
Crystal Palace,QPR,0,0,D
Everton,Sheffield Weds,1,4,A
Leeds,Newcastle,0,0,D
Leicester,Liverpool,1,2,A
Man City,Blackburn,1,3,A
Norwich,Tottenham,0,2,A
Southampton,Wimbledon,2,3,A
West Ham,Ipswich,1,1,D
Nott'm Forest,Norwich,1,0,H
Tottenham,Crystal Palace,0,0,D
Aston Villa,Chelsea,3,0,H
Ipswich,Arsenal,0,2,A
Liverpool,Man City,2,0,H
Man United,Leicester,1,1,D
QPR,Southampton,2,2,D
Sheffield Weds,Coventry,5,1,H
Wimbledon,West Ham,1,0,H
Arsenal,QPR,1,3,A
Chelsea,Wimbledon,1,1,D
Coventry,Tottenham,0,4,A
Crystal Palace,Blackburn,0,1,A
Everton,Ipswich,4,1,H
Leeds,Liverpool,0,2,A
Leicester,Sheffield Weds,0,1,A
Man City,Aston Villa,2,2,D
Norwich,Newcastle,2,1,H
Southampton,Man United,2,2,D
West Ham,Nott'm Forest,3,1,H
Aston Villa,Leeds,0,0,D
Blackburn,West Ham,4,2,H
Ipswich,Leicester,4,1,H
Liverpool,Norwich,4,0,H
Newcastle,Man City,0,0,D
Nott'm Forest,Crystal Palace,1,0,H
Sheffield Weds,Southampton,1,1,D
Tottenham,Arsenal,1,0,H
Wimbledon,Everton,2,1,H
Man United,Coventry,2,0,H
Arsenal,Everton,1,1,D
Aston Villa,QPR,2,1,H
Blackburn,Nott'm Forest,3,0,H
Chelsea,Sheffield Weds,1,1,D
Crystal Palace,Leicester,2,0,H
Leeds,Southampton,0,0,D
Liverpool,Ipswich,0,1,A
Man City,Coventry,0,0,D
Norwich,Wimbledon,1,2,A
West Ham,Tottenham,1,2,A
Newcastle,Man United,1,1,D
Coventry,Arsenal,0,1,A
Everton,Crystal Palace,3,1,H
Ipswich,Chelsea,2,2,D
Nott'm Forest,Aston Villa,1,2,A
Sheffield Weds,Newcastle,0,0,D
Man United,Blackburn,1,0,H
West Ham,Sheffield Weds,0,2,A
Arsenal,Southampton,1,1,D
Leeds,QPR,4,0,H
Liverpool,Everton,0,0,D
Aston Villa,Tottenham,1,0,H
Chelsea,Nott'm Forest,0,2,A
Crystal Palace,Man United,1,1,D
Man City,Leicester,0,1,A
Newcastle,Wimbledon,2,1,H
Norwich,Coventry,2,2,D
Blackburn,Ipswich,4,1,H
Blackburn,Leeds,1,1,D
Newcastle,Everton,2,0,H
Coventry,Chelsea,2,2,D
Everton,Norwich,2,1,H
Ipswich,Crystal Palace,0,2,A
Leicester,West Ham,1,2,A
Man United,Aston Villa,1,0,H
Nott'm Forest,Liverpool,1,1,D
QPR,Newcastle,3,0,H
Sheffield Weds,Arsenal,3,1,H
Southampton,Man City,2,2,D
Wimbledon,Leeds,0,0,D
Tottenham,Blackburn,3,1,H
Arsenal,Leicester,1,1,D
Aston Villa,Wimbledon,7,1,H
Chelsea,Tottenham,1,1,D
Crystal Palace,Coventry,0,2,A
Liverpool,QPR,1,1,D
Man City,Man United,0,3,A
Newcastle,Nott'm Forest,2,1,H
Norwich,Southampton,2,2,D
Blackburn,Sheffield Weds,3,1,H
West Ham,Everton,2,2,D
Coventry,West Ham,2,0,H
Sheffield Weds,Aston Villa,1,2,A
Arsenal,Nott'm Forest,1,0,H
Aston Villa,Leicester,4,4,D
Blackburn,Wimbledon,2,1,H
Leeds,Everton,1,0,H
Man City,Ipswich,2,0,H
Norwich,Man United,0,2,A
Blackburn,Norwich,0,0,D
Coventry,Leicester,4,2,H
Crystal Palace,Arsenal,0,3,A
Everton,Man United,1,0,H
Ipswich,Southampton,2,1,H
Man City,Leeds,0,0,D
Newcastle,Aston Villa,3,1,H
Sheffield Weds,Liverpool,1,2,A
Tottenham,Wimbledon,1,2,A
West Ham,Chelsea,1,2,A
QPR,Nott'm Forest,1,1,D
Ipswich,Newcastle,0,2,A
Aston Villa,Blackburn,0,1,A
Leeds,Sheffield Weds,0,1,A
Leicester,Everton,2,2,D
Liverpool,Newcastle,2,0,H
Man United,Ipswich,9,0,H
Norwich,Man City,1,1,D
Nott'm Forest,Tottenham,2,2,D
Southampton,Coventry,0,0,D
Wimbledon,QPR,1,3,A
Arsenal,West Ham,0,1,A
Chelsea,Crystal Palace,0,0,D
Aston Villa,Coventry,0,0,D
Wimbledon,Man United,0,1,A
Blackburn,Arsenal,3,1,H
Man City,Chelsea,1,2,A
Newcastle,West Ham,2,0,H
Norwich,Sheffield Weds,0,0,D
Nott'm Forest,Everton,2,1,H
QPR,Leicester,2,0,H
Tottenham,Ipswich,3,0,H
Chelsea,Leeds,0,3,A
Coventry,Blackburn,1,1,D
Leicester,Nott'm Forest,2,4,A
Sheffield Weds,Wimbledon,0,1,A
West Ham,Norwich,2,2,D
Crystal Palace,Sheffield Weds,2,1,H
Liverpool,Coventry,2,3,A
Everton,Man City,1,1,D
Leicester,Leeds,1,3,A
Man United,Tottenham,0,0,D
QPR,Norwich,2,0,H
Southampton,West Ham,1,1,D
Aston Villa,West Ham,0,2,A
Blackburn,Chelsea,2,1,H
Leeds,Coventry,3,0,H
Man City,Sheffield Weds,3,2,H
Nott'm Forest,Southampton,3,0,H
QPR,Everton,2,3,A
Tottenham,Leicester,1,0,H
Wimbledon,Crystal Palace,2,0,H
Liverpool,Man United,2,0,H
Newcastle,Arsenal,1,0,H
Norwich,Ipswich,3,0,H
Wimbledon,Man City,2,0,H
Man United,Arsenal,3,0,H
Nott'm Forest,Leeds,3,0,H
QPR,Chelsea,1,0,H
Southampton,Newcastle,3,1,H
Tottenham,Liverpool,0,0,D
Arsenal,Norwich,5,1,H
Chelsea,Newcastle,1,1,D
Coventry,QPR,0,1,A
Crystal Palace,Man City,2,1,H
Everton,Blackburn,1,2,A
Ipswich,Aston Villa,0,1,A
Leicester,Wimbledon,3,4,A
Sheffield Weds,Nott'm Forest,1,7,A
Man United,Leeds,0,0,D
Southampton,Tottenham,4,3,H
Crystal Palace,Aston Villa,0,0,D
QPR,Blackburn,0,1,A
Leeds,Ipswich,4,0,H
Leicester,Norwich,1,0,H
Liverpool,Southampton,3,1,H
Newcastle,Norwich,3,0,H
Nott'm Forest,West Ham,1,1,D
QPR,Arsenal,3,1,H
Sheffield Weds,Leicester,1,0,H
Liverpool,Leeds,0,1,A
Wimbledon,Chelsea,1,1,D
Ipswich,QPR,0,1,A
Tottenham,Man City,2,1,H
Arsenal,Liverpool,0,1,A
Chelsea,Southampton,0,2,A
Norwich,Nott'm Forest,0,1,A
West Ham,Wimbledon,3,0,H
Crystal Palace,Tottenham,1,1,D
Everton,Newcastle,2,0,H
Man City,Liverpool,2,1,H
Arsenal,Ipswich,4,1,H
Chelsea,Aston Villa,1,0,H
Coventry,Sheffield Weds,2,0,H
Leeds,Blackburn,1,1,D
Leicester,Man United,0,4,A
Southampton,QPR,2,1,H
Aston Villa,Arsenal,0,4,A
Blackburn,Man City,2,3,A
Ipswich,West Ham,1,1,D
Liverpool,Leicester,2,0,H
Man United,Chelsea,0,0,D
Newcastle,Leeds,1,2,A
Nott'm Forest,Coventry,2,0,H
QPR,Crystal Palace,0,1,A
Sheffield Weds,Everton,0,0,D
Tottenham,Norwich,1,0,H
Wimbledon,Southampton,0,2,A
Blackburn,Crystal Palace,2,1,H
Arsenal,Tottenham,1,1,D
Chelsea,QPR,1,0,H
Crystal Palace,Nott'm Forest,1,2,A
Everton,Wimbledon,0,0,D
Leeds,Aston Villa,1,0,H
Leicester,Ipswich,2,0,H
Man City,Newcastle,0,0,D
Norwich,Liverpool,1,2,A
Southampton,Sheffield Weds,0,0,D
West Ham,Blackburn,2,0,H
Coventry,Man United,2,3,A
Wimbledon,Liverpool,0,0,D
Aston Villa,Man City,1,1,D
Everton,Chelsea,3,3,D
Newcastle,Tottenham,3,3,D
Southampton,Crystal Palace,3,1,H
West Ham,QPR,0,0,D
Arsenal,Wimbledon,0,0,D
Aston Villa,Liverpool,2,0,H
Crystal Palace,West Ham,1,0,H
Everton,Southampton,0,0,D
Ipswich,Coventry,2,0,H
Leeds,Norwich,2,1,H
Leicester,Chelsea,1,1,D
Nott'm Forest,Man City,1,0,H
QPR,Tottenham,2,1,H
Man United,Sheffield Weds,1,0,H
Blackburn,Newcastle,1,0,H
Ipswich,Everton,0,1,A
Leeds,Crystal Palace,3,1,H
Tottenham,Coventry,1,3,A
Man United,Southampton,2,1,H
West Ham,Liverpool,3,0,H
Wimbledon,Nott'm Forest,2,2,D
Chelsea,Arsenal,2,1,H
Coventry,Everton,0,0,D
Liverpool,Blackburn,2,1,H
Man City,QPR,2,3,A
Newcastle,Crystal Palace,3,2,H
Norwich,Aston Villa,1,1,D
Sheffield Weds,Ipswich,4,1,H
Southampton,Leicester,2,2,D
Tottenham,Leeds,1,1,D
West Ham,Man United,1,1,D
Aston Villa,Man United,3,1,H
Blackburn,QPR,1,0,H
Chelsea,Everton,0,0,D
Liverpool,Sheffield Weds,1,0,H
Man City,Tottenham,1,1,D
Newcastle,Coventry,3,0,H
Southampton,Nott'm Forest,3,4,A
West Ham,Leeds,1,2,A
Wimbledon,Bolton,3,2,H
Arsenal,Middlesbrough,1,1,D
Leeds,Liverpool,1,0,H
Bolton,Newcastle,1,3,A
Coventry,Man City,2,1,H
Everton,Arsenal,0,2,A
Man United,West Ham,2,1,H
Nott'm Forest,Chelsea,0,0,D
QPR,Wimbledon,0,3,A
Sheffield Weds,Blackburn,2,1,H
Tottenham,Aston Villa,0,1,A
Bolton,Blackburn,2,1,H
Coventry,Arsenal,0,0,D
Everton,Southampton,2,0,H
Leeds,Aston Villa,2,0,H
Man United,Wimbledon,3,1,H
Middlesbrough,Chelsea,2,0,H
Nott'm Forest,West Ham,1,1,D
QPR,Man City,1,0,H
Tottenham,Liverpool,1,3,A
Sheffield Weds,Newcastle,0,2,A
Blackburn,Man United,1,2,A
Arsenal,Nott'm Forest,1,1,D
Aston Villa,Bolton,1,0,H
Chelsea,Coventry,2,2,D
Liverpool,QPR,1,0,H
Man City,Everton,0,2,A
Newcastle,Middlesbrough,1,0,H
Southampton,Leeds,1,1,D
West Ham,Tottenham,1,1,D
Wimbledon,Sheffield Weds,2,2,D
Blackburn,Aston Villa,1,1,D
Bolton,Middlesbrough,1,1,D
Coventry,Nott'm Forest,1,1,D
Everton,Man United,2,3,A
QPR,Sheffield Weds,0,3,A
Southampton,Newcastle,1,0,H
Tottenham,Leeds,2,1,H
Wimbledon,Liverpool,1,0,H
Man City,Arsenal,0,1,A
West Ham,Chelsea,1,3,A
Middlesbrough,Southampton,0,0,D
Arsenal,West Ham,1,0,H
Aston Villa,Wimbledon,2,0,H
Chelsea,Southampton,3,0,H
Leeds,QPR,1,3,A
Liverpool,Blackburn,3,0,H
Man United,Bolton,3,0,H
Middlesbrough,Coventry,2,1,H
Newcastle,Man City,3,1,H
Sheffield Weds,Tottenham,1,3,A
Nott'm Forest,Everton,3,2,H
Arsenal,Southampton,4,2,H
Aston Villa,Nott'm Forest,1,1,D
Blackburn,Coventry,5,1,H
Liverpool,Bolton,5,2,H
Man City,Middlesbrough,0,1,A
Sheffield Weds,Man United,0,0,D
West Ham,Everton,2,1,H
Wimbledon,Leeds,2,4,A
Newcastle,Chelsea,2,0,H
QPR,Tottenham,2,3,A
Bolton,QPR,0,1,A
Chelsea,Arsenal,1,0,H
Coventry,Aston Villa,0,3,A
Leeds,Sheffield Weds,2,0,H
Middlesbrough,Blackburn,2,0,H
Nott'm Forest,Man City,3,0,H
Tottenham,Wimbledon,3,1,H
Everton,Newcastle,1,3,A
Man United,Liverpool,2,2,D
Southampton,West Ham,0,0,D
Aston Villa,Chelsea,0,1,A
Blackburn,Southampton,2,1,H
Bolton,Everton,1,1,D
Leeds,Arsenal,0,3,A
Liverpool,Coventry,0,0,D
Man United,Man City,1,0,H
QPR,Newcastle,2,3,A
Tottenham,Nott'm Forest,0,1,A
Sheffield Weds,Middlesbrough,0,1,A
Wimbledon,West Ham,0,1,A
Arsenal,Aston Villa,2,0,H
Chelsea,Man United,1,4,A
Coventry,Sheffield Weds,0,1,A
Man City,Leeds,0,0,D
Middlesbrough,QPR,1,0,H
Newcastle,Wimbledon,6,1,H
Nott'm Forest,Bolton,3,2,H
West Ham,Blackburn,1,1,D
Everton,Tottenham,1,1,D
Southampton,Liverpool,1,3,A
Aston Villa,Everton,1,0,H
Blackburn,Chelsea,3,0,H
Leeds,Coventry,3,1,H
Liverpool,Man City,6,0,H
Man United,Middlesbrough,2,0,H
QPR,Nott'm Forest,1,1,D
Sheffield Weds,West Ham,0,1,A
Wimbledon,Southampton,1,2,A
Tottenham,Newcastle,1,1,D
Bolton,Arsenal,1,0,H
Arsenal,Man United,1,0,H
Chelsea,Sheffield Weds,0,0,D
Coventry,Tottenham,2,3,A
Man City,Bolton,1,0,H
Middlesbrough,Leeds,1,1,D
Newcastle,Liverpool,2,1,H
Southampton,QPR,2,0,H
West Ham,Aston Villa,1,4,A
Everton,Blackburn,1,0,H
Nott'm Forest,Wimbledon,4,1,H
Newcastle,Blackburn,1,0,H
Aston Villa,Newcastle,1,1,D
Blackburn,Nott'm Forest,7,0,H
Bolton,West Ham,0,3,A
Leeds,Chelsea,1,0,H
Liverpool,Everton,1,2,A
Man United,Southampton,4,1,H
Sheffield Weds,Man City,1,1,D
Tottenham,Arsenal,2,1,H
Wimbledon,Middlesbrough,0,0,D
QPR,Coventry,1,1,D
Southampton,Aston Villa,0,1,A
Arsenal,Sheffield Weds,4,2,H
Middlesbrough,Tottenham,0,1,A
Chelsea,Bolton,3,2,H
Coventry,Man United,0,4,A
Everton,QPR,2,0,H
Man City,Wimbledon,1,0,H
West Ham,Liverpool,0,0,D
Chelsea,Tottenham,0,0,D
Coventry,Wimbledon,3,3,D
Everton,Sheffield Weds,2,2,D
Man City,Aston Villa,1,0,H
Middlesbrough,Liverpool,2,1,H
Newcastle,Leeds,2,1,H
Southampton,Bolton,1,0,H
West Ham,QPR,1,0,H
Arsenal,Blackburn,0,0,D
Nott'm Forest,Man United,1,1,D
Aston Villa,Arsenal,1,1,D
Blackburn,West Ham,4,2,H
Bolton,Nott'm Forest,1,1,D
Leeds,Man City,0,1,A
Liverpool,Southampton,1,1,D
Man United,Chelsea,1,1,D
QPR,Middlesbrough,1,1,D
Tottenham,Everton,0,0,D
Wimbledon,Newcastle,3,3,D
Sheffield Weds,Coventry,4,3,H
Bolton,Liverpool,0,1,A
Chelsea,Newcastle,1,0,H
Coventry,Blackburn,5,0,H
Leeds,Wimbledon,1,1,D
Man United,Sheffield Weds,2,2,D
Middlesbrough,Man City,4,1,H
Southampton,Arsenal,0,0,D
Tottenham,QPR,1,0,H
Nott'm Forest,Aston Villa,1,1,D
Everton,West Ham,3,0,H
Arsenal,Chelsea,1,1,D
Aston Villa,Coventry,4,1,H
Blackburn,Middlesbrough,1,0,H
Newcastle,Everton,1,0,H
QPR,Bolton,2,1,H
Sheffield Weds,Leeds,6,2,H
West Ham,Southampton,2,1,H
Wimbledon,Tottenham,0,1,A
Liverpool,Man United,2,0,H
Man City,Nott'm Forest,1,1,D
Coventry,Everton,2,1,H
Liverpool,Arsenal,3,1,H
Man City,Chelsea,0,1,A
Middlesbrough,West Ham,4,2,H
Newcastle,Nott'm Forest,3,1,H
QPR,Aston Villa,1,0,H
Sheffield Weds,Southampton,2,2,D
Tottenham,Bolton,2,2,D
Wimbledon,Blackburn,1,1,D
Leeds,Man United,3,1,H
Arsenal,QPR,3,0,H
Blackburn,Man City,2,0,H
Chelsea,Wimbledon,1,2,A
Everton,Middlesbrough,4,0,H
Nott'm Forest,Sheffield Weds,1,0,H
Southampton,Tottenham,0,0,D
Bolton,Leeds,0,2,A
Man United,Newcastle,2,0,H
Arsenal,Wimbledon,1,3,A
Blackburn,Tottenham,2,1,H
Bolton,Coventry,1,2,A
Chelsea,Liverpool,2,2,D
Everton,Leeds,2,0,H
Man United,QPR,2,1,H
Nott'm Forest,Middlesbrough,1,0,H
Coventry,Southampton,1,1,D
Leeds,Blackburn,0,0,D
Liverpool,Nott'm Forest,4,2,H
Man City,West Ham,2,1,H
Middlesbrough,Aston Villa,0,2,A
Sheffield Weds,Bolton,4,2,H
Tottenham,Man United,4,1,H
Wimbledon,Everton,2,3,A
Newcastle,Arsenal,2,0,H
QPR,Chelsea,1,2,A
Bolton,Wimbledon,1,0,H
Everton,Chelsea,1,1,D
Leeds,West Ham,2,0,H
Man United,Aston Villa,0,0,D
Middlesbrough,Arsenal,2,3,A
Nott'm Forest,Southampton,1,0,H
QPR,Blackburn,0,1,A
Sheffield Weds,Liverpool,1,1,D
Tottenham,Man City,1,0,H
Coventry,Newcastle,0,1,A
Arsenal,Everton,1,2,A
Blackburn,Sheffield Weds,3,0,H
Chelsea,Nott'm Forest,1,0,H
Liverpool,Leeds,5,0,H
Man City,Coventry,1,1,D
Newcastle,Bolton,2,1,H
Southampton,Middlesbrough,2,1,H
Wimbledon,QPR,2,1,H
Aston Villa,Tottenham,2,1,H
West Ham,Man United,0,1,A
Aston Villa,Liverpool,0,2,A
Nott'm Forest,Leeds,2,1,H
Southampton,Man City,1,1,D
West Ham,Coventry,3,2,H
Arsenal,Coventry,1,1,D
Aston Villa,Leeds,3,0,H
Blackburn,Bolton,3,1,H
Liverpool,Tottenham,0,0,D
Man City,QPR,2,0,H
Newcastle,Sheffield Weds,2,0,H
Southampton,Everton,2,2,D
West Ham,Nott'm Forest,1,0,H
Wimbledon,Man United,2,4,A
Chelsea,Middlesbrough,5,0,H
Bolton,Aston Villa,0,2,A
Coventry,Chelsea,1,0,H
Everton,Man City,2,0,H
Man United,Blackburn,1,0,H
Middlesbrough,Newcastle,1,2,A
Nott'm Forest,Arsenal,0,1,A
Sheffield Weds,Wimbledon,2,1,H
QPR,Liverpool,1,2,A
Tottenham,West Ham,0,1,A
Chelsea,West Ham,1,2,A
Middlesbrough,Bolton,1,4,A
Sheffield Weds,QPR,1,3,A
Man United,Everton,2,0,H
West Ham,Newcastle,2,0,H
Blackburn,Liverpool,2,3,A
Coventry,Middlesbrough,0,0,D
Everton,Nott'm Forest,3,0,H
Man City,Newcastle,3,3,D
Southampton,Chelsea,2,3,A
Tottenham,Sheffield Weds,1,0,H
West Ham,Arsenal,0,1,A
Wimbledon,Aston Villa,3,3,D
Bolton,Man United,0,6,A
Aston Villa,Blackburn,2,0,H
Coventry,West Ham,2,2,D
Leeds,Bolton,0,1,A
Man City,Blackburn,1,1,D
Middlesbrough,Everton,0,2,A
QPR,Arsenal,1,1,D
Sheffield Weds,Nott'm Forest,1,3,A
Tottenham,Southampton,1,0,H
Wimbledon,Chelsea,1,1,D
Liverpool,Aston Villa,3,0,H
Newcastle,Man United,0,1,A
Arsenal,Man City,3,1,H
Aston Villa,Sheffield Weds,3,2,H
QPR,Leeds,1,2,A
Aston Villa,QPR,4,2,H
Everton,Coventry,2,2,D
West Ham,Middlesbrough,2,0,H
Chelsea,Man City,1,1,D
Blackburn,Leeds,1,0,H
Liverpool,Wimbledon,2,2,D
Coventry,Bolton,0,2,A
Liverpool,Chelsea,2,0,H
Man City,Southampton,2,1,H
Middlesbrough,Nott'm Forest,1,1,D
QPR,Man United,1,1,D
Sheffield Weds,Aston Villa,2,0,H
Tottenham,Blackburn,2,3,A
Wimbledon,Arsenal,0,3,A
Leeds,Everton,2,2,D
Newcastle,West Ham,3,0,H
Aston Villa,Middlesbrough,0,0,D
Bolton,Tottenham,2,3,A
Man United,Arsenal,1,0,H
Southampton,Sheffield Weds,0,1,A
Arsenal,Newcastle,2,0,H
Bolton,Sheffield Weds,2,1,H
Chelsea,QPR,1,1,D
Everton,Wimbledon,2,4,A
Nott'm Forest,Liverpool,1,0,H
West Ham,Man City,4,2,H
Man United,Tottenham,1,0,H
Southampton,Coventry,1,0,H
Blackburn,Everton,0,3,A
Bolton,Man City,1,1,D
Leeds,Middlesbrough,0,1,A
QPR,Southampton,3,0,H
Tottenham,Coventry,3,1,H
Wimbledon,Nott'm Forest,1,0,H
Leeds,Southampton,1,0,H
Liverpool,Newcastle,4,3,H
Middlesbrough,Sheffield Weds,3,1,H
Arsenal,Leeds,2,1,H
Chelsea,Aston Villa,1,2,A
Coventry,Liverpool,1,0,H
Everton,Bolton,3,0,H
Man City,Man United,2,3,A
Newcastle,QPR,2,1,H
Nott'm Forest,Tottenham,2,1,H
Southampton,Blackburn,1,0,H
West Ham,Wimbledon,1,1,D
Aston Villa,Southampton,3,0,H
Blackburn,Newcastle,2,1,H
Bolton,Chelsea,2,1,H
Leeds,Nott'm Forest,1,3,A
Liverpool,West Ham,2,0,H
Man United,Coventry,1,0,H
QPR,Everton,3,1,H
Sheffield Weds,Arsenal,1,0,H
Tottenham,Middlesbrough,1,1,D
Wimbledon,Man City,3,0,H
Chelsea,Leeds,4,1,H
Coventry,QPR,1,0,H
Man City,Sheffield Weds,1,0,H
Middlesbrough,Wimbledon,1,2,A
Nott'm Forest,Blackburn,1,5,A
Southampton,Man United,3,1,H
West Ham,Bolton,1,0,H
Newcastle,Aston Villa,1,0,H
Arsenal,Tottenham,0,0,D
Everton,Liverpool,1,1,D
Aston Villa,West Ham,1,1,D
Blackburn,Wimbledon,3,2,H
Man United,Leeds,1,0,H
Newcastle,Southampton,1,0,H
Nott'm Forest,Coventry,0,0,D
Sheffield Weds,Chelsea,0,0,D
Aston Villa,Man City,0,1,A
Blackburn,Arsenal,1,1,D
Bolton,Southampton,0,1,A
Liverpool,Middlesbrough,1,0,H
QPR,West Ham,3,0,H
Sheffield Weds,Everton,2,5,A
Tottenham,Chelsea,1,1,D
Wimbledon,Coventry,0,2,A
Man United,Nott'm Forest,5,0,H
Leeds,Newcastle,0,1,A
Arsenal,Liverpool,0,0,D
Leeds,Tottenham,1,3,A
Nott'm Forest,Newcastle,1,1,D
Arsenal,Bolton,2,1,H
Chelsea,Blackburn,2,3,A
Coventry,Leeds,0,0,D
Everton,Aston Villa,1,0,H
Man City,Liverpool,2,2,D
Middlesbrough,Man United,0,3,A
Newcastle,Tottenham,1,1,D
Nott'm Forest,QPR,3,0,H
Southampton,Wimbledon,0,0,D
West Ham,Sheffield Weds,1,1,D
Arsenal,West Ham,2,0,H
Blackburn,Tottenham,0,2,A
Coventry,Nott'm Forest,0,3,A
Derby,Leeds,3,3,D
Everton,Newcastle,2,0,H
Middlesbrough,Liverpool,3,3,D
Sheffield Weds,Aston Villa,2,1,H
Sunderland,Leicester,0,0,D
Wimbledon,Man United,0,3,A
Southampton,Chelsea,0,0,D
Liverpool,Arsenal,2,0,H
Leeds,Sheffield Weds,0,2,A
Aston Villa,Blackburn,1,0,H
Chelsea,Middlesbrough,1,0,H
Leicester,Southampton,2,1,H
Man United,Everton,2,2,D
Newcastle,Wimbledon,2,0,H
Nott'm Forest,Sunderland,1,4,A
Tottenham,Derby,1,1,D
West Ham,Coventry,1,1,D
Aston Villa,Derby,2,0,H
Chelsea,Coventry,2,0,H
Leicester,Arsenal,0,2,A
Liverpool,Sunderland,0,0,D
Newcastle,Sheffield Weds,1,2,A
Nott'm Forest,Middlesbrough,1,1,D
Tottenham,Everton,0,0,D
West Ham,Southampton,2,1,H
Man United,Blackburn,2,2,D
Leeds,Wimbledon,1,0,H
Sheffield Weds,Leicester,2,1,H
Arsenal,Chelsea,3,3,D
Blackburn,Leeds,0,1,A
Coventry,Liverpool,0,1,A
Derby,Man United,1,1,D
Everton,Aston Villa,0,1,A
Middlesbrough,West Ham,4,1,H
Southampton,Nott'm Forest,2,2,D
Sunderland,Newcastle,1,2,A
Wimbledon,Tottenham,1,0,H
Aston Villa,Arsenal,2,2,D
Leeds,Man United,0,4,A
Liverpool,Southampton,2,1,H
Middlesbrough,Coventry,4,0,H
Nott'm Forest,Leicester,0,0,D
Sheffield Weds,Chelsea,0,2,A
Tottenham,Newcastle,1,2,A
Wimbledon,Everton,4,0,H
Sunderland,West Ham,0,0,D
Blackburn,Derby,1,2,A
Coventry,Leeds,2,1,H
Derby,Sunderland,1,0,H
Everton,Middlesbrough,1,2,A
Man United,Nott'm Forest,4,1,H
Newcastle,Blackburn,2,1,H
Southampton,Tottenham,0,1,A
West Ham,Wimbledon,0,2,A
Chelsea,Aston Villa,1,1,D
Leicester,Liverpool,0,3,A
Arsenal,Sheffield Weds,4,1,H
Aston Villa,Man United,0,0,D
Blackburn,Everton,1,1,D
Leeds,Newcastle,0,1,A
Liverpool,Chelsea,5,1,H
Middlesbrough,Arsenal,0,2,A
Nott'm Forest,West Ham,0,2,A
Sheffield Weds,Derby,0,0,D
Sunderland,Coventry,1,0,H
Tottenham,Leicester,1,2,A
Wimbledon,Southampton,3,1,H
Arsenal,Sunderland,2,0,H
Chelsea,Nott'm Forest,1,1,D
Coventry,Blackburn,0,0,D
Derby,Wimbledon,0,2,A
Everton,Sheffield Weds,2,0,H
Leicester,Leeds,1,0,H
Southampton,Middlesbrough,4,0,H
Man United,Tottenham,2,0,H
West Ham,Liverpool,1,2,A
Newcastle,Aston Villa,4,3,H
Blackburn,Arsenal,0,2,A
Derby,Newcastle,0,1,A
Everton,West Ham,2,1,H
Leeds,Nott'm Forest,2,0,H
Leicester,Chelsea,1,3,A
Man United,Liverpool,1,0,H
Tottenham,Aston Villa,1,0,H
Wimbledon,Sheffield Weds,4,2,H
Coventry,Southampton,1,1,D
Sunderland,Middlesbrough,2,2,D
Arsenal,Coventry,0,0,D
Aston Villa,Leeds,2,0,H
Chelsea,Wimbledon,2,4,A
Middlesbrough,Tottenham,0,3,A
Nott'm Forest,Derby,1,1,D
Sheffield Weds,Blackburn,1,1,D
Southampton,Sunderland,3,0,H
West Ham,Leicester,1,0,H
Newcastle,Man United,5,0,H
Arsenal,Leeds,3,0,H
Chelsea,Tottenham,3,1,H
Coventry,Sheffield Weds,0,0,D
Leicester,Newcastle,2,0,H
Middlesbrough,Wimbledon,0,0,D
Southampton,Man United,6,3,H
Sunderland,Aston Villa,1,0,H
West Ham,Blackburn,2,1,H
Liverpool,Derby,2,1,H
Nott'm Forest,Everton,0,1,A
Aston Villa,Nott'm Forest,2,0,H
Derby,Leicester,2,0,H
Leeds,Sunderland,3,0,H
Man United,Chelsea,1,2,A
Sheffield Weds,Southampton,1,1,D
Tottenham,West Ham,1,0,H
Wimbledon,Arsenal,2,2,D
Blackburn,Liverpool,3,0,H
Newcastle,Middlesbrough,3,1,H
Everton,Coventry,1,1,D
Aston Villa,Leicester,1,3,A
Blackburn,Chelsea,1,1,D
Everton,Southampton,7,1,H
Leeds,Liverpool,0,2,A
Man United,Arsenal,1,0,H
Newcastle,West Ham,1,1,D
Tottenham,Sunderland,2,0,H
Wimbledon,Coventry,2,2,D
Derby,Middlesbrough,2,1,H
Sheffield Weds,Nott'm Forest,2,0,H
Liverpool,Everton,1,1,D
Chelsea,Newcastle,1,1,D
Coventry,Aston Villa,1,2,A
Leicester,Everton,1,2,A
Liverpool,Wimbledon,1,1,D
Middlesbrough,Man United,2,2,D
Southampton,Leeds,0,2,A
Sunderland,Sheffield Weds,1,1,D
West Ham,Derby,1,1,D
Arsenal,Tottenham,3,1,H
Nott'm Forest,Blackburn,2,2,D
Aston Villa,Middlesbrough,1,0,H
Blackburn,Southampton,2,1,H
Derby,Coventry,2,1,H
Everton,Sunderland,1,3,A
Man United,Leicester,3,1,H
Newcastle,Arsenal,1,2,A
Sheffield Weds,West Ham,0,0,D
Wimbledon,Nott'm Forest,1,0,H
Leeds,Chelsea,2,0,H
Tottenham,Liverpool,0,2,A
Middlesbrough,Leicester,0,2,A
Arsenal,Southampton,3,1,H
West Ham,Aston Villa,0,2,A
Arsenal,Derby,2,2,D
Chelsea,Everton,2,2,D
Coventry,Tottenham,1,2,A
Leicester,Blackburn,1,1,D
Liverpool,Sheffield Weds,0,1,A
Middlesbrough,Leeds,0,0,D
Southampton,Aston Villa,0,1,A
Sunderland,Wimbledon,1,3,A
West Ham,Man United,2,2,D
Nott'm Forest,Newcastle,0,0,D
Leeds,Tottenham,0,0,D
Liverpool,Middlesbrough,5,1,H
Wimbledon,Blackburn,1,0,H
Sunderland,Chelsea,3,0,H
Derby,Everton,0,1,A
Coventry,Newcastle,2,1,H
Liverpool,Nott'm Forest,4,2,H
Sheffield Weds,Man United,1,1,D
Chelsea,West Ham,3,1,H
Everton,Leeds,0,0,D
Leicester,Coventry,0,2,A
Man United,Sunderland,5,0,H
Nott'm Forest,Arsenal,2,1,H
Southampton,Derby,3,1,H
Tottenham,Sheffield Weds,1,1,D
Aston Villa,Wimbledon,5,0,H
Newcastle,Liverpool,1,1,D
Aston Villa,Chelsea,0,2,A
Blackburn,Newcastle,1,0,H
Leeds,Coventry,1,3,A
Liverpool,Leicester,1,1,D
Middlesbrough,Everton,4,2,H
Nott'm Forest,Man United,0,4,A
Sheffield Weds,Arsenal,0,0,D
Sunderland,Derby,2,0,H
Tottenham,Southampton,3,1,H
Arsenal,Aston Villa,2,2,D
Chelsea,Sheffield Weds,2,2,D
Coventry,Middlesbrough,3,0,H
Derby,Blackburn,0,0,D
Everton,Wimbledon,1,3,A
Leicester,Nott'm Forest,2,2,D
Man United,Leeds,1,0,H
Newcastle,Tottenham,7,1,H
West Ham,Sunderland,2,0,H
Southampton,Liverpool,0,1,A
Arsenal,Middlesbrough,2,0,H
Chelsea,Liverpool,1,0,H
Coventry,Sunderland,2,2,D
Everton,Blackburn,0,2,A
Man United,Aston Villa,0,0,D
Newcastle,Leeds,3,0,H
West Ham,Nott'm Forest,0,1,A
Aston Villa,Newcastle,2,2,D
Blackburn,Coventry,4,0,H
Leeds,Leicester,3,0,H
Liverpool,West Ham,0,0,D
Middlesbrough,Southampton,0,1,A
Nott'm Forest,Chelsea,2,0,H
Sheffield Weds,Everton,2,1,H
Sunderland,Arsenal,1,0,H
Wimbledon,Derby,1,1,D
Tottenham,Man United,1,2,A
Chelsea,Derby,3,1,H
Coventry,Man United,0,2,A
Leicester,Wimbledon,1,0,H
Liverpool,Aston Villa,3,0,H
Middlesbrough,Sheffield Weds,4,2,H
Southampton,Newcastle,2,2,D
Sunderland,Blackburn,0,0,D
Arsenal,Everton,3,1,H
Nott'm Forest,Tottenham,2,1,H
West Ham,Leeds,0,2,A
Aston Villa,Sheffield Weds,0,1,A
Leeds,Derby,0,0,D
Leicester,Sunderland,1,1,D
Man United,Wimbledon,2,1,H
Newcastle,Everton,4,1,H
Nott'm Forest,Coventry,0,1,A
Tottenham,Blackburn,2,1,H
West Ham,Arsenal,1,2,A
Aston Villa,Sunderland,1,0,H
Blackburn,West Ham,2,1,H
Derby,Liverpool,0,1,A
Everton,Nott'm Forest,2,0,H
Leeds,Arsenal,0,0,D
Man United,Southampton,2,1,H
Sheffield Weds,Coventry,0,0,D
Tottenham,Chelsea,1,2,A
Wimbledon,Middlesbrough,1,1,D
Newcastle,Leicester,4,3,H
Derby,West Ham,1,0,H
Tottenham,Arsenal,0,0,D
Arsenal,Man United,1,2,A
Aston Villa,Coventry,2,1,H
Derby,Sheffield Weds,2,2,D
Liverpool,Leeds,4,0,H
Chelsea,Man United,1,1,D
Coventry,Everton,0,0,D
Leicester,Derby,4,2,H
Liverpool,Blackburn,0,0,D
Middlesbrough,Newcastle,0,1,A
Nott'm Forest,Aston Villa,0,0,D
Southampton,Sheffield Weds,2,3,A
Sunderland,Leeds,0,1,A
Arsenal,Wimbledon,0,1,A
West Ham,Tottenham,4,3,H
Southampton,Wimbledon,0,0,D
Blackburn,Sunderland,1,0,H
Derby,Chelsea,3,2,H
Everton,Arsenal,0,2,A
Leeds,West Ham,1,0,H
Man United,Coventry,3,1,H
Newcastle,Southampton,0,1,A
Sheffield Weds,Middlesbrough,3,1,H
Tottenham,Nott'm Forest,0,1,A
Wimbledon,Leicester,1,3,A
Aston Villa,Liverpool,1,0,H
Coventry,Wimbledon,1,1,D
Sunderland,Tottenham,0,4,A
Chelsea,Blackburn,1,1,D
Leicester,Aston Villa,1,0,H
Middlesbrough,Derby,6,1,H
Nott'm Forest,Sheffield Weds,0,3,A
Southampton,Everton,2,2,D
Arsenal,Nott'm Forest,2,0,H
Coventry,Leicester,0,0,D
Leeds,Everton,1,0,H
Sunderland,Man United,2,1,H
Liverpool,Newcastle,4,3,H
Blackburn,Nott'm Forest,1,1,D
Leeds,Southampton,0,0,D
Sheffield Weds,Sunderland,2,1,H
West Ham,Chelsea,3,2,H
Aston Villa,West Ham,0,0,D
Blackburn,Wimbledon,3,1,H
Everton,Derby,1,0,H
Leicester,Middlesbrough,1,3,A
Man United,Sheffield Weds,2,0,H
Newcastle,Coventry,4,0,H
Nott'm Forest,Liverpool,1,1,D
Southampton,Arsenal,0,2,A
Tottenham,Leeds,1,0,H
Chelsea,Sunderland,6,2,H
Wimbledon,West Ham,1,1,D
Chelsea,Southampton,1,0,H
Leicester,Tottenham,1,1,D
Middlesbrough,Blackburn,2,1,H
Blackburn,Aston Villa,0,2,A
Coventry,West Ham,1,3,A
Derby,Tottenham,4,2,H
Everton,Man United,0,2,A
Middlesbrough,Chelsea,1,0,H
Sheffield Weds,Leeds,2,2,D
Southampton,Leicester,2,2,D
Sunderland,Nott'm Forest,1,1,D
Wimbledon,Newcastle,1,1,D
Arsenal,Liverpool,1,2,A
Middlesbrough,Nott'm Forest,1,1,D
Aston Villa,Everton,3,1,H
Chelsea,Arsenal,0,3,A
Man United,Derby,2,3,A
Newcastle,Sunderland,1,1,D
Nott'm Forest,Southampton,1,3,A
Tottenham,Wimbledon,1,0,H
Liverpool,Coventry,1,2,A
Leeds,Blackburn,0,0,D
Coventry,Chelsea,3,1,H
Derby,Southampton,1,1,D
Everton,Leicester,1,1,D
Sheffield Weds,Tottenham,2,1,H
West Ham,Middlesbrough,0,0,D
Wimbledon,Aston Villa,0,2,A
Arsenal,Leicester,2,0,H
Blackburn,Man United,2,3,A
Derby,Aston Villa,2,1,H
Everton,Tottenham,1,0,H
Southampton,West Ham,2,0,H
Sheffield Weds,Newcastle,1,1,D
Sunderland,Liverpool,1,2,A
Everton,Liverpool,1,1,D
Newcastle,Chelsea,3,1,H
Wimbledon,Leeds,2,0,H
Arsenal,Blackburn,1,1,D
Aston Villa,Tottenham,1,1,D
Chelsea,Leicester,2,1,H
Liverpool,Man United,1,3,A
Middlesbrough,Sunderland,0,1,A
Newcastle,Derby,3,1,H
Nott'm Forest,Leeds,1,1,D
Sheffield Weds,Wimbledon,3,1,H
Southampton,Coventry,2,2,D
West Ham,Everton,2,2,D
Coventry,Arsenal,1,1,D
Blackburn,Sheffield Weds,4,1,H
Leeds,Aston Villa,0,0,D
Sunderland,Southampton,0,1,A
Wimbledon,Chelsea,0,1,A
Derby,Nott'm Forest,0,0,D
Leicester,West Ham,0,1,A
Tottenham,Middlesbrough,1,0,H
Arsenal,Newcastle,0,1,A
Chelsea,Leeds,0,0,D
Coventry,Derby,1,2,A
Leicester,Man United,2,2,D
Liverpool,Tottenham,2,1,H
Middlesbrough,Aston Villa,3,2,H
Nott'm Forest,Wimbledon,1,1,D
Southampton,Blackburn,2,0,H
Sunderland,Everton,3,0,H
West Ham,Sheffield Weds,5,1,H
Man United,Middlesbrough,3,3,D
West Ham,Newcastle,0,0,D
Wimbledon,Liverpool,2,1,H
Leicester,Sheffield Weds,1,0,H
Blackburn,Middlesbrough,0,0,D
Man United,Newcastle,0,0,D
Aston Villa,Southampton,1,0,H
Blackburn,Leicester,2,4,A
Derby,Arsenal,1,3,A
Everton,Chelsea,1,2,A
Leeds,Middlesbrough,1,1,D
Man United,West Ham,2,0,H
Newcastle,Nott'm Forest,5,0,H
Sheffield Weds,Liverpool,1,1,D
Tottenham,Coventry,1,2,A
Wimbledon,Sunderland,1,0,H
Barnsley,West Ham,1,2,A
Blackburn,Derby,1,0,H
Coventry,Chelsea,3,2,H
Everton,Crystal Palace,1,2,A
Leeds,Arsenal,1,1,D
Leicester,Aston Villa,1,0,H
Newcastle,Sheffield Weds,2,1,H
Southampton,Bolton,0,1,A
Wimbledon,Liverpool,1,1,D
Tottenham,Man United,0,2,A
Arsenal,Coventry,2,0,H
Crystal Palace,Barnsley,0,1,A
Aston Villa,Blackburn,0,4,A
Liverpool,Leicester,1,2,A
Man United,Southampton,1,0,H
Sheffield Weds,Leeds,1,3,A
West Ham,Tottenham,2,1,H
Blackburn,Liverpool,1,1,D
Coventry,Bolton,2,2,D
Everton,West Ham,2,1,H
Leeds,Crystal Palace,0,2,A
Leicester,Man United,0,0,D
Newcastle,Aston Villa,1,0,H
Southampton,Arsenal,1,3,A
Tottenham,Derby,1,0,H
Wimbledon,Sheffield Weds,1,1,D
Barnsley,Chelsea,0,6,A
Blackburn,Sheffield Weds,7,2,H
Leeds,Liverpool,0,2,A
Barnsley,Bolton,2,1,H
Coventry,West Ham,1,1,D
Everton,Man United,0,2,A
Leicester,Arsenal,3,3,D
Southampton,Crystal Palace,1,0,H
Tottenham,Aston Villa,3,2,H
Wimbledon,Chelsea,0,2,A
Arsenal,Tottenham,0,0,D
Aston Villa,Leeds,1,0,H
Chelsea,Southampton,4,2,H
Crystal Palace,Blackburn,1,2,A
Derby,Barnsley,1,0,H
Man United,Coventry,3,0,H
Sheffield Weds,Leicester,1,0,H
West Ham,Wimbledon,3,1,H
Bolton,Everton,0,0,D
Arsenal,Bolton,4,1,H
Barnsley,Aston Villa,0,3,A
Coventry,Southampton,1,0,H
Crystal Palace,Chelsea,0,3,A
Derby,Everton,3,1,H
Leicester,Tottenham,3,0,H
Liverpool,Sheffield Weds,2,1,H
Man United,West Ham,2,1,H
Newcastle,Wimbledon,1,3,A
Blackburn,Leeds,3,4,A
Aston Villa,Derby,2,1,H
Bolton,Man United,0,0,D
Everton,Barnsley,4,2,H
Leeds,Leicester,0,1,A
Sheffield Weds,Coventry,0,0,D
Southampton,Liverpool,1,1,D
Tottenham,Blackburn,0,0,D
West Ham,Newcastle,0,1,A
Wimbledon,Crystal Palace,0,1,A
Chelsea,Arsenal,2,3,A
Liverpool,Aston Villa,3,0,H
Bolton,Tottenham,1,1,D
Wimbledon,Barnsley,4,1,H
Arsenal,West Ham,4,0,H
Coventry,Crystal Palace,1,1,D
Leicester,Blackburn,1,1,D
Man United,Chelsea,2,2,D
Newcastle,Everton,1,0,H
Sheffield Weds,Derby,2,5,A
Southampton,Leeds,0,2,A
Aston Villa,Sheffield Weds,2,2,D
Barnsley,Leicester,0,2,A
Chelsea,Newcastle,1,0,H
Crystal Palace,Bolton,2,2,D
Derby,Southampton,4,0,H
Everton,Arsenal,2,2,D
Leeds,Man United,1,0,H
Tottenham,Wimbledon,0,0,D
West Ham,Liverpool,2,1,H
Blackburn,Coventry,0,0,D
Arsenal,Barnsley,5,0,H
Bolton,Aston Villa,0,1,A
Coventry,Leeds,0,0,D
Man United,Crystal Palace,2,0,H
Newcastle,Tottenham,1,0,H
Sheffield Weds,Everton,3,1,H
Southampton,West Ham,3,0,H
Wimbledon,Blackburn,0,1,A
Liverpool,Chelsea,4,2,H
Leicester,Derby,1,2,A
Aston Villa,Wimbledon,1,2,A
Blackburn,Southampton,1,0,H
Chelsea,Leicester,1,0,H
Crystal Palace,Arsenal,0,0,D
Derby,Man United,2,2,D
Everton,Liverpool,2,0,H
Leeds,Newcastle,4,1,H
West Ham,Bolton,3,0,H
Tottenham,Sheffield Weds,3,2,H
Barnsley,Coventry,2,0,H
Derby,Wimbledon,1,1,D
Coventry,Everton,0,0,D
Liverpool,Derby,4,0,H
Man United,Barnsley,7,0,H
Newcastle,Blackburn,1,1,D
Sheffield Weds,Crystal Palace,1,3,A
Southampton,Tottenham,3,2,H
Wimbledon,Leeds,1,0,H
Arsenal,Aston Villa,0,0,D
Bolton,Chelsea,1,0,H
Leicester,West Ham,2,1,H
Aston Villa,Chelsea,0,2,A
Barnsley,Blackburn,1,1,D
Bolton,Liverpool,1,1,D
Derby,Arsenal,3,0,H
Man United,Sheffield Weds,6,1,H
Newcastle,Leicester,3,3,D
Tottenham,Leeds,0,1,A
Wimbledon,Coventry,1,2,A
Everton,Southampton,0,2,A
Blackburn,Everton,3,2,H
Coventry,Newcastle,2,2,D
Crystal Palace,Aston Villa,1,1,D
Leeds,Derby,4,3,H
Liverpool,Tottenham,4,0,H
Sheffield Weds,Bolton,5,0,H
Southampton,Barnsley,4,1,H
Arsenal,Man United,3,2,H
Chelsea,West Ham,2,1,H
Leicester,Wimbledon,0,1,A
Aston Villa,Everton,2,1,H
Blackburn,Chelsea,1,0,H
Derby,Coventry,3,1,H
Leicester,Bolton,0,0,D
Liverpool,Barnsley,0,1,A
Newcastle,Southampton,2,1,H
Sheffield Weds,Arsenal,2,0,H
Wimbledon,Man United,2,5,A
Leeds,West Ham,3,1,H
Tottenham,Crystal Palace,0,1,A
Chelsea,Everton,2,0,H
Barnsley,Leeds,2,3,A
Bolton,Wimbledon,1,0,H
Chelsea,Derby,4,0,H
Coventry,Leicester,0,2,A
Crystal Palace,Newcastle,1,2,A
Everton,Tottenham,0,2,A
Southampton,Sheffield Weds,2,3,A
West Ham,Aston Villa,2,1,H
Arsenal,Liverpool,0,1,A
Man United,Blackburn,4,0,H
Bolton,Newcastle,1,0,H
West Ham,Crystal Palace,4,1,H
Aston Villa,Coventry,3,0,H
Blackburn,Bolton,3,1,H
Derby,West Ham,2,0,H
Leeds,Everton,0,0,D
Leicester,Crystal Palace,1,1,D
Liverpool,Man United,1,3,A
Newcastle,Arsenal,0,1,A
Tottenham,Chelsea,1,6,A
Wimbledon,Southampton,1,0,H
Sheffield Weds,Barnsley,2,1,H
Arsenal,Blackburn,1,3,A
Barnsley,Newcastle,2,2,D
Chelsea,Leeds,0,0,D
Coventry,Tottenham,4,0,H
Crystal Palace,Liverpool,0,3,A
Everton,Wimbledon,0,0,D
Southampton,Leicester,2,1,H
West Ham,Sheffield Weds,1,0,H
Bolton,Derby,3,3,D
Man United,Aston Villa,1,0,H
Newcastle,Derby,0,0,D
Aston Villa,Southampton,1,1,D
Blackburn,West Ham,3,0,H
Derby,Crystal Palace,0,0,D
Leeds,Bolton,2,0,H
Leicester,Everton,0,1,A
Liverpool,Coventry,1,0,H
Sheffield Weds,Chelsea,1,4,A
Tottenham,Barnsley,3,0,H
Newcastle,Man United,0,1,A
Arsenal,Leicester,2,1,H
Aston Villa,Tottenham,4,1,H
Bolton,Barnsley,1,1,D
Chelsea,Wimbledon,1,1,D
Crystal Palace,Southampton,1,1,D
Derby,Newcastle,1,0,H
Liverpool,Leeds,3,1,H
Man United,Everton,2,0,H
Sheffield Weds,Blackburn,0,0,D
West Ham,Coventry,1,0,H
Barnsley,Derby,1,0,H
Blackburn,Crystal Palace,2,2,D
Coventry,Man United,3,2,H
Everton,Bolton,3,2,H
Leeds,Aston Villa,1,1,D
Leicester,Sheffield Weds,1,1,D
Newcastle,Liverpool,1,2,A
Tottenham,Arsenal,1,1,D
Wimbledon,West Ham,1,2,A
Southampton,Chelsea,1,0,H
Arsenal,Leeds,2,1,H
Aston Villa,Leicester,1,1,D
Bolton,Southampton,0,0,D
Chelsea,Coventry,3,1,H
Crystal Palace,Everton,1,3,A
Liverpool,Wimbledon,2,0,H
Man United,Tottenham,2,0,H
Sheffield Weds,Newcastle,2,1,H
West Ham,Barnsley,6,0,H
Derby,Blackburn,3,1,H
Barnsley,Crystal Palace,1,0,H
Blackburn,Aston Villa,5,0,H
Coventry,Arsenal,2,2,D
Leeds,Sheffield Weds,1,2,A
Leicester,Liverpool,0,0,D
Newcastle,Bolton,2,1,H
Tottenham,West Ham,1,0,H
Wimbledon,Derby,0,0,D
Everton,Chelsea,3,1,H
Southampton,Man United,1,0,H
Liverpool,Newcastle,1,0,H
Arsenal,Southampton,3,0,H
Bolton,Coventry,1,5,A
Chelsea,Barnsley,2,0,H
Crystal Palace,Leeds,0,2,A
Derby,Tottenham,2,1,H
Liverpool,Blackburn,0,0,D
Man United,Leicester,0,1,A
Sheffield Weds,Wimbledon,1,1,D
West Ham,Everton,2,2,D
Aston Villa,Newcastle,0,1,A
Barnsley,Everton,2,2,D
Blackburn,Tottenham,0,3,A
Coventry,Sheffield Weds,1,0,H
Derby,Aston Villa,0,1,A
Leicester,Leeds,1,0,H
Liverpool,Southampton,2,3,A
Man United,Bolton,1,1,D
Newcastle,West Ham,0,1,A
Arsenal,Chelsea,2,0,H
Crystal Palace,Wimbledon,0,3,A
Everton,Derby,1,2,A
Sheffield Weds,Liverpool,3,3,D
Tottenham,Leicester,1,1,D
Aston Villa,Man United,0,2,A
Southampton,Coventry,1,2,A
Arsenal,Crystal Palace,1,0,H
Bolton,West Ham,1,1,D
Coventry,Barnsley,1,0,H
Leicester,Chelsea,2,0,H
Man United,Derby,2,0,H
Sheffield Weds,Tottenham,1,0,H
Southampton,Blackburn,3,0,H
Wimbledon,Aston Villa,2,1,H
Newcastle,Leeds,1,1,D
Liverpool,Everton,1,1,D
Aston Villa,Liverpool,2,1,H
Barnsley,Wimbledon,2,1,H
Blackburn,Leicester,5,3,H
Chelsea,Man United,0,1,A
Crystal Palace,Coventry,0,3,A
Derby,Sheffield Weds,3,0,H
Everton,Newcastle,0,0,D
Leeds,Southampton,0,1,A
Tottenham,Bolton,1,0,H
West Ham,Arsenal,0,0,D
Leeds,Tottenham,1,0,H
Liverpool,Bolton,2,1,H
Sheffield Weds,Man United,2,0,H
Southampton,Everton,2,1,H
Chelsea,Aston Villa,0,1,A
Aston Villa,Barnsley,0,1,A
Chelsea,Crystal Palace,6,2,H
Leeds,Blackburn,4,0,H
West Ham,Man United,1,1,D
Wimbledon,Arsenal,0,1,A
Aston Villa,Crystal Palace,3,1,H
Barnsley,Southampton,4,3,H
Bolton,Sheffield Weds,3,2,H
Everton,Blackburn,1,0,H
Man United,Arsenal,0,1,A
Newcastle,Coventry,0,0,D
Tottenham,Liverpool,3,3,D
West Ham,Chelsea,2,1,H
Wimbledon,Leicester,2,1,H
Derby,Leeds,0,5,A
Newcastle,Crystal Palace,1,2,A
Arsenal,Sheffield Weds,1,0,H
Barnsley,Liverpool,2,3,A
Bolton,Leicester,2,0,H
Coventry,Derby,1,0,H
Crystal Palace,Tottenham,1,3,A
Everton,Aston Villa,1,4,A
Man United,Wimbledon,2,0,H
Southampton,Newcastle,2,1,H
West Ham,Leeds,3,0,H
Blackburn,Barnsley,2,1,H
Bolton,Arsenal,0,1,A
Wimbledon,Newcastle,0,0,D
Aston Villa,West Ham,2,0,H
Leeds,Barnsley,2,1,H
Leicester,Coventry,1,1,D
Sheffield Weds,Southampton,1,0,H
Tottenham,Everton,1,1,D
Wimbledon,Bolton,0,0,D
Derby,Chelsea,0,1,A
Blackburn,Man United,1,3,A
Leeds,Chelsea,3,1,H
Man United,Liverpool,1,1,D
Arsenal,Newcastle,3,1,H
Barnsley,Sheffield Weds,2,1,H
Bolton,Blackburn,2,1,H
Chelsea,Tottenham,2,0,H
Coventry,Aston Villa,1,2,A
Crystal Palace,Leicester,0,3,A
Everton,Leeds,2,0,H
Southampton,Wimbledon,0,1,A
West Ham,Derby,0,0,D
Blackburn,Arsenal,1,4,A
Derby,Bolton,4,0,H
Liverpool,Crystal Palace,2,1,H
Newcastle,Barnsley,2,1,H
Sheffield Weds,West Ham,1,1,D
Tottenham,Coventry,1,1,D
Wimbledon,Everton,0,0,D
Leicester,Southampton,3,3,D
Arsenal,Wimbledon,5,0,H
Barnsley,Tottenham,1,1,D
Bolton,Leeds,2,3,A
Crystal Palace,Derby,3,1,H
Everton,Leicester,1,1,D
Man United,Newcastle,1,1,D
Southampton,Aston Villa,1,2,A
West Ham,Blackburn,2,1,H
Chelsea,Sheffield Weds,1,0,H
Coventry,Liverpool,1,1,D
Aston Villa,Bolton,1,3,A
Barnsley,Arsenal,0,2,A
Blackburn,Wimbledon,0,0,D
Chelsea,Liverpool,4,1,H
Everton,Sheffield Weds,1,3,A
Leeds,Coventry,3,3,D
Tottenham,Newcastle,2,0,H
West Ham,Southampton,2,4,A
Derby,Leicester,0,4,A
Crystal Palace,Man United,0,3,A
Arsenal,Derby,1,0,H
Chelsea,Blackburn,0,1,A
Coventry,Wimbledon,0,0,D
Leicester,Newcastle,0,0,D
Bolton,Crystal Palace,5,2,H
Coventry,Blackburn,2,0,H
Leicester,Barnsley,1,0,H
Liverpool,West Ham,5,0,H
Newcastle,Chelsea,3,1,H
Sheffield Weds,Aston Villa,1,3,A
Southampton,Derby,0,2,A
Wimbledon,Tottenham,2,6,A
Arsenal,Everton,4,0,H
Man United,Leeds,3,0,H
Crystal Palace,West Ham,3,3,D
Liverpool,Arsenal,4,0,H
Aston Villa,Arsenal,1,0,H
Barnsley,Man United,0,2,A
Blackburn,Newcastle,1,0,H
Chelsea,Bolton,2,0,H
Crystal Palace,Sheffield Weds,1,0,H
Derby,Liverpool,1,0,H
Everton,Coventry,1,1,D
Leeds,Wimbledon,1,1,D
Tottenham,Southampton,1,1,D
West Ham,Leicester,4,3,H
Blackburn,Derby,0,0,D
Coventry,Chelsea,2,1,H
Everton,Aston Villa,0,0,D
Man United,Leicester,2,2,D
Middlesbrough,Leeds,0,0,D
Newcastle,Charlton,0,0,D
Sheffield Weds,West Ham,0,1,A
Wimbledon,Tottenham,3,1,H
Southampton,Liverpool,1,2,A
Arsenal,Nott'm Forest,2,1,H
Charlton,Southampton,5,0,H
Chelsea,Newcastle,1,1,D
Derby,Wimbledon,0,0,D
Leicester,Everton,2,0,H
Liverpool,Arsenal,0,0,D
Nott'm Forest,Coventry,1,0,H
Tottenham,Sheffield Weds,0,3,A
West Ham,Man United,0,0,D
Aston Villa,Middlesbrough,3,1,H
Leeds,Blackburn,1,0,H
Arsenal,Charlton,0,0,D
Blackburn,Leicester,1,0,H
Coventry,West Ham,0,0,D
Everton,Tottenham,0,1,A
Middlesbrough,Derby,1,1,D
Sheffield Weds,Aston Villa,0,1,A
Southampton,Nott'm Forest,1,2,A
Wimbledon,Leeds,1,1,D
Newcastle,Liverpool,1,4,A
Leeds,Southampton,3,0,H
Nott'm Forest,Everton,0,2,A
Aston Villa,Newcastle,1,0,H
Chelsea,Arsenal,0,0,D
Derby,Sheffield Weds,1,0,H
Leicester,Middlesbrough,0,1,A
Liverpool,Coventry,2,0,H
Man United,Charlton,4,1,H
Tottenham,Blackburn,2,1,H
West Ham,Wimbledon,3,4,A
Aston Villa,Wimbledon,2,0,H
Charlton,Derby,1,2,A
Chelsea,Nott'm Forest,2,1,H
Everton,Leeds,0,0,D
Leicester,Arsenal,1,1,D
Man United,Coventry,2,0,H
Newcastle,Southampton,4,0,H
Sheffield Weds,Blackburn,3,0,H
West Ham,Liverpool,2,1,H
Tottenham,Middlesbrough,0,3,A
Coventry,Newcastle,1,5,A
Derby,Leicester,2,0,H
Leeds,Aston Villa,0,0,D
Liverpool,Charlton,3,3,D
Middlesbrough,Everton,2,2,D
Nott'm Forest,West Ham,0,0,D
Southampton,Tottenham,1,1,D
Wimbledon,Sheffield Weds,2,1,H
Arsenal,Man United,3,0,H
Blackburn,Chelsea,3,4,A
Man United,Liverpool,2,0,H
Aston Villa,Derby,1,0,H
Charlton,Coventry,1,1,D
Chelsea,Middlesbrough,2,0,H
Everton,Blackburn,0,0,D
Newcastle,Nott'm Forest,2,0,H
Sheffield Weds,Arsenal,1,0,H
Tottenham,Leeds,3,3,D
Leicester,Wimbledon,1,1,D
West Ham,Southampton,1,0,H
Blackburn,West Ham,3,0,H
Coventry,Aston Villa,1,2,A
Derby,Tottenham,0,1,A
Leeds,Leicester,0,1,A
Middlesbrough,Sheffield Weds,4,0,H
Nott'm Forest,Charlton,0,1,A
Southampton,Man United,0,3,A
Wimbledon,Everton,1,2,A
Arsenal,Newcastle,3,0,H
Liverpool,Chelsea,1,1,D
Arsenal,Southampton,1,1,D
Chelsea,Charlton,2,1,H
Everton,Liverpool,0,0,D
Man United,Wimbledon,5,1,H
Middlesbrough,Blackburn,2,1,H
Newcastle,Derby,2,1,H
Nott'm Forest,Leeds,1,1,D
West Ham,Aston Villa,0,0,D
Coventry,Sheffield Weds,1,0,H
Leicester,Tottenham,2,1,H
Aston Villa,Leicester,1,1,D
Charlton,West Ham,4,2,H
Derby,Man United,1,1,D
Liverpool,Nott'm Forest,5,1,H
Sheffield Weds,Everton,0,0,D
Southampton,Coventry,2,1,H
Tottenham,Newcastle,2,0,H
Wimbledon,Middlesbrough,2,2,D
Blackburn,Arsenal,1,2,A
Leeds,Chelsea,0,0,D
Coventry,Arsenal,0,1,A
Derby,Leeds,2,2,D
Everton,Man United,1,4,A
Leicester,Liverpool,1,0,H
Newcastle,West Ham,0,3,A
Sheffield Weds,Southampton,0,0,D
Wimbledon,Blackburn,1,1,D
Middlesbrough,Nott'm Forest,1,1,D
Tottenham,Charlton,2,2,D
Aston Villa,Tottenham,3,2,H
Blackburn,Coventry,1,2,A
Charlton,Leicester,0,0,D
Liverpool,Derby,1,2,A
Nott'm Forest,Wimbledon,0,1,A
Southampton,Middlesbrough,3,3,D
Arsenal,Everton,1,0,H
Leeds,Sheffield Weds,2,1,H
Man United,Newcastle,0,0,D
West Ham,Chelsea,1,1,D
Arsenal,Tottenham,0,0,D
Charlton,Middlesbrough,1,1,D
Chelsea,Wimbledon,3,0,H
Liverpool,Leeds,1,3,A
Man United,Blackburn,3,2,H
Newcastle,Sheffield Weds,1,1,D
Southampton,Aston Villa,1,4,A
West Ham,Leicester,3,2,H
Coventry,Everton,3,0,H
Nott'm Forest,Derby,2,2,D
Aston Villa,Liverpool,2,4,A
Blackburn,Southampton,0,2,A
Leeds,Charlton,4,1,H
Leicester,Chelsea,2,4,A
Middlesbrough,Coventry,2,0,H
Sheffield Weds,Man United,3,1,H
Tottenham,Nott'm Forest,2,0,H
Wimbledon,Arsenal,1,0,H
Derby,West Ham,0,2,A
Everton,Newcastle,1,0,H
Charlton,Everton,1,2,A
Chelsea,Sheffield Weds,1,1,D
Coventry,Leicester,1,1,D
Newcastle,Wimbledon,3,1,H
Nott'm Forest,Aston Villa,2,2,D
Southampton,Derby,0,1,A
West Ham,Tottenham,2,1,H
Arsenal,Middlesbrough,1,1,D
Liverpool,Blackburn,2,0,H
Man United,Leeds,3,2,H
Aston Villa,Man United,1,1,D
Blackburn,Charlton,1,0,H
Derby,Arsenal,0,0,D
Everton,Chelsea,0,0,D
Leeds,West Ham,4,0,H
Leicester,Southampton,2,0,H
Tottenham,Liverpool,2,1,H
Wimbledon,Coventry,2,1,H
Middlesbrough,Newcastle,2,2,D
Sheffield Weds,Nott'm Forest,3,2,H
Chelsea,Aston Villa,2,1,H
Blackburn,Newcastle,0,0,D
Derby,Chelsea,2,2,D
Everton,Southampton,1,0,H
Leicester,Nott'm Forest,3,1,H
Middlesbrough,West Ham,1,0,H
Sheffield Weds,Charlton,3,0,H
Tottenham,Man United,2,2,D
Aston Villa,Arsenal,3,2,H
Wimbledon,Liverpool,1,0,H
Leeds,Coventry,2,0,H
Man United,Chelsea,1,1,D
Chelsea,Tottenham,2,0,H
Coventry,Derby,1,1,D
Liverpool,Sheffield Weds,2,0,H
Man United,Middlesbrough,2,3,A
Newcastle,Leicester,1,0,H
Nott'm Forest,Blackburn,2,2,D
Southampton,Wimbledon,3,1,H
West Ham,Everton,2,1,H
Arsenal,Leeds,3,1,H
Charlton,Aston Villa,0,1,A
Arsenal,West Ham,1,0,H
Blackburn,Aston Villa,2,1,H
Coventry,Tottenham,1,1,D
Everton,Derby,0,0,D
Man United,Nott'm Forest,3,0,H
Middlesbrough,Liverpool,1,3,A
Newcastle,Leeds,0,3,A
Sheffield Weds,Leicester,0,1,A
Southampton,Chelsea,0,2,A
Wimbledon,Charlton,2,1,H
Aston Villa,Sheffield Weds,2,1,H
Charlton,Arsenal,0,1,A
Derby,Middlesbrough,2,1,H
Leicester,Blackburn,1,1,D
Liverpool,Newcastle,4,2,H
Nott'm Forest,Southampton,1,1,D
Tottenham,Everton,4,1,H
West Ham,Coventry,2,0,H
Chelsea,Man United,0,0,D
Leeds,Wimbledon,2,2,D
Arsenal,Liverpool,0,0,D
Blackburn,Leeds,1,0,H
Coventry,Nott'm Forest,4,0,H
Everton,Leicester,0,0,D
Middlesbrough,Aston Villa,0,0,D
Newcastle,Chelsea,0,1,A
Sheffield Weds,Tottenham,0,0,D
Southampton,Charlton,3,1,H
Wimbledon,Derby,2,1,H
Man United,West Ham,4,1,H
Chelsea,Coventry,2,1,H
Derby,Blackburn,1,0,H
Leeds,Middlesbrough,2,0,H
Leicester,Man United,2,6,A
Liverpool,Southampton,7,1,H
Nott'm Forest,Arsenal,0,1,A
Tottenham,Wimbledon,0,0,D
West Ham,Sheffield Weds,0,4,A
Charlton,Newcastle,2,2,D
Aston Villa,Everton,3,0,H
Blackburn,Tottenham,1,1,D
Coventry,Liverpool,2,1,H
Everton,Nott'm Forest,0,1,A
Middlesbrough,Leicester,0,0,D
Newcastle,Aston Villa,2,1,H
Sheffield Weds,Derby,0,1,A
Southampton,Leeds,3,0,H
Wimbledon,West Ham,0,0,D
Arsenal,Chelsea,1,0,H
Charlton,Man United,0,1,A
Man United,Derby,1,0,H
Aston Villa,Blackburn,1,3,A
Chelsea,Southampton,1,0,H
Leeds,Newcastle,0,1,A
Leicester,Sheffield Weds,0,2,A
Liverpool,Middlesbrough,3,1,H
Nott'm Forest,Man United,1,8,A
Tottenham,Coventry,0,0,D
West Ham,Arsenal,0,4,A
Derby,Everton,2,1,H
Charlton,Wimbledon,2,0,H
Charlton,Liverpool,1,0,H
West Ham,Nott'm Forest,2,1,H
Aston Villa,Leeds,1,2,A
Chelsea,Blackburn,1,1,D
Everton,Middlesbrough,5,0,H
Man United,Arsenal,1,1,D
Newcastle,Coventry,4,1,H
Arsenal,Leicester,5,0,H
Blackburn,Sheffield Weds,1,4,A
Coventry,Man United,0,1,A
Derby,Charlton,0,2,A
Leeds,Everton,1,0,H
Liverpool,West Ham,2,2,D
Middlesbrough,Tottenham,0,0,D
Nott'm Forest,Chelsea,1,3,A
Southampton,Newcastle,2,1,H
Wimbledon,Aston Villa,0,0,D
Aston Villa,Coventry,1,4,A
Charlton,Nott'm Forest,0,0,D
Chelsea,Liverpool,2,1,H
Everton,Wimbledon,1,1,D
Man United,Southampton,2,1,H
Sheffield Weds,Middlesbrough,3,1,H
Tottenham,Derby,1,1,D
West Ham,Blackburn,2,0,H
Newcastle,Arsenal,1,1,D
Leicester,Leeds,1,2,A
Tottenham,Southampton,3,0,H
Sheffield Weds,Wimbledon,1,2,A
Coventry,Charlton,2,1,H
Southampton,West Ham,1,0,H
Wimbledon,Leicester,0,1,A
Arsenal,Sheffield Weds,3,0,H
Blackburn,Everton,1,2,A
Derby,Aston Villa,2,1,H
Leeds,Tottenham,2,0,H
Nott'm Forest,Newcastle,1,2,A
Chelsea,West Ham,0,1,A
Coventry,Blackburn,1,1,D
Derby,Liverpool,3,2,H
Everton,Arsenal,0,2,A
Leicester,Charlton,1,1,D
Newcastle,Man United,1,2,A
Sheffield Weds,Leeds,0,2,A
Tottenham,Aston Villa,1,0,H
Wimbledon,Nott'm Forest,1,3,A
Middlesbrough,Southampton,3,0,H
Arsenal,Coventry,2,0,H
Blackburn,Wimbledon,3,1,H
Leeds,Derby,4,1,H
Nott'm Forest,Middlesbrough,1,2,A
Southampton,Sheffield Weds,1,0,H
West Ham,Newcastle,2,0,H
Aston Villa,Chelsea,0,3,A
Man United,Everton,3,1,H
Aston Villa,West Ham,0,0,D
Blackburn,Middlesbrough,0,0,D
Charlton,Chelsea,0,1,A
Derby,Newcastle,3,4,A
Leeds,Nott'm Forest,3,1,H
Liverpool,Everton,3,2,H
Sheffield Weds,Coventry,1,2,A
Southampton,Arsenal,0,0,D
Tottenham,Leicester,0,2,A
Wimbledon,Man United,1,1,D
Coventry,Southampton,1,0,H
Everton,Sheffield Weds,1,2,A
Middlesbrough,Wimbledon,3,1,H
Newcastle,Tottenham,1,1,D
Nott'm Forest,Liverpool,2,2,D
West Ham,Charlton,0,1,A
Arsenal,Blackburn,1,0,H
Leicester,Aston Villa,2,2,D
Aston Villa,Southampton,3,0,H
Derby,Nott'm Forest,1,0,H
Leicester,West Ham,0,0,D
Middlesbrough,Charlton,2,0,H
Everton,Coventry,2,0,H
Wimbledon,Chelsea,1,2,A
Leeds,Liverpool,0,0,D
Middlesbrough,Chelsea,0,0,D
Charlton,Leeds,1,1,D
Coventry,Middlesbrough,1,2,A
Liverpool,Aston Villa,0,1,A
Man United,Sheffield Weds,3,0,H
Newcastle,Everton,1,3,A
Nott'm Forest,Tottenham,0,1,A
Southampton,Blackburn,3,3,D
West Ham,Derby,5,1,H
Chelsea,Leicester,2,2,D
Arsenal,Wimbledon,5,1,H
Charlton,Tottenham,1,4,A
Liverpool,Leicester,0,1,A
Sheffield Weds,Newcastle,1,1,D
Aston Villa,Nott'm Forest,2,0,H
Blackburn,Liverpool,1,3,A
Derby,Southampton,0,0,D
Everton,Charlton,4,1,H
Leicester,Coventry,1,0,H
Middlesbrough,Arsenal,1,6,A
Tottenham,West Ham,1,2,A
Wimbledon,Newcastle,1,1,D
Leeds,Man United,1,1,D
Sheffield Weds,Chelsea,0,0,D
Charlton,Blackburn,0,0,D
Chelsea,Everton,3,1,H
Coventry,Wimbledon,2,1,H
Liverpool,Tottenham,3,2,H
Man United,Aston Villa,2,1,H
Newcastle,Middlesbrough,1,1,D
Nott'm Forest,Sheffield Weds,2,0,H
Southampton,Leicester,2,1,H
West Ham,Leeds,1,5,A
Arsenal,Derby,1,0,H
Chelsea,Leeds,1,0,H
Leicester,Derby,1,2,A
Liverpool,Man United,2,2,D
Tottenham,Arsenal,1,3,A
Aston Villa,Charlton,3,4,A
Blackburn,Nott'm Forest,1,2,A
Derby,Coventry,0,0,D
Everton,West Ham,6,0,H
Leicester,Newcastle,2,0,H
Sheffield Weds,Liverpool,1,0,H
Wimbledon,Southampton,0,2,A
Middlesbrough,Man United,0,1,A
Tottenham,Chelsea,2,2,D
Leeds,Arsenal,1,0,H
Blackburn,Man United,0,0,D
Arsenal,Aston Villa,1,0,H
Charlton,Sheffield Weds,0,1,A
Chelsea,Derby,2,1,H
Coventry,Leeds,2,2,D
Liverpool,Wimbledon,3,0,H
Man United,Tottenham,2,1,H
Newcastle,Blackburn,1,1,D
Nott'm Forest,Leicester,1,0,H
Southampton,Everton,2,0,H
West Ham,Middlesbrough,4,0,H
Arsenal,Leicester,2,1,H
Chelsea,Sunderland,4,0,H
Coventry,Southampton,0,1,A
Leeds,Derby,0,0,D
Middlesbrough,Bradford,0,1,A
Newcastle,Aston Villa,0,1,A
Sheffield Weds,Liverpool,1,2,A
Watford,Wimbledon,2,3,A
West Ham,Tottenham,1,0,H
Everton,Man United,1,1,D
Tottenham,Newcastle,3,1,H
Derby,Arsenal,1,2,A
Sunderland,Watford,2,0,H
Wimbledon,Middlesbrough,2,3,A
Aston Villa,Everton,3,0,H
Leicester,Coventry,1,0,H
Man United,Sheffield Weds,4,0,H
Southampton,Leeds,0,3,A
Bradford,Sheffield Weds,1,1,D
Derby,Middlesbrough,1,3,A
Leicester,Chelsea,2,2,D
Liverpool,Watford,0,1,A
Man United,Leeds,2,0,H
Sunderland,Arsenal,0,0,D
Tottenham,Everton,3,2,H
Wimbledon,Coventry,1,1,D
Southampton,Newcastle,4,2,H
Aston Villa,West Ham,2,2,D
Chelsea,Aston Villa,1,0,H
Coventry,Derby,2,0,H
Everton,Southampton,4,1,H
Leeds,Sunderland,2,1,H
Middlesbrough,Liverpool,1,0,H
Newcastle,Wimbledon,3,3,D
Sheffield Weds,Tottenham,1,2,A
Watford,Bradford,1,0,H
West Ham,Leicester,2,1,H
Arsenal,Man United,1,2,A
Leeds,Liverpool,1,2,A
Middlesbrough,Leicester,0,3,A
Watford,Aston Villa,0,1,A
Arsenal,Bradford,2,0,H
Coventry,Man United,1,2,A
Everton,Wimbledon,4,0,H
Newcastle,Sunderland,1,2,A
Sheffield Weds,Derby,0,2,A
Aston Villa,Middlesbrough,1,0,H
Bradford,West Ham,0,3,A
Derby,Everton,1,0,H
Liverpool,Arsenal,2,0,H
Southampton,Sheffield Weds,2,0,H
Tottenham,Leeds,1,2,A
Wimbledon,Chelsea,0,1,A
Sunderland,Coventry,1,1,D
Leicester,Watford,1,0,H
Man United,Newcastle,5,1,H
Arsenal,Aston Villa,3,1,H
Chelsea,Newcastle,1,0,H
Coventry,Leeds,3,4,A
Liverpool,Man United,2,3,A
Middlesbrough,Southampton,3,2,H
Sheffield Weds,Everton,0,2,A
Sunderland,Leicester,2,0,H
West Ham,Watford,1,0,H
Wimbledon,Derby,2,2,D
Bradford,Tottenham,1,1,D
Aston Villa,Bradford,1,0,H
Derby,Sunderland,0,5,A
Leicester,Liverpool,2,2,D
Man United,Wimbledon,1,1,D
Southampton,Arsenal,0,1,A
Watford,Chelsea,1,0,H
Everton,West Ham,1,0,H
Leeds,Middlesbrough,2,0,H
Newcastle,Sheffield Weds,8,0,H
Tottenham,Coventry,3,2,H
Arsenal,Watford,1,0,H
Coventry,West Ham,1,0,H
Derby,Bradford,0,1,A
Leeds,Newcastle,3,2,H
Leicester,Aston Villa,3,1,H
Man United,Southampton,3,3,D
Middlesbrough,Chelsea,0,1,A
Sunderland,Sheffield Weds,1,0,H
Wimbledon,Tottenham,1,1,D
Liverpool,Everton,0,1,A
Aston Villa,Liverpool,0,0,D
Bradford,Sunderland,0,4,A
Everton,Coventry,1,1,D
Sheffield Weds,Wimbledon,5,1,H
Chelsea,Man United,5,0,H
Newcastle,Middlesbrough,2,1,H
Tottenham,Leicester,2,3,A
Watford,Leeds,1,2,A
West Ham,Arsenal,2,1,H
Southampton,Derby,3,3,D
Arsenal,Everton,4,1,H
Coventry,Newcastle,4,1,H
Derby,Tottenham,0,1,A
Leeds,Sheffield Weds,2,0,H
Leicester,Southampton,2,1,H
Liverpool,Chelsea,1,0,H
Man United,Watford,4,1,H
Wimbledon,Bradford,3,2,H
Middlesbrough,West Ham,2,0,H
Sunderland,Aston Villa,2,1,H
Aston Villa,Wimbledon,1,1,D
Bradford,Leicester,3,1,H
Chelsea,Arsenal,2,3,A
Sheffield Weds,Coventry,0,0,D
Southampton,Liverpool,1,1,D
Tottenham,Man United,3,1,H
Everton,Leeds,4,4,D
Watford,Middlesbrough,1,3,A
West Ham,Sunderland,1,1,D
Newcastle,Derby,2,0,H
Liverpool,West Ham,1,0,H
Arsenal,Newcastle,0,0,D
Derby,Chelsea,3,1,H
Leeds,West Ham,1,0,H
Leicester,Sheffield Weds,3,0,H
Man United,Aston Villa,3,0,H
Middlesbrough,Everton,2,1,H
Wimbledon,Southampton,1,1,D
Coventry,Watford,4,0,H
Sunderland,Tottenham,2,1,H
Liverpool,Bradford,3,1,H
Aston Villa,Southampton,0,1,A
Bradford,Coventry,1,1,D
Liverpool,Derby,2,0,H
Man United,Leicester,2,0,H
Middlesbrough,Sunderland,1,1,D
Sheffield Weds,Watford,2,2,D
Chelsea,West Ham,0,0,D
Newcastle,Everton,1,1,D
Tottenham,Arsenal,2,1,H
Wimbledon,Leeds,2,0,H
Arsenal,Middlesbrough,5,1,H
Derby,Man United,1,2,A
Everton,Chelsea,1,1,D
Leeds,Bradford,2,1,H
Leicester,Wimbledon,2,1,H
Southampton,Tottenham,0,1,A
Sunderland,Liverpool,0,2,A
Watford,Newcastle,1,1,D
West Ham,Sheffield Weds,4,3,H
Coventry,Aston Villa,2,1,H
Coventry,Leicester,0,1,A
Everton,Aston Villa,0,0,D
Middlesbrough,Wimbledon,0,0,D
Watford,Sunderland,2,3,A
West Ham,Liverpool,1,0,H
Arsenal,Derby,2,1,H
Chelsea,Bradford,1,0,H
Leeds,Southampton,1,0,H
Newcastle,Tottenham,2,1,H
Aston Villa,Newcastle,0,1,A
Bradford,Middlesbrough,1,1,D
Leicester,Arsenal,0,3,A
Man United,Everton,5,1,H
Southampton,Coventry,0,0,D
Sunderland,Chelsea,4,1,H
Wimbledon,Watford,5,0,H
Derby,Leeds,0,1,A
Liverpool,Sheffield Weds,4,1,H
Tottenham,West Ham,0,0,D
Arsenal,Wimbledon,1,1,D
Aston Villa,Sheffield Weds,2,1,H
Bradford,Newcastle,2,0,H
Leicester,Derby,0,1,A
Liverpool,Coventry,2,0,H
Middlesbrough,Tottenham,2,1,H
Sunderland,Southampton,2,0,H
Watford,Everton,1,3,A
West Ham,Man United,2,4,A
Chelsea,Leeds,0,2,A
Coventry,Arsenal,3,2,H
Derby,Aston Villa,0,2,A
Everton,Sunderland,5,0,H
Leeds,Leicester,2,1,H
Man United,Bradford,4,0,H
Newcastle,Liverpool,2,2,D
Sheffield Weds,Middlesbrough,1,0,H
Southampton,Chelsea,1,2,A
Tottenham,Watford,4,0,H
Wimbledon,West Ham,2,2,D
Arsenal,Leeds,2,0,H
Bradford,Everton,0,0,D
Leicester,Newcastle,1,2,A
Liverpool,Wimbledon,3,1,H
Sunderland,Man United,2,2,D
Watford,Southampton,3,2,H
West Ham,Derby,1,1,D
Aston Villa,Tottenham,1,1,D
Chelsea,Sheffield Weds,3,0,H
Derby,Watford,2,0,H
Everton,Leicester,2,2,D
Leeds,Aston Villa,1,2,A
Newcastle,West Ham,2,2,D
Sheffield Weds,Arsenal,1,1,D
Southampton,Bradford,1,0,H
Tottenham,Liverpool,1,0,H
Wimbledon,Sunderland,1,0,H
Coventry,Chelsea,2,2,D
Bradford,Chelsea,1,1,D
Chelsea,Tottenham,1,0,H
Arsenal,Sunderland,4,1,H
Chelsea,Leicester,1,1,D
Coventry,Wimbledon,2,0,H
Everton,Tottenham,2,2,D
Middlesbrough,Derby,1,4,A
Sheffield Weds,Bradford,2,0,H
Watford,Liverpool,2,3,A
West Ham,Aston Villa,1,1,D
Newcastle,Southampton,5,0,H
Aston Villa,Chelsea,0,0,D
Bradford,Watford,3,2,H
Derby,Coventry,0,0,D
Leicester,West Ham,1,3,A
Liverpool,Middlesbrough,0,0,D
Southampton,Everton,2,0,H
Tottenham,Sheffield Weds,0,1,A
Wimbledon,Newcastle,2,0,H
Sunderland,Leeds,1,2,A
Man United,Arsenal,1,1,D
Man United,Middlesbrough,1,0,H
Sheffield Weds,Man United,0,1,A
Aston Villa,Watford,4,0,H
Bradford,Arsenal,2,1,H
Derby,Sheffield Weds,3,3,D
Leicester,Middlesbrough,2,1,H
Liverpool,Leeds,3,1,H
Man United,Coventry,3,2,H
Southampton,West Ham,2,1,H
Sunderland,Newcastle,2,2,D
Tottenham,Chelsea,0,1,A
Wimbledon,Everton,0,3,A
Chelsea,Wimbledon,3,1,H
Coventry,Sunderland,3,2,H
Everton,Derby,2,1,H
Leeds,Tottenham,1,0,H
Newcastle,Man United,3,0,H
Sheffield Weds,Southampton,0,1,A
Watford,Leicester,1,1,D
West Ham,Bradford,5,4,H
Arsenal,Liverpool,0,1,A
Middlesbrough,Aston Villa,0,4,A
Middlesbrough,Coventry,2,0,H
Leeds,Man United,0,1,A
Arsenal,Southampton,3,1,H
Bradford,Aston Villa,1,1,D
Chelsea,Watford,2,1,H
Coventry,Tottenham,0,1,A
Middlesbrough,Leeds,0,0,D
Sheffield Weds,Newcastle,0,2,A
Sunderland,Derby,1,1,D
West Ham,Everton,0,4,A
Wimbledon,Man United,2,2,D
Derby,Wimbledon,4,0,H
Everton,Sheffield Weds,1,1,D
Man United,Liverpool,1,1,D
Newcastle,Chelsea,0,1,A
Southampton,Middlesbrough,1,1,D
Tottenham,Bradford,1,1,D
Watford,West Ham,1,2,A
Aston Villa,Arsenal,1,1,D
Leeds,Coventry,3,0,H
Leicester,Sunderland,5,2,H
West Ham,Southampton,2,0,H
Aston Villa,Coventry,1,0,H
Chelsea,Everton,1,1,D
Liverpool,Sunderland,1,1,D
Man United,Derby,3,1,H
Newcastle,Watford,1,0,H
Sheffield Weds,West Ham,3,1,H
Tottenham,Southampton,7,2,H
Wimbledon,Leicester,2,1,H
Bradford,Leeds,1,2,A
Middlesbrough,Arsenal,2,1,H
Coventry,Everton,1,0,H
Liverpool,Aston Villa,0,0,D
Coventry,Bradford,4,0,H
Derby,Liverpool,0,2,A
Leicester,Man United,0,2,A
Southampton,Aston Villa,2,0,H
Sunderland,Middlesbrough,1,1,D
Watford,Sheffield Weds,1,0,H
West Ham,Chelsea,0,0,D
Arsenal,Tottenham,2,1,H
Everton,Newcastle,0,2,A
Leeds,Wimbledon,4,1,H
Aston Villa,Derby,2,0,H
Bradford,Man United,0,4,A
Chelsea,Southampton,1,1,D
Liverpool,Newcastle,2,1,H
Middlesbrough,Sheffield Weds,1,0,H
Sunderland,Everton,2,1,H
Watford,Tottenham,1,1,D
Arsenal,Coventry,3,0,H
Leicester,Leeds,2,1,H
West Ham,Wimbledon,2,1,H
Coventry,Liverpool,0,3,A
Everton,Watford,4,2,H
Leeds,Chelsea,0,1,A
Man United,West Ham,7,1,H
Newcastle,Bradford,2,0,H
Southampton,Sunderland,1,2,A
Wimbledon,Arsenal,1,3,A
Derby,Leicester,3,0,H
Tottenham,Middlesbrough,2,3,A
Sheffield Weds,Aston Villa,0,1,A
Bradford,Southampton,1,2,A
Leicester,Everton,1,1,D
Sunderland,Wimbledon,2,1,H
Watford,Derby,0,0,D
Aston Villa,Leeds,1,0,H
Liverpool,Tottenham,2,0,H
Middlesbrough,Man United,3,4,A
Chelsea,Coventry,2,1,H
West Ham,Newcastle,2,1,H
Wimbledon,Sheffield Weds,0,2,A
Coventry,Middlesbrough,2,1,H
Derby,West Ham,1,2,A
Everton,Bradford,4,0,H
Man United,Sunderland,4,0,H
Newcastle,Leicester,0,2,A
Sheffield Weds,Chelsea,1,0,H
Southampton,Watford,2,0,H
Tottenham,Aston Villa,2,4,A
Leeds,Arsenal,0,4,A
Wimbledon,Liverpool,1,2,A
Leicester,Tottenham,0,1,A
Bradford,Derby,4,4,D
Everton,Liverpool,0,0,D
Aston Villa,Leicester,2,2,D
Chelsea,Middlesbrough,1,1,D
Sheffield Weds,Sunderland,0,2,A
Southampton,Man United,1,3,A
Tottenham,Wimbledon,2,0,H
West Ham,Coventry,5,0,H
Newcastle,Leeds,2,2,D
Watford,Arsenal,2,3,A
Derby,Southampton,2,0,H
Man United,Chelsea,3,2,H
Sunderland,Bradford,0,1,A
Aston Villa,Sunderland,1,1,D
Chelsea,Liverpool,2,0,H
Everton,Arsenal,0,1,A
Newcastle,Coventry,2,0,H
Southampton,Leicester,1,2,A
Tottenham,Derby,1,1,D
Watford,Man United,2,3,A
West Ham,Middlesbrough,0,1,A
Bradford,Wimbledon,3,0,H
Sheffield Weds,Leeds,0,3,A
Arsenal,West Ham,2,1,H
Middlesbrough,Newcastle,2,2,D
Leeds,Watford,3,1,H
Liverpool,Leicester,0,2,A
Arsenal,Chelsea,2,1,H
Coventry,Sheffield Weds,4,1,H
Derby,Newcastle,0,0,D
Leicester,Bradford,3,0,H
Man United,Tottenham,3,1,H
Middlesbrough,Watford,1,1,D
Sunderland,West Ham,1,0,H
Wimbledon,Aston Villa,2,2,D
Liverpool,Southampton,0,0,D
Leeds,Everton,1,1,D
Arsenal,Sheffield Weds,3,3,D
Aston Villa,Man United,0,1,A
Bradford,Liverpool,1,0,H
Chelsea,Derby,4,0,H
Everton,Middlesbrough,0,2,A
Newcastle,Arsenal,4,2,H
Sheffield Weds,Leicester,4,0,H
Southampton,Wimbledon,2,0,H
Tottenham,Sunderland,3,1,H
Watford,Coventry,1,0,H
West Ham,Leeds,0,0,D
Charlton,Man City,4,0,H
Chelsea,West Ham,4,2,H
Coventry,Middlesbrough,1,3,A
Derby,Southampton,2,2,D
Leeds,Everton,2,0,H
Leicester,Aston Villa,0,0,D
Liverpool,Bradford,1,0,H
Sunderland,Arsenal,1,0,H
Tottenham,Ipswich,3,1,H
Man United,Newcastle,2,0,H
Arsenal,Liverpool,2,0,H
Bradford,Chelsea,2,0,H
Ipswich,Man United,1,1,D
Middlesbrough,Tottenham,1,1,D
Everton,Charlton,3,0,H
Man City,Sunderland,4,2,H
Newcastle,Derby,3,2,H
Southampton,Coventry,1,2,A
West Ham,Leicester,0,1,A
Arsenal,Charlton,5,3,H
Bradford,Leicester,0,0,D
Everton,Derby,2,2,D
Ipswich,Sunderland,1,0,H
Man City,Coventry,1,2,A
Middlesbrough,Leeds,1,2,A
Newcastle,Tottenham,2,0,H
Southampton,Liverpool,3,3,D
West Ham,Man United,2,2,D
Aston Villa,Chelsea,1,1,D
Leeds,Man City,1,2,A
Man United,Bradford,6,0,H
Sunderland,West Ham,1,1,D
Tottenham,Everton,3,2,H
Charlton,Southampton,1,1,D
Chelsea,Arsenal,2,2,D
Coventry,Newcastle,0,2,A
Derby,Middlesbrough,3,3,D
Leicester,Ipswich,2,1,H
Liverpool,Aston Villa,3,1,H
Bradford,Arsenal,1,1,D
Coventry,Leeds,0,0,D
Ipswich,Aston Villa,1,2,A
Leicester,Southampton,1,0,H
Liverpool,Man City,3,2,H
Man United,Sunderland,3,0,H
Middlesbrough,Everton,1,2,A
Newcastle,Chelsea,0,0,D
Derby,Charlton,2,2,D
Tottenham,West Ham,1,0,H
Arsenal,Coventry,2,1,H
Aston Villa,Bradford,2,0,H
Charlton,Tottenham,1,0,H
Everton,Man United,1,3,A
Leeds,Ipswich,1,2,A
Southampton,Newcastle,2,0,H
Sunderland,Derby,2,1,H
Chelsea,Leicester,0,2,A
Man City,Middlesbrough,1,1,D
West Ham,Liverpool,1,1,D
Bradford,Southampton,0,1,A
Coventry,West Ham,0,3,A
Derby,Leeds,1,1,D
Ipswich,Arsenal,1,1,D
Liverpool,Sunderland,1,1,D
Man United,Chelsea,3,3,D
Middlesbrough,Aston Villa,1,1,D
Newcastle,Charlton,0,1,A
Tottenham,Man City,0,0,D
Leicester,Everton,1,1,D
Aston Villa,Derby,4,1,H
Charlton,Coventry,2,2,D
Everton,Ipswich,0,3,A
Leeds,Tottenham,4,3,H
Man City,Newcastle,0,1,A
Southampton,Middlesbrough,1,3,A
West Ham,Bradford,1,1,D
Arsenal,Man United,1,0,H
Chelsea,Liverpool,3,0,H
Sunderland,Leicester,0,0,D
Arsenal,Aston Villa,1,0,H
Coventry,Tottenham,2,1,H
Everton,Southampton,1,1,D
Ipswich,West Ham,1,1,D
Leeds,Charlton,3,1,H
Leicester,Man United,0,3,A
Man City,Bradford,2,0,H
Sunderland,Chelsea,1,0,H
Derby,Liverpool,0,4,A
Middlesbrough,Newcastle,1,3,A
Bradford,Ipswich,0,2,A
Charlton,Middlesbrough,1,0,H
Chelsea,Coventry,6,1,H
Liverpool,Leicester,1,0,H
Man United,Leeds,3,0,H
Newcastle,Everton,0,1,A
Tottenham,Derby,3,1,H
West Ham,Arsenal,1,2,A
Aston Villa,Sunderland,0,0,D
Southampton,Man City,0,2,A
Arsenal,Man City,5,0,H
Aston Villa,Charlton,2,1,H
Chelsea,Tottenham,3,0,H
Ipswich,Middlesbrough,2,1,H
Leicester,Derby,2,1,H
Man United,Southampton,5,0,H
Sunderland,Coventry,1,0,H
West Ham,Newcastle,1,0,H
Bradford,Leeds,1,1,D
Liverpool,Everton,3,1,H
Charlton,Bradford,2,0,H
Coventry,Man United,1,2,A
Leeds,Liverpool,4,3,H
Man City,Leicester,0,1,A
Middlesbrough,Arsenal,0,1,A
Newcastle,Ipswich,2,1,H
Southampton,Chelsea,3,2,H
Tottenham,Sunderland,2,1,H
Everton,Aston Villa,0,1,A
Derby,West Ham,0,0,D
Arsenal,Derby,0,0,D
Aston Villa,Tottenham,2,0,H
Bradford,Everton,0,1,A
Ipswich,Charlton,2,0,H
Leicester,Newcastle,1,1,D
Man United,Middlesbrough,2,1,H
Sunderland,Southampton,2,2,D
West Ham,Man City,4,1,H
Chelsea,Leeds,1,1,D
Liverpool,Coventry,4,1,H
Charlton,Chelsea,2,0,H
Derby,Bradford,2,0,H
Everton,Arsenal,2,0,H
Leeds,West Ham,0,1,A
Man City,Man United,0,1,A
Middlesbrough,Leicester,0,3,A
Newcastle,Sunderland,1,2,A
Southampton,Aston Villa,2,0,H
Tottenham,Liverpool,2,1,H
Coventry,Ipswich,0,1,A
Charlton,Sunderland,0,1,A
Coventry,Aston Villa,1,1,D
Derby,Man United,0,3,A
Everton,Chelsea,2,1,H
Man City,Ipswich,2,3,A
Middlesbrough,Bradford,2,2,D
Southampton,West Ham,2,3,A
Tottenham,Leicester,3,0,H
Leeds,Arsenal,1,0,H
Newcastle,Liverpool,2,1,H
Arsenal,Southampton,1,0,H
Aston Villa,Newcastle,1,1,D
Bradford,Coventry,2,1,H
Ipswich,Derby,0,1,A
Leicester,Leeds,3,1,H
Liverpool,Charlton,3,0,H
Man United,Tottenham,2,0,H
West Ham,Middlesbrough,1,0,H
Chelsea,Man City,2,1,H
Sunderland,Everton,2,0,H
Arsenal,Newcastle,5,0,H
Bradford,Tottenham,3,3,D
Charlton,Man United,3,3,D
Chelsea,Derby,4,1,H
Man City,Everton,5,0,H
Southampton,Leeds,1,0,H
Sunderland,Middlesbrough,1,0,H
West Ham,Aston Villa,1,1,D
Coventry,Leicester,1,0,H
Liverpool,Ipswich,0,1,A
Aston Villa,Man City,2,2,D
Derby,Coventry,1,0,H
Everton,West Ham,1,1,D
Ipswich,Southampton,3,1,H
Leeds,Sunderland,2,0,H
Leicester,Charlton,3,1,H
Middlesbrough,Chelsea,1,0,H
Newcastle,Bradford,2,1,H
Man United,Liverpool,0,1,A
Tottenham,Arsenal,1,1,D
Coventry,Southampton,1,1,D
Charlton,Everton,1,0,H
Chelsea,Bradford,3,0,H
Derby,Newcastle,2,0,H
Leeds,Aston Villa,1,2,A
Leicester,West Ham,2,1,H
Liverpool,Arsenal,4,0,H
Man United,Ipswich,2,0,H
Sunderland,Man City,1,0,H
Tottenham,Middlesbrough,0,0,D
Arsenal,Leicester,6,1,H
Aston Villa,Man United,0,1,A
Bradford,Sunderland,1,4,A
Everton,Coventry,1,2,A
Ipswich,Chelsea,2,2,D
Man City,Derby,0,0,D
Middlesbrough,Liverpool,1,0,H
Newcastle,Leeds,2,1,H
West Ham,Charlton,5,0,H
Southampton,Tottenham,2,0,H
Arsenal,Sunderland,2,2,D
Ipswich,Tottenham,3,0,H
Man City,Charlton,1,4,A
Middlesbrough,Coventry,1,1,D
Newcastle,Man United,1,1,D
Southampton,Derby,1,0,H
Charlton,Arsenal,1,0,H
Chelsea,Aston Villa,1,0,H
Coventry,Man City,1,1,D
Derby,Everton,1,0,H
Leeds,Middlesbrough,1,1,D
Leicester,Bradford,1,2,A
Liverpool,Southampton,2,1,H
Man United,West Ham,3,1,H
Sunderland,Ipswich,4,1,H
Tottenham,Newcastle,4,2,H
Arsenal,Chelsea,1,1,D
Aston Villa,Liverpool,0,3,A
Bradford,Man United,0,3,A
Everton,Tottenham,0,0,D
Man City,Leeds,0,4,A
Middlesbrough,Derby,4,0,H
Newcastle,Coventry,3,1,H
Southampton,Charlton,0,0,D
West Ham,Sunderland,0,2,A
Ipswich,Leicester,2,0,H
Chelsea,Ipswich,4,1,H
Coventry,Everton,1,3,A
Derby,Man City,1,1,D
Leeds,Newcastle,1,3,A
Leicester,Arsenal,0,0,D
Liverpool,Middlesbrough,0,0,D
Man United,Aston Villa,2,0,H
Tottenham,Southampton,0,0,D
Sunderland,Bradford,0,0,D
Charlton,West Ham,1,1,D
Aston Villa,Leeds,1,2,A
Arsenal,Bradford,2,0,H
Charlton,Derby,2,1,H
Chelsea,Newcastle,3,1,H
Everton,Middlesbrough,2,2,D
Leeds,Coventry,1,0,H
Man City,Liverpool,1,1,D
Southampton,Leicester,1,0,H
Sunderland,Man United,0,1,A
West Ham,Tottenham,0,0,D
Bradford,Aston Villa,0,3,A
Coventry,Arsenal,0,1,A
Derby,Sunderland,1,0,H
Ipswich,Leeds,1,2,A
Leicester,Chelsea,2,1,H
Liverpool,West Ham,3,0,H
Man United,Everton,1,0,H
Middlesbrough,Man City,1,1,D
Tottenham,Charlton,0,0,D
Everton,Leeds,2,2,D
Arsenal,Ipswich,1,0,H
Aston Villa,Middlesbrough,1,1,D
Chelsea,Man United,1,1,D
Everton,Leicester,2,1,H
Leeds,Derby,0,0,D
Man City,Tottenham,0,1,A
Southampton,Bradford,2,0,H
Sunderland,Liverpool,1,1,D
Charlton,Newcastle,2,0,H
West Ham,Coventry,1,1,D
Bradford,West Ham,1,2,A
Coventry,Charlton,2,2,D
Derby,Aston Villa,1,0,H
Ipswich,Everton,2,0,H
Leicester,Sunderland,2,0,H
Middlesbrough,Southampton,0,1,A
Newcastle,Man City,0,1,A
Tottenham,Leeds,1,2,A
Man United,Arsenal,6,1,H
Arsenal,West Ham,3,0,H
Coventry,Chelsea,0,0,D
Derby,Tottenham,2,1,H
Everton,Newcastle,1,1,D
Leeds,Man United,1,1,D
Leicester,Liverpool,2,0,H
Man City,Southampton,0,1,A
Middlesbrough,Charlton,0,0,D
Ipswich,Bradford,3,1,H
Sunderland,Aston Villa,1,1,D
West Ham,Chelsea,0,2,A
Aston Villa,Ipswich,2,1,H
Bradford,Man City,2,2,D
Charlton,Leeds,1,2,A
Chelsea,Sunderland,2,4,A
Man United,Leicester,2,0,H
Newcastle,Middlesbrough,1,2,A
Southampton,Everton,1,0,H
Tottenham,Coventry,3,0,H
West Ham,Ipswich,0,1,A
Aston Villa,Arsenal,0,0,D
Liverpool,Derby,1,1,D
Arsenal,Tottenham,2,0,H
Bradford,Newcastle,2,2,D
Chelsea,Middlesbrough,2,1,H
Coventry,Derby,2,0,H
Liverpool,Man United,2,0,H
Man City,Aston Villa,1,3,A
Sunderland,Leeds,0,2,A
West Ham,Everton,0,2,A
Charlton,Leicester,2,0,H
Southampton,Ipswich,0,3,A
Aston Villa,Leicester,2,1,H
Aston Villa,West Ham,2,2,D
Derby,Chelsea,0,4,A
Leeds,Southampton,2,0,H
Leicester,Coventry,1,3,A
Everton,Man City,3,1,H
Middlesbrough,Sunderland,0,0,D
Ipswich,Liverpool,1,1,D
Man United,Charlton,2,1,H
Tottenham,Bradford,2,1,H
Man City,Arsenal,0,4,A
Bradford,Charlton,2,0,H
Liverpool,Leeds,1,2,A
Arsenal,Middlesbrough,0,3,A
Aston Villa,Everton,2,1,H
Chelsea,Southampton,1,0,H
Ipswich,Newcastle,1,0,H
Leicester,Man City,1,2,A
Man United,Coventry,4,2,H
Sunderland,Tottenham,2,3,A
West Ham,Derby,3,1,H
Coventry,Sunderland,1,0,H
Derby,Leicester,2,0,H
Everton,Liverpool,2,3,A
Middlesbrough,Ipswich,1,2,A
Newcastle,West Ham,2,1,H
Charlton,Aston Villa,3,3,D
Tottenham,Chelsea,0,3,A
Arsenal,Everton,4,1,H
Aston Villa,Southampton,0,0,D
Bradford,Derby,2,0,H
Chelsea,Charlton,0,1,A
Ipswich,Coventry,2,0,H
Leicester,Middlesbrough,0,3,A
Man United,Man City,1,1,D
Sunderland,Newcastle,1,1,D
West Ham,Leeds,0,2,A
Liverpool,Tottenham,3,1,H
Coventry,Liverpool,0,2,A
Derby,Arsenal,1,2,A
Everton,Bradford,2,1,H
Leeds,Chelsea,2,0,H
Man City,West Ham,1,0,H
Middlesbrough,Man United,0,2,A
Newcastle,Leicester,1,0,H
Southampton,Sunderland,0,1,A
Tottenham,Aston Villa,0,0,D
Charlton,Ipswich,2,1,H
Bradford,Liverpool,0,2,A
Newcastle,Southampton,1,1,D
Arsenal,Leeds,2,1,H
Aston Villa,Coventry,3,2,H
Bradford,Middlesbrough,1,1,D
Chelsea,Everton,2,1,H
Leicester,Tottenham,4,2,H
Liverpool,Newcastle,3,0,H
Man United,Derby,0,1,A
Sunderland,Charlton,3,2,H
West Ham,Southampton,3,0,H
Ipswich,Man City,2,1,H
Liverpool,Chelsea,2,2,D
Leeds,Bradford,6,1,H
Southampton,Man United,2,1,H
Newcastle,Arsenal,0,0,D
Charlton,Liverpool,0,4,A
Coventry,Bradford,0,0,D
Derby,Ipswich,1,1,D
Everton,Sunderland,2,2,D
Leeds,Leicester,3,1,H
Man City,Chelsea,1,2,A
Middlesbrough,West Ham,2,1,H
Newcastle,Aston Villa,3,0,H
Southampton,Arsenal,3,2,H
Tottenham,Man United,3,1,H
Charlton,Everton,1,2,A
Derby,Blackburn,2,1,H
Leeds,Southampton,2,0,H
Leicester,Bolton,0,5,A
Liverpool,West Ham,2,1,H
Middlesbrough,Arsenal,0,4,A
Sunderland,Ipswich,1,0,H
Tottenham,Aston Villa,0,0,D
Chelsea,Newcastle,1,1,D
Man United,Fulham,3,2,H
Everton,Tottenham,1,1,D
Arsenal,Leeds,1,2,A
Bolton,Middlesbrough,1,0,H
Ipswich,Derby,3,1,H
Blackburn,Man United,2,2,D
Fulham,Sunderland,2,0,H
Arsenal,Leicester,4,0,H
Blackburn,Tottenham,2,1,H
Everton,Middlesbrough,2,0,H
Fulham,Derby,0,0,D
Ipswich,Charlton,0,1,A
Southampton,Chelsea,0,2,A
West Ham,Leeds,0,0,D
Aston Villa,Man United,1,1,D
Newcastle,Sunderland,1,1,D
Bolton,Liverpool,2,1,H
Chelsea,Arsenal,1,1,D
Derby,West Ham,0,0,D
Leeds,Bolton,0,0,D
Leicester,Ipswich,1,1,D
Liverpool,Aston Villa,1,3,A
Man United,Everton,4,1,H
Middlesbrough,Newcastle,1,4,A
Sunderland,Blackburn,1,0,H
Charlton,Fulham,1,1,D
Tottenham,Southampton,2,0,H
Bolton,Southampton,0,1,A
Derby,Leicester,2,3,A
Everton,Liverpool,1,3,A
Fulham,Arsenal,1,3,A
Middlesbrough,West Ham,2,0,H
Newcastle,Man United,4,3,H
Aston Villa,Sunderland,0,0,D
Charlton,Leeds,0,2,A
Ipswich,Blackburn,1,1,D
Tottenham,Chelsea,2,3,A
Leicester,Middlesbrough,1,2,A
Blackburn,Bolton,1,1,D
Sunderland,Tottenham,1,2,A
Arsenal,Bolton,1,1,D
Blackburn,Everton,1,0,H
Leicester,Fulham,0,0,D
Liverpool,Tottenham,1,0,H
Man United,Ipswich,4,0,H
Sunderland,Charlton,2,2,D
Chelsea,Middlesbrough,2,2,D
Leeds,Derby,3,0,H
West Ham,Newcastle,3,0,H
Southampton,Aston Villa,1,3,A
Newcastle,Leicester,1,0,H
Bolton,Sunderland,0,2,A
Charlton,Leicester,2,0,H
Derby,Arsenal,0,2,A
Everton,West Ham,5,0,H
Middlesbrough,Southampton,1,3,A
Tottenham,Man United,3,5,A
Aston Villa,Blackburn,2,0,H
Fulham,Chelsea,1,1,D
Ipswich,Leeds,1,2,A
Newcastle,Liverpool,0,2,A
Bolton,Newcastle,0,4,A
Charlton,Middlesbrough,0,0,D
Chelsea,Leicester,2,0,H
Ipswich,Everton,0,0,D
Liverpool,Leeds,1,1,D
Southampton,Arsenal,0,2,A
Sunderland,Man United,1,3,A
Aston Villa,Fulham,2,0,H
Blackburn,West Ham,7,1,H
Tottenham,Derby,3,1,H
Arsenal,Blackburn,3,3,D
Derby,Charlton,1,1,D
Everton,Aston Villa,3,2,H
Leicester,Liverpool,1,4,A
Man United,Bolton,1,2,A
West Ham,Southampton,2,0,H
Fulham,Ipswich,1,1,D
Leeds,Chelsea,0,0,D
Newcastle,Tottenham,0,2,A
Middlesbrough,Sunderland,2,0,H
Aston Villa,Charlton,1,0,H
Southampton,Ipswich,3,3,D
West Ham,Chelsea,2,1,H
Aston Villa,Bolton,3,2,H
Charlton,Liverpool,0,2,A
Everton,Newcastle,1,3,A
Fulham,Southampton,2,1,H
Man United,Leeds,1,1,D
Sunderland,Arsenal,1,1,D
Tottenham,Middlesbrough,2,1,H
Derby,Chelsea,1,1,D
Ipswich,West Ham,2,3,A
Blackburn,Leicester,0,0,D
Bolton,Everton,2,2,D
Leicester,Sunderland,1,0,H
Middlesbrough,Derby,5,1,H
Newcastle,Aston Villa,3,0,H
Southampton,Blackburn,1,2,A
West Ham,Fulham,0,2,A
Arsenal,Charlton,2,4,A
Chelsea,Ipswich,2,1,H
Leeds,Tottenham,2,1,H
Liverpool,Man United,3,1,H
Aston Villa,Middlesbrough,0,0,D
Blackburn,Liverpool,1,1,D
Derby,Southampton,1,0,H
Fulham,Newcastle,3,1,H
Man United,Leicester,2,0,H
Tottenham,Arsenal,1,1,D
Everton,Chelsea,0,0,D
Ipswich,Bolton,1,2,A
Sunderland,Leeds,2,0,H
Charlton,West Ham,4,4,D
Bolton,Fulham,0,0,D
Chelsea,Blackburn,0,0,D
Leicester,Everton,0,0,D
Newcastle,Derby,1,0,H
Southampton,Charlton,1,0,H
West Ham,Tottenham,0,1,A
Arsenal,Man United,3,1,H
Leeds,Aston Villa,1,1,D
Liverpool,Sunderland,1,0,H
Middlesbrough,Ipswich,0,0,D
Aston Villa,Leicester,0,2,A
Blackburn,Middlesbrough,0,1,A
Charlton,Newcastle,1,1,D
Derby,Liverpool,0,1,A
Ipswich,Arsenal,0,2,A
Man United,Chelsea,0,3,A
Sunderland,West Ham,1,0,H
Everton,Southampton,2,0,H
Fulham,Leeds,0,0,D
Tottenham,Bolton,3,2,H
Chelsea,Charlton,0,1,A
West Ham,Aston Villa,1,1,D
Charlton,Tottenham,3,1,H
Derby,Bolton,1,0,H
Fulham,Everton,2,0,H
Leicester,Southampton,0,4,A
Liverpool,Middlesbrough,2,0,H
Man United,West Ham,0,1,A
Arsenal,Aston Villa,3,2,H
Blackburn,Leeds,1,2,A
Ipswich,Newcastle,0,1,A
Sunderland,Chelsea,0,0,D
Liverpool,Fulham,0,0,D
Man United,Derby,5,0,H
Bolton,Charlton,0,0,D
Everton,Derby,1,0,H
Middlesbrough,Man United,0,1,A
Newcastle,Blackburn,2,1,H
Southampton,Sunderland,2,0,H
Tottenham,Fulham,4,0,H
West Ham,Arsenal,1,1,D
Chelsea,Liverpool,4,0,H
Leeds,Leicester,2,2,D
Aston Villa,Ipswich,2,1,H
Arsenal,Newcastle,1,3,A
Leeds,Everton,3,2,H
Charlton,Blackburn,0,2,A
Derby,Aston Villa,3,1,H
Leeds,Newcastle,3,4,A
Leicester,West Ham,1,1,D
Man United,Southampton,6,1,H
Sunderland,Everton,1,0,H
Tottenham,Ipswich,1,2,A
Chelsea,Bolton,5,1,H
Liverpool,Arsenal,1,2,A
Arsenal,Chelsea,2,1,H
Aston Villa,Liverpool,1,2,A
Blackburn,Sunderland,0,3,A
Bolton,Leeds,0,3,A
Everton,Man United,0,2,A
Fulham,Charlton,0,0,D
Ipswich,Leicester,2,0,H
Newcastle,Middlesbrough,3,0,H
Southampton,Tottenham,1,0,H
West Ham,Derby,4,0,H
Arsenal,Middlesbrough,2,1,H
Aston Villa,Tottenham,1,1,D
Blackburn,Derby,0,1,A
Bolton,Leicester,2,2,D
Everton,Charlton,0,3,A
Ipswich,Sunderland,5,0,H
Newcastle,Chelsea,1,2,A
Southampton,Leeds,0,1,A
West Ham,Liverpool,1,1,D
Fulham,Man United,2,3,A
Charlton,Ipswich,3,2,H
Chelsea,Southampton,2,4,A
Leeds,West Ham,3,0,H
Liverpool,Bolton,1,1,D
Middlesbrough,Everton,1,0,H
Sunderland,Aston Villa,1,1,D
Tottenham,Blackburn,1,0,H
Derby,Fulham,0,1,A
Man United,Newcastle,3,1,H
Southampton,Liverpool,2,0,H
Aston Villa,Derby,2,1,H
Blackburn,Charlton,4,1,H
Bolton,Chelsea,2,2,D
Everton,Sunderland,1,0,H
Fulham,Middlesbrough,2,1,H
Ipswich,Tottenham,2,1,H
Newcastle,Leeds,3,1,H
West Ham,Leicester,1,0,H
Arsenal,Liverpool,1,1,D
Southampton,Man United,1,3,A
Derby,Ipswich,1,3,A
Leicester,Newcastle,0,0,D
Liverpool,Southampton,1,1,D
Man United,Blackburn,2,1,H
Middlesbrough,Bolton,1,1,D
Sunderland,Fulham,1,1,D
Tottenham,Everton,1,1,D
Chelsea,West Ham,5,1,H
Leeds,Arsenal,1,1,D
Charlton,Aston Villa,1,2,A
Man United,Liverpool,0,1,A
Leicester,Arsenal,1,3,A
Bolton,Man United,0,4,A
Charlton,Derby,1,0,H
Sunderland,Middlesbrough,0,1,A
Aston Villa,Everton,0,0,D
Blackburn,Arsenal,2,3,A
Chelsea,Leeds,2,0,H
Ipswich,Fulham,1,0,H
Liverpool,Leicester,1,0,H
Southampton,West Ham,2,0,H
Tottenham,Newcastle,1,3,A
Arsenal,Southampton,1,1,D
Derby,Tottenham,1,0,H
Everton,Ipswich,1,2,A
Fulham,Aston Villa,0,0,D
Leicester,Chelsea,2,3,A
Man United,Sunderland,4,1,H
Newcastle,Bolton,3,2,H
West Ham,Blackburn,2,0,H
Leeds,Liverpool,0,4,A
Middlesbrough,Charlton,0,0,D
Aston Villa,Chelsea,1,1,D
Bolton,West Ham,1,0,H
Derby,Sunderland,0,1,A
Fulham,Blackburn,2,0,H
Ipswich,Liverpool,0,6,A
Middlesbrough,Leeds,2,2,D
Newcastle,Southampton,3,1,H
Tottenham,Leicester,2,1,H
Charlton,Man United,0,2,A
Everton,Arsenal,0,1,A
Middlesbrough,Fulham,2,1,H
Arsenal,Fulham,4,1,H
Leicester,Derby,0,3,A
Liverpool,Everton,1,1,D
Man United,Aston Villa,1,0,H
Southampton,Bolton,0,0,D
West Ham,Middlesbrough,1,0,H
Leeds,Charlton,0,0,D
Sunderland,Newcastle,0,1,A
Aston Villa,West Ham,2,1,H
Bolton,Blackburn,1,1,D
Charlton,Chelsea,2,1,H
Fulham,Liverpool,0,2,A
Ipswich,Southampton,1,3,A
Middlesbrough,Leicester,1,0,H
Newcastle,Arsenal,0,2,A
Tottenham,Sunderland,2,1,H
Derby,Man United,2,2,D
Everton,Leeds,0,0,D
Arsenal,Derby,1,0,H
Blackburn,Aston Villa,3,0,H
Sunderland,Bolton,1,0,H
Chelsea,Fulham,3,2,H
Leeds,Ipswich,2,0,H
Liverpool,Newcastle,3,0,H
Man United,Tottenham,4,0,H
Southampton,Middlesbrough,1,1,D
West Ham,Everton,1,0,H
Leicester,Charlton,1,1,D
Blackburn,Ipswich,2,1,H
Chelsea,Tottenham,4,0,H
Bolton,Derby,1,3,A
Chelsea,Sunderland,4,0,H
Everton,Fulham,2,1,H
Middlesbrough,Liverpool,1,2,A
Newcastle,Ipswich,2,2,D
Southampton,Leicester,2,2,D
West Ham,Man United,3,5,A
Aston Villa,Arsenal,1,2,A
Leeds,Blackburn,3,1,H
Tottenham,Charlton,0,1,A
Charlton,Bolton,1,2,A
Derby,Everton,3,4,A
Ipswich,Aston Villa,0,0,D
Leicester,Leeds,0,2,A
Man United,Middlesbrough,0,1,A
Sunderland,Southampton,1,1,D
Fulham,Tottenham,0,2,A
Liverpool,Chelsea,1,0,H
Newcastle,Everton,6,2,H
Arsenal,Sunderland,3,0,H
Bolton,Aston Villa,3,2,H
Chelsea,Derby,2,1,H
Leeds,Man United,3,4,A
Leicester,Blackburn,2,1,H
Liverpool,Charlton,2,0,H
Middlesbrough,Tottenham,1,1,D
Southampton,Fulham,1,1,D
West Ham,Ipswich,3,1,H
Blackburn,Southampton,2,0,H
Charlton,Arsenal,0,3,A
Derby,Middlesbrough,0,1,A
Everton,Bolton,3,1,H
Fulham,West Ham,0,1,A
Ipswich,Chelsea,0,0,D
Sunderland,Leicester,2,1,H
Tottenham,Leeds,2,1,H
Aston Villa,Newcastle,1,1,D
Arsenal,Tottenham,2,1,H
Bolton,Ipswich,4,1,H
Chelsea,Everton,3,0,H
Leicester,Man United,0,1,A
Middlesbrough,Aston Villa,2,1,H
Southampton,Derby,2,0,H
West Ham,Charlton,2,0,H
Leeds,Sunderland,2,0,H
Newcastle,Fulham,1,1,D
Blackburn,Chelsea,0,0,D
Aston Villa,Leeds,0,1,A
Charlton,Southampton,1,1,D
Derby,Newcastle,2,3,A
Everton,Leicester,2,2,D
Sunderland,Liverpool,0,1,A
Tottenham,West Ham,1,1,D
Bolton,Tottenham,1,1,D
Chelsea,Man United,0,3,A
Leeds,Fulham,0,1,A
Leicester,Aston Villa,2,2,D
Liverpool,Derby,2,0,H
Middlesbrough,Blackburn,1,3,A
Newcastle,Charlton,3,0,H
Southampton,Everton,0,1,A
West Ham,Sunderland,3,0,H
Arsenal,Ipswich,2,0,H
Blackburn,Newcastle,2,2,D
Fulham,Bolton,3,0,H
Arsenal,West Ham,2,0,H
Ipswich,Middlesbrough,1,0,H
Aston Villa,Southampton,2,1,H
Charlton,Sunderland,2,2,D
Derby,Leeds,0,1,A
Fulham,Leicester,0,0,D
Ipswich,Man United,0,1,A
Middlesbrough,Chelsea,0,2,A
Newcastle,West Ham,3,1,H
Tottenham,Liverpool,1,0,H
Everton,Blackburn,1,2,A
Bolton,Arsenal,0,2,A
Liverpool,Blackburn,4,3,H
Man United,Arsenal,0,1,A
Arsenal,Everton,4,3,H
Blackburn,Fulham,3,0,H
Chelsea,Aston Villa,1,3,A
Leeds,Middlesbrough,1,0,H
Leicester,Tottenham,2,1,H
Liverpool,Ipswich,5,0,H
Man United,Charlton,0,0,D
Southampton,Newcastle,3,1,H
Sunderland,Derby,1,1,D
West Ham,Bolton,2,1,H
Blackburn,Sunderland,0,0,D
Charlton,Chelsea,2,3,A
Everton,Tottenham,2,2,D
Fulham,Bolton,4,1,H
Leeds,Man City,3,0,H
Man United,West Brom,1,0,H
Southampton,Middlesboro,0,0,D
Arsenal,Birmingham,2,0,H
Aston Villa,Liverpool,0,1,A
Newcastle,West Ham,4,0,H
Chelsea,Man United,2,2,D
Birmingham,Blackburn,0,1,A
Bolton,Charlton,1,2,A
Liverpool,Southampton,3,0,H
Man City,Newcastle,1,0,H
Middlesboro,Fulham,2,2,D
Sunderland,Everton,0,1,A
Tottenham,Aston Villa,1,0,H
West Brom,Leeds,1,3,A
West Ham,Arsenal,2,2,D
Arsenal,West Brom,5,2,H
Charlton,Tottenham,0,1,A
Aston Villa,Man City,1,0,H
Blackburn,Liverpool,2,2,D
Everton,Birmingham,1,1,D
Leeds,Sunderland,0,1,A
Southampton,Chelsea,1,1,D
Birmingham,Leeds,2,1,H
Man City,Everton,3,1,H
Middlesboro,Blackburn,1,0,H
Sunderland,Man United,1,1,D
Tottenham,Southampton,2,1,H
West Brom,Fulham,1,0,H
West Ham,Charlton,0,2,A
Bolton,Aston Villa,1,0,H
Chelsea,Arsenal,1,1,D
Liverpool,Newcastle,2,2,D
Man United,Middlesboro,1,0,H
Arsenal,Man City,2,1,H
Middlesboro,Sunderland,3,0,H
Aston Villa,Charlton,2,0,H
Blackburn,Chelsea,2,3,A
Fulham,Tottenham,3,2,H
Liverpool,Birmingham,2,2,D
Man United,Bolton,0,1,A
Newcastle,Leeds,0,2,A
Southampton,Everton,1,0,H
West Ham,West Brom,0,1,A
Bolton,Liverpool,2,3,A
Charlton,Arsenal,0,3,A
Chelsea,Newcastle,3,0,H
Everton,Middlesboro,2,1,H
Leeds,Man United,1,0,H
Sunderland,Fulham,0,3,A
West Brom,Southampton,1,0,H
Man City,Blackburn,2,2,D
Tottenham,West Ham,3,2,H
Birmingham,Aston Villa,3,0,H
Arsenal,Bolton,2,1,H
Liverpool,West Brom,2,0,H
Man United,Tottenham,1,0,H
Middlesboro,Birmingham,1,0,H
Newcastle,Sunderland,2,0,H
Southampton,Charlton,0,0,D
West Ham,Man City,0,0,D
Aston Villa,Everton,3,2,H
Blackburn,Leeds,1,0,H
Fulham,Chelsea,0,0,D
Birmingham,Newcastle,0,2,A
Bolton,Southampton,1,1,D
Charlton,Man United,1,3,A
Chelsea,West Ham,2,3,A
Everton,Fulham,2,0,H
Leeds,Arsenal,1,4,A
Man City,Liverpool,0,3,A
Sunderland,Aston Villa,1,0,H
Tottenham,Middlesboro,0,3,A
West Brom,Blackburn,0,2,A
Middlesboro,Bolton,2,0,H
Newcastle,West Brom,2,1,H
Southampton,Man City,2,0,H
West Ham,Birmingham,1,2,A
Arsenal,Sunderland,3,1,H
Aston Villa,Leeds,0,0,D
Blackburn,Tottenham,1,2,A
Fulham,Charlton,1,0,H
Liverpool,Chelsea,1,0,H
Man United,Everton,3,0,H
Blackburn,Newcastle,5,2,H
Everton,Arsenal,2,1,H
Fulham,Man United,1,1,D
Leeds,Liverpool,0,1,A
Man City,Chelsea,0,3,A
Sunderland,West Ham,0,1,A
West Brom,Birmingham,1,1,D
Charlton,Middlesboro,1,0,H
Tottenham,Bolton,3,1,H
Aston Villa,Southampton,0,1,A
Fulham,West Ham,0,1,A
Arsenal,Blackburn,1,2,A
Birmingham,Man City,0,2,A
Chelsea,West Brom,2,0,H
Liverpool,Tottenham,2,1,H
Man United,Aston Villa,1,1,D
Middlesboro,Leeds,2,2,D
Newcastle,Charlton,2,1,H
Southampton,Fulham,4,2,H
West Ham,Everton,0,1,A
Bolton,Sunderland,1,1,D
Birmingham,Bolton,3,1,H
Liverpool,West Ham,2,0,H
Man United,Southampton,2,1,H
West Brom,Man City,1,2,A
Blackburn,Aston Villa,0,0,D
Charlton,Sunderland,1,1,D
Fulham,Arsenal,0,1,A
Leeds,Everton,0,1,A
Tottenham,Chelsea,0,0,D
Newcastle,Middlesboro,2,0,H
Arsenal,Newcastle,1,0,H
Aston Villa,Fulham,3,1,H
Bolton,West Brom,1,1,D
Chelsea,Birmingham,3,0,H
Everton,Charlton,1,0,H
Man City,Man United,3,1,H
Middlesboro,Liverpool,1,0,H
Southampton,Blackburn,1,1,D
Sunderland,Tottenham,2,0,H
West Ham,Leeds,3,4,A
Arsenal,Tottenham,3,0,H
Chelsea,Middlesboro,1,0,H
Man City,Charlton,0,1,A
Newcastle,Southampton,2,1,H
West Brom,Aston Villa,0,0,D
Birmingham,Fulham,0,0,D
Blackburn,Everton,0,1,A
Leeds,Bolton,2,4,A
Liverpool,Sunderland,0,0,D
West Ham,Man United,1,1,D
Aston Villa,West Ham,4,1,H
Bolton,Chelsea,1,1,D
Everton,West Brom,1,0,H
Fulham,Liverpool,3,2,H
Man United,Newcastle,5,3,H
Middlesboro,Man City,3,1,H
Southampton,Arsenal,3,2,H
Sunderland,Birmingham,0,1,A
Charlton,Blackburn,3,1,H
Tottenham,Leeds,2,0,H
Arsenal,Aston Villa,3,1,H
Birmingham,Tottenham,1,1,D
Blackburn,Fulham,2,1,H
Chelsea,Sunderland,3,0,H
Man City,Bolton,2,0,H
West Brom,Middlesboro,1,0,H
Leeds,Charlton,1,2,A
Liverpool,Man United,1,2,A
Newcastle,Everton,2,1,H
West Ham,Southampton,0,1,A
Aston Villa,Newcastle,0,1,A
Bolton,Blackburn,1,1,D
Charlton,Liverpool,2,0,H
Everton,Chelsea,1,3,A
Fulham,Leeds,1,0,H
Man United,Arsenal,2,0,H
Middlesboro,West Ham,2,2,D
Southampton,Birmingham,2,0,H
Tottenham,West Brom,3,1,H
Sunderland,Man City,0,3,A
Aston Villa,West Brom,2,1,H
Charlton,Man City,2,2,D
Everton,Blackburn,2,1,H
Man United,West Ham,3,0,H
Middlesboro,Chelsea,1,1,D
Southampton,Newcastle,1,1,D
Fulham,Birmingham,0,1,A
Sunderland,Liverpool,2,1,H
Tottenham,Arsenal,1,1,D
Bolton,Leeds,0,3,A
Arsenal,Middlesboro,2,0,H
Birmingham,Charlton,1,1,D
Chelsea,Aston Villa,2,0,H
Leeds,Southampton,1,1,D
Newcastle,Fulham,2,0,H
West Brom,Sunderland,2,2,D
West Ham,Bolton,1,1,D
Blackburn,Man United,1,0,H
Liverpool,Everton,0,0,D
Man City,Tottenham,2,3,A
Birmingham,Everton,1,1,D
Bolton,Newcastle,4,3,H
Chelsea,Southampton,0,0,D
Liverpool,Blackburn,1,1,D
Man City,Aston Villa,3,1,H
Middlesboro,Man United,3,1,H
Sunderland,Leeds,1,2,A
Tottenham,Charlton,2,2,D
West Brom,Arsenal,1,2,A
West Ham,Fulham,1,1,D
Aston Villa,Middlesboro,1,0,H
Blackburn,West Ham,2,2,D
Charlton,West Brom,1,0,H
Everton,Bolton,0,0,D
Fulham,Man City,0,1,A
Leeds,Chelsea,2,0,H
Man United,Birmingham,2,0,H
Southampton,Sunderland,2,1,H
Arsenal,Liverpool,1,1,D
Newcastle,Tottenham,2,1,H
Arsenal,Chelsea,3,2,H
Aston Villa,Bolton,2,0,H
Blackburn,Middlesboro,1,0,H
Everton,Man City,2,2,D
Leeds,Birmingham,2,0,H
Man United,Sunderland,2,1,H
Newcastle,Liverpool,1,0,H
Southampton,Tottenham,1,0,H
Bolton,Fulham,0,0,D
Chelsea,Charlton,4,1,H
Liverpool,Aston Villa,1,1,D
Man City,Leeds,2,1,H
Middlesboro,Southampton,2,2,D
Sunderland,Blackburn,0,0,D
West Brom,Man United,1,3,A
West Ham,Newcastle,2,2,D
Birmingham,Arsenal,0,4,A
Tottenham,Everton,4,3,H
Aston Villa,Tottenham,0,1,A
Blackburn,Birmingham,1,1,D
Charlton,Bolton,1,1,D
Everton,Sunderland,2,1,H
Leeds,West Brom,0,0,D
Man United,Chelsea,2,1,H
Newcastle,Man City,2,0,H
Southampton,Liverpool,0,1,A
Arsenal,West Ham,3,1,H
Fulham,Middlesboro,1,0,H
Charlton,West Ham,4,2,H
Newcastle,Bolton,1,0,H
Bolton,Everton,1,2,A
Chelsea,Leeds,3,2,H
Middlesboro,Aston Villa,2,5,A
Sunderland,Southampton,0,1,A
Liverpool,Arsenal,2,2,D
Man City,Fulham,4,1,H
Tottenham,Newcastle,0,1,A
West Brom,Charlton,0,1,A
West Ham,Blackburn,2,1,H
Arsenal,Fulham,2,1,H
Bolton,Birmingham,4,2,H
Chelsea,Tottenham,1,1,D
Everton,Leeds,2,0,H
Man City,West Brom,1,2,A
Southampton,Man United,0,2,A
Sunderland,Charlton,1,3,A
Aston Villa,Blackburn,3,0,H
West Ham,Liverpool,0,3,A
Birmingham,Man United,0,1,A
Birmingham,Chelsea,1,3,A
Blackburn,Southampton,1,0,H
Charlton,Everton,2,1,H
Fulham,Aston Villa,2,1,H
Leeds,West Ham,1,0,H
Liverpool,Middlesboro,1,1,D
Tottenham,Sunderland,4,1,H
West Brom,Bolton,1,1,D
Man United,Man City,1,1,D
Newcastle,Arsenal,1,1,D
Fulham,West Brom,3,0,H
Bolton,Man United,1,1,D
Charlton,Aston Villa,3,0,H
Chelsea,Blackburn,1,2,A
Everton,Southampton,2,1,H
Leeds,Newcastle,0,3,A
Man City,Arsenal,1,5,A
Sunderland,Middlesboro,1,3,A
Birmingham,Liverpool,2,1,H
West Brom,West Ham,1,2,A
Tottenham,Fulham,1,1,D
Blackburn,Man City,1,0,H
Fulham,Sunderland,1,0,H
Middlesboro,Everton,1,1,D
Newcastle,Chelsea,2,1,H
Southampton,West Brom,1,0,H
West Ham,Tottenham,2,0,H
Arsenal,Charlton,2,0,H
Aston Villa,Birmingham,0,2,A
Man United,Leeds,2,1,H
Middlesboro,Newcastle,1,0,H
Liverpool,Bolton,2,0,H
Aston Villa,Man United,0,1,A
Blackburn,Arsenal,2,0,H
Charlton,Newcastle,0,2,A
Everton,West Ham,0,0,D
Fulham,Southampton,2,2,D
Leeds,Middlesboro,2,3,A
Sunderland,Bolton,0,2,A
Man City,Birmingham,1,0,H
Tottenham,Liverpool,2,3,A
West Brom,Chelsea,0,2,A
Birmingham,West Brom,1,0,H
Chelsea,Man City,5,0,H
Man United,Fulham,3,0,H
Middlesboro,Charlton,1,1,D
Newcastle,Blackburn,5,1,H
Southampton,Aston Villa,2,2,D
West Ham,Sunderland,2,0,H
Arsenal,Everton,2,1,H
Liverpool,Leeds,3,1,H
Bolton,Tottenham,1,0,H
Aston Villa,Arsenal,1,1,D
Bolton,Man City,2,0,H
Charlton,Leeds,1,6,A
Man United,Liverpool,4,0,H
Middlesboro,West Brom,3,0,H
Southampton,West Ham,1,1,D
Sunderland,Chelsea,1,2,A
Tottenham,Birmingham,2,1,H
Everton,Newcastle,2,1,H
Fulham,Blackburn,0,4,A
Birmingham,Sunderland,2,0,H
Blackburn,Charlton,1,0,H
Chelsea,Bolton,1,0,H
Leeds,Tottenham,2,2,D
Liverpool,Fulham,2,0,H
Man City,Middlesboro,0,0,D
Newcastle,Man United,2,6,A
West Brom,Everton,1,2,A
West Ham,Aston Villa,2,2,D
Arsenal,Man United,2,2,D
Tottenham,Man City,0,2,A
Aston Villa,Chelsea,2,1,H
Bolton,West Ham,1,0,H
Charlton,Birmingham,0,2,A
Everton,Liverpool,1,2,A
Fulham,Newcastle,2,1,H
Man United,Blackburn,3,1,H
Middlesboro,Arsenal,0,2,A
Southampton,Leeds,3,2,H
Sunderland,West Brom,1,2,A
Birmingham,Southampton,3,2,H
Blackburn,Bolton,0,0,D
Chelsea,Everton,4,1,H
Liverpool,Charlton,2,1,H
Man City,Sunderland,3,0,H
Newcastle,Aston Villa,1,1,D
West Brom,Tottenham,2,3,A
West Ham,Middlesboro,1,0,H
Leeds,Fulham,2,0,H
Birmingham,Middlesboro,3,0,H
Bolton,Arsenal,2,2,D
Charlton,Southampton,2,1,H
Chelsea,Fulham,1,1,D
Everton,Aston Villa,2,1,H
Leeds,Blackburn,2,3,A
Sunderland,Newcastle,0,1,A
West Brom,Liverpool,0,6,A
Man City,West Ham,0,1,A
Tottenham,Man United,0,2,A
Aston Villa,Sunderland,1,0,H
Blackburn,West Brom,1,1,D
Fulham,Everton,2,0,H
Liverpool,Man City,1,2,A
Man United,Charlton,4,1,H
Middlesboro,Tottenham,5,1,H
Newcastle,Birmingham,1,0,H
Southampton,Bolton,0,0,D
West Ham,Chelsea,1,0,H
Arsenal,Leeds,2,3,A
Arsenal,Southampton,6,1,H
Birmingham,West Ham,2,2,D
Bolton,Middlesboro,2,1,H
Charlton,Fulham,0,1,A
Chelsea,Liverpool,2,1,H
Everton,Man United,1,2,A
Leeds,Aston Villa,3,1,H
Man City,Southampton,0,1,A
Sunderland,Arsenal,0,4,A
Tottenham,Blackburn,0,4,A
West Brom,Newcastle,2,2,D
Arsenal,Everton,2,1,H
Birmingham,Tottenham,1,0,H
Blackburn,Wolves,5,1,H
Fulham,Middlesbrough,3,2,H
Leicester,Southampton,2,2,D
Man United,Bolton,4,0,H
Portsmouth,Aston Villa,2,1,H
Charlton,Man City,0,3,A
Leeds,Newcastle,2,2,D
Liverpool,Chelsea,1,2,A
Bolton,Blackburn,2,2,D
Chelsea,Leicester,2,1,H
Everton,Fulham,3,1,H
Man City,Portsmouth,1,1,D
Newcastle,Man United,1,2,A
Southampton,Birmingham,0,0,D
Tottenham,Leeds,2,1,H
Wolves,Charlton,0,4,A
Aston Villa,Liverpool,0,0,D
Middlesbrough,Arsenal,0,4,A
Blackburn,Man City,2,3,A
Charlton,Everton,2,2,D
Leeds,Southampton,0,0,D
Leicester,Middlesbrough,0,0,D
Portsmouth,Bolton,4,0,H
Arsenal,Aston Villa,2,0,H
Liverpool,Tottenham,0,0,D
Man United,Wolves,1,0,H
Aston Villa,Leicester,3,1,H
Bolton,Charlton,0,0,D
Chelsea,Blackburn,2,2,D
Everton,Liverpool,0,3,A
Middlesbrough,Leeds,2,3,A
Newcastle,Birmingham,0,1,A
Tottenham,Fulham,0,3,A
Wolves,Portsmouth,0,0,D
Man City,Arsenal,1,2,A
Southampton,Man United,1,0,H
Arsenal,Portsmouth,1,1,D
Blackburn,Liverpool,1,3,A
Bolton,Middlesbrough,2,0,H
Charlton,Man United,0,2,A
Chelsea,Tottenham,4,2,H
Everton,Newcastle,2,2,D
Southampton,Wolves,2,0,H
Birmingham,Fulham,2,2,D
Man City,Aston Villa,4,1,H
Leicester,Leeds,4,0,H
Aston Villa,Charlton,2,1,H
Fulham,Man City,2,2,D
Leeds,Birmingham,0,2,A
Liverpool,Leicester,2,1,H
Newcastle,Bolton,0,0,D
Portsmouth,Blackburn,1,2,A
Tottenham,Southampton,1,3,A
Wolves,Chelsea,0,5,A
Man United,Arsenal,0,0,D
Middlesbrough,Everton,1,0,H
Arsenal,Newcastle,3,2,H
Birmingham,Portsmouth,2,0,H
Bolton,Wolves,1,1,D
Chelsea,Aston Villa,1,0,H
Leicester,Man United,1,4,A
Southampton,Middlesbrough,0,1,A
Blackburn,Fulham,0,2,A
Charlton,Liverpool,3,2,H
Everton,Leeds,4,0,H
Man City,Tottenham,0,0,D
Fulham,Leicester,2,0,H
Leeds,Blackburn,2,1,H
Liverpool,Arsenal,1,2,A
Man United,Birmingham,3,0,H
Newcastle,Southampton,1,0,H
Portsmouth,Charlton,1,2,A
Tottenham,Everton,3,0,H
Wolves,Man City,1,0,H
Aston Villa,Bolton,1,1,D
Middlesbrough,Chelsea,1,2,A
Birmingham,Chelsea,0,0,D
Arsenal,Chelsea,2,1,H
Fulham,Wolves,0,0,D
Leeds,Man United,0,1,A
Man City,Bolton,6,2,H
Middlesbrough,Newcastle,0,1,A
Portsmouth,Liverpool,1,0,H
Birmingham,Aston Villa,0,0,D
Everton,Southampton,0,0,D
Leicester,Tottenham,1,2,A
Blackburn,Charlton,0,1,A
Fulham,Newcastle,2,3,A
Aston Villa,Everton,0,0,D
Bolton,Birmingham,0,1,A
Chelsea,Man City,1,0,H
Liverpool,Leeds,3,1,H
Man United,Fulham,1,3,A
Newcastle,Portsmouth,3,0,H
Southampton,Blackburn,2,0,H
Wolves,Leicester,4,3,H
Charlton,Arsenal,1,1,D
Tottenham,Middlesbrough,0,0,D
Everton,Chelsea,0,1,A
Leeds,Arsenal,1,4,A
Man United,Portsmouth,3,0,H
Middlesbrough,Wolves,2,0,H
Newcastle,Aston Villa,1,1,D
Southampton,Man City,0,2,A
Tottenham,Bolton,0,1,A
Fulham,Liverpool,1,2,A
Leicester,Blackburn,2,0,H
Birmingham,Charlton,1,2,A
Arsenal,Tottenham,2,1,H
Aston Villa,Middlesbrough,0,2,A
Bolton,Southampton,0,0,D
Charlton,Fulham,3,1,H
Portsmouth,Leeds,6,1,H
Wolves,Birmingham,1,1,D
Chelsea,Newcastle,5,0,H
Liverpool,Man United,1,2,A
Man City,Leicester,0,3,A
Blackburn,Everton,2,1,H
Birmingham,Arsenal,0,3,A
Everton,Wolves,2,0,H
Leeds,Bolton,0,2,A
Leicester,Charlton,1,1,D
Man United,Blackburn,2,1,H
Middlesbrough,Liverpool,0,0,D
Newcastle,Man City,3,0,H
Southampton,Chelsea,0,1,A
Tottenham,Aston Villa,2,1,H
Fulham,Portsmouth,2,0,H
Aston Villa,Southampton,1,0,H
Blackburn,Tottenham,1,0,H
Bolton,Everton,2,0,H
Charlton,Leeds,0,1,A
Portsmouth,Leicester,0,2,A
Wolves,Newcastle,1,1,D
Arsenal,Fulham,0,0,D
Chelsea,Man United,1,0,H
Liverpool,Birmingham,3,1,H
Man City,Middlesbrough,0,1,A
Birmingham,Blackburn,0,4,A
Fulham,Bolton,2,1,H
Leeds,Chelsea,1,1,D
Leicester,Arsenal,1,1,D
Man United,Aston Villa,4,0,H
Middlesbrough,Portsmouth,0,0,D
Newcastle,Liverpool,1,1,D
Tottenham,Wolves,5,2,H
Everton,Man City,0,0,D
Southampton,Charlton,3,2,H
Chelsea,Bolton,1,2,A
Leicester,Birmingham,0,2,A
Liverpool,Southampton,1,2,A
Man United,Man City,3,1,H
Middlesbrough,Charlton,0,0,D
Newcastle,Tottenham,4,0,H
Portsmouth,Everton,1,2,A
Arsenal,Blackburn,1,0,H
Aston Villa,Wolves,3,2,H
Leeds,Fulham,3,2,H
Blackburn,Aston Villa,0,2,A
Bolton,Arsenal,1,1,D
Charlton,Newcastle,0,0,D
Everton,Leicester,3,2,H
Fulham,Chelsea,0,1,A
Southampton,Portsmouth,3,0,H
Tottenham,Man United,1,2,A
Man City,Leeds,1,1,D
Arsenal,Wolves,3,0,H
Birmingham,Man City,2,1,H
Blackburn,Middlesbrough,2,2,D
Charlton,Chelsea,4,2,H
Fulham,Southampton,2,0,H
Leeds,Aston Villa,0,0,D
Leicester,Newcastle,1,1,D
Liverpool,Bolton,3,1,H
Man United,Everton,3,2,H
Portsmouth,Tottenham,2,0,H
Aston Villa,Fulham,3,0,H
Bolton,Leicester,2,2,D
Chelsea,Portsmouth,3,0,H
Everton,Birmingham,1,0,H
Man City,Liverpool,2,2,D
Middlesbrough,Man United,0,1,A
Newcastle,Blackburn,0,1,A
Tottenham,Charlton,0,1,A
Wolves,Leeds,3,1,H
Southampton,Arsenal,0,1,A
Aston Villa,Portsmouth,2,1,H
Bolton,Man United,1,2,A
Chelsea,Liverpool,0,1,A
Everton,Arsenal,1,1,D
Man City,Charlton,1,1,D
Middlesbrough,Fulham,2,1,H
Newcastle,Leeds,1,0,H
Southampton,Leicester,0,0,D
Tottenham,Birmingham,4,1,H
Wolves,Blackburn,2,2,D
Arsenal,Middlesbrough,4,1,H
Birmingham,Southampton,2,1,H
Blackburn,Bolton,3,4,A
Charlton,Wolves,2,0,H
Fulham,Everton,2,1,H
Leeds,Tottenham,0,1,A
Liverpool,Aston Villa,1,0,H
Portsmouth,Man City,4,2,H
Leicester,Chelsea,0,4,A
Man United,Newcastle,0,0,D
Bolton,Portsmouth,1,0,H
Everton,Charlton,0,1,A
Man City,Blackburn,1,1,D
Middlesbrough,Leicester,3,3,D
Southampton,Leeds,2,1,H
Tottenham,Liverpool,2,1,H
Wolves,Man United,1,0,H
Aston Villa,Arsenal,0,2,A
Chelsea,Birmingham,0,0,D
Newcastle,Fulham,3,1,H
Wolves,Liverpool,1,1,D
Birmingham,Newcastle,1,1,D
Charlton,Bolton,1,2,A
Fulham,Tottenham,2,1,H
Leeds,Middlesbrough,0,3,A
Leicester,Aston Villa,0,5,A
Liverpool,Everton,0,0,D
Man United,Southampton,3,2,H
Portsmouth,Wolves,0,0,D
Arsenal,Man City,2,1,H
Blackburn,Chelsea,2,3,A
Aston Villa,Leeds,2,0,H
Bolton,Liverpool,2,2,D
Everton,Man United,3,4,A
Middlesbrough,Blackburn,0,1,A
Newcastle,Leicester,3,1,H
Southampton,Fulham,0,0,D
Tottenham,Portsmouth,4,3,H
Wolves,Arsenal,1,3,A
Chelsea,Charlton,1,0,H
Man City,Birmingham,0,0,D
Arsenal,Southampton,2,0,H
Leeds,Wolves,4,1,H
Leicester,Bolton,1,1,D
Birmingham,Everton,3,0,H
Blackburn,Newcastle,1,1,D
Charlton,Tottenham,2,4,A
Fulham,Aston Villa,1,2,A
Liverpool,Man City,2,1,H
Man United,Middlesbrough,2,3,A
Portsmouth,Chelsea,0,2,A
Bolton,Man City,1,3,A
Charlton,Blackburn,3,2,H
Chelsea,Arsenal,1,2,A
Man United,Leeds,1,1,D
Newcastle,Middlesbrough,2,1,H
Southampton,Everton,3,3,D
Wolves,Fulham,2,1,H
Aston Villa,Birmingham,2,2,D
Tottenham,Leicester,4,4,D
Arsenal,Charlton,2,1,H
Blackburn,Southampton,1,1,D
Everton,Aston Villa,2,0,H
Fulham,Man United,1,1,D
Leicester,Wolves,0,0,D
Man City,Chelsea,0,1,A
Leeds,Liverpool,2,2,D
Portsmouth,Newcastle,1,1,D
Birmingham,Middlesbrough,3,1,H
Birmingham,Bolton,2,0,H
Middlesbrough,Tottenham,1,0,H
Birmingham,Leicester,0,1,A
Blackburn,Arsenal,0,2,A
Bolton,Chelsea,0,2,A
Charlton,Middlesbrough,1,0,H
Everton,Portsmouth,1,0,H
Fulham,Leeds,2,0,H
Man City,Man United,4,1,H
Southampton,Liverpool,2,0,H
Tottenham,Newcastle,1,0,H
Wolves,Aston Villa,0,4,A
Liverpool,Portsmouth,3,0,H
Arsenal,Bolton,2,1,H
Aston Villa,Blackburn,0,2,A
Chelsea,Fulham,2,1,H
Leicester,Everton,1,1,D
Liverpool,Wolves,1,0,H
Man United,Tottenham,3,0,H
Middlesbrough,Birmingham,5,3,H
Newcastle,Charlton,3,1,H
Portsmouth,Southampton,1,0,H
Leeds,Man City,2,1,H
Birmingham,Leeds,4,1,H
Blackburn,Portsmouth,1,2,A
Charlton,Aston Villa,1,2,A
Chelsea,Wolves,5,2,H
Everton,Middlesbrough,1,1,D
Man City,Fulham,0,0,D
Southampton,Tottenham,1,0,H
Arsenal,Man United,1,1,D
Bolton,Newcastle,1,0,H
Leicester,Liverpool,0,0,D
Fulham,Birmingham,0,0,D
Middlesbrough,Bolton,2,0,H
Newcastle,Everton,4,2,H
Tottenham,Chelsea,0,1,A
Wolves,Southampton,1,4,A
Aston Villa,Man City,1,1,D
Liverpool,Blackburn,4,0,H
Leeds,Leicester,3,2,H
Arsenal,Liverpool,4,2,H
Everton,Tottenham,3,1,H
Birmingham,Man United,1,2,A
Blackburn,Leeds,1,2,A
Bolton,Aston Villa,2,2,D
Charlton,Portsmouth,1,1,D
Chelsea,Middlesbrough,0,0,D
Leicester,Fulham,0,2,A
Man City,Wolves,3,3,D
Newcastle,Arsenal,0,0,D
Aston Villa,Chelsea,3,2,H
Fulham,Blackburn,3,4,A
Liverpool,Charlton,0,1,A
Middlesbrough,Southampton,3,1,H
Portsmouth,Birmingham,3,1,H
Tottenham,Man City,1,1,D
Wolves,Bolton,1,2,A
Leeds,Everton,1,1,D
Man United,Leicester,1,0,H
Arsenal,Leeds,5,0,H
Blackburn,Leicester,1,0,H
Bolton,Tottenham,2,0,H
Charlton,Birmingham,1,1,D
Chelsea,Everton,0,0,D
Liverpool,Fulham,0,0,D
Man City,Southampton,1,3,A
Portsmouth,Man United,1,0,H
Wolves,Middlesbrough,2,0,H
Aston Villa,Newcastle,0,0,D
Man United,Charlton,2,0,H
Everton,Blackburn,0,1,A
Fulham,Charlton,2,0,H
Leicester,Man City,1,1,D
Man United,Liverpool,0,1,A
Middlesbrough,Aston Villa,1,2,A
Southampton,Bolton,1,2,A
Birmingham,Wolves,2,2,D
Leeds,Portsmouth,1,2,A
Newcastle,Chelsea,2,1,H
Tottenham,Arsenal,2,2,D
Arsenal,Birmingham,0,0,D
Blackburn,Man United,1,0,H
Charlton,Leicester,2,2,D
Chelsea,Southampton,4,0,H
Man City,Newcastle,1,0,H
Portsmouth,Fulham,1,1,D
Wolves,Everton,2,1,H
Aston Villa,Tottenham,1,0,H
Bolton,Leeds,4,1,H
Liverpool,Middlesbrough,2,0,H
Portsmouth,Arsenal,1,1,D
Birmingham,Liverpool,0,3,A
Everton,Bolton,1,2,A
Leeds,Charlton,3,3,D
Leicester,Portsmouth,3,1,H
Man United,Chelsea,1,1,D
Middlesbrough,Man City,2,1,H
Southampton,Aston Villa,1,1,D
Tottenham,Blackburn,1,0,H
Fulham,Arsenal,0,1,A
Newcastle,Wolves,1,1,D
Southampton,Newcastle,3,3,D
Arsenal,Leicester,2,1,H
Aston Villa,Man United,0,2,A
Blackburn,Birmingham,1,1,D
Bolton,Fulham,0,2,A
Charlton,Southampton,2,1,H
Chelsea,Leeds,1,0,H
Liverpool,Newcastle,1,1,D
Man City,Everton,5,1,H
Portsmouth,Middlesbrough,5,1,H
Wolves,Tottenham,0,2,A
Aston Villa,Southampton,2,0,H
Blackburn,West Brom,1,1,D
Bolton,Charlton,4,1,H
Man City,Fulham,1,1,D
Middlesbrough,Newcastle,2,2,D
Norwich,Crystal Palace,1,1,D
Portsmouth,Birmingham,1,1,D
Tottenham,Liverpool,1,1,D
Chelsea,Man United,1,0,H
Everton,Arsenal,1,4,A
Birmingham,Chelsea,0,1,A
Charlton,Portsmouth,2,1,H
Crystal Palace,Everton,1,3,A
Fulham,Bolton,2,0,H
Liverpool,Man City,2,1,H
Man United,Norwich,2,1,H
Newcastle,Tottenham,0,1,A
Southampton,Blackburn,3,2,H
Arsenal,Middlesbrough,5,3,H
West Brom,Aston Villa,1,1,D
Birmingham,Man City,1,0,H
Crystal Palace,Chelsea,0,2,A
Arsenal,Blackburn,3,0,H
Charlton,Aston Villa,3,0,H
Fulham,Middlesbrough,0,2,A
Newcastle,Norwich,2,2,D
Southampton,Bolton,1,2,A
West Brom,Tottenham,1,1,D
Aston Villa,Newcastle,4,2,H
Blackburn,Man United,1,1,D
Chelsea,Southampton,2,1,H
Everton,West Brom,2,1,H
Man City,Charlton,4,0,H
Middlesbrough,Crystal Palace,2,1,H
Norwich,Arsenal,1,4,A
Tottenham,Birmingham,1,0,H
Bolton,Liverpool,1,0,H
Man United,Everton,0,0,D
Portsmouth,Fulham,4,3,H
Aston Villa,Chelsea,0,0,D
Bolton,Man United,2,2,D
Fulham,Arsenal,0,3,A
Liverpool,West Brom,3,0,H
Man City,Everton,0,1,A
Middlesbrough,Birmingham,2,1,H
Newcastle,Blackburn,3,0,H
Portsmouth,Crystal Palace,3,1,H
Tottenham,Norwich,0,0,D
Charlton,Southampton,0,0,D
Arsenal,Bolton,2,2,D
Birmingham,Charlton,1,1,D
Blackburn,Portsmouth,1,0,H
Crystal Palace,Man City,1,2,A
Norwich,Aston Villa,0,0,D
West Brom,Fulham,1,1,D
Chelsea,Tottenham,0,0,D
Everton,Middlesbrough,1,0,H
Southampton,Newcastle,1,2,A
Man United,Liverpool,2,1,H
Aston Villa,Crystal Palace,1,1,D
Bolton,Birmingham,1,1,D
Fulham,Southampton,1,0,H
Liverpool,Norwich,3,0,H
Man City,Arsenal,0,1,A
Middlesbrough,Chelsea,0,1,A
Newcastle,West Brom,3,1,H
Tottenham,Man United,0,1,A
Portsmouth,Everton,0,1,A
Charlton,Blackburn,1,0,H
Arsenal,Charlton,4,0,H
Blackburn,Aston Villa,2,2,D
Everton,Tottenham,0,1,A
Norwich,Portsmouth,2,2,D
Southampton,Man City,0,0,D
West Brom,Bolton,2,1,H
Birmingham,Newcastle,2,2,D
Chelsea,Liverpool,1,0,H
Man United,Middlesbrough,1,1,D
Crystal Palace,Fulham,2,0,H
Arsenal,Aston Villa,3,1,H
Birmingham,Man United,0,0,D
Blackburn,Middlesbrough,0,4,A
Bolton,Crystal Palace,1,0,H
Everton,Southampton,1,0,H
Fulham,Liverpool,2,4,A
Man City,Chelsea,1,0,H
West Brom,Norwich,0,0,D
Charlton,Newcastle,1,1,D
Portsmouth,Tottenham,1,0,H
Aston Villa,Fulham,2,0,H
Chelsea,Blackburn,4,0,H
Crystal Palace,West Brom,3,0,H
Liverpool,Charlton,2,0,H
Norwich,Everton,2,3,A
Tottenham,Bolton,1,2,A
Man United,Arsenal,2,0,H
Middlesbrough,Portsmouth,1,1,D
Newcastle,Man City,4,3,H
Southampton,Birmingham,0,0,D
Arsenal,Southampton,2,2,D
Birmingham,Crystal Palace,0,1,A
Blackburn,Liverpool,2,2,D
Charlton,Middlesbrough,1,2,A
Everton,Aston Villa,1,1,D
Fulham,Tottenham,2,0,H
Portsmouth,Man United,2,0,H
West Brom,Chelsea,1,4,A
Bolton,Newcastle,2,1,H
Man City,Norwich,1,1,D
Aston Villa,Portsmouth,3,0,H
Chelsea,Everton,1,0,H
Crystal Palace,Arsenal,1,1,D
Liverpool,Birmingham,0,1,A
Norwich,Blackburn,1,1,D
Southampton,West Brom,2,2,D
Tottenham,Charlton,2,3,A
Man United,Man City,0,0,D
Middlesbrough,Bolton,1,1,D
Newcastle,Fulham,1,4,A
Birmingham,Everton,0,1,A
Bolton,Aston Villa,1,2,A
Charlton,Norwich,4,0,H
Fulham,Chelsea,1,4,A
Liverpool,Crystal Palace,3,2,H
Man City,Blackburn,1,1,D
Southampton,Portsmouth,2,1,H
Tottenham,Arsenal,4,5,A
Newcastle,Man United,1,3,A
West Brom,Middlesbrough,1,2,A
Arsenal,West Brom,1,1,D
Chelsea,Bolton,2,2,D
Crystal Palace,Newcastle,0,2,A
Everton,Fulham,1,0,H
Man United,Charlton,2,0,H
Middlesbrough,Liverpool,2,0,H
Norwich,Southampton,2,1,H
Portsmouth,Man City,1,3,A
Blackburn,Birmingham,3,3,D
Aston Villa,Tottenham,1,0,H
Birmingham,Norwich,1,1,D
Bolton,Portsmouth,0,1,A
Charlton,Chelsea,0,4,A
Fulham,Blackburn,0,2,A
Man City,Aston Villa,2,0,H
Southampton,Crystal Palace,2,2,D
West Brom,Man United,0,3,A
Liverpool,Arsenal,2,1,H
Newcastle,Everton,1,1,D
Tottenham,Middlesbrough,2,0,H
Arsenal,Birmingham,3,0,H
Aston Villa,Liverpool,1,1,D
Blackburn,Tottenham,0,1,A
Chelsea,Newcastle,4,0,H
Everton,Bolton,3,2,H
Man United,Southampton,3,0,H
Norwich,Fulham,0,1,A
Portsmouth,West Brom,3,2,H
Crystal Palace,Charlton,0,1,A
Middlesbrough,Man City,3,2,H
Crystal Palace,Blackburn,0,0,D
Everton,Liverpool,1,0,H
Man City,Tottenham,0,1,A
Newcastle,Portsmouth,1,1,D
Norwich,Bolton,3,2,H
Southampton,Middlesbrough,2,2,D
West Brom,Charlton,0,1,A
Arsenal,Chelsea,2,2,D
Aston Villa,Birmingham,1,2,A
Fulham,Man United,1,1,D
Liverpool,Portsmouth,1,1,D
Birmingham,West Brom,4,0,H
Blackburn,Everton,0,0,D
Bolton,Man City,0,1,A
Chelsea,Norwich,4,0,H
Man United,Crystal Palace,5,2,H
Middlesbrough,Aston Villa,3,0,H
Tottenham,Southampton,5,1,H
Liverpool,Newcastle,3,1,H
Portsmouth,Arsenal,0,1,A
Charlton,Fulham,2,1,H
Arsenal,Fulham,2,0,H
Birmingham,Middlesbrough,2,0,H
Blackburn,Newcastle,2,2,D
Chelsea,Aston Villa,1,0,H
Crystal Palace,Portsmouth,0,1,A
Everton,Man City,2,1,H
Man United,Bolton,2,0,H
Norwich,Tottenham,0,2,A
Southampton,Charlton,0,0,D
West Brom,Liverpool,0,5,A
Aston Villa,Man United,0,1,A
Bolton,Blackburn,0,1,A
Charlton,Everton,2,0,H
Fulham,Birmingham,2,3,A
Liverpool,Southampton,1,0,H
Man City,West Brom,1,1,D
Middlesbrough,Norwich,2,0,H
Portsmouth,Chelsea,0,2,A
Tottenham,Crystal Palace,1,1,D
Newcastle,Arsenal,0,1,A
Aston Villa,Blackburn,1,0,H
Bolton,West Brom,1,1,D
Charlton,Arsenal,1,3,A
Fulham,Crystal Palace,3,1,H
Liverpool,Chelsea,0,1,A
Man City,Southampton,2,1,H
Middlesbrough,Man United,0,2,A
Newcastle,Birmingham,2,1,H
Portsmouth,Norwich,1,1,D
Tottenham,Everton,5,2,H
Blackburn,Charlton,1,0,H
Crystal Palace,Aston Villa,2,0,H
Norwich,Liverpool,1,2,A
West Brom,Newcastle,0,0,D
Arsenal,Man City,1,1,D
Birmingham,Bolton,1,2,A
Chelsea,Middlesbrough,2,0,H
Everton,Portsmouth,2,1,H
Man United,Tottenham,0,0,D
Southampton,Fulham,3,3,D
Aston Villa,Norwich,3,0,H
Bolton,Arsenal,1,0,H
Charlton,Birmingham,3,1,H
Liverpool,Man United,0,1,A
Man City,Crystal Palace,3,1,H
Newcastle,Southampton,2,1,H
Portsmouth,Blackburn,0,1,A
Tottenham,Chelsea,0,2,A
Fulham,West Brom,1,0,H
Middlesbrough,Everton,1,1,D
Birmingham,Fulham,1,2,A
Chelsea,Portsmouth,3,0,H
Crystal Palace,Tottenham,3,0,H
Everton,Charlton,0,1,A
Man United,Aston Villa,3,1,H
Norwich,Middlesbrough,4,4,D
Southampton,Liverpool,2,0,H
West Brom,Man City,2,0,H
Arsenal,Newcastle,1,0,H
Blackburn,Bolton,0,1,A
Arsenal,Man United,2,4,A
Bolton,Tottenham,3,1,H
Charlton,Liverpool,1,2,A
Portsmouth,Middlesbrough,2,1,H
West Brom,Crystal Palace,2,2,D
Birmingham,Southampton,2,1,H
Blackburn,Chelsea,0,1,A
Everton,Norwich,1,0,H
Fulham,Aston Villa,1,1,D
Man City,Newcastle,1,1,D
Aston Villa,Arsenal,1,3,A
Crystal Palace,Bolton,0,1,A
Liverpool,Fulham,3,1,H
Man United,Birmingham,2,0,H
Middlesbrough,Blackburn,1,0,H
Newcastle,Charlton,1,1,D
Norwich,West Brom,3,2,H
Tottenham,Portsmouth,3,1,H
Chelsea,Man City,0,0,D
Southampton,Everton,2,2,D
Birmingham,Liverpool,2,0,H
Blackburn,Norwich,3,0,H
Bolton,Middlesbrough,0,0,D
Everton,Chelsea,0,1,A
Portsmouth,Aston Villa,1,2,A
Man City,Man United,0,2,A
Arsenal,Crystal Palace,5,1,H
West Brom,Southampton,0,0,D
Aston Villa,Everton,1,3,A
Crystal Palace,Birmingham,2,0,H
Man United,Portsmouth,2,1,H
Southampton,Arsenal,1,1,D
Tottenham,Fulham,2,0,H
Middlesbrough,Charlton,2,2,D
Newcastle,Bolton,2,1,H
Norwich,Man City,2,3,A
Arsenal,Portsmouth,3,0,H
Aston Villa,Middlesbrough,2,0,H
Crystal Palace,Man United,0,0,D
Fulham,Charlton,0,0,D
Newcastle,Liverpool,1,0,H
Norwich,Chelsea,1,3,A
Southampton,Tottenham,1,0,H
Everton,Blackburn,0,1,A
West Brom,Birmingham,2,0,H
Man City,Bolton,0,1,A
Chelsea,West Brom,1,0,H
Charlton,Tottenham,2,0,H
Liverpool,Blackburn,0,0,D
Blackburn,Arsenal,0,1,A
Bolton,Norwich,1,0,H
Charlton,West Brom,1,4,A
Chelsea,Crystal Palace,4,1,H
Man United,Fulham,1,0,H
Portsmouth,Newcastle,1,1,D
Tottenham,Man City,2,1,H
Birmingham,Aston Villa,2,0,H
Liverpool,Everton,2,1,H
Middlesbrough,Southampton,1,3,A
Arsenal,Norwich,4,1,H
Birmingham,Tottenham,1,1,D
Charlton,Man City,2,2,D
Crystal Palace,Middlesbrough,0,1,A
Liverpool,Bolton,1,0,H
Man United,Blackburn,0,0,D
Newcastle,Aston Villa,0,3,A
Southampton,Chelsea,1,3,A
Fulham,Portsmouth,3,1,H
West Brom,Everton,1,0,H
Blackburn,Southampton,3,0,H
Bolton,Fulham,3,1,H
Chelsea,Birmingham,1,1,D
Man City,Liverpool,1,0,H
Middlesbrough,Arsenal,0,1,A
Norwich,Man United,2,0,H
Portsmouth,Charlton,4,2,H
Aston Villa,West Brom,1,1,D
Everton,Crystal Palace,4,0,H
Tottenham,Newcastle,1,0,H
Birmingham,Portsmouth,0,0,D
Charlton,Bolton,1,2,A
Crystal Palace,Norwich,3,3,D
Fulham,Man City,1,1,D
Liverpool,Tottenham,2,2,D
Southampton,Aston Villa,2,3,A
Bolton,Southampton,1,1,D
Middlesbrough,Fulham,1,1,D
Aston Villa,Charlton,0,0,D
Blackburn,Crystal Palace,1,0,H
Chelsea,Arsenal,0,0,D
Everton,Man United,1,0,H
Man City,Birmingham,3,0,H
Norwich,Newcastle,2,1,H
Portsmouth,Liverpool,1,2,A
Tottenham,West Brom,1,1,D
Aston Villa,Bolton,1,1,D
Blackburn,Man City,0,0,D
Chelsea,Fulham,3,1,H
Crystal Palace,Liverpool,1,0,H
Everton,Birmingham,1,1,D
Middlesbrough,West Brom,4,0,H
Norwich,Charlton,1,0,H
Man United,Newcastle,2,1,H
Portsmouth,Southampton,4,1,H
Arsenal,Tottenham,1,0,H
West Brom,Blackburn,1,1,D
Newcastle,Middlesbrough,0,0,D
Birmingham,Blackburn,2,1,H
Bolton,Chelsea,0,2,A
Fulham,Everton,2,0,H
Liverpool,Middlesbrough,1,1,D
Man City,Portsmouth,2,0,H
Newcastle,Crystal Palace,0,0,D
Southampton,Norwich,4,3,H
Charlton,Man United,0,4,A
Tottenham,Aston Villa,5,1,H
West Brom,Arsenal,0,2,A
Fulham,Newcastle,1,3,A
Aston Villa,Man City,1,2,A
Blackburn,Fulham,1,3,A
Chelsea,Charlton,1,0,H
Crystal Palace,Southampton,2,2,D
Everton,Newcastle,2,0,H
Man United,West Brom,1,1,D
Middlesbrough,Tottenham,1,0,H
Norwich,Birmingham,1,0,H
Portsmouth,Bolton,1,1,D
Arsenal,Liverpool,3,1,H
Man United,Chelsea,1,3,A
Arsenal,Everton,7,0,H
Birmingham,Arsenal,2,1,H
Bolton,Everton,3,2,H
Charlton,Crystal Palace,2,2,D
Fulham,Norwich,6,0,H
Liverpool,Aston Villa,2,1,H
Man City,Middlesbrough,1,1,D
Newcastle,Chelsea,1,1,D
Southampton,Man United,1,2,A
Tottenham,Blackburn,0,0,D
West Brom,Portsmouth,2,0,H
Aston Villa,Bolton,2,2,D
Everton,Man United,0,2,A
Fulham,Birmingham,0,0,D
Man City,West Brom,0,0,D
Middlesbrough,Liverpool,0,0,D
Portsmouth,Tottenham,0,2,A
Sunderland,Charlton,1,3,A
West Ham,Blackburn,3,1,H
Arsenal,Newcastle,2,0,H
Wigan,Chelsea,0,1,A
Birmingham,Man City,1,2,A
Blackburn,Fulham,2,1,H
Charlton,Wigan,1,0,H
Liverpool,Sunderland,1,0,H
Man United,Aston Villa,1,0,H
Newcastle,West Ham,0,0,D
Tottenham,Middlesbrough,2,0,H
West Brom,Portsmouth,2,1,H
Bolton,Everton,0,1,A
Chelsea,Arsenal,1,0,H
Birmingham,Middlesbrough,0,3,A
Portsmouth,Aston Villa,1,1,D
Sunderland,Man City,1,2,A
Arsenal,Fulham,4,1,H
Blackburn,Tottenham,0,0,D
Bolton,Newcastle,2,0,H
Chelsea,West Brom,4,0,H
Aston Villa,Blackburn,1,0,H
Fulham,Everton,1,0,H
Man City,Portsmouth,2,1,H
Tottenham,Chelsea,0,2,A
West Brom,Birmingham,2,3,A
West Ham,Bolton,1,2,A
Wigan,Sunderland,1,0,H
Middlesbrough,Charlton,0,3,A
Newcastle,Man United,0,2,A
Birmingham,Charlton,0,1,A
Chelsea,Sunderland,2,0,H
Everton,Portsmouth,0,1,A
Man United,Man City,1,1,D
Middlesbrough,Arsenal,2,1,H
Newcastle,Fulham,1,1,D
Tottenham,Liverpool,0,0,D
West Brom,Wigan,1,2,A
Bolton,Blackburn,0,0,D
West Ham,Aston Villa,4,0,H
Aston Villa,Tottenham,1,1,D
Charlton,Chelsea,0,2,A
Fulham,West Ham,1,2,A
Portsmouth,Birmingham,1,1,D
Sunderland,West Brom,1,1,D
Blackburn,Newcastle,0,3,A
Liverpool,Man United,0,0,D
Man City,Bolton,0,1,A
Wigan,Middlesbrough,1,1,D
Arsenal,Everton,2,0,H
Birmingham,Liverpool,2,2,D
Bolton,Portsmouth,1,0,H
Chelsea,Aston Villa,2,1,H
Everton,Wigan,0,1,A
Man United,Blackburn,1,2,A
Newcastle,Man City,1,0,H
West Brom,Charlton,1,2,A
West Ham,Arsenal,0,0,D
Middlesbrough,Sunderland,0,2,A
Tottenham,Fulham,1,0,H
Blackburn,West Brom,2,0,H
Charlton,Tottenham,2,3,A
Fulham,Man United,2,3,A
Portsmouth,Newcastle,0,0,D
Sunderland,West Ham,1,1,D
Arsenal,Birmingham,1,0,H
Aston Villa,Middlesbrough,2,3,A
Liverpool,Chelsea,1,4,A
Man City,Everton,2,0,H
Wigan,Bolton,2,1,H
Chelsea,Bolton,5,1,H
Liverpool,Blackburn,1,0,H
Middlesbrough,Portsmouth,1,1,D
Sunderland,Man United,1,3,A
Tottenham,Everton,2,0,H
West Brom,Arsenal,2,1,H
Wigan,Newcastle,1,0,H
Birmingham,Aston Villa,0,1,A
Man City,West Ham,2,1,H
Charlton,Fulham,1,1,D
Arsenal,Man City,1,0,H
Aston Villa,Wigan,0,2,A
Blackburn,Birmingham,2,0,H
Fulham,Liverpool,2,0,H
Man United,Tottenham,1,1,D
Portsmouth,Charlton,1,2,A
Bolton,West Brom,2,0,H
Everton,Chelsea,1,1,D
Newcastle,Sunderland,3,2,H
West Ham,Middlesbrough,2,1,H
Birmingham,Everton,0,1,A
Charlton,Bolton,0,1,A
Chelsea,Blackburn,4,2,H
Liverpool,West Ham,2,0,H
Middlesbrough,Man United,4,1,H
Sunderland,Portsmouth,1,4,A
Tottenham,Arsenal,1,1,D
Wigan,Fulham,1,0,H
West Brom,Newcastle,0,3,A
Man City,Aston Villa,3,1,H
Arsenal,Sunderland,3,1,H
Aston Villa,Liverpool,0,2,A
Blackburn,Charlton,4,1,H
Fulham,Man City,2,1,H
Newcastle,Birmingham,1,0,H
Portsmouth,Wigan,0,2,A
West Ham,West Brom,1,0,H
Everton,Middlesbrough,1,0,H
Man United,Chelsea,1,0,H
Bolton,Tottenham,1,0,H
Charlton,Man United,1,3,A
Chelsea,Newcastle,3,0,H
Liverpool,Portsmouth,3,0,H
Man City,Blackburn,0,0,D
Sunderland,Aston Villa,1,3,A
West Brom,Everton,4,0,H
Wigan,Arsenal,2,3,A
Middlesbrough,Fulham,3,2,H
Tottenham,West Ham,1,1,D
Arsenal,Blackburn,3,0,H
Aston Villa,Charlton,1,0,H
Man City,Liverpool,0,1,A
Portsmouth,Chelsea,0,2,A
Sunderland,Birmingham,0,1,A
Wigan,Tottenham,1,2,A
Everton,Newcastle,1,0,H
Fulham,Bolton,2,1,H
Middlesbrough,West Brom,2,2,D
West Ham,Man United,1,2,A
Sunderland,Liverpool,0,2,A
Blackburn,Everton,0,2,A
Bolton,Arsenal,2,0,H
Chelsea,Middlesbrough,1,0,H
Liverpool,Wigan,3,0,H
Man United,Portsmouth,3,0,H
Newcastle,Aston Villa,1,1,D
Tottenham,Sunderland,3,2,H
West Brom,Fulham,0,0,D
Charlton,Man City,2,5,A
Birmingham,West Ham,1,2,A
Birmingham,Fulham,1,0,H
Blackburn,West Ham,3,2,H
Bolton,Aston Villa,1,1,D
Charlton,Sunderland,2,0,H
Chelsea,Wigan,1,0,H
Liverpool,Middlesbrough,2,0,H
Newcastle,Arsenal,1,0,H
West Brom,Man City,2,0,H
Man United,Everton,1,1,D
Tottenham,Portsmouth,3,1,H
Everton,West Ham,1,2,A
Man United,Wigan,4,0,H
Aston Villa,Man United,0,2,A
Everton,Bolton,0,4,A
Fulham,Blackburn,2,1,H
Man City,Birmingham,4,1,H
Portsmouth,West Brom,1,0,H
West Ham,Newcastle,2,4,A
Wigan,Charlton,3,0,H
Arsenal,Chelsea,0,2,A
Middlesbrough,Tottenham,3,3,D
Aston Villa,Everton,4,0,H
Charlton,Arsenal,0,1,A
Chelsea,Fulham,3,2,H
Liverpool,Newcastle,2,0,H
Man United,West Brom,3,0,H
Middlesbrough,Blackburn,0,2,A
Portsmouth,West Ham,1,1,D
Sunderland,Bolton,0,0,D
Tottenham,Birmingham,2,0,H
Wigan,Man City,4,3,H
Arsenal,Portsmouth,4,0,H
Birmingham,Man United,2,2,D
Everton,Liverpool,1,3,A
Fulham,Aston Villa,3,3,D
Man City,Chelsea,0,1,A
West Brom,Tottenham,2,0,H
West Ham,Wigan,0,2,A
Aston Villa,Arsenal,0,0,D
Charlton,West Ham,2,0,H
Chelsea,Birmingham,2,0,H
Liverpool,West Brom,1,0,H
Man United,Bolton,4,1,H
Middlesbrough,Man City,0,0,D
Portsmouth,Fulham,1,0,H
Sunderland,Everton,0,1,A
Tottenham,Newcastle,2,0,H
Wigan,Blackburn,0,3,A
Birmingham,Wigan,2,0,H
Blackburn,Portsmouth,2,1,H
Bolton,Liverpool,2,2,D
Everton,Charlton,3,1,H
Fulham,Sunderland,2,1,H
Newcastle,Middlesbrough,2,2,D
West Brom,Aston Villa,1,2,A
West Ham,Chelsea,1,3,A
Arsenal,Man United,0,0,D
Man City,Tottenham,0,2,A
Arsenal,Middlesbrough,7,0,H
Aston Villa,West Ham,1,2,A
Blackburn,Bolton,0,0,D
Charlton,Birmingham,2,0,H
Fulham,Newcastle,1,0,H
Liverpool,Tottenham,1,0,H
Man City,Man United,3,1,H
Portsmouth,Everton,0,1,A
Sunderland,Chelsea,1,2,A
Wigan,West Brom,0,1,A
Birmingham,Portsmouth,5,0,H
Bolton,Man City,2,0,H
Everton,Arsenal,1,0,H
Middlesbrough,Wigan,2,3,A
Newcastle,Blackburn,0,1,A
Tottenham,Aston Villa,0,0,D
West Brom,Sunderland,0,1,A
Chelsea,Charlton,1,1,D
Man United,Liverpool,1,0,H
West Ham,Fulham,2,1,H
Charlton,West Brom,0,0,D
Fulham,Tottenham,1,0,H
Sunderland,Middlesbrough,0,3,A
Wigan,Everton,1,1,D
Arsenal,West Ham,2,3,A
Aston Villa,Chelsea,1,1,D
Blackburn,Man United,4,3,H
Liverpool,Birmingham,1,1,D
Man City,Newcastle,3,0,H
Portsmouth,Bolton,1,1,D
Birmingham,Arsenal,0,2,A
Bolton,Wigan,1,1,D
Everton,Man City,1,0,H
Man United,Fulham,4,2,H
Middlesbrough,Aston Villa,0,4,A
Newcastle,Portsmouth,2,0,H
West Brom,Blackburn,2,0,H
West Ham,Sunderland,2,0,H
Chelsea,Liverpool,2,0,H
Tottenham,Charlton,3,1,H
Charlton,Liverpool,2,0,H
Arsenal,Bolton,1,1,D
Aston Villa,Newcastle,1,2,A
Everton,Blackburn,1,0,H
Fulham,West Brom,6,1,H
Middlesbrough,Chelsea,3,0,H
Portsmouth,Man United,1,3,A
Wigan,Liverpool,0,1,A
Man City,Charlton,3,2,H
Sunderland,Tottenham,1,1,D
West Ham,Birmingham,3,0,H
Liverpool,Arsenal,1,0,H
Blackburn,Sunderland,2,0,H
Tottenham,Wigan,2,2,D
Newcastle,Charlton,0,0,D
Birmingham,Sunderland,1,0,H
Blackburn,Arsenal,1,0,H
Charlton,Aston Villa,0,0,D
Chelsea,Portsmouth,2,0,H
Newcastle,Everton,2,0,H
Bolton,Fulham,2,1,H
Liverpool,Man City,1,0,H
West Brom,Middlesbrough,0,2,A
Aston Villa,Portsmouth,1,0,H
Fulham,Arsenal,0,4,A
Liverpool,Charlton,0,0,D
Middlesbrough,Birmingham,1,0,H
Newcastle,Bolton,3,1,H
West Brom,Chelsea,1,2,A
West Ham,Everton,2,2,D
Man City,Sunderland,2,1,H
Tottenham,Blackburn,3,2,H
Wigan,Man United,1,2,A
Birmingham,West Brom,1,1,D
Blackburn,Aston Villa,2,0,H
Bolton,West Ham,4,1,H
Chelsea,Tottenham,2,1,H
Everton,Fulham,3,1,H
Portsmouth,Man City,2,1,H
Sunderland,Wigan,0,1,A
Arsenal,Liverpool,2,1,H
Charlton,Middlesbrough,2,1,H
Man United,Newcastle,2,0,H
Liverpool,Fulham,5,1,H
Arsenal,Charlton,3,0,H
Birmingham,Tottenham,0,2,A
Blackburn,Middlesbrough,3,2,H
Bolton,Sunderland,2,0,H
Everton,Aston Villa,4,1,H
Man City,Wigan,0,1,A
West Brom,Man United,1,2,A
West Ham,Portsmouth,2,4,A
Fulham,Chelsea,1,0,H
Newcastle,Liverpool,1,3,A
Aston Villa,Fulham,0,0,D
Chelsea,Man City,2,0,H
Liverpool,Everton,3,1,H
Sunderland,Blackburn,0,1,A
Wigan,West Ham,1,2,A
Charlton,Newcastle,3,1,H
Man United,Birmingham,3,0,H
Middlesbrough,Bolton,4,3,H
Tottenham,West Brom,2,1,H
Man United,West Ham,1,0,H
Arsenal,Aston Villa,5,0,H
Birmingham,Chelsea,0,0,D
Bolton,Man United,1,2,A
Everton,Sunderland,2,2,D
Fulham,Portsmouth,1,3,A
Newcastle,Tottenham,3,1,H
West Brom,Liverpool,0,2,A
Man City,Middlesbrough,0,1,A
West Ham,Charlton,0,0,D
Blackburn,Wigan,1,1,D
Birmingham,Bolton,1,0,H
Charlton,Everton,0,0,D
Portsmouth,Blackburn,2,2,D
Tottenham,Man City,2,1,H
Wigan,Birmingham,1,1,D
Aston Villa,West Brom,0,0,D
Chelsea,West Ham,4,1,H
Liverpool,Bolton,1,0,H
Man United,Arsenal,2,0,H
Middlesbrough,Newcastle,1,2,A
Portsmouth,Arsenal,1,1,D
Man United,Sunderland,0,0,D
Arsenal,West Brom,3,1,H
Bolton,Chelsea,0,2,A
Everton,Tottenham,0,1,A
Fulham,Charlton,2,1,H
Newcastle,Wigan,3,1,H
Portsmouth,Middlesbrough,1,0,H
West Ham,Man City,1,0,H
Aston Villa,Birmingham,3,1,H
Blackburn,Liverpool,0,1,A
Charlton,Portsmouth,2,1,H
Chelsea,Everton,3,0,H
Middlesbrough,West Ham,2,0,H
Sunderland,Newcastle,1,4,A
Tottenham,Man United,1,2,A
West Brom,Bolton,0,0,D
Wigan,Aston Villa,3,2,H
Birmingham,Blackburn,2,1,H
Arsenal,Tottenham,1,1,D
Bolton,Charlton,4,1,H
Everton,Birmingham,0,0,D
Newcastle,West Brom,3,0,H
Portsmouth,Sunderland,2,1,H
Fulham,Wigan,1,0,H
Aston Villa,Man City,0,1,A
West Ham,Liverpool,1,2,A
Birmingham,Newcastle,0,0,D
Charlton,Blackburn,0,2,A
Chelsea,Man United,3,0,H
Liverpool,Aston Villa,3,1,H
Man City,Fulham,1,2,A
Middlesbrough,Everton,0,1,A
Wigan,Portsmouth,1,2,A
Tottenham,Bolton,1,0,H
Man United,Middlesbrough,0,0,D
Sunderland,Arsenal,0,3,A
West Brom,West Ham,0,1,A
Blackburn,Chelsea,1,0,H
Bolton,Middlesbrough,1,1,D
Man City,Arsenal,1,3,A
Sunderland,Fulham,2,1,H
Arsenal,Wigan,4,2,H
Aston Villa,Sunderland,2,1,H
Blackburn,Man City,2,0,H
Bolton,Birmingham,1,0,H
Everton,West Brom,2,2,D
Fulham,Middlesbrough,1,0,H
Man United,Charlton,4,0,H
Newcastle,Chelsea,1,0,H
Portsmouth,Liverpool,1,3,A
West Ham,Tottenham,2,1,H
Arsenal,Aston Villa,1,1,D
Bolton,Tottenham,2,0,H
Everton,Watford,2,1,H
Newcastle,Wigan,2,1,H
Portsmouth,Blackburn,3,0,H
Reading,Middlesbrough,3,2,H
Sheffield United,Liverpool,1,1,D
West Ham,Charlton,3,1,H
Chelsea,Man City,3,0,H
Man United,Fulham,5,1,H
Tottenham,Sheffield United,2,0,H
Watford,West Ham,1,1,D
Aston Villa,Reading,2,1,H
Blackburn,Everton,1,1,D
Charlton,Man United,0,3,A
Fulham,Bolton,1,1,D
Man City,Portsmouth,0,0,D
Middlesbrough,Chelsea,2,1,H
Charlton,Bolton,2,0,H
Fulham,Sheffield United,1,0,H
Liverpool,West Ham,2,1,H
Man City,Arsenal,1,0,H
Tottenham,Everton,0,2,A
Watford,Man United,1,2,A
Wigan,Reading,1,0,H
Aston Villa,Newcastle,2,0,H
Blackburn,Chelsea,0,2,A
Middlesbrough,Portsmouth,0,4,A
Arsenal,Middlesbrough,1,1,D
Bolton,Watford,1,0,H
Chelsea,Charlton,2,1,H
Everton,Liverpool,3,0,H
Man United,Tottenham,1,0,H
Newcastle,Fulham,1,2,A
Portsmouth,Wigan,1,0,H
Sheffield United,Blackburn,0,0,D
West Ham,Aston Villa,1,1,D
Reading,Man City,1,0,H
Bolton,Middlesbrough,0,0,D
Charlton,Portsmouth,0,1,A
Everton,Wigan,2,2,D
Sheffield United,Reading,1,2,A
Watford,Aston Villa,0,0,D
Blackburn,Man City,4,2,H
Chelsea,Liverpool,1,0,H
Man United,Arsenal,0,1,A
Tottenham,Fulham,0,0,D
West Ham,Newcastle,0,2,A
Liverpool,Newcastle,2,0,H
Arsenal,Sheffield United,3,0,H
Aston Villa,Charlton,2,0,H
Fulham,Chelsea,0,2,A
Liverpool,Tottenham,3,0,H
Man City,West Ham,2,0,H
Middlesbrough,Blackburn,0,1,A
Reading,Man United,1,1,D
Wigan,Watford,1,1,D
Newcastle,Everton,1,1,D
Portsmouth,Bolton,0,1,A
Bolton,Liverpool,2,0,H
Charlton,Arsenal,1,2,A
Chelsea,Aston Villa,1,1,D
Everton,Man City,1,1,D
Sheffield United,Middlesbrough,2,1,H
Blackburn,Wigan,2,1,H
Man United,Newcastle,2,0,H
Tottenham,Portsmouth,2,1,H
West Ham,Reading,0,1,A
Watford,Fulham,3,3,D
Arsenal,Watford,3,0,H
Aston Villa,Tottenham,1,1,D
Liverpool,Blackburn,1,1,D
Man City,Sheffield United,0,0,D
Middlesbrough,Everton,2,1,H
Portsmouth,West Ham,2,0,H
Reading,Chelsea,0,1,A
Wigan,Man United,1,3,A
Newcastle,Bolton,1,2,A
Fulham,Charlton,2,1,H
Aston Villa,Fulham,1,1,D
Charlton,Watford,0,0,D
Chelsea,Portsmouth,2,1,H
Everton,Sheffield United,2,0,H
Wigan,Man City,4,0,H
Blackburn,Bolton,0,1,A
Man United,Liverpool,2,0,H
Middlesbrough,Newcastle,1,0,H
Reading,Arsenal,0,4,A
Tottenham,West Ham,1,0,H
Arsenal,Everton,1,1,D
Bolton,Man United,0,4,A
Fulham,Wigan,0,1,A
Liverpool,Aston Villa,3,1,H
Newcastle,Charlton,0,0,D
Portsmouth,Reading,3,1,H
Sheffield United,Chelsea,0,2,A
Watford,Tottenham,0,0,D
West Ham,Blackburn,2,1,H
Man City,Middlesbrough,1,0,H
Bolton,Wigan,0,1,A
Charlton,Man City,1,0,H
Fulham,Everton,1,0,H
Liverpool,Reading,2,0,H
Man United,Portsmouth,3,0,H
Newcastle,Sheffield United,0,1,A
Watford,Middlesbrough,2,0,H
Aston Villa,Blackburn,2,0,H
Tottenham,Chelsea,2,1,H
West Ham,Arsenal,1,0,H
Blackburn,Man United,0,1,A
Chelsea,Watford,4,0,H
Everton,Aston Villa,0,1,A
Man City,Newcastle,0,0,D
Middlesbrough,West Ham,1,0,H
Portsmouth,Fulham,1,1,D
Sheffield United,Bolton,2,2,D
Wigan,Charlton,3,2,H
Arsenal,Liverpool,3,0,H
Reading,Tottenham,3,1,H
Arsenal,Newcastle,1,1,D
Chelsea,West Ham,1,0,H
Everton,Bolton,1,0,H
Man City,Fulham,3,1,H
Middlesbrough,Liverpool,0,0,D
Portsmouth,Watford,2,1,H
Reading,Charlton,2,0,H
Sheffield United,Man United,1,2,A
Blackburn,Tottenham,1,1,D
Wigan,Aston Villa,0,0,D
Aston Villa,Middlesbrough,1,1,D
Bolton,Arsenal,3,1,H
Charlton,Everton,1,1,D
Fulham,Reading,0,1,A
Liverpool,Man City,1,0,H
West Ham,Sheffield United,1,0,H
Man United,Chelsea,1,1,D
Newcastle,Portsmouth,1,0,H
Tottenham,Wigan,3,1,H
Watford,Sheffield United,0,1,A
Aston Villa,Man City,1,3,A
Bolton,Chelsea,0,1,A
Fulham,Arsenal,2,1,H
Liverpool,Portsmouth,0,0,D
Man United,Everton,3,0,H
Arsenal,Tottenham,3,0,H
Blackburn,Fulham,2,0,H
Middlesbrough,Man United,1,2,A
Portsmouth,Aston Villa,2,2,D
Reading,Bolton,1,0,H
Sheffield United,Charlton,2,1,H
Wigan,Liverpool,0,4,A
Everton,West Ham,2,0,H
Man City,Watford,0,0,D
Charlton,Blackburn,1,0,H
Tottenham,Middlesbrough,2,1,H
Newcastle,Reading,3,2,H
West Ham,Wigan,0,2,A
Blackburn,Newcastle,1,3,A
Bolton,West Ham,4,0,H
Liverpool,Fulham,4,0,H
Man United,Man City,3,1,H
Middlesbrough,Wigan,1,1,D
Portsmouth,Everton,2,0,H
Tottenham,Charlton,5,1,H
Watford,Reading,0,0,D
Chelsea,Arsenal,1,1,D
Sheffield United,Aston Villa,2,2,D
Chelsea,Newcastle,1,0,H
Wigan,Arsenal,0,1,A
Arsenal,Portsmouth,2,2,D
Aston Villa,Bolton,0,1,A
Charlton,Liverpool,0,3,A
Newcastle,Watford,2,1,H
Reading,Blackburn,1,2,A
Wigan,Sheffield United,0,1,A
Everton,Chelsea,2,3,A
Man City,Tottenham,1,2,A
West Ham,Man United,1,0,H
Fulham,Middlesbrough,2,1,H
Arsenal,Blackburn,6,2,H
Aston Villa,Man United,0,3,A
Fulham,West Ham,0,0,D
Liverpool,Watford,2,0,H
Man City,Bolton,0,2,A
Middlesbrough,Charlton,2,0,H
Newcastle,Tottenham,3,1,H
Portsmouth,Sheffield United,3,1,H
Reading,Everton,0,2,A
Wigan,Chelsea,2,3,A
Blackburn,Liverpool,1,0,H
Bolton,Newcastle,2,1,H
Chelsea,Reading,2,2,D
Everton,Middlesbrough,0,0,D
Man United,Wigan,3,1,H
Sheffield United,Man City,0,1,A
Tottenham,Aston Villa,2,1,H
Watford,Arsenal,1,2,A
West Ham,Portsmouth,1,2,A
Charlton,Fulham,2,2,D
Blackburn,Middlesbrough,2,1,H
Bolton,Portsmouth,3,2,H
Charlton,Aston Villa,2,1,H
Chelsea,Fulham,2,2,D
Everton,Newcastle,3,0,H
Man United,Reading,3,2,H
Sheffield United,Arsenal,1,0,H
Tottenham,Liverpool,0,1,A
West Ham,Man City,0,1,A
Fulham,Watford,0,0,D
Liverpool,Bolton,3,0,H
Man City,Everton,2,1,H
Middlesbrough,Sheffield United,3,1,H
Newcastle,Man United,2,2,D
Portsmouth,Tottenham,1,1,D
Reading,West Ham,6,0,H
Wigan,Blackburn,0,3,A
Arsenal,Charlton,4,0,H
Aston Villa,Chelsea,0,0,D
Blackburn,Arsenal,0,2,A
Bolton,Man City,0,0,D
Charlton,Middlesbrough,1,3,A
Chelsea,Wigan,4,0,H
Man United,Aston Villa,3,1,H
Sheffield United,Portsmouth,1,1,D
Watford,Liverpool,0,3,A
West Ham,Fulham,3,3,D
Everton,Reading,1,1,D
Tottenham,Newcastle,2,3,A
Aston Villa,Watford,2,0,H
Fulham,Tottenham,1,1,D
Liverpool,Chelsea,2,0,H
Man City,Blackburn,0,3,A
Middlesbrough,Bolton,5,1,H
Newcastle,West Ham,2,2,D
Portsmouth,Charlton,0,1,A
Reading,Sheffield United,3,1,H
Arsenal,Man United,2,1,H
Wigan,Everton,0,2,A
Watford,Blackburn,2,1,H
Portsmouth,Middlesbrough,0,0,D
Reading,Wigan,3,2,H
Sheffield United,Fulham,2,0,H
West Ham,Liverpool,1,2,A
Bolton,Charlton,1,1,D
Chelsea,Blackburn,3,0,H
Man United,Watford,4,0,H
Newcastle,Aston Villa,3,1,H
Aston Villa,West Ham,1,0,H
Blackburn,Sheffield United,2,1,H
Charlton,Chelsea,0,1,A
Fulham,Newcastle,2,1,H
Liverpool,Everton,0,0,D
Man City,Reading,0,2,A
Middlesbrough,Arsenal,1,1,D
Watford,Bolton,0,1,A
Wigan,Portsmouth,1,0,H
Tottenham,Man United,0,4,A
Chelsea,Middlesbrough,3,0,H
Everton,Blackburn,1,0,H
Man United,Charlton,2,0,H
Newcastle,Liverpool,2,1,H
Portsmouth,Man City,2,1,H
Reading,Aston Villa,2,0,H
Sheffield United,Tottenham,2,1,H
West Ham,Watford,0,1,A
Arsenal,Wigan,2,1,H
Bolton,Fulham,2,1,H
Everton,Tottenham,1,2,A
Watford,Wigan,1,1,D
Charlton,West Ham,4,0,H
Fulham,Man United,1,2,A
Liverpool,Sheffield United,4,0,H
Middlesbrough,Reading,2,1,H
Watford,Everton,0,3,A
Blackburn,Portsmouth,3,0,H
Tottenham,Bolton,4,1,H
Wigan,Newcastle,1,0,H
Arsenal,Reading,2,1,H
Fulham,Aston Villa,1,1,D
Liverpool,Man United,0,1,A
Man City,Wigan,0,1,A
Newcastle,Middlesbrough,0,0,D
Portsmouth,Chelsea,0,2,A
Sheffield United,Everton,1,1,D
Watford,Charlton,2,2,D
Bolton,Blackburn,1,2,A
West Ham,Tottenham,3,4,A
Aston Villa,Arsenal,0,1,A
Man City,Chelsea,0,1,A
Blackburn,West Ham,1,2,A
Chelsea,Sheffield United,3,0,H
Man United,Bolton,4,1,H
Middlesbrough,Man City,0,2,A
Reading,Portsmouth,0,0,D
Tottenham,Watford,3,1,H
Wigan,Fulham,0,0,D
Aston Villa,Liverpool,0,0,D
Charlton,Newcastle,2,0,H
Everton,Arsenal,1,0,H
Bolton,Sheffield United,1,0,H
Charlton,Wigan,1,0,H
Fulham,Portsmouth,1,1,D
Liverpool,Arsenal,4,1,H
Man United,Blackburn,4,1,H
Newcastle,Man City,0,1,A
Watford,Chelsea,0,1,A
West Ham,Middlesbrough,2,0,H
Tottenham,Reading,1,0,H
Aston Villa,Everton,1,1,D
Everton,Fulham,4,1,H
Man City,Charlton,0,0,D
Arsenal,West Ham,0,1,A
Blackburn,Aston Villa,1,2,A
Chelsea,Tottenham,1,0,H
Middlesbrough,Watford,4,1,H
Portsmouth,Man United,2,1,H
Reading,Liverpool,1,2,A
Sheffield United,Newcastle,1,2,A
Wigan,Bolton,1,3,A
Aston Villa,Wigan,1,1,D
Bolton,Everton,1,1,D
Charlton,Reading,0,0,D
Fulham,Man City,1,3,A
Newcastle,Arsenal,0,0,D
Watford,Portsmouth,4,2,H
Arsenal,Bolton,2,1,H
Man City,Liverpool,0,0,D
Middlesbrough,Aston Villa,1,3,A
Portsmouth,Newcastle,2,1,H
Reading,Fulham,1,0,H
Sheffield United,West Ham,3,0,H
Everton,Charlton,2,1,H
Wigan,Tottenham,3,3,D
Arsenal,Man City,3,1,H
Man United,Sheffield United,2,0,H
Blackburn,Watford,3,1,H
Liverpool,Middlesbrough,2,0,H
West Ham,Chelsea,1,4,A
Bolton,Reading,1,3,A
Charlton,Sheffield United,1,1,D
Fulham,Blackburn,1,1,D
Liverpool,Wigan,2,0,H
Man United,Middlesbrough,1,1,D
Tottenham,Arsenal,2,2,D
Watford,Man City,1,1,D
West Ham,Everton,1,0,H
Aston Villa,Portsmouth,0,0,D
Newcastle,Chelsea,0,0,D
Blackburn,Charlton,4,1,H
Chelsea,Bolton,2,2,D
Everton,Man United,2,4,A
Man City,Aston Villa,0,2,A
Middlesbrough,Tottenham,2,3,A
Portsmouth,Liverpool,2,1,H
Sheffield United,Watford,1,0,H
Wigan,West Ham,0,3,A
Arsenal,Fulham,3,1,H
Reading,Newcastle,1,0,H
Aston Villa,Sheffield United,3,0,H
Everton,Portsmouth,3,0,H
Fulham,Liverpool,1,0,H
Man City,Man United,0,1,A
Newcastle,Blackburn,0,2,A
Reading,Watford,0,2,A
West Ham,Bolton,3,1,H
Wigan,Middlesbrough,0,1,A
Arsenal,Chelsea,1,1,D
Charlton,Tottenham,0,2,A
Chelsea,Man United,0,0,D
Tottenham,Blackburn,1,1,D
Blackburn,Reading,3,3,D
Bolton,Aston Villa,2,2,D
Chelsea,Everton,1,1,D
Liverpool,Charlton,2,2,D
Man United,West Ham,0,1,A
Middlesbrough,Fulham,3,1,H
Portsmouth,Arsenal,0,0,D
Sheffield United,Wigan,1,2,A
Tottenham,Man City,2,1,H
Watford,Newcastle,1,1,D
Aston Villa,Liverpool,1,2,A
Bolton,Newcastle,1,3,A
Derby,Portsmouth,2,2,D
Everton,Wigan,2,1,H
Middlesbrough,Blackburn,1,2,A
Sunderland,Tottenham,1,0,H
West Ham,Man City,0,2,A
Arsenal,Fulham,2,1,H
Chelsea,Birmingham,3,2,H
Man United,Reading,0,0,D
Tottenham,Everton,1,3,A
Birmingham,Sunderland,2,2,D
Fulham,Bolton,2,1,H
Man City,Derby,1,0,H
Portsmouth,Man United,1,1,D
Reading,Chelsea,1,2,A
Wigan,Middlesbrough,1,0,H
Birmingham,West Ham,0,1,A
Fulham,Middlesbrough,1,2,A
Newcastle,Aston Villa,0,0,D
Portsmouth,Bolton,3,1,H
Reading,Everton,1,0,H
Tottenham,Derby,4,0,H
Wigan,Sunderland,3,0,H
Blackburn,Arsenal,1,1,D
Liverpool,Chelsea,1,1,D
Man City,Man United,1,0,H
Arsenal,Man City,1,0,H
Aston Villa,Fulham,2,1,H
Bolton,Reading,3,0,H
Chelsea,Portsmouth,1,0,H
Derby,Birmingham,1,2,A
Everton,Blackburn,1,1,D
Sunderland,Liverpool,0,2,A
West Ham,Wigan,1,1,D
Man United,Tottenham,1,0,H
Middlesbrough,Newcastle,2,2,D
Bolton,Everton,1,2,A
Fulham,Tottenham,3,3,D
Liverpool,Derby,6,0,H
Man United,Sunderland,1,0,H
Middlesbrough,Birmingham,2,0,H
Newcastle,Wigan,1,0,H
Reading,West Ham,0,3,A
Arsenal,Portsmouth,3,1,H
Aston Villa,Chelsea,2,0,H
Blackburn,Man City,1,0,H
Birmingham,Bolton,1,0,H
Chelsea,Blackburn,0,0,D
Everton,Man United,0,1,A
Portsmouth,Liverpool,0,0,D
Sunderland,Reading,2,1,H
Tottenham,Arsenal,1,3,A
West Ham,Middlesbrough,3,0,H
Wigan,Fulham,1,1,D
Man City,Aston Villa,1,0,H
Derby,Newcastle,1,0,H
Arsenal,Derby,5,0,H
Fulham,Man City,3,3,D
Liverpool,Birmingham,0,0,D
Middlesbrough,Sunderland,2,2,D
Reading,Wigan,2,1,H
Aston Villa,Everton,2,0,H
Blackburn,Portsmouth,0,1,A
Bolton,Tottenham,1,1,D
Man United,Chelsea,2,0,H
Newcastle,West Ham,3,1,H
Birmingham,Man United,0,1,A
Chelsea,Fulham,0,0,D
Derby,Bolton,1,1,D
Man City,Newcastle,3,1,H
Portsmouth,Reading,7,4,H
Sunderland,Blackburn,1,2,A
West Ham,Arsenal,0,1,A
Wigan,Liverpool,0,1,A
Everton,Middlesbrough,2,0,H
Tottenham,Aston Villa,4,4,D
Aston Villa,West Ham,1,0,H
Man United,Wigan,4,0,H
Arsenal,Sunderland,3,2,H
Blackburn,Birmingham,2,1,H
Bolton,Chelsea,0,1,A
Fulham,Portsmouth,0,2,A
Liverpool,Tottenham,2,2,D
Man City,Middlesbrough,3,1,H
Newcastle,Everton,3,2,H
Reading,Derby,1,0,H
Arsenal,Bolton,2,0,H
Aston Villa,Man United,1,4,A
Blackburn,Reading,4,2,H
Everton,Liverpool,1,2,A
Fulham,Derby,0,0,D
Man City,Birmingham,1,0,H
Middlesbrough,Chelsea,0,2,A
Wigan,Portsmouth,0,2,A
West Ham,Sunderland,3,1,H
Newcastle,Tottenham,3,1,H
Birmingham,Wigan,3,2,H
Chelsea,Man City,6,0,H
Man United,Middlesbrough,4,1,H
Portsmouth,West Ham,0,0,D
Reading,Newcastle,2,1,H
Sunderland,Fulham,1,1,D
Bolton,Aston Villa,1,1,D
Derby,Everton,0,2,A
Liverpool,Arsenal,1,1,D
Tottenham,Blackburn,1,2,A
Arsenal,Man United,2,2,D
Aston Villa,Derby,2,0,H
Blackburn,Liverpool,0,0,D
Everton,Birmingham,3,1,H
Fulham,Reading,3,1,H
Middlesbrough,Tottenham,1,1,D
Newcastle,Portsmouth,1,4,A
Wigan,Chelsea,0,2,A
West Ham,Bolton,1,1,D
Man City,Sunderland,1,0,H
Derby,West Ham,0,5,A
Liverpool,Fulham,2,0,H
Sunderland,Newcastle,1,1,D
Birmingham,Aston Villa,1,2,A
Bolton,Middlesbrough,0,0,D
Chelsea,Everton,1,1,D
Man United,Blackburn,2,0,H
Portsmouth,Man City,0,0,D
Tottenham,Wigan,4,0,H
Reading,Arsenal,1,3,A
Arsenal,Wigan,2,0,H
Birmingham,Portsmouth,0,2,A
Bolton,Man United,1,0,H
Derby,Chelsea,0,2,A
Everton,Sunderland,7,1,H
Man City,Reading,2,1,H
Middlesbrough,Aston Villa,0,3,A
Newcastle,Liverpool,0,3,A
Fulham,Blackburn,2,2,D
West Ham,Tottenham,1,1,D
Blackburn,Aston Villa,0,4,A
Aston Villa,Arsenal,1,2,A
Blackburn,Newcastle,3,1,H
Chelsea,West Ham,1,0,H
Portsmouth,Everton,0,0,D
Reading,Middlesbrough,1,1,D
Sunderland,Derby,1,0,H
Wigan,Man City,1,1,D
Liverpool,Bolton,4,0,H
Tottenham,Birmingham,2,3,A
Man United,Fulham,2,0,H
Newcastle,Arsenal,1,1,D
Aston Villa,Portsmouth,1,3,A
Chelsea,Sunderland,2,0,H
Everton,Fulham,3,0,H
Man United,Derby,4,1,H
Newcastle,Birmingham,2,1,H
Reading,Liverpool,3,1,H
Blackburn,West Ham,0,1,A
Bolton,Wigan,4,1,H
Middlesbrough,Arsenal,2,1,H
Tottenham,Man City,2,1,H
Birmingham,Reading,1,1,D
Derby,Middlesbrough,0,1,A
Fulham,Newcastle,0,1,A
Man City,Bolton,4,2,H
Portsmouth,Tottenham,0,1,A
Sunderland,Aston Villa,1,1,D
West Ham,Everton,0,2,A
Wigan,Blackburn,5,3,H
Arsenal,Chelsea,1,0,H
Liverpool,Man United,0,1,A
Arsenal,Tottenham,2,1,H
Aston Villa,Man City,1,1,D
Bolton,Birmingham,3,0,H
Fulham,Wigan,1,1,D
Liverpool,Portsmouth,4,1,H
Middlesbrough,West Ham,1,2,A
Reading,Sunderland,2,1,H
Blackburn,Chelsea,0,1,A
Man United,Everton,2,1,H
Newcastle,Derby,2,2,D
Birmingham,Middlesbrough,3,0,H
Chelsea,Aston Villa,4,4,D
Derby,Liverpool,1,2,A
Everton,Bolton,2,0,H
Portsmouth,Arsenal,0,0,D
Sunderland,Man United,0,4,A
Tottenham,Fulham,5,1,H
West Ham,Reading,1,1,D
Wigan,Newcastle,1,0,H
Man City,Blackburn,2,2,D
Birmingham,Fulham,1,1,D
Chelsea,Newcastle,2,1,H
Everton,Arsenal,1,4,A
Portsmouth,Middlesbrough,0,1,A
Sunderland,Bolton,3,1,H
Tottenham,Reading,6,4,H
West Ham,Man United,2,1,H
Wigan,Aston Villa,1,2,A
Derby,Blackburn,1,2,A
Man City,Liverpool,0,0,D
Arsenal,West Ham,2,0,H
Aston Villa,Tottenham,2,1,H
Fulham,Chelsea,1,2,A
Man United,Birmingham,1,0,H
Middlesbrough,Everton,0,2,A
Reading,Portsmouth,0,2,A
Blackburn,Sunderland,1,0,H
Bolton,Derby,1,0,H
Liverpool,Wigan,1,1,D
Newcastle,Man City,0,2,A
Arsenal,Birmingham,1,1,D
Aston Villa,Reading,3,1,H
Chelsea,Tottenham,2,0,H
Derby,Wigan,0,1,A
Everton,Man City,1,0,H
Man United,Newcastle,6,0,H
Middlesbrough,Liverpool,1,1,D
West Ham,Fulham,2,1,H
Bolton,Blackburn,1,2,A
Sunderland,Portsmouth,2,0,H
Birmingham,Chelsea,0,1,A
Blackburn,Middlesbrough,1,1,D
Fulham,Arsenal,0,3,A
Newcastle,Bolton,0,0,D
Portsmouth,Derby,3,1,H
Reading,Man United,0,2,A
Tottenham,Sunderland,2,0,H
Man City,West Ham,1,1,D
Wigan,Everton,1,2,A
Liverpool,Aston Villa,2,2,D
Aston Villa,Blackburn,1,1,D
Arsenal,Newcastle,3,0,H
Bolton,Fulham,0,0,D
Middlesbrough,Wigan,1,0,H
Sunderland,Birmingham,2,0,H
Chelsea,Reading,1,0,H
Derby,Man City,1,1,D
Everton,Tottenham,0,0,D
Man United,Portsmouth,2,0,H
West Ham,Liverpool,1,0,H
Birmingham,Derby,1,1,D
Blackburn,Everton,0,0,D
Liverpool,Sunderland,3,0,H
Man City,Arsenal,1,3,A
Portsmouth,Chelsea,1,1,D
Reading,Bolton,0,2,A
Tottenham,Man United,1,1,D
Wigan,West Ham,1,0,H
Fulham,Aston Villa,2,1,H
Newcastle,Middlesbrough,1,1,D
Aston Villa,Newcastle,4,1,H
Bolton,Portsmouth,0,1,A
Derby,Tottenham,0,3,A
Everton,Reading,1,0,H
Middlesbrough,Fulham,1,0,H
Sunderland,Wigan,2,0,H
West Ham,Birmingham,1,1,D
Chelsea,Liverpool,0,0,D
Man United,Man City,1,2,A
Arsenal,Blackburn,2,0,H
Birmingham,Arsenal,2,2,D
Fulham,West Ham,0,1,A
Liverpool,Middlesbrough,3,2,H
Newcastle,Man United,1,5,A
Portsmouth,Sunderland,1,0,H
Wigan,Derby,2,0,H
Blackburn,Bolton,4,1,H
Reading,Aston Villa,1,2,A
Man City,Everton,0,2,A
Arsenal,Aston Villa,1,1,D
Birmingham,Tottenham,4,1,H
Derby,Sunderland,0,0,D
Fulham,Man United,0,3,A
Man City,Wigan,0,0,D
Middlesbrough,Reading,0,1,A
Newcastle,Blackburn,0,1,A
West Ham,Chelsea,0,4,A
Bolton,Liverpool,1,3,A
Everton,Portsmouth,3,1,H
Liverpool,West Ham,4,0,H
Blackburn,Fulham,1,1,D
Liverpool,Newcastle,3,0,H
Reading,Man City,2,0,H
Sunderland,Everton,0,1,A
Tottenham,West Ham,4,0,H
Wigan,Arsenal,0,0,D
Aston Villa,Middlesbrough,1,1,D
Chelsea,Derby,6,1,H
Portsmouth,Birmingham,4,2,H
Arsenal,Middlesbrough,1,1,D
Derby,Man United,0,1,A
Liverpool,Reading,2,1,H
Portsmouth,Aston Villa,2,0,H
Sunderland,Chelsea,0,1,A
West Ham,Blackburn,2,1,H
Fulham,Everton,1,0,H
Man City,Tottenham,2,1,H
Wigan,Bolton,1,0,H
Birmingham,Newcastle,1,1,D
Man United,Bolton,2,0,H
Tottenham,Chelsea,4,4,D
Aston Villa,Sunderland,0,1,A
Blackburn,Wigan,3,1,H
Bolton,Man City,0,0,D
Everton,West Ham,1,1,D
Middlesbrough,Derby,1,0,H
Newcastle,Fulham,2,0,H
Reading,Birmingham,2,1,H
Tottenham,Portsmouth,2,0,H
Chelsea,Arsenal,2,1,H
Man United,Liverpool,3,0,H
Birmingham,Man City,3,1,H
Bolton,Arsenal,2,3,A
Derby,Fulham,2,2,D
Man United,Aston Villa,4,0,H
Portsmouth,Wigan,2,0,H
Reading,Blackburn,0,0,D
Sunderland,West Ham,2,1,H
Chelsea,Middlesbrough,1,0,H
Liverpool,Everton,1,0,H
Tottenham,Newcastle,1,4,A
Arsenal,Liverpool,1,1,D
Aston Villa,Bolton,4,0,H
Blackburn,Tottenham,1,1,D
Fulham,Sunderland,1,3,A
Man City,Chelsea,0,2,A
Newcastle,Reading,3,0,H
Wigan,Birmingham,2,0,H
Everton,Derby,1,0,H
Middlesbrough,Man United,2,2,D
West Ham,Portsmouth,0,1,A
Birmingham,Everton,1,1,D
Bolton,West Ham,1,0,H
Derby,Aston Villa,0,6,A
Portsmouth,Newcastle,0,0,D
Reading,Fulham,0,2,A
Sunderland,Man City,1,2,A
Tottenham,Middlesbrough,1,1,D
Liverpool,Blackburn,3,1,H
Man United,Arsenal,2,1,H
Chelsea,Wigan,1,1,D
Everton,Chelsea,0,1,A
Arsenal,Reading,2,0,H
Blackburn,Man United,1,1,D
Fulham,Liverpool,0,2,A
Middlesbrough,Bolton,0,1,A
West Ham,Derby,2,1,H
Wigan,Tottenham,1,1,D
Aston Villa,Birmingham,5,1,H
Man City,Portsmouth,3,1,H
Newcastle,Sunderland,2,0,H
Birmingham,Liverpool,2,2,D
Chelsea,Man United,2,1,H
Man City,Fulham,2,3,A
Sunderland,Middlesbrough,3,2,H
Tottenham,Bolton,1,1,D
West Ham,Newcastle,2,2,D
Wigan,Reading,0,0,D
Everton,Aston Villa,2,2,D
Portsmouth,Blackburn,0,1,A
Derby,Arsenal,2,6,A
Aston Villa,Wigan,0,2,A
Blackburn,Derby,3,1,H
Bolton,Sunderland,2,0,H
Fulham,Birmingham,2,0,H
Man United,West Ham,4,1,H
Middlesbrough,Portsmouth,2,0,H
Reading,Tottenham,0,1,A
Arsenal,Everton,1,0,H
Liverpool,Man City,1,0,H
Newcastle,Chelsea,0,2,A
Birmingham,Blackburn,4,1,H
Chelsea,Bolton,1,1,D
Derby,Reading,0,4,A
Everton,Newcastle,3,1,H
Middlesbrough,Man City,8,1,H
Portsmouth,Fulham,0,1,A
Sunderland,Arsenal,0,1,A
Tottenham,Liverpool,0,2,A
West Ham,Aston Villa,2,2,D
Wigan,Man United,0,2,A
Arsenal,West Brom,1,0,H
Bolton,Stoke,3,1,H
Everton,Blackburn,2,3,A
Hull,Fulham,2,1,H
Middlesbrough,Tottenham,2,1,H
Sunderland,Liverpool,0,1,A
West Ham,Wigan,2,1,H
Aston Villa,Man City,4,2,H
Chelsea,Portsmouth,4,0,H
Man United,Newcastle,1,1,D
Blackburn,Hull,1,1,D
Fulham,Arsenal,1,0,H
Liverpool,Middlesbrough,2,1,H
Newcastle,Bolton,1,0,H
Stoke,Aston Villa,3,2,H
Tottenham,Sunderland,1,2,A
West Brom,Everton,1,2,A
Man City,West Ham,3,0,H
Wigan,Chelsea,0,1,A
Portsmouth,Man United,0,1,A
Arsenal,Newcastle,3,0,H
Bolton,West Brom,0,0,D
Everton,Portsmouth,0,3,A
Hull,Wigan,0,5,A
Middlesbrough,Stoke,2,1,H
West Ham,Blackburn,4,1,H
Aston Villa,Liverpool,0,0,D
Chelsea,Tottenham,1,1,D
Sunderland,Man City,0,3,A
Blackburn,Arsenal,0,4,A
Fulham,Bolton,2,1,H
Liverpool,Man United,2,1,H
Man City,Chelsea,1,3,A
Newcastle,Hull,1,2,A
Portsmouth,Middlesbrough,2,1,H
West Brom,West Ham,3,2,H
Wigan,Sunderland,1,1,D
Stoke,Everton,2,3,A
Tottenham,Aston Villa,1,2,A
Blackburn,Fulham,1,0,H
Bolton,Arsenal,1,3,A
Liverpool,Stoke,0,0,D
Sunderland,Middlesbrough,2,0,H
West Ham,Newcastle,3,1,H
Chelsea,Man United,1,1,D
Hull,Everton,2,2,D
Man City,Portsmouth,6,0,H
Tottenham,Wigan,0,0,D
West Brom,Aston Villa,1,2,A
Arsenal,Hull,1,2,A
Aston Villa,Sunderland,2,1,H
Everton,Liverpool,0,2,A
Fulham,West Ham,1,2,A
Man United,Bolton,2,0,H
Middlesbrough,West Brom,0,1,A
Newcastle,Blackburn,1,2,A
Stoke,Chelsea,0,2,A
Portsmouth,Tottenham,2,0,H
Wigan,Man City,2,1,H
Blackburn,Man United,0,2,A
Sunderland,Arsenal,1,1,D
West Brom,Fulham,1,0,H
Wigan,Middlesbrough,0,1,A
Chelsea,Aston Villa,2,0,H
Everton,Newcastle,2,2,D
Man City,Liverpool,2,3,A
Portsmouth,Stoke,2,1,H
Tottenham,Hull,0,1,A
West Ham,Bolton,1,3,A
Arsenal,Everton,3,1,H
Aston Villa,Portsmouth,0,0,D
Bolton,Blackburn,0,0,D
Fulham,Sunderland,0,0,D
Liverpool,Wigan,3,2,H
Man United,West Brom,4,0,H
Middlesbrough,Chelsea,0,5,A
Hull,West Ham,1,0,H
Stoke,Tottenham,2,1,H
Newcastle,Man City,2,2,D
Blackburn,Middlesbrough,1,1,D
Everton,Man United,1,1,D
Sunderland,Newcastle,2,1,H
West Brom,Hull,0,3,A
Chelsea,Liverpool,0,1,A
Man City,Stoke,3,0,H
Portsmouth,Fulham,1,1,D
Tottenham,Bolton,2,0,H
West Ham,Arsenal,0,2,A
Wigan,Aston Villa,0,4,A
Newcastle,West Brom,2,1,H
Arsenal,Tottenham,4,4,D
Aston Villa,Blackburn,3,2,H
Bolton,Everton,0,1,A
Fulham,Wigan,2,0,H
Hull,Chelsea,0,3,A
Liverpool,Portsmouth,1,0,H
Man United,West Ham,2,0,H
Middlesbrough,Man City,2,0,H
Stoke,Sunderland,1,0,H
Chelsea,Sunderland,5,0,H
Everton,Fulham,1,0,H
Man United,Hull,4,3,H
Middlesbrough,West Ham,1,1,D
Portsmouth,Wigan,1,2,A
Stoke,Arsenal,2,1,H
Tottenham,Liverpool,2,1,H
West Brom,Blackburn,2,2,D
Bolton,Man City,2,0,H
Newcastle,Aston Villa,2,0,H
Arsenal,Man United,2,1,H
Hull,Bolton,0,1,A
Liverpool,West Brom,3,0,H
Sunderland,Portsmouth,1,2,A
West Ham,Everton,1,3,A
Wigan,Stoke,0,0,D
Aston Villa,Middlesbrough,1,2,A
Blackburn,Chelsea,0,2,A
Fulham,Newcastle,2,1,H
Man City,Tottenham,1,2,A
Arsenal,Aston Villa,0,2,A
Blackburn,Sunderland,1,2,A
Bolton,Liverpool,0,2,A
Fulham,Tottenham,2,1,H
Man United,Stoke,5,0,H
Newcastle,Wigan,2,2,D
West Brom,Chelsea,0,3,A
West Ham,Portsmouth,0,0,D
Everton,Middlesbrough,1,1,D
Hull,Man City,2,2,D
Aston Villa,Man United,0,0,D
Chelsea,Newcastle,0,0,D
Liverpool,Fulham,0,0,D
Man City,Arsenal,3,0,H
Middlesbrough,Bolton,1,3,A
Portsmouth,Hull,2,2,D
Stoke,West Brom,1,0,H
Sunderland,West Ham,0,1,A
Tottenham,Blackburn,1,0,H
Wigan,Everton,1,0,H
Aston Villa,Fulham,0,0,D
Middlesbrough,Newcastle,0,0,D
Stoke,Hull,1,1,D
Sunderland,Bolton,1,4,A
Wigan,West Brom,2,1,H
Chelsea,Arsenal,1,2,A
Man City,Man United,0,1,A
Portsmouth,Blackburn,3,2,H
Tottenham,Everton,0,1,A
Liverpool,West Ham,0,0,D
Arsenal,Wigan,1,0,H
Blackburn,Liverpool,1,3,A
Bolton,Chelsea,0,2,A
Fulham,Man City,1,1,D
Hull,Middlesbrough,2,1,H
Man United,Sunderland,1,0,H
Newcastle,Stoke,2,2,D
Everton,Aston Villa,2,3,A
West Brom,Portsmouth,1,1,D
West Ham,Tottenham,0,2,A
Aston Villa,Bolton,4,2,H
Liverpool,Hull,2,2,D
Man City,Everton,0,1,A
Middlesbrough,Arsenal,1,1,D
Stoke,Fulham,0,0,D
Sunderland,West Brom,4,0,H
Tottenham,Man United,0,0,D
Wigan,Blackburn,3,0,H
Chelsea,West Ham,1,1,D
Portsmouth,Newcastle,0,3,A
Blackburn,Stoke,3,0,H
Bolton,Portsmouth,2,1,H
Fulham,Middlesbrough,3,0,H
Hull,Sunderland,1,4,A
West Ham,Aston Villa,0,1,A
Arsenal,Liverpool,1,1,D
Newcastle,Tottenham,2,1,H
West Brom,Man City,2,1,H
Everton,Chelsea,0,0,D
Aston Villa,Arsenal,2,2,D
Chelsea,West Brom,2,0,H
Liverpool,Bolton,3,0,H
Man City,Hull,5,1,H
Middlesbrough,Everton,0,1,A
Portsmouth,West Ham,1,4,A
Stoke,Man United,0,1,A
Sunderland,Blackburn,0,0,D
Tottenham,Fulham,0,0,D
Wigan,Newcastle,2,1,H
Arsenal,Portsmouth,1,0,H
Blackburn,Man City,2,2,D
Bolton,Wigan,0,1,A
Everton,Sunderland,3,0,H
Fulham,Chelsea,2,2,D
Newcastle,Liverpool,1,5,A
West Brom,Tottenham,2,0,H
West Ham,Stoke,2,1,H
Man United,Middlesbrough,1,0,H
Hull,Aston Villa,0,1,A
Arsenal,Bolton,1,0,H
Aston Villa,West Brom,2,1,H
Everton,Hull,2,0,H
Middlesbrough,Sunderland,1,1,D
Newcastle,West Ham,2,2,D
Stoke,Liverpool,0,0,D
Man United,Chelsea,3,0,H
Wigan,Tottenham,1,0,H
Man United,Wigan,1,0,H
Blackburn,Newcastle,3,0,H
Bolton,Man United,0,1,A
Chelsea,Stoke,2,1,H
Hull,Arsenal,1,3,A
Man City,Wigan,1,0,H
Sunderland,Aston Villa,1,2,A
West Brom,Middlesbrough,3,0,H
Tottenham,Portsmouth,1,1,D
West Ham,Fulham,3,1,H
Liverpool,Everton,1,1,D
Portsmouth,Aston Villa,0,1,A
Sunderland,Fulham,1,0,H
Tottenham,Stoke,3,1,H
West Brom,Man United,0,5,A
Blackburn,Bolton,2,2,D
Chelsea,Middlesbrough,2,0,H
Everton,Arsenal,1,1,D
Man City,Newcastle,2,1,H
West Ham,Hull,2,0,H
Wigan,Liverpool,1,1,D
Arsenal,West Ham,0,0,D
Aston Villa,Wigan,0,0,D
Bolton,Tottenham,3,2,H
Fulham,Portsmouth,3,1,H
Hull,West Brom,2,2,D
Man United,Everton,1,0,H
Middlesbrough,Blackburn,0,0,D
Stoke,Man City,1,0,H
Liverpool,Chelsea,2,0,H
Newcastle,Sunderland,1,1,D
Blackburn,Aston Villa,0,2,A
Chelsea,Hull,0,0,D
Everton,Bolton,3,0,H
Man City,Middlesbrough,1,0,H
Portsmouth,Liverpool,2,3,A
Sunderland,Stoke,2,0,H
West Brom,Newcastle,2,3,A
Wigan,Fulham,0,0,D
Tottenham,Arsenal,0,0,D
West Ham,Man United,0,1,A
Portsmouth,Man City,2,0,H
Man United,Fulham,3,0,H
Arsenal,Sunderland,0,0,D
Aston Villa,Chelsea,0,1,A
Bolton,West Ham,2,1,H
Man United,Blackburn,2,1,H
Middlesbrough,Wigan,0,0,D
Stoke,Portsmouth,2,2,D
Fulham,West Brom,2,0,H
Liverpool,Man City,1,1,D
Newcastle,Everton,0,0,D
Hull,Tottenham,1,2,A
Arsenal,Fulham,0,0,D
Chelsea,Wigan,2,1,H
Everton,West Brom,2,0,H
Middlesbrough,Liverpool,2,0,H
Aston Villa,Stoke,2,2,D
Bolton,Newcastle,1,0,H
Hull,Blackburn,1,2,A
West Ham,Man City,1,0,H
Liverpool,Sunderland,2,0,H
Portsmouth,Chelsea,0,1,A
West Brom,Arsenal,1,3,A
Blackburn,Everton,0,0,D
Fulham,Hull,0,1,A
Man City,Aston Villa,2,0,H
Newcastle,Man United,1,2,A
Stoke,Bolton,2,0,H
Tottenham,Middlesbrough,4,0,H
Wigan,West Ham,0,1,A
Sunderland,Tottenham,1,1,D
Fulham,Blackburn,1,2,A
Arsenal,Blackburn,4,0,H
Bolton,Fulham,1,3,A
Everton,Stoke,3,1,H
Hull,Newcastle,1,1,D
Man United,Liverpool,1,4,A
Middlesbrough,Portsmouth,1,1,D
Sunderland,Wigan,1,2,A
Aston Villa,Tottenham,1,2,A
Chelsea,Man City,1,0,H
West Ham,West Brom,0,0,D
Blackburn,West Ham,1,1,D
Fulham,Man United,2,0,H
Newcastle,Arsenal,1,3,A
Portsmouth,Everton,2,1,H
Stoke,Middlesbrough,1,0,H
Tottenham,Chelsea,1,0,H
West Brom,Bolton,1,1,D
Liverpool,Aston Villa,5,0,H
Man City,Sunderland,1,0,H
Wigan,Hull,1,0,H
Arsenal,Man City,2,0,H
Blackburn,Tottenham,2,1,H
Bolton,Middlesbrough,4,1,H
Fulham,Liverpool,0,1,A
Hull,Portsmouth,0,0,D
Newcastle,Chelsea,0,2,A
West Brom,Stoke,0,2,A
West Ham,Sunderland,2,0,H
Everton,Wigan,4,0,H
Man United,Aston Villa,3,2,H
Chelsea,Bolton,4,3,H
Liverpool,Blackburn,4,0,H
Middlesbrough,Hull,3,1,H
Portsmouth,West Brom,2,2,D
Stoke,Newcastle,1,1,D
Sunderland,Man United,1,2,A
Tottenham,West Ham,1,0,H
Wigan,Arsenal,1,4,A
Aston Villa,Everton,3,3,D
Man City,Fulham,1,3,A
Aston Villa,West Ham,1,1,D
Middlesbrough,Fulham,0,0,D
Portsmouth,Bolton,1,0,H
Stoke,Blackburn,1,0,H
Sunderland,Hull,1,0,H
Man City,West Brom,4,2,H
Tottenham,Newcastle,1,0,H
Liverpool,Arsenal,4,4,D
Chelsea,Everton,0,0,D
Man United,Portsmouth,2,0,H
Bolton,Aston Villa,1,1,D
Everton,Man City,1,2,A
Fulham,Stoke,1,0,H
Hull,Liverpool,1,3,A
Man United,Tottenham,5,2,H
West Brom,Sunderland,3,0,H
West Ham,Chelsea,0,1,A
Arsenal,Middlesbrough,2,0,H
Blackburn,Wigan,2,0,H
Newcastle,Portsmouth,0,0,D
Chelsea,Fulham,3,1,H
Man City,Blackburn,3,1,H
Middlesbrough,Man United,0,2,A
Portsmouth,Arsenal,0,3,A
Stoke,West Ham,0,1,A
Tottenham,West Brom,1,0,H
Wigan,Bolton,0,0,D
Liverpool,Newcastle,3,0,H
Sunderland,Everton,0,2,A
Aston Villa,Hull,1,0,H
Blackburn,Portsmouth,2,0,H
Bolton,Sunderland,0,0,D
Everton,Tottenham,0,0,D
Fulham,Aston Villa,3,1,H
Hull,Stoke,1,2,A
West Brom,Wigan,3,1,H
West Ham,Liverpool,0,3,A
Arsenal,Chelsea,1,4,A
Man United,Man City,2,0,H
Newcastle,Middlesbrough,3,1,H
Wigan,Man United,1,2,A
Bolton,Hull,1,1,D
Everton,West Ham,3,1,H
Man United,Arsenal,0,0,D
Middlesbrough,Aston Villa,1,1,D
Newcastle,Fulham,0,1,A
Stoke,Wigan,2,0,H
Tottenham,Man City,2,1,H
Chelsea,Blackburn,2,0,H
West Brom,Liverpool,0,2,A
Portsmouth,Sunderland,3,1,H
Arsenal,Stoke,4,1,H
Aston Villa,Newcastle,1,0,H
Blackburn,West Brom,0,0,D
Fulham,Everton,0,2,A
Hull,Man United,0,1,A
Liverpool,Tottenham,3,1,H
Man City,Bolton,1,0,H
Sunderland,Chelsea,2,3,A
West Ham,Middlesbrough,2,1,H
Wigan,Portsmouth,1,0,H
Aston Villa,Wigan,0,2,A
Blackburn,Man City,0,2,A
Bolton,Sunderland,0,1,A
Chelsea,Hull,2,1,H
Everton,Arsenal,1,6,A
Portsmouth,Fulham,0,1,A
Stoke,Burnley,2,0,H
Wolves,West Ham,0,2,A
Man United,Birmingham,1,0,H
Tottenham,Liverpool,2,1,H
Sunderland,Chelsea,1,3,A
Wigan,Wolves,0,1,A
Birmingham,Portsmouth,1,0,H
Burnley,Man United,1,0,H
Hull,Tottenham,1,5,A
Liverpool,Stoke,4,0,H
Arsenal,Portsmouth,4,1,H
Birmingham,Stoke,0,0,D
Hull,Bolton,1,0,H
Man City,Wolves,1,0,H
Sunderland,Blackburn,2,1,H
Wigan,Man United,0,5,A
Burnley,Everton,1,0,H
Fulham,Chelsea,0,2,A
West Ham,Tottenham,1,2,A
Liverpool,Aston Villa,1,3,A
Blackburn,West Ham,0,0,D
Bolton,Liverpool,2,3,A
Chelsea,Burnley,3,0,H
Man United,Arsenal,2,1,H
Stoke,Sunderland,1,0,H
Tottenham,Birmingham,2,1,H
Wolves,Hull,1,1,D
Aston Villa,Fulham,2,0,H
Everton,Wigan,2,1,H
Portsmouth,Man City,0,1,A
Blackburn,Wolves,3,1,H
Liverpool,Burnley,4,0,H
Man City,Arsenal,4,2,H
Portsmouth,Bolton,2,3,A
Stoke,Chelsea,1,2,A
Sunderland,Hull,4,1,H
Tottenham,Man United,1,3,A
Wigan,West Ham,1,0,H
Birmingham,Aston Villa,0,1,A
Fulham,Everton,2,1,H
Arsenal,Wigan,4,0,H
Aston Villa,Portsmouth,2,0,H
Bolton,Stoke,1,1,D
Burnley,Sunderland,3,1,H
Hull,Birmingham,0,1,A
West Ham,Liverpool,2,3,A
Chelsea,Tottenham,3,0,H
Everton,Blackburn,3,0,H
Man United,Man City,4,3,H
Wolves,Fulham,2,1,H
Birmingham,Bolton,1,2,A
Blackburn,Aston Villa,2,1,H
Fulham,Arsenal,0,1,A
Liverpool,Hull,6,1,H
Portsmouth,Everton,0,1,A
Stoke,Man United,0,2,A
Tottenham,Burnley,5,0,H
Wigan,Chelsea,3,1,H
Sunderland,Wolves,5,2,H
Man City,West Ham,3,1,H
Bolton,Tottenham,2,2,D
Burnley,Birmingham,2,1,H
Hull,Wigan,2,1,H
Man United,Sunderland,2,2,D
Wolves,Portsmouth,0,1,A
Arsenal,Blackburn,6,2,H
Chelsea,Liverpool,2,0,H
Everton,Stoke,1,1,D
West Ham,Fulham,2,2,D
Aston Villa,Man City,1,1,D
Arsenal,Birmingham,3,1,H
Aston Villa,Chelsea,2,1,H
Everton,Wolves,1,1,D
Man United,Bolton,2,1,H
Portsmouth,Tottenham,1,2,A
Stoke,West Ham,2,1,H
Sunderland,Liverpool,1,0,H
Blackburn,Burnley,3,2,H
Wigan,Man City,1,1,D
Fulham,Hull,2,0,H
Birmingham,Sunderland,2,1,H
Burnley,Wigan,1,3,A
Chelsea,Blackburn,5,0,H
Hull,Portsmouth,0,0,D
Tottenham,Stoke,0,1,A
Wolves,Aston Villa,1,1,D
Bolton,Everton,3,2,H
Liverpool,Man United,2,0,H
Man City,Fulham,2,2,D
West Ham,Arsenal,2,2,D
Arsenal,Tottenham,3,0,H
Bolton,Chelsea,0,4,A
Burnley,Hull,2,0,H
Everton,Aston Villa,1,1,D
Fulham,Liverpool,3,1,H
Man United,Blackburn,2,0,H
Portsmouth,Wigan,4,0,H
Stoke,Wolves,2,2,D
Sunderland,West Ham,2,2,D
Birmingham,Man City,0,0,D
West Ham,Aston Villa,2,1,H
Aston Villa,Bolton,5,1,H
Blackburn,Portsmouth,3,1,H
Man City,Burnley,3,3,D
Tottenham,Sunderland,2,0,H
Wolves,Arsenal,1,4,A
Chelsea,Man United,1,0,H
Hull,Stoke,2,1,H
West Ham,Everton,1,2,A
Wigan,Fulham,1,1,D
Liverpool,Birmingham,2,2,D
Birmingham,Fulham,1,0,H
Burnley,Aston Villa,1,1,D
Chelsea,Wolves,4,0,H
Hull,West Ham,3,3,D
Liverpool,Man City,2,2,D
Man United,Everton,3,0,H
Sunderland,Arsenal,1,0,H
Bolton,Blackburn,0,2,A
Stoke,Portsmouth,1,0,H
Tottenham,Wigan,9,1,H
Fulham,Blackburn,3,0,H
Hull,Everton,3,2,H
Aston Villa,Tottenham,1,1,D
Blackburn,Stoke,0,0,D
Fulham,Bolton,1,1,D
Man City,Hull,1,1,D
Portsmouth,Man United,1,4,A
West Ham,Burnley,5,3,H
Wigan,Sunderland,1,0,H
Arsenal,Chelsea,0,3,A
Everton,Liverpool,0,2,A
Wolves,Birmingham,0,1,A
Arsenal,Stoke,2,0,H
Aston Villa,Hull,3,0,H
Blackburn,Liverpool,0,0,D
Man City,Chelsea,2,1,H
Portsmouth,Burnley,2,0,H
West Ham,Man United,0,4,A
Wigan,Birmingham,2,3,A
Wolves,Bolton,2,1,H
Everton,Tottenham,2,2,D
Fulham,Sunderland,1,0,H
Birmingham,West Ham,1,0,H
Bolton,Man City,3,3,D
Burnley,Fulham,1,1,D
Chelsea,Everton,3,3,D
Hull,Blackburn,0,0,D
Man United,Aston Villa,0,1,A
Stoke,Wigan,2,2,D
Sunderland,Portsmouth,1,1,D
Tottenham,Wolves,0,1,A
Liverpool,Arsenal,1,2,A
Birmingham,Blackburn,2,1,H
Bolton,West Ham,3,1,H
Man United,Wolves,3,0,H
Sunderland,Aston Villa,0,2,A
Burnley,Arsenal,1,1,D
Chelsea,Portsmouth,2,1,H
Liverpool,Wigan,2,1,H
Tottenham,Man City,3,0,H
Arsenal,Hull,3,0,H
Aston Villa,Stoke,1,0,H
Blackburn,Tottenham,0,2,A
Fulham,Man United,3,0,H
Man City,Sunderland,4,3,H
Portsmouth,Liverpool,2,0,H
Everton,Birmingham,1,1,D
West Ham,Chelsea,1,1,D
Wolves,Burnley,2,0,H
Birmingham,Chelsea,0,0,D
Burnley,Bolton,1,1,D
Fulham,Tottenham,0,0,D
Liverpool,Wolves,2,0,H
Man City,Stoke,2,0,H
Sunderland,Everton,1,1,D
West Ham,Portsmouth,2,0,H
Wigan,Blackburn,1,1,D
Arsenal,Aston Villa,3,0,H
Hull,Man United,1,3,A
Blackburn,Sunderland,2,2,D
Chelsea,Fulham,2,1,H
Everton,Burnley,2,0,H
Stoke,Birmingham,0,1,A
Tottenham,West Ham,2,0,H
Wolves,Man City,0,3,A
Aston Villa,Liverpool,0,1,A
Bolton,Hull,2,2,D
Man United,Wigan,5,0,H
Portsmouth,Arsenal,1,4,A
Stoke,Fulham,3,2,H
Arsenal,Everton,2,2,D
Birmingham,Man United,1,1,D
Man City,Blackburn,4,1,H
Chelsea,Sunderland,7,2,H
Everton,Man City,2,0,H
Man United,Burnley,3,0,H
Stoke,Liverpool,1,1,D
Tottenham,Hull,0,0,D
Wolves,Wigan,0,2,A
Aston Villa,West Ham,0,0,D
Blackburn,Fulham,2,0,H
Bolton,Arsenal,0,2,A
Arsenal,Bolton,4,2,H
Liverpool,Tottenham,2,0,H
Man United,Hull,4,0,H
Bolton,Burnley,1,0,H
Portsmouth,West Ham,1,1,D
Tottenham,Fulham,2,0,H
Wolves,Liverpool,0,0,D
Aston Villa,Arsenal,0,0,D
Blackburn,Wigan,2,1,H
Chelsea,Birmingham,3,0,H
Everton,Sunderland,2,0,H
Birmingham,Tottenham,1,1,D
Burnley,Chelsea,1,2,A
Fulham,Aston Villa,0,2,A
Hull,Wolves,2,2,D
Liverpool,Bolton,2,0,H
West Ham,Blackburn,0,0,D
Wigan,Everton,0,1,A
Arsenal,Man United,1,3,A
Man City,Portsmouth,2,0,H
Sunderland,Stoke,0,0,D
Hull,Chelsea,1,1,D
Fulham,Portsmouth,1,0,H
Bolton,Fulham,0,0,D
Burnley,West Ham,2,1,H
Hull,Man City,2,1,H
Liverpool,Everton,1,0,H
Man United,Portsmouth,5,0,H
Stoke,Blackburn,3,0,H
Sunderland,Wigan,1,1,D
Tottenham,Aston Villa,0,0,D
Birmingham,Wolves,2,1,H
Chelsea,Arsenal,2,0,H
Fulham,Burnley,3,0,H
Man City,Bolton,2,0,H
Portsmouth,Sunderland,1,1,D
Wigan,Stoke,1,1,D
Arsenal,Liverpool,1,0,H
Aston Villa,Man United,1,1,D
Blackburn,Hull,1,0,H
Everton,Chelsea,2,1,H
West Ham,Birmingham,2,0,H
Wolves,Tottenham,1,0,H
Stoke,Man City,1,1,D
Wigan,Bolton,0,0,D
Arsenal,Sunderland,2,0,H
Everton,Man United,3,1,H
Portsmouth,Stoke,1,2,A
West Ham,Hull,3,0,H
Wolves,Chelsea,0,2,A
Aston Villa,Burnley,5,2,H
Blackburn,Bolton,3,0,H
Fulham,Birmingham,2,1,H
Man City,Liverpool,0,0,D
Wigan,Tottenham,0,3,A
Man United,West Ham,3,0,H
Birmingham,Wigan,1,0,H
Bolton,Wolves,1,0,H
Burnley,Portsmouth,1,2,A
Chelsea,Man City,2,4,A
Stoke,Arsenal,1,3,A
Liverpool,Blackburn,2,1,H
Sunderland,Fulham,0,0,D
Tottenham,Everton,2,1,H
Arsenal,Burnley,3,1,H
West Ham,Bolton,1,2,A
Wolves,Man United,0,1,A
Everton,Hull,5,1,H
Wigan,Liverpool,1,0,H
Portsmouth,Birmingham,1,2,A
Sunderland,Bolton,4,0,H
Burnley,Stoke,1,1,D
Birmingham,Everton,2,2,D
Bolton,Wigan,4,0,H
Burnley,Wolves,1,2,A
Chelsea,West Ham,4,1,H
Hull,Arsenal,1,2,A
Stoke,Aston Villa,0,0,D
Tottenham,Blackburn,3,1,H
Man United,Fulham,3,0,H
Sunderland,Man City,1,1,D
Liverpool,Portsmouth,4,1,H
Wigan,Aston Villa,1,2,A
Arsenal,West Ham,2,0,H
Aston Villa,Wolves,2,2,D
Everton,Bolton,2,0,H
Portsmouth,Hull,3,2,H
Stoke,Tottenham,1,2,A
Sunderland,Birmingham,3,1,H
Wigan,Burnley,1,0,H
Blackburn,Chelsea,1,1,D
Fulham,Man City,1,2,A
Man United,Liverpool,2,1,H
West Ham,Wolves,1,3,A
Aston Villa,Sunderland,1,1,D
Blackburn,Birmingham,2,1,H
Man City,Everton,0,2,A
Portsmouth,Chelsea,0,5,A
Birmingham,Arsenal,1,1,D
Bolton,Man United,0,4,A
Chelsea,Aston Villa,7,1,H
Hull,Fulham,2,0,H
Tottenham,Portsmouth,2,0,H
West Ham,Stoke,0,1,A
Wolves,Everton,0,0,D
Burnley,Blackburn,0,1,A
Liverpool,Sunderland,3,0,H
Man City,Wigan,3,0,H
Arsenal,Wolves,1,0,H
Bolton,Aston Villa,0,1,A
Burnley,Man City,1,6,A
Man United,Chelsea,1,2,A
Portsmouth,Blackburn,0,0,D
Stoke,Hull,2,0,H
Sunderland,Tottenham,3,1,H
Birmingham,Liverpool,1,1,D
Everton,West Ham,2,2,D
Fulham,Wigan,2,1,H
Hull,Burnley,1,4,A
West Ham,Sunderland,1,0,H
Blackburn,Man United,0,0,D
Liverpool,Fulham,0,0,D
Man City,Birmingham,5,1,H
Wolves,Stoke,0,0,D
Chelsea,Bolton,1,0,H
Aston Villa,Everton,2,2,D
Tottenham,Arsenal,2,1,H
Wigan,Portsmouth,0,0,D
Birmingham,Hull,0,0,D
Blackburn,Everton,2,3,A
Fulham,Wolves,0,0,D
Man City,Man United,0,1,A
Stoke,Bolton,1,2,A
Sunderland,Burnley,2,1,H
Tottenham,Chelsea,2,1,H
Portsmouth,Aston Villa,1,2,A
Wigan,Arsenal,3,2,H
Liverpool,West Ham,3,0,H
Hull,Aston Villa,0,2,A
Arsenal,Man City,0,0,D
Bolton,Portsmouth,2,2,D
Hull,Sunderland,0,1,A
Man United,Tottenham,3,1,H
West Ham,Wigan,3,2,H
Wolves,Blackburn,1,1,D
Aston Villa,Birmingham,1,0,H
Burnley,Liverpool,0,4,A
Chelsea,Stoke,7,0,H
Everton,Fulham,2,1,H
Birmingham,Burnley,2,1,H
Man City,Aston Villa,3,1,H
Portsmouth,Wolves,3,1,H
Stoke,Everton,0,0,D
Tottenham,Bolton,1,0,H
Fulham,West Ham,3,2,H
Liverpool,Chelsea,0,2,A
Sunderland,Man United,0,1,A
Blackburn,Arsenal,2,1,H
Wigan,Hull,2,2,D
Fulham,Stoke,0,1,A
Man City,Tottenham,0,1,A
Arsenal,Fulham,4,0,H
Aston Villa,Blackburn,0,1,A
Bolton,Birmingham,2,1,H
Burnley,Tottenham,4,2,H
Chelsea,Wigan,8,0,H
Everton,Portsmouth,1,0,H
Hull,Liverpool,0,0,D
Man United,Stoke,4,0,H
West Ham,Man City,1,1,D
Wolves,Sunderland,2,1,H
Aston Villa,West Ham,3,0,H
Blackburn,Everton,1,0,H
Bolton,Fulham,0,0,D
Chelsea,West Brom,6,0,H
Sunderland,Birmingham,2,2,D
Tottenham,Man City,0,0,D
Wigan,Blackpool,0,4,A
Wolves,Stoke,2,1,H
Liverpool,Arsenal,1,1,D
Man United,Newcastle,3,0,H
Arsenal,Blackpool,6,0,H
Birmingham,Blackburn,2,1,H
Everton,Wolves,1,1,D
Stoke,Tottenham,1,2,A
West Brom,Sunderland,1,0,H
West Ham,Bolton,1,3,A
Wigan,Chelsea,0,6,A
Fulham,Man United,2,2,D
Newcastle,Aston Villa,6,0,H
Man City,Liverpool,3,0,H
Blackburn,Arsenal,1,2,A
Blackpool,Fulham,2,2,D
Chelsea,Stoke,2,0,H
Man United,West Ham,3,0,H
Tottenham,Wigan,0,1,A
Wolves,Newcastle,1,1,D
Aston Villa,Everton,1,0,H
Bolton,Birmingham,2,2,D
Liverpool,West Brom,1,0,H
Sunderland,Man City,1,0,H
Arsenal,Bolton,4,1,H
Everton,Man United,3,3,D
Fulham,Wolves,2,1,H
Man City,Blackburn,1,1,D
Newcastle,Blackpool,0,2,A
West Brom,Tottenham,1,1,D
West Ham,Chelsea,1,3,A
Wigan,Sunderland,1,1,D
Birmingham,Liverpool,0,0,D
Stoke,Aston Villa,2,1,H
Aston Villa,Bolton,1,1,D
Blackburn,Fulham,1,1,D
Everton,Newcastle,0,1,A
Stoke,West Ham,1,1,D
Sunderland,Arsenal,1,1,D
Tottenham,Wolves,3,1,H
West Brom,Birmingham,3,1,H
Chelsea,Blackpool,4,0,H
Man United,Liverpool,3,2,H
Wigan,Man City,0,2,A
Arsenal,West Brom,2,3,A
Birmingham,Wigan,0,0,D
Blackpool,Blackburn,1,2,A
Fulham,Everton,0,0,D
Liverpool,Sunderland,2,2,D
Man City,Chelsea,1,0,H
West Ham,Tottenham,1,0,H
Bolton,Man United,2,2,D
Newcastle,Stoke,1,2,A
Wolves,Aston Villa,1,2,A
Birmingham,Everton,0,2,A
Stoke,Blackburn,1,0,H
Sunderland,Man United,0,0,D
Tottenham,Aston Villa,2,1,H
West Brom,Bolton,1,1,D
West Ham,Fulham,1,1,D
Wigan,Wolves,2,0,H
Chelsea,Arsenal,2,0,H
Liverpool,Blackpool,1,2,A
Man City,Newcastle,2,1,H
Arsenal,Birmingham,2,1,H
Aston Villa,Chelsea,0,0,D
Bolton,Stoke,2,1,H
Fulham,Tottenham,1,2,A
Man United,West Brom,2,2,D
Newcastle,Wigan,2,2,D
Wolves,West Ham,1,1,D
Blackpool,Man City,2,3,A
Everton,Liverpool,2,0,H
Blackburn,Sunderland,0,0,D
Birmingham,Blackpool,2,0,H
Chelsea,Wolves,2,0,H
Sunderland,Aston Villa,1,0,H
Tottenham,Everton,1,1,D
West Brom,Fulham,2,1,H
West Ham,Newcastle,1,2,A
Wigan,Bolton,1,1,D
Liverpool,Blackburn,2,1,H
Man City,Arsenal,0,3,A
Stoke,Man United,1,2,A
Arsenal,West Ham,1,0,H
Blackburn,Chelsea,1,2,A
Everton,Stoke,1,0,H
Fulham,Wigan,2,0,H
Man United,Tottenham,2,0,H
Wolves,Man City,2,1,H
Aston Villa,Birmingham,0,0,D
Bolton,Liverpool,0,1,A
Newcastle,Sunderland,5,1,H
Blackpool,West Brom,2,1,H
Birmingham,West Ham,2,2,D
Blackburn,Wigan,2,1,H
Blackpool,Everton,2,2,D
Bolton,Tottenham,4,2,H
Fulham,Aston Villa,1,1,D
Man United,Wolves,2,1,H
Sunderland,Stoke,2,0,H
Arsenal,Newcastle,0,1,A
Liverpool,Chelsea,2,0,H
West Brom,Man City,0,2,A
Stoke,Birmingham,3,2,H
Tottenham,Sunderland,1,1,D
Aston Villa,Blackpool,3,2,H
Chelsea,Fulham,1,0,H
Everton,Bolton,1,1,D
Man City,Man United,0,0,D
Newcastle,Blackburn,1,2,A
West Ham,West Brom,2,2,D
Wigan,Liverpool,1,1,D
Wolves,Arsenal,0,2,A
Aston Villa,Man United,2,2,D
Man City,Birmingham,0,0,D
Newcastle,Fulham,0,0,D
Stoke,Liverpool,2,0,H
Tottenham,Blackburn,4,2,H
West Ham,Blackpool,0,0,D
Wigan,West Brom,1,0,H
Wolves,Bolton,2,3,A
Chelsea,Sunderland,0,3,A
Everton,Arsenal,1,2,A
Arsenal,Tottenham,2,3,A
Birmingham,Chelsea,1,0,H
Blackpool,Wolves,2,1,H
Bolton,Newcastle,5,1,H
Liverpool,West Ham,3,0,H
Man United,Wigan,2,0,H
West Brom,Stoke,0,3,A
Blackburn,Aston Villa,2,0,H
Fulham,Man City,1,4,A
Sunderland,Everton,2,2,D
Aston Villa,Arsenal,2,4,A
Bolton,Blackpool,2,2,D
Everton,West Brom,1,4,A
Fulham,Birmingham,1,1,D
Man United,Blackburn,7,1,H
Stoke,Man City,1,1,D
West Ham,Wigan,3,1,H
Wolves,Sunderland,3,2,H
Newcastle,Chelsea,1,1,D
Tottenham,Liverpool,2,1,H
Arsenal,Fulham,2,1,H
Birmingham,Tottenham,1,1,D
Blackburn,Wolves,3,0,H
Chelsea,Everton,1,1,D
Man City,Bolton,1,0,H
Wigan,Stoke,2,2,D
Sunderland,West Ham,1,0,H
West Brom,Newcastle,3,1,H
Liverpool,Aston Villa,3,0,H
Aston Villa,West Brom,2,1,H
Everton,Wigan,0,0,D
Fulham,Sunderland,0,0,D
Newcastle,Liverpool,3,1,H
Stoke,Blackpool,0,1,A
West Ham,Man City,1,3,A
Bolton,Blackburn,2,1,H
Tottenham,Chelsea,1,1,D
Wolves,Birmingham,1,0,H
Man United,Arsenal,1,0,H
Blackburn,West Ham,1,1,D
Sunderland,Bolton,1,0,H
Man City,Everton,1,2,A
Aston Villa,Tottenham,1,2,A
Blackburn,Stoke,0,2,A
Bolton,West Brom,2,0,H
Fulham,West Ham,1,3,A
Man United,Sunderland,2,0,H
Newcastle,Man City,1,3,A
Wolves,Wigan,1,2,A
Arsenal,Chelsea,3,1,H
Birmingham,Man United,1,1,D
Man City,Aston Villa,4,0,H
Stoke,Fulham,0,2,A
Sunderland,Blackpool,0,2,A
Tottenham,Newcastle,2,0,H
West Brom,Blackburn,1,3,A
West Ham,Everton,1,1,D
Chelsea,Bolton,1,0,H
Liverpool,Wolves,0,1,A
Wigan,Arsenal,2,2,D
Birmingham,Arsenal,0,3,A
Liverpool,Bolton,2,1,H
Man City,Blackpool,1,0,H
Stoke,Everton,2,0,H
Sunderland,Blackburn,3,0,H
Tottenham,Fulham,1,0,H
West Brom,Man United,1,2,A
West Ham,Wolves,2,0,H
Chelsea,Aston Villa,3,3,D
Wigan,Newcastle,0,1,A
Blackpool,Birmingham,1,2,A
Fulham,West Brom,3,0,H
Man United,Stoke,2,1,H
Arsenal,Man City,0,0,D
Aston Villa,Sunderland,0,1,A
Blackburn,Liverpool,3,1,H
Bolton,Wigan,1,1,D
Everton,Tottenham,2,1,H
Newcastle,West Ham,5,0,H
Wolves,Chelsea,1,0,H
Blackpool,Liverpool,2,1,H
Chelsea,Blackburn,2,0,H
Man City,Wolves,4,3,H
Stoke,Bolton,2,0,H
West Brom,Blackpool,3,2,H
West Ham,Arsenal,0,3,A
Wigan,Fulham,1,1,D
Birmingham,Aston Villa,1,1,D
Liverpool,Everton,2,2,D
Sunderland,Newcastle,1,1,D
Tottenham,Man United,0,0,D
Arsenal,Wigan,3,0,H
Aston Villa,Man City,1,0,H
Blackpool,Sunderland,1,2,A
Everton,West Ham,2,2,D
Fulham,Stoke,2,0,H
Man United,Birmingham,5,0,H
Newcastle,Tottenham,1,1,D
Wolves,Liverpool,0,3,A
Blackburn,West Brom,2,0,H
Bolton,Chelsea,0,4,A
Blackpool,Man United,2,3,A
Wigan,Aston Villa,1,2,A
Liverpool,Fulham,1,0,H
Arsenal,Everton,2,1,H
Man United,Aston Villa,3,1,H
Sunderland,Chelsea,2,4,A
West Brom,Wigan,2,2,D
Birmingham,Man City,2,2,D
Blackburn,Tottenham,0,1,A
Blackpool,West Ham,1,3,A
Bolton,Wolves,1,0,H
Fulham,Newcastle,1,0,H
Liverpool,Stoke,2,0,H
Aston Villa,Fulham,2,2,D
Everton,Blackpool,5,3,H
Man City,West Brom,3,0,H
Newcastle,Arsenal,4,4,D
Stoke,Sunderland,3,2,H
Tottenham,Bolton,2,1,H
Wigan,Blackburn,4,3,H
Wolves,Man United,2,1,H
Chelsea,Liverpool,0,1,A
West Ham,Birmingham,0,1,A
Arsenal,Wolves,2,0,H
Birmingham,Stoke,1,0,H
Blackburn,Newcastle,0,0,D
Blackpool,Aston Villa,1,1,D
Liverpool,Wigan,1,1,D
Man United,Man City,2,1,H
Sunderland,Tottenham,1,2,A
West Brom,West Ham,3,3,D
Bolton,Everton,2,0,H
Fulham,Chelsea,0,0,D
Birmingham,Newcastle,0,2,A
West Brom,Wolves,1,1,D
Blackpool,Tottenham,3,1,H
Arsenal,Stoke,1,0,H
Aston Villa,Blackburn,4,1,H
Everton,Sunderland,2,0,H
Newcastle,Bolton,1,1,D
Wigan,Man United,0,4,A
Wolves,Blackpool,4,0,H
Man City,Fulham,1,1,D
West Ham,Liverpool,3,1,H
Stoke,West Brom,1,1,D
Chelsea,Man United,2,1,H
Arsenal,Sunderland,0,0,D
Birmingham,West Brom,1,3,A
Bolton,Aston Villa,3,2,H
Fulham,Blackburn,3,2,H
Man City,Wigan,1,0,H
Newcastle,Everton,1,2,A
West Ham,Stoke,3,0,H
Liverpool,Man United,3,1,H
Wolves,Tottenham,3,3,D
Blackpool,Chelsea,1,3,A
Everton,Birmingham,1,1,D
Aston Villa,Wolves,0,1,A
Blackburn,Blackpool,2,2,D
Everton,Fulham,2,1,H
Man United,Bolton,1,0,H
Stoke,Newcastle,4,0,H
Tottenham,West Ham,0,0,D
West Brom,Arsenal,2,2,D
Wigan,Birmingham,2,1,H
Chelsea,Man City,2,0,H
Sunderland,Liverpool,0,2,A
Arsenal,Blackburn,0,0,D
Birmingham,Bolton,2,1,H
Everton,Aston Villa,2,2,D
Newcastle,Wolves,4,1,H
Stoke,Chelsea,1,1,D
West Brom,Liverpool,2,1,H
West Ham,Man United,2,4,A
Wigan,Tottenham,0,0,D
Fulham,Blackpool,3,0,H
Man City,Sunderland,5,0,H
Blackburn,Birmingham,1,1,D
Bolton,West Ham,3,0,H
Chelsea,Wigan,1,0,H
Man United,Fulham,2,0,H
Sunderland,West Brom,2,3,A
Tottenham,Stoke,3,2,H
Wolves,Everton,0,3,A
Aston Villa,Newcastle,1,0,H
Blackpool,Arsenal,1,3,A
Liverpool,Man City,3,0,H
Birmingham,Sunderland,2,0,H
Blackpool,Wigan,1,3,A
Everton,Blackburn,2,0,H
West Brom,Chelsea,1,3,A
West Ham,Aston Villa,1,2,A
Arsenal,Liverpool,1,1,D
Newcastle,Man United,0,0,D
Chelsea,Birmingham,3,1,H
Tottenham,Arsenal,3,3,D
Aston Villa,Stoke,1,1,D
Blackpool,Newcastle,1,1,D
Chelsea,West Ham,3,0,H
Liverpool,Birmingham,5,0,H
Man United,Everton,1,0,H
Sunderland,Wigan,4,2,H
Tottenham,West Brom,2,2,D
Wolves,Fulham,1,1,D
Bolton,Arsenal,2,1,H
Blackburn,Man City,0,1,A
Stoke,Wolves,3,0,H
Fulham,Bolton,3,0,H
Blackburn,Bolton,1,0,H
Blackpool,Stoke,0,0,D
Chelsea,Tottenham,2,1,H
Sunderland,Fulham,0,3,A
West Brom,Aston Villa,2,1,H
Wigan,Everton,1,1,D
Arsenal,Man United,1,0,H
Birmingham,Wolves,1,1,D
Liverpool,Newcastle,3,0,H
Man City,West Ham,2,1,H
Aston Villa,Wigan,1,1,D
Bolton,Sunderland,1,2,A
Everton,Man City,2,1,H
Newcastle,Birmingham,2,1,H
Tottenham,Blackpool,1,1,D
West Ham,Blackburn,1,1,D
Man United,Chelsea,2,1,H
Stoke,Arsenal,3,1,H
Wolves,West Brom,3,1,H
Fulham,Liverpool,2,5,A
Man City,Tottenham,1,0,H
Blackburn,Man United,1,1,D
Blackpool,Bolton,4,3,H
Sunderland,Wolves,1,3,A
West Brom,Everton,1,0,H
Arsenal,Aston Villa,1,2,A
Birmingham,Fulham,0,2,A
Chelsea,Newcastle,2,2,D
Liverpool,Tottenham,0,2,A
Wigan,West Ham,3,2,H
Man City,Stoke,3,0,H
Aston Villa,Liverpool,1,0,H
Bolton,Man City,0,2,A
Everton,Chelsea,1,0,H
Fulham,Arsenal,2,2,D
Man United,Blackpool,4,2,H
Newcastle,West Brom,3,3,D
Stoke,Wigan,0,1,A
Tottenham,Birmingham,2,1,H
West Ham,Sunderland,0,3,A
Wolves,Blackburn,2,3,A
Blackburn,Wolves,1,2,A
Fulham,Aston Villa,0,0,D
Liverpool,Sunderland,1,1,D
Newcastle,Arsenal,0,0,D
QPR,Bolton,0,4,A
Wigan,Norwich,1,1,D
Stoke,Chelsea,0,0,D
West Brom,Man United,1,2,A
Man City,Swansea,4,0,H
Arsenal,Liverpool,0,2,A
Aston Villa,Blackburn,3,1,H
Chelsea,West Brom,2,1,H
Everton,QPR,0,1,A
Sunderland,Newcastle,0,1,A
Swansea,Wigan,0,0,D
Bolton,Man City,2,3,A
Norwich,Stoke,1,1,D
Wolves,Fulham,2,0,H
Man United,Tottenham,3,0,H
Aston Villa,Wolves,0,0,D
Blackburn,Everton,0,1,A
Chelsea,Norwich,3,1,H
Liverpool,Bolton,3,1,H
Swansea,Sunderland,0,0,D
Wigan,QPR,2,0,H
Man United,Arsenal,8,2,H
Newcastle,Fulham,2,1,H
Tottenham,Man City,1,5,A
West Brom,Stoke,0,1,A
Arsenal,Swansea,1,0,H
Bolton,Man United,0,5,A
Everton,Aston Villa,2,2,D
Man City,Wigan,3,0,H
Stoke,Liverpool,1,0,H
Sunderland,Chelsea,1,2,A
Wolves,Tottenham,0,2,A
Fulham,Blackburn,1,1,D
Norwich,West Brom,0,1,A
QPR,Newcastle,0,0,D
Aston Villa,Newcastle,1,1,D
Blackburn,Arsenal,4,3,H
Bolton,Norwich,1,2,A
Everton,Wigan,3,1,H
Swansea,West Brom,3,0,H
Wolves,QPR,0,3,A
Fulham,Man City,2,2,D
Man United,Chelsea,3,1,H
Sunderland,Stoke,4,0,H
Tottenham,Liverpool,4,0,H
Arsenal,Bolton,3,0,H
Chelsea,Swansea,4,1,H
Liverpool,Wolves,2,1,H
Man City,Everton,2,0,H
Newcastle,Blackburn,3,1,H
Stoke,Man United,1,1,D
West Brom,Fulham,0,0,D
Wigan,Tottenham,1,2,A
QPR,Aston Villa,1,1,D
Norwich,Sunderland,2,1,H
Aston Villa,Wigan,2,0,H
Blackburn,Man City,0,4,A
Everton,Liverpool,0,2,A
Man United,Norwich,2,0,H
Sunderland,West Brom,2,2,D
Wolves,Newcastle,1,2,A
Bolton,Chelsea,1,5,A
Fulham,QPR,6,0,H
Swansea,Stoke,2,0,H
Tottenham,Arsenal,2,1,H
Chelsea,Everton,3,1,H
Liverpool,Man United,1,1,D
Man City,Aston Villa,4,1,H
Norwich,Swansea,3,1,H
QPR,Blackburn,1,1,D
Stoke,Fulham,2,0,H
Wigan,Bolton,1,3,A
Arsenal,Sunderland,2,1,H
Newcastle,Tottenham,2,2,D
West Brom,Wolves,2,0,H
Aston Villa,West Brom,1,2,A
Bolton,Sunderland,0,2,A
Liverpool,Norwich,1,1,D
Newcastle,Wigan,1,0,H
Wolves,Swansea,2,2,D
Arsenal,Stoke,3,1,H
Blackburn,Tottenham,1,2,A
Fulham,Everton,1,3,A
Man United,Man City,1,6,A
QPR,Chelsea,1,0,H
Chelsea,Arsenal,3,5,A
Everton,Man United,0,1,A
Man City,Wolves,3,1,H
Norwich,Blackburn,3,3,D
Sunderland,Aston Villa,2,2,D
Swansea,Bolton,3,1,H
West Brom,Liverpool,0,2,A
Wigan,Fulham,0,2,A
Tottenham,QPR,3,1,H
Stoke,Newcastle,1,3,A
Arsenal,West Brom,3,0,H
Aston Villa,Norwich,3,2,H
Blackburn,Chelsea,0,1,A
Liverpool,Swansea,0,0,D
Man United,Sunderland,1,0,H
Newcastle,Everton,2,1,H
QPR,Man City,2,3,A
Bolton,Stoke,5,0,H
Fulham,Tottenham,1,3,A
Wolves,Wigan,3,1,H
Everton,Wolves,2,1,H
Man City,Newcastle,3,1,H
Norwich,Arsenal,1,2,A
Stoke,QPR,2,3,A
Sunderland,Fulham,0,0,D
Swansea,Man United,0,1,A
West Brom,Bolton,2,1,H
Wigan,Blackburn,3,3,D
Chelsea,Liverpool,1,2,A
Tottenham,Aston Villa,2,0,H
Arsenal,Fulham,1,1,D
Bolton,Everton,0,2,A
Chelsea,Wolves,3,0,H
Man United,Newcastle,1,1,D
Norwich,QPR,2,1,H
Stoke,Blackburn,3,1,H
Sunderland,Wigan,1,2,A
West Brom,Tottenham,1,3,A
Liverpool,Man City,1,1,D
Swansea,Aston Villa,0,0,D
Aston Villa,Man United,0,1,A
Blackburn,Swansea,4,2,H
Man City,Norwich,5,1,H
Newcastle,Chelsea,0,3,A
QPR,West Brom,1,1,D
Tottenham,Bolton,3,0,H
Wigan,Arsenal,0,4,A
Everton,Stoke,0,1,A
Wolves,Sunderland,2,1,H
Fulham,Liverpool,1,0,H
Arsenal,Everton,1,0,H
Bolton,Aston Villa,1,2,A
Liverpool,QPR,1,0,H
Man United,Wolves,4,1,H
Norwich,Newcastle,4,2,H
Swansea,Fulham,2,0,H
West Brom,Wigan,1,2,A
Stoke,Tottenham,2,1,H
Sunderland,Blackburn,2,1,H
Chelsea,Man City,2,1,H
Blackburn,West Brom,1,2,A
Everton,Norwich,1,1,D
Fulham,Bolton,2,0,H
Newcastle,Swansea,0,0,D
Wigan,Chelsea,1,1,D
Wolves,Stoke,1,2,A
Aston Villa,Liverpool,0,2,A
Man City,Arsenal,1,0,H
QPR,Man United,0,2,A
Tottenham,Sunderland,1,0,H
Blackburn,Bolton,1,2,A
Wolves,Norwich,2,2,D
Aston Villa,Arsenal,1,2,A
Everton,Swansea,1,0,H
Fulham,Man United,0,5,A
Man City,Stoke,3,0,H
Newcastle,West Brom,2,3,A
QPR,Sunderland,2,3,A
Wigan,Liverpool,0,0,D
Tottenham,Chelsea,1,1,D
Bolton,Newcastle,0,2,A
Chelsea,Fulham,1,1,D
Liverpool,Blackburn,1,1,D
Man United,Wigan,5,0,H
Stoke,Aston Villa,0,0,D
Sunderland,Everton,1,1,D
West Brom,Man City,0,0,D
Arsenal,Wolves,1,1,D
Norwich,Tottenham,0,2,A
Swansea,QPR,1,1,D
Liverpool,Newcastle,3,1,H
Arsenal,QPR,1,0,H
Bolton,Wolves,1,1,D
Chelsea,Aston Villa,1,3,A
Man United,Blackburn,2,3,A
Norwich,Fulham,1,1,D
Stoke,Wigan,2,2,D
Swansea,Tottenham,1,1,D
Sunderland,Man City,1,0,H
West Brom,Everton,0,1,A
Aston Villa,Swansea,0,2,A
Blackburn,Stoke,1,2,A
Fulham,Arsenal,2,1,H
QPR,Norwich,1,2,A
Wolves,Chelsea,1,2,A
Man City,Liverpool,3,0,H
Tottenham,West Brom,1,0,H
Wigan,Sunderland,1,4,A
Everton,Bolton,1,2,A
Newcastle,Man United,3,0,H
Tottenham,Everton,2,0,H
Aston Villa,Everton,1,1,D
Blackburn,Fulham,3,1,H
Chelsea,Sunderland,1,0,H
Liverpool,Stoke,0,0,D
Man United,Bolton,3,0,H
Tottenham,Wolves,1,1,D
West Brom,Norwich,1,2,A
Newcastle,QPR,1,0,H
Swansea,Arsenal,3,2,H
Wigan,Man City,0,1,A
Bolton,Liverpool,3,1,H
Everton,Blackburn,1,1,D
Fulham,Newcastle,5,2,H
Norwich,Chelsea,0,0,D
QPR,Wigan,3,1,H
Stoke,West Brom,1,2,A
Sunderland,Swansea,2,0,H
Wolves,Aston Villa,2,3,A
Arsenal,Man United,1,2,A
Man City,Tottenham,3,2,H
Everton,Man City,1,0,H
Man United,Stoke,2,0,H
Swansea,Chelsea,1,1,D
Tottenham,Wigan,3,1,H
Wolves,Liverpool,0,3,A
Aston Villa,QPR,2,2,D
Blackburn,Newcastle,0,2,A
Bolton,Arsenal,0,0,D
Fulham,West Brom,1,1,D
Sunderland,Norwich,3,0,H
Arsenal,Blackburn,7,1,H
Man City,Fulham,3,0,H
Norwich,Bolton,2,0,H
QPR,Wolves,1,2,A
Stoke,Sunderland,0,1,A
West Brom,Swansea,1,2,A
Wigan,Everton,1,1,D
Chelsea,Man United,3,3,D
Newcastle,Aston Villa,2,1,H
Liverpool,Tottenham,0,0,D
Blackburn,QPR,3,2,H
Bolton,Wigan,1,2,A
Everton,Chelsea,2,0,H
Fulham,Stoke,2,1,H
Man United,Liverpool,2,1,H
Sunderland,Arsenal,1,2,A
Swansea,Norwich,2,3,A
Tottenham,Newcastle,5,0,H
Aston Villa,Man City,0,1,A
Wolves,West Brom,1,5,A
Chelsea,Bolton,3,0,H
Man City,Blackburn,3,0,H
Newcastle,Wolves,2,2,D
QPR,Fulham,0,1,A
West Brom,Sunderland,4,0,H
Wigan,Aston Villa,0,0,D
Arsenal,Tottenham,5,2,H
Norwich,Man United,1,2,A
Stoke,Swansea,2,0,H
Blackburn,Aston Villa,1,1,D
Liverpool,Arsenal,1,2,A
Man City,Bolton,2,0,H
QPR,Everton,1,1,D
Stoke,Norwich,1,0,H
West Brom,Chelsea,1,0,H
Wigan,Swansea,0,2,A
Fulham,Wolves,5,0,H
Newcastle,Sunderland,1,1,D
Tottenham,Man United,1,3,A
Aston Villa,Fulham,1,0,H
Bolton,QPR,2,1,H
Chelsea,Stoke,1,0,H
Everton,Tottenham,1,0,H
Sunderland,Liverpool,1,0,H
Wolves,Blackburn,0,2,A
Man United,West Brom,2,0,H
Norwich,Wigan,1,1,D
Swansea,Man City,1,0,H
Arsenal,Newcastle,2,1,H
Liverpool,Everton,3,0,H
Fulham,Swansea,0,3,A
Wigan,West Brom,1,1,D
Newcastle,Norwich,1,0,H
Wolves,Man United,0,5,A
Blackburn,Sunderland,2,0,H
Everton,Arsenal,0,1,A
Man City,Chelsea,2,1,H
QPR,Liverpool,3,2,H
Tottenham,Stoke,1,1,D
Arsenal,Aston Villa,3,0,H
Bolton,Blackburn,2,1,H
Chelsea,Tottenham,0,0,D
Liverpool,Wigan,1,2,A
Norwich,Wolves,2,1,H
Stoke,Man City,1,1,D
Sunderland,QPR,3,1,H
Swansea,Everton,0,2,A
West Brom,Newcastle,1,3,A
Man United,Fulham,1,0,H
Aston Villa,Chelsea,2,4,A
Everton,West Brom,2,0,H
Fulham,Norwich,2,1,H
Man City,Sunderland,3,3,D
QPR,Arsenal,2,1,H
Wigan,Stoke,2,0,H
Wolves,Bolton,2,3,A
Newcastle,Liverpool,2,0,H
Tottenham,Swansea,3,1,H
Blackburn,Man United,0,2,A
Swansea,Newcastle,0,2,A
Bolton,Fulham,0,3,A
Chelsea,Wigan,2,1,H
Liverpool,Aston Villa,1,1,D
Norwich,Everton,2,2,D
Stoke,Wolves,2,1,H
Sunderland,Tottenham,0,0,D
West Brom,Blackburn,3,0,H
Arsenal,Man City,1,0,H
Man United,QPR,2,0,H
Aston Villa,Stoke,1,1,D
Everton,Sunderland,4,0,H
Fulham,Chelsea,1,1,D
Newcastle,Bolton,2,0,H
Tottenham,Norwich,1,2,A
Blackburn,Liverpool,2,3,A
Man City,West Brom,4,0,H
QPR,Swansea,3,0,H
Wigan,Man United,1,0,H
Wolves,Arsenal,0,3,A
Norwich,Man City,1,6,A
Sunderland,Wolves,0,0,D
Swansea,Blackburn,3,0,H
West Brom,QPR,1,0,H
Man United,Aston Villa,4,0,H
Arsenal,Wigan,1,2,A
Arsenal,Chelsea,0,0,D
Aston Villa,Sunderland,0,0,D
Blackburn,Norwich,2,0,H
Bolton,Swansea,1,1,D
Fulham,Wigan,2,1,H
Newcastle,Stoke,3,0,H
QPR,Tottenham,1,0,H
Liverpool,West Brom,0,1,A
Man United,Everton,4,4,D
Wolves,Man City,0,2,A
Aston Villa,Bolton,1,2,A
Everton,Fulham,4,0,H
Norwich,Liverpool,0,3,A
Stoke,Arsenal,1,1,D
Sunderland,Bolton,2,2,D
Swansea,Wolves,4,4,D
West Brom,Aston Villa,0,0,D
Wigan,Newcastle,4,0,H
Chelsea,QPR,6,1,H
Tottenham,Blackburn,2,0,H
Man City,Man United,1,0,H
Liverpool,Fulham,0,1,A
Stoke,Everton,1,1,D
Bolton,Tottenham,1,4,A
Chelsea,Newcastle,0,2,A
Arsenal,Norwich,3,3,D
Aston Villa,Tottenham,1,1,D
Bolton,West Brom,2,2,D
Fulham,Sunderland,2,1,H
Man United,Swansea,2,0,H
Newcastle,Man City,0,2,A
QPR,Stoke,1,0,H
Wolves,Everton,0,0,D
Blackburn,Wigan,0,1,A
Liverpool,Chelsea,4,1,H
Chelsea,Blackburn,2,1,H
Everton,Newcastle,3,1,H
Man City,QPR,3,2,H
Norwich,Aston Villa,2,0,H
Stoke,Bolton,2,2,D
Sunderland,Man United,0,1,A
Swansea,Liverpool,1,0,H
Tottenham,Fulham,2,0,H
West Brom,Arsenal,2,3,A
Wigan,Wolves,3,2,H
Arsenal,Sunderland,0,0,D
Fulham,Norwich,5,0,H
Newcastle,Tottenham,2,1,H
QPR,Swansea,0,5,A
Reading,Stoke,1,1,D
West Brom,Liverpool,3,0,H
West Ham,Aston Villa,1,0,H
Man City,Southampton,3,2,H
Wigan,Chelsea,0,2,A
Everton,Man United,1,0,H
Chelsea,Reading,4,2,H
Aston Villa,Everton,1,3,A
Chelsea,Newcastle,2,0,H
Man United,Fulham,3,2,H
Norwich,QPR,1,1,D
Southampton,Wigan,0,2,A
Swansea,West Ham,3,0,H
Tottenham,West Brom,1,1,D
Liverpool,Man City,2,2,D
Stoke,Arsenal,0,0,D
Man City,QPR,3,1,H
Swansea,Sunderland,2,2,D
Tottenham,Norwich,1,1,D
West Brom,Everton,2,0,H
West Ham,Fulham,3,0,H
Wigan,Stoke,2,2,D
Liverpool,Arsenal,0,2,A
Newcastle,Aston Villa,1,1,D
Southampton,Man United,2,3,A
Arsenal,Southampton,6,1,H
Aston Villa,Swansea,2,0,H
Fulham,West Brom,3,0,H
Man United,Wigan,4,0,H
Norwich,West Ham,0,0,D
QPR,Chelsea,0,0,D
Stoke,Man City,1,1,D
Sunderland,Liverpool,1,1,D
Reading,Tottenham,1,3,A
Everton,Newcastle,2,2,D
Chelsea,Stoke,1,0,H
Southampton,Aston Villa,4,1,H
Swansea,Everton,0,3,A
West Brom,Reading,1,0,H
West Ham,Sunderland,1,1,D
Wigan,Fulham,1,2,A
Liverpool,Man United,1,2,A
Man City,Arsenal,1,1,D
Newcastle,Norwich,1,0,H
Tottenham,QPR,2,1,H
Arsenal,Chelsea,1,2,A
Everton,Southampton,3,1,H
Fulham,Man City,1,2,A
Man United,Tottenham,2,3,A
Norwich,Liverpool,2,5,A
Reading,Newcastle,2,2,D
Stoke,Swansea,2,0,H
Sunderland,Wigan,1,0,H
Aston Villa,West Brom,1,1,D
QPR,West Ham,1,2,A
Chelsea,Norwich,4,1,H
Man City,Sunderland,3,0,H
Swansea,Reading,2,2,D
West Brom,QPR,3,2,H
West Ham,Arsenal,1,3,A
Wigan,Everton,2,2,D
Liverpool,Stoke,0,0,D
Newcastle,Man United,0,3,A
Southampton,Fulham,2,2,D
Tottenham,Aston Villa,2,0,H
Fulham,Aston Villa,1,0,H
Liverpool,Reading,1,0,H
Man United,Stoke,4,2,H
Norwich,Arsenal,1,0,H
Swansea,Wigan,2,1,H
Tottenham,Chelsea,2,4,A
West Brom,Man City,1,2,A
West Ham,Southampton,4,1,H
QPR,Everton,1,1,D
Sunderland,Newcastle,1,1,D
Arsenal,QPR,1,0,H
Aston Villa,Norwich,1,1,D
Man City,Swansea,1,0,H
Reading,Fulham,3,3,D
Stoke,Sunderland,0,0,D
Wigan,West Ham,2,1,H
Chelsea,Man United,2,3,A
Everton,Liverpool,2,2,D
Newcastle,West Brom,2,1,H
Southampton,Tottenham,1,2,A
Fulham,Everton,2,2,D
Man United,Arsenal,2,1,H
Norwich,Stoke,1,0,H
Sunderland,Aston Villa,0,1,A
Swansea,Chelsea,1,1,D
Tottenham,Wigan,0,1,A
West Ham,Man City,0,0,D
Liverpool,Newcastle,1,1,D
QPR,Reading,1,1,D
West Brom,Southampton,2,0,H
Arsenal,Fulham,3,3,D
Aston Villa,Man United,2,3,A
Everton,Sunderland,2,1,H
Reading,Norwich,0,0,D
Southampton,Swansea,1,1,D
Stoke,QPR,1,0,H
Wigan,West Brom,1,2,A
Chelsea,Liverpool,1,1,D
Man City,Tottenham,2,1,H
Newcastle,West Ham,0,1,A
Arsenal,Tottenham,5,2,H
Liverpool,Wigan,3,0,H
Man City,Aston Villa,5,0,H
Newcastle,Swansea,1,2,A
Norwich,Man United,1,0,H
QPR,Southampton,1,3,A
Reading,Everton,2,1,H
West Brom,Chelsea,2,1,H
Fulham,Sunderland,1,3,A
West Ham,Stoke,1,1,D
Aston Villa,Arsenal,0,0,D
Everton,Norwich,1,1,D
Man United,QPR,3,1,H
Stoke,Fulham,1,0,H
Sunderland,West Brom,2,4,A
Wigan,Reading,3,2,H
Chelsea,Man City,0,0,D
Southampton,Newcastle,2,0,H
Swansea,Liverpool,0,0,D
Tottenham,West Ham,3,1,H
Aston Villa,Reading,1,0,H
Sunderland,QPR,0,0,D
Chelsea,Fulham,0,0,D
Everton,Arsenal,1,1,D
Man United,West Ham,1,0,H
Southampton,Norwich,1,1,D
Stoke,Newcastle,2,1,H
Swansea,West Brom,3,1,H
Tottenham,Liverpool,2,1,H
Wigan,Man City,0,2,A
Arsenal,Swansea,0,2,A
Fulham,Tottenham,0,3,A
Liverpool,Southampton,1,0,H
Man City,Everton,1,1,D
QPR,Aston Villa,1,1,D
Reading,Man United,3,4,A
West Brom,Stoke,0,1,A
West Ham,Chelsea,3,1,H
Norwich,Sunderland,2,1,H
Newcastle,Wigan,3,0,H
Arsenal,West Brom,2,0,H
Aston Villa,Stoke,0,0,D
Southampton,Reading,1,0,H
Sunderland,Chelsea,1,3,A
Swansea,Norwich,3,4,A
Wigan,QPR,2,2,D
Everton,Tottenham,2,1,H
Man City,Man United,2,3,A
West Ham,Liverpool,2,3,A
Fulham,Newcastle,2,1,H
Sunderland,Reading,3,0,H
Liverpool,Aston Villa,1,3,A
Man United,Sunderland,3,1,H
Newcastle,Man City,1,3,A
Norwich,Wigan,2,1,H
QPR,Fulham,2,1,H
Stoke,Everton,1,1,D
Tottenham,Swansea,1,0,H
West Brom,West Ham,0,0,D
Reading,Arsenal,2,5,A
Liverpool,Fulham,4,0,H
Man City,Reading,1,0,H
Newcastle,QPR,1,0,H
Southampton,Sunderland,0,1,A
Tottenham,Stoke,0,0,D
West Brom,Norwich,2,1,H
West Ham,Everton,1,2,A
Wigan,Arsenal,0,1,A
Chelsea,Aston Villa,8,0,H
Swansea,Man United,1,1,D
Aston Villa,Tottenham,0,4,A
Everton,Wigan,2,1,H
Fulham,Southampton,1,1,D
Man United,Newcastle,4,3,H
Norwich,Chelsea,0,1,A
QPR,West Brom,1,2,A
Reading,Swansea,0,0,D
Stoke,Liverpool,3,1,H
Sunderland,Man City,1,0,H
Arsenal,Newcastle,7,3,H
Aston Villa,Wigan,0,3,A
Fulham,Swansea,1,2,A
Man United,West Brom,2,0,H
Norwich,Man City,3,4,A
Reading,West Ham,1,0,H
Stoke,Southampton,3,3,D
Sunderland,Tottenham,1,2,A
Everton,Chelsea,1,2,A
QPR,Liverpool,0,3,A
Man City,Stoke,3,0,H
Southampton,Arsenal,1,1,D
Swansea,Aston Villa,2,2,D
Tottenham,Reading,3,1,H
West Brom,Fulham,1,2,A
West Ham,Norwich,2,1,H
Wigan,Man United,0,4,A
Chelsea,QPR,0,1,A
Liverpool,Sunderland,3,0,H
Newcastle,Everton,1,2,A
Aston Villa,Southampton,0,1,A
Everton,Swansea,0,0,D
Fulham,Wigan,1,1,D
Norwich,Newcastle,0,0,D
QPR,Tottenham,0,0,D
Reading,West Brom,3,2,H
Stoke,Chelsea,0,4,A
Sunderland,West Ham,3,0,H
Arsenal,Man City,0,2,A
Man United,Liverpool,2,1,H
Chelsea,Southampton,2,2,D
Liverpool,Norwich,5,0,H
Man City,Fulham,2,0,H
Newcastle,Reading,1,2,A
Swansea,Stoke,3,1,H
West Brom,Aston Villa,2,2,D
West Ham,QPR,1,1,D
Wigan,Sunderland,2,3,A
Chelsea,Arsenal,2,1,H
Tottenham,Man United,1,1,D
Southampton,Everton,0,0,D
Arsenal,West Ham,5,1,H
Aston Villa,Newcastle,1,2,A
QPR,Man City,0,0,D
Stoke,Wigan,2,2,D
Sunderland,Swansea,0,0,D
Arsenal,Liverpool,2,2,D
Everton,West Brom,2,1,H
Fulham,West Ham,3,1,H
Man United,Southampton,2,1,H
Norwich,Tottenham,1,1,D
Reading,Chelsea,2,2,D
Arsenal,Stoke,1,0,H
Everton,Aston Villa,3,3,D
Fulham,Man United,0,1,A
Newcastle,Chelsea,3,2,H
QPR,Norwich,0,0,D
Reading,Sunderland,2,1,H
West Ham,Swansea,1,0,H
Wigan,Southampton,2,2,D
Man City,Liverpool,2,2,D
West Brom,Tottenham,0,1,A
Chelsea,Wigan,4,1,H
Norwich,Fulham,0,0,D
Southampton,Man City,3,1,H
Stoke,Reading,2,1,H
Sunderland,Arsenal,0,1,A
Swansea,QPR,4,1,H
Tottenham,Newcastle,2,1,H
Aston Villa,West Ham,2,1,H
Man United,Everton,2,0,H
Liverpool,West Brom,0,2,A
Liverpool,Swansea,5,0,H
Arsenal,Aston Villa,2,1,H
Fulham,Stoke,1,0,H
Norwich,Everton,2,1,H
QPR,Man United,0,2,A
Reading,Wigan,0,3,A
West Brom,Sunderland,2,1,H
Man City,Chelsea,2,0,H
Newcastle,Southampton,4,2,H
West Ham,Tottenham,2,3,A
Chelsea,West Brom,1,0,H
Everton,Reading,3,1,H
Man United,Norwich,4,0,H
Southampton,QPR,1,2,A
Stoke,West Ham,0,1,A
Sunderland,Fulham,2,2,D
Swansea,Newcastle,1,0,H
Wigan,Liverpool,0,4,A
Tottenham,Arsenal,2,1,H
Aston Villa,Man City,0,1,A
Norwich,Southampton,0,0,D
QPR,Sunderland,3,1,H
Reading,Aston Villa,1,2,A
West Brom,Swansea,2,1,H
Liverpool,Tottenham,3,2,H
Newcastle,Stoke,2,1,H
Aston Villa,QPR,3,2,H
Everton,Man City,2,0,H
Man United,Reading,1,0,H
Southampton,Liverpool,3,1,H
Stoke,West Brom,0,0,D
Swansea,Arsenal,0,2,A
Chelsea,West Ham,2,0,H
Sunderland,Norwich,1,1,D
Tottenham,Fulham,0,1,A
Wigan,Newcastle,2,1,H
Arsenal,Reading,4,1,H
Everton,Stoke,1,0,H
Man City,Newcastle,4,0,H
Southampton,Chelsea,2,1,H
Sunderland,Man United,0,1,A
Swansea,Tottenham,1,2,A
West Ham,West Brom,3,1,H
Wigan,Norwich,1,0,H
Aston Villa,Liverpool,1,2,A
Fulham,QPR,3,2,H
Norwich,Swansea,2,2,D
Reading,Southampton,0,2,A
Stoke,Aston Villa,1,3,A
West Brom,Arsenal,1,2,A
Chelsea,Sunderland,2,1,H
Liverpool,West Ham,0,0,D
Newcastle,Fulham,1,0,H
QPR,Wigan,1,1,D
Tottenham,Everton,2,2,D
Man United,Man City,1,2,A
Arsenal,Norwich,3,1,H
Aston Villa,Fulham,1,1,D
Everton,QPR,2,0,H
Reading,Liverpool,0,0,D
Southampton,West Ham,1,1,D
Newcastle,Sunderland,0,3,A
Stoke,Man United,0,2,A
Arsenal,Everton,0,0,D
Fulham,Chelsea,0,3,A
Man City,Wigan,1,0,H
West Ham,Man United,2,2,D
Fulham,Arsenal,0,1,A
Norwich,Reading,2,1,H
QPR,Stoke,0,2,A
Sunderland,Everton,1,0,H
Swansea,Southampton,0,0,D
West Brom,Newcastle,1,1,D
West Ham,Wigan,2,0,H
Liverpool,Chelsea,2,2,D
Tottenham,Man City,3,1,H
Man United,Aston Villa,3,0,H
Everton,Fulham,1,0,H
Man City,West Ham,2,1,H
Newcastle,Liverpool,0,6,A
Southampton,West Brom,0,3,A
Stoke,Norwich,1,0,H
Wigan,Tottenham,2,2,D
Arsenal,Man United,1,1,D
Chelsea,Swansea,2,0,H
Reading,QPR,0,0,D
Aston Villa,Sunderland,6,1,H
Fulham,Reading,2,4,A
Norwich,Aston Villa,1,2,A
QPR,Arsenal,0,1,A
Swansea,Man City,0,0,D
Tottenham,Southampton,1,0,H
West Brom,Wigan,2,3,A
West Ham,Newcastle,0,0,D
Liverpool,Everton,0,0,D
Man United,Chelsea,0,1,A
Sunderland,Stoke,1,1,D
Man City,West Brom,1,0,H
Wigan,Swansea,2,3,A
Chelsea,Tottenham,2,2,D
Aston Villa,Chelsea,1,2,A
Everton,West Ham,2,0,H
Fulham,Liverpool,1,3,A
Man United,Swansea,2,1,H
Norwich,West Brom,4,0,H
QPR,Newcastle,1,2,A
Stoke,Tottenham,1,2,A
Sunderland,Southampton,1,1,D
Arsenal,Wigan,4,1,H
Reading,Man City,0,2,A
Chelsea,Everton,2,1,H
Liverpool,QPR,1,0,H
Man City,Norwich,2,3,A
Newcastle,Arsenal,0,1,A
Southampton,Stoke,1,1,D
Swansea,Fulham,0,3,A
Tottenham,Sunderland,1,0,H
West Brom,Man United,5,5,D
West Ham,Reading,4,2,H
Wigan,Aston Villa,2,2,D
Arsenal,Aston Villa,1,3,A
Liverpool,Stoke,1,0,H
Norwich,Everton,2,2,D
Sunderland,Fulham,0,1,A
Swansea,Man United,1,4,A
West Brom,Southampton,0,1,A
West Ham,Cardiff,2,0,H
Chelsea,Hull,2,0,H
Crystal Palace,Tottenham,0,1,A
Man City,Newcastle,4,0,H
Chelsea,Aston Villa,2,1,H
Aston Villa,Liverpool,0,1,A
Everton,West Brom,0,0,D
Fulham,Arsenal,1,3,A
Hull,Norwich,1,0,H
Newcastle,West Ham,0,0,D
Southampton,Sunderland,1,1,D
Stoke,Crystal Palace,2,1,H
Cardiff,Man City,3,2,H
Tottenham,Swansea,1,0,H
Man United,Chelsea,0,0,D
Cardiff,Everton,0,0,D
Crystal Palace,Sunderland,3,1,H
Man City,Hull,2,0,H
Newcastle,Fulham,1,0,H
Norwich,Southampton,1,0,H
West Ham,Stoke,0,1,A
Arsenal,Tottenham,1,0,H
Liverpool,Man United,1,0,H
West Brom,Swansea,0,2,A
Aston Villa,Newcastle,1,2,A
Everton,Chelsea,1,0,H
Fulham,West Brom,1,1,D
Hull,Cardiff,1,1,D
Man United,Crystal Palace,2,0,H
Stoke,Man City,0,0,D
Sunderland,Arsenal,1,3,A
Tottenham,Norwich,2,0,H
Southampton,West Ham,0,0,D
Swansea,Liverpool,2,2,D
Chelsea,Fulham,2,0,H
Liverpool,Southampton,0,1,A
Newcastle,Hull,2,3,A
Norwich,Aston Villa,0,1,A
West Brom,Sunderland,3,0,H
West Ham,Everton,2,3,A
Arsenal,Stoke,3,1,H
Cardiff,Tottenham,0,1,A
Crystal Palace,Swansea,0,2,A
Man City,Man United,4,1,H
Aston Villa,Man City,3,2,H
Fulham,Cardiff,1,2,A
Hull,West Ham,1,0,H
Man United,West Brom,1,2,A
Southampton,Crystal Palace,2,0,H
Swansea,Arsenal,1,2,A
Tottenham,Chelsea,1,1,D
Stoke,Norwich,0,1,A
Sunderland,Liverpool,1,3,A
Everton,Newcastle,3,2,H
Cardiff,Newcastle,1,2,A
Fulham,Stoke,1,0,H
Hull,Aston Villa,0,0,D
Liverpool,Crystal Palace,3,1,H
Man City,Everton,3,1,H
Sunderland,Man United,1,2,A
Norwich,Chelsea,1,3,A
Southampton,Swansea,2,0,H
Tottenham,West Ham,0,3,A
West Brom,Arsenal,1,1,D
Arsenal,Norwich,4,1,H
Chelsea,Cardiff,4,1,H
Everton,Hull,2,1,H
Man United,Southampton,1,1,D
Newcastle,Liverpool,2,2,D
Stoke,West Brom,0,0,D
Swansea,Sunderland,4,0,H
West Ham,Man City,1,3,A
Aston Villa,Tottenham,0,2,A
Crystal Palace,Fulham,1,4,A
Aston Villa,Everton,0,2,A
Crystal Palace,Arsenal,0,2,A
Liverpool,West Brom,4,1,H
Man United,Stoke,3,2,H
Norwich,Cardiff,0,0,D
Southampton,Fulham,2,0,H
Chelsea,Man City,2,1,H
Sunderland,Newcastle,2,1,H
Swansea,West Ham,0,0,D
Tottenham,Hull,1,0,H
Arsenal,Liverpool,2,0,H
Fulham,Man United,1,3,A
Hull,Sunderland,1,0,H
Man City,Norwich,7,0,H
Newcastle,Chelsea,2,0,H
Stoke,Southampton,1,1,D
West Brom,Crystal Palace,2,0,H
West Ham,Aston Villa,0,0,D
Cardiff,Swansea,1,0,H
Everton,Tottenham,0,0,D
Aston Villa,Cardiff,2,0,H
Chelsea,West Brom,2,2,D
Crystal Palace,Everton,0,0,D
Liverpool,Fulham,4,0,H
Norwich,West Ham,3,1,H
Southampton,Hull,4,1,H
Man United,Arsenal,1,0,H
Sunderland,Man City,1,0,H
Swansea,Stoke,3,3,D
Tottenham,Newcastle,0,1,A
Arsenal,Southampton,2,0,H
Everton,Liverpool,3,3,D
Fulham,Swansea,1,2,A
Hull,Crystal Palace,0,1,A
Newcastle,Norwich,2,1,H
Stoke,Sunderland,2,0,H
West Ham,Chelsea,0,3,A
Cardiff,Man United,2,2,D
Man City,Tottenham,6,0,H
West Brom,Aston Villa,2,2,D
Aston Villa,Sunderland,0,0,D
Cardiff,Arsenal,0,3,A
Everton,Stoke,4,0,H
Newcastle,West Brom,2,1,H
Norwich,Crystal Palace,1,0,H
West Ham,Fulham,3,0,H
Chelsea,Southampton,3,1,H
Hull,Liverpool,3,1,H
Man City,Swansea,3,0,H
Tottenham,Man United,2,2,D
Crystal Palace,West Ham,1,0,H
Arsenal,Hull,2,0,H
Fulham,Tottenham,1,2,A
Liverpool,Norwich,5,1,H
Man United,Everton,0,1,A
Southampton,Aston Villa,2,3,A
Stoke,Cardiff,0,0,D
Sunderland,Chelsea,3,4,A
Swansea,Newcastle,3,0,H
West Brom,Man City,2,3,A
Crystal Palace,Cardiff,2,0,H
Liverpool,West Ham,4,1,H
Man United,Newcastle,0,1,A
Southampton,Man City,1,1,D
Stoke,Chelsea,3,2,H
Sunderland,Tottenham,1,2,A
West Brom,Norwich,0,2,A
Arsenal,Everton,1,1,D
Fulham,Aston Villa,2,0,H
Swansea,Hull,1,1,D
Cardiff,West Brom,1,0,H
Chelsea,Crystal Palace,2,1,H
Everton,Fulham,4,1,H
Hull,Stoke,0,0,D
Man City,Arsenal,6,3,H
Newcastle,Southampton,1,1,D
West Ham,Sunderland,0,0,D
Aston Villa,Man United,0,3,A
Norwich,Swansea,1,1,D
Tottenham,Liverpool,0,5,A
Crystal Palace,Newcastle,0,3,A
Fulham,Man City,2,4,A
Liverpool,Cardiff,3,1,H
Man United,West Ham,3,1,H
Stoke,Aston Villa,2,1,H
Sunderland,Norwich,0,0,D
West Brom,Hull,1,1,D
Southampton,Tottenham,2,3,A
Swansea,Everton,1,2,A
Arsenal,Chelsea,0,0,D
Aston Villa,Crystal Palace,0,1,A
Cardiff,Southampton,0,3,A
Chelsea,Swansea,1,0,H
Everton,Sunderland,0,1,A
Hull,Man United,2,3,A
Man City,Liverpool,2,1,H
Newcastle,Stoke,5,1,H
Norwich,Fulham,1,2,A
Tottenham,West Brom,1,1,D
West Ham,Arsenal,1,3,A
Aston Villa,Swansea,1,1,D
Cardiff,Sunderland,2,2,D
Hull,Fulham,6,0,H
Man City,Crystal Palace,1,0,H
Norwich,Man United,0,1,A
West Ham,West Brom,3,3,D
Chelsea,Liverpool,2,1,H
Everton,Southampton,2,1,H
Newcastle,Arsenal,0,1,A
Tottenham,Stoke,3,0,H
Arsenal,Cardiff,2,0,H
Crystal Palace,Norwich,1,1,D
Fulham,West Ham,2,1,H
Liverpool,Hull,2,0,H
Man United,Tottenham,1,2,A
Southampton,Chelsea,0,3,A
Stoke,Everton,1,1,D
Sunderland,Aston Villa,0,1,A
Swansea,Man City,2,3,A
West Brom,Newcastle,1,0,H
Cardiff,West Ham,0,2,A
Everton,Norwich,2,0,H
Fulham,Sunderland,1,4,A
Hull,Chelsea,0,2,A
Man United,Swansea,2,0,H
Southampton,West Brom,1,0,H
Tottenham,Crystal Palace,2,0,H
Newcastle,Man City,0,2,A
Stoke,Liverpool,3,5,A
Aston Villa,Arsenal,1,2,A
Arsenal,Fulham,2,0,H
Crystal Palace,Stoke,1,0,H
Liverpool,Aston Villa,2,2,D
Man City,Cardiff,4,2,H
Norwich,Hull,1,0,H
Sunderland,Southampton,2,2,D
West Ham,Newcastle,1,3,A
Chelsea,Man United,3,1,H
Swansea,Tottenham,1,3,A
West Brom,Everton,1,1,D
Crystal Palace,Hull,1,0,H
Liverpool,Everton,4,0,H
Man United,Cardiff,2,0,H
Norwich,Newcastle,0,0,D
Southampton,Arsenal,2,2,D
Swansea,Fulham,2,0,H
Aston Villa,West Brom,4,3,H
Chelsea,West Ham,0,0,D
Sunderland,Stoke,1,0,H
Tottenham,Man City,1,5,A
Cardiff,Norwich,2,1,H
Everton,Aston Villa,2,1,H
Fulham,Southampton,0,3,A
Hull,Tottenham,1,1,D
Newcastle,Sunderland,0,3,A
Stoke,Man United,2,1,H
West Ham,Swansea,2,0,H
Arsenal,Crystal Palace,2,0,H
West Brom,Liverpool,1,1,D
Man City,Chelsea,0,1,A
Aston Villa,West Ham,0,2,A
Chelsea,Newcastle,3,0,H
Crystal Palace,West Brom,3,1,H
Liverpool,Arsenal,5,1,H
Norwich,Man City,0,0,D
Southampton,Stoke,2,2,D
Sunderland,Hull,0,2,A
Swansea,Cardiff,3,0,H
Man United,Fulham,2,2,D
Tottenham,Everton,1,0,H
Cardiff,Aston Villa,0,0,D
Hull,Southampton,0,1,A
West Brom,Chelsea,1,1,D
West Ham,Norwich,2,0,H
Arsenal,Man United,0,0,D
Fulham,Liverpool,2,3,A
Newcastle,Tottenham,0,4,A
Stoke,Swansea,1,1,D
Arsenal,Sunderland,4,1,H
Cardiff,Hull,0,4,A
Chelsea,Everton,1,0,H
Crystal Palace,Man United,0,2,A
Man City,Stoke,1,0,H
West Brom,Fulham,1,1,D
West Ham,Southampton,3,1,H
Liverpool,Swansea,4,3,H
Newcastle,Aston Villa,1,0,H
Norwich,Tottenham,1,0,H
Everton,West Ham,1,0,H
Fulham,Chelsea,1,3,A
Hull,Newcastle,1,4,A
Southampton,Liverpool,0,3,A
Stoke,Arsenal,1,0,H
Aston Villa,Norwich,4,1,H
Swansea,Crystal Palace,1,1,D
Tottenham,Cardiff,1,0,H
Cardiff,Fulham,3,1,H
Chelsea,Tottenham,4,0,H
Crystal Palace,Southampton,0,1,A
Norwich,Stoke,1,1,D
West Brom,Man United,0,3,A
Aston Villa,Chelsea,1,0,H
Everton,Cardiff,2,1,H
Fulham,Newcastle,1,0,H
Hull,Man City,0,2,A
Southampton,Norwich,4,2,H
Stoke,West Ham,3,1,H
Sunderland,Crystal Palace,0,0,D
Swansea,West Brom,1,2,A
Man United,Liverpool,0,3,A
Tottenham,Arsenal,0,1,A
Cardiff,Liverpool,3,6,A
Chelsea,Arsenal,6,0,H
Everton,Swansea,3,2,H
Hull,West Brom,2,0,H
Man City,Fulham,5,0,H
Newcastle,Crystal Palace,1,0,H
Norwich,Sunderland,2,0,H
West Ham,Man United,0,2,A
Aston Villa,Stoke,1,4,A
Tottenham,Southampton,3,2,H
Arsenal,Swansea,2,2,D
Man United,Man City,0,3,A
Newcastle,Everton,0,3,A
Liverpool,Sunderland,2,1,H
West Ham,Hull,2,1,H
Arsenal,Man City,1,1,D
Crystal Palace,Chelsea,1,0,H
Man United,Aston Villa,4,1,H
Southampton,Newcastle,4,0,H
Stoke,Hull,1,0,H
Swansea,Norwich,3,0,H
West Brom,Cardiff,3,3,D
Fulham,Everton,1,3,A
Liverpool,Tottenham,4,0,H
Sunderland,West Ham,1,2,A
Aston Villa,Fulham,1,2,A
Cardiff,Crystal Palace,0,3,A
Chelsea,Stoke,3,0,H
Hull,Swansea,1,0,H
Man City,Southampton,4,1,H
Newcastle,Man United,0,4,A
Norwich,West Brom,0,1,A
Everton,Arsenal,3,0,H
West Ham,Liverpool,1,2,A
Tottenham,Sunderland,5,1,H
Crystal Palace,Aston Villa,1,0,H
Fulham,Norwich,1,0,H
Southampton,Cardiff,0,1,A
Stoke,Newcastle,1,0,H
Sunderland,Everton,0,1,A
West Brom,Tottenham,3,3,D
Liverpool,Man City,3,2,H
Swansea,Chelsea,0,1,A
Arsenal,West Ham,3,1,H
Everton,Crystal Palace,2,3,A
Man City,Sunderland,2,2,D
Aston Villa,Southampton,0,0,D
Cardiff,Stoke,1,1,D
Chelsea,Sunderland,1,2,A
Newcastle,Swansea,1,2,A
Tottenham,Fulham,3,1,H
West Ham,Crystal Palace,0,1,A
Everton,Man United,2,0,H
Hull,Arsenal,0,3,A
Norwich,Liverpool,2,3,A
Man City,West Brom,3,1,H
Fulham,Hull,2,2,D
Man United,Norwich,4,0,H
Southampton,Everton,2,0,H
Stoke,Tottenham,0,1,A
Swansea,Aston Villa,4,1,H
West Brom,West Ham,1,0,H
Crystal Palace,Man City,0,2,A
Liverpool,Chelsea,0,2,A
Sunderland,Cardiff,4,0,H
Arsenal,Newcastle,3,0,H
Aston Villa,Hull,3,1,H
Everton,Man City,2,3,A
Man United,Sunderland,0,1,A
Newcastle,Cardiff,3,0,H
Stoke,Fulham,4,1,H
Swansea,Southampton,0,1,A
West Ham,Tottenham,2,0,H
Arsenal,West Brom,1,0,H
Chelsea,Norwich,0,0,D
Crystal Palace,Liverpool,3,3,D
Man United,Hull,3,1,H
Man City,Aston Villa,4,0,H
Sunderland,West Brom,2,0,H
Cardiff,Chelsea,1,2,A
Fulham,Crystal Palace,2,2,D
Hull,Everton,0,2,A
Liverpool,Newcastle,2,1,H
Man City,West Ham,2,0,H
Norwich,Arsenal,0,2,A
Southampton,Man United,1,1,D
Sunderland,Swansea,1,3,A
Tottenham,Aston Villa,3,0,H
West Brom,Stoke,1,2,A
Arsenal,Crystal Palace,2,1,H
Leicester,Everton,2,2,D
Man United,Swansea,1,2,A
QPR,Hull,0,1,A
Stoke,Aston Villa,0,1,A
West Brom,Sunderland,2,2,D
West Ham,Tottenham,0,1,A
Liverpool,Southampton,2,1,H
Newcastle,Man City,0,2,A
Burnley,Chelsea,1,3,A
Aston Villa,Newcastle,0,0,D
Chelsea,Leicester,2,0,H
Crystal Palace,West Ham,1,3,A
Everton,Arsenal,2,2,D
Southampton,West Brom,0,0,D
Swansea,Burnley,1,0,H
Hull,Stoke,1,1,D
Sunderland,Man United,1,1,D
Tottenham,QPR,4,0,H
Man City,Liverpool,3,1,H
Burnley,Man United,0,0,D
Everton,Chelsea,3,6,A
Man City,Stoke,0,1,A
Newcastle,Crystal Palace,3,3,D
QPR,Sunderland,1,0,H
Swansea,West Brom,3,0,H
West Ham,Southampton,1,3,A
Aston Villa,Hull,2,1,H
Leicester,Arsenal,1,1,D
Tottenham,Liverpool,0,3,A
Arsenal,Man City,2,2,D
Chelsea,Swansea,4,2,H
Crystal Palace,Burnley,0,0,D
Liverpool,Aston Villa,0,1,A
Southampton,Newcastle,4,0,H
Stoke,Leicester,0,1,A
Sunderland,Tottenham,2,2,D
West Brom,Everton,0,2,A
Man United,QPR,4,0,H
Hull,West Ham,2,2,D
Aston Villa,Arsenal,0,3,A
Burnley,Sunderland,0,0,D
Newcastle,Hull,2,2,D
QPR,Stoke,2,2,D
Swansea,Southampton,0,1,A
West Ham,Liverpool,3,1,H
Everton,Crystal Palace,2,3,A
Leicester,Man United,5,3,H
Man City,Chelsea,1,1,D
Tottenham,West Brom,0,1,A
Arsenal,Tottenham,1,1,D
Chelsea,Aston Villa,3,0,H
Crystal Palace,Leicester,2,0,H
Hull,Man City,2,4,A
Liverpool,Everton,1,1,D
Man United,West Ham,2,1,H
Southampton,QPR,2,1,H
Sunderland,Swansea,0,0,D
West Brom,Burnley,4,0,H
Stoke,Newcastle,1,0,H
Aston Villa,Man City,0,2,A
Hull,Crystal Palace,2,0,H
Leicester,Burnley,2,2,D
Liverpool,West Brom,2,1,H
Sunderland,Stoke,3,1,H
Swansea,Newcastle,2,2,D
Chelsea,Arsenal,2,0,H
Man United,Everton,2,1,H
Tottenham,Southampton,1,0,H
West Ham,QPR,2,0,H
Arsenal,Hull,2,2,D
Burnley,West Ham,1,3,A
Crystal Palace,Chelsea,1,2,A
Everton,Aston Villa,3,0,H
Man City,Tottenham,4,1,H
Newcastle,Leicester,1,0,H
Southampton,Sunderland,8,0,H
QPR,Liverpool,2,3,A
Stoke,Swansea,2,1,H
West Brom,Man United,2,2,D
Liverpool,Hull,0,0,D
Southampton,Stoke,1,0,H
Sunderland,Arsenal,0,2,A
Swansea,Leicester,2,0,H
West Brom,Crystal Palace,2,2,D
West Ham,Man City,2,1,H
Burnley,Everton,1,3,A
Man United,Chelsea,1,1,D
Tottenham,Newcastle,1,2,A
QPR,Aston Villa,2,0,H
Arsenal,Burnley,3,0,H
Chelsea,QPR,2,1,H
Everton,Swansea,0,0,D
Hull,Southampton,0,1,A
Leicester,West Brom,0,1,A
Newcastle,Liverpool,1,0,H
Stoke,West Ham,2,2,D
Aston Villa,Tottenham,1,2,A
Man City,Man United,1,0,H
Crystal Palace,Sunderland,1,3,A
Burnley,Hull,1,0,H
Liverpool,Chelsea,1,2,A
Man United,Crystal Palace,1,0,H
QPR,Man City,2,2,D
Southampton,Leicester,2,0,H
West Ham,Aston Villa,0,0,D
Sunderland,Everton,1,1,D
Swansea,Arsenal,2,1,H
Tottenham,Stoke,1,2,A
West Brom,Newcastle,0,2,A
Arsenal,Man United,1,2,A
Chelsea,West Brom,2,0,H
Everton,West Ham,2,1,H
Leicester,Sunderland,0,0,D
Man City,Swansea,2,1,H
Newcastle,QPR,1,0,H
Stoke,Burnley,1,2,A
Crystal Palace,Liverpool,3,1,H
Hull,Tottenham,1,2,A
Aston Villa,Southampton,1,1,D
Burnley,Aston Villa,1,1,D
Liverpool,Stoke,1,0,H
Man United,Hull,3,0,H
QPR,Leicester,3,2,H
Sunderland,Chelsea,0,0,D
Swansea,Crystal Palace,1,1,D
West Brom,Arsenal,0,1,A
West Ham,Newcastle,1,0,H
Southampton,Man City,0,3,A
Tottenham,Everton,2,1,H
Burnley,Newcastle,1,1,D
Crystal Palace,Aston Villa,0,1,A
Leicester,Liverpool,1,3,A
Man United,Stoke,2,1,H
Swansea,QPR,2,0,H
West Brom,West Ham,1,2,A
Arsenal,Southampton,1,0,H
Chelsea,Tottenham,3,0,H
Everton,Hull,1,1,D
Sunderland,Man City,1,4,A
Hull,West Brom,0,0,D
Liverpool,Sunderland,0,0,D
Man City,Everton,1,0,H
Newcastle,Chelsea,2,1,H
QPR,Burnley,2,0,H
Stoke,Arsenal,3,2,H
Tottenham,Crystal Palace,0,0,D
Aston Villa,Leicester,2,1,H
West Ham,Swansea,3,1,H
Southampton,Man United,1,2,A
Arsenal,Newcastle,4,1,H
Burnley,Southampton,1,0,H
Chelsea,Hull,2,0,H
Crystal Palace,Stoke,1,1,D
Leicester,Man City,0,1,A
Sunderland,West Ham,1,1,D
West Brom,Aston Villa,1,0,H
Man United,Liverpool,3,0,H
Swansea,Tottenham,1,2,A
Everton,QPR,3,1,H
Aston Villa,Man United,1,1,D
Hull,Swansea,0,1,A
Man City,Crystal Palace,3,0,H
QPR,West Brom,3,2,H
Southampton,Everton,3,0,H
Tottenham,Burnley,2,1,H
West Ham,Leicester,2,0,H
Liverpool,Arsenal,2,2,D
Newcastle,Sunderland,0,1,A
Stoke,Chelsea,0,2,A
Arsenal,QPR,2,1,H
Burnley,Liverpool,0,1,A
Chelsea,West Ham,2,0,H
Crystal Palace,Southampton,1,3,A
Everton,Stoke,0,1,A
Leicester,Tottenham,1,2,A
Man United,Newcastle,3,1,H
Sunderland,Hull,1,3,A
Swansea,Aston Villa,1,0,H
West Brom,Man City,1,3,A
Aston Villa,Sunderland,0,0,D
Hull,Leicester,0,1,A
Man City,Burnley,2,2,D
Newcastle,Everton,3,2,H
QPR,Crystal Palace,0,0,D
Southampton,Chelsea,1,1,D
Stoke,West Brom,2,0,H
Tottenham,Man United,0,0,D
West Ham,Arsenal,1,2,A
Liverpool,Swansea,4,1,H
Aston Villa,Crystal Palace,0,0,D
Hull,Everton,2,0,H
Liverpool,Leicester,2,2,D
Man City,Sunderland,3,2,H
Newcastle,Burnley,3,3,D
QPR,Swansea,1,1,D
Southampton,Arsenal,2,0,H
Stoke,Man United,1,1,D
Tottenham,Chelsea,5,3,H
West Ham,West Brom,1,1,D
Burnley,QPR,2,1,H
Chelsea,Newcastle,2,0,H
Crystal Palace,Tottenham,2,1,H
Everton,Man City,1,1,D
Leicester,Aston Villa,1,0,H
Sunderland,Liverpool,0,1,A
Swansea,West Ham,1,1,D
West Brom,Hull,1,0,H
Arsenal,Stoke,3,0,H
Man United,Southampton,0,1,A
Aston Villa,Liverpool,0,2,A
Burnley,Crystal Palace,2,3,A
Leicester,Stoke,0,1,A
Newcastle,Southampton,1,2,A
QPR,Man United,0,2,A
Swansea,Chelsea,0,5,A
Tottenham,Sunderland,2,1,H
Man City,Arsenal,0,2,A
West Ham,Hull,3,0,H
Everton,West Brom,0,0,D
Chelsea,Man City,1,1,D
Crystal Palace,Everton,0,1,A
Hull,Newcastle,0,3,A
Liverpool,West Ham,2,0,H
Man United,Leicester,3,1,H
Stoke,QPR,3,1,H
Sunderland,Burnley,2,0,H
West Brom,Tottenham,0,3,A
Arsenal,Aston Villa,5,0,H
Southampton,Swansea,0,1,A
Aston Villa,Chelsea,1,2,A
Everton,Liverpool,0,0,D
Leicester,Crystal Palace,0,1,A
Man City,Hull,1,1,D
QPR,Southampton,0,1,A
Swansea,Sunderland,1,1,D
Tottenham,Arsenal,2,1,H
Burnley,West Brom,2,2,D
Newcastle,Stoke,1,1,D
West Ham,Man United,1,1,D
Arsenal,Leicester,2,1,H
Hull,Aston Villa,2,0,H
Liverpool,Tottenham,3,2,H
Sunderland,QPR,0,2,A
Chelsea,Everton,1,0,H
Crystal Palace,Newcastle,1,1,D
Man United,Burnley,3,1,H
Southampton,West Ham,0,0,D
Stoke,Man City,1,4,A
West Brom,Swansea,2,0,H
Aston Villa,Stoke,1,2,A
Chelsea,Burnley,1,1,D
Crystal Palace,Arsenal,1,2,A
Hull,QPR,2,1,H
Man City,Newcastle,5,0,H
Sunderland,West Brom,0,0,D
Swansea,Man United,2,1,H
Everton,Leicester,2,2,D
Southampton,Liverpool,0,2,A
Tottenham,West Ham,2,2,D
Burnley,Swansea,0,1,A
Man United,Sunderland,2,0,H
Newcastle,Aston Villa,1,0,H
Stoke,Hull,1,0,H
West Brom,Southampton,1,0,H
West Ham,Crystal Palace,1,3,A
Arsenal,Everton,2,0,H
Liverpool,Man City,2,1,H
Aston Villa,West Brom,2,1,H
Hull,Sunderland,1,1,D
Southampton,Crystal Palace,1,0,H
Liverpool,Burnley,2,0,H
Man City,Leicester,2,0,H
Newcastle,Man United,0,1,A
QPR,Arsenal,1,2,A
Stoke,Everton,2,0,H
Tottenham,Swansea,3,2,H
West Ham,Chelsea,0,1,A
QPR,Tottenham,1,2,A
Arsenal,West Ham,3,0,H
Burnley,Man City,1,0,H
Crystal Palace,QPR,3,1,H
Leicester,Hull,0,0,D
Sunderland,Aston Villa,0,4,A
West Brom,Stoke,1,0,H
Chelsea,Southampton,1,1,D
Everton,Newcastle,3,0,H
Man United,Tottenham,3,0,H
Swansea,Liverpool,0,1,A
Aston Villa,Swansea,0,1,A
Man City,West Brom,3,0,H
Newcastle,Arsenal,1,2,A
Southampton,Burnley,2,0,H
Stoke,Crystal Palace,1,2,A
Tottenham,Leicester,4,3,H
West Ham,Sunderland,1,0,H
Hull,Chelsea,2,3,A
Liverpool,Man United,1,2,A
QPR,Everton,1,2,A
Arsenal,Liverpool,4,1,H
Chelsea,Stoke,2,1,H
Everton,Southampton,1,0,H
Leicester,West Ham,2,1,H
Man United,Aston Villa,3,1,H
Swansea,Hull,3,1,H
West Brom,QPR,1,4,A
Burnley,Tottenham,0,0,D
Sunderland,Newcastle,1,0,H
Crystal Palace,Man City,2,1,H
Aston Villa,QPR,3,3,D
Burnley,Arsenal,0,1,A
Southampton,Hull,2,0,H
Sunderland,Crystal Palace,1,4,A
Swansea,Everton,1,1,D
Tottenham,Aston Villa,0,1,A
West Brom,Leicester,2,3,A
West Ham,Stoke,1,1,D
Man United,Man City,4,2,H
QPR,Chelsea,0,1,A
Liverpool,Newcastle,2,0,H
Chelsea,Man United,1,0,H
Crystal Palace,West Brom,0,2,A
Everton,Burnley,1,0,H
Leicester,Swansea,2,0,H
Stoke,Southampton,2,1,H
Man City,West Ham,2,0,H
Newcastle,Tottenham,1,3,A
Burnley,Leicester,0,1,A
Crystal Palace,Hull,0,2,A
Man City,Aston Villa,3,2,H
Newcastle,Swansea,2,3,A
QPR,West Ham,0,0,D
Southampton,Tottenham,2,2,D
Stoke,Sunderland,1,1,D
West Brom,Liverpool,0,0,D
Arsenal,Chelsea,0,0,D
Everton,Man United,3,0,H
Hull,Liverpool,1,0,H
Leicester,Chelsea,1,3,A
Aston Villa,Everton,3,2,H
Leicester,Newcastle,3,0,H
Liverpool,QPR,2,1,H
Man United,West Brom,0,1,A
Sunderland,Southampton,2,1,H
Swansea,Stoke,2,0,H
West Ham,Burnley,1,0,H
Chelsea,Crystal Palace,1,0,H
Tottenham,Man City,0,1,A
Hull,Arsenal,1,3,A
Aston Villa,West Ham,1,0,H
Crystal Palace,Man United,1,2,A
Everton,Sunderland,0,2,A
Hull,Burnley,0,1,A
Leicester,Southampton,2,0,H
Newcastle,West Brom,1,1,D
Stoke,Tottenham,3,0,H
Chelsea,Liverpool,1,1,D
Man City,QPR,6,0,H
Arsenal,Swansea,0,1,A
Burnley,Stoke,0,0,D
Liverpool,Crystal Palace,1,3,A
QPR,Newcastle,2,1,H
Southampton,Aston Villa,6,1,H
Sunderland,Leicester,0,0,D
Tottenham,Hull,2,0,H
West Ham,Everton,1,2,A
Man United,Arsenal,1,1,D
Swansea,Man City,2,4,A
West Brom,Chelsea,3,0,H
Arsenal,Sunderland,0,0,D
Arsenal,West Brom,4,1,H
Aston Villa,Burnley,0,1,A
Chelsea,Sunderland,3,1,H
Crystal Palace,Swansea,1,0,H
Everton,Tottenham,0,1,A
Hull,Man United,0,0,D
Leicester,QPR,5,1,H
Man City,Southampton,2,0,H
Newcastle,West Ham,2,0,H
Stoke,Liverpool,6,1,H
Bournemouth,Aston Villa,0,1,A
Chelsea,Swansea,2,2,D
Everton,Watford,2,2,D
Leicester,Sunderland,4,2,H
Man United,Tottenham,1,0,H
Norwich,Crystal Palace,1,3,A
Arsenal,West Ham,0,2,A
Newcastle,Southampton,2,2,D
Stoke,Liverpool,0,1,A
West Brom,Man City,0,3,A
Aston Villa,Man United,0,1,A
Southampton,Everton,0,3,A
Sunderland,Norwich,1,3,A
Swansea,Newcastle,2,0,H
Tottenham,Stoke,2,2,D
Watford,West Brom,0,0,D
West Ham,Leicester,1,2,A
Crystal Palace,Arsenal,1,2,A
Man City,Chelsea,3,0,H
Liverpool,Bournemouth,1,0,H
Crystal Palace,Aston Villa,2,1,H
Leicester,Tottenham,1,1,D
Man United,Newcastle,0,0,D
Norwich,Stoke,1,1,D
Sunderland,Swansea,1,1,D
West Ham,Bournemouth,3,4,A
Everton,Man City,0,2,A
Watford,Southampton,0,0,D
West Brom,Chelsea,2,3,A
Arsenal,Liverpool,0,0,D
Aston Villa,Sunderland,2,2,D
Bournemouth,Leicester,1,1,D
Chelsea,Crystal Palace,1,2,A
Liverpool,West Ham,0,3,A
Man City,Watford,2,0,H
Newcastle,Arsenal,0,1,A
Stoke,West Brom,0,1,A
Tottenham,Everton,0,0,D
Southampton,Norwich,3,0,H
Swansea,Man United,2,1,H
Arsenal,Stoke,2,0,H
Crystal Palace,Man City,0,1,A
Everton,Chelsea,3,1,H
Man United,Liverpool,3,1,H
Norwich,Bournemouth,3,1,H
Watford,Swansea,1,0,H
West Brom,Southampton,0,0,D
Leicester,Aston Villa,3,2,H
Sunderland,Tottenham,0,1,A
West Ham,Newcastle,2,0,H
Aston Villa,West Brom,0,1,A
Bournemouth,Sunderland,2,0,H
Chelsea,Arsenal,2,0,H
Man City,West Ham,1,2,A
Newcastle,Watford,1,2,A
Stoke,Leicester,2,2,D
Swansea,Everton,0,0,D
Liverpool,Norwich,1,1,D
Southampton,Man United,2,3,A
Tottenham,Crystal Palace,1,0,H
Leicester,Arsenal,2,5,A
Liverpool,Aston Villa,3,2,H
Man United,Sunderland,3,0,H
Newcastle,Chelsea,2,2,D
Southampton,Swansea,3,1,H
Stoke,Bournemouth,2,1,H
Tottenham,Man City,4,1,H
West Ham,Norwich,2,2,D
Watford,Crystal Palace,0,1,A
West Brom,Everton,2,3,A
Aston Villa,Stoke,0,1,A
Bournemouth,Watford,1,1,D
Chelsea,Southampton,1,3,A
Crystal Palace,West Brom,2,0,H
Man City,Newcastle,6,1,H
Norwich,Leicester,1,2,A
Sunderland,West Ham,2,2,D
Arsenal,Man United,3,0,H
Everton,Liverpool,1,1,D
Swansea,Tottenham,2,2,D
Chelsea,Aston Villa,2,0,H
Crystal Palace,West Ham,1,3,A
Everton,Man United,0,3,A
Man City,Bournemouth,5,1,H
Southampton,Leicester,2,2,D
Tottenham,Liverpool,0,0,D
Watford,Arsenal,0,3,A
West Brom,Sunderland,1,0,H
Newcastle,Norwich,6,2,H
Swansea,Stoke,0,1,A
Arsenal,Everton,2,1,H
Aston Villa,Swansea,1,2,A
Leicester,Crystal Palace,1,0,H
Norwich,West Brom,0,1,A
Stoke,Watford,0,2,A
West Ham,Chelsea,2,1,H
Bournemouth,Tottenham,1,5,A
Liverpool,Southampton,1,1,D
Man United,Man City,0,0,D
Sunderland,Newcastle,3,0,H
Chelsea,Liverpool,1,3,A
Crystal Palace,Man United,0,0,D
Man City,Norwich,2,1,H
Newcastle,Stoke,0,0,D
Swansea,Arsenal,0,3,A
Watford,West Ham,2,0,H
West Brom,Leicester,2,3,A
Everton,Sunderland,6,2,H
Southampton,Bournemouth,2,0,H
Tottenham,Aston Villa,3,1,H
Bournemouth,Newcastle,0,1,A
Leicester,Watford,2,1,H
Man United,West Brom,2,0,H
Norwich,Swansea,1,0,H
Stoke,Chelsea,1,0,H
Sunderland,Southampton,0,1,A
West Ham,Everton,1,1,D
Arsenal,Tottenham,1,1,D
Aston Villa,Man City,0,0,D
Liverpool,Crystal Palace,1,2,A
Chelsea,Norwich,1,0,H
Everton,Aston Villa,4,0,H
Man City,Liverpool,1,4,A
Newcastle,Leicester,0,3,A
Southampton,Stoke,0,1,A
Swansea,Bournemouth,2,2,D
Watford,Man United,1,2,A
West Brom,Arsenal,2,1,H
Tottenham,West Ham,4,1,H
Crystal Palace,Sunderland,0,1,A
Aston Villa,Watford,2,3,A
Bournemouth,Everton,3,3,D
Crystal Palace,Newcastle,5,1,H
Leicester,Man United,1,1,D
Man City,Southampton,3,1,H
Sunderland,Stoke,2,0,H
Liverpool,Swansea,1,0,H
Norwich,Arsenal,1,1,D
Tottenham,Chelsea,0,0,D
West Ham,West Brom,1,1,D
Arsenal,Sunderland,3,1,H
Chelsea,Bournemouth,0,1,A
Man United,West Ham,0,0,D
Southampton,Aston Villa,1,1,D
Stoke,Man City,2,0,H
Swansea,Leicester,0,3,A
Watford,Norwich,2,0,H
West Brom,Tottenham,1,1,D
Newcastle,Liverpool,2,0,H
Everton,Crystal Palace,1,1,D
Bournemouth,Man United,2,1,H
Crystal Palace,Southampton,1,0,H
Man City,Swansea,2,1,H
Norwich,Everton,1,1,D
Sunderland,Watford,0,1,A
West Ham,Stoke,0,0,D
Aston Villa,Arsenal,0,2,A
Liverpool,West Brom,2,2,D
Tottenham,Newcastle,1,2,A
Leicester,Chelsea,2,1,H
Chelsea,Sunderland,3,1,H
Everton,Leicester,2,3,A
Man United,Norwich,1,2,A
Newcastle,Aston Villa,1,1,D
Southampton,Tottenham,0,2,A
Stoke,Crystal Palace,1,2,A
West Brom,Bournemouth,1,2,A
Swansea,West Ham,0,0,D
Watford,Liverpool,3,0,H
Arsenal,Man City,2,1,H
Aston Villa,West Ham,1,1,D
Bournemouth,Crystal Palace,0,0,D
Chelsea,Watford,2,2,D
Liverpool,Leicester,1,0,H
Man City,Sunderland,4,1,H
Newcastle,Everton,0,1,A
Southampton,Arsenal,4,0,H
Stoke,Man United,2,0,H
Swansea,West Brom,1,0,H
Tottenham,Norwich,3,0,H
Arsenal,Bournemouth,2,0,H
Crystal Palace,Swansea,0,0,D
Everton,Stoke,3,4,A
Man United,Chelsea,0,0,D
Norwich,Aston Villa,2,0,H
Watford,Tottenham,1,2,A
West Brom,Newcastle,1,0,H
West Ham,Southampton,2,1,H
Leicester,Man City,0,0,D
Sunderland,Liverpool,0,1,A
Arsenal,Newcastle,1,0,H
Leicester,Bournemouth,0,0,D
Man United,Swansea,2,1,H
Norwich,Southampton,1,0,H
Sunderland,Aston Villa,3,1,H
Watford,Man City,1,2,A
West Brom,Stoke,2,1,H
West Ham,Liverpool,2,0,H
Crystal Palace,Chelsea,0,3,A
Everton,Tottenham,1,1,D
Aston Villa,Crystal Palace,1,0,H
Bournemouth,West Ham,1,3,A
Newcastle,Man United,3,3,D
Chelsea,West Brom,2,2,D
Liverpool,Arsenal,3,3,D
Man City,Everton,0,0,D
Southampton,Watford,2,0,H
Stoke,Norwich,3,1,H
Swansea,Sunderland,2,4,A
Tottenham,Leicester,0,1,A
Aston Villa,Leicester,1,1,D
Bournemouth,Norwich,3,0,H
Chelsea,Everton,3,3,D
Man City,Crystal Palace,4,0,H
Newcastle,West Ham,2,1,H
Southampton,West Brom,3,0,H
Tottenham,Sunderland,4,1,H
Liverpool,Man United,0,1,A
Stoke,Arsenal,0,0,D
Swansea,Watford,1,0,H
Crystal Palace,Tottenham,1,3,A
Leicester,Stoke,3,0,H
Man United,Southampton,0,1,A
Norwich,Liverpool,4,5,A
Sunderland,Bournemouth,1,1,D
Watford,Newcastle,2,1,H
West Brom,Aston Villa,0,0,D
West Ham,Man City,2,2,D
Arsenal,Chelsea,0,1,A
Everton,Swansea,1,2,A
Arsenal,Southampton,0,0,D
Crystal Palace,Bournemouth,1,2,A
Leicester,Liverpool,2,0,H
Man United,Stoke,3,0,H
Norwich,Tottenham,0,3,A
Sunderland,Man City,0,1,A
West Brom,Swansea,1,1,D
West Ham,Aston Villa,2,0,H
Everton,Newcastle,3,0,H
Watford,Chelsea,0,0,D
Aston Villa,Norwich,2,0,H
Liverpool,Sunderland,2,2,D
Man City,Leicester,1,3,A
Newcastle,West Brom,1,0,H
Southampton,West Ham,1,0,H
Stoke,Everton,0,3,A
Swansea,Crystal Palace,1,1,D
Tottenham,Watford,1,0,H
Bournemouth,Arsenal,0,2,A
Chelsea,Man United,1,1,D
Bournemouth,Stoke,1,3,A
Chelsea,Newcastle,5,1,H
Crystal Palace,Watford,1,2,A
Everton,West Brom,0,1,A
Norwich,West Ham,2,2,D
Sunderland,Man United,2,1,H
Swansea,Southampton,0,1,A
Arsenal,Leicester,2,1,H
Aston Villa,Liverpool,0,6,A
Man City,Tottenham,1,2,A
Leicester,Norwich,1,0,H
Southampton,Chelsea,1,2,A
Stoke,Aston Villa,2,1,H
Watford,Bournemouth,0,0,D
West Brom,Crystal Palace,3,2,H
West Ham,Sunderland,1,0,H
Man United,Arsenal,3,2,H
Tottenham,Swansea,2,1,H
Aston Villa,Everton,1,3,A
Bournemouth,Southampton,2,0,H
Leicester,West Brom,2,2,D
Norwich,Chelsea,1,2,A
Sunderland,Crystal Palace,2,2,D
Arsenal,Swansea,1,2,A
Liverpool,Man City,3,0,H
Man United,Watford,1,0,H
Stoke,Newcastle,1,0,H
West Ham,Tottenham,1,0,H
Chelsea,Stoke,1,1,D
Everton,West Ham,2,3,A
Man City,Aston Villa,4,0,H
Newcastle,Bournemouth,1,3,A
Southampton,Sunderland,1,1,D
Swansea,Norwich,1,0,H
Tottenham,Arsenal,2,2,D
Watford,Leicester,0,1,A
Crystal Palace,Liverpool,1,2,A
West Brom,Man United,1,0,H
Bournemouth,Swansea,3,2,H
Norwich,Man City,0,0,D
Stoke,Southampton,1,2,A
Aston Villa,Tottenham,0,2,A
Leicester,Newcastle,1,0,H
Chelsea,West Ham,2,2,D
Crystal Palace,Leicester,0,1,A
Everton,Arsenal,0,2,A
Swansea,Aston Villa,1,0,H
Watford,Stoke,1,2,A
West Brom,Norwich,0,1,A
Man City,Man United,0,1,A
Newcastle,Sunderland,1,1,D
Southampton,Liverpool,3,2,H
Tottenham,Bournemouth,3,0,H
Arsenal,Watford,4,0,H
Aston Villa,Chelsea,0,4,A
Bournemouth,Man City,0,4,A
Liverpool,Tottenham,1,1,D
Norwich,Newcastle,3,2,H
Stoke,Swansea,2,2,D
Sunderland,West Brom,0,0,D
West Ham,Crystal Palace,2,2,D
Leicester,Southampton,1,0,H
Man United,Everton,1,0,H
Aston Villa,Bournemouth,1,2,A
Crystal Palace,Norwich,1,0,H
Man City,West Brom,2,1,H
Southampton,Newcastle,3,1,H
Swansea,Chelsea,1,0,H
Watford,Everton,1,1,D
West Ham,Arsenal,3,3,D
Liverpool,Stoke,4,1,H
Sunderland,Leicester,0,2,A
Tottenham,Man United,3,0,H
Crystal Palace,Everton,0,0,D
Chelsea,Man City,0,3,A
Everton,Southampton,1,1,D
Man United,Aston Villa,1,0,H
Newcastle,Swansea,3,0,H
Norwich,Sunderland,0,3,A
West Brom,Watford,0,1,A
Arsenal,Crystal Palace,1,1,D
Bournemouth,Liverpool,1,2,A
Leicester,West Ham,2,2,D
Stoke,Tottenham,0,4,A
Newcastle,Man City,1,1,D
Liverpool,Everton,4,0,H
Man United,Crystal Palace,2,0,H
West Ham,Watford,3,1,H
Arsenal,West Brom,2,0,H
Aston Villa,Southampton,2,4,A
Bournemouth,Chelsea,1,4,A
Liverpool,Newcastle,2,2,D
Man City,Stoke,4,0,H
Leicester,Swansea,4,0,H
Sunderland,Arsenal,0,0,D
Tottenham,West Brom,1,1,D
Arsenal,Norwich,1,0,H
Everton,Bournemouth,2,1,H
Newcastle,Crystal Palace,1,0,H
Stoke,Sunderland,1,1,D
Watford,Aston Villa,3,2,H
West Brom,West Ham,0,3,A
Man United,Leicester,1,1,D
Southampton,Man City,4,2,H
Swansea,Liverpool,3,1,H
Chelsea,Tottenham,2,2,D
Aston Villa,Newcastle,0,0,D
Bournemouth,West Brom,1,1,D
Crystal Palace,Stoke,2,1,H
Leicester,Everton,3,1,H
Norwich,Man United,0,1,A
Sunderland,Chelsea,3,2,H
West Ham,Swansea,1,4,A
Liverpool,Watford,2,0,H
Man City,Arsenal,2,2,D
Tottenham,Southampton,1,2,A
West Ham,Man United,3,2,H
Liverpool,Chelsea,1,1,D
Norwich,Watford,4,2,H
Sunderland,Everton,3,0,H
Arsenal,Aston Villa,4,0,H
Chelsea,Leicester,1,1,D
Everton,Norwich,3,0,H
Newcastle,Tottenham,5,1,H
Southampton,Crystal Palace,4,1,H
Stoke,West Ham,2,1,H
Swansea,Man City,1,1,D
Watford,Sunderland,2,2,D
West Brom,Liverpool,1,1,D
Man United,Bournemouth,3,1,H
Burnley,Swansea,0,1,A
Crystal Palace,West Brom,0,1,A
Everton,Tottenham,1,1,D
Hull,Leicester,2,1,H
Man City,Sunderland,2,1,H
Middlesbrough,Stoke,1,1,D
Southampton,Watford,1,1,D
Arsenal,Liverpool,3,4,A
Bournemouth,Man United,1,3,A
Chelsea,West Ham,2,1,H
Man United,Southampton,2,0,H
Burnley,Liverpool,2,0,H
Leicester,Arsenal,0,0,D
Stoke,Man City,1,4,A
Swansea,Hull,0,2,A
Tottenham,Crystal Palace,1,0,H
Watford,Chelsea,1,2,A
West Brom,Everton,1,2,A
Sunderland,Middlesbrough,1,2,A
West Ham,Bournemouth,1,0,H
Chelsea,Burnley,3,0,H
Crystal Palace,Bournemouth,1,1,D
Everton,Stoke,1,0,H
Hull,Man United,0,1,A
Leicester,Swansea,2,1,H
Southampton,Sunderland,1,1,D
Tottenham,Liverpool,1,1,D
Watford,Arsenal,1,3,A
Man City,West Ham,3,1,H
West Brom,Middlesbrough,0,0,D
Arsenal,Southampton,2,1,H
Bournemouth,West Brom,1,0,H
Burnley,Hull,1,1,D
Liverpool,Leicester,4,1,H
Man United,Man City,1,2,A
Middlesbrough,Crystal Palace,1,2,A
Stoke,Tottenham,0,4,A
West Ham,Watford,2,4,A
Swansea,Chelsea,2,2,D
Sunderland,Everton,0,3,A
Chelsea,Liverpool,1,2,A
Everton,Middlesbrough,3,1,H
Hull,Arsenal,1,4,A
Leicester,Burnley,3,0,H
Man City,Bournemouth,4,0,H
West Brom,West Ham,4,2,H
Crystal Palace,Stoke,4,1,H
Southampton,Swansea,1,0,H
Tottenham,Sunderland,1,0,H
Watford,Man United,3,1,H
Arsenal,Chelsea,3,0,H
Bournemouth,Everton,1,0,H
Liverpool,Hull,5,1,H
Man United,Leicester,4,1,H
Middlesbrough,Tottenham,1,2,A
Stoke,West Brom,1,1,D
Sunderland,Crystal Palace,2,3,A
Swansea,Man City,1,3,A
West Ham,Southampton,0,3,A
Burnley,Watford,2,0,H
Everton,Crystal Palace,1,1,D
Hull,Chelsea,0,2,A
Sunderland,West Brom,1,1,D
Swansea,Liverpool,1,2,A
Watford,Bournemouth,2,2,D
West Ham,Middlesbrough,1,1,D
Burnley,Arsenal,0,1,A
Leicester,Southampton,0,0,D
Man United,Stoke,1,1,D
Tottenham,Man City,2,0,H
Arsenal,Swansea,3,2,H
Bournemouth,Hull,6,1,H
Chelsea,Leicester,3,0,H
Crystal Palace,West Ham,0,1,A
Man City,Everton,1,1,D
Stoke,Sunderland,2,0,H
West Brom,Tottenham,1,1,D
Middlesbrough,Watford,0,1,A
Southampton,Burnley,3,1,H
Liverpool,Man United,0,0,D
Arsenal,Middlesbrough,0,0,D
Bournemouth,Tottenham,0,0,D
Burnley,Everton,2,1,H
Hull,Stoke,0,2,A
Leicester,Crystal Palace,3,1,H
Liverpool,West Brom,2,1,H
Swansea,Watford,0,0,D
West Ham,Sunderland,1,0,H
Chelsea,Man United,4,0,H
Man City,Southampton,1,1,D
Crystal Palace,Liverpool,2,4,A
Man United,Burnley,0,0,D
Middlesbrough,Bournemouth,2,0,H
Sunderland,Arsenal,1,4,A
Tottenham,Leicester,1,1,D
Watford,Hull,1,0,H
West Brom,Man City,0,4,A
Everton,West Ham,2,0,H
Southampton,Chelsea,0,2,A
Stoke,Swansea,3,1,H
Bournemouth,Sunderland,1,2,A
Burnley,Crystal Palace,3,2,H
Chelsea,Everton,5,0,H
Man City,Middlesbrough,1,1,D
West Ham,Stoke,1,1,D
Arsenal,Tottenham,1,1,D
Hull,Southampton,2,1,H
Leicester,West Brom,1,2,A
Liverpool,Watford,6,1,H
Swansea,Man United,1,3,A
Crystal Palace,Man City,1,2,A
Everton,Swansea,1,1,D
Man United,Arsenal,1,1,D
Southampton,Liverpool,0,0,D
Stoke,Bournemouth,0,1,A
Sunderland,Hull,3,0,H
Tottenham,West Ham,3,2,H
Watford,Leicester,2,1,H
Middlesbrough,Chelsea,0,1,A
West Brom,Burnley,4,0,H
Burnley,Man City,1,2,A
Chelsea,Tottenham,2,1,H
Hull,West Brom,1,1,D
Leicester,Middlesbrough,2,2,D
Liverpool,Sunderland,2,0,H
Swansea,Crystal Palace,5,4,H
Arsenal,Bournemouth,3,1,H
Man United,West Ham,1,1,D
Southampton,Everton,1,0,H
Watford,Stoke,0,1,A
Crystal Palace,Southampton,3,0,H
Man City,Chelsea,1,3,A
Stoke,Burnley,2,0,H
Sunderland,Leicester,2,1,H
Tottenham,Swansea,5,0,H
West Brom,Watford,3,1,H
West Ham,Arsenal,1,5,A
Bournemouth,Liverpool,4,3,H
Everton,Man United,1,1,D
Middlesbrough,Hull,1,0,H
Arsenal,Stoke,3,1,H
Burnley,Bournemouth,3,2,H
Hull,Crystal Palace,3,3,D
Leicester,Man City,4,2,H
Swansea,Sunderland,3,0,H
Watford,Everton,3,2,H
Chelsea,West Brom,1,0,H
Liverpool,West Ham,2,2,D
Man United,Tottenham,1,0,H
Southampton,Middlesbrough,1,0,H
Bournemouth,Leicester,1,0,H
Everton,Arsenal,2,1,H
Crystal Palace,Man United,1,2,A
Man City,Watford,2,0,H
Middlesbrough,Liverpool,0,3,A
Stoke,Southampton,0,0,D
Sunderland,Chelsea,0,1,A
Tottenham,Hull,3,0,H
West Brom,Swansea,3,1,H
West Ham,Burnley,1,0,H
Crystal Palace,Chelsea,0,1,A
Middlesbrough,Swansea,3,0,H
Stoke,Leicester,2,2,D
Sunderland,Watford,1,0,H
West Brom,Man United,0,2,A
West Ham,Hull,1,0,H
Bournemouth,Southampton,1,3,A
Man City,Arsenal,2,1,H
Tottenham,Burnley,2,1,H
Everton,Liverpool,0,1,A
Arsenal,West Brom,1,0,H
Burnley,Middlesbrough,1,0,H
Chelsea,Bournemouth,3,0,H
Hull,Man City,0,3,A
Leicester,Everton,0,2,A
Man United,Sunderland,3,1,H
Swansea,West Ham,1,4,A
Watford,Crystal Palace,1,1,D
Liverpool,Stoke,4,1,H
Southampton,Tottenham,1,4,A
Hull,Everton,2,2,D
Burnley,Sunderland,4,1,H
Chelsea,Stoke,4,2,H
Leicester,West Ham,1,0,H
Liverpool,Man City,1,0,H
Man United,Middlesbrough,2,1,H
Southampton,West Brom,1,2,A
Swansea,Bournemouth,0,3,A
Arsenal,Crystal Palace,2,0,H
Watford,Tottenham,1,4,A
Everton,Southampton,3,0,H
Man City,Burnley,2,1,H
Middlesbrough,Leicester,0,0,D
Sunderland,Liverpool,2,2,D
West Brom,Hull,3,1,H
West Ham,Man United,0,2,A
Bournemouth,Arsenal,3,3,D
Crystal Palace,Swansea,1,2,A
Stoke,Watford,2,0,H
Tottenham,Chelsea,2,0,H
Burnley,Southampton,1,0,H
Hull,Bournemouth,3,1,H
Leicester,Chelsea,0,3,A
Sunderland,Stoke,1,3,A
Swansea,Arsenal,0,4,A
Tottenham,West Brom,4,0,H
Watford,Middlesbrough,0,0,D
West Ham,Crystal Palace,3,0,H
Everton,Man City,4,0,H
Man United,Liverpool,1,1,D
Bournemouth,Watford,2,2,D
Crystal Palace,Everton,0,1,A
Liverpool,Swansea,2,3,A
Man City,Tottenham,2,2,D
Middlesbrough,West Ham,1,3,A
Stoke,Man United,1,1,D
West Brom,Sunderland,2,0,H
Arsenal,Burnley,2,1,H
Chelsea,Hull,2,0,H
Southampton,Leicester,3,0,H
Arsenal,Watford,1,2,A
Bournemouth,Crystal Palace,0,2,A
Burnley,Leicester,1,0,H
Liverpool,Chelsea,1,1,D
Middlesbrough,West Brom,1,1,D
Sunderland,Tottenham,0,0,D
Swansea,Southampton,2,1,H
Man United,Hull,0,0,D
Stoke,Everton,1,1,D
West Ham,Man City,0,4,A
Chelsea,Arsenal,3,1,H
Crystal Palace,Sunderland,0,4,A
Everton,Bournemouth,6,3,H
Hull,Liverpool,2,0,H
Southampton,West Ham,1,3,A
Tottenham,Middlesbrough,1,0,H
Watford,Burnley,2,1,H
West Brom,Stoke,1,0,H
Leicester,Man United,0,3,A
Man City,Swansea,2,1,H
Arsenal,Hull,2,0,H
Liverpool,Tottenham,2,0,H
Man United,Watford,2,0,H
Middlesbrough,Everton,0,0,D
Stoke,Crystal Palace,1,0,H
Sunderland,Southampton,0,4,A
West Ham,West Brom,2,2,D
Burnley,Chelsea,1,1,D
Swansea,Leicester,2,0,H
Bournemouth,Man City,0,2,A
Chelsea,Swansea,3,1,H
Crystal Palace,Middlesbrough,1,0,H
Everton,Sunderland,2,0,H
Hull,Burnley,1,1,D
Watford,West Ham,1,1,D
West Brom,Bournemouth,2,1,H
Tottenham,Stoke,4,0,H
Leicester,Liverpool,3,1,H
Leicester,Hull,3,1,H
Liverpool,Arsenal,3,1,H
Man United,Bournemouth,1,1,D
Stoke,Middlesbrough,2,0,H
Swansea,Burnley,3,2,H
Watford,Southampton,3,4,A
West Brom,Crystal Palace,0,2,A
Sunderland,Man City,0,2,A
Tottenham,Everton,3,2,H
West Ham,Chelsea,1,2,A
Man City,Stoke,0,0,D
Bournemouth,West Ham,3,2,H
Everton,West Brom,3,0,H
Hull,Swansea,2,1,H
Liverpool,Burnley,2,1,H
Bournemouth,Swansea,2,0,H
Crystal Palace,Watford,1,0,H
Everton,Hull,4,0,H
Stoke,Chelsea,1,2,A
Sunderland,Burnley,0,0,D
West Brom,Arsenal,3,1,H
West Ham,Leicester,2,3,A
Man City,Liverpool,1,1,D
Middlesbrough,Man United,1,3,A
Tottenham,Southampton,2,1,H
Burnley,Tottenham,0,2,A
Chelsea,Crystal Palace,1,2,A
Hull,West Ham,2,1,H
Leicester,Stoke,2,0,H
Liverpool,Everton,3,1,H
Man United,West Brom,0,0,D
Southampton,Bournemouth,0,0,D
Watford,Sunderland,1,0,H
Arsenal,Man City,2,2,D
Swansea,Middlesbrough,0,0,D
Burnley,Stoke,1,0,H
Leicester,Sunderland,2,0,H
Man United,Everton,1,1,D
Watford,West Brom,2,0,H
Arsenal,West Ham,3,0,H
Chelsea,Man City,2,1,H
Hull,Middlesbrough,4,2,H
Liverpool,Bournemouth,2,2,D
Southampton,Crystal Palace,3,1,H
Swansea,Tottenham,1,3,A
Bournemouth,Chelsea,1,3,A
Man City,Hull,3,1,H
Middlesbrough,Burnley,0,0,D
Stoke,Liverpool,1,2,A
Tottenham,Watford,4,0,H
West Brom,Southampton,0,1,A
West Ham,Swansea,1,0,H
Everton,Leicester,4,2,H
Sunderland,Man United,0,3,A
Crystal Palace,Arsenal,3,0,H
Crystal Palace,Leicester,2,2,D
Everton,Burnley,3,1,H
Southampton,Man City,0,3,A
Stoke,Hull,3,1,H
Sunderland,West Ham,2,2,D
Tottenham,Bournemouth,4,0,H
Watford,Swansea,1,0,H
Man United,Chelsea,2,0,H
West Brom,Liverpool,0,1,A
Middlesbrough,Arsenal,1,2,A
Bournemouth,Middlesbrough,4,0,H
Hull,Watford,2,0,H
Swansea,Stoke,2,0,H
West Ham,Everton,0,0,D
Burnley,Man United,0,2,A
Liverpool,Crystal Palace,1,2,A
Chelsea,Southampton,4,2,H
Arsenal,Leicester,1,0,H
Crystal Palace,Tottenham,0,1,A
Middlesbrough,Sunderland,1,0,H
Man City,Man United,0,0,D
Crystal Palace,Burnley,0,2,A
Southampton,Hull,0,0,D
Stoke,West Ham,0,0,D
Sunderland,Bournemouth,0,1,A
West Brom,Leicester,0,1,A
Everton,Chelsea,0,3,A
Man United,Swansea,1,1,D
Middlesbrough,Man City,2,2,D
Tottenham,Arsenal,2,0,H
Watford,Liverpool,0,1,A
West Ham,Tottenham,1,0,H
Bournemouth,Stoke,2,2,D
Burnley,West Brom,2,2,D
Hull,Sunderland,0,2,A
Leicester,Watford,3,0,H
Man City,Crystal Palace,5,0,H
Swansea,Everton,1,0,H
Arsenal,Man United,2,0,H
Liverpool,Southampton,0,0,D
Chelsea,Middlesbrough,3,0,H
Southampton,Arsenal,0,2,A
Everton,Watford,1,0,H
West Brom,Chelsea,0,1,A
Bournemouth,Burnley,2,1,H
Man City,Leicester,2,1,H
Middlesbrough,Southampton,1,2,A
Stoke,Arsenal,1,4,A
Sunderland,Swansea,0,2,A
Crystal Palace,Hull,4,0,H
Tottenham,Man United,2,1,H
West Ham,Liverpool,0,4,A
Chelsea,Watford,4,3,H
Arsenal,Sunderland,2,0,H
Man City,West Brom,3,1,H
Southampton,Man United,0,0,D
Leicester,Tottenham,1,6,A
Arsenal,Everton,3,1,H
Burnley,West Ham,1,2,A
Chelsea,Sunderland,5,1,H
Hull,Tottenham,1,7,A
Leicester,Bournemouth,1,1,D
Liverpool,Middlesbrough,3,0,H
Man United,Crystal Palace,2,0,H
Southampton,Stoke,0,1,A
Swansea,West Brom,2,1,H
Watford,Man City,0,5,A
Arsenal,Leicester,4,3,H
Brighton,Man City,0,2,A
Chelsea,Burnley,2,3,A
Crystal Palace,Huddersfield,0,3,A
Everton,Stoke,1,0,H
Southampton,Swansea,0,0,D
Watford,Liverpool,3,3,D
West Brom,Bournemouth,1,0,H
Man United,West Ham,4,0,H
Newcastle,Tottenham,0,2,A
Bournemouth,Watford,0,2,A
Burnley,West Brom,0,1,A
Leicester,Brighton,2,0,H
Liverpool,Crystal Palace,1,0,H
Southampton,West Ham,3,2,H
Stoke,Arsenal,1,0,H
Swansea,Man United,0,4,A
Huddersfield,Newcastle,1,0,H
Tottenham,Chelsea,1,2,A
Man City,Everton,1,1,D
Bournemouth,Man City,1,2,A
Crystal Palace,Swansea,0,2,A
Huddersfield,Southampton,0,0,D
Man United,Leicester,2,0,H
Newcastle,West Ham,3,0,H
Watford,Brighton,0,0,D
Chelsea,Everton,2,0,H
Liverpool,Arsenal,4,0,H
Tottenham,Burnley,1,1,D
West Brom,Stoke,1,1,D
Arsenal,Bournemouth,3,0,H
Brighton,West Brom,3,1,H
Everton,Tottenham,0,3,A
Leicester,Chelsea,1,2,A
Man City,Liverpool,5,0,H
Southampton,Watford,0,2,A
Stoke,Man United,2,2,D
Burnley,Crystal Palace,1,0,H
Swansea,Newcastle,0,1,A
West Ham,Huddersfield,2,0,H
Bournemouth,Brighton,2,1,H
Crystal Palace,Southampton,0,1,A
Huddersfield,Leicester,1,1,D
Liverpool,Burnley,1,1,D
Newcastle,Stoke,2,1,H
Tottenham,Swansea,0,0,D
Watford,Man City,0,6,A
West Brom,West Ham,0,0,D
Chelsea,Arsenal,0,0,D
Man United,Everton,4,0,H
Burnley,Huddersfield,0,0,D
Everton,Bournemouth,2,1,H
Leicester,Liverpool,2,3,A
Man City,Crystal Palace,5,0,H
Southampton,Man United,0,1,A
Stoke,Chelsea,0,4,A
Swansea,Watford,1,2,A
West Ham,Tottenham,2,3,A
Brighton,Newcastle,1,0,H
Arsenal,West Brom,2,0,H
Bournemouth,Leicester,0,0,D
Chelsea,Man City,0,1,A
Huddersfield,Tottenham,0,4,A
Man United,Crystal Palace,4,0,H
Stoke,Southampton,2,1,H
West Brom,Watford,2,2,D
West Ham,Swansea,1,0,H
Arsenal,Brighton,2,0,H
Everton,Burnley,0,1,A
Newcastle,Liverpool,1,1,D
Burnley,West Ham,1,1,D
Crystal Palace,Chelsea,2,1,H
Liverpool,Man United,0,0,D
Man City,Stoke,7,2,H
Swansea,Huddersfield,2,0,H
Tottenham,Bournemouth,1,0,H
Watford,Arsenal,2,1,H
Brighton,Everton,1,1,D
Southampton,Newcastle,2,2,D
Leicester,West Brom,1,1,D
West Ham,Brighton,0,3,A
Chelsea,Watford,4,2,H
Huddersfield,Man United,2,1,H
Man City,Burnley,3,0,H
Newcastle,Crystal Palace,1,0,H
Southampton,West Brom,1,0,H
Stoke,Bournemouth,1,2,A
Swansea,Leicester,1,2,A
Everton,Arsenal,2,5,A
Tottenham,Liverpool,4,1,H
Arsenal,Swansea,2,1,H
Bournemouth,Chelsea,0,1,A
Crystal Palace,West Ham,2,2,D
Liverpool,Huddersfield,3,0,H
Man United,Tottenham,1,0,H
Watford,Stoke,0,1,A
West Brom,Man City,2,3,A
Brighton,Southampton,1,1,D
Leicester,Everton,2,0,H
Burnley,Newcastle,1,0,H
Huddersfield,West Brom,1,0,H
Newcastle,Bournemouth,0,1,A
Southampton,Burnley,0,1,A
Stoke,Leicester,2,2,D
Swansea,Brighton,0,1,A
West Ham,Liverpool,1,4,A
Chelsea,Man United,1,0,H
Everton,Watford,3,2,H
Man City,Arsenal,3,1,H
Tottenham,Crystal Palace,1,0,H
Arsenal,Tottenham,2,0,H
Bournemouth,Huddersfield,4,0,H
Burnley,Swansea,2,0,H
Crystal Palace,Everton,2,2,D
Leicester,Man City,0,2,A
Liverpool,Southampton,3,0,H
Man United,Newcastle,4,1,H
West Brom,Chelsea,0,4,A
Watford,West Ham,2,0,H
Brighton,Stoke,2,2,D
West Ham,Leicester,1,1,D
Crystal Palace,Stoke,2,1,H
Liverpool,Chelsea,1,1,D
Man United,Brighton,1,0,H
Newcastle,Watford,0,3,A
Swansea,Bournemouth,0,0,D
Tottenham,West Brom,1,1,D
Burnley,Arsenal,0,1,A
Huddersfield,Man City,1,2,A
Southampton,Everton,4,1,H
Brighton,Crystal Palace,0,0,D
Leicester,Tottenham,2,1,H
Watford,Man United,2,4,A
West Brom,Newcastle,2,2,D
Arsenal,Huddersfield,5,0,H
Bournemouth,Burnley,1,2,A
Chelsea,Swansea,1,0,H
Everton,West Ham,4,0,H
Man City,Southampton,2,1,H
Stoke,Liverpool,0,3,A
Arsenal,Man United,1,3,A
Brighton,Liverpool,1,5,A
Chelsea,Newcastle,3,1,H
Everton,Huddersfield,2,0,H
Leicester,Burnley,1,0,H
Stoke,Swansea,2,1,H
Watford,Tottenham,1,1,D
West Brom,Crystal Palace,0,0,D
Bournemouth,Southampton,1,1,D
Man City,West Ham,2,1,H
Burnley,Watford,1,0,H
Crystal Palace,Bournemouth,2,2,D
Huddersfield,Brighton,2,0,H
Newcastle,Leicester,2,3,A
Swansea,West Brom,1,0,H
Tottenham,Stoke,5,1,H
West Ham,Chelsea,1,0,H
Liverpool,Everton,1,1,D
Man United,Man City,1,2,A
Southampton,Arsenal,1,1,D
Burnley,Stoke,1,0,H
Crystal Palace,Watford,2,1,H
Huddersfield,Chelsea,1,3,A
Liverpool,West Brom,0,0,D
Man United,Bournemouth,1,0,H
Newcastle,Everton,0,1,A
Southampton,Leicester,1,4,A
Swansea,Man City,0,4,A
Tottenham,Brighton,2,0,H
West Ham,Arsenal,0,0,D
Arsenal,Newcastle,1,0,H
Brighton,Burnley,0,0,D
Chelsea,Southampton,1,0,H
Leicester,Crystal Palace,0,3,A
Man City,Tottenham,4,1,H
Stoke,West Ham,0,3,A
Watford,Huddersfield,1,4,A
Bournemouth,Liverpool,0,4,A
West Brom,Man United,1,2,A
Everton,Swansea,3,1,H
Arsenal,Liverpool,3,3,D
Brighton,Watford,1,0,H
Burnley,Tottenham,0,3,A
Everton,Chelsea,0,0,D
Leicester,Man United,2,2,D
Man City,Bournemouth,4,0,H
Southampton,Huddersfield,1,1,D
Stoke,West Brom,3,1,H
Swansea,Crystal Palace,1,1,D
West Ham,Newcastle,2,3,A
Bournemouth,West Ham,3,3,D
Chelsea,Brighton,2,0,H
Huddersfield,Stoke,1,1,D
Liverpool,Swansea,5,0,H
Man United,Burnley,2,2,D
Tottenham,Southampton,5,2,H
Watford,Leicester,2,1,H
West Brom,Everton,0,0,D
Newcastle,Man City,0,1,A
Crystal Palace,Arsenal,2,3,A
Bournemouth,Everton,2,1,H
Chelsea,Stoke,5,0,H
Huddersfield,Burnley,0,0,D
Liverpool,Leicester,2,1,H
Man United,Southampton,0,0,D
Newcastle,Brighton,0,0,D
Watford,Swansea,1,2,A
Crystal Palace,Man City,0,0,D
West Brom,Arsenal,1,1,D
Brighton,Bournemouth,2,2,D
Burnley,Liverpool,1,2,A
Everton,Man United,0,2,A
Leicester,Huddersfield,3,0,H
Stoke,Newcastle,0,1,A
Man City,Watford,3,1,H
Southampton,Crystal Palace,1,2,A
Swansea,Tottenham,0,2,A
West Ham,West Brom,2,1,H
Arsenal,Chelsea,2,2,D
Tottenham,West Ham,1,1,D
Chelsea,Leicester,0,0,D
Crystal Palace,Burnley,1,0,H
Huddersfield,West Ham,1,4,A
Newcastle,Swansea,1,1,D
Tottenham,Everton,4,0,H
Watford,Southampton,2,2,D
West Brom,Brighton,2,0,H
Bournemouth,Arsenal,2,1,H
Liverpool,Man City,4,3,H
Man United,Stoke,3,0,H
Arsenal,Crystal Palace,4,1,H
Brighton,Chelsea,0,4,A
Burnley,Man United,0,1,A
Everton,West Brom,1,1,D
Leicester,Watford,2,0,H
Man City,Newcastle,3,1,H
Stoke,Huddersfield,2,0,H
West Ham,Bournemouth,1,1,D
Southampton,Tottenham,1,1,D
Swansea,Liverpool,1,0,H
Huddersfield,Liverpool,0,3,A
Swansea,Arsenal,3,1,H
West Ham,Crystal Palace,1,1,D
Chelsea,Bournemouth,0,3,A
Everton,Leicester,2,1,H
Man City,West Brom,3,0,H
Newcastle,Burnley,1,1,D
Southampton,Brighton,1,1,D
Stoke,Watford,0,0,D
Tottenham,Man United,2,0,H
Arsenal,Everton,5,1,H
Bournemouth,Stoke,2,1,H
Brighton,West Ham,3,1,H
Burnley,Man City,1,1,D
Leicester,Swansea,1,1,D
Man United,Huddersfield,2,0,H
West Brom,Southampton,2,3,A
Crystal Palace,Newcastle,1,1,D
Liverpool,Tottenham,2,2,D
Watford,Chelsea,4,1,H
Everton,Crystal Palace,3,1,H
Man City,Leicester,5,1,H
Stoke,Brighton,1,1,D
Swansea,Burnley,1,0,H
Tottenham,Arsenal,1,0,H
West Ham,Watford,2,0,H
Huddersfield,Bournemouth,4,1,H
Newcastle,Man United,1,0,H
Southampton,Liverpool,0,2,A
Chelsea,West Brom,3,0,H
Bournemouth,Newcastle,2,2,D
Brighton,Swansea,4,1,H
Burnley,Southampton,1,1,D
Leicester,Stoke,1,1,D
Liverpool,West Ham,4,1,H
Watford,Everton,1,0,H
West Brom,Huddersfield,1,2,A
Crystal Palace,Tottenham,0,1,A
Man United,Chelsea,2,1,H
Arsenal,Man City,0,3,A
Burnley,Everton,2,1,H
Leicester,Bournemouth,1,1,D
Liverpool,Newcastle,2,0,H
Southampton,Stoke,0,0,D
Swansea,West Ham,4,1,H
Tottenham,Huddersfield,2,0,H
Watford,West Brom,1,0,H
Brighton,Arsenal,2,1,H
Man City,Chelsea,1,0,H
Crystal Palace,Man United,2,3,A
Chelsea,Crystal Palace,2,1,H
Everton,Brighton,2,0,H
Huddersfield,Swansea,0,0,D
Man United,Liverpool,2,1,H
Newcastle,Southampton,3,0,H
West Brom,Leicester,1,4,A
West Ham,Burnley,0,3,A
Arsenal,Watford,3,0,H
Bournemouth,Tottenham,1,4,A
Stoke,Man City,0,2,A
Bournemouth,West Brom,2,1,H
Huddersfield,Crystal Palace,0,2,A
Liverpool,Watford,5,0,H
Stoke,Everton,1,2,A
Brighton,Leicester,0,2,A
Crystal Palace,Liverpool,1,2,A
Everton,Man City,1,3,A
Man United,Swansea,2,0,H
Newcastle,Huddersfield,1,0,H
Watford,Bournemouth,2,2,D
West Brom,Burnley,1,2,A
West Ham,Southampton,3,0,H
Arsenal,Stoke,3,0,H
Chelsea,Tottenham,1,3,A
Bournemouth,Crystal Palace,2,2,D
Brighton,Huddersfield,1,1,D
Everton,Liverpool,0,0,D
Leicester,Newcastle,1,2,A
Man City,Man United,2,3,A
Stoke,Tottenham,1,2,A
Watford,Burnley,1,2,A
West Brom,Swansea,1,1,D
Arsenal,Southampton,3,2,H
Chelsea,West Ham,1,1,D
Burnley,Leicester,2,1,H
Crystal Palace,Brighton,3,2,H
Huddersfield,Watford,1,0,H
Liverpool,Bournemouth,3,0,H
Southampton,Chelsea,2,3,A
Swansea,Everton,1,1,D
Tottenham,Man City,1,3,A
Man United,West Brom,0,1,A
Newcastle,Arsenal,2,1,H
West Ham,Stoke,1,1,D
Brighton,Tottenham,1,1,D
Bournemouth,Man United,0,2,A
Burnley,Chelsea,1,2,A
Leicester,Southampton,0,0,D
Watford,Crystal Palace,0,0,D
West Brom,Liverpool,2,2,D
Arsenal,West Ham,4,1,H
Man City,Swansea,5,0,H
Stoke,Burnley,1,1,D
Everton,Newcastle,1,0,H
Burnley,Brighton,0,0,D
Crystal Palace,Leicester,5,0,H
Huddersfield,Everton,0,2,A
Liverpool,Stoke,0,0,D
Newcastle,West Brom,0,1,A
Southampton,Bournemouth,2,1,H
Swansea,Chelsea,0,1,A
Man United,Arsenal,2,1,H
West Ham,Man City,1,4,A
Tottenham,Watford,2,0,H
Brighton,Man United,1,0,H
Bournemouth,Swansea,1,0,H
Everton,Southampton,1,1,D
Leicester,West Ham,0,2,A
Stoke,Crystal Palace,1,2,A
Watford,Newcastle,2,1,H
West Brom,Tottenham,1,0,H
Arsenal,Burnley,5,0,H
Chelsea,Liverpool,1,0,H
Man City,Huddersfield,0,0,D
Swansea,Southampton,0,1,A
Chelsea,Huddersfield,1,1,D
Leicester,Arsenal,3,1,H
Man City,Brighton,3,1,H
Tottenham,Newcastle,1,0,H
West Ham,Man United,0,0,D
Burnley,Bournemouth,1,2,A
Crystal Palace,West Brom,2,0,H
Huddersfield,Arsenal,0,1,A
Liverpool,Brighton,4,0,H
Man United,Watford,1,0,H
Newcastle,Chelsea,3,0,H
Southampton,Man City,0,1,A
Swansea,Stoke,1,2,A
Tottenham,Leicester,5,4,H
West Ham,Everton,3,1,H
Man United,Leicester,2,1,H
Bournemouth,Cardiff,2,0,H
Fulham,Crystal Palace,0,2,A
Huddersfield,Chelsea,0,3,A
Newcastle,Tottenham,1,2,A
Watford,Brighton,2,0,H
Wolves,Everton,2,2,D
Arsenal,Man City,0,2,A
Liverpool,West Ham,4,0,H
Southampton,Burnley,0,0,D
Cardiff,Newcastle,0,0,D
Chelsea,Arsenal,3,2,H
Everton,Southampton,2,1,H
Leicester,Wolves,2,0,H
Tottenham,Fulham,3,1,H
West Ham,Bournemouth,1,2,A
Brighton,Man United,3,2,H
Burnley,Watford,1,3,A
Man City,Huddersfield,6,1,H
Crystal Palace,Liverpool,0,2,A
Arsenal,West Ham,3,1,H
Bournemouth,Everton,2,2,D
Huddersfield,Cardiff,0,0,D
Liverpool,Brighton,1,0,H
Southampton,Leicester,1,2,A
Wolves,Man City,1,1,D
Fulham,Burnley,4,2,H
Newcastle,Chelsea,1,2,A
Watford,Crystal Palace,2,1,H
Man United,Tottenham,0,3,A
Brighton,Fulham,2,2,D
Chelsea,Bournemouth,2,0,H
Crystal Palace,Southampton,0,2,A
Everton,Huddersfield,1,1,D
Leicester,Liverpool,1,2,A
Man City,Newcastle,2,1,H
West Ham,Wolves,0,1,A
Burnley,Man United,0,2,A
Cardiff,Arsenal,2,3,A
Watford,Tottenham,2,1,H
Bournemouth,Leicester,4,2,H
Chelsea,Cardiff,4,1,H
Huddersfield,Crystal Palace,0,1,A
Man City,Fulham,3,0,H
Newcastle,Arsenal,1,2,A
Tottenham,Liverpool,1,2,A
Watford,Man United,1,2,A
Everton,West Ham,1,3,A
Wolves,Burnley,1,0,H
Southampton,Brighton,2,2,D
Brighton,Tottenham,1,2,A
Burnley,Bournemouth,4,0,H
Cardiff,Man City,0,5,A
Crystal Palace,Newcastle,0,0,D
Fulham,Watford,1,1,D
Leicester,Huddersfield,3,1,H
Liverpool,Southampton,3,0,H
Man United,Wolves,1,1,D
Arsenal,Everton,2,0,H
West Ham,Chelsea,0,0,D
Arsenal,Watford,2,0,H
Chelsea,Liverpool,1,1,D
Everton,Fulham,3,0,H
Huddersfield,Tottenham,0,2,A
Man City,Brighton,2,0,H
Newcastle,Leicester,0,2,A
West Ham,Man United,3,1,H
Wolves,Southampton,2,0,H
Cardiff,Burnley,1,2,A
Bournemouth,Crystal Palace,2,1,H
Brighton,West Ham,1,0,H
Burnley,Huddersfield,1,1,D
Crystal Palace,Wolves,0,1,A
Leicester,Everton,1,2,A
Man United,Newcastle,3,2,H
Tottenham,Cardiff,1,0,H
Watford,Bournemouth,0,4,A
Fulham,Arsenal,1,5,A
Liverpool,Man City,0,0,D
Southampton,Chelsea,0,3,A
Bournemouth,Southampton,0,0,D
Cardiff,Fulham,4,2,H
Chelsea,Man United,2,2,D
Huddersfield,Liverpool,0,1,A
Man City,Burnley,5,0,H
Newcastle,Brighton,0,1,A
West Ham,Tottenham,0,1,A
Wolves,Watford,0,2,A
Everton,Crystal Palace,2,0,H
Arsenal,Leicester,3,1,H
Brighton,Wolves,1,0,H
Fulham,Bournemouth,0,3,A
Leicester,West Ham,1,1,D
Liverpool,Cardiff,4,1,H
Southampton,Newcastle,0,0,D
Watford,Huddersfield,3,0,H
Burnley,Chelsea,0,4,A
Crystal Palace,Arsenal,2,2,D
Man United,Everton,2,1,H
Tottenham,Man City,0,1,A
Arsenal,Liverpool,1,1,D
Bournemouth,Man United,1,2,A
Cardiff,Leicester,0,1,A
Everton,Brighton,3,1,H
Newcastle,Watford,1,0,H
West Ham,Burnley,4,2,H
Wolves,Tottenham,2,3,A
Chelsea,Crystal Palace,3,1,H
Man City,Southampton,6,1,H
Huddersfield,Fulham,1,0,H
Cardiff,Brighton,2,1,H
Crystal Palace,Tottenham,0,1,A
Huddersfield,West Ham,1,1,D
Leicester,Burnley,0,0,D
Newcastle,Bournemouth,2,1,H
Southampton,Watford,1,1,D
Arsenal,Wolves,1,1,D
Chelsea,Everton,0,0,D
Liverpool,Fulham,2,0,H
Man City,Man United,3,1,H
Brighton,Leicester,1,1,D
Everton,Cardiff,1,0,H
Fulham,Southampton,3,2,H
Man United,Crystal Palace,0,0,D
Tottenham,Chelsea,3,1,H
Watford,Liverpool,0,3,A
West Ham,Man City,0,4,A
Bournemouth,Arsenal,1,2,A
Wolves,Huddersfield,0,2,A
Burnley,Newcastle,1,2,A
Cardiff,Wolves,2,1,H
Crystal Palace,Burnley,2,0,H
Huddersfield,Brighton,1,2,A
Leicester,Watford,2,0,H
Man City,Bournemouth,3,1,H
Newcastle,West Ham,0,3,A
Southampton,Man United,2,2,D
Arsenal,Tottenham,4,2,H
Chelsea,Fulham,2,0,H
Liverpool,Everton,1,0,H
Bournemouth,Huddersfield,2,1,H
Brighton,Crystal Palace,3,1,H
Watford,Man City,1,2,A
West Ham,Cardiff,3,1,H
Burnley,Liverpool,1,3,A
Everton,Newcastle,1,1,D
Fulham,Leicester,1,1,D
Man United,Arsenal,2,2,D
Tottenham,Southampton,3,1,H
Wolves,Chelsea,2,1,H
Arsenal,Huddersfield,1,0,H
Bournemouth,Liverpool,0,4,A
Burnley,Brighton,1,0,H
Cardiff,Southampton,1,0,H
Chelsea,Man City,2,0,H
Leicester,Tottenham,0,2,A
Man United,Fulham,4,1,H
West Ham,Crystal Palace,3,2,H
Newcastle,Wolves,1,2,A
Everton,Watford,2,2,D
Crystal Palace,Leicester,1,0,H
Fulham,West Ham,0,2,A
Huddersfield,Newcastle,0,1,A
Man City,Everton,3,1,H
Tottenham,Burnley,1,0,H
Watford,Cardiff,3,2,H
Wolves,Bournemouth,2,0,H
Brighton,Chelsea,1,2,A
Liverpool,Man United,3,1,H
Southampton,Arsenal,3,2,H
Wolves,Liverpool,0,2,A
Arsenal,Burnley,3,1,H
Bournemouth,Brighton,2,0,H
Cardiff,Man United,1,5,A
Chelsea,Leicester,0,1,A
Huddersfield,Southampton,1,3,A
Man City,Crystal Palace,2,3,A
Newcastle,Fulham,0,0,D
West Ham,Watford,0,2,A
Everton,Tottenham,2,6,A
Brighton,Arsenal,1,1,D
Burnley,Everton,1,5,A
Crystal Palace,Cardiff,0,0,D
Fulham,Wolves,1,1,D
Leicester,Man City,2,1,H
Liverpool,Newcastle,4,0,H
Man United,Huddersfield,3,1,H
Tottenham,Bournemouth,5,0,H
Watford,Chelsea,1,2,A
Southampton,West Ham,1,2,A
Brighton,Everton,1,0,H
Fulham,Huddersfield,1,0,H
Leicester,Cardiff,0,1,A
Liverpool,Arsenal,5,1,H
Tottenham,Wolves,1,3,A
Watford,Newcastle,1,1,D
Burnley,West Ham,2,0,H
Crystal Palace,Chelsea,0,1,A
Man United,Bournemouth,4,1,H
Southampton,Man City,1,3,A
Arsenal,Fulham,4,1,H
Cardiff,Tottenham,0,3,A
Everton,Leicester,0,1,A
Bournemouth,Watford,3,3,D
Chelsea,Southampton,0,0,D
Huddersfield,Burnley,1,2,A
Newcastle,Man United,0,2,A
West Ham,Brighton,2,2,D
Wolves,Crystal Palace,0,2,A
Man City,Liverpool,2,1,H
Brighton,Liverpool,0,1,A
Burnley,Fulham,2,1,H
Cardiff,Huddersfield,0,0,D
Chelsea,Newcastle,2,1,H
Crystal Palace,Watford,1,2,A
Leicester,Southampton,1,2,A
West Ham,Arsenal,1,0,H
Everton,Bournemouth,2,0,H
Tottenham,Man United,0,1,A
Man City,Wolves,3,0,H
Arsenal,Chelsea,2,0,H
Bournemouth,West Ham,2,0,H
Liverpool,Crystal Palace,4,3,H
Man United,Brighton,2,1,H
Newcastle,Cardiff,3,0,H
Southampton,Everton,2,1,H
Watford,Burnley,0,0,D
Wolves,Leicester,4,3,H
Fulham,Tottenham,1,2,A
Huddersfield,Man City,0,3,A
Arsenal,Cardiff,2,1,H
Fulham,Brighton,4,2,H
Huddersfield,Everton,0,1,A
Man United,Burnley,2,2,D
Newcastle,Man City,2,1,H
Wolves,West Ham,3,0,H
Bournemouth,Chelsea,4,0,H
Liverpool,Leicester,1,1,D
Southampton,Crystal Palace,1,1,D
Tottenham,Watford,2,1,H
Brighton,Watford,0,0,D
Burnley,Southampton,1,1,D
Cardiff,Bournemouth,2,0,H
Chelsea,Huddersfield,5,0,H
Crystal Palace,Fulham,2,0,H
Everton,Wolves,1,3,A
Tottenham,Newcastle,1,0,H
Leicester,Man United,0,1,A
Man City,Arsenal,3,1,H
West Ham,Liverpool,1,1,D
Everton,Man City,0,2,A
Brighton,Burnley,1,3,A
Crystal Palace,West Ham,1,1,D
Fulham,Man United,0,3,A
Huddersfield,Arsenal,1,2,A
Liverpool,Bournemouth,3,0,H
Southampton,Cardiff,1,2,A
Watford,Everton,1,0,H
Man City,Chelsea,6,0,H
Tottenham,Leicester,3,1,H
Wolves,Newcastle,1,1,D
Cardiff,Watford,1,5,A
West Ham,Fulham,3,1,H
Bournemouth,Wolves,1,1,D
Burnley,Tottenham,2,1,H
Leicester,Crystal Palace,1,4,A
Newcastle,Huddersfield,2,0,H
Arsenal,Southampton,2,0,H
Man United,Liverpool,0,0,D
Cardiff,Everton,0,3,A
Huddersfield,Wolves,1,0,H
Leicester,Brighton,2,1,H
Newcastle,Burnley,2,0,H
Arsenal,Bournemouth,5,1,H
Chelsea,Tottenham,2,0,H
Crystal Palace,Man United,1,3,A
Liverpool,Watford,5,0,H
Man City,West Ham,1,0,H
Southampton,Fulham,2,0,H
Bournemouth,Man City,0,1,A
Brighton,Huddersfield,1,0,H
Burnley,Crystal Palace,1,3,A
Man United,Southampton,3,2,H
Tottenham,Arsenal,1,1,D
West Ham,Newcastle,2,0,H
Wolves,Cardiff,2,0,H
Everton,Liverpool,0,0,D
Fulham,Chelsea,1,2,A
Watford,Leicester,2,1,H
Cardiff,West Ham,2,0,H
Crystal Palace,Brighton,1,2,A
Huddersfield,Bournemouth,0,2,A
Leicester,Fulham,3,1,H
Man City,Watford,3,1,H
Newcastle,Everton,3,2,H
Southampton,Tottenham,2,1,H
Arsenal,Man United,2,0,H
Chelsea,Wolves,1,1,D
Liverpool,Burnley,4,2,H
Bournemouth,Newcastle,2,2,D
Burnley,Leicester,1,2,A
West Ham,Huddersfield,4,3,H
Everton,Chelsea,2,0,H
Fulham,Liverpool,1,2,A
Brighton,Southampton,0,1,A
Burnley,Wolves,2,0,H
Crystal Palace,Huddersfield,2,0,H
Fulham,Man City,0,2,A
Leicester,Bournemouth,2,0,H
Man United,Watford,2,1,H
West Ham,Everton,0,2,A
Cardiff,Chelsea,1,2,A
Liverpool,Tottenham,2,1,H
Arsenal,Newcastle,2,0,H
Watford,Fulham,4,1,H
Wolves,Man United,2,1,H
Chelsea,Brighton,3,0,H
Man City,Cardiff,2,0,H
Tottenham,Crystal Palace,2,0,H
Southampton,Liverpool,1,3,A
Bournemouth,Burnley,1,3,A
Huddersfield,Leicester,1,4,A
Newcastle,Crystal Palace,0,1,A
Everton,Arsenal,1,0,H
Chelsea,West Ham,2,0,H
Leicester,Newcastle,0,1,A
Brighton,Bournemouth,0,5,A
Burnley,Cardiff,2,0,H
Fulham,Everton,2,0,H
Man United,West Ham,2,1,H
Southampton,Wolves,3,1,H
Tottenham,Huddersfield,4,0,H
Crystal Palace,Man City,1,3,A
Liverpool,Chelsea,2,0,H
Watford,Arsenal,0,1,A
Brighton,Cardiff,0,2,A
Bournemouth,Fulham,0,1,A
Huddersfield,Watford,1,2,A
Man City,Tottenham,1,0,H
Newcastle,Southampton,3,1,H
West Ham,Leicester,2,2,D
Wolves,Brighton,0,0,D
Arsenal,Crystal Palace,2,3,A
Cardiff,Liverpool,0,2,A
Everton,Man United,4,0,H
Chelsea,Burnley,2,2,D
Tottenham,Brighton,1,0,H
Watford,Southampton,1,1,D
Man United,Man City,0,2,A
Wolves,Arsenal,3,1,H
Liverpool,Huddersfield,5,0,H
Brighton,Newcastle,1,1,D
Crystal Palace,Everton,0,0,D
Fulham,Cardiff,1,0,H
Southampton,Bournemouth,3,3,D
Tottenham,West Ham,0,1,A
Watford,Wolves,1,2,A
Burnley,Man City,0,1,A
Leicester,Arsenal,3,0,H
Man United,Chelsea,1,1,D
Everton,Burnley,2,0,H
Bournemouth,Tottenham,1,0,H
Cardiff,Crystal Palace,2,3,A
Newcastle,Liverpool,2,3,A
West Ham,Southampton,3,0,H
Wolves,Fulham,1,0,H
Arsenal,Brighton,1,1,D
Chelsea,Watford,3,0,H
Huddersfield,Man United,1,1,D
Man City,Leicester,1,0,H
Brighton,Man City,1,4,A
Burnley,Arsenal,1,3,A
Crystal Palace,Bournemouth,5,3,H
Fulham,Newcastle,0,4,A
Leicester,Chelsea,0,0,D
Liverpool,Wolves,2,0,H
Man United,Cardiff,0,2,A
Southampton,Huddersfield,1,1,D
Tottenham,Everton,2,2,D
Watford,West Ham,1,4,A
Liverpool,Norwich,4,1,H
Bournemouth,Sheffield United,1,1,D
Burnley,Southampton,3,0,H
Crystal Palace,Everton,0,0,D
Tottenham,Aston Villa,3,1,H
Watford,Brighton,0,3,A
West Ham,Man City,0,5,A
Leicester,Wolves,0,0,D
Man United,Chelsea,4,0,H
Newcastle,Arsenal,0,1,A
Arsenal,Burnley,2,1,H
Aston Villa,Bournemouth,1,2,A
Brighton,West Ham,1,1,D
Everton,Watford,1,0,H
Man City,Tottenham,2,2,D
Norwich,Newcastle,3,1,H
Southampton,Liverpool,1,2,A
Chelsea,Leicester,1,1,D
Sheffield United,Crystal Palace,1,0,H
Wolves,Man United,1,1,D
Aston Villa,Everton,2,0,H
Brighton,Southampton,0,2,A
Liverpool,Arsenal,3,1,H
Man United,Crystal Palace,1,2,A
Norwich,Chelsea,2,3,A
Sheffield United,Leicester,1,2,A
Watford,West Ham,1,3,A
Bournemouth,Man City,1,3,A
Tottenham,Newcastle,0,1,A
Wolves,Burnley,1,1,D
Burnley,Liverpool,0,3,A
Chelsea,Sheffield United,2,2,D
Crystal Palace,Aston Villa,1,0,H
Leicester,Bournemouth,3,1,H
Man City,Brighton,4,0,H
Newcastle,Watford,1,1,D
Southampton,Man United,1,1,D
West Ham,Norwich,2,0,H
Arsenal,Tottenham,2,2,D
Everton,Wolves,3,2,H
Brighton,Burnley,1,1,D
Liverpool,Newcastle,3,1,H
Man United,Leicester,1,0,H
Norwich,Man City,3,2,H
Sheffield United,Southampton,0,1,A
Tottenham,Crystal Palace,4,0,H
Wolves,Chelsea,2,5,A
Bournemouth,Everton,3,1,H
Watford,Arsenal,2,2,D
Aston Villa,West Ham,0,0,D
Southampton,Bournemouth,1,3,A
Burnley,Norwich,2,0,H
Everton,Sheffield United,0,2,A
Leicester,Tottenham,2,1,H
Man City,Watford,8,0,H
Newcastle,Brighton,0,0,D
Arsenal,Aston Villa,3,2,H
Chelsea,Liverpool,1,2,A
Crystal Palace,Wolves,1,1,D
West Ham,Man United,2,0,H
Aston Villa,Burnley,2,2,D
Bournemouth,West Ham,2,2,D
Chelsea,Brighton,2,0,H
Crystal Palace,Norwich,2,0,H
Everton,Man City,1,3,A
Sheffield United,Liverpool,0,1,A
Tottenham,Southampton,2,1,H
Wolves,Watford,2,0,H
Leicester,Newcastle,5,0,H
Man United,Arsenal,1,1,D
Brighton,Tottenham,3,0,H
Burnley,Everton,1,0,H
Liverpool,Leicester,2,1,H
Norwich,Aston Villa,1,5,A
Watford,Sheffield United,0,0,D
West Ham,Crystal Palace,1,2,A
Arsenal,Bournemouth,1,0,H
Man City,Wolves,0,2,A
Newcastle,Man United,1,0,H
Southampton,Chelsea,1,4,A
Aston Villa,Brighton,2,1,H
Bournemouth,Norwich,0,0,D
Chelsea,Newcastle,1,0,H
Crystal Palace,Man City,0,2,A
Everton,West Ham,2,0,H
Leicester,Burnley,2,1,H
Tottenham,Watford,1,1,D
Wolves,Southampton,1,1,D
Man United,Liverpool,1,1,D
Sheffield United,Arsenal,1,0,H
Southampton,Leicester,0,9,A
Brighton,Everton,3,2,H
Burnley,Chelsea,2,4,A
Man City,Aston Villa,3,0,H
Watford,Bournemouth,0,0,D
West Ham,Sheffield United,1,1,D
Arsenal,Crystal Palace,2,2,D
Liverpool,Tottenham,2,1,H
Newcastle,Wolves,1,1,D
Norwich,Man United,1,3,A
Arsenal,Wolves,1,1,D
Aston Villa,Liverpool,1,2,A
Bournemouth,Man United,1,0,H
Brighton,Norwich,2,0,H
Man City,Southampton,2,1,H
Sheffield United,Burnley,3,0,H
Watford,Chelsea,1,2,A
West Ham,Newcastle,2,3,A
Crystal Palace,Leicester,0,2,A
Everton,Tottenham,1,1,D
Norwich,Watford,0,2,A
Burnley,West Ham,3,0,H
Chelsea,Crystal Palace,2,0,H
Leicester,Arsenal,2,0,H
Newcastle,Bournemouth,2,1,H
Southampton,Everton,1,2,A
Tottenham,Sheffield United,1,1,D
Liverpool,Man City,3,1,H
Man United,Brighton,3,1,H
Wolves,Aston Villa,2,1,H
Arsenal,Southampton,2,2,D
Bournemouth,Wolves,1,2,A
Brighton,Leicester,0,2,A
Crystal Palace,Liverpool,1,2,A
Everton,Norwich,0,2,A
Man City,Chelsea,2,1,H
Watford,Burnley,0,3,A
West Ham,Tottenham,2,3,A
Sheffield United,Man United,3,3,D
Aston Villa,Newcastle,2,0,H
Burnley,Crystal Palace,0,2,A
Chelsea,West Ham,0,1,A
Liverpool,Brighton,2,1,H
Newcastle,Man City,2,2,D
Southampton,Watford,2,1,H
Tottenham,Bournemouth,3,2,H
Leicester,Everton,2,1,H
Man United,Aston Villa,2,2,D
Norwich,Arsenal,2,2,D
Wolves,Sheffield United,1,1,D
Burnley,Man City,1,4,A
Crystal Palace,Bournemouth,1,0,H
Chelsea,Aston Villa,2,1,H
Leicester,Watford,2,0,H
Liverpool,Everton,5,2,H
Man United,Tottenham,2,1,H
Southampton,Norwich,2,1,H
Wolves,West Ham,2,0,H
Arsenal,Brighton,1,2,A
Sheffield United,Newcastle,0,2,A
Bournemouth,Liverpool,0,3,A
Everton,Chelsea,3,1,H
Man City,Man United,1,2,A
Tottenham,Burnley,5,0,H
Watford,Crystal Palace,0,0,D
Aston Villa,Leicester,1,4,A
Brighton,Wolves,2,2,D
Newcastle,Southampton,2,1,H
Norwich,Sheffield United,1,2,A
West Ham,Arsenal,1,3,A
Burnley,Newcastle,1,0,H
Chelsea,Bournemouth,0,1,A
Leicester,Norwich,1,1,D
Liverpool,Watford,2,0,H
Sheffield United,Aston Villa,2,0,H
Southampton,West Ham,0,1,A
Arsenal,Man City,0,3,A
Man United,Everton,1,1,D
Wolves,Tottenham,1,2,A
Crystal Palace,Brighton,1,1,D
Aston Villa,Southampton,1,3,A
Bournemouth,Burnley,0,1,A
Brighton,Sheffield United,0,1,A
Everton,Arsenal,0,0,D
Man City,Leicester,3,1,H
Newcastle,Crystal Palace,1,0,H
Norwich,Wolves,1,2,A
Tottenham,Chelsea,0,2,A
Watford,Man United,2,0,H
Aston Villa,Norwich,1,0,H
Bournemouth,Arsenal,1,1,D
Chelsea,Southampton,0,2,A
Crystal Palace,West Ham,2,1,H
Everton,Burnley,1,0,H
Leicester,Liverpool,0,4,A
Man United,Newcastle,4,1,H
Sheffield United,Watford,1,1,D
Tottenham,Brighton,2,1,H
Wolves,Man City,3,2,H
Brighton,Bournemouth,2,0,H
Burnley,Man United,0,2,A
Newcastle,Everton,1,2,A
Norwich,Tottenham,2,2,D
Southampton,Crystal Palace,1,1,D
Watford,Aston Villa,3,0,H
West Ham,Leicester,1,2,A
Arsenal,Chelsea,1,2,A
Liverpool,Wolves,1,0,H
Man City,Sheffield United,2,0,H
Arsenal,Man United,2,0,H
Brighton,Chelsea,1,1,D
Burnley,Aston Villa,1,2,A
Man City,Everton,2,1,H
Newcastle,Leicester,0,3,A
Norwich,Crystal Palace,1,1,D
Southampton,Tottenham,1,0,H
Watford,Wolves,2,1,H
West Ham,Bournemouth,4,0,H
Liverpool,Sheffield United,2,0,H
Sheffield United,West Ham,1,0,H
Chelsea,Burnley,3,0,H
Crystal Palace,Arsenal,1,1,D
Everton,Brighton,1,0,H
Leicester,Southampton,1,2,A
Man United,Norwich,4,0,H
Tottenham,Liverpool,0,1,A
Wolves,Newcastle,1,1,D
Aston Villa,Man City,1,6,A
Bournemouth,Watford,0,3,A
Arsenal,Sheffield United,1,1,D
Brighton,Aston Villa,1,1,D
Man City,Crystal Palace,2,2,D
Newcastle,Chelsea,1,0,H
Norwich,Bournemouth,1,0,H
Southampton,Wolves,2,3,A
Watford,Tottenham,0,0,D
West Ham,Everton,1,1,D
Burnley,Leicester,2,1,H
Liverpool,Man United,2,0,H
Aston Villa,Watford,2,1,H
Bournemouth,Brighton,3,1,H
Chelsea,Arsenal,2,2,D
Crystal Palace,Southampton,0,2,A
Everton,Newcastle,2,2,D
Sheffield United,Man City,0,1,A
Leicester,West Ham,4,1,H
Man United,Burnley,0,2,A
Tottenham,Norwich,2,1,H
Wolves,Liverpool,1,2,A
West Ham,Liverpool,0,2,A
Bournemouth,Aston Villa,2,1,H
Crystal Palace,Sheffield United,0,1,A
Leicester,Chelsea,2,2,D
Liverpool,Southampton,4,0,H
Man United,Wolves,0,0,D
Newcastle,Norwich,0,0,D
Watford,Everton,2,3,A
West Ham,Brighton,3,3,D
Burnley,Arsenal,0,0,D
Tottenham,Man City,2,0,H
Brighton,Watford,1,1,D
Everton,Crystal Palace,3,1,H
Sheffield United,Bournemouth,2,1,H
Wolves,Leicester,0,0,D
Norwich,Liverpool,0,1,A
Southampton,Burnley,1,2,A
Arsenal,Newcastle,4,0,H
Aston Villa,Tottenham,2,3,A
Chelsea,Man United,0,2,A
Man City,West Ham,2,0,H
Burnley,Bournemouth,3,0,H
Chelsea,Tottenham,2,1,H
Crystal Palace,Newcastle,1,0,H
Leicester,Man City,0,1,A
Sheffield United,Brighton,1,1,D
Southampton,Aston Villa,2,0,H
Arsenal,Everton,3,2,H
Man United,Watford,3,0,H
Wolves,Norwich,3,0,H
Liverpool,West Ham,3,2,H
Norwich,Leicester,1,0,H
Bournemouth,Chelsea,2,2,D
Brighton,Crystal Palace,0,1,A
Newcastle,Burnley,0,0,D
Watford,Liverpool,3,0,H
West Ham,Southampton,3,1,H
Everton,Man United,1,1,D
Tottenham,Wolves,2,3,A
Arsenal,West Ham,1,0,H
Burnley,Tottenham,1,1,D
Crystal Palace,Watford,1,0,H
Liverpool,Bournemouth,2,1,H
Sheffield United,Norwich,1,0,H
Southampton,Newcastle,0,1,A
Wolves,Brighton,0,0,D
Chelsea,Everton,4,0,H
Man United,Man City,2,0,H
Leicester,Aston Villa,4,0,H
Aston Villa,Sheffield United,0,0,D
Man City,Arsenal,3,0,H
Norwich,Southampton,0,3,A
Tottenham,Man United,1,1,D
Bournemouth,Crystal Palace,0,2,A
Brighton,Arsenal,2,1,H
Watford,Leicester,1,1,D
West Ham,Wolves,0,2,A
Aston Villa,Chelsea,1,2,A
Everton,Liverpool,0,0,D
Newcastle,Sheffield United,3,0,H
Man City,Burnley,5,0,H
Leicester,Brighton,0,0,D
Tottenham,West Ham,2,0,H
Liverpool,Crystal Palace,4,0,H
Man United,Sheffield United,3,0,H
Newcastle,Aston Villa,1,1,D
Norwich,Everton,0,1,A
Wolves,Bournemouth,1,0,H
Burnley,Watford,1,0,H
Chelsea,Man City,2,1,H
Southampton,Arsenal,0,2,A
Aston Villa,Wolves,0,1,A
Watford,Southampton,1,3,A
Crystal Palace,Burnley,0,1,A
Brighton,Man United,0,3,A
Arsenal,Norwich,4,0,H
Bournemouth,Newcastle,1,4,A
Everton,Leicester,2,1,H
West Ham,Chelsea,3,2,H
Man City,Liverpool,4,0,H
Sheffield United,Tottenham,3,1,H
Chelsea,Watford,3,0,H
Leicester,Crystal Palace,3,0,H
Man United,Bournemouth,5,2,H
Norwich,Brighton,0,1,A
Wolves,Arsenal,0,2,A
Burnley,Sheffield United,1,1,D
Liverpool,Aston Villa,2,0,H
Newcastle,West Ham,2,2,D
Southampton,Man City,1,0,H
Tottenham,Everton,1,0,H
Arsenal,Leicester,1,1,D
Crystal Palace,Chelsea,2,3,A
Watford,Norwich,2,1,H
Brighton,Liverpool,1,3,A
Man City,Newcastle,5,0,H
Sheffield United,Wolves,1,0,H
West Ham,Burnley,0,1,A
Aston Villa,Man United,0,3,A
Bournemouth,Tottenham,0,0,D
Everton,Southampton,1,1,D
Brighton,Man City,0,5,A
Liverpool,Burnley,1,1,D
Norwich,West Ham,0,4,A
Sheffield United,Chelsea,3,0,H
Watford,Newcastle,2,1,H
Aston Villa,Crystal Palace,2,0,H
Bournemouth,Leicester,4,1,H
Tottenham,Arsenal,2,1,H
Wolves,Everton,3,0,H
Man United,Southampton,2,2,D
Chelsea,Norwich,1,0,H
Arsenal,Liverpool,2,1,H
Burnley,Wolves,1,1,D
Man City,Bournemouth,2,1,H
Newcastle,Tottenham,1,3,A
Crystal Palace,Man United,0,2,A
Everton,Aston Villa,1,1,D
Leicester,Sheffield United,2,0,H
Southampton,Brighton,1,1,D
West Ham,Watford,3,1,H
Norwich,Burnley,0,2,A
Bournemouth,Southampton,0,2,A
Tottenham,Leicester,3,0,H
Brighton,Newcastle,0,0,D
Sheffield United,Everton,0,1,A
Wolves,Crystal Palace,2,0,H
Aston Villa,Arsenal,1,0,H
Watford,Man City,0,4,A
Liverpool,Chelsea,5,3,H
Man United,West Ham,1,1,D
Arsenal,Watford,3,2,H
Burnley,Brighton,1,2,A
Chelsea,Wolves,2,0,H
Crystal Palace,Tottenham,1,1,D
Everton,Bournemouth,1,3,A
Leicester,Man United,0,2,A
Man City,Norwich,5,0,H
Newcastle,Liverpool,1,3,A
Southampton,Sheffield United,3,1,H
West Ham,Aston Villa,1,1,D
Crystal Palace,Southampton,1,0,H
Fulham,Arsenal,0,3,A
Liverpool,Leeds,4,3,H
West Ham,Newcastle,0,2,A
Tottenham,Everton,0,1,A
West Brom,Leicester,0,3,A
Brighton,Chelsea,1,3,A
Sheffield United,Wolves,0,2,A
Arsenal,West Ham,2,1,H
Everton,West Brom,5,2,H
Leeds,Fulham,4,3,H
Man United,Crystal Palace,1,3,A
Chelsea,Liverpool,0,2,A
Leicester,Burnley,4,2,H
Newcastle,Brighton,0,3,A
Southampton,Tottenham,2,5,A
Aston Villa,Sheffield United,1,0,H
Wolves,Man City,1,3,A
Brighton,Man United,2,3,A
Burnley,Southampton,0,1,A
Crystal Palace,Everton,1,2,A
West Brom,Chelsea,3,3,D
Man City,Leicester,2,5,A
Sheffield United,Leeds,0,1,A
Tottenham,Newcastle,1,1,D
West Ham,Wolves,4,0,H
Fulham,Aston Villa,0,3,A
Liverpool,Arsenal,3,1,H
Chelsea,Crystal Palace,4,0,H
Everton,Brighton,4,2,H
Leeds,Man City,1,1,D
Newcastle,Burnley,3,1,H
Arsenal,Sheffield United,2,1,H
Aston Villa,Liverpool,7,2,H
Leicester,West Ham,0,3,A
Man United,Tottenham,1,6,A
Southampton,West Brom,2,0,H
Wolves,Fulham,1,0,H
Chelsea,Southampton,3,3,D
Everton,Liverpool,2,2,D
Man City,Arsenal,1,0,H
Newcastle,Man United,1,4,A
Crystal Palace,Brighton,1,1,D
Leicester,Aston Villa,0,1,A
Sheffield United,Fulham,1,1,D
Tottenham,West Ham,3,3,D
Leeds,Wolves,0,1,A
West Brom,Burnley,0,0,D
Aston Villa,Leeds,0,3,A
Fulham,Crystal Palace,1,2,A
Liverpool,Sheffield United,2,1,H
Man United,Chelsea,0,0,D
West Ham,Man City,1,1,D
Arsenal,Leicester,0,1,A
Southampton,Everton,2,0,H
Wolves,Newcastle,1,1,D
Brighton,West Brom,1,1,D
Burnley,Tottenham,0,1,A
Wolves,Crystal Palace,2,0,H
Burnley,Chelsea,0,3,A
Liverpool,West Ham,2,1,H
Sheffield United,Man City,0,1,A
Aston Villa,Southampton,3,4,A
Man United,Arsenal,0,1,A
Newcastle,Everton,2,1,H
Tottenham,Brighton,2,1,H
Fulham,West Brom,2,0,H
Leeds,Leicester,1,4,A
Brighton,Burnley,0,0,D
Southampton,Newcastle,2,0,H
Chelsea,Sheffield United,4,1,H
Crystal Palace,Leeds,4,1,H
Everton,Man United,1,3,A
West Ham,Fulham,1,0,H
Arsenal,Aston Villa,0,3,A
Leicester,Wolves,1,0,H
Man City,Liverpool,1,1,D
West Brom,Tottenham,0,1,A
Aston Villa,Brighton,1,2,A
Man United,West Brom,1,0,H
Newcastle,Chelsea,0,2,A
Tottenham,Man City,2,0,H
Fulham,Everton,2,3,A
Leeds,Arsenal,0,0,D
Liverpool,Leicester,3,0,H
Sheffield United,West Ham,0,1,A
Burnley,Crystal Palace,1,0,H
Wolves,Southampton,1,1,D
Crystal Palace,Newcastle,0,2,A
Brighton,Liverpool,1,1,D
Everton,Leeds,0,1,A
Man City,Burnley,5,0,H
West Brom,Sheffield United,1,0,H
Arsenal,Wolves,1,2,A
Chelsea,Tottenham,0,0,D
Southampton,Man United,2,3,A
Leicester,Fulham,1,2,A
West Ham,Aston Villa,2,1,H
Burnley,Everton,1,1,D
Chelsea,Leeds,3,1,H
Man City,Fulham,2,0,H
West Ham,Man United,1,3,A
Liverpool,Wolves,4,0,H
Sheffield United,Leicester,1,2,A
Tottenham,Arsenal,2,0,H
West Brom,Crystal Palace,1,5,A
Brighton,Southampton,1,2,A
Leeds,West Ham,1,2,A
Everton,Chelsea,1,0,H
Man United,Man City,0,0,D
Newcastle,West Brom,2,1,H
Wolves,Aston Villa,0,1,A
Arsenal,Burnley,0,1,A
Crystal Palace,Tottenham,1,1,D
Fulham,Liverpool,1,1,D
Leicester,Brighton,3,0,H
Southampton,Sheffield United,3,0,H
Man City,West Brom,1,1,D
Wolves,Chelsea,2,1,H
Arsenal,Southampton,1,1,D
Fulham,Brighton,0,0,D
Leeds,Newcastle,5,2,H
Leicester,Everton,0,2,A
Liverpool,Tottenham,2,1,H
West Ham,Crystal Palace,1,1,D
Aston Villa,Burnley,0,0,D
Sheffield United,Man United,2,3,A
Crystal Palace,Liverpool,0,7,A
Everton,Arsenal,2,1,H
Newcastle,Fulham,1,1,D
Southampton,Man City,0,1,A
Brighton,Sheffield United,1,1,D
Man United,Leeds,6,2,H
Tottenham,Leicester,0,2,A
West Brom,Aston Villa,0,3,A
Burnley,Wolves,2,1,H
Chelsea,West Ham,3,0,H
Arsenal,Chelsea,3,1,H
Aston Villa,Crystal Palace,3,0,H
Fulham,Southampton,0,0,D
Leicester,Man United,2,2,D
Man City,Newcastle,2,0,H
Sheffield United,Everton,0,1,A
Leeds,Burnley,1,0,H
Liverpool,West Brom,1,1,D
West Ham,Brighton,2,2,D
Wolves,Tottenham,1,1,D
Chelsea,Aston Villa,1,1,D
Crystal Palace,Leicester,1,1,D
Brighton,Arsenal,0,1,A
Burnley,Sheffield United,1,0,H
Man United,Wolves,1,0,H
Southampton,West Ham,0,0,D
West Brom,Leeds,0,5,A
Newcastle,Liverpool,0,0,D
Everton,West Ham,0,1,A
Man United,Aston Villa,2,1,H
Brighton,Wolves,3,3,D
Crystal Palace,Sheffield United,2,0,H
Tottenham,Leeds,3,0,H
West Brom,Arsenal,0,4,A
Chelsea,Man City,1,3,A
Newcastle,Leicester,1,2,A
Southampton,Liverpool,1,0,H
Burnley,Man United,0,1,A
Sheffield United,Newcastle,1,0,H
Wolves,Everton,1,2,A
Man City,Brighton,1,0,H
Tottenham,Fulham,1,1,D
Arsenal,Crystal Palace,0,0,D
Fulham,Chelsea,0,1,A
Leeds,Brighton,0,1,A
Leicester,Southampton,2,0,H
West Ham,Burnley,1,0,H
Wolves,West Brom,2,3,A
Liverpool,Man United,0,0,D
Man City,Crystal Palace,4,0,H
Sheffield United,Tottenham,1,3,A
Arsenal,Newcastle,3,0,H
Leicester,Chelsea,2,0,H
West Ham,West Brom,2,1,H
Fulham,Man United,1,2,A
Man City,Aston Villa,2,0,H
Liverpool,Burnley,0,1,A
Aston Villa,Newcastle,2,0,H
Crystal Palace,West Ham,2,3,A
Newcastle,Leeds,1,2,A
Southampton,Arsenal,1,3,A
West Brom,Man City,0,5,A
Brighton,Fulham,0,0,D
Burnley,Aston Villa,3,2,H
Chelsea,Wolves,0,0,D
Everton,Leicester,1,1,D
Man United,Sheffield United,1,2,A
Tottenham,Liverpool,1,3,A
Arsenal,Man United,0,0,D
Crystal Palace,Wolves,1,0,H
Everton,Newcastle,0,2,A
Man City,Sheffield United,1,0,H
Southampton,Aston Villa,0,1,A
West Brom,Fulham,2,2,D
Brighton,Tottenham,1,0,H
Chelsea,Burnley,2,0,H
Leicester,Leeds,1,3,A
West Ham,Liverpool,1,3,A
Man United,Southampton,9,0,H
Newcastle,Crystal Palace,1,2,A
Sheffield United,West Brom,2,1,H
Wolves,Arsenal,2,1,H
Aston Villa,West Ham,1,3,A
Burnley,Man City,0,2,A
Fulham,Leicester,0,2,A
Leeds,Everton,1,2,A
Liverpool,Brighton,0,1,A
Tottenham,Chelsea,0,1,A
Aston Villa,Arsenal,1,0,H
Burnley,Brighton,1,1,D
Fulham,West Ham,0,0,D
Man United,Everton,3,3,D
Newcastle,Southampton,3,2,H
Liverpool,Man City,1,4,A
Sheffield United,Chelsea,1,2,A
Tottenham,West Brom,2,0,H
Wolves,Leicester,0,0,D
Leeds,Crystal Palace,2,0,H
Brighton,Aston Villa,0,0,D
Crystal Palace,Burnley,0,3,A
Leicester,Liverpool,3,1,H
Man City,Tottenham,3,0,H
Arsenal,Leeds,4,2,H
Everton,Fulham,0,2,A
Southampton,Wolves,1,2,A
West Brom,Man United,1,1,D
Chelsea,Newcastle,2,0,H
West Ham,Sheffield United,3,0,H
Burnley,Fulham,1,1,D
Everton,Man City,1,3,A
Wolves,Leeds,1,0,H
Burnley,West Brom,0,0,D
Fulham,Sheffield United,1,0,H
Liverpool,Everton,0,2,A
Southampton,Chelsea,1,1,D
Arsenal,Man City,0,1,A
Aston Villa,Leicester,1,2,A
Man United,Newcastle,3,1,H
West Ham,Tottenham,2,1,H
Brighton,Crystal Palace,1,2,A
Leeds,Southampton,3,0,H
Leeds,Aston Villa,0,1,A
Man City,West Ham,2,1,H
Newcastle,Wolves,1,1,D
West Brom,Brighton,1,0,H
Chelsea,Man United,0,0,D
Crystal Palace,Fulham,0,0,D
Leicester,Arsenal,1,3,A
Sheffield United,Liverpool,0,2,A
Tottenham,Burnley,4,0,H
Everton,Southampton,1,0,H
Man City,Wolves,4,1,H
Burnley,Leicester,1,1,D
Crystal Palace,Man United,0,0,D
Sheffield United,Aston Villa,1,0,H
Fulham,Tottenham,0,1,A
Liverpool,Chelsea,0,1,A
West Brom,Everton,0,1,A
Aston Villa,Wolves,0,0,D
Brighton,Leicester,1,2,A
Burnley,Arsenal,1,1,D
Sheffield United,Southampton,0,2,A
Liverpool,Fulham,0,1,A
Man City,Man United,0,2,A
Tottenham,Crystal Palace,4,1,H
West Brom,Newcastle,0,0,D
Chelsea,Everton,2,0,H
West Ham,Leeds,2,0,H
Man City,Southampton,5,2,H
Newcastle,Aston Villa,1,1,D
Crystal Palace,West Brom,1,0,H
Everton,Burnley,1,2,A
Fulham,Man City,0,3,A
Leeds,Chelsea,0,0,D
Arsenal,Tottenham,2,1,H
Leicester,Sheffield United,5,0,H
Man United,West Ham,1,0,H
Southampton,Brighton,1,2,A
Wolves,Liverpool,0,1,A
Fulham,Leeds,1,2,A
Brighton,Newcastle,3,0,H
Aston Villa,Tottenham,0,2,A
West Ham,Arsenal,3,3,D
Arsenal,Liverpool,0,3,A
Chelsea,West Brom,2,5,A
Leeds,Sheffield United,2,1,H
Leicester,Man City,0,2,A
Aston Villa,Fulham,3,1,H
Man United,Brighton,2,1,H
Newcastle,Tottenham,2,2,D
Southampton,Burnley,3,2,H
Everton,Crystal Palace,1,1,D
Wolves,West Ham,2,3,A
Fulham,Wolves,0,1,A
Crystal Palace,Chelsea,1,4,A
Liverpool,Aston Villa,2,1,H
Man City,Leeds,1,2,A
Burnley,Newcastle,1,2,A
Sheffield United,Arsenal,0,3,A
Tottenham,Man United,1,3,A
West Ham,Leicester,3,2,H
Brighton,Everton,0,0,D
West Brom,Southampton,3,0,H
Everton,Tottenham,2,2,D
Newcastle,West Ham,3,2,H
Wolves,Sheffield United,1,0,H
Arsenal,Fulham,1,1,D
Man United,Burnley,3,1,H
Leeds,Liverpool,1,1,D
Chelsea,Brighton,0,0,D
Aston Villa,Man City,1,2,A
Tottenham,Southampton,2,1,H
Leicester,West Brom,3,0,H
Arsenal,Everton,0,1,A
Liverpool,Newcastle,1,1,D
Sheffield United,Brighton,1,0,H
West Ham,Chelsea,0,1,A
Aston Villa,West Brom,2,2,D
Leeds,Man United,0,0,D
Wolves,Burnley,0,4,A
Leicester,Crystal Palace,2,1,H
Southampton,Leicester,1,1,D
Brighton,Leeds,2,0,H
Chelsea,Fulham,2,0,H
Crystal Palace,Man City,0,2,A
Everton,Aston Villa,1,2,A
Newcastle,Arsenal,0,2,A
Tottenham,Sheffield United,4,0,H
Burnley,West Ham,1,2,A
West Brom,Wolves,1,1,D
Leicester,Newcastle,2,4,A
Leeds,Tottenham,3,1,H
Liverpool,Southampton,2,0,H
Man City,Chelsea,1,2,A
Sheffield United,Crystal Palace,0,2,A
Arsenal,West Brom,3,1,H
Aston Villa,Man United,1,3,A
West Ham,Everton,0,1,A
Wolves,Brighton,2,1,H
Fulham,Burnley,0,2,A
Man United,Leicester,1,2,A
Southampton,Crystal Palace,3,1,H
Chelsea,Arsenal,0,1,A
Aston Villa,Everton,0,0,D
Man United,Liverpool,2,4,A
Newcastle,Man City,3,4,A
Brighton,West Ham,1,1,D
Burnley,Leeds,0,4,A
Southampton,Fulham,3,1,H
Crystal Palace,Aston Villa,3,2,H
Everton,Sheffield United,0,1,A
Tottenham,Wolves,2,0,H
West Brom,Liverpool,1,2,A
Brighton,Man City,3,2,H
Chelsea,Leicester,2,1,H
Man United,Fulham,1,1,D
Southampton,Leeds,0,2,A
Burnley,Liverpool,0,3,A
Crystal Palace,Arsenal,1,3,A
Everton,Wolves,1,0,H
Newcastle,Sheffield United,1,0,H
Tottenham,Aston Villa,1,2,A
West Brom,West Ham,1,3,A
Arsenal,Brighton,2,0,H
Aston Villa,Chelsea,2,1,H
Fulham,Newcastle,0,2,A
Leeds,West Brom,3,1,H
Leicester,Tottenham,2,4,A
Liverpool,Crystal Palace,2,0,H
Man City,Everton,5,0,H
Sheffield United,Burnley,1,0,H
West Ham,Southampton,3,0,H
Wolves,Man United,1,2,A
Brentford,Arsenal,2,0,H
Burnley,Brighton,1,2,A
Chelsea,Crystal Palace,3,0,H
Everton,Southampton,3,1,H
Leicester,Wolves,1,0,H
Man United,Leeds,5,1,H
Norwich,Liverpool,0,3,A
Watford,Aston Villa,3,2,H
Newcastle,West Ham,2,4,A
Tottenham,Man City,1,0,H
Aston Villa,Newcastle,2,0,H
Brighton,Watford,2,0,H
Crystal Palace,Brentford,0,0,D
Leeds,Everton,2,2,D
Liverpool,Burnley,2,0,H
Man City,Norwich,5,0,H
Arsenal,Chelsea,0,2,A
Southampton,Man United,1,1,D
Wolves,Tottenham,0,1,A
West Ham,Leicester,4,1,H
Aston Villa,Brentford,1,1,D
Brighton,Everton,0,2,A
Liverpool,Chelsea,1,1,D
Man City,Arsenal,5,0,H
Newcastle,Southampton,2,2,D
Norwich,Leicester,1,2,A
West Ham,Crystal Palace,2,2,D
Burnley,Leeds,1,1,D
Tottenham,Watford,1,0,H
Wolves,Man United,0,1,A
Arsenal,Norwich,1,0,H
Brentford,Brighton,0,1,A
Chelsea,Aston Villa,3,0,H
Crystal Palace,Tottenham,3,0,H
Leicester,Man City,0,1,A
Man United,Newcastle,4,1,H
Southampton,West Ham,0,0,D
Watford,Wolves,0,2,A
Leeds,Liverpool,0,3,A
Everton,Burnley,3,1,H
Newcastle,Leeds,1,1,D
Aston Villa,Everton,3,0,H
Burnley,Arsenal,0,1,A
Liverpool,Crystal Palace,3,0,H
Man City,Southampton,0,0,D
Norwich,Watford,1,3,A
Wolves,Brentford,0,2,A
Brighton,Leicester,2,1,H
Tottenham,Chelsea,0,3,A
West Ham,Man United,1,2,A
Brentford,Liverpool,3,3,D
Chelsea,Man City,0,1,A
Everton,Norwich,2,0,H
Leeds,West Ham,1,2,A
Leicester,Burnley,2,2,D
Man United,Aston Villa,0,1,A
Watford,Newcastle,1,1,D
Arsenal,Tottenham,3,1,H
Southampton,Wolves,0,1,A
Crystal Palace,Brighton,1,1,D
Brighton,Arsenal,0,0,D
Burnley,Norwich,0,0,D
Chelsea,Southampton,3,1,H
Leeds,Watford,1,0,H
Man United,Everton,1,1,D
Wolves,Newcastle,2,1,H
Crystal Palace,Leicester,2,2,D
Liverpool,Man City,2,2,D
Tottenham,Aston Villa,2,1,H
West Ham,Brentford,1,2,A
Aston Villa,Wolves,2,3,A
Brentford,Chelsea,0,1,A
Leicester,Man United,4,2,H
Man City,Burnley,2,0,H
Norwich,Brighton,0,0,D
Southampton,Leeds,1,0,H
Watford,Liverpool,0,5,A
Everton,West Ham,0,1,A
Newcastle,Tottenham,2,3,A
Arsenal,Crystal Palace,2,2,D
Arsenal,Aston Villa,3,1,H
Brighton,Man City,1,4,A
Chelsea,Norwich,7,0,H
Crystal Palace,Newcastle,1,1,D
Everton,Watford,2,5,A
Leeds,Wolves,1,1,D
Southampton,Burnley,2,2,D
Brentford,Leicester,1,2,A
Man United,Liverpool,0,5,A
West Ham,Tottenham,1,0,H
Burnley,Brentford,3,1,H
Leicester,Arsenal,0,2,A
Liverpool,Brighton,2,2,D
Man City,Crystal Palace,0,2,A
Newcastle,Chelsea,0,3,A
Tottenham,Man United,0,3,A
Watford,Southampton,0,1,A
Aston Villa,West Ham,1,4,A
Norwich,Leeds,1,2,A
Wolves,Everton,2,1,H
Southampton,Aston Villa,1,0,H
Brentford,Norwich,1,2,A
Brighton,Newcastle,1,1,D
Chelsea,Burnley,1,1,D
Crystal Palace,Wolves,2,0,H
Man United,Man City,0,2,A
Arsenal,Watford,1,0,H
Everton,Tottenham,0,0,D
Leeds,Leicester,1,1,D
West Ham,Liverpool,3,2,H
Aston Villa,Brighton,2,0,H
Burnley,Crystal Palace,3,3,D
Leicester,Chelsea,0,3,A
Liverpool,Arsenal,4,0,H
Newcastle,Brentford,3,3,D
Norwich,Southampton,2,1,H
Watford,Man United,4,1,H
Wolves,West Ham,1,0,H
Man City,Everton,3,0,H
Tottenham,Leeds,2,1,H
Arsenal,Newcastle,2,0,H
Brighton,Leeds,0,0,D
Crystal Palace,Aston Villa,1,2,A
Liverpool,Southampton,4,0,H
Norwich,Wolves,0,0,D
Brentford,Everton,1,0,H
Chelsea,Man United,1,1,D
Leicester,Watford,4,2,H
Man City,West Ham,2,1,H
Leeds,Crystal Palace,1,0,H
Newcastle,Norwich,1,1,D
Aston Villa,Man City,1,2,A
Everton,Liverpool,1,4,A
Southampton,Leicester,2,2,D
Watford,Chelsea,1,2,A
West Ham,Brighton,1,1,D
Wolves,Burnley,0,0,D
Man United,Arsenal,3,2,H
Tottenham,Brentford,2,0,H
Newcastle,Burnley,1,0,H
Southampton,Brighton,1,1,D
Watford,Man City,1,3,A
West Ham,Chelsea,3,2,H
Wolves,Liverpool,0,1,A
Aston Villa,Leicester,2,1,H
Leeds,Brentford,2,2,D
Man United,Crystal Palace,1,0,H
Tottenham,Norwich,3,0,H
Everton,Arsenal,2,1,H
Brentford,Watford,2,1,H
Arsenal,Southampton,3,0,H
Chelsea,Leeds,3,2,H
Liverpool,Aston Villa,1,0,H
Man City,Wolves,1,0,H
Norwich,Man United,0,1,A
Burnley,West Ham,0,0,D
Crystal Palace,Everton,3,1,H
Leicester,Newcastle,4,0,H
Man City,Leeds,7,0,H
Norwich,Aston Villa,0,2,A
Arsenal,West Ham,2,0,H
Brighton,Wolves,0,1,A
Crystal Palace,Southampton,2,2,D
Chelsea,Everton,1,1,D
Liverpool,Newcastle,3,1,H
Leeds,Arsenal,1,4,A
Newcastle,Man City,0,4,A
Tottenham,Liverpool,2,2,D
Wolves,Chelsea,0,0,D
Aston Villa,Chelsea,1,3,A
Brighton,Brentford,2,0,H
Man City,Leicester,6,3,H
Norwich,Arsenal,0,5,A
Tottenham,Crystal Palace,3,0,H
West Ham,Southampton,2,3,A
Newcastle,Man United,1,1,D
Crystal Palace,Norwich,3,0,H
Leicester,Liverpool,1,0,H
Southampton,Tottenham,1,1,D
Watford,West Ham,1,4,A
Brentford,Man City,0,1,A
Chelsea,Brighton,1,1,D
Man United,Burnley,3,1,H
Arsenal,Man City,1,2,A
Crystal Palace,West Ham,2,3,A
Watford,Tottenham,0,1,A
Brentford,Aston Villa,2,1,H
Chelsea,Liverpool,2,2,D
Everton,Brighton,2,3,A
Leeds,Burnley,3,1,H
Man United,Wolves,0,1,A
Southampton,Brentford,4,1,H
West Ham,Norwich,2,0,H
Brighton,Crystal Palace,1,1,D
Aston Villa,Man United,2,2,D
Man City,Chelsea,1,0,H
Newcastle,Watford,1,1,D
Norwich,Everton,2,1,H
Wolves,Southampton,3,1,H
Liverpool,Brentford,3,0,H
West Ham,Leeds,2,3,A
Brighton,Chelsea,1,1,D
Brentford,Man United,1,3,A
Leicester,Tottenham,2,3,A
Watford,Norwich,0,3,A
Brentford,Wolves,1,2,A
Everton,Aston Villa,0,1,A
Leeds,Newcastle,0,1,A
Man United,West Ham,1,0,H
Southampton,Man City,1,1,D
Arsenal,Burnley,0,0,D
Chelsea,Tottenham,2,0,H
Crystal Palace,Liverpool,1,3,A
Leicester,Brighton,1,1,D
Burnley,Watford,0,0,D
Burnley,Man United,1,1,D
Newcastle,Everton,3,1,H
West Ham,Watford,1,0,H
Aston Villa,Leeds,3,3,D
Man City,Brentford,2,0,H
Norwich,Crystal Palace,1,1,D
Tottenham,Southampton,2,3,A
Liverpool,Leicester,2,0,H
Wolves,Arsenal,0,1,A
Brentford,Crystal Palace,0,0,D
Everton,Leeds,3,0,H
Man United,Southampton,1,1,D
Norwich,Man City,0,4,A
Watford,Brighton,0,2,A
Burnley,Liverpool,0,1,A
Leicester,West Ham,2,2,D
Newcastle,Aston Villa,1,0,H
Tottenham,Wolves,0,2,A
Man United,Brighton,2,0,H
Arsenal,Brentford,2,1,H
Aston Villa,Watford,0,1,A
Brighton,Burnley,0,3,A
Crystal Palace,Chelsea,0,1,A
Liverpool,Norwich,3,1,H
Man City,Tottenham,2,3,A
Southampton,Everton,2,0,H
West Ham,Newcastle,1,1,D
Leeds,Man United,2,4,A
Wolves,Leicester,2,1,H
Burnley,Tottenham,1,0,H
Liverpool,Leeds,6,0,H
Watford,Crystal Palace,1,4,A
Arsenal,Wolves,2,1,H
Southampton,Norwich,2,0,H
Brentford,Newcastle,0,2,A
Brighton,Aston Villa,0,2,A
Crystal Palace,Burnley,1,1,D
Everton,Man City,0,1,A
Leeds,Tottenham,0,4,A
Man United,Watford,0,0,D
West Ham,Wolves,1,0,H
Burnley,Leicester,0,2,A
Aston Villa,Southampton,4,0,H
Burnley,Chelsea,0,4,A
Leicester,Leeds,1,0,H
Liverpool,West Ham,1,0,H
Newcastle,Brighton,2,1,H
Norwich,Brentford,1,3,A
Wolves,Crystal Palace,0,2,A
Man City,Man United,4,1,H
Watford,Arsenal,2,3,A
Tottenham,Everton,5,0,H
Leeds,Aston Villa,0,3,A
Norwich,Chelsea,1,3,A
Southampton,Newcastle,1,2,A
Wolves,Watford,4,0,H
Brentford,Burnley,2,0,H
Brighton,Liverpool,0,2,A
Man United,Tottenham,3,2,H
Arsenal,Leicester,2,0,H
Chelsea,Newcastle,1,0,H
Everton,Wolves,0,1,A
Leeds,Norwich,2,1,H
Southampton,Watford,1,2,A
West Ham,Aston Villa,2,1,H
Crystal Palace,Man City,0,0,D
Arsenal,Liverpool,0,2,A
Brighton,Tottenham,0,2,A
Everton,Newcastle,1,0,H
Wolves,Leeds,2,3,A
Aston Villa,Arsenal,0,1,A
Leicester,Brentford,2,1,H
Tottenham,West Ham,3,1,H
Brighton,Norwich,0,0,D
Burnley,Man City,0,2,A
Chelsea,Brentford,1,4,A
Leeds,Southampton,1,1,D
Liverpool,Watford,2,0,H
Man United,Leicester,1,1,D
Wolves,Aston Villa,2,1,H
Tottenham,Newcastle,5,1,H
West Ham,Everton,2,1,H
Crystal Palace,Arsenal,3,0,H
Burnley,Everton,3,2,H
Newcastle,Wolves,1,0,H
Arsenal,Brighton,1,2,A
Aston Villa,Tottenham,0,4,A
Everton,Man United,1,0,H
Southampton,Chelsea,0,6,A
Watford,Leeds,0,3,A
Brentford,West Ham,2,0,H
Leicester,Crystal Palace,2,1,H
Man City,Liverpool,2,2,D
Norwich,Burnley,2,0,H
Man United,Norwich,3,2,H
Southampton,Arsenal,1,0,H
Tottenham,Brighton,0,1,A
Watford,Brentford,1,2,A
Newcastle,Leicester,2,1,H
West Ham,Burnley,1,1,D
Liverpool,Man United,4,0,H
Chelsea,Arsenal,2,4,A
Everton,Leicester,1,1,D
Man City,Brighton,3,0,H
Newcastle,Crystal Palace,1,0,H
Burnley,Southampton,2,0,H
Arsenal,Man United,3,1,H
Brentford,Tottenham,0,0,D
Leicester,Aston Villa,0,0,D
Man City,Watford,5,1,H
Norwich,Newcastle,0,3,A
Brighton,Southampton,2,2,D
Burnley,Wolves,1,0,H
Chelsea,West Ham,1,0,H
Liverpool,Everton,2,0,H
Crystal Palace,Leeds,0,0,D
Man United,Chelsea,1,1,D
Aston Villa,Norwich,2,0,H
Leeds,Man City,0,4,A
Newcastle,Liverpool,0,1,A
Southampton,Crystal Palace,1,2,A
Watford,Burnley,1,2,A
Wolves,Brighton,0,3,A
Everton,Chelsea,1,0,H
Tottenham,Leicester,3,1,H
West Ham,Arsenal,1,2,A
Man United,Brentford,3,0,H
Brentford,Southampton,3,0,H
Brighton,Man United,4,0,H
Burnley,Aston Villa,1,3,A
Chelsea,Wolves,2,2,D
Crystal Palace,Watford,1,0,H
Liverpool,Tottenham,1,1,D
Arsenal,Leeds,2,1,H
Leicester,Everton,1,2,A
Man City,Newcastle,5,0,H
Norwich,West Ham,0,4,A
Aston Villa,Liverpool,1,2,A
Leeds,Chelsea,0,3,A
Leicester,Norwich,3,0,H
Watford,Everton,0,0,D
Wolves,Man City,1,5,A
Tottenham,Arsenal,3,0,H
Aston Villa,Crystal Palace,1,1,D
Everton,Brentford,2,3,A
Leeds,Brighton,1,1,D
Tottenham,Burnley,1,0,H
Watford,Leicester,1,5,A
West Ham,Man City,2,2,D
Wolves,Norwich,1,1,D
Newcastle,Arsenal,2,0,H
Southampton,Liverpool,1,2,A
Aston Villa,Burnley,1,1,D
Chelsea,Leicester,1,1,D
Everton,Crystal Palace,3,2,H
Arsenal,Everton,5,1,H
Brentford,Leeds,1,2,A
Brighton,West Ham,3,1,H
Burnley,Newcastle,1,2,A
Chelsea,Watford,2,1,H
Crystal Palace,Man United,1,0,H
Leicester,Southampton,4,1,H
Liverpool,Wolves,3,1,H
Man City,Aston Villa,3,2,H
Norwich,Tottenham,0,5,A
Crystal Palace,Arsenal,0,2,A
Bournemouth,Aston Villa,2,0,H
Everton,Chelsea,0,1,A
Fulham,Liverpool,2,2,D
Leeds,Wolves,2,1,H
Newcastle,Nott'm Forest,2,0,H
Tottenham,Southampton,4,1,H
Leicester,Brentford,2,2,D
Man United,Brighton,1,2,A
West Ham,Man City,0,2,A
Arsenal,Leicester,4,2,H
Aston Villa,Everton,2,1,H
Brentford,Man United,4,0,H
Brighton,Newcastle,0,0,D
Man City,Bournemouth,4,0,H
Southampton,Leeds,2,2,D
Wolves,Fulham,0,0,D
Chelsea,Tottenham,2,2,D
Nott'm Forest,West Ham,1,0,H
Liverpool,Crystal Palace,1,1,D
Bournemouth,Arsenal,0,3,A
Crystal Palace,Aston Villa,3,1,H
Everton,Nott'm Forest,1,1,D
Fulham,Brentford,3,2,H
Leicester,Southampton,1,2,A
Tottenham,Wolves,1,0,H
Leeds,Chelsea,3,0,H
Newcastle,Man City,3,3,D
West Ham,Brighton,0,2,A
Man United,Liverpool,2,1,H
Arsenal,Fulham,2,1,H
Brentford,Everton,1,1,D
Brighton,Leeds,1,0,H
Chelsea,Leicester,2,1,H
Liverpool,Bournemouth,9,0,H
Man City,Crystal Palace,4,2,H
Southampton,Man United,0,1,A
Aston Villa,West Ham,0,1,A
Nott'm Forest,Tottenham,0,2,A
Wolves,Newcastle,1,1,D
Crystal Palace,Brentford,1,1,D
Fulham,Brighton,2,1,H
Leeds,Everton,1,1,D
Southampton,Chelsea,2,1,H
Arsenal,Aston Villa,2,1,H
Bournemouth,Wolves,0,0,D
Liverpool,Newcastle,2,1,H
Man City,Nott'm Forest,6,0,H
West Ham,Tottenham,1,1,D
Leicester,Man United,0,1,A
Aston Villa,Man City,1,1,D
Brentford,Leeds,5,2,H
Chelsea,West Ham,2,1,H
Everton,Liverpool,0,0,D
Newcastle,Crystal Palace,0,0,D
Nott'm Forest,Bournemouth,2,3,A
Tottenham,Fulham,2,1,H
Wolves,Southampton,1,0,H
Brighton,Leicester,5,2,H
Man United,Arsenal,3,1,H
Aston Villa,Southampton,1,0,H
Nott'm Forest,Fulham,2,3,A
Newcastle,Bournemouth,1,1,D
Tottenham,Leicester,6,2,H
Wolves,Man City,0,3,A
Brentford,Arsenal,0,3,A
Everton,West Ham,1,0,H
Arsenal,Tottenham,3,1,H
Bournemouth,Brentford,0,0,D
Crystal Palace,Chelsea,1,2,A
Fulham,Newcastle,1,4,A
Liverpool,Brighton,3,3,D
Southampton,Everton,1,2,A
West Ham,Wolves,2,0,H
Leeds,Aston Villa,0,0,D
Man City,Man United,6,3,H
Leicester,Nott'm Forest,4,0,H
Bournemouth,Leicester,2,1,H
Brighton,Tottenham,0,1,A
Chelsea,Wolves,3,0,H
Man City,Southampton,4,0,H
Newcastle,Brentford,5,1,H
Arsenal,Liverpool,3,2,H
Crystal Palace,Leeds,2,1,H
Everton,Man United,1,2,A
West Ham,Fulham,3,1,H
Nott'm Forest,Aston Villa,1,1,D
Brentford,Brighton,2,0,H
Fulham,Bournemouth,2,2,D
Leicester,Crystal Palace,0,0,D
Tottenham,Everton,2,0,H
Wolves,Nott'm Forest,1,0,H
Aston Villa,Chelsea,0,2,A
Leeds,Arsenal,0,1,A
Liverpool,Man City,1,0,H
Man United,Newcastle,0,0,D
Southampton,West Ham,1,1,D
Brighton,Nott'm Forest,0,0,D
Crystal Palace,Wolves,2,1,H
Bournemouth,Southampton,0,1,A
Brentford,Chelsea,0,0,D
Liverpool,West Ham,1,0,H
Man United,Tottenham,2,0,H
Newcastle,Everton,1,0,H
Fulham,Aston Villa,3,0,H
Leicester,Leeds,2,0,H
Chelsea,Man United,1,1,D
Everton,Crystal Palace,3,0,H
Man City,Brighton,3,1,H
Nott'm Forest,Liverpool,1,0,H
Aston Villa,Brentford,4,0,H
Leeds,Fulham,2,3,A
Southampton,Arsenal,1,1,D
Tottenham,Newcastle,1,2,A
Wolves,Leicester,0,4,A
West Ham,Bournemouth,2,0,H
Bournemouth,Tottenham,2,3,A
Brentford,Wolves,1,1,D
Brighton,Chelsea,4,1,H
Crystal Palace,Southampton,1,0,H
Fulham,Everton,0,0,D
Leicester,Man City,0,1,A
Liverpool,Leeds,1,2,A
Newcastle,Aston Villa,4,0,H
Arsenal,Nott'm Forest,5,0,H
Man United,West Ham,1,0,H
Everton,Leicester,0,2,A
Leeds,Bournemouth,4,3,H
Man City,Fulham,2,1,H
Nott'm Forest,Brentford,2,2,D
Wolves,Brighton,2,3,A
Aston Villa,Man United,3,1,H
Chelsea,Arsenal,0,1,A
Southampton,Newcastle,1,4,A
Tottenham,Liverpool,1,2,A
West Ham,Crystal Palace,1,2,A
Bournemouth,Everton,3,0,H
Liverpool,Southampton,3,1,H
Man City,Brentford,1,2,A
Newcastle,Chelsea,1,0,H
Nott'm Forest,Crystal Palace,1,0,H
Tottenham,Leeds,4,3,H
West Ham,Leicester,0,2,A
Wolves,Arsenal,0,2,A
Brighton,Aston Villa,1,2,A
Fulham,Man United,1,2,A
Arsenal,West Ham,3,1,H
Aston Villa,Liverpool,1,3,A
Brentford,Tottenham,2,2,D
Crystal Palace,Fulham,0,3,A
Everton,Wolves,1,2,A
Leicester,Newcastle,0,3,A
Southampton,Brighton,1,3,A
Chelsea,Bournemouth,2,0,H
Man United,Nott'm Forest,3,0,H
Leeds,Man City,1,3,A
Liverpool,Leicester,2,1,H
West Ham,Brentford,0,2,A
Bournemouth,Crystal Palace,0,2,A
Brighton,Arsenal,2,4,A
Fulham,Southampton,2,1,H
Man City,Everton,1,1,D
Newcastle,Leeds,0,0,D
Wolves,Man United,0,1,A
Nott'm Forest,Chelsea,1,1,D
Tottenham,Aston Villa,0,2,A
Brentford,Liverpool,3,1,H
Arsenal,Newcastle,0,0,D
Everton,Brighton,1,4,A
Leicester,Fulham,0,1,A
Man United,Bournemouth,3,0,H
Aston Villa,Wolves,1,1,D
Crystal Palace,Tottenham,0,4,A
Leeds,West Ham,2,2,D
Southampton,Nott'm Forest,0,1,A
Chelsea,Man City,0,1,A
Fulham,Chelsea,2,1,H
Aston Villa,Leeds,2,1,H
Brentford,Bournemouth,2,0,H
Brighton,Liverpool,3,0,H
Everton,Southampton,1,2,A
Man United,Man City,2,1,H
Nott'm Forest,Leicester,2,0,H
Wolves,West Ham,1,0,H
Chelsea,Crystal Palace,1,0,H
Newcastle,Fulham,1,0,H
Tottenham,Arsenal,0,2,A
Crystal Palace,Man United,1,1,D
Man City,Tottenham,4,2,H
Bournemouth,Nott'm Forest,1,1,D
Crystal Palace,Newcastle,0,0,D
Leicester,Brighton,2,2,D
Liverpool,Chelsea,0,0,D
Southampton,Aston Villa,0,1,A
West Ham,Everton,2,0,H
Arsenal,Man United,3,2,H
Leeds,Brentford,0,0,D
Man City,Wolves,3,0,H
Fulham,Tottenham,0,1,A
Chelsea,Fulham,0,0,D
Aston Villa,Leicester,2,4,A
Brentford,Southampton,3,0,H
Brighton,Bournemouth,1,0,H
Everton,Arsenal,1,0,H
Man United,Crystal Palace,2,1,H
Newcastle,West Ham,1,1,D
Wolves,Liverpool,3,0,H
Nott'm Forest,Leeds,1,0,H
Tottenham,Man City,1,0,H
Man United,Leeds,2,2,D
Arsenal,Brentford,1,1,D
Bournemouth,Newcastle,1,1,D
Crystal Palace,Brighton,1,1,D
Fulham,Nott'm Forest,2,0,H
Leicester,Tottenham,4,1,H
Southampton,Wolves,1,2,A
West Ham,Chelsea,1,1,D
Leeds,Man United,0,2,A
Man City,Aston Villa,3,1,H
Liverpool,Everton,2,0,H
Arsenal,Man City,1,3,A
Aston Villa,Arsenal,2,4,A
Brentford,Crystal Palace,1,1,D
Brighton,Fulham,0,1,A
Chelsea,Southampton,0,1,A
Everton,Leeds,1,0,H
Newcastle,Liverpool,0,2,A
Nott'm Forest,Man City,1,1,D
Wolves,Bournemouth,0,1,A
Man United,Leicester,3,0,H
Tottenham,West Ham,2,0,H
Fulham,Wolves,1,1,D
Bournemouth,Man City,1,4,A
Crystal Palace,Liverpool,0,0,D
Everton,Aston Villa,0,2,A
Leeds,Southampton,1,0,H
Leicester,Arsenal,0,1,A
West Ham,Nott'm Forest,4,0,H
Tottenham,Chelsea,2,0,H
Arsenal,Everton,4,0,H
Liverpool,Wolves,2,0,H
Arsenal,Bournemouth,3,2,H
Aston Villa,Crystal Palace,1,0,H
Brighton,West Ham,4,0,H
Chelsea,Leeds,1,0,H
Man City,Newcastle,2,0,H
Southampton,Leicester,1,0,H
Wolves,Tottenham,1,0,H
Liverpool,Man United,7,0,H
Nott'm Forest,Everton,2,2,D
Brentford,Fulham,3,2,H
Bournemouth,Liverpool,1,0,H
Crystal Palace,Man City,0,1,A
Everton,Brentford,1,0,H
Leeds,Brighton,2,2,D
Leicester,Chelsea,1,3,A
Tottenham,Nott'm Forest,3,1,H
Fulham,Arsenal,0,3,A
Man United,Southampton,0,0,D
Newcastle,Wolves,2,1,H
West Ham,Aston Villa,1,1,D
Brighton,Crystal Palace,1,0,H
Southampton,Brentford,0,2,A
Nott'm Forest,Newcastle,1,2,A
Aston Villa,Bournemouth,3,0,H
Brentford,Leicester,1,1,D
Chelsea,Everton,2,2,D
Southampton,Tottenham,3,3,D
Wolves,Leeds,2,4,A
Arsenal,Crystal Palace,4,1,H
Arsenal,Leeds,4,1,H
Bournemouth,Fulham,2,1,H
Brighton,Brentford,3,3,D
Chelsea,Aston Villa,0,2,A
Crystal Palace,Leicester,2,1,H
Man City,Liverpool,4,1,H
Nott'm Forest,Wolves,1,1,D
Newcastle,Man United,2,0,H
West Ham,Southampton,1,0,H
Everton,Tottenham,1,1,D
Bournemouth,Brighton,0,2,A
Chelsea,Liverpool,0,0,D
Leeds,Nott'm Forest,2,1,H
Leicester,Aston Villa,1,2,A
Man United,Brentford,1,0,H
West Ham,Newcastle,1,5,A
Aston Villa,Nott'm Forest,2,0,H
Brentford,Newcastle,1,2,A
Fulham,West Ham,0,1,A
Leicester,Bournemouth,0,1,A
Man United,Everton,2,0,H
Southampton,Man City,1,4,A
Tottenham,Brighton,2,1,H
Wolves,Chelsea,1,0,H
Leeds,Crystal Palace,1,5,A
Liverpool,Arsenal,2,2,D
Aston Villa,Newcastle,3,0,H
Chelsea,Brighton,1,2,A
Everton,Fulham,1,3,A
Man City,Leicester,3,1,H
Southampton,Crystal Palace,0,2,A
Tottenham,Bournemouth,2,3,A
Wolves,Brentford,2,0,H
Nott'm Forest,Man United,0,2,A
West Ham,Arsenal,2,2,D
Leeds,Liverpool,1,6,A
Arsenal,Southampton,3,3,D
Brentford,Aston Villa,1,1,D
Crystal Palace,Everton,0,0,D
Fulham,Leeds,2,1,H
Leicester,Wolves,2,1,H
Liverpool,Nott'm Forest,3,2,H
Bournemouth,West Ham,0,4,A
Newcastle,Tottenham,6,1,H
Aston Villa,Fulham,1,0,H
Leeds,Leicester,1,1,D
Wolves,Crystal Palace,2,0,H
Chelsea,Brentford,0,2,A
Man City,Arsenal,4,1,H
Nott'm Forest,Brighton,3,1,H
West Ham,Liverpool,1,2,A
Everton,Newcastle,1,4,A
Southampton,Bournemouth,0,1,A
Tottenham,Man United,2,2,D
Brentford,Nott'm Forest,2,1,H
Brighton,Wolves,6,0,H
Crystal Palace,West Ham,4,3,H
Bournemouth,Leeds,4,1,H
Fulham,Man City,1,2,A
Liverpool,Tottenham,4,3,H
Man United,Aston Villa,1,0,H
Newcastle,Southampton,3,1,H
Leicester,Everton,2,2,D
Arsenal,Chelsea,3,1,H
Liverpool,Fulham,1,0,H
Man City,West Ham,3,0,H
Brighton,Man United,1,0,H
Bournemouth,Chelsea,1,3,A
Liverpool,Brentford,1,0,H
Man City,Leeds,2,1,H
Tottenham,Crystal Palace,1,0,H
Wolves,Aston Villa,1,0,H
Newcastle,Arsenal,0,2,A
West Ham,Man United,1,0,H
Brighton,Everton,1,5,A
Fulham,Leicester,5,3,H
Nott'm Forest,Southampton,4,3,H
Aston Villa,Tottenham,2,1,H
Chelsea,Nott'm Forest,2,2,D
Crystal Palace,Bournemouth,2,0,H
Leeds,Newcastle,2,2,D
Man United,Wolves,2,0,H
Southampton,Fulham,0,2,A
Arsenal,Brighton,0,3,A
Brentford,West Ham,2,0,H
Everton,Man City,0,3,A
Leicester,Liverpool,0,3,A
Newcastle,Brighton,4,1,H
Bournemouth,Man United,0,1,A
Fulham,Crystal Palace,2,2,D
Liverpool,Aston Villa,1,1,D
Nott'm Forest,Arsenal,1,0,H
Tottenham,Brentford,1,3,A
Wolves,Everton,1,1,D
Brighton,Southampton,3,1,H
Man City,Chelsea,1,0,H
West Ham,Leeds,3,1,H
Newcastle,Leicester,0,0,D
Brighton,Man City,1,1,D
Man United,Chelsea,4,1,H
Arsenal,Wolves,5,0,H
Aston Villa,Brighton,2,1,H
Brentford,Man City,1,0,H
Chelsea,Newcastle,1,1,D
Crystal Palace,Nott'm Forest,1,1,D
Everton,Bournemouth,1,0,H
Leeds,Tottenham,1,4,A
Leicester,West Ham,2,1,H
Man United,Fulham,2,1,H
Southampton,Liverpool,4,4,D
Burnley,Man City,0,3,A
Arsenal,Nott'm Forest,2,1,H
Bournemouth,West Ham,1,1,D
Brighton,Luton,4,1,H
Everton,Fulham,0,1,A
Newcastle,Aston Villa,5,1,H
Sheffield United,Crystal Palace,0,1,A
Brentford,Tottenham,2,2,D
Chelsea,Liverpool,1,1,D
Man United,Wolves,1,0,H
Nott'm Forest,Sheffield United,2,1,H
Fulham,Brentford,0,3,A
Liverpool,Bournemouth,3,1,H
Man City,Newcastle,1,0,H
Tottenham,Man United,2,0,H
Wolves,Brighton,1,4,A
Aston Villa,Everton,4,0,H
West Ham,Chelsea,3,1,H
Crystal Palace,Arsenal,0,1,A
Chelsea,Luton,3,0,H
Arsenal,Fulham,2,2,D
Bournemouth,Tottenham,0,2,A
Brentford,Crystal Palace,1,1,D
Brighton,West Ham,1,3,A
Everton,Wolves,0,1,A
Man United,Nott'm Forest,3,2,H
Burnley,Aston Villa,1,3,A
Newcastle,Liverpool,1,2,A
Sheffield United,Man City,1,2,A
Luton,West Ham,1,2,A
Brentford,Bournemouth,2,2,D
Brighton,Newcastle,3,1,H
Burnley,Tottenham,2,5,A
Chelsea,Nott'm Forest,0,1,A
Man City,Fulham,5,1,H
Sheffield United,Everton,2,2,D
Arsenal,Man United,3,1,H
Crystal Palace,Wolves,3,2,H
Liverpool,Aston Villa,3,0,H
Aston Villa,Crystal Palace,3,1,H
Fulham,Luton,1,0,H
Man United,Brighton,1,3,A
Newcastle,Brentford,1,0,H
Tottenham,Sheffield United,2,1,H
West Ham,Man City,1,3,A
Wolves,Liverpool,1,3,A
Bournemouth,Chelsea,0,0,D
Everton,Arsenal,0,1,A
Nott'm Forest,Burnley,1,1,D
Brentford,Everton,1,3,A
Burnley,Man United,0,1,A
Crystal Palace,Fulham,0,0,D
Luton,Wolves,1,1,D
Man City,Nott'm Forest,2,0,H
Arsenal,Tottenham,2,2,D
Brighton,Bournemouth,3,1,H
Chelsea,Aston Villa,0,1,A
Liverpool,West Ham,3,1,H
Sheffield United,Newcastle,0,8,A
Aston Villa,Brighton,6,1,H
Bournemouth,Arsenal,0,4,A
Everton,Luton,1,2,A
Man United,Crystal Palace,0,1,A
Newcastle,Burnley,2,0,H
Tottenham,Liverpool,2,1,H
West Ham,Sheffield United,2,0,H
Wolves,Man City,2,1,H
Nott'm Forest,Brentford,1,1,D
Fulham,Chelsea,0,2,A
Luton,Burnley,1,2,A
Burnley,Chelsea,1,4,A
Crystal Palace,Nott'm Forest,0,0,D
Everton,Bournemouth,3,0,H
Fulham,Sheffield United,3,1,H
Luton,Tottenham,0,1,A
Man United,Brentford,2,1,H
Arsenal,Man City,1,0,H
Brighton,Liverpool,2,2,D
West Ham,Newcastle,2,2,D
Wolves,Aston Villa,1,1,D
Bournemouth,Wolves,1,2,A
Brentford,Burnley,3,0,H
Chelsea,Arsenal,2,2,D
Liverpool,Everton,2,0,H
Man City,Brighton,2,1,H
Newcastle,Crystal Palace,4,0,H
Nott'm Forest,Luton,2,2,D
Sheffield United,Man United,1,2,A
Aston Villa,West Ham,4,1,H
Tottenham,Fulham,2,0,H
Crystal Palace,Tottenham,1,2,A
Arsenal,Sheffield United,5,0,H
Bournemouth,Burnley,2,1,H
Chelsea,Brentford,0,2,A
Wolves,Newcastle,2,2,D
Aston Villa,Luton,3,1,H
Brighton,Fulham,1,1,D
Liverpool,Nott'm Forest,3,0,H
Man United,Man City,0,3,A
West Ham,Everton,0,1,A
Brentford,West Ham,3,2,H
Burnley,Crystal Palace,0,2,A
Everton,Brighton,1,1,D
Fulham,Man United,0,1,A
Man City,Bournemouth,6,1,H
Newcastle,Arsenal,1,0,H
Sheffield United,Wolves,2,1,H
Luton,Liverpool,1,1,D
Nott'm Forest,Aston Villa,2,0,H
Tottenham,Chelsea,1,4,A
Arsenal,Burnley,3,1,H
Bournemouth,Newcastle,2,0,H
Crystal Palace,Everton,2,3,A
Man United,Luton,1,0,H
Wolves,Tottenham,2,1,H
Aston Villa,Fulham,3,1,H
Brighton,Sheffield United,1,1,D
Chelsea,Man City,4,4,D
Liverpool,Brentford,3,0,H
West Ham,Nott'm Forest,3,2,H
Brentford,Arsenal,0,1,A
Burnley,West Ham,1,2,A
Luton,Crystal Palace,2,1,H
Man City,Liverpool,1,1,D
Newcastle,Chelsea,4,1,H
Nott'm Forest,Brighton,2,3,A
Sheffield United,Bournemouth,1,3,A
Everton,Man United,0,3,A
Tottenham,Aston Villa,1,2,A
Fulham,Wolves,3,2,H
Arsenal,Wolves,2,1,H
Brentford,Luton,3,1,H
Burnley,Sheffield United,5,0,H
Newcastle,Man United,1,0,H
Nott'm Forest,Everton,0,1,A
Bournemouth,Aston Villa,2,2,D
Chelsea,Brighton,3,2,H
Liverpool,Fulham,4,3,H
Man City,Tottenham,3,3,D
West Ham,Crystal Palace,1,1,D
Luton,Arsenal,3,4,A
Wolves,Burnley,1,0,H
Aston Villa,Man City,1,0,H
Brighton,Brentford,2,1,H
Crystal Palace,Bournemouth,0,2,A
Fulham,Nott'm Forest,5,0,H
Man United,Chelsea,2,1,H
Sheffield United,Liverpool,0,2,A
Everton,Newcastle,3,0,H
Tottenham,West Ham,1,2,A
Aston Villa,Arsenal,1,0,H
Brighton,Burnley,1,1,D
Crystal Palace,Liverpool,1,2,A
Man United,Bournemouth,0,3,A
Sheffield United,Brentford,1,0,H
Wolves,Nott'm Forest,1,1,D
Everton,Chelsea,2,0,H
Fulham,West Ham,5,0,H
Luton,Man City,1,2,A
Tottenham,Newcastle,4,1,H
Nott'm Forest,Tottenham,0,2,A
Burnley,Everton,0,2,A
Chelsea,Sheffield United,2,0,H
Man City,Crystal Palace,2,2,D
Newcastle,Fulham,3,0,H
Arsenal,Brighton,2,0,H
Brentford,Aston Villa,1,2,A
Liverpool,Man United,0,0,D
West Ham,Wolves,3,0,H
Crystal Palace,Brighton,1,1,D
Aston Villa,Sheffield United,1,1,D
Fulham,Burnley,0,2,A
Liverpool,Arsenal,1,1,D
Luton,Newcastle,1,0,H
Nott'm Forest,Bournemouth,2,3,A
Tottenham,Everton,2,1,H
West Ham,Man United,2,0,H
Wolves,Chelsea,2,1,H
Bournemouth,Fulham,3,0,H
Burnley,Liverpool,0,2,A
Man United,Aston Villa,3,2,H
Newcastle,Nott'm Forest,1,3,A
Sheffield United,Luton,2,3,A
Brentford,Wolves,1,4,A
Chelsea,Crystal Palace,2,1,H
Everton,Man City,1,3,A
Arsenal,West Ham,0,2,A
Brighton,Tottenham,4,2,H
Aston Villa,Burnley,3,2,H
Crystal Palace,Brentford,3,1,H
Luton,Chelsea,2,3,A
Man City,Sheffield United,2,0,H
Nott'm Forest,Man United,2,1,H
Wolves,Everton,3,0,H
Fulham,Arsenal,2,1,H
Tottenham,Bournemouth,3,1,H
Liverpool,Newcastle,4,2,H
West Ham,Brighton,0,0,D
Burnley,Luton,1,1,D
Chelsea,Fulham,1,0,H
Newcastle,Man City,2,3,A
Everton,Aston Villa,0,0,D
Man United,Tottenham,2,2,D
Arsenal,Crystal Palace,5,0,H
Brentford,Nott'm Forest,3,2,H
Bournemouth,Liverpool,0,4,A
Sheffield United,West Ham,2,2,D
Brighton,Wolves,0,0,D
Aston Villa,Newcastle,1,3,A
Crystal Palace,Sheffield United,3,2,H
Fulham,Everton,0,0,D
Luton,Brighton,4,0,H
Nott'm Forest,Arsenal,1,2,A
Liverpool,Chelsea,4,1,H
Man City,Burnley,3,1,H
Tottenham,Brentford,3,2,H
West Ham,Bournemouth,1,1,D
Wolves,Man United,3,4,A
Brighton,Crystal Palace,4,1,H
Burnley,Fulham,2,2,D
Everton,Tottenham,2,2,D
Newcastle,Luton,4,4,D
Sheffield United,Aston Villa,0,5,A
Arsenal,Liverpool,3,1,H
Bournemouth,Nott'm Forest,1,1,D
Chelsea,Wolves,2,4,A
Man United,West Ham,3,0,H
Brentford,Man City,1,3,A
Fulham,Bournemouth,3,1,H
Liverpool,Burnley,3,1,H
Luton,Sheffield United,1,3,A
Man City,Everton,2,0,H
Nott'm Forest,Newcastle,2,3,A
Tottenham,Brighton,2,1,H
Wolves,Brentford,0,2,A
Aston Villa,Man United,1,2,A
West Ham,Arsenal,0,6,A
Crystal Palace,Chelsea,1,3,A
Brentford,Liverpool,1,4,A
Burnley,Arsenal,0,5,A
Fulham,Aston Villa,1,2,A
Man City,Chelsea,1,1,D
Newcastle,Bournemouth,2,2,D
Nott'm Forest,West Ham,2,0,H
Tottenham,Wolves,1,2,A
Luton,Man United,1,2,A
Sheffield United,Brighton,0,5,A
Everton,Crystal Palace,1,1,D
Man City,Brentford,1,0,H
Liverpool,Luton,4,1,H
Arsenal,Newcastle,4,1,H
Aston Villa,Nott'm Forest,4,2,H
Bournemouth,Man City,0,1,A
Brighton,Everton,1,1,D
Crystal Palace,Burnley,3,0,H
Man United,Fulham,1,2,A
Wolves,Sheffield United,1,0,H
West Ham,Brentford,4,2,H
Brentford,Chelsea,2,2,D
Everton,West Ham,1,3,A
Fulham,Brighton,3,0,H
Luton,Aston Villa,2,3,A
Newcastle,Wolves,3,0,H
Nott'm Forest,Liverpool,0,1,A
Tottenham,Crystal Palace,3,1,H
Burnley,Bournemouth,0,2,A
Man City,Man United,3,1,H
Sheffield United,Arsenal,0,6,A
Arsenal,Brentford,2,1,H
Bournemouth,Sheffield United,2,2,D
Crystal Palace,Luton,1,1,D
Man United,Everton,2,0,H
Wolves,Fulham,2,1,H
Aston Villa,Tottenham,0,4,A
Brighton,Nott'm Forest,1,0,H
Liverpool,Man City,1,1,D
West Ham,Burnley,2,2,D
Chelsea,Newcastle,3,2,H
Bournemouth,Luton,4,3,H
Burnley,Brentford,2,1,H
Fulham,Tottenham,3,0,H
Luton,Nott'm Forest,1,1,D
West Ham,Aston Villa,1,1,D
Aston Villa,Wolves,2,0,H
Bournemouth,Everton,2,1,H
Brentford,Man United,1,1,D
Chelsea,Burnley,2,2,D
Newcastle,West Ham,4,3,H
Nott'm Forest,Crystal Palace,1,1,D
Sheffield United,Fulham,3,3,D
Tottenham,Luton,2,1,H
Liverpool,Brighton,2,1,H
Man City,Arsenal,0,0,D
Bournemouth,Crystal Palace,1,0,H
Burnley,Wolves,1,1,D
Newcastle,Everton,1,1,D
Nott'm Forest,Fulham,3,1,H
West Ham,Tottenham,1,1,D
Arsenal,Luton,2,0,H
Brentford,Brighton,0,0,D
Man City,Aston Villa,4,1,H
Chelsea,Man United,4,3,H
Liverpool,Sheffield United,3,1,H
Aston Villa,Brentford,3,3,D
Brighton,Arsenal,0,3,A
Crystal Palace,Man City,2,4,A
Everton,Burnley,1,0,H
Fulham,Newcastle,0,1,A
Luton,Bournemouth,2,1,H
Wolves,West Ham,1,2,A
Man United,Liverpool,2,2,D
Sheffield United,Chelsea,2,2,D
Tottenham,Nott'm Forest,3,1,H
Bournemouth,Man United,2,2,D
Brentford,Sheffield United,2,0,H
Burnley,Brighton,1,1,D
Man City,Luton,5,1,H
Newcastle,Tottenham,4,0,H
Nott'm Forest,Wolves,2,2,D
Arsenal,Aston Villa,0,2,A
Liverpool,Crystal Palace,0,1,A
West Ham,Fulham,0,2,A
Chelsea,Everton,6,0,H
Luton,Brentford,1,5,A
Sheffield United,Burnley,1,4,A
Wolves,Arsenal,0,2,A
Aston Villa,Bournemouth,3,1,H
Crystal Palace,West Ham,5,2,H
Everton,Nott'm Forest,2,0,H
Fulham,Liverpool,1,3,A
Arsenal,Chelsea,5,0,H
Crystal Palace,Newcastle,2,0,H
Everton,Liverpool,2,0,H
Man United,Sheffield United,4,2,H
Wolves,Bournemouth,0,1,A
Brighton,Man City,0,4,A
Aston Villa,Chelsea,2,2,D
Everton,Brentford,1,0,H
Fulham,Crystal Palace,1,1,D
Man United,Burnley,1,1,D
Newcastle,Sheffield United,5,1,H
West Ham,Liverpool,2,2,D
Wolves,Luton,2,1,H
Bournemouth,Brighton,3,0,H
Nott'm Forest,Man City,0,2,A
Tottenham,Arsenal,2,3,A
Chelsea,Tottenham,2,0,H
Luton,Everton,1,1,D
Arsenal,Bournemouth,3,0,H
Brentford,Fulham,0,0,D
Burnley,Newcastle,1,4,A
Man City,Wolves,5,1,H
Sheffield United,Nott'm Forest,1,3,A
Brighton,Aston Villa,1,0,H
Chelsea,West Ham,5,0,H
Liverpool,Tottenham,4,2,H
Crystal Palace,Man United,4,0,H
Bournemouth,Brentford,1,2,A
Everton,Sheffield United,1,0,H
Fulham,Man City,0,4,A
Newcastle,Brighton,1,1,D
Nott'm Forest,Chelsea,2,3,A
Tottenham,Burnley,2,1,H
West Ham,Luton,3,1,H
Wolves,Crystal Palace,1,3,A
Man United,Arsenal,0,1,A
Aston Villa,Liverpool,3,3,D
Tottenham,Man City,0,2,A
Brighton,Chelsea,1,2,A
Man United,Newcastle,3,2,H
Arsenal,Everton,2,1,H
Brentford,Newcastle,2,4,A
Brighton,Man United,0,2,A
Burnley,Nott'm Forest,1,2,A
Chelsea,Bournemouth,2,1,H
Crystal Palace,Aston Villa,5,0,H
Liverpool,Wolves,2,0,H
Luton,Fulham,2,4,A
Man City,West Ham,3,1,H
Sheffield United,Tottenham,0,3,A
Man United,Fulham,1,0,H
Arsenal,Wolves,2,0,H
Everton,Brighton,0,3,A
Ipswich,Liverpool,0,2,A
Newcastle,Southampton,1,0,H
Nott'm Forest,Bournemouth,1,1,D
West Ham,Aston Villa,1,2,A
Brentford,Crystal Palace,2,1,H
Chelsea,Man City,0,2,A
Leicester,Tottenham,1,1,D
Aston Villa,Arsenal,0,2,A
Brighton,Man United,2,1,H
Crystal Palace,West Ham,0,2,A
Fulham,Leicester,2,1,H
Man City,Ipswich,4,1,H
Southampton,Nott'm Forest,0,1,A
Tottenham,Everton,4,0,H
Bournemouth,Newcastle,1,1,D
Liverpool,Brentford,2,0,H
Wolves,Chelsea,2,6,A
Arsenal,Brighton,1,1,D
Brentford,Southampton,3,1,H
Everton,Bournemouth,2,3,A
Ipswich,Fulham,1,1,D
Leicester,Aston Villa,1,2,A
Nott'm Forest,Wolves,1,1,D
West Ham,Man City,1,3,A
Chelsea,Crystal Palace,1,1,D
Man United,Liverpool,0,3,A
Newcastle,Tottenham,2,1,H
Aston Villa,Everton,3,2,H
Bournemouth,Chelsea,0,1,A
Brighton,Ipswich,0,0,D
Crystal Palace,Leicester,2,2,D
Fulham,West Ham,1,1,D
Liverpool,Nott'm Forest,0,1,A
Man City,Brentford,2,1,H
Southampton,Man United,0,3,A
Tottenham,Arsenal,0,1,A
Wolves,Newcastle,1,2,A
Aston Villa,Wolves,3,1,H
Crystal Palace,Man United,0,0,D
Fulham,Newcastle,3,1,H
Leicester,Everton,1,1,D
Liverpool,Bournemouth,3,0,H
Southampton,Ipswich,1,1,D
Tottenham,Brentford,3,1,H
West Ham,Chelsea,0,3,A
Brighton,Nott'm Forest,2,2,D
Man City,Arsenal,2,2,D
Arsenal,Leicester,4,2,H
Brentford,West Ham,1,1,D
Chelsea,Brighton,4,2,H
Everton,Crystal Palace,2,1,H
Newcastle,Man City,1,1,D
Nott'm Forest,Fulham,0,1,A
Wolves,Liverpool,1,2,A
Ipswich,Aston Villa,2,2,D
Man United,Tottenham,0,3,A
Bournemouth,Southampton,3,1,H
Arsenal,Southampton,3,1,H
Brentford,Wolves,5,3,H
Crystal Palace,Liverpool,0,1,A
Everton,Newcastle,0,0,D
Leicester,Bournemouth,1,0,H
Man City,Fulham,3,2,H
West Ham,Ipswich,4,1,H
Aston Villa,Man United,0,0,D
Brighton,Tottenham,3,2,H
Chelsea,Nott'm Forest,1,1,D
Bournemouth,Arsenal,2,0,H
Fulham,Aston Villa,1,3,A
Ipswich,Everton,0,2,A
Man United,Brentford,2,1,H
Newcastle,Brighton,0,1,A
Southampton,Leicester,2,3,A
Tottenham,West Ham,4,1,H
Liverpool,Chelsea,2,1,H
Wolves,Man City,1,2,A
Nott'm Forest,Crystal Palace,1,0,H
Leicester,Nott'm Forest,1,3,A
Aston Villa,Bournemouth,1,1,D
Brentford,Ipswich,4,3,H
Brighton,Wolves,2,2,D
Everton,Fulham,1,1,D
Man City,Southampton,1,0,H
Arsenal,Liverpool,2,2,D
Chelsea,Newcastle,2,1,H
Crystal Palace,Tottenham,1,0,H
West Ham,Man United,2,1,H
Bournemouth,Man City,2,1,H
Ipswich,Leicester,1,1,D
Liverpool,Brighton,2,1,H
Newcastle,Arsenal,1,0,H
Nott'm Forest,West Ham,3,0,H
Southampton,Everton,1,0,H
Wolves,Crystal Palace,2,2,D
Man United,Chelsea,1,1,D
Tottenham,Aston Villa,4,1,H
Fulham,Brentford,2,1,H
Brentford,Bournemouth,3,2,H
Brighton,Man City,2,1,H
Crystal Palace,Fulham,0,2,A
Liverpool,Aston Villa,2,0,H
West Ham,Everton,0,0,D
Wolves,Southampton,2,0,H
Chelsea,Arsenal,1,1,D
Man United,Leicester,3,0,H
Nott'm Forest,Newcastle,1,3,A
Tottenham,Ipswich,1,2,A
Arsenal,Nott'm Forest,3,0,H
Aston Villa,Crystal Palace,2,2,D
Bournemouth,Brighton,1,2,A
Everton,Brentford,0,0,D
Fulham,Wolves,1,4,A
Leicester,Chelsea,1,2,A
Man City,Tottenham,0,4,A
Ipswich,Man United,1,1,D
Southampton,Liverpool,2,3,A
Newcastle,West Ham,0,2,A
Brighton,Southampton,1,1,D
Brentford,Leicester,4,1,H
Crystal Palace,Newcastle,1,1,D
Nott'm Forest,Ipswich,1,0,H
West Ham,Arsenal,2,5,A
Wolves,Bournemouth,2,4,A
Chelsea,Aston Villa,3,0,H
Liverpool,Man City,2,0,H
Man United,Everton,4,0,H
Tottenham,Fulham,1,1,D
Ipswich,Crystal Palace,0,1,A
Leicester,West Ham,3,1,H
Arsenal,Man United,2,0,H
Aston Villa,Brentford,3,1,H
Everton,Wolves,4,0,H
Man City,Nott'm Forest,3,0,H
Newcastle,Liverpool,3,3,D
Southampton,Chelsea,1,5,A
Bournemouth,Tottenham,1,0,H
Fulham,Brighton,3,1,H
Aston Villa,Southampton,1,0,H
Brentford,Newcastle,4,2,H
Crystal Palace,Man City,2,2,D
Man United,Nott'm Forest,2,3,A
Fulham,Arsenal,1,1,D
Ipswich,Bournemouth,1,2,A
Leicester,Brighton,2,2,D
Tottenham,Chelsea,3,4,A
West Ham,Wolves,2,1,H
Arsenal,Everton,0,0,D
Liverpool,Fulham,2,2,D
Newcastle,Leicester,4,0,H
Nott'm Forest,Aston Villa,2,1,H
Wolves,Ipswich,1,2,A
Brighton,Crystal Palace,1,3,A
Chelsea,Brentford,2,1,H
Man City,Man United,1,2,A
Southampton,Tottenham,0,5,A
Bournemouth,West Ham,1,1,D
Aston Villa,Man City,2,1,H
Brentford,Nott'm Forest,0,2,A
Crystal Palace,Arsenal,1,5,A
Ipswich,Newcastle,0,4,A
West Ham,Brighton,1,1,D
Everton,Chelsea,0,0,D
Fulham,Southampton,0,0,D
Leicester,Wolves,0,3,A
Man United,Bournemouth,0,3,A
Tottenham,Liverpool,3,6,A
Bournemouth,Crystal Palace,0,0,D
Chelsea,Fulham,1,2,A
Liverpool,Leicester,3,1,H
Man City,Everton,1,1,D
Newcastle,Aston Villa,3,0,H
Nott'm Forest,Tottenham,1,0,H
Southampton,West Ham,0,1,A
Wolves,Man United,2,0,H
Arsenal,Ipswich,1,0,H
Brighton,Brentford,0,0,D
Crystal Palace,Southampton,2,1,H
Everton,Nott'm Forest,0,2,A
Fulham,Bournemouth,2,2,D
Leicester,Man City,0,2,A
Tottenham,Wolves,2,2,D
West Ham,Liverpool,0,5,A
Aston Villa,Brighton,2,2,D
Ipswich,Chelsea,2,0,H
Man United,Newcastle,0,2,A
Brentford,Arsenal,1,3,A
Aston Villa,Leicester,2,1,H
Bournemouth,Everton,1,0,H
Brighton,Arsenal,1,1,D
Crystal Palace,Chelsea,1,1,D
Man City,West Ham,4,1,H
Southampton,Brentford,0,5,A
Tottenham,Newcastle,1,2,A
Fulham,Ipswich,2,2,D
Liverpool,Man United,2,2,D
Wolves,Nott'm Forest,0,3,A
Brentford,Man City,2,2,D
Chelsea,Bournemouth,2,2,D
Nott'm Forest,Liverpool,1,1,D
West Ham,Fulham,3,2,H
Arsenal,Tottenham,2,1,H
Everton,Aston Villa,0,1,A
Leicester,Crystal Palace,0,2,A
Newcastle,Wolves,3,0,H
Ipswich,Brighton,0,2,A
Man United,Southampton,3,1,H
Arsenal,Aston Villa,2,2,D
Brentford,Liverpool,0,2,A
Leicester,Fulham,0,2,A
Newcastle,Bournemouth,1,4,A
West Ham,Crystal Palace,0,2,A
Everton,Tottenham,3,2,H
Ipswich,Man City,0,6,A
Man United,Brighton,1,3,A
Nott'm Forest,Southampton,3,2,H
Chelsea,Wolves,3,1,H
Bournemouth,Nott'm Forest,5,0,H
Brighton,Everton,0,1,A
Liverpool,Ipswich,4,1,H
Man City,Chelsea,3,1,H
Southampton,Newcastle,1,3,A
Wolves,Arsenal,0,1,A
Aston Villa,West Ham,1,1,D
Crystal Palace,Brentford,1,2,A
Fulham,Man United,0,1,A
Tottenham,Leicester,1,2,A
Bournemouth,Liverpool,0,2,A
Everton,Leicester,4,0,H
Ipswich,Southampton,1,2,A
Newcastle,Fulham,1,2,A
Nott'm Forest,Brighton,7,0,H
Wolves,Aston Villa,2,0,H
Arsenal,Man City,5,1,H
Brentford,Tottenham,0,2,A
Man United,Crystal Palace,0,2,A
Chelsea,West Ham,2,1,H
Everton,Liverpool,2,2,D
Brighton,Chelsea,3,0,H
Aston Villa,Ipswich,1,1,D
Crystal Palace,Everton,1,2,A
Fulham,Nott'm Forest,2,1,H
Leicester,Arsenal,0,2,A
Man City,Newcastle,4,0,H
Southampton,Bournemouth,1,3,A
West Ham,Brentford,0,1,A
Liverpool,Wolves,2,1,H
Tottenham,Man United,1,0,H
Aston Villa,Liverpool,2,2,D
Leicester,Brentford,0,4,A
Arsenal,West Ham,0,1,A
Aston Villa,Chelsea,2,1,H
Bournemouth,Wolves,0,1,A
Everton,Man United,2,2,D
Fulham,Crystal Palace,0,2,A
Ipswich,Tottenham,1,4,A
Southampton,Brighton,0,4,A
Man City,Liverpool,0,2,A
Newcastle,Nott'm Forest,4,3,H
Brighton,Bournemouth,2,1,H
Chelsea,Southampton,4,0,H
Crystal Palace,Aston Villa,4,1,H
Wolves,Fulham,1,2,A
Brentford,Everton,1,1,D
Liverpool,Newcastle,2,0,H
Man United,Ipswich,3,2,H
Nott'm Forest,Arsenal,0,0,D
Tottenham,Man City,0,1,A
West Ham,Leicester,2,0,H
Brentford,Aston Villa,0,1,A
Brighton,Fulham,2,1,H
Crystal Palace,Ipswich,1,0,H
Liverpool,Southampton,3,1,H
Nott'm Forest,Man City,1,0,H
Wolves,Everton,1,1,D
Chelsea,Leicester,1,0,H
Man United,Arsenal,1,1,D
Tottenham,Bournemouth,2,2,D
West Ham,Newcastle,0,1,A
Bournemouth,Brentford,1,2,A
Everton,West Ham,1,1,D
Ipswich,Nott'm Forest,2,4,A
Man City,Brighton,2,2,D
Southampton,Wolves,1,2,A
Arsenal,Chelsea,1,0,H
Fulham,Tottenham,2,0,H
Leicester,Man United,0,3,A
Arsenal,Fulham,2,1,H
Nott'm Forest,Man United,1,0,H
Wolves,West Ham,1,0,H
Bournemouth,Ipswich,1,2,A
Brighton,Aston Villa,0,3,A
Liverpool,Everton,1,0,H
Man City,Leicester,2,0,H
Newcastle,Brentford,2,1,H
Southampton,Crystal Palace,1,1,D
Chelsea,Tottenham,1,0,H
Aston Villa,Nott'm Forest,2,1,H
Crystal Palace,Brighton,2,1,H
Everton,Arsenal,1,1,D
Ipswich,Wolves,1,2,A
West Ham,Bournemouth,2,2,D
Brentford,Chelsea,0,0,D
Fulham,Liverpool,3,2,H
Man United,Man City,0,0,D
Tottenham,Southampton,3,1,H
Leicester,Newcastle,0,3,A
Arsenal,Brentford,1,1,D
Brighton,Leicester,2,2,D
Man City,Crystal Palace,5,2,H
Nott'm Forest,Everton,0,1,A
Southampton,Aston Villa,0,3,A
Chelsea,Ipswich,2,2,D
Liverpool,West Ham,2,1,H
Newcastle,Man United,4,1,H
Wolves,Tottenham,4,2,H
Bournemouth,Fulham,1,0,H
Newcastle,Crystal Palace,5,0,H
Aston Villa,Newcastle,4,1,H
Brentford,Brighton,4,2,H
Crystal Palace,Bournemouth,0,0,D
Everton,Man City,0,2,A
West Ham,Southampton,1,1,D
Fulham,Chelsea,1,2,A
Ipswich,Arsenal,0,4,A
Leicester,Liverpool,0,1,A
Man United,Wolves,0,1,A
Tottenham,Nott'm Forest,1,2,A
Man City,Aston Villa,2,1,H
Arsenal,Crystal Palace,2,2,D
Brighton,West Ham,3,2,H
Chelsea,Everton,1,0,H
Newcastle,Ipswich,3,0,H
Southampton,Fulham,1,2,A
Wolves,Leicester,3,0,H
Bournemouth,Man United,1,1,D
Liverpool,Tottenham,5,1,H
Nott'm Forest,Brentford,0,2,A
Man City,Wolves,1,0,H
Arsenal,Bournemouth,1,2,A
Aston Villa,Fulham,1,0,H
Everton,Ipswich,2,2,D
Leicester,Southampton,2,0,H
Brentford,Man United,4,3,H
Brighton,Newcastle,1,1,D
Chelsea,Liverpool,3,1,H
West Ham,Tottenham,1,1,D
Crystal Palace,Nott'm Forest,1,1,D
Bournemouth,Aston Villa,0,1,A
Fulham,Everton,1,3,A
Ipswich,Brentford,0,1,A
Southampton,Man City,0,0,D
Wolves,Brighton,0,2,A
Liverpool,Arsenal,2,2,D
Man United,West Ham,0,2,A
Newcastle,Chelsea,2,0,H
Nott'm Forest,Leicester,2,2,D
Tottenham,Crystal Palace,0,2,A
Aston Villa,Tottenham,2,0,H
Chelsea,Man United,1,0,H
Arsenal,Newcastle,1,0,H
Brentford,Fulham,2,3,A
Everton,Southampton,2,0,H
Leicester,Ipswich,2,0,H
West Ham,Nott'm Forest,1,2,A
Brighton,Liverpool,3,2,H
Crystal Palace,Wolves,4,2,H
Man City,Bournemouth,3,1,H
Bournemouth,Leicester,2,0,H
Fulham,Man City,0,2,A
Ipswich,West Ham,1,3,A
Liverpool,Crystal Palace,1,1,D
Man United,Aston Villa,2,0,H
Newcastle,Everton,0,1,A
Nott'm Forest,Chelsea,0,1,A
Southampton,Arsenal,1,2,A
Tottenham,Brighton,1,4,A
Wolves,Brentford,1,1,D
Liverpool,Bournemouth,4,2,H
Aston Villa,Newcastle,0,0,D
Brighton,Fulham,1,1,D
Sunderland,West Ham,3,0,H
Tottenham,Burnley,3,0,H
Wolves,Man City,0,4,A
Chelsea,Crystal Palace,0,0,D
Man United,Arsenal,0,1,A
Nott'm Forest,Brentford,3,1,H
Leeds,Everton,1,0,H
West Ham,Chelsea,1,5,A
Arsenal,Leeds,5,0,H
Bournemouth,Wolves,1,0,H
Brentford,Aston Villa,1,0,H
Burnley,Sunderland,2,0,H
Man City,Tottenham,0,2,A
Crystal Palace,Nott'm Forest,1,1,D
Everton,Brighton,2,0,H
Fulham,Man United,1,1,D
Newcastle,Liverpool,2,3,A
Chelsea,Fulham,2,0,H
Leeds,Newcastle,0,0,D
Man United,Burnley,3,2,H
Sunderland,Brentford,2,1,H
Tottenham,Bournemouth,0,1,A
Wolves,Everton,2,3,A
Aston Villa,Crystal Palace,0,3,A
Brighton,Man City,2,1,H
Liverpool,Arsenal,1,0,H
Nott'm Forest,West Ham,0,3,A
Arsenal,Nott'm Forest,3,0,H
Bournemouth,Brighton,2,1,H
Brentford,Chelsea,2,2,D
Crystal Palace,Sunderland,0,0,D
Everton,Aston Villa,0,0,D
Fulham,Leeds,1,0,H
Newcastle,Wolves,1,0,H
West Ham,Tottenham,0,3,A
Burnley,Liverpool,0,1,A
Man City,Man United,3,0,H
Brighton,Tottenham,2,2,D
Burnley,Nott'm Forest,1,1,D
Fulham,Brentford,3,1,H
Liverpool,Everton,2,1,H
Man United,Chelsea,2,1,H
West Ham,Crystal Palace,1,2,A
Wolves,Leeds,1,3,A
Arsenal,Man City,1,1,D
Bournemouth,Newcastle,0,0,D
Sunderland,Aston Villa,1,1,D
Brentford,Man United,3,1,H
Chelsea,Brighton,1,3,A
Crystal Palace,Liverpool,2,1,H
Leeds,Bournemouth,2,2,D
Man City,Burnley,5,1,H
Nott'm Forest,Sunderland,0,1,A
Tottenham,Wolves,1,1,D
Aston Villa,Fulham,3,1,H
Newcastle,Arsenal,1,2,A
Everton,West Ham,1,1,D
Bournemouth,Fulham,3,1,H
Arsenal,West Ham,2,0,H
Chelsea,Liverpool,2,1,H
Leeds,Tottenham,1,2,A
Man United,Sunderland,2,0,H
Aston Villa,Burnley,2,1,H
Brentford,Man City,0,1,A
Everton,Crystal Palace,2,1,H
Newcastle,Nott'm Forest,2,0,H
Wolves,Brighton,1,1,D
Brighton,Newcastle,2,1,H
Burnley,Leeds,2,0,H
Crystal Palace,Bournemouth,3,3,D
Fulham,Arsenal,0,1,A
Man City,Everton,2,0,H
Nott'm Forest,Chelsea,0,3,A
Sunderland,Wolves,2,0,H
Liverpool,Man United,1,2,A
Tottenham,Aston Villa,1,2,A
West Ham,Brentford,0,2,A
Leeds,West Ham,2,1,H
Brentford,Liverpool,3,2,H
Chelsea,Sunderland,1,2,A
Man United,Brighton,4,2,H
Newcastle,Fulham,2,1,H
Arsenal,Crystal Palace,1,0,H
Aston Villa,Man City,1,0,H
Bournemouth,Nott'm Forest,2,0,H
Everton,Tottenham,0,3,A
Wolves,Burnley,2,3,A
Brighton,Leeds,3,0,H
Burnley,Arsenal,0,2,A
Crystal Palace,Brentford,2,0,H
Fulham,Wolves,3,0,H
Liverpool,Aston Villa,2,0,H
Nott'm Forest,Man United,2,2,D
Tottenham,Chelsea,0,1,A
Man City,Bournemouth,3,1,H
West Ham,Newcastle,3,1,H
Sunderland,Everton,1,1,D
Chelsea,Wolves,3,0,H
Everton,Fulham,2,0,H
Sunderland,Arsenal,2,2,D
Tottenham,Man United,2,2,D
West Ham,Burnley,3,2,H
Aston Villa,Bournemouth,4,0,H
Brentford,Newcastle,3,1,H
Crystal Palace,Brighton,0,0,D
Man City,Liverpool,3,0,H
Nott'm Forest,Leeds,3,1,H
Bournemouth,West Ham,2,2,D
Brighton,Brentford,2,1,H
Burnley,Chelsea,0,2,A
Fulham,Sunderland,1,0,H
Liverpool,Nott'm Forest,0,3,A
Newcastle,Man City,2,1,H
Wolves,Crystal Palace,0,2,A
Arsenal,Tottenham,4,1,H
Leeds,Aston Villa,1,2,A
Man United,Everton,0,1,A
Brentford,Burnley,3,1,H
Everton,Newcastle,1,4,A
Man City,Leeds,3,2,H
Sunderland,Bournemouth,3,2,H
Tottenham,Fulham,1,2,A
Aston Villa,Wolves,1,0,H
Chelsea,Arsenal,1,1,D
Crystal Palace,Man United,1,2,A
Nott'm Forest,Brighton,0,2,A
West Ham,Liverpool,0,2,A
Bournemouth,Everton,0,1,A
Fulham,Man City,4,5,A
Newcastle,Tottenham,2,2,D
Arsenal,Brentford,2,0,H
Brighton,Aston Villa,3,4,A
Burnley,Crystal Palace,0,1,A
Leeds,Chelsea,3,1,H
Liverpool,Sunderland,1,1,D
Wolves,Nott'm Forest,0,1,A
Man United,West Ham,1,1,D
Aston Villa,Arsenal,2,1,H
Bournemouth,Chelsea,0,0,D
Everton,Nott'm Forest,3,0,H
Leeds,Liverpool,3,3,D
Man City,Sunderland,3,0,H
Newcastle,Burnley,2,1,H
Tottenham,Brentford,2,0,H
Brighton,West Ham,1,1,D
Fulham,Crystal Palace,1,2,A
Wolves,Man United,1,4,A
Arsenal,Wolves,2,1,H
Burnley,Fulham,2,3,A
Chelsea,Everton,2,0,H
Liverpool,Brighton,2,0,H
Brentford,Leeds,1,1,D
Crystal Palace,Man City,0,3,A
Nott'm Forest,Tottenham,3,0,H
Sunderland,Newcastle,1,0,H
West Ham,Aston Villa,2,3,A
Man United,Bournemouth,4,4,D
Bournemouth,Burnley,1,1,D
Brighton,Sunderland,0,0,D
Everton,Arsenal,0,1,A
Leeds,Crystal Palace,4,1,H
Man City,West Ham,3,0,H
Newcastle,Chelsea,2,2,D
Tottenham,Liverpool,1,2,A
Wolves,Brentford,0,2,A
Aston Villa,Man United,2,1,H
Fulham,Nott'm Forest,1,0,H
Man United,Newcastle,1,0,H
Arsenal,Brighton,2,1,H
Brentford,Bournemouth,4,1,H
Burnley,Everton,0,0,D
Chelsea,Aston Villa,1,2,A
Liverpool,Wolves,2,1,H
Nott'm Forest,Man City,1,2,A
West Ham,Fulham,0,1,A
Crystal Palace,Tottenham,0,1,A
Sunderland,Leeds,1,1,D
Arsenal,Aston Villa,4,1,H
Burnley,Newcastle,1,3,A
Chelsea,Bournemouth,2,2,D
Man United,Wolves,1,1,D
Nott'm Forest,Everton,0,2,A
West Ham,Brighton,2,2,D
Brentford,Tottenham,0,0,D
Crystal Palace,Fulham,1,1,D
Liverpool,Leeds,0,0,D
Sunderland,Man City,0,0,D
Aston Villa,Nott'm Forest,3,1,H
Bournemouth,Arsenal,2,3,A
Brighton,Burnley,2,0,H
Wolves,West Ham,3,0,H
Everton,Brentford,2,4,A
Fulham,Liverpool,2,2,D
Leeds,Man United,1,1,D
Man City,Chelsea,1,1,D
Newcastle,Crystal Palace,2,0,H
Tottenham,Sunderland,1,1,D
West Ham,Nott'm Forest,1,2,A
Bournemouth,Tottenham,3,2,H
Brentford,Sunderland,3,0,H
Burnley,Man United,2,2,D
Crystal Palace,Aston Villa,0,0,D
Everton,Wolves,1,1,D
Fulham,Chelsea,2,1,H
Man City,Brighton,1,1,D
Newcastle,Leeds,4,3,H
Arsenal,Liverpool,0,0,D
Chelsea,Brentford,2,0,H
Leeds,Fulham,1,0,H
Liverpool,Burnley,1,1,D
Man United,Man City,2,0,H
Nott'm Forest,Arsenal,0,0,D
Sunderland,Crystal Palace,2,1,H
Tottenham,West Ham,1,2,A
Aston Villa,Everton,0,1,A
Wolves,Newcastle,0,0,D
Brighton,Bournemouth,1,1,D
Bournemouth,Liverpool,3,2,H
Burnley,Tottenham,2,2,D
Fulham,Brighton,2,1,H
Man City,Wolves,2,0,H
West Ham,Sunderland,3,1,H
Arsenal,Man United,2,3,A
Brentford,Nott'm Forest,0,2,A
Crystal Palace,Chelsea,1,3,A
Newcastle,Aston Villa,0,2,A
Everton,Leeds,1,1,D
Brighton,Everton,1,1,D
Chelsea,West Ham,3,2,H
Leeds,Arsenal,0,4,A
Liverpool,Newcastle,4,1,H
Wolves,Bournemouth,0,2,A
Aston Villa,Brentford,0,1,A
Man United,Fulham,3,2,H
Nott'm Forest,Crystal Palace,1,1,D
Tottenham,Man City,2,2,D
Sunderland,Burnley,3,0,H
Leeds,Nott'm Forest,3,1,H
Arsenal,Sunderland,3,0,H
Bournemouth,Aston Villa,1,1,D
Burnley,West Ham,0,2,A
Fulham,Everton,1,2,A
Man United,Tottenham,2,0,H
Newcastle,Brentford,2,3,A
Wolves,Chelsea,1,3,A
Brighton,Crystal Palace,0,1,A
Liverpool,Man City,1,2,A
Chelsea,Leeds,2,2,D
Everton,Bournemouth,1,2,A
Tottenham,Newcastle,1,2,A
West Ham,Man United,1,1,D
Aston Villa,Brighton,1,0,H
Crystal Palace,Burnley,2,3,A
Man City,Fulham,3,0,H
Nott'm Forest,Wolves,0,0,D
Sunderland,Liverpool,0,1,A
Brentford,Arsenal,1,1,D
Wolves,Arsenal,2,2,D
Aston Villa,Leeds,1,1,D
Brentford,Brighton,0,2,A
Chelsea,Burnley,1,1,D
Man City,Newcastle,2,1,H
West Ham,Bournemouth,0,0,D
Crystal Palace,Wolves,1,0,H
Nott'm Forest,Liverpool,0,1,A
Sunderland,Fulham,1,3,A
Tottenham,Arsenal,1,4,A
Everton,Man United,0,1,A
Wolves,Aston Villa,2,0,H
Bournemouth,Sunderland,1,1,D
Burnley,Brentford,3,4,A
Leeds,Man City,0,1,A
Liverpool,West Ham,5,2,H
Newcastle,Everton,2,3,A
Arsenal,Chelsea,2,1,H
Brighton,Nott'm Forest,2,1,H
Fulham,Tottenham,2,1,H
Man United,Crystal Palace,2,1,H
Bournemouth,Brentford,0,0,D
Everton,Burnley,2,0,H
Leeds,Sunderland,0,1,A
Wolves,Liverpool,2,1,H
Aston Villa,Chelsea,1,4,A
Brighton,Arsenal,0,1,A
Fulham,West Ham,0,1,A
Man City,Nott'm Forest,2,2,D
Newcastle,Man United,2,1,H
Tottenham,Crystal Palace,1,3,A
Arsenal,Everton,2,0,H
Burnley,Bournemouth,0,0,D
Chelsea,Newcastle,0,1,A
Sunderland,Brighton,0,1,A
West Ham,Man City,1,1,D
Crystal Palace,Leeds,0,0,D
Liverpool,Tottenham,1,1,D
Man United,Aston Villa,3,1,H
Nott'm Forest,Fulham,0,0,D
Brentford,Wolves,2,2,D
Bournemouth,Man United,2,2,D
Brighton,Liverpool,2,1,H
Everton,Chelsea,3,0,H
Fulham,Burnley,3,1,H
Leeds,Brentford,0,0,D
Aston Villa,West Ham,2,0,H
Newcastle,Sunderland,1,2,A
Tottenham,Nott'm Forest,0,3,A
West Ham,Wolves,4,0,H
Arsenal,Bournemouth,1,2,A
Brentford,Everton,2,2,D
Burnley,Brighton,0,2,A
Liverpool,Fulham,2,0,H
Chelsea,Man City,0,3,A
Crystal Palace,Newcastle,2,1,H
Nott'm Forest,Aston Villa,1,1,D
Sunderland,Tottenham,1,0,H
Man United,Leeds,1,2,A
Brentford,Fulham,0,0,D
Chelsea,Man United,0,1,A
Leeds,Wolves,3,0,H
Newcastle,Bournemouth,1,2,A
Tottenham,Brighton,2,2,D
Aston Villa,Sunderland,4,3,H
Everton,Liverpool,1,2,A
Man City,Arsenal,2,1,H
Nott'm Forest,Burnley,4,1,H
Crystal Palace,West Ham,0,0,D
Brighton,Chelsea,3,0,H
Bournemouth,Leeds,2,2,D
Burnley,Man City,0,1,A
Sunderland,Nott'm Forest,0,5,A
Arsenal,Newcastle,1,0,H
Fulham,Aston Villa,1,0,H
Liverpool,Crystal Palace,3,1,H
West Ham,Everton,2,1,H
Wolves,Tottenham,0,1,A
Man United,Brentford,2,1,H
Leeds,Burnley,3,1,H
Arsenal,Fulham,3,0,H
Brentford,West Ham,3,0,H
Newcastle,Brighton,3,1,H
Wolves,Sunderland,1,1,D
Aston Villa,Tottenham,1,2,A
Bournemouth,Crystal Palace,3,0,H
Man United,Liverpool,3,2,H
Chelsea,Nott'm Forest,1,3,A
Everton,Man City,3,3,D
Brighton,Wolves,3,0,H
Fulham,Bournemouth,0,1,A
Liverpool,Chelsea,1,1,D
Man City,Brentford,3,0,H
Sunderland,Man United,0,0,D
Burnley,Aston Villa,2,2,D
Crystal Palace,Everton,2,2,D
Nott'm Forest,Newcastle,1,1,D
West Ham,Arsenal,0,1,A
Tottenham,Leeds,1,1,D
Man City,Crystal Palace,3,0,H
Aston Villa,Liverpool,4,2,H
Brentford,Crystal Palace,2,2,D
Everton,Sunderland,1,3,A
Leeds,Brighton,1,0,H
Man United,Nott'm Forest,3,2,H
Newcastle,West Ham,3,1,H
Wolves,Fulham,1,1,D
Arsenal,Burnley,1,0,H
Bournemouth,Man City,1,1,D
Chelsea,Tottenham,2,1,H
Brighton,Man United,0,3,A
Burnley,Wolves,1,1,D
Crystal Palace,Arsenal,1,2,A
Fulham,Newcastle,2,0,H
Liverpool,Brentford,1,1,D
Man City,Aston Villa,1,2,A
Nott'm Forest,Bournemouth,1,1,D
Sunderland,Chelsea,2,1,H
Tottenham,Everton,1,0,H
West Ham,Leeds,3,0,H
