Div,Date,HomeTeam,AwayTeam,FTHG,FTAG,FTR,Season
Serie A,2016-08-20,AS Roma,Udinese,4,0,H,2016-17
Serie A,2016-08-20,Juventus,Fiorentina,2,1,H,2016-17
Serie A,2016-08-21,AC Milan,Torino,3,2,H,2016-17
Serie A,2016-08-21,Atalanta,Lazio,3,4,A,2016-17
Serie A,2016-08-21,Bologna,Crotone,1,0,H,2016-17
Serie A,2016-08-21,Chievo Verona,Internazionale,2,0,H,2016-17
Serie A,2016-08-21,Empoli,Sampdoria,0,1,A,2016-17
Serie A,2016-08-21,Genoa,Cagliari,3,1,H,2016-17
Serie A,2016-08-21,Palermo,Sassuolo,0,1,A,2016-17
Serie A,2016-08-21,Pescara,Napoli,2,2,D,2016-17
Serie A,2016-08-27,Lazio,Juventus,0,1,A,2016-17
Serie A,2016-08-27,Napoli,AC Milan,4,2,H,2016-17
Serie A,2016-08-28,Cagliari,AS Roma,2,2,D,2016-17
Serie A,2016-08-28,Crotone,Genoa,1,3,A,2016-17
Serie A,2016-08-28,Fiorentina,Chievo Verona,1,0,H,2016-17
Serie A,2016-08-28,Internazionale,Palermo,1,1,D,2016-17
Serie A,2016-08-28,Sampdoria,Atalanta,2,1,H,2016-17
Serie A,2016-08-28,Sassuolo,Pescara,2,1,H,2016-17
Serie A,2016-08-28,Torino,Bologna,5,1,H,2016-17
Serie A,2016-08-28,Udinese,Empoli,2,0,H,2016-17
Serie A,2016-09-10,Juventus,Sassuolo,3,1,H,2016-17
Serie A,2016-09-10,Palermo,Napoli,0,3,A,2016-17
Serie A,2016-09-11,AC Milan,Udinese,0,1,A,2016-17
Serie A,2016-09-11,AS Roma,Sampdoria,3,2,H,2016-17
Serie A,2016-09-11,Atalanta,Torino,2,1,H,2016-17
Serie A,2016-09-11,Bologna,Cagliari,2,1,H,2016-17
Serie A,2016-09-11,Chievo Verona,Lazio,1,1,D,2016-17
Serie A,2016-09-11,Pescara,Internazionale,1,2,A,2016-17
Serie A,2016-09-12,Empoli,Crotone,2,1,H,2016-17
Serie A,2016-09-16,Sampdoria,AC Milan,0,1,A,2016-17
Serie A,2016-09-17,Lazio,Pescara,3,0,H,2016-17
Serie A,2016-09-17,Napoli,Bologna,3,1,H,2016-17
Serie A,2016-09-18,Cagliari,Atalanta,3,0,H,2016-17
Serie A,2016-09-18,Crotone,Palermo,1,1,D,2016-17
Serie A,2016-09-18,Fiorentina,AS Roma,1,0,H,2016-17
Serie A,2016-09-18,Internazionale,Juventus,2,1,H,2016-17
Serie A,2016-09-18,Sassuolo,Genoa,2,0,H,2016-17
Serie A,2016-09-18,Torino,Empoli,0,0,D,2016-17
Serie A,2016-09-18,Udinese,Chievo Verona,1,2,A,2016-17
Serie A,2016-09-20,AC Milan,Lazio,2,0,H,2016-17
Serie A,2016-09-21,AS Roma,Crotone,4,0,H,2016-17
Serie A,2016-09-21,Atalanta,Palermo,0,1,A,2016-17
Serie A,2016-09-21,Bologna,Sampdoria,2,0,H,2016-17
Serie A,2016-09-21,Chievo Verona,Sassuolo,2,1,H,2016-17
Serie A,2016-09-21,Empoli,Internazionale,0,2,A,2016-17
Serie A,2016-09-21,Genoa,Napoli,0,0,D,2016-17
Serie A,2016-09-21,Juventus,Cagliari,4,0,H,2016-17
Serie A,2016-09-21,Pescara,Torino,0,0,D,2016-17
Serie A,2016-09-21,Udinese,Fiorentina,2,2,D,2016-17
Serie A,2016-09-24,Napoli,Chievo Verona,2,0,H,2016-17
Serie A,2016-09-24,Palermo,Juventus,0,1,A,2016-17
Serie A,2016-09-25,Fiorentina,AC Milan,0,0,D,2016-17
Serie A,2016-09-25,Genoa,Pescara,1,1,D,2016-17
Serie A,2016-09-25,Internazionale,Bologna,1,1,D,2016-17
Serie A,2016-09-25,Lazio,Empoli,2,0,H,2016-17
Serie A,2016-09-25,Sassuolo,Udinese,1,0,H,2016-17
Serie A,2016-09-25,Torino,AS Roma,3,1,H,2016-17
Serie A,2016-09-26,Cagliari,Sampdoria,2,1,H,2016-17
Serie A,2016-09-26,Crotone,Atalanta,1,3,A,2016-17
Serie A,2016-10-01,Pescara,Chievo Verona,0,2,A,2016-17
Serie A,2016-10-01,Udinese,Lazio,0,3,A,2016-17
Serie A,2016-10-02,AC Milan,Sassuolo,4,3,H,2016-17
Serie A,2016-10-02,AS Roma,Internazionale,2,1,H,2016-17
Serie A,2016-10-02,Atalanta,Napoli,1,0,H,2016-17
Serie A,2016-10-02,Bologna,Genoa,0,1,A,2016-17
Serie A,2016-10-02,Cagliari,Crotone,2,1,H,2016-17
Serie A,2016-10-02,Empoli,Juventus,0,3,A,2016-17
Serie A,2016-10-02,Sampdoria,Palermo,1,1,D,2016-17
Serie A,2016-10-02,Torino,Fiorentina,2,1,H,2016-17
Serie A,2016-10-15,Juventus,Udinese,2,1,H,2016-17
Serie A,2016-10-15,Napoli,AS Roma,1,3,A,2016-17
Serie A,2016-10-15,Pescara,Sampdoria,1,1,D,2016-17
Serie A,2016-10-16,Chievo Verona,AC Milan,1,3,A,2016-17
Serie A,2016-10-16,Fiorentina,Atalanta,0,0,D,2016-17
Serie A,2016-10-16,Genoa,Empoli,0,0,D,2016-17
Serie A,2016-10-16,Internazionale,Cagliari,1,2,A,2016-17
Serie A,2016-10-16,Lazio,Bologna,1,1,D,2016-17
Serie A,2016-10-16,Sassuolo,Crotone,2,1,H,2016-17
Serie A,2016-10-17,Palermo,Torino,1,4,A,2016-17
Serie A,2016-10-22,AC Milan,Juventus,1,0,H,2016-17
Serie A,2016-10-22,Sampdoria,Genoa,2,1,H,2016-17
Serie A,2016-10-23,AS Roma,Palermo,4,1,H,2016-17
Serie A,2016-10-23,Atalanta,Internazionale,2,1,H,2016-17
Serie A,2016-10-23,Bologna,Sassuolo,1,1,D,2016-17
Serie A,2016-10-23,Cagliari,Fiorentina,3,5,A,2016-17
Serie A,2016-10-23,Crotone,Napoli,1,2,A,2016-17
Serie A,2016-10-23,Empoli,Chievo Verona,0,0,D,2016-17
Serie A,2016-10-23,Torino,Lazio,2,2,D,2016-17
Serie A,2016-10-23,Udinese,Pescara,3,1,H,2016-17
Serie A,2016-10-25,Genoa,AC Milan,3,0,H,2016-17
Serie A,2016-10-26,Chievo Verona,Bologna,1,1,D,2016-17
Serie A,2016-10-26,Fiorentina,Crotone,1,1,D,2016-17
Serie A,2016-10-26,Internazionale,Torino,2,1,H,2016-17
Serie A,2016-10-26,Juventus,Sampdoria,4,1,H,2016-17
Serie A,2016-10-26,Lazio,Cagliari,4,1,H,2016-17
Serie A,2016-10-26,Napoli,Empoli,2,0,H,2016-17
Serie A,2016-10-26,Pescara,Atalanta,0,1,A,2016-17
Serie A,2016-10-26,Sassuolo,AS Roma,1,3,A,2016-17
Serie A,2016-10-27,Palermo,Udinese,1,3,A,2016-17
Serie A,2016-10-29,Bologna,Fiorentina,0,1,A,2016-17
Serie A,2016-10-29,Juventus,Napoli,2,1,H,2016-17
Serie A,2016-10-30,AC Milan,Pescara,1,0,H,2016-17
Serie A,2016-10-30,Atalanta,Genoa,3,0,H,2016-17
Serie A,2016-10-30,Crotone,Chievo Verona,2,0,H,2016-17
Serie A,2016-10-30,Empoli,AS Roma,0,0,D,2016-17
Serie A,2016-10-30,Lazio,Sassuolo,2,1,H,2016-17
Serie A,2016-10-30,Sampdoria,Internazionale,1,0,H,2016-17
Serie A,2016-10-31,Cagliari,Palermo,2,1,H,2016-17
Serie A,2016-10-31,Udinese,Torino,2,2,D,2016-17
Serie A,2016-11-05,Napoli,Lazio,1,1,D,2016-17
Serie A,2016-11-05,Torino,Cagliari,5,1,H,2016-17
Serie A,2016-11-06,AS Roma,Bologna,3,0,H,2016-17
Serie A,2016-11-06,Chievo Verona,Juventus,1,2,A,2016-17
Serie A,2016-11-06,Fiorentina,Sampdoria,1,1,D,2016-17
Serie A,2016-11-06,Genoa,Udinese,1,1,D,2016-17
Serie A,2016-11-06,Internazionale,Crotone,3,0,H,2016-17
Serie A,2016-11-06,Palermo,AC Milan,1,2,A,2016-17
Serie A,2016-11-06,Pescara,Empoli,0,4,A,2016-17
Serie A,2016-11-06,Sassuolo,Atalanta,0,3,A,2016-17
Serie A,2016-11-19,Chievo Verona,Cagliari,1,0,H,2016-17
Serie A,2016-11-19,Juventus,Pescara,3,0,H,2016-17
Serie A,2016-11-19,Udinese,Napoli,1,2,A,2016-17
Serie A,2016-11-20,AC Milan,Internazionale,2,2,D,2016-17
Serie A,2016-11-20,Atalanta,AS Roma,2,1,H,2016-17
Serie A,2016-11-20,Bologna,Palermo,3,1,H,2016-17
Serie A,2016-11-20,Crotone,Torino,0,2,A,2016-17
Serie A,2016-11-20,Empoli,Fiorentina,0,4,A,2016-17
Serie A,2016-11-20,Lazio,Genoa,3,1,H,2016-17
Serie A,2016-11-20,Sampdoria,Sassuolo,3,2,H,2016-17
Serie A,2016-11-26,Empoli,AC Milan,1,4,A,2016-17
Serie A,2016-11-26,Torino,Chievo Verona,2,1,H,2016-17
Serie A,2016-11-27,AS Roma,Pescara,3,2,H,2016-17
Serie A,2016-11-27,Bologna,Atalanta,0,2,A,2016-17
Serie A,2016-11-27,Cagliari,Udinese,2,1,H,2016-17
Serie A,2016-11-27,Crotone,Sampdoria,1,1,D,2016-17
Serie A,2016-11-27,Genoa,Juventus,3,1,H,2016-17
Serie A,2016-11-27,Palermo,Lazio,0,1,A,2016-17
Serie A,2016-11-28,Internazionale,Fiorentina,4,2,H,2016-17
Serie A,2016-11-28,Napoli,Sassuolo,1,1,D,2016-17
Serie A,2016-12-02,Napoli,Internazionale,3,0,H,2016-17
Serie A,2016-12-03,Juventus,Atalanta,3,1,H,2016-17
Serie A,2016-12-04,AC Milan,Crotone,2,1,H,2016-17
Serie A,2016-12-04,Fiorentina,Palermo,2,1,H,2016-17
Serie A,2016-12-04,Lazio,AS Roma,0,2,A,2016-17
Serie A,2016-12-04,Pescara,Cagliari,1,1,D,2016-17
Serie A,2016-12-04,Sampdoria,Torino,2,0,H,2016-17
Serie A,2016-12-04,Sassuolo,Empoli,3,0,H,2016-17
Serie A,2016-12-05,Chievo Verona,Genoa,0,0,D,2016-17
Serie A,2016-12-05,Udinese,Bologna,1,0,H,2016-17
Serie A,2016-12-10,Crotone,Pescara,2,1,H,2016-17
Serie A,2016-12-10,Sampdoria,Lazio,1,2,A,2016-17
Serie A,2016-12-11,Atalanta,Udinese,1,3,A,2016-17
Serie A,2016-12-11,Bologna,Empoli,0,0,D,2016-17
Serie A,2016-12-11,Cagliari,Napoli,0,5,A,2016-17
Serie A,2016-12-11,Internazionale,Genoa,2,0,H,2016-17
Serie A,2016-12-11,Palermo,Chievo Verona,0,2,A,2016-17
Serie A,2016-12-11,Torino,Juventus,1,3,A,2016-17
Serie A,2016-12-12,AS Roma,AC Milan,1,0,H,2016-17
Serie A,2016-12-12,Fiorentina,Sassuolo,2,1,H,2016-17
Serie A,2016-12-15,Genoa,Fiorentina,1,0,H,2016-17
Serie A,2016-12-17,AC Milan,Atalanta,0,0,D,2016-17
Serie A,2016-12-17,Empoli,Cagliari,2,0,H,2016-17
Serie A,2016-12-17,Juventus,AS Roma,1,0,H,2016-17
Serie A,2016-12-18,Chievo Verona,Sampdoria,2,1,H,2016-17
Serie A,2016-12-18,Genoa,Palermo,3,4,A,2016-17
Serie A,2016-12-18,Lazio,Fiorentina,3,1,H,2016-17
Serie A,2016-12-18,Napoli,Torino,5,3,H,2016-17
Serie A,2016-12-18,Pescara,Bologna,0,3,A,2016-17
Serie A,2016-12-18,Sassuolo,Internazionale,0,1,A,2016-17
Serie A,2016-12-18,Udinese,Crotone,2,0,H,2016-17
Serie A,2016-12-20,Atalanta,Empoli,2,1,H,2016-17
Serie A,2016-12-21,Internazionale,Lazio,3,0,H,2016-17
Serie A,2016-12-22,AS Roma,Chievo Verona,3,1,H,2016-17
Serie A,2016-12-22,Cagliari,Sassuolo,4,3,H,2016-17
Serie A,2016-12-22,Fiorentina,Napoli,3,3,D,2016-17
Serie A,2016-12-22,Palermo,Pescara,1,1,D,2016-17
Serie A,2016-12-22,Sampdoria,Udinese,0,0,D,2016-17
Serie A,2016-12-22,Torino,Genoa,1,0,H,2016-17
Serie A,2017-01-07,Empoli,Palermo,1,0,H,2016-17
Serie A,2017-01-07,Napoli,Sampdoria,2,1,H,2016-17
Serie A,2017-01-08,AC Milan,Cagliari,1,0,H,2016-17
Serie A,2017-01-08,Chievo Verona,Atalanta,1,4,A,2016-17
Serie A,2017-01-08,Genoa,AS Roma,0,1,A,2016-17
Serie A,2017-01-08,Juventus,Bologna,3,0,H,2016-17
Serie A,2017-01-08,Lazio,Crotone,1,0,H,2016-17
Serie A,2017-01-08,Sassuolo,Torino,0,0,D,2016-17
Serie A,2017-01-08,Udinese,Internazionale,1,2,A,2016-17
Serie A,2017-01-14,Crotone,Bologna,0,1,A,2016-17
Serie A,2017-01-14,Internazionale,Chievo Verona,3,1,H,2016-17
Serie A,2017-01-15,Cagliari,Genoa,4,1,H,2016-17
Serie A,2017-01-15,Fiorentina,Juventus,2,1,H,2016-17
Serie A,2017-01-15,Lazio,Atalanta,2,1,H,2016-17
Serie A,2017-01-15,Napoli,Pescara,3,1,H,2016-17
Serie A,2017-01-15,Sampdoria,Empoli,0,0,D,2016-17
Serie A,2017-01-15,Sassuolo,Palermo,4,1,H,2016-17
Serie A,2017-01-15,Udinese,AS Roma,0,1,A,2016-17
Serie A,2017-01-16,Torino,AC Milan,2,2,D,2016-17
Serie A,2017-01-21,AC Milan,Napoli,1,2,A,2016-17
Serie A,2017-01-21,Chievo Verona,Fiorentina,0,3,A,2016-17
Serie A,2017-01-22,AS Roma,Cagliari,1,0,H,2016-17
Serie A,2017-01-22,Atalanta,Sampdoria,1,0,H,2016-17
Serie A,2017-01-22,Bologna,Torino,2,0,H,2016-17
Serie A,2017-01-22,Empoli,Udinese,1,0,H,2016-17
Serie A,2017-01-22,Genoa,Crotone,2,2,D,2016-17
Serie A,2017-01-22,Juventus,Lazio,2,0,H,2016-17
Serie A,2017-01-22,Palermo,Internazionale,0,1,A,2016-17
Serie A,2017-01-22,Pescara,Sassuolo,1,3,A,2016-17
Serie A,2017-01-28,Internazionale,Pescara,3,0,H,2016-17
Serie A,2017-01-28,Lazio,Chievo Verona,0,1,A,2016-17
Serie A,2017-01-29,Cagliari,Bologna,1,1,D,2016-17
Serie A,2017-01-29,Crotone,Empoli,4,1,H,2016-17
Serie A,2017-01-29,Fiorentina,Genoa,3,3,D,2016-17
Serie A,2017-01-29,Napoli,Palermo,1,1,D,2016-17
Serie A,2017-01-29,Sampdoria,AS Roma,3,2,H,2016-17
Serie A,2017-01-29,Sassuolo,Juventus,0,2,A,2016-17
Serie A,2017-01-29,Torino,Atalanta,1,1,D,2016-17
Serie A,2017-01-29,Udinese,AC Milan,2,1,H,2016-17
Serie A,2017-02-01,Pescara,Fiorentina,1,2,A,2016-17
Serie A,2017-02-04,Bologna,Napoli,1,7,A,2016-17
Serie A,2017-02-05,AC Milan,Sampdoria,0,1,A,2016-17
Serie A,2017-02-05,Atalanta,Cagliari,2,0,H,2016-17
Serie A,2017-02-05,Chievo Verona,Udinese,0,0,D,2016-17
Serie A,2017-02-05,Empoli,Torino,1,1,D,2016-17
Serie A,2017-02-05,Genoa,Sassuolo,0,1,A,2016-17
Serie A,2017-02-05,Juventus,Internazionale,1,0,H,2016-17
Serie A,2017-02-05,Palermo,Crotone,1,0,H,2016-17
Serie A,2017-02-05,Pescara,Lazio,2,6,A,2016-17
Serie A,2017-02-07,AS Roma,Fiorentina,4,0,H,2016-17
Serie A,2017-02-08,Bologna,AC Milan,0,1,A,2016-17
Serie A,2017-02-08,Crotone,Juventus,0,2,A,2016-17
Serie A,2017-02-10,Napoli,Genoa,2,0,H,2016-17
Serie A,2017-02-11,Fiorentina,Udinese,3,0,H,2016-17
Serie A,2017-02-12,Cagliari,Juventus,0,2,A,2016-17
Serie A,2017-02-12,Crotone,AS Roma,0,2,A,2016-17
Serie A,2017-02-12,Internazionale,Empoli,2,0,H,2016-17
Serie A,2017-02-12,Palermo,Atalanta,1,3,A,2016-17
Serie A,2017-02-12,Sampdoria,Bologna,3,1,H,2016-17
Serie A,2017-02-12,Sassuolo,Chievo Verona,1,3,A,2016-17
Serie A,2017-02-12,Torino,Pescara,5,3,H,2016-17
Serie A,2017-02-13,Lazio,AC Milan,1,1,D,2016-17
Serie A,2017-02-17,Juventus,Palermo,4,1,H,2016-17
Serie A,2017-02-18,Atalanta,Crotone,1,0,H,2016-17
Serie A,2017-02-18,Empoli,Lazio,1,2,A,2016-17
Serie A,2017-02-19,AC Milan,Fiorentina,2,1,H,2016-17
Serie A,2017-02-19,AS Roma,Torino,4,1,H,2016-17
Serie A,2017-02-19,Bologna,Internazionale,0,1,A,2016-17
Serie A,2017-02-19,Chievo Verona,Napoli,1,3,A,2016-17
Serie A,2017-02-19,Pescara,Genoa,5,0,H,2016-17
Serie A,2017-02-19,Sampdoria,Cagliari,1,1,D,2016-17
Serie A,2017-02-19,Udinese,Sassuolo,1,2,A,2016-17
Serie A,2017-02-25,Juventus,Empoli,2,0,H,2016-17
Serie A,2017-02-25,Napoli,Atalanta,0,2,A,2016-17
Serie A,2017-02-26,Chievo Verona,Pescara,2,0,H,2016-17
Serie A,2017-02-26,Crotone,Cagliari,1,2,A,2016-17
Serie A,2017-02-26,Genoa,Bologna,1,1,D,2016-17
Serie A,2017-02-26,Internazionale,AS Roma,1,3,A,2016-17
Serie A,2017-02-26,Lazio,Udinese,1,0,H,2016-17
Serie A,2017-02-26,Palermo,Sampdoria,1,1,D,2016-17
Serie A,2017-02-26,Sassuolo,AC Milan,0,1,A,2016-17
Serie A,2017-02-27,Fiorentina,Torino,2,2,D,2016-17
Serie A,2017-03-04,AC Milan,Chievo Verona,3,1,H,2016-17
Serie A,2017-03-04,AS Roma,Napoli,1,2,A,2016-17
Serie A,2017-03-04,Sampdoria,Pescara,3,1,H,2016-17
Serie A,2017-03-05,Atalanta,Fiorentina,0,0,D,2016-17
Serie A,2017-03-05,Bologna,Lazio,0,2,A,2016-17
Serie A,2017-03-05,Cagliari,Internazionale,1,5,A,2016-17
Serie A,2017-03-05,Crotone,Sassuolo,0,0,D,2016-17
Serie A,2017-03-05,Empoli,Genoa,0,2,A,2016-17
Serie A,2017-03-05,Torino,Palermo,3,1,H,2016-17
Serie A,2017-03-05,Udinese,Juventus,1,1,D,2016-17
Serie A,2017-03-10,Juventus,AC Milan,2,1,H,2016-17
Serie A,2017-03-11,Genoa,Sampdoria,0,1,A,2016-17
Serie A,2017-03-12,Chievo Verona,Empoli,4,0,H,2016-17
Serie A,2017-03-12,Fiorentina,Cagliari,1,0,H,2016-17
Serie A,2017-03-12,Internazionale,Atalanta,7,1,H,2016-17
Serie A,2017-03-12,Napoli,Crotone,3,0,H,2016-17
Serie A,2017-03-12,Palermo,AS Roma,0,3,A,2016-17
Serie A,2017-03-12,Pescara,Udinese,1,3,A,2016-17
Serie A,2017-03-12,Sassuolo,Bologna,0,1,A,2016-17
Serie A,2017-03-13,Lazio,Torino,3,1,H,2016-17
Serie A,2017-03-18,AC Milan,Genoa,1,0,H,2016-17
Serie A,2017-03-18,Torino,Internazionale,2,2,D,2016-17
Serie A,2017-03-19,AS Roma,Sassuolo,3,1,H,2016-17
Serie A,2017-03-19,Atalanta,Pescara,3,0,H,2016-17
Serie A,2017-03-19,Bologna,Chievo Verona,4,1,H,2016-17
Serie A,2017-03-19,Cagliari,Lazio,0,0,D,2016-17
Serie A,2017-03-19,Crotone,Fiorentina,0,1,A,2016-17
Serie A,2017-03-19,Empoli,Napoli,2,3,A,2016-17
Serie A,2017-03-19,Sampdoria,Juventus,0,1,A,2016-17
Serie A,2017-03-19,Udinese,Palermo,4,1,H,2016-17
Serie A,2017-04-01,AS Roma,Empoli,2,0,H,2016-17
Serie A,2017-04-01,Sassuolo,Lazio,1,2,A,2016-17
Serie A,2017-04-02,Chievo Verona,Crotone,1,2,A,2016-17
Serie A,2017-04-02,Fiorentina,Bologna,1,0,H,2016-17
Serie A,2017-04-02,Genoa,Atalanta,0,5,A,2016-17
Serie A,2017-04-02,Napoli,Juventus,1,1,D,2016-17
Serie A,2017-04-02,Palermo,Cagliari,1,3,A,2016-17
Serie A,2017-04-02,Pescara,AC Milan,1,1,D,2016-17
Serie A,2017-04-02,Torino,Udinese,2,2,D,2016-17
Serie A,2017-04-03,Internazionale,Sampdoria,1,2,A,2016-17
Serie A,2017-04-08,Atalanta,Sassuolo,1,1,D,2016-17
Serie A,2017-04-08,Empoli,Pescara,1,1,D,2016-17
Serie A,2017-04-08,Juventus,Chievo Verona,2,0,H,2016-17
Serie A,2017-04-09,AC Milan,Palermo,4,0,H,2016-17
Serie A,2017-04-09,Bologna,AS Roma,0,3,A,2016-17
Serie A,2017-04-09,Cagliari,Torino,2,3,A,2016-17
Serie A,2017-04-09,Crotone,Internazionale,2,1,H,2016-17
Serie A,2017-04-09,Lazio,Napoli,0,3,A,2016-17
Serie A,2017-04-09,Sampdoria,Fiorentina,2,2,D,2016-17
Serie A,2017-04-09,Udinese,Genoa,3,0,H,2016-17
Serie A,2017-04-15,AS Roma,Atalanta,1,1,D,2016-17
Serie A,2017-04-15,Cagliari,Chievo Verona,4,0,H,2016-17
Serie A,2017-04-15,Fiorentina,Empoli,1,2,A,2016-17
Serie A,2017-04-15,Genoa,Lazio,2,2,D,2016-17
Serie A,2017-04-15,Internazionale,AC Milan,2,2,D,2016-17
Serie A,2017-04-15,Napoli,Udinese,3,0,H,2016-17
Serie A,2017-04-15,Palermo,Bologna,0,0,D,2016-17
Serie A,2017-04-15,Pescara,Juventus,0,2,A,2016-17
Serie A,2017-04-15,Sassuolo,Sampdoria,2,1,H,2016-17
Serie A,2017-04-15,Torino,Crotone,1,1,D,2016-17
Serie A,2017-04-22,Atalanta,Bologna,3,2,H,2016-17
Serie A,2017-04-22,Fiorentina,Internazionale,5,4,H,2016-17
Serie A,2017-04-23,AC Milan,Empoli,1,2,A,2016-17
Serie A,2017-04-23,Chievo Verona,Torino,1,3,A,2016-17
Serie A,2017-04-23,Juventus,Genoa,4,0,H,2016-17
Serie A,2017-04-23,Lazio,Palermo,6,2,H,2016-17
Serie A,2017-04-23,Sampdoria,Crotone,1,2,A,2016-17
Serie A,2017-04-23,Sassuolo,Napoli,2,2,D,2016-17
Serie A,2017-04-23,Udinese,Cagliari,2,1,H,2016-17
Serie A,2017-04-24,Pescara,AS Roma,1,4,A,2016-17
Serie A,2017-04-28,Atalanta,Juventus,2,2,D,2016-17
Serie A,2017-04-29,Torino,Sampdoria,1,1,D,2016-17
Serie A,2017-04-30,AS Roma,Lazio,1,3,A,2016-17
Serie A,2017-04-30,Bologna,Udinese,4,0,H,2016-17
Serie A,2017-04-30,Cagliari,Pescara,1,0,H,2016-17
Serie A,2017-04-30,Crotone,AC Milan,1,1,D,2016-17
Serie A,2017-04-30,Empoli,Sassuolo,1,3,A,2016-17
Serie A,2017-04-30,Genoa,Chievo Verona,1,2,A,2016-17
Serie A,2017-04-30,Internazionale,Napoli,0,1,A,2016-17
Serie A,2017-04-30,Palermo,Fiorentina,2,0,H,2016-17
Serie A,2017-05-06,Juventus,Torino,1,1,D,2016-17
Serie A,2017-05-06,Napoli,Cagliari,3,1,H,2016-17
Serie A,2017-05-07,AC Milan,AS Roma,1,4,A,2016-17
Serie A,2017-05-07,Chievo Verona,Palermo,1,1,D,2016-17
Serie A,2017-05-07,Empoli,Bologna,3,1,H,2016-17
Serie A,2017-05-07,Genoa,Internazionale,1,0,H,2016-17
Serie A,2017-05-07,Lazio,Sampdoria,7,3,H,2016-17
Serie A,2017-05-07,Pescara,Crotone,0,1,A,2016-17
Serie A,2017-05-07,Sassuolo,Fiorentina,2,2,D,2016-17
Serie A,2017-05-07,Udinese,Atalanta,1,1,D,2016-17
Serie A,2017-05-13,Atalanta,AC Milan,1,1,D,2016-17
Serie A,2017-05-13,Fiorentina,Lazio,3,2,H,2016-17
Serie A,2017-05-14,AS Roma,Juventus,3,1,H,2016-17
Serie A,2017-05-14,Bologna,Pescara,3,1,H,2016-17
Serie A,2017-05-14,Cagliari,Empoli,3,2,H,2016-17
Serie A,2017-05-14,Crotone,Udinese,1,0,H,2016-17
Serie A,2017-05-14,Internazionale,Sassuolo,1,2,A,2016-17
Serie A,2017-05-14,Palermo,Genoa,1,0,H,2016-17
Serie A,2017-05-14,Sampdoria,Chievo Verona,1,1,D,2016-17
Serie A,2017-05-14,Torino,Napoli,0,5,A,2016-17
Serie A,2017-05-20,Chievo Verona,AS Roma,3,5,A,2016-17
Serie A,2017-05-20,Napoli,Fiorentina,4,1,H,2016-17
Serie A,2017-05-21,AC Milan,Bologna,3,0,H,2016-17
Serie A,2017-05-21,Empoli,Atalanta,0,1,A,2016-17
Serie A,2017-05-21,Genoa,Torino,2,1,H,2016-17
Serie A,2017-05-21,Juventus,Crotone,3,0,H,2016-17
Serie A,2017-05-21,Lazio,Internazionale,1,3,A,2016-17
Serie A,2017-05-21,Sassuolo,Cagliari,6,2,H,2016-17
Serie A,2017-05-21,Udinese,Sampdoria,1,1,D,2016-17
Serie A,2017-05-22,Pescara,Palermo,2,0,H,2016-17
Serie A,2017-05-27,Atalanta,Chievo Verona,1,0,H,2016-17
Serie A,2017-05-27,Bologna,Juventus,1,2,A,2016-17
Serie A,2017-05-28,AS Roma,Genoa,3,2,H,2016-17
Serie A,2017-05-28,Cagliari,AC Milan,2,1,H,2016-17
Serie A,2017-05-28,Crotone,Lazio,3,1,H,2016-17
Serie A,2017-05-28,Fiorentina,Pescara,2,2,D,2016-17
Serie A,2017-05-28,Internazionale,Udinese,5,2,H,2016-17
Serie A,2017-05-28,Palermo,Empoli,2,1,H,2016-17
Serie A,2017-05-28,Sampdoria,Napoli,2,4,A,2016-17
Serie A,2017-05-28,Torino,Sassuolo,5,3,H,2016-17
Serie A,2017-08-19,Hellas Verona,Napoli,1,3,A,2017-18
Serie A,2017-08-19,Juventus,Cagliari,3,0,H,2017-18
Serie A,2017-08-20,Atalanta,AS Roma,0,1,A,2017-18
Serie A,2017-08-20,Bologna,Torino,1,1,D,2017-18
Serie A,2017-08-20,Crotone,AC Milan,0,3,A,2017-18
Serie A,2017-08-20,Internazionale,Fiorentina,3,0,H,2017-18
Serie A,2017-08-20,Lazio,SPAL,0,0,D,2017-18
Serie A,2017-08-20,Sampdoria,Benevento,2,1,H,2017-18
Serie A,2017-08-20,Sassuolo,Genoa,0,0,D,2017-18
Serie A,2017-08-20,Udinese,Chievo Verona,1,2,A,2017-18
Serie A,2017-08-26,AS Roma,Internazionale,1,3,A,2017-18
Serie A,2017-08-26,Benevento,Bologna,0,1,A,2017-18
Serie A,2017-08-26,Genoa,Juventus,2,4,A,2017-18
Serie A,2017-08-27,AC Milan,Cagliari,2,1,H,2017-18
Serie A,2017-08-27,Chievo Verona,Lazio,1,2,A,2017-18
Serie A,2017-08-27,Crotone,Hellas Verona,0,0,D,2017-18
Serie A,2017-08-27,Fiorentina,Sampdoria,1,2,A,2017-18
Serie A,2017-08-27,Napoli,Atalanta,3,1,H,2017-18
Serie A,2017-08-27,SPAL,Udinese,3,2,H,2017-18
Serie A,2017-08-27,Torino,Sassuolo,3,0,H,2017-18
Serie A,2017-09-09,Juventus,Chievo Verona,3,0,H,2017-18
Serie A,2017-09-10,Atalanta,Sassuolo,2,1,H,2017-18
Serie A,2017-09-10,Benevento,Torino,0,1,A,2017-18
Serie A,2017-09-10,Bologna,Napoli,0,3,A,2017-18
Serie A,2017-09-10,Cagliari,Crotone,1,0,H,2017-18
Serie A,2017-09-10,Hellas Verona,Fiorentina,0,5,A,2017-18
Serie A,2017-09-10,Internazionale,SPAL,2,0,H,2017-18
Serie A,2017-09-10,Lazio,AC Milan,4,1,H,2017-18
Serie A,2017-09-10,Udinese,Genoa,1,0,H,2017-18
Serie A,2017-09-16,AS Roma,Hellas Verona,3,0,H,2017-18
Serie A,2017-09-16,Crotone,Internazionale,0,2,A,2017-18
Serie A,2017-09-16,Fiorentina,Bologna,2,1,H,2017-18
Serie A,2017-09-17,AC Milan,Udinese,2,1,H,2017-18
Serie A,2017-09-17,Chievo Verona,Atalanta,1,1,D,2017-18
Serie A,2017-09-17,Genoa,Lazio,2,3,A,2017-18
Serie A,2017-09-17,Napoli,Benevento,6,0,H,2017-18
Serie A,2017-09-17,SPAL,Cagliari,0,2,A,2017-18
Serie A,2017-09-17,Sassuolo,Juventus,1,3,A,2017-18
Serie A,2017-09-17,Torino,Sampdoria,2,2,D,2017-18
Serie A,2017-09-19,Bologna,Internazionale,1,1,D,2017-18
Serie A,2017-09-20,AC Milan,SPAL,2,0,H,2017-18
Serie A,2017-09-20,Atalanta,Crotone,5,1,H,2017-18
Serie A,2017-09-20,Benevento,AS Roma,0,4,A,2017-18
Serie A,2017-09-20,Cagliari,Sassuolo,0,1,A,2017-18
Serie A,2017-09-20,Genoa,Chievo Verona,1,1,D,2017-18
Serie A,2017-09-20,Hellas Verona,Sampdoria,0,0,D,2017-18
Serie A,2017-09-20,Juventus,Fiorentina,1,0,H,2017-18
Serie A,2017-09-20,Lazio,Napoli,1,4,A,2017-18
Serie A,2017-09-20,Udinese,Torino,2,3,A,2017-18
Serie A,2017-09-23,AS Roma,Udinese,3,1,H,2017-18
Serie A,2017-09-23,Juventus,Torino,4,0,H,2017-18
Serie A,2017-09-23,SPAL,Napoli,2,3,A,2017-18
Serie A,2017-09-24,Cagliari,Chievo Verona,0,2,A,2017-18
Serie A,2017-09-24,Crotone,Benevento,2,0,H,2017-18
Serie A,2017-09-24,Fiorentina,Atalanta,1,1,D,2017-18
Serie A,2017-09-24,Hellas Verona,Lazio,0,3,A,2017-18
Serie A,2017-09-24,Internazionale,Genoa,1,0,H,2017-18
Serie A,2017-09-24,Sampdoria,AC Milan,2,0,H,2017-18
Serie A,2017-09-24,Sassuolo,Bologna,0,1,A,2017-18
Serie A,2017-09-30,Genoa,Bologna,0,1,A,2017-18
Serie A,2017-09-30,Udinese,Sampdoria,4,0,H,2017-18
Serie A,2017-10-01,AC Milan,AS Roma,0,2,A,2017-18
Serie A,2017-10-01,Atalanta,Juventus,2,2,D,2017-18
Serie A,2017-10-01,Benevento,Internazionale,1,2,A,2017-18
Serie A,2017-10-01,Chievo Verona,Fiorentina,2,1,H,2017-18
Serie A,2017-10-01,Lazio,Sassuolo,6,1,H,2017-18
Serie A,2017-10-01,Napoli,Cagliari,3,0,H,2017-18
Serie A,2017-10-01,SPAL,Crotone,1,1,D,2017-18
Serie A,2017-10-01,Torino,Hellas Verona,2,2,D,2017-18
Serie A,2017-10-14,AS Roma,Napoli,0,1,A,2017-18
Serie A,2017-10-14,Juventus,Lazio,1,2,A,2017-18
Serie A,2017-10-15,Bologna,SPAL,2,1,H,2017-18
Serie A,2017-10-15,Cagliari,Genoa,2,3,A,2017-18
Serie A,2017-10-15,Crotone,Torino,2,2,D,2017-18
Serie A,2017-10-15,Fiorentina,Udinese,2,1,H,2017-18
Serie A,2017-10-15,Internazionale,AC Milan,3,2,H,2017-18
Serie A,2017-10-15,Sampdoria,Atalanta,3,1,H,2017-18
Serie A,2017-10-15,Sassuolo,Chievo Verona,0,0,D,2017-18
Serie A,2017-10-16,Hellas Verona,Benevento,1,0,H,2017-18
Serie A,2017-10-21,Napoli,Internazionale,0,0,D,2017-18
Serie A,2017-10-21,Sampdoria,Crotone,5,0,H,2017-18
Serie A,2017-10-22,AC Milan,Genoa,0,0,D,2017-18
Serie A,2017-10-22,Atalanta,Bologna,1,0,H,2017-18
Serie A,2017-10-22,Benevento,Fiorentina,0,3,A,2017-18
Serie A,2017-10-22,Chievo Verona,Hellas Verona,3,2,H,2017-18
Serie A,2017-10-22,Lazio,Cagliari,3,0,H,2017-18
Serie A,2017-10-22,SPAL,Sassuolo,0,1,A,2017-18
Serie A,2017-10-22,Torino,AS Roma,0,1,A,2017-18
Serie A,2017-10-22,Udinese,Juventus,2,6,A,2017-18
Serie A,2017-10-24,Internazionale,Sampdoria,3,2,H,2017-18
Serie A,2017-10-25,AS Roma,Crotone,1,0,H,2017-18
Serie A,2017-10-25,Atalanta,Hellas Verona,3,0,H,2017-18
Serie A,2017-10-25,Bologna,Lazio,1,2,A,2017-18
Serie A,2017-10-25,Cagliari,Benevento,2,1,H,2017-18
Serie A,2017-10-25,Chievo Verona,AC Milan,1,4,A,2017-18
Serie A,2017-10-25,Fiorentina,Torino,3,0,H,2017-18
Serie A,2017-10-25,Genoa,Napoli,2,3,A,2017-18
Serie A,2017-10-25,Juventus,SPAL,4,1,H,2017-18
Serie A,2017-10-25,Sassuolo,Udinese,0,1,A,2017-18
Serie A,2017-10-28,AC Milan,Juventus,0,2,A,2017-18
Serie A,2017-10-28,AS Roma,Bologna,1,0,H,2017-18
Serie A,2017-10-29,Benevento,Lazio,1,5,A,2017-18
Serie A,2017-10-29,Crotone,Fiorentina,2,1,H,2017-18
Serie A,2017-10-29,Napoli,Sassuolo,3,1,H,2017-18
Serie A,2017-10-29,SPAL,Genoa,1,0,H,2017-18
Serie A,2017-10-29,Sampdoria,Chievo Verona,4,1,H,2017-18
Serie A,2017-10-29,Torino,Cagliari,2,1,H,2017-18
Serie A,2017-10-29,Udinese,Atalanta,2,1,H,2017-18
Serie A,2017-10-30,Hellas Verona,Internazionale,1,2,A,2017-18
Serie A,2017-11-04,Bologna,Crotone,2,3,A,2017-18
Serie A,2017-11-04,Genoa,Sampdoria,0,2,A,2017-18
Serie A,2017-11-05,Atalanta,SPAL,1,1,D,2017-18
Serie A,2017-11-05,Cagliari,Hellas Verona,2,1,H,2017-18
Serie A,2017-11-05,Chievo Verona,Napoli,0,0,D,2017-18
Serie A,2017-11-05,Fiorentina,AS Roma,2,4,A,2017-18
Serie A,2017-11-05,Internazionale,Torino,1,1,D,2017-18
Serie A,2017-11-05,Juventus,Benevento,2,1,H,2017-18
Serie A,2017-11-05,Sassuolo,AC Milan,0,2,A,2017-18
Serie A,2017-11-18,AS Roma,Lazio,2,1,H,2017-18
Serie A,2017-11-18,Napoli,AC Milan,2,1,H,2017-18
Serie A,2017-11-19,Benevento,Sassuolo,1,2,A,2017-18
Serie A,2017-11-19,Crotone,Genoa,0,1,A,2017-18
Serie A,2017-11-19,Internazionale,Atalanta,2,0,H,2017-18
Serie A,2017-11-19,SPAL,Fiorentina,1,1,D,2017-18
Serie A,2017-11-19,Sampdoria,Juventus,3,2,H,2017-18
Serie A,2017-11-19,Torino,Chievo Verona,1,1,D,2017-18
Serie A,2017-11-19,Udinese,Cagliari,0,1,A,2017-18
Serie A,2017-11-20,Hellas Verona,Bologna,2,3,A,2017-18
Serie A,2017-11-25,Bologna,Sampdoria,3,0,H,2017-18
Serie A,2017-11-25,Cagliari,Internazionale,1,3,A,2017-18
Serie A,2017-11-25,Chievo Verona,SPAL,2,1,H,2017-18
Serie A,2017-11-25,Sassuolo,Hellas Verona,0,2,A,2017-18
Serie A,2017-11-26,AC Milan,Torino,0,0,D,2017-18
Serie A,2017-11-26,Genoa,AS Roma,1,1,D,2017-18
Serie A,2017-11-26,Juventus,Crotone,3,0,H,2017-18
Serie A,2017-11-26,Lazio,Fiorentina,1,1,D,2017-18
Serie A,2017-11-26,Udinese,Napoli,0,1,A,2017-18
Serie A,2017-11-27,Atalanta,Benevento,1,0,H,2017-18
Serie A,2017-12-01,AS Roma,SPAL,3,1,H,2017-18
Serie A,2017-12-01,Napoli,Juventus,0,1,A,2017-18
Serie A,2017-12-02,Torino,Atalanta,1,1,D,2017-18
Serie A,2017-12-03,Benevento,AC Milan,2,2,D,2017-18
Serie A,2017-12-03,Bologna,Cagliari,1,1,D,2017-18
Serie A,2017-12-03,Fiorentina,Sassuolo,3,0,H,2017-18
Serie A,2017-12-03,Internazionale,Chievo Verona,5,0,H,2017-18
Serie A,2017-12-03,Sampdoria,Lazio,1,2,A,2017-18
Serie A,2017-12-04,Crotone,Udinese,0,3,A,2017-18
Serie A,2017-12-04,Hellas Verona,Genoa,0,1,A,2017-18
Serie A,2017-12-09,Cagliari,Sampdoria,2,2,D,2017-18
Serie A,2017-12-09,Juventus,Internazionale,0,0,D,2017-18
Serie A,2017-12-10,AC Milan,Bologna,2,1,H,2017-18
Serie A,2017-12-10,Chievo Verona,AS Roma,0,0,D,2017-18
Serie A,2017-12-10,Napoli,Fiorentina,0,0,D,2017-18
Serie A,2017-12-10,SPAL,Hellas Verona,2,2,D,2017-18
Serie A,2017-12-10,Sassuolo,Crotone,2,1,H,2017-18
Serie A,2017-12-10,Udinese,Benevento,2,0,H,2017-18
Serie A,2017-12-11,Lazio,Torino,1,3,A,2017-18
Serie A,2017-12-12,Genoa,Atalanta,1,2,A,2017-18
Serie A,2017-12-16,AS Roma,Cagliari,1,0,H,2017-18
Serie A,2017-12-16,Internazionale,Udinese,1,3,A,2017-18
Serie A,2017-12-16,Torino,Napoli,1,3,A,2017-18
Serie A,2017-12-17,Atalanta,Lazio,3,3,D,2017-18
Serie A,2017-12-17,Benevento,SPAL,1,2,A,2017-18
Serie A,2017-12-17,Bologna,Juventus,0,3,A,2017-18
Serie A,2017-12-17,Crotone,Chievo Verona,1,0,H,2017-18
Serie A,2017-12-17,Fiorentina,Genoa,0,0,D,2017-18
Serie A,2017-12-17,Hellas Verona,AC Milan,3,0,H,2017-18
Serie A,2017-12-17,Sampdoria,Sassuolo,0,1,A,2017-18
Serie A,2017-12-22,Cagliari,Fiorentina,0,1,A,2017-18
Serie A,2017-12-22,Chievo Verona,Bologna,2,3,A,2017-18
Serie A,2017-12-23,AC Milan,Atalanta,0,2,A,2017-18
Serie A,2017-12-23,Genoa,Benevento,1,0,H,2017-18
Serie A,2017-12-23,Juventus,AS Roma,1,0,H,2017-18
Serie A,2017-12-23,Lazio,Crotone,4,0,H,2017-18
Serie A,2017-12-23,Napoli,Sampdoria,3,2,H,2017-18
Serie A,2017-12-23,SPAL,Torino,2,2,D,2017-18
Serie A,2017-12-23,Sassuolo,Internazionale,1,0,H,2017-18
Serie A,2017-12-23,Udinese,Hellas Verona,4,0,H,2017-18
Serie A,2017-12-29,Crotone,Napoli,0,1,A,2017-18
Serie A,2017-12-30,AS Roma,Sassuolo,1,1,D,2017-18
Serie A,2017-12-30,Atalanta,Cagliari,1,2,A,2017-18
Serie A,2017-12-30,Benevento,Chievo Verona,1,0,H,2017-18
Serie A,2017-12-30,Bologna,Udinese,1,2,A,2017-18
Serie A,2017-12-30,Fiorentina,AC Milan,1,1,D,2017-18
Serie A,2017-12-30,Hellas Verona,Juventus,1,3,A,2017-18
Serie A,2017-12-30,Internazionale,Lazio,0,0,D,2017-18
Serie A,2017-12-30,Sampdoria,SPAL,2,0,H,2017-18
Serie A,2017-12-30,Torino,Genoa,0,0,D,2017-18
Serie A,2018-01-05,Chievo Verona,Udinese,1,1,D,2017-18
Serie A,2018-01-05,Fiorentina,Internazionale,1,1,D,2017-18
Serie A,2018-01-06,AC Milan,Crotone,1,0,H,2017-18
Serie A,2018-01-06,AS Roma,Atalanta,1,2,A,2017-18
Serie A,2018-01-06,Benevento,Sampdoria,3,2,H,2017-18
Serie A,2018-01-06,Cagliari,Juventus,0,1,A,2017-18
Serie A,2018-01-06,Genoa,Sassuolo,1,0,H,2017-18
Serie A,2018-01-06,Napoli,Hellas Verona,2,0,H,2017-18
Serie A,2018-01-06,SPAL,Lazio,2,5,A,2017-18
Serie A,2018-01-06,Torino,Bologna,3,0,H,2017-18
Serie A,2018-01-21,Atalanta,Napoli,0,1,A,2017-18
Serie A,2018-01-21,Bologna,Benevento,3,0,H,2017-18
Serie A,2018-01-21,Cagliari,AC Milan,1,2,A,2017-18
Serie A,2018-01-21,Hellas Verona,Crotone,0,3,A,2017-18
Serie A,2018-01-21,Internazionale,AS Roma,1,1,D,2017-18
Serie A,2018-01-21,Lazio,Chievo Verona,5,1,H,2017-18
Serie A,2018-01-21,Sampdoria,Fiorentina,3,1,H,2017-18
Serie A,2018-01-21,Sassuolo,Torino,1,1,D,2017-18
Serie A,2018-01-21,Udinese,SPAL,1,1,D,2017-18
Serie A,2018-01-22,Juventus,Genoa,1,0,H,2017-18
Serie A,2018-01-24,Lazio,Udinese,3,0,H,2017-18
Serie A,2018-01-24,Sampdoria,AS Roma,1,1,D,2017-18
Serie A,2018-01-27,Chievo Verona,Juventus,0,2,A,2017-18
Serie A,2018-01-27,Sassuolo,Atalanta,0,3,A,2017-18
Serie A,2018-01-28,AC Milan,Lazio,2,1,H,2017-18
Serie A,2018-01-28,AS Roma,Sampdoria,0,1,A,2017-18
Serie A,2018-01-28,Crotone,Cagliari,1,1,D,2017-18
Serie A,2018-01-28,Fiorentina,Hellas Verona,1,4,A,2017-18
Serie A,2018-01-28,Genoa,Udinese,0,1,A,2017-18
Serie A,2018-01-28,Napoli,Bologna,3,1,H,2017-18
Serie A,2018-01-28,SPAL,Internazionale,1,1,D,2017-18
Serie A,2018-01-28,Torino,Benevento,3,0,H,2017-18
Serie A,2018-02-03,Internazionale,Crotone,1,1,D,2017-18
Serie A,2018-02-03,Sampdoria,Torino,1,1,D,2017-18
Serie A,2018-02-04,Atalanta,Chievo Verona,1,0,H,2017-18
Serie A,2018-02-04,Benevento,Napoli,0,2,A,2017-18
Serie A,2018-02-04,Bologna,Fiorentina,1,2,A,2017-18
Serie A,2018-02-04,Cagliari,SPAL,2,0,H,2017-18
Serie A,2018-02-04,Hellas Verona,AS Roma,0,1,A,2017-18
Serie A,2018-02-04,Juventus,Sassuolo,7,0,H,2017-18
Serie A,2018-02-04,Udinese,AC Milan,1,1,D,2017-18
Serie A,2018-02-05,Lazio,Genoa,1,2,A,2017-18
Serie A,2018-02-09,Fiorentina,Juventus,0,2,A,2017-18
Serie A,2018-02-10,Crotone,Atalanta,1,1,D,2017-18
Serie A,2018-02-10,Napoli,Lazio,4,1,H,2017-18
Serie A,2018-02-10,SPAL,AC Milan,0,4,A,2017-18
Serie A,2018-02-11,AS Roma,Benevento,5,2,H,2017-18
Serie A,2018-02-11,Chievo Verona,Genoa,0,1,A,2017-18
Serie A,2018-02-11,Internazionale,Bologna,2,1,H,2017-18
Serie A,2018-02-11,Sampdoria,Hellas Verona,2,0,H,2017-18
Serie A,2018-02-11,Sassuolo,Cagliari,0,0,D,2017-18
Serie A,2018-02-11,Torino,Udinese,2,0,H,2017-18
Serie A,2018-02-17,Chievo Verona,Cagliari,2,1,H,2017-18
Serie A,2018-02-17,Genoa,Internazionale,2,0,H,2017-18
Serie A,2018-02-17,Udinese,AS Roma,0,2,A,2017-18
Serie A,2018-02-18,AC Milan,Sampdoria,1,0,H,2017-18
Serie A,2018-02-18,Atalanta,Fiorentina,1,1,D,2017-18
Serie A,2018-02-18,Benevento,Crotone,3,2,H,2017-18
Serie A,2018-02-18,Bologna,Sassuolo,2,1,H,2017-18
Serie A,2018-02-18,Napoli,SPAL,1,0,H,2017-18
Serie A,2018-02-18,Torino,Juventus,0,1,A,2017-18
Serie A,2018-02-19,Lazio,Hellas Verona,2,0,H,2017-18
Serie A,2018-02-24,Bologna,Genoa,2,0,H,2017-18
Serie A,2018-02-24,Internazionale,Benevento,2,0,H,2017-18
Serie A,2018-02-25,AS Roma,AC Milan,0,2,A,2017-18
Serie A,2018-02-25,Crotone,SPAL,2,3,A,2017-18
Serie A,2018-02-25,Fiorentina,Chievo Verona,1,0,H,2017-18
Serie A,2018-02-25,Hellas Verona,Torino,2,1,H,2017-18
Serie A,2018-02-25,Sampdoria,Udinese,2,1,H,2017-18
Serie A,2018-02-25,Sassuolo,Lazio,0,3,A,2017-18
Serie A,2018-02-26,Cagliari,Napoli,0,5,A,2017-18
Serie A,2018-03-03,Lazio,Juventus,0,1,A,2017-18
Serie A,2018-03-03,Napoli,AS Roma,2,4,A,2017-18
Serie A,2018-03-03,SPAL,Bologna,1,0,H,2017-18
Serie A,2018-03-09,AS Roma,Torino,3,0,H,2017-18
Serie A,2018-03-10,Hellas Verona,Chievo Verona,1,0,H,2017-18
Serie A,2018-03-11,Bologna,Atalanta,0,1,A,2017-18
Serie A,2018-03-11,Cagliari,Lazio,2,2,D,2017-18
Serie A,2018-03-11,Crotone,Sampdoria,4,1,H,2017-18
Serie A,2018-03-11,Fiorentina,Benevento,1,0,H,2017-18
Serie A,2018-03-11,Genoa,AC Milan,0,1,A,2017-18
Serie A,2018-03-11,Internazionale,Napoli,0,0,D,2017-18
Serie A,2018-03-11,Juventus,Udinese,2,0,H,2017-18
Serie A,2018-03-11,Sassuolo,SPAL,1,1,D,2017-18
Serie A,2018-03-14,Juventus,Atalanta,2,0,H,2017-18
Serie A,2018-03-17,SPAL,Juventus,0,0,D,2017-18
Serie A,2018-03-17,Udinese,Sassuolo,1,2,A,2017-18
Serie A,2018-03-18,AC Milan,Chievo Verona,3,2,H,2017-18
Serie A,2018-03-18,Benevento,Cagliari,1,2,A,2017-18
Serie A,2018-03-18,Crotone,AS Roma,0,2,A,2017-18
Serie A,2018-03-18,Hellas Verona,Atalanta,0,5,A,2017-18
Serie A,2018-03-18,Lazio,Bologna,1,1,D,2017-18
Serie A,2018-03-18,Napoli,Genoa,1,0,H,2017-18
Serie A,2018-03-18,Sampdoria,Internazionale,0,5,A,2017-18
Serie A,2018-03-18,Torino,Fiorentina,1,2,A,2017-18
Serie A,2018-03-31,Atalanta,Udinese,2,0,H,2017-18
Serie A,2018-03-31,Bologna,AS Roma,1,1,D,2017-18
Serie A,2018-03-31,Cagliari,Torino,0,4,A,2017-18
Serie A,2018-03-31,Chievo Verona,Sampdoria,2,1,H,2017-18
Serie A,2018-03-31,Fiorentina,Crotone,2,0,H,2017-18
Serie A,2018-03-31,Genoa,SPAL,1,1,D,2017-18
Serie A,2018-03-31,Internazionale,Hellas Verona,3,0,H,2017-18
Serie A,2018-03-31,Juventus,AC Milan,3,1,H,2017-18
Serie A,2018-03-31,Lazio,Benevento,6,2,H,2017-18
Serie A,2018-03-31,Sassuolo,Napoli,1,1,D,2017-18
Serie A,2018-04-03,Atalanta,Sampdoria,1,2,A,2017-18
Serie A,2018-04-03,Genoa,Cagliari,2,1,H,2017-18
Serie A,2018-04-03,Udinese,Fiorentina,0,2,A,2017-18
Serie A,2018-04-04,AC Milan,Internazionale,0,0,D,2017-18
Serie A,2018-04-04,Benevento,Hellas Verona,3,0,H,2017-18
Serie A,2018-04-04,Chievo Verona,Sassuolo,1,1,D,2017-18
Serie A,2018-04-04,Torino,Crotone,4,1,H,2017-18
Serie A,2018-04-07,AS Roma,Fiorentina,0,2,A,2017-18
Serie A,2018-04-07,Benevento,Juventus,2,4,A,2017-18
Serie A,2018-04-07,SPAL,Atalanta,1,1,D,2017-18
Serie A,2018-04-07,Sampdoria,Genoa,0,0,D,2017-18
Serie A,2018-04-08,AC Milan,Sassuolo,1,1,D,2017-18
Serie A,2018-04-08,Crotone,Bologna,1,0,H,2017-18
Serie A,2018-04-08,Hellas Verona,Cagliari,1,0,H,2017-18
Serie A,2018-04-08,Napoli,Chievo Verona,2,1,H,2017-18
Serie A,2018-04-08,Torino,Internazionale,1,0,H,2017-18
Serie A,2018-04-08,Udinese,Lazio,1,2,A,2017-18
Serie A,2018-04-14,Atalanta,Internazionale,0,0,D,2017-18
Serie A,2018-04-14,Cagliari,Udinese,2,1,H,2017-18
Serie A,2018-04-14,Chievo Verona,Torino,0,0,D,2017-18
Serie A,2018-04-14,Genoa,Crotone,1,0,H,2017-18
Serie A,2018-04-15,AC Milan,Napoli,0,0,D,2017-18
Serie A,2018-04-15,Bologna,Hellas Verona,2,0,H,2017-18
Serie A,2018-04-15,Fiorentina,SPAL,0,0,D,2017-18
Serie A,2018-04-15,Juventus,Sampdoria,3,0,H,2017-18
Serie A,2018-04-15,Lazio,AS Roma,0,0,D,2017-18
Serie A,2018-04-15,Sassuolo,Benevento,2,2,D,2017-18
Serie A,2018-04-17,Internazionale,Cagliari,4,0,H,2017-18
Serie A,2018-04-18,AS Roma,Genoa,2,1,H,2017-18
Serie A,2018-04-18,Benevento,Atalanta,0,3,A,2017-18
Serie A,2018-04-18,Crotone,Juventus,1,1,D,2017-18
Serie A,2018-04-18,Fiorentina,Lazio,3,4,A,2017-18
Serie A,2018-04-18,Hellas Verona,Sassuolo,0,1,A,2017-18
Serie A,2018-04-18,Napoli,Udinese,4,2,H,2017-18
Serie A,2018-04-18,SPAL,Chievo Verona,0,0,D,2017-18
Serie A,2018-04-18,Sampdoria,Bologna,1,0,H,2017-18
Serie A,2018-04-18,Torino,AC Milan,1,1,D,2017-18
Serie A,2018-04-21,AC Milan,Benevento,0,1,A,2017-18
Serie A,2018-04-21,SPAL,AS Roma,0,3,A,2017-18
Serie A,2018-04-21,Sassuolo,Fiorentina,1,0,H,2017-18
Serie A,2018-04-22,Atalanta,Torino,2,1,H,2017-18
Serie A,2018-04-22,Cagliari,Bologna,0,0,D,2017-18
Serie A,2018-04-22,Chievo Verona,Internazionale,1,2,A,2017-18
Serie A,2018-04-22,Juventus,Napoli,0,1,A,2017-18
Serie A,2018-04-22,Lazio,Sampdoria,4,0,H,2017-18
Serie A,2018-04-22,Udinese,Crotone,1,2,A,2017-18
Serie A,2018-04-23,Genoa,Hellas Verona,3,1,H,2017-18
Serie A,2018-04-28,AS Roma,Chievo Verona,4,1,H,2017-18
Serie A,2018-04-28,Internazionale,Juventus,2,3,A,2017-18
Serie A,2018-04-29,Atalanta,Genoa,3,1,H,2017-18
Serie A,2018-04-29,Benevento,Udinese,3,3,D,2017-18
Serie A,2018-04-29,Bologna,AC Milan,1,2,A,2017-18
Serie A,2018-04-29,Crotone,Sassuolo,4,1,H,2017-18
Serie A,2018-04-29,Fiorentina,Napoli,3,0,H,2017-18
Serie A,2018-04-29,Hellas Verona,SPAL,1,3,A,2017-18
Serie A,2018-04-29,Sampdoria,Cagliari,4,1,H,2017-18
Serie A,2018-04-29,Torino,Lazio,0,1,A,2017-18
Serie A,2018-05-05,AC Milan,Hellas Verona,4,1,H,2017-18
Serie A,2018-05-05,Juventus,Bologna,3,1,H,2017-18
Serie A,2018-05-06,Cagliari,AS Roma,0,1,A,2017-18
Serie A,2018-05-06,Chievo Verona,Crotone,2,1,H,2017-18
Serie A,2018-05-06,Genoa,Fiorentina,2,3,A,2017-18
Serie A,2018-05-06,Lazio,Atalanta,1,1,D,2017-18
Serie A,2018-05-06,Napoli,Torino,2,2,D,2017-18
Serie A,2018-05-06,SPAL,Benevento,2,0,H,2017-18
Serie A,2018-05-06,Sassuolo,Sampdoria,1,0,H,2017-18
Serie A,2018-05-06,Udinese,Internazionale,0,4,A,2017-18
Serie A,2018-05-12,Benevento,Genoa,1,0,H,2017-18
Serie A,2018-05-12,Internazionale,Sassuolo,1,2,A,2017-18
Serie A,2018-05-13,AS Roma,Juventus,0,0,D,2017-18
Serie A,2018-05-13,Atalanta,AC Milan,1,1,D,2017-18
Serie A,2018-05-13,Bologna,Chievo Verona,1,2,A,2017-18
Serie A,2018-05-13,Crotone,Lazio,2,2,D,2017-18
Serie A,2018-05-13,Fiorentina,Cagliari,0,1,A,2017-18
Serie A,2018-05-13,Hellas Verona,Udinese,0,1,A,2017-18
Serie A,2018-05-13,Sampdoria,Napoli,0,2,A,2017-18
Serie A,2018-05-13,Torino,SPAL,2,1,H,2017-18
Serie A,2018-05-19,Juventus,Hellas Verona,2,1,H,2017-18
Serie A,2018-05-20,AC Milan,Fiorentina,5,1,H,2017-18
Serie A,2018-05-20,Cagliari,Atalanta,1,0,H,2017-18
Serie A,2018-05-20,Chievo Verona,Benevento,1,0,H,2017-18
Serie A,2018-05-20,Genoa,Torino,1,2,A,2017-18
Serie A,2018-05-20,Lazio,Internazionale,2,3,A,2017-18
Serie A,2018-05-20,Napoli,Crotone,2,1,H,2017-18
Serie A,2018-05-20,SPAL,Sampdoria,3,1,H,2017-18
Serie A,2018-05-20,Sassuolo,AS Roma,0,1,A,2017-18
Serie A,2018-05-20,Udinese,Bologna,1,0,H,2017-18
Serie A,2018-08-18,Chievo Verona,Juventus,2,3,A,2018-19
Serie A,2018-08-18,Lazio,Napoli,1,2,A,2018-19
Serie A,2018-08-19,Bologna,SPAL,0,1,A,2018-19
Serie A,2018-08-19,Empoli,Cagliari,2,0,H,2018-19
Serie A,2018-08-19,Parma,Udinese,2,2,D,2018-19
Serie A,2018-08-19,Sassuolo,Internazionale,1,0,H,2018-19
Serie A,2018-08-19,Torino,AS Roma,0,1,A,2018-19
Serie A,2018-08-20,Atalanta,Frosinone,4,0,H,2018-19
Serie A,2018-08-25,Juventus,Lazio,2,0,H,2018-19
Serie A,2018-08-25,Napoli,AC Milan,3,2,H,2018-19
Serie A,2018-08-26,Cagliari,Sassuolo,2,2,D,2018-19
Serie A,2018-08-26,Fiorentina,Chievo Verona,6,1,H,2018-19
Serie A,2018-08-26,Frosinone,Bologna,0,0,D,2018-19
Serie A,2018-08-26,Genoa,Empoli,2,1,H,2018-19
Serie A,2018-08-26,Internazionale,Torino,2,2,D,2018-19
Serie A,2018-08-26,SPAL,Parma,1,0,H,2018-19
Serie A,2018-08-26,Udinese,Sampdoria,1,0,H,2018-19
Serie A,2018-08-27,AS Roma,Atalanta,3,3,D,2018-19
Serie A,2018-08-31,AC Milan,AS Roma,2,1,H,2018-19
Serie A,2018-09-01,Bologna,Internazionale,0,3,A,2018-19
Serie A,2018-09-01,Parma,Juventus,1,2,A,2018-19
Serie A,2018-09-02,Atalanta,Cagliari,0,1,A,2018-19
Serie A,2018-09-02,Chievo Verona,Empoli,0,0,D,2018-19
Serie A,2018-09-02,Fiorentina,Udinese,1,0,H,2018-19
Serie A,2018-09-02,Lazio,Frosinone,1,0,H,2018-19
Serie A,2018-09-02,Sampdoria,Napoli,3,0,H,2018-19
Serie A,2018-09-02,Sassuolo,Genoa,5,3,H,2018-19
Serie A,2018-09-02,Torino,SPAL,1,0,H,2018-19
Serie A,2018-09-15,Frosinone,Sampdoria,0,5,A,2018-19
Serie A,2018-09-15,Internazionale,Parma,0,1,A,2018-19
Serie A,2018-09-15,Napoli,Fiorentina,1,0,H,2018-19
Serie A,2018-09-16,AS Roma,Chievo Verona,2,2,D,2018-19
Serie A,2018-09-16,Cagliari,AC Milan,1,1,D,2018-19
Serie A,2018-09-16,Empoli,Lazio,0,1,A,2018-19
Serie A,2018-09-16,Genoa,Bologna,1,0,H,2018-19
Serie A,2018-09-16,Juventus,Sassuolo,2,1,H,2018-19
Serie A,2018-09-16,Udinese,Torino,1,1,D,2018-19
Serie A,2018-09-17,SPAL,Atalanta,2,0,H,2018-19
Serie A,2018-09-19,Sampdoria,Fiorentina,1,1,D,2018-19
Serie A,2018-09-21,Sassuolo,Empoli,3,1,H,2018-19
Serie A,2018-09-22,Fiorentina,SPAL,3,0,H,2018-19
Serie A,2018-09-22,Parma,Cagliari,2,0,H,2018-19
Serie A,2018-09-22,Sampdoria,Internazionale,0,1,A,2018-19
Serie A,2018-09-23,AC Milan,Atalanta,2,2,D,2018-19
Serie A,2018-09-23,Bologna,AS Roma,2,0,H,2018-19
Serie A,2018-09-23,Chievo Verona,Udinese,0,2,A,2018-19
Serie A,2018-09-23,Frosinone,Juventus,0,2,A,2018-19
Serie A,2018-09-23,Lazio,Genoa,4,1,H,2018-19
Serie A,2018-09-23,Torino,Napoli,1,3,A,2018-19
Serie A,2018-09-25,Internazionale,Fiorentina,2,1,H,2018-19
Serie A,2018-09-26,AS Roma,Frosinone,4,0,H,2018-19
Serie A,2018-09-26,Atalanta,Torino,0,0,D,2018-19
Serie A,2018-09-26,Cagliari,Sampdoria,0,0,D,2018-19
Serie A,2018-09-26,Genoa,Chievo Verona,2,0,H,2018-19
Serie A,2018-09-26,Juventus,Bologna,2,0,H,2018-19
Serie A,2018-09-26,Napoli,Parma,3,0,H,2018-19
Serie A,2018-09-26,Udinese,Lazio,1,2,A,2018-19
Serie A,2018-09-27,Empoli,AC Milan,1,1,D,2018-19
Serie A,2018-09-27,SPAL,Sassuolo,0,2,A,2018-19
Serie A,2018-09-29,AS Roma,Lazio,3,1,H,2018-19
Serie A,2018-09-29,Internazionale,Cagliari,2,0,H,2018-19
Serie A,2018-09-29,Juventus,Napoli,3,1,H,2018-19
Serie A,2018-09-30,Bologna,Udinese,2,1,H,2018-19
Serie A,2018-09-30,Chievo Verona,Torino,0,1,A,2018-19
Serie A,2018-09-30,Fiorentina,Atalanta,2,0,H,2018-19
Serie A,2018-09-30,Frosinone,Genoa,1,2,A,2018-19
Serie A,2018-09-30,Parma,Empoli,1,0,H,2018-19
Serie A,2018-09-30,Sassuolo,AC Milan,1,4,A,2018-19
Serie A,2018-10-01,Sampdoria,SPAL,2,1,H,2018-19
Serie A,2018-10-05,Torino,Frosinone,3,2,H,2018-19
Serie A,2018-10-06,Cagliari,Bologna,2,0,H,2018-19
Serie A,2018-10-06,Empoli,AS Roma,0,2,A,2018-19
Serie A,2018-10-06,Udinese,Juventus,0,2,A,2018-19
Serie A,2018-10-07,AC Milan,Chievo Verona,3,1,H,2018-19
Serie A,2018-10-07,Atalanta,Sampdoria,0,1,A,2018-19
Serie A,2018-10-07,Genoa,Parma,1,3,A,2018-19
Serie A,2018-10-07,Lazio,Fiorentina,1,0,H,2018-19
Serie A,2018-10-07,Napoli,Sassuolo,2,0,H,2018-19
Serie A,2018-10-07,SPAL,Internazionale,1,2,A,2018-19
Serie A,2018-10-20,AS Roma,SPAL,0,2,A,2018-19
Serie A,2018-10-20,Juventus,Genoa,1,1,D,2018-19
Serie A,2018-10-20,Udinese,Napoli,0,3,A,2018-19
Serie A,2018-10-21,Bologna,Torino,2,2,D,2018-19
Serie A,2018-10-21,Chievo Verona,Atalanta,1,5,A,2018-19
Serie A,2018-10-21,Fiorentina,Cagliari,1,1,D,2018-19
Serie A,2018-10-21,Frosinone,Empoli,3,3,D,2018-19
Serie A,2018-10-21,Internazionale,AC Milan,1,0,H,2018-19
Serie A,2018-10-21,Parma,Lazio,0,2,A,2018-19
Serie A,2018-10-22,Sampdoria,Sassuolo,0,0,D,2018-19
Serie A,2018-10-27,Atalanta,Parma,3,0,H,2018-19
Serie A,2018-10-27,Empoli,Juventus,1,2,A,2018-19
Serie A,2018-10-27,Torino,Fiorentina,1,1,D,2018-19
Serie A,2018-10-28,AC Milan,Sampdoria,3,2,H,2018-19
Serie A,2018-10-28,Cagliari,Chievo Verona,2,1,H,2018-19
Serie A,2018-10-28,Genoa,Udinese,2,2,D,2018-19
Serie A,2018-10-28,Napoli,AS Roma,1,1,D,2018-19
Serie A,2018-10-28,SPAL,Frosinone,0,3,A,2018-19
Serie A,2018-10-28,Sassuolo,Bologna,2,2,D,2018-19
Serie A,2018-10-29,Lazio,Internazionale,0,3,A,2018-19
Serie A,2018-10-31,AC Milan,Genoa,2,1,H,2018-19
Serie A,2018-11-02,Napoli,Empoli,5,1,H,2018-19
Serie A,2018-11-03,Fiorentina,AS Roma,1,1,D,2018-19
Serie A,2018-11-03,Internazionale,Genoa,5,0,H,2018-19
Serie A,2018-11-03,Juventus,Cagliari,3,1,H,2018-19
Serie A,2018-11-04,Bologna,Atalanta,1,2,A,2018-19
Serie A,2018-11-04,Chievo Verona,Sassuolo,0,2,A,2018-19
Serie A,2018-11-04,Lazio,SPAL,4,1,H,2018-19
Serie A,2018-11-04,Parma,Frosinone,0,0,D,2018-19
Serie A,2018-11-04,Sampdoria,Torino,1,4,A,2018-19
Serie A,2018-11-04,Udinese,AC Milan,0,1,A,2018-19
Serie A,2018-11-09,Frosinone,Fiorentina,1,1,D,2018-19
Serie A,2018-11-10,Genoa,Napoli,1,2,A,2018-19
Serie A,2018-11-10,SPAL,Cagliari,2,2,D,2018-19
Serie A,2018-11-10,Torino,Parma,1,2,A,2018-19
Serie A,2018-11-11,AC Milan,Juventus,0,2,A,2018-19
Serie A,2018-11-11,AS Roma,Sampdoria,4,1,H,2018-19
Serie A,2018-11-11,Atalanta,Internazionale,4,1,H,2018-19
Serie A,2018-11-11,Chievo Verona,Bologna,2,2,D,2018-19
Serie A,2018-11-11,Empoli,Udinese,2,1,H,2018-19
Serie A,2018-11-11,Sassuolo,Lazio,1,1,D,2018-19
Serie A,2018-11-24,Internazionale,Frosinone,3,0,H,2018-19
Serie A,2018-11-24,Juventus,SPAL,2,0,H,2018-19
Serie A,2018-11-24,Udinese,AS Roma,1,0,H,2018-19
Serie A,2018-11-25,Bologna,Fiorentina,0,0,D,2018-19
Serie A,2018-11-25,Empoli,Atalanta,3,2,H,2018-19
Serie A,2018-11-25,Genoa,Sampdoria,1,1,D,2018-19
Serie A,2018-11-25,Lazio,AC Milan,1,1,D,2018-19
Serie A,2018-11-25,Napoli,Chievo Verona,0,0,D,2018-19
Serie A,2018-11-25,Parma,Sassuolo,2,1,H,2018-19
Serie A,2018-11-26,Cagliari,Torino,0,0,D,2018-19
Serie A,2018-12-01,Fiorentina,Juventus,0,3,A,2018-19
Serie A,2018-12-01,SPAL,Empoli,2,2,D,2018-19
Serie A,2018-12-01,Sampdoria,Bologna,4,1,H,2018-19
Serie A,2018-12-02,AC Milan,Parma,2,1,H,2018-19
Serie A,2018-12-02,AS Roma,Internazionale,2,2,D,2018-19
Serie A,2018-12-02,Chievo Verona,Lazio,1,1,D,2018-19
Serie A,2018-12-02,Frosinone,Cagliari,1,1,D,2018-19
Serie A,2018-12-02,Sassuolo,Udinese,0,0,D,2018-19
Serie A,2018-12-02,Torino,Genoa,2,1,H,2018-19
Serie A,2018-12-03,Atalanta,Napoli,1,2,A,2018-19
Serie A,2018-12-07,Juventus,Internazionale,1,0,H,2018-19
Serie A,2018-12-08,Cagliari,AS Roma,2,2,D,2018-19
Serie A,2018-12-08,Lazio,Sampdoria,2,2,D,2018-19
Serie A,2018-12-08,Napoli,Frosinone,4,0,H,2018-19
Serie A,2018-12-09,AC Milan,Torino,0,0,D,2018-19
Serie A,2018-12-09,Empoli,Bologna,2,1,H,2018-19
Serie A,2018-12-09,Genoa,SPAL,1,1,D,2018-19
Serie A,2018-12-09,Parma,Chievo Verona,1,1,D,2018-19
Serie A,2018-12-09,Sassuolo,Fiorentina,3,3,D,2018-19
Serie A,2018-12-09,Udinese,Atalanta,1,3,A,2018-19
Serie A,2018-12-15,Internazionale,Udinese,1,0,H,2018-19
Serie A,2018-12-15,Torino,Juventus,0,1,A,2018-19
Serie A,2018-12-16,AS Roma,Genoa,3,2,H,2018-19
Serie A,2018-12-16,Cagliari,Napoli,0,1,A,2018-19
Serie A,2018-12-16,Fiorentina,Empoli,3,1,H,2018-19
Serie A,2018-12-16,Frosinone,Sassuolo,0,2,A,2018-19
Serie A,2018-12-16,SPAL,Chievo Verona,0,0,D,2018-19
Serie A,2018-12-16,Sampdoria,Parma,2,0,H,2018-19
Serie A,2018-12-17,Atalanta,Lazio,1,0,H,2018-19
Serie A,2018-12-18,Bologna,AC Milan,0,0,D,2018-19
Serie A,2018-12-22,AC Milan,Fiorentina,0,1,A,2018-19
Serie A,2018-12-22,Chievo Verona,Internazionale,1,1,D,2018-19
Serie A,2018-12-22,Empoli,Sampdoria,2,4,A,2018-19
Serie A,2018-12-22,Genoa,Atalanta,3,1,H,2018-19
Serie A,2018-12-22,Juventus,AS Roma,1,0,H,2018-19
Serie A,2018-12-22,Lazio,Cagliari,3,1,H,2018-19
Serie A,2018-12-22,Napoli,SPAL,1,0,H,2018-19
Serie A,2018-12-22,Parma,Bologna,0,0,D,2018-19
Serie A,2018-12-22,Sassuolo,Torino,1,1,D,2018-19
Serie A,2018-12-22,Udinese,Frosinone,1,1,D,2018-19
Serie A,2018-12-26,AS Roma,Sassuolo,3,1,H,2018-19
Serie A,2018-12-26,Atalanta,Juventus,2,2,D,2018-19
Serie A,2018-12-26,Bologna,Lazio,0,2,A,2018-19
Serie A,2018-12-26,Cagliari,Genoa,1,0,H,2018-19
Serie A,2018-12-26,Fiorentina,Parma,0,1,A,2018-19
Serie A,2018-12-26,Frosinone,AC Milan,0,0,D,2018-19
Serie A,2018-12-26,Internazionale,Napoli,1,0,H,2018-19
Serie A,2018-12-26,SPAL,Udinese,0,0,D,2018-19
Serie A,2018-12-26,Sampdoria,Chievo Verona,2,0,H,2018-19
Serie A,2018-12-26,Torino,Empoli,3,0,H,2018-19
Serie A,2018-12-29,AC Milan,SPAL,2,1,H,2018-19
Serie A,2018-12-29,Chievo Verona,Frosinone,1,0,H,2018-19
Serie A,2018-12-29,Empoli,Internazionale,0,1,A,2018-19
Serie A,2018-12-29,Genoa,Fiorentina,0,0,D,2018-19
Serie A,2018-12-29,Juventus,Sampdoria,2,1,H,2018-19
Serie A,2018-12-29,Lazio,Torino,1,1,D,2018-19
Serie A,2018-12-29,Napoli,Bologna,3,2,H,2018-19
Serie A,2018-12-29,Parma,AS Roma,0,2,A,2018-19
Serie A,2018-12-29,Sassuolo,Atalanta,2,6,A,2018-19
Serie A,2018-12-29,Udinese,Cagliari,2,0,H,2018-19
Serie A,2019-01-19,AS Roma,Torino,3,2,H,2018-19
Serie A,2019-01-19,Internazionale,Sassuolo,0,0,D,2018-19
Serie A,2019-01-19,Udinese,Parma,1,2,A,2018-19
Serie A,2019-01-20,Cagliari,Empoli,2,2,D,2018-19
Serie A,2019-01-20,Fiorentina,Sampdoria,3,3,D,2018-19
Serie A,2019-01-20,Frosinone,Atalanta,0,5,A,2018-19
Serie A,2019-01-20,Napoli,Lazio,2,1,H,2018-19
Serie A,2019-01-20,SPAL,Bologna,1,1,D,2018-19
Serie A,2019-01-21,Genoa,AC Milan,0,2,A,2018-19
Serie A,2019-01-21,Juventus,Chievo Verona,3,0,H,2018-19
Serie A,2019-01-26,AC Milan,Napoli,0,0,D,2018-19
Serie A,2019-01-26,Sampdoria,Udinese,4,0,H,2018-19
Serie A,2019-01-26,Sassuolo,Cagliari,3,0,H,2018-19
Serie A,2019-01-27,Atalanta,AS Roma,3,3,D,2018-19
Serie A,2019-01-27,Bologna,Frosinone,0,4,A,2018-19
Serie A,2019-01-27,Chievo Verona,Fiorentina,3,4,A,2018-19
Serie A,2019-01-27,Lazio,Juventus,1,2,A,2018-19
Serie A,2019-01-27,Parma,SPAL,2,3,A,2018-19
Serie A,2019-01-27,Torino,Internazionale,1,0,H,2018-19
Serie A,2019-01-28,Empoli,Genoa,1,3,A,2018-19
Serie A,2019-02-02,Empoli,Chievo Verona,2,2,D,2018-19
Serie A,2019-02-02,Juventus,Parma,3,3,D,2018-19
Serie A,2019-02-02,Napoli,Sampdoria,3,0,H,2018-19
Serie A,2019-02-03,AS Roma,AC Milan,1,1,D,2018-19
Serie A,2019-02-03,Genoa,Sassuolo,1,1,D,2018-19
Serie A,2019-02-03,Internazionale,Bologna,0,1,A,2018-19
Serie A,2019-02-03,SPAL,Torino,0,0,D,2018-19
Serie A,2019-02-03,Udinese,Fiorentina,1,1,D,2018-19
Serie A,2019-02-04,Cagliari,Atalanta,0,1,A,2018-19
Serie A,2019-02-04,Frosinone,Lazio,0,1,A,2018-19
Serie A,2019-02-07,Lazio,Empoli,1,0,H,2018-19
Serie A,2019-02-08,Chievo Verona,AS Roma,0,3,A,2018-19
Serie A,2019-02-09,Fiorentina,Napoli,0,0,D,2018-19
Serie A,2019-02-09,Parma,Internazionale,0,1,A,2018-19
Serie A,2019-02-10,AC Milan,Cagliari,3,0,H,2018-19
Serie A,2019-02-10,Atalanta,SPAL,2,1,H,2018-19
Serie A,2019-02-10,Bologna,Genoa,1,1,D,2018-19
Serie A,2019-02-10,Sampdoria,Frosinone,0,1,A,2018-19
Serie A,2019-02-10,Sassuolo,Juventus,0,3,A,2018-19
Serie A,2019-02-10,Torino,Udinese,1,0,H,2018-19
Serie A,2019-02-15,Juventus,Frosinone,3,0,H,2018-19
Serie A,2019-02-16,Atalanta,AC Milan,1,3,A,2018-19
Serie A,2019-02-16,Cagliari,Parma,2,1,H,2018-19
Serie A,2019-02-17,Empoli,Sassuolo,3,0,H,2018-19
Serie A,2019-02-17,Genoa,Lazio,2,1,H,2018-19
Serie A,2019-02-17,Internazionale,Sampdoria,2,1,H,2018-19
Serie A,2019-02-17,Napoli,Torino,0,0,D,2018-19
Serie A,2019-02-17,SPAL,Fiorentina,1,4,A,2018-19
Serie A,2019-02-17,Udinese,Chievo Verona,1,0,H,2018-19
Serie A,2019-02-18,AS Roma,Bologna,2,1,H,2018-19
Serie A,2019-02-22,AC Milan,Empoli,3,0,H,2018-19
Serie A,2019-02-23,Frosinone,AS Roma,2,3,A,2018-19
Serie A,2019-02-23,Torino,Atalanta,2,0,H,2018-19
Serie A,2019-02-24,Bologna,Juventus,0,1,A,2018-19
Serie A,2019-02-24,Chievo Verona,Genoa,0,0,D,2018-19
Serie A,2019-02-24,Fiorentina,Internazionale,3,3,D,2018-19
Serie A,2019-02-24,Parma,Napoli,0,4,A,2018-19
Serie A,2019-02-24,Sampdoria,Cagliari,1,0,H,2018-19
Serie A,2019-02-24,Sassuolo,SPAL,1,1,D,2018-19
Serie A,2019-03-01,Cagliari,Internazionale,2,1,H,2018-19
Serie A,2019-03-02,AC Milan,Sassuolo,1,0,H,2018-19
Serie A,2019-03-02,Empoli,Parma,3,3,D,2018-19
Serie A,2019-03-02,Lazio,AS Roma,3,0,H,2018-19
Serie A,2019-03-03,Atalanta,Fiorentina,3,1,H,2018-19
Serie A,2019-03-03,Genoa,Frosinone,0,0,D,2018-19
Serie A,2019-03-03,Napoli,Juventus,1,2,A,2018-19
Serie A,2019-03-03,SPAL,Sampdoria,1,2,A,2018-19
Serie A,2019-03-03,Torino,Chievo Verona,3,0,H,2018-19
Serie A,2019-03-03,Udinese,Bologna,2,1,H,2018-19
Serie A,2019-03-08,Juventus,Udinese,4,1,H,2018-19
Serie A,2019-03-09,Chievo Verona,AC Milan,1,2,A,2018-19
Serie A,2019-03-09,Parma,Genoa,1,0,H,2018-19
Serie A,2019-03-10,Bologna,Cagliari,2,0,H,2018-19
Serie A,2019-03-10,Fiorentina,Lazio,1,1,D,2018-19
Serie A,2019-03-10,Frosinone,Torino,1,2,A,2018-19
Serie A,2019-03-10,Internazionale,SPAL,2,0,H,2018-19
Serie A,2019-03-10,Sampdoria,Atalanta,1,2,A,2018-19
Serie A,2019-03-10,Sassuolo,Napoli,1,1,D,2018-19
Serie A,2019-03-11,AS Roma,Empoli,2,1,H,2018-19
Serie A,2019-03-15,Cagliari,Fiorentina,2,1,H,2018-19
Serie A,2019-03-16,SPAL,AS Roma,2,1,H,2018-19
Serie A,2019-03-16,Sassuolo,Sampdoria,3,5,A,2018-19
Serie A,2019-03-16,Torino,Bologna,2,3,A,2018-19
Serie A,2019-03-17,AC Milan,Internazionale,2,3,A,2018-19
Serie A,2019-03-17,Atalanta,Chievo Verona,1,1,D,2018-19
Serie A,2019-03-17,Empoli,Frosinone,2,1,H,2018-19
Serie A,2019-03-17,Genoa,Juventus,2,0,H,2018-19
Serie A,2019-03-17,Lazio,Parma,4,1,H,2018-19
Serie A,2019-03-17,Napoli,Udinese,4,2,H,2018-19
Serie A,2019-03-29,Chievo Verona,Cagliari,0,3,A,2018-19
Serie A,2019-03-30,Juventus,Empoli,1,0,H,2018-19
Serie A,2019-03-30,Sampdoria,AC Milan,1,0,H,2018-19
Serie A,2019-03-30,Udinese,Genoa,2,0,H,2018-19
Serie A,2019-03-31,AS Roma,Napoli,1,4,A,2018-19
Serie A,2019-03-31,Bologna,Sassuolo,2,1,H,2018-19
Serie A,2019-03-31,Fiorentina,Torino,1,1,D,2018-19
Serie A,2019-03-31,Frosinone,SPAL,0,1,A,2018-19
Serie A,2019-03-31,Internazionale,Lazio,0,1,A,2018-19
Serie A,2019-03-31,Parma,Atalanta,1,3,A,2018-19
Serie A,2019-04-02,AC Milan,Udinese,1,1,D,2018-19
Serie A,2019-04-02,Cagliari,Juventus,0,2,A,2018-19
Serie A,2019-04-03,AS Roma,Fiorentina,2,2,D,2018-19
Serie A,2019-04-03,Empoli,Napoli,2,1,H,2018-19
Serie A,2019-04-03,Frosinone,Parma,3,2,H,2018-19
Serie A,2019-04-03,Genoa,Internazionale,0,4,A,2018-19
Serie A,2019-04-03,SPAL,Lazio,1,0,H,2018-19
Serie A,2019-04-03,Torino,Sampdoria,2,1,H,2018-19
Serie A,2019-04-04,Atalanta,Bologna,4,1,H,2018-19
Serie A,2019-04-04,Sassuolo,Chievo Verona,4,0,H,2018-19
Serie A,2019-04-06,Juventus,AC Milan,2,1,H,2018-19
Serie A,2019-04-06,Parma,Torino,0,0,D,2018-19
Serie A,2019-04-06,Sampdoria,AS Roma,0,1,A,2018-19
Serie A,2019-04-07,Cagliari,SPAL,2,1,H,2018-19
Serie A,2019-04-07,Fiorentina,Frosinone,0,1,A,2018-19
Serie A,2019-04-07,Internazionale,Atalanta,0,0,D,2018-19
Serie A,2019-04-07,Lazio,Sassuolo,2,2,D,2018-19
Serie A,2019-04-07,Napoli,Genoa,1,1,D,2018-19
Serie A,2019-04-07,Udinese,Empoli,3,2,H,2018-19
Serie A,2019-04-08,Bologna,Chievo Verona,3,0,H,2018-19
Serie A,2019-04-13,AC Milan,Lazio,1,0,H,2018-19
Serie A,2019-04-13,AS Roma,Udinese,1,0,H,2018-19
Serie A,2019-04-13,SPAL,Juventus,2,1,H,2018-19
Serie A,2019-04-14,Chievo Verona,Napoli,1,3,A,2018-19
Serie A,2019-04-14,Fiorentina,Bologna,0,0,D,2018-19
Serie A,2019-04-14,Frosinone,Internazionale,1,3,A,2018-19
Serie A,2019-04-14,Sampdoria,Genoa,2,0,H,2018-19
Serie A,2019-04-14,Sassuolo,Parma,0,0,D,2018-19
Serie A,2019-04-14,Torino,Cagliari,1,1,D,2018-19
Serie A,2019-04-15,Atalanta,Empoli,0,0,D,2018-19
Serie A,2019-04-17,Lazio,Udinese,2,0,H,2018-19
Serie A,2019-04-20,Bologna,Sampdoria,3,0,H,2018-19
Serie A,2019-04-20,Cagliari,Frosinone,1,0,H,2018-19
Serie A,2019-04-20,Empoli,SPAL,2,4,A,2018-19
Serie A,2019-04-20,Genoa,Torino,0,1,A,2018-19
Serie A,2019-04-20,Internazionale,AS Roma,1,1,D,2018-19
Serie A,2019-04-20,Juventus,Fiorentina,2,1,H,2018-19
Serie A,2019-04-20,Lazio,Chievo Verona,1,2,A,2018-19
Serie A,2019-04-20,Parma,AC Milan,1,1,D,2018-19
Serie A,2019-04-20,Udinese,Sassuolo,1,1,D,2018-19
Serie A,2019-04-22,Napoli,Atalanta,1,2,A,2018-19
Serie A,2019-04-27,AS Roma,Cagliari,3,0,H,2018-19
Serie A,2019-04-27,Bologna,Empoli,3,1,H,2018-19
Serie A,2019-04-27,Internazionale,Juventus,1,1,D,2018-19
Serie A,2019-04-28,Chievo Verona,Parma,1,1,D,2018-19
Serie A,2019-04-28,Frosinone,Napoli,0,2,A,2018-19
Serie A,2019-04-28,SPAL,Genoa,1,1,D,2018-19
Serie A,2019-04-28,Sampdoria,Lazio,1,2,A,2018-19
Serie A,2019-04-28,Torino,AC Milan,2,0,H,2018-19
Serie A,2019-04-29,Atalanta,Udinese,2,0,H,2018-19
Serie A,2019-04-29,Fiorentina,Sassuolo,0,1,A,2018-19
Serie A,2019-05-03,Juventus,Torino,1,1,D,2018-19
Serie A,2019-05-04,Chievo Verona,SPAL,0,4,A,2018-19
Serie A,2019-05-04,Udinese,Internazionale,0,0,D,2018-19
Serie A,2019-05-05,Empoli,Fiorentina,1,0,H,2018-19
Serie A,2019-05-05,Genoa,AS Roma,1,1,D,2018-19
Serie A,2019-05-05,Lazio,Atalanta,1,3,A,2018-19
Serie A,2019-05-05,Napoli,Cagliari,2,1,H,2018-19
Serie A,2019-05-05,Parma,Sampdoria,3,3,D,2018-19
Serie A,2019-05-05,Sassuolo,Frosinone,2,2,D,2018-19
Serie A,2019-05-06,AC Milan,Bologna,2,1,H,2018-19
Serie A,2019-05-11,Atalanta,Genoa,2,1,H,2018-19
Serie A,2019-05-11,Cagliari,Lazio,1,2,A,2018-19
Serie A,2019-05-11,Fiorentina,AC Milan,0,1,A,2018-19
Serie A,2019-05-12,AS Roma,Juventus,2,0,H,2018-19
Serie A,2019-05-12,Frosinone,Udinese,1,3,A,2018-19
Serie A,2019-05-12,SPAL,Napoli,1,2,A,2018-19
Serie A,2019-05-12,Sampdoria,Empoli,1,2,A,2018-19
Serie A,2019-05-12,Torino,Sassuolo,3,2,H,2018-19
Serie A,2019-05-13,Bologna,Parma,4,1,H,2018-19
Serie A,2019-05-13,Internazionale,Chievo Verona,2,0,H,2018-19
Serie A,2019-05-18,Genoa,Cagliari,1,1,D,2018-19
Serie A,2019-05-18,Sassuolo,AS Roma,0,0,D,2018-19
Serie A,2019-05-18,Udinese,SPAL,3,2,H,2018-19
Serie A,2019-05-19,AC Milan,Frosinone,2,0,H,2018-19
Serie A,2019-05-19,Chievo Verona,Sampdoria,0,0,D,2018-19
Serie A,2019-05-19,Empoli,Torino,4,1,H,2018-19
Serie A,2019-05-19,Juventus,Atalanta,1,1,D,2018-19
Serie A,2019-05-19,Napoli,Internazionale,4,1,H,2018-19
Serie A,2019-05-19,Parma,Fiorentina,1,0,H,2018-19
Serie A,2019-05-20,Lazio,Bologna,3,3,D,2018-19
Serie A,2019-05-25,Bologna,Napoli,3,2,H,2018-19
Serie A,2019-05-25,Frosinone,Chievo Verona,0,0,D,2018-19
Serie A,2019-05-26,AS Roma,Parma,2,1,H,2018-19
Serie A,2019-05-26,Atalanta,Sassuolo,3,1,H,2018-19
Serie A,2019-05-26,Cagliari,Udinese,1,2,A,2018-19
Serie A,2019-05-26,Fiorentina,Genoa,0,0,D,2018-19
Serie A,2019-05-26,Internazionale,Empoli,2,1,H,2018-19
Serie A,2019-05-26,SPAL,AC Milan,2,3,A,2018-19
Serie A,2019-05-26,Sampdoria,Juventus,2,0,H,2018-19
Serie A,2019-05-26,Torino,Lazio,3,1,H,2018-19
Serie A,2019-08-24,Fiorentina,Napoli,3,4,A,2019-20
Serie A,2019-08-24,Parma,Juventus,0,1,A,2019-20
Serie A,2019-08-25,AS Roma,Genoa,3,3,D,2019-20
Serie A,2019-08-25,Cagliari,Brescia,0,1,A,2019-20
Serie A,2019-08-25,Hellas Verona,Bologna,1,1,D,2019-20
Serie A,2019-08-25,SPAL,Atalanta,2,3,A,2019-20
Serie A,2019-08-25,Sampdoria,Lazio,0,3,A,2019-20
Serie A,2019-08-25,Torino,Sassuolo,2,1,H,2019-20
Serie A,2019-08-25,Udinese,AC Milan,1,0,H,2019-20
Serie A,2019-08-26,Internazionale,Lecce,4,0,H,2019-20
Serie A,2019-08-30,Bologna,SPAL,1,0,H,2019-20
Serie A,2019-08-31,AC Milan,Brescia,1,0,H,2019-20
Serie A,2019-08-31,Juventus,Napoli,4,3,H,2019-20
Serie A,2019-09-01,Atalanta,Torino,2,3,A,2019-20
Serie A,2019-09-01,Cagliari,Internazionale,1,2,A,2019-20
Serie A,2019-09-01,Genoa,Fiorentina,2,1,H,2019-20
Serie A,2019-09-01,Lazio,AS Roma,1,1,D,2019-20
Serie A,2019-09-01,Lecce,Hellas Verona,0,1,A,2019-20
Serie A,2019-09-01,Sassuolo,Sampdoria,4,1,H,2019-20
Serie A,2019-09-01,Udinese,Parma,1,3,A,2019-20
Serie A,2019-09-14,Fiorentina,Juventus,0,0,D,2019-20
Serie A,2019-09-14,Internazionale,Udinese,1,0,H,2019-20
Serie A,2019-09-14,Napoli,Sampdoria,2,0,H,2019-20
Serie A,2019-09-15,AS Roma,Sassuolo,4,2,H,2019-20
Serie A,2019-09-15,Brescia,Bologna,3,4,A,2019-20
Serie A,2019-09-15,Genoa,Atalanta,1,2,A,2019-20
Serie A,2019-09-15,Hellas Verona,AC Milan,0,1,A,2019-20
Serie A,2019-09-15,Parma,Cagliari,1,3,A,2019-20
Serie A,2019-09-15,SPAL,Lazio,2,1,H,2019-20
Serie A,2019-09-16,Torino,Lecce,1,2,A,2019-20
Serie A,2019-09-20,Cagliari,Genoa,3,1,H,2019-20
Serie A,2019-09-21,AC Milan,Internazionale,0,2,A,2019-20
Serie A,2019-09-21,Juventus,Hellas Verona,2,1,H,2019-20
Serie A,2019-09-21,Udinese,Brescia,0,1,A,2019-20
Serie A,2019-09-22,Atalanta,Fiorentina,2,2,D,2019-20
Serie A,2019-09-22,Bologna,AS Roma,1,2,A,2019-20
Serie A,2019-09-22,Lazio,Parma,2,0,H,2019-20
Serie A,2019-09-22,Lecce,Napoli,1,4,A,2019-20
Serie A,2019-09-22,Sampdoria,Torino,1,0,H,2019-20
Serie A,2019-09-22,Sassuolo,SPAL,3,0,H,2019-20
Serie A,2019-09-24,Brescia,Juventus,1,2,A,2019-20
Serie A,2019-09-24,Hellas Verona,Udinese,0,0,D,2019-20
Serie A,2019-09-25,AS Roma,Atalanta,0,2,A,2019-20
Serie A,2019-09-25,Fiorentina,Sampdoria,2,1,H,2019-20
Serie A,2019-09-25,Genoa,Bologna,0,0,D,2019-20
Serie A,2019-09-25,Internazionale,Lazio,1,0,H,2019-20
Serie A,2019-09-25,Napoli,Cagliari,0,1,A,2019-20
Serie A,2019-09-25,Parma,Sassuolo,1,0,H,2019-20
Serie A,2019-09-25,SPAL,Lecce,1,3,A,2019-20
Serie A,2019-09-26,Torino,AC Milan,2,1,H,2019-20
Serie A,2019-09-28,Juventus,SPAL,2,0,H,2019-20
Serie A,2019-09-28,Sampdoria,Internazionale,1,3,A,2019-20
Serie A,2019-09-28,Sassuolo,Atalanta,1,4,A,2019-20
Serie A,2019-09-29,AC Milan,Fiorentina,1,3,A,2019-20
Serie A,2019-09-29,Cagliari,Hellas Verona,1,1,D,2019-20
Serie A,2019-09-29,Lazio,Genoa,4,0,H,2019-20
Serie A,2019-09-29,Lecce,AS Roma,0,1,A,2019-20
Serie A,2019-09-29,Napoli,Brescia,2,1,H,2019-20
Serie A,2019-09-29,Udinese,Bologna,1,0,H,2019-20
Serie A,2019-09-30,Parma,Torino,3,2,H,2019-20
Serie A,2019-10-05,Genoa,AC Milan,1,2,A,2019-20
Serie A,2019-10-05,Hellas Verona,Sampdoria,2,0,H,2019-20
Serie A,2019-10-05,SPAL,Parma,1,0,H,2019-20
Serie A,2019-10-06,AS Roma,Cagliari,1,1,D,2019-20
Serie A,2019-10-06,Atalanta,Lecce,3,1,H,2019-20
Serie A,2019-10-06,Bologna,Lazio,2,2,D,2019-20
Serie A,2019-10-06,Fiorentina,Udinese,1,0,H,2019-20
Serie A,2019-10-06,Internazionale,Juventus,1,2,A,2019-20
Serie A,2019-10-06,Torino,Napoli,0,0,D,2019-20
Serie A,2019-10-19,Juventus,Bologna,2,1,H,2019-20
Serie A,2019-10-19,Lazio,Atalanta,3,3,D,2019-20
Serie A,2019-10-19,Napoli,Hellas Verona,2,0,H,2019-20
Serie A,2019-10-20,AC Milan,Lecce,2,2,D,2019-20
Serie A,2019-10-20,Cagliari,SPAL,2,0,H,2019-20
Serie A,2019-10-20,Parma,Genoa,5,1,H,2019-20
Serie A,2019-10-20,Sampdoria,AS Roma,0,0,D,2019-20
Serie A,2019-10-20,Sassuolo,Internazionale,3,4,A,2019-20
Serie A,2019-10-20,Udinese,Torino,1,0,H,2019-20
Serie A,2019-10-21,Brescia,Fiorentina,0,0,D,2019-20
Serie A,2019-10-25,Hellas Verona,Sassuolo,0,1,A,2019-20
Serie A,2019-10-26,Genoa,Brescia,3,1,H,2019-20
Serie A,2019-10-26,Internazionale,Parma,2,2,D,2019-20
Serie A,2019-10-26,Lecce,Juventus,1,1,D,2019-20
Serie A,2019-10-27,AS Roma,AC Milan,2,1,H,2019-20
Serie A,2019-10-27,Atalanta,Udinese,7,1,H,2019-20
Serie A,2019-10-27,Bologna,Sampdoria,2,1,H,2019-20
Serie A,2019-10-27,Fiorentina,Lazio,1,2,A,2019-20
Serie A,2019-10-27,SPAL,Napoli,1,1,D,2019-20
Serie A,2019-10-27,Torino,Cagliari,1,1,D,2019-20
Serie A,2019-10-29,Brescia,Internazionale,1,2,A,2019-20
Serie A,2019-10-29,Parma,Hellas Verona,0,1,A,2019-20
Serie A,2019-10-30,Cagliari,Bologna,3,2,H,2019-20
Serie A,2019-10-30,Juventus,Genoa,2,1,H,2019-20
Serie A,2019-10-30,Lazio,Torino,4,0,H,2019-20
Serie A,2019-10-30,Napoli,Atalanta,2,2,D,2019-20
Serie A,2019-10-30,Sampdoria,Lecce,1,1,D,2019-20
Serie A,2019-10-30,Sassuolo,Fiorentina,1,2,A,2019-20
Serie A,2019-10-30,Udinese,AS Roma,0,4,A,2019-20
Serie A,2019-10-31,AC Milan,SPAL,1,0,H,2019-20
Serie A,2019-11-02,AS Roma,Napoli,2,1,H,2019-20
Serie A,2019-11-02,Bologna,Internazionale,1,2,A,2019-20
Serie A,2019-11-02,Torino,Juventus,0,1,A,2019-20
Serie A,2019-11-03,AC Milan,Lazio,1,2,A,2019-20
Serie A,2019-11-03,Atalanta,Cagliari,0,2,A,2019-20
Serie A,2019-11-03,Fiorentina,Parma,1,1,D,2019-20
Serie A,2019-11-03,Genoa,Udinese,1,3,A,2019-20
Serie A,2019-11-03,Hellas Verona,Brescia,2,1,H,2019-20
Serie A,2019-11-03,Lecce,Sassuolo,2,2,D,2019-20
Serie A,2019-11-04,SPAL,Sampdoria,0,1,A,2019-20
Serie A,2019-11-08,Sassuolo,Bologna,3,1,H,2019-20
Serie A,2019-11-09,Brescia,Torino,0,4,A,2019-20
Serie A,2019-11-09,Internazionale,Hellas Verona,2,1,H,2019-20
Serie A,2019-11-09,Napoli,Genoa,0,0,D,2019-20
Serie A,2019-11-10,Cagliari,Fiorentina,5,2,H,2019-20
Serie A,2019-11-10,Juventus,AC Milan,1,0,H,2019-20
Serie A,2019-11-10,Lazio,Lecce,4,2,H,2019-20
Serie A,2019-11-10,Parma,AS Roma,2,0,H,2019-20
Serie A,2019-11-10,Sampdoria,Atalanta,0,0,D,2019-20
Serie A,2019-11-10,Udinese,SPAL,0,0,D,2019-20
Serie A,2019-11-23,AC Milan,Napoli,1,1,D,2019-20
Serie A,2019-11-23,Atalanta,Juventus,1,3,A,2019-20
Serie A,2019-11-23,Torino,Internazionale,0,3,A,2019-20
Serie A,2019-11-24,AS Roma,Brescia,3,0,H,2019-20
Serie A,2019-11-24,Bologna,Parma,2,2,D,2019-20
Serie A,2019-11-24,Hellas Verona,Fiorentina,1,0,H,2019-20
Serie A,2019-11-24,Sampdoria,Udinese,2,1,H,2019-20
Serie A,2019-11-24,Sassuolo,Lazio,1,2,A,2019-20
Serie A,2019-11-25,Lecce,Cagliari,2,2,D,2019-20
Serie A,2019-11-25,SPAL,Genoa,1,1,D,2019-20
Serie A,2019-11-30,Brescia,Atalanta,0,3,A,2019-20
Serie A,2019-11-30,Fiorentina,Lecce,0,1,A,2019-20
Serie A,2019-11-30,Genoa,Torino,0,1,A,2019-20
Serie A,2019-12-01,Hellas Verona,AS Roma,1,3,A,2019-20
Serie A,2019-12-01,Internazionale,SPAL,2,1,H,2019-20
Serie A,2019-12-01,Juventus,Sassuolo,2,2,D,2019-20
Serie A,2019-12-01,Lazio,Udinese,3,0,H,2019-20
Serie A,2019-12-01,Napoli,Bologna,1,2,A,2019-20
Serie A,2019-12-01,Parma,AC Milan,0,1,A,2019-20
Serie A,2019-12-02,Cagliari,Sampdoria,4,3,H,2019-20
Serie A,2019-12-06,Internazionale,AS Roma,0,0,D,2019-20
Serie A,2019-12-07,Atalanta,Hellas Verona,3,2,H,2019-20
Serie A,2019-12-07,Lazio,Juventus,3,1,H,2019-20
Serie A,2019-12-07,Udinese,Napoli,1,1,D,2019-20
Serie A,2019-12-08,Bologna,AC Milan,2,3,A,2019-20
Serie A,2019-12-08,Lecce,Genoa,2,2,D,2019-20
Serie A,2019-12-08,SPAL,Brescia,0,1,A,2019-20
Serie A,2019-12-08,Sampdoria,Parma,0,1,A,2019-20
Serie A,2019-12-08,Sassuolo,Cagliari,2,2,D,2019-20
Serie A,2019-12-08,Torino,Fiorentina,2,1,H,2019-20
Serie A,2019-12-14,Brescia,Lecce,3,0,H,2019-20
Serie A,2019-12-14,Genoa,Sampdoria,0,1,A,2019-20
Serie A,2019-12-14,Napoli,Parma,1,2,A,2019-20
Serie A,2019-12-15,AC Milan,Sassuolo,0,0,D,2019-20
Serie A,2019-12-15,AS Roma,SPAL,3,1,H,2019-20
Serie A,2019-12-15,Bologna,Atalanta,2,1,H,2019-20
Serie A,2019-12-15,Fiorentina,Internazionale,1,1,D,2019-20
Serie A,2019-12-15,Hellas Verona,Torino,3,3,D,2019-20
Serie A,2019-12-15,Juventus,Udinese,3,1,H,2019-20
Serie A,2019-12-16,Cagliari,Lazio,1,2,A,2019-20
Serie A,2019-12-18,Brescia,Sassuolo,0,2,A,2019-20
Serie A,2019-12-18,Sampdoria,Juventus,1,2,A,2019-20
Serie A,2019-12-20,Fiorentina,AS Roma,1,4,A,2019-20
Serie A,2019-12-21,Internazionale,Genoa,4,0,H,2019-20
Serie A,2019-12-21,Torino,SPAL,1,2,A,2019-20
Serie A,2019-12-21,Udinese,Cagliari,2,1,H,2019-20
Serie A,2019-12-22,Atalanta,AC Milan,5,0,H,2019-20
Serie A,2019-12-22,Lecce,Bologna,2,3,A,2019-20
Serie A,2019-12-22,Parma,Brescia,1,1,D,2019-20
Serie A,2019-12-22,Sassuolo,Napoli,1,2,A,2019-20
Serie A,2020-01-05,AS Roma,Torino,0,2,A,2019-20
Serie A,2020-01-05,Brescia,Lazio,1,2,A,2019-20
Serie A,2020-01-05,Genoa,Sassuolo,2,1,H,2019-20
Serie A,2020-01-05,SPAL,Hellas Verona,0,2,A,2019-20
Serie A,2020-01-06,AC Milan,Sampdoria,0,0,D,2019-20
Serie A,2020-01-06,Atalanta,Parma,5,0,H,2019-20
Serie A,2020-01-06,Bologna,Fiorentina,1,1,D,2019-20
Serie A,2020-01-06,Juventus,Cagliari,4,0,H,2019-20
Serie A,2020-01-06,Lecce,Udinese,0,1,A,2019-20
Serie A,2020-01-06,Napoli,Internazionale,1,3,A,2019-20
Serie A,2020-01-11,Cagliari,AC Milan,0,2,A,2019-20
Serie A,2020-01-11,Internazionale,Atalanta,1,1,D,2019-20
Serie A,2020-01-11,Lazio,Napoli,1,0,H,2019-20
Serie A,2020-01-12,AS Roma,Juventus,1,2,A,2019-20
Serie A,2020-01-12,Fiorentina,SPAL,1,0,H,2019-20
Serie A,2020-01-12,Hellas Verona,Genoa,2,1,H,2019-20
Serie A,2020-01-12,Sampdoria,Brescia,5,1,H,2019-20
Serie A,2020-01-12,Torino,Bologna,1,0,H,2019-20
Serie A,2020-01-12,Udinese,Sassuolo,3,0,H,2019-20
Serie A,2020-01-13,Parma,Lecce,2,0,H,2019-20
Serie A,2020-01-18,Lazio,Sampdoria,5,1,H,2019-20
Serie A,2020-01-18,Napoli,Fiorentina,0,2,A,2019-20
Serie A,2020-01-18,Sassuolo,Torino,2,1,H,2019-20
Serie A,2020-01-19,AC Milan,Udinese,3,2,H,2019-20
Serie A,2020-01-19,Bologna,Hellas Verona,1,1,D,2019-20
Serie A,2020-01-19,Brescia,Cagliari,2,2,D,2019-20
Serie A,2020-01-19,Genoa,AS Roma,1,3,A,2019-20
Serie A,2020-01-19,Juventus,Parma,2,1,H,2019-20
Serie A,2020-01-19,Lecce,Internazionale,1,1,D,2019-20
Serie A,2020-01-20,Atalanta,SPAL,1,2,A,2019-20
Serie A,2020-01-24,Brescia,AC Milan,0,1,A,2019-20
Serie A,2020-01-25,Fiorentina,Genoa,0,0,D,2019-20
Serie A,2020-01-25,SPAL,Bologna,1,3,A,2019-20
Serie A,2020-01-25,Torino,Atalanta,0,7,A,2019-20
Serie A,2020-01-26,AS Roma,Lazio,1,1,D,2019-20
Serie A,2020-01-26,Hellas Verona,Lecce,3,0,H,2019-20
Serie A,2020-01-26,Internazionale,Cagliari,1,1,D,2019-20
Serie A,2020-01-26,Napoli,Juventus,2,1,H,2019-20
Serie A,2020-01-26,Parma,Udinese,2,0,H,2019-20
Serie A,2020-01-26,Sampdoria,Sassuolo,0,0,D,2019-20
Serie A,2020-02-01,Bologna,Brescia,2,1,H,2019-20
Serie A,2020-02-01,Cagliari,Parma,2,2,D,2019-20
Serie A,2020-02-01,Sassuolo,AS Roma,4,2,H,2019-20
Serie A,2020-02-02,AC Milan,Hellas Verona,1,1,D,2019-20
Serie A,2020-02-02,Atalanta,Genoa,2,2,D,2019-20
Serie A,2020-02-02,Juventus,Fiorentina,3,0,H,2019-20
Serie A,2020-02-02,Lazio,SPAL,5,1,H,2019-20
Serie A,2020-02-02,Lecce,Torino,4,0,H,2019-20
Serie A,2020-02-02,Udinese,Internazionale,0,2,A,2019-20
Serie A,2020-02-03,Sampdoria,Napoli,2,4,A,2019-20
Serie A,2020-02-05,Lazio,Hellas Verona,0,0,D,2019-20
Serie A,2020-02-07,AS Roma,Bologna,2,3,A,2019-20
Serie A,2020-02-08,Fiorentina,Atalanta,1,2,A,2019-20
Serie A,2020-02-08,Hellas Verona,Juventus,2,1,H,2019-20
Serie A,2020-02-08,Torino,Sampdoria,1,3,A,2019-20
Serie A,2020-02-09,Brescia,Udinese,1,1,D,2019-20
Serie A,2020-02-09,Genoa,Cagliari,1,0,H,2019-20
Serie A,2020-02-09,Internazionale,AC Milan,4,2,H,2019-20
Serie A,2020-02-09,Napoli,Lecce,2,3,A,2019-20
Serie A,2020-02-09,Parma,Lazio,0,1,A,2019-20
Serie A,2020-02-09,SPAL,Sassuolo,1,2,A,2019-20
Serie A,2020-02-15,Atalanta,AS Roma,2,1,H,2019-20
Serie A,2020-02-15,Bologna,Genoa,0,3,A,2019-20
Serie A,2020-02-15,Lecce,SPAL,2,1,H,2019-20
Serie A,2020-02-16,Cagliari,Napoli,0,1,A,2019-20
Serie A,2020-02-16,Juventus,Brescia,2,0,H,2019-20
Serie A,2020-02-16,Lazio,Internazionale,2,1,H,2019-20
Serie A,2020-02-16,Sampdoria,Fiorentina,1,5,A,2019-20
Serie A,2020-02-16,Sassuolo,Parma,0,1,A,2019-20
Serie A,2020-02-16,Udinese,Hellas Verona,0,0,D,2019-20
Serie A,2020-02-17,AC Milan,Torino,1,0,H,2019-20
Serie A,2020-02-21,Brescia,Napoli,1,2,A,2019-20
Serie A,2020-02-22,Bologna,Udinese,1,1,D,2019-20
Serie A,2020-02-22,Fiorentina,AC Milan,1,1,D,2019-20
Serie A,2020-02-22,SPAL,Juventus,1,2,A,2019-20
Serie A,2020-02-23,AS Roma,Lecce,4,0,H,2019-20
Serie A,2020-02-23,Genoa,Lazio,2,3,A,2019-20
Serie A,2020-02-29,Lazio,Bologna,2,0,H,2019-20
Serie A,2020-02-29,Napoli,Torino,2,1,H,2019-20
Serie A,2020-03-01,Cagliari,AS Roma,3,4,A,2019-20
Serie A,2020-03-01,Lecce,Atalanta,2,7,A,2019-20
Serie A,2020-03-08,AC Milan,Genoa,1,2,A,2019-20
Serie A,2020-03-08,Juventus,Internazionale,2,0,H,2019-20
Serie A,2020-03-08,Parma,SPAL,0,1,A,2019-20
Serie A,2020-03-08,Sampdoria,Hellas Verona,2,1,H,2019-20
Serie A,2020-03-08,Udinese,Fiorentina,0,0,D,2019-20
Serie A,2020-03-09,Sassuolo,Brescia,3,0,H,2019-20
Serie A,2020-06-20,Hellas Verona,Cagliari,2,1,H,2019-20
Serie A,2020-06-20,Torino,Parma,1,1,D,2019-20
Serie A,2020-06-21,Atalanta,Sassuolo,4,1,H,2019-20
Serie A,2020-06-21,Internazionale,Sampdoria,2,1,H,2019-20
Serie A,2020-06-22,Bologna,Juventus,0,2,A,2019-20
Serie A,2020-06-22,Fiorentina,Brescia,1,1,D,2019-20
Serie A,2020-06-22,Lecce,AC Milan,1,4,A,2019-20
Serie A,2020-06-23,Genoa,Parma,1,4,A,2019-20
Serie A,2020-06-23,Hellas Verona,Napoli,0,2,A,2019-20
Serie A,2020-06-23,SPAL,Cagliari,0,1,A,2019-20
Serie A,2020-06-23,Torino,Udinese,1,0,H,2019-20
Serie A,2020-06-24,AS Roma,Sampdoria,2,1,H,2019-20
Serie A,2020-06-24,Atalanta,Lazio,3,2,H,2019-20
Serie A,2020-06-24,Internazionale,Sassuolo,3,3,D,2019-20
Serie A,2020-06-26,Juventus,Lecce,4,0,H,2019-20
Serie A,2020-06-27,Brescia,Genoa,2,2,D,2019-20
Serie A,2020-06-27,Cagliari,Torino,4,2,H,2019-20
Serie A,2020-06-27,Lazio,Fiorentina,2,1,H,2019-20
Serie A,2020-06-28,AC Milan,AS Roma,2,0,H,2019-20
Serie A,2020-06-28,Napoli,SPAL,3,1,H,2019-20
Serie A,2020-06-28,Parma,Internazionale,1,2,A,2019-20
Serie A,2020-06-28,Sampdoria,Bologna,1,2,A,2019-20
Serie A,2020-06-28,Sassuolo,Hellas Verona,3,3,D,2019-20
Serie A,2020-06-28,Udinese,Atalanta,2,3,A,2019-20
Serie A,2020-06-30,Genoa,Juventus,1,3,A,2019-20
Serie A,2020-06-30,Torino,Lazio,1,2,A,2019-20
Serie A,2020-07-01,Bologna,Cagliari,1,1,D,2019-20
Serie A,2020-07-01,Fiorentina,Sassuolo,1,3,A,2019-20
Serie A,2020-07-01,Hellas Verona,Parma,3,2,H,2019-20
Serie A,2020-07-01,Internazionale,Brescia,6,0,H,2019-20
Serie A,2020-07-01,Lecce,Sampdoria,1,2,A,2019-20
Serie A,2020-07-01,SPAL,AC Milan,2,2,D,2019-20
Serie A,2020-07-02,AS Roma,Udinese,0,2,A,2019-20
Serie A,2020-07-02,Atalanta,Napoli,2,0,H,2019-20
Serie A,2020-07-04,Juventus,Torino,4,1,H,2019-20
Serie A,2020-07-04,Lazio,AC Milan,0,3,A,2019-20
Serie A,2020-07-04,Sassuolo,Lecce,4,2,H,2019-20
Serie A,2020-07-05,Brescia,Hellas Verona,2,0,H,2019-20
Serie A,2020-07-05,Cagliari,Atalanta,0,1,A,2019-20
Serie A,2020-07-05,Internazionale,Bologna,1,2,A,2019-20
Serie A,2020-07-05,Napoli,AS Roma,2,1,H,2019-20
Serie A,2020-07-05,Parma,Fiorentina,1,2,A,2019-20
Serie A,2020-07-05,Sampdoria,SPAL,3,0,H,2019-20
Serie A,2020-07-05,Udinese,Genoa,2,2,D,2019-20
Serie A,2020-07-07,AC Milan,Juventus,4,2,H,2019-20
Serie A,2020-07-07,Lecce,Lazio,2,1,H,2019-20
Serie A,2020-07-08,AS Roma,Parma,2,1,H,2019-20
Serie A,2020-07-08,Atalanta,Sampdoria,2,0,H,2019-20
Serie A,2020-07-08,Bologna,Sassuolo,1,2,A,2019-20
Serie A,2020-07-08,Fiorentina,Cagliari,0,0,D,2019-20
Serie A,2020-07-08,Genoa,Napoli,1,2,A,2019-20
Serie A,2020-07-08,Torino,Brescia,3,1,H,2019-20
Serie A,2020-07-09,Hellas Verona,Internazionale,2,2,D,2019-20
Serie A,2020-07-09,SPAL,Udinese,0,3,A,2019-20
Serie A,2020-07-11,Brescia,AS Roma,0,3,A,2019-20
Serie A,2020-07-11,Juventus,Atalanta,2,2,D,2019-20
Serie A,2020-07-11,Lazio,Sassuolo,1,2,A,2019-20
Serie A,2020-07-12,Cagliari,Lecce,0,0,D,2019-20
Serie A,2020-07-12,Fiorentina,Hellas Verona,1,1,D,2019-20
Serie A,2020-07-12,Genoa,SPAL,2,0,H,2019-20
Serie A,2020-07-12,Napoli,AC Milan,2,2,D,2019-20
Serie A,2020-07-12,Parma,Bologna,2,2,D,2019-20
Serie A,2020-07-12,Udinese,Sampdoria,1,3,A,2019-20
Serie A,2020-07-13,Internazionale,Torino,3,1,H,2019-20
Serie A,2020-07-14,Atalanta,Brescia,6,2,H,2019-20
Serie A,2020-07-15,AC Milan,Parma,3,1,H,2019-20
Serie A,2020-07-15,AS Roma,Hellas Verona,2,1,H,2019-20
Serie A,2020-07-15,Bologna,Napoli,1,1,D,2019-20
Serie A,2020-07-15,Lecce,Fiorentina,1,3,A,2019-20
Serie A,2020-07-15,Sampdoria,Cagliari,3,0,H,2019-20
Serie A,2020-07-15,Sassuolo,Juventus,3,3,D,2019-20
Serie A,2020-07-15,Udinese,Lazio,0,0,D,2019-20
Serie A,2020-07-16,SPAL,Internazionale,0,4,A,2019-20
Serie A,2020-07-16,Torino,Genoa,3,0,H,2019-20
Serie A,2020-07-18,AC Milan,Bologna,5,1,H,2019-20
Serie A,2020-07-18,Cagliari,Sassuolo,1,1,D,2019-20
Serie A,2020-07-18,Hellas Verona,Atalanta,1,1,D,2019-20
Serie A,2020-07-19,AS Roma,Internazionale,2,2,D,2019-20
Serie A,2020-07-19,Brescia,SPAL,2,1,H,2019-20
Serie A,2020-07-19,Fiorentina,Torino,2,0,H,2019-20
Serie A,2020-07-19,Genoa,Lecce,2,1,H,2019-20
Serie A,2020-07-19,Napoli,Udinese,2,1,H,2019-20
Serie A,2020-07-19,Parma,Sampdoria,2,3,A,2019-20
Serie A,2020-07-20,Juventus,Lazio,2,1,H,2019-20
Serie A,2020-07-21,Atalanta,Bologna,1,0,H,2019-20
Serie A,2020-07-21,Sassuolo,AC Milan,1,2,A,2019-20
Serie A,2020-07-22,Internazionale,Fiorentina,0,0,D,2019-20
Serie A,2020-07-22,Lecce,Brescia,3,1,H,2019-20
Serie A,2020-07-22,Parma,Napoli,2,1,H,2019-20
Serie A,2020-07-22,SPAL,AS Roma,1,6,A,2019-20
Serie A,2020-07-22,Sampdoria,Genoa,1,2,A,2019-20
Serie A,2020-07-22,Torino,Hellas Verona,1,1,D,2019-20
Serie A,2020-07-23,Lazio,Cagliari,2,1,H,2019-20
Serie A,2020-07-23,Udinese,Juventus,2,1,H,2019-20
Serie A,2020-07-24,AC Milan,Atalanta,1,1,D,2019-20
Serie A,2020-07-25,Brescia,Parma,1,2,A,2019-20
Serie A,2020-07-25,Genoa,Internazionale,0,3,A,2019-20
Serie A,2020-07-25,Napoli,Sassuolo,2,0,H,2019-20
Serie A,2020-07-26,AS Roma,Fiorentina,2,1,H,2019-20
Serie A,2020-07-26,Bologna,Lecce,3,2,H,2019-20
Serie A,2020-07-26,Cagliari,Udinese,0,1,A,2019-20
Serie A,2020-07-26,Hellas Verona,Lazio,1,5,A,2019-20
Serie A,2020-07-26,Juventus,Sampdoria,2,0,H,2019-20
Serie A,2020-07-26,SPAL,Torino,1,1,D,2019-20
Serie A,2020-07-28,Internazionale,Napoli,2,0,H,2019-20
Serie A,2020-07-28,Parma,Atalanta,1,2,A,2019-20
Serie A,2020-07-29,Cagliari,Juventus,2,0,H,2019-20
Serie A,2020-07-29,Fiorentina,Bologna,4,0,H,2019-20
Serie A,2020-07-29,Hellas Verona,SPAL,3,0,H,2019-20
Serie A,2020-07-29,Lazio,Brescia,2,0,H,2019-20
Serie A,2020-07-29,Sampdoria,AC Milan,1,4,A,2019-20
Serie A,2020-07-29,Sassuolo,Genoa,5,0,H,2019-20
Serie A,2020-07-29,Torino,AS Roma,2,3,A,2019-20
Serie A,2020-07-29,Udinese,Lecce,1,2,A,2019-20
Serie A,2020-08-01,AC Milan,Cagliari,3,0,H,2019-20
Serie A,2020-08-01,Atalanta,Internazionale,0,2,A,2019-20
Serie A,2020-08-01,Brescia,Sampdoria,1,1,D,2019-20
Serie A,2020-08-01,Juventus,AS Roma,1,3,A,2019-20
Serie A,2020-08-01,Napoli,Lazio,3,1,H,2019-20
Serie A,2020-08-02,Bologna,Torino,1,1,D,2019-20
Serie A,2020-08-02,Genoa,Hellas Verona,3,0,H,2019-20
Serie A,2020-08-02,Lecce,Parma,3,4,A,2019-20
Serie A,2020-08-02,SPAL,Fiorentina,1,3,A,2019-20
Serie A,2020-08-02,Sassuolo,Udinese,0,1,A,2019-20
Serie A,2020-09-19,Fiorentina,Torino,1,0,H,2020-21
Serie A,2020-09-19,Hellas Verona,AS Roma,0,0,D,2020-21
Serie A,2020-09-20,Genoa,Crotone,4,1,H,2020-21
Serie A,2020-09-20,Juventus,Sampdoria,3,0,H,2020-21
Serie A,2020-09-20,Parma,Napoli,0,2,A,2020-21
Serie A,2020-09-20,Sassuolo,Cagliari,1,1,D,2020-21
Serie A,2020-09-21,AC Milan,Bologna,2,0,H,2020-21
Serie A,2020-09-26,Cagliari,Lazio,0,2,A,2020-21
Serie A,2020-09-26,Internazionale,Fiorentina,4,3,H,2020-21
Serie A,2020-09-26,Sampdoria,Benevento,2,3,A,2020-21
Serie A,2020-09-26,Torino,Atalanta,2,4,A,2020-21
Serie A,2020-09-27,AS Roma,Juventus,2,2,D,2020-21
Serie A,2020-09-27,Crotone,AC Milan,0,2,A,2020-21
Serie A,2020-09-27,Hellas Verona,Udinese,1,0,H,2020-21
Serie A,2020-09-27,Napoli,Genoa,6,0,H,2020-21
Serie A,2020-09-27,Spezia,Sassuolo,1,4,A,2020-21
Serie A,2020-09-28,Bologna,Parma,4,1,H,2020-21
Serie A,2020-09-30,Benevento,Internazionale,2,5,A,2020-21
Serie A,2020-09-30,Lazio,Atalanta,1,4,A,2020-21
Serie A,2020-09-30,Udinese,Spezia,0,2,A,2020-21
Serie A,2020-10-02,Fiorentina,Sampdoria,1,2,A,2020-21
Serie A,2020-10-03,Sassuolo,Crotone,4,1,H,2020-21
Serie A,2020-10-03,Udinese,AS Roma,0,1,A,2020-21
Serie A,2020-10-04,AC Milan,Spezia,3,0,H,2020-21
Serie A,2020-10-04,Atalanta,Cagliari,5,2,H,2020-21
Serie A,2020-10-04,Benevento,Bologna,1,0,H,2020-21
Serie A,2020-10-04,Lazio,Internazionale,1,1,D,2020-21
Serie A,2020-10-04,Parma,Hellas Verona,1,0,H,2020-21
Serie A,2020-10-17,Crotone,Juventus,1,1,D,2020-21
Serie A,2020-10-17,Internazionale,AC Milan,1,2,A,2020-21
Serie A,2020-10-17,Napoli,Atalanta,4,1,H,2020-21
Serie A,2020-10-17,Sampdoria,Lazio,3,0,H,2020-21
Serie A,2020-10-18,AS Roma,Benevento,5,2,H,2020-21
Serie A,2020-10-18,Bologna,Sassuolo,3,4,A,2020-21
Serie A,2020-10-18,Spezia,Fiorentina,2,2,D,2020-21
Serie A,2020-10-18,Torino,Cagliari,2,3,A,2020-21
Serie A,2020-10-18,Udinese,Parma,3,2,H,2020-21
Serie A,2020-10-19,Hellas Verona,Genoa,0,0,D,2020-21
Serie A,2020-10-23,Sassuolo,Torino,3,3,D,2020-21
Serie A,2020-10-24,Atalanta,Sampdoria,1,3,A,2020-21
Serie A,2020-10-24,Genoa,Internazionale,0,2,A,2020-21
Serie A,2020-10-24,Lazio,Bologna,2,1,H,2020-21
Serie A,2020-10-25,Benevento,Napoli,1,2,A,2020-21
Serie A,2020-10-25,Cagliari,Crotone,4,2,H,2020-21
Serie A,2020-10-25,Fiorentina,Udinese,3,2,H,2020-21
Serie A,2020-10-25,Juventus,Hellas Verona,1,1,D,2020-21
Serie A,2020-10-25,Parma,Spezia,2,2,D,2020-21
Serie A,2020-10-26,AC Milan,AS Roma,3,3,D,2020-21
Serie A,2020-10-31,Bologna,Cagliari,3,2,H,2020-21
Serie A,2020-10-31,Crotone,Atalanta,1,2,A,2020-21
Serie A,2020-10-31,Internazionale,Parma,2,2,D,2020-21
Serie A,2020-11-01,AS Roma,Fiorentina,2,0,H,2020-21
Serie A,2020-11-01,Napoli,Sassuolo,0,2,A,2020-21
Serie A,2020-11-01,Sampdoria,Genoa,1,1,D,2020-21
Serie A,2020-11-01,Spezia,Juventus,1,4,A,2020-21
Serie A,2020-11-01,Torino,Lazio,3,4,A,2020-21
Serie A,2020-11-01,Udinese,AC Milan,1,2,A,2020-21
Serie A,2020-11-02,Hellas Verona,Benevento,3,1,H,2020-21
Serie A,2020-11-04,Genoa,Torino,1,2,A,2020-21
Serie A,2020-11-06,Sassuolo,Udinese,0,0,D,2020-21
Serie A,2020-11-07,Benevento,Spezia,0,3,A,2020-21
Serie A,2020-11-07,Cagliari,Sampdoria,2,0,H,2020-21
Serie A,2020-11-07,Parma,Fiorentina,0,0,D,2020-21
Serie A,2020-11-08,AC Milan,Hellas Verona,2,2,D,2020-21
Serie A,2020-11-08,Atalanta,Internazionale,1,1,D,2020-21
Serie A,2020-11-08,Bologna,Napoli,0,1,A,2020-21
Serie A,2020-11-08,Genoa,AS Roma,1,3,A,2020-21
Serie A,2020-11-08,Lazio,Juventus,1,1,D,2020-21
Serie A,2020-11-08,Torino,Crotone,0,0,D,2020-21
Serie A,2020-11-21,Crotone,Lazio,0,2,A,2020-21
Serie A,2020-11-21,Juventus,Cagliari,2,0,H,2020-21
Serie A,2020-11-21,Spezia,Atalanta,0,0,D,2020-21
Serie A,2020-11-22,AS Roma,Parma,3,0,H,2020-21
Serie A,2020-11-22,Fiorentina,Benevento,0,1,A,2020-21
Serie A,2020-11-22,Hellas Verona,Sassuolo,0,2,A,2020-21
Serie A,2020-11-22,Internazionale,Torino,4,2,H,2020-21
Serie A,2020-11-22,Napoli,AC Milan,1,3,A,2020-21
Serie A,2020-11-22,Sampdoria,Bologna,1,2,A,2020-21
Serie A,2020-11-22,Udinese,Genoa,1,0,H,2020-21
Serie A,2020-11-28,Atalanta,Hellas Verona,0,2,A,2020-21
Serie A,2020-11-28,Benevento,Juventus,1,1,D,2020-21
Serie A,2020-11-28,Sassuolo,Internazionale,0,3,A,2020-21
Serie A,2020-11-29,AC Milan,Fiorentina,2,0,H,2020-21
Serie A,2020-11-29,Bologna,Crotone,1,0,H,2020-21
Serie A,2020-11-29,Cagliari,Spezia,2,2,D,2020-21
Serie A,2020-11-29,Lazio,Udinese,1,3,A,2020-21
Serie A,2020-11-29,Napoli,AS Roma,4,0,H,2020-21
Serie A,2020-11-30,Genoa,Parma,1,2,A,2020-21
Serie A,2020-11-30,Torino,Sampdoria,2,2,D,2020-21
Serie A,2020-12-05,Internazionale,Bologna,3,1,H,2020-21
Serie A,2020-12-05,Juventus,Torino,2,1,H,2020-21
Serie A,2020-12-05,Spezia,Lazio,1,2,A,2020-21
Serie A,2020-12-06,AS Roma,Sassuolo,0,0,D,2020-21
Serie A,2020-12-06,Crotone,Napoli,0,4,A,2020-21
Serie A,2020-12-06,Hellas Verona,Cagliari,1,1,D,2020-21
Serie A,2020-12-06,Parma,Benevento,0,0,D,2020-21
Serie A,2020-12-06,Sampdoria,AC Milan,1,2,A,2020-21
Serie A,2020-12-07,Fiorentina,Genoa,1,1,D,2020-21
Serie A,2020-12-11,Sassuolo,Benevento,1,0,H,2020-21
Serie A,2020-12-12,Crotone,Spezia,4,1,H,2020-21
Serie A,2020-12-12,Lazio,Hellas Verona,1,2,A,2020-21
Serie A,2020-12-12,Torino,Udinese,2,3,A,2020-21
Serie A,2020-12-13,AC Milan,Parma,2,2,D,2020-21
Serie A,2020-12-13,Atalanta,Fiorentina,3,0,H,2020-21
Serie A,2020-12-13,Bologna,AS Roma,1,5,A,2020-21
Serie A,2020-12-13,Cagliari,Internazionale,1,3,A,2020-21
Serie A,2020-12-13,Genoa,Juventus,1,3,A,2020-21
Serie A,2020-12-13,Napoli,Sampdoria,2,1,H,2020-21
Serie A,2020-12-15,Benevento,Lazio,1,1,D,2020-21
Serie A,2020-12-15,Udinese,Crotone,0,0,D,2020-21
Serie A,2020-12-16,Fiorentina,Sassuolo,1,1,D,2020-21
Serie A,2020-12-16,Genoa,AC Milan,2,2,D,2020-21
Serie A,2020-12-16,Hellas Verona,Sampdoria,1,2,A,2020-21
Serie A,2020-12-16,Internazionale,Napoli,1,0,H,2020-21
Serie A,2020-12-16,Juventus,Atalanta,1,1,D,2020-21
Serie A,2020-12-16,Parma,Cagliari,0,0,D,2020-21
Serie A,2020-12-16,Spezia,Bologna,2,2,D,2020-21
Serie A,2020-12-17,AS Roma,Torino,3,1,H,2020-21
Serie A,2020-12-19,Fiorentina,Hellas Verona,1,1,D,2020-21
Serie A,2020-12-19,Parma,Juventus,0,4,A,2020-21
Serie A,2020-12-19,Sampdoria,Crotone,3,1,H,2020-21
Serie A,2020-12-20,Atalanta,AS Roma,4,1,H,2020-21
Serie A,2020-12-20,Benevento,Genoa,2,0,H,2020-21
Serie A,2020-12-20,Cagliari,Udinese,1,1,D,2020-21
Serie A,2020-12-20,Internazionale,Spezia,2,1,H,2020-21
Serie A,2020-12-20,Lazio,Napoli,2,0,H,2020-21
Serie A,2020-12-20,Sassuolo,AC Milan,1,2,A,2020-21
Serie A,2020-12-20,Torino,Bologna,1,1,D,2020-21
Serie A,2020-12-22,Crotone,Parma,2,1,H,2020-21
Serie A,2020-12-22,Juventus,Fiorentina,0,3,A,2020-21
Serie A,2020-12-23,AC Milan,Lazio,3,2,H,2020-21
Serie A,2020-12-23,AS Roma,Cagliari,3,2,H,2020-21
Serie A,2020-12-23,Bologna,Atalanta,2,2,D,2020-21
Serie A,2020-12-23,Hellas Verona,Internazionale,1,2,A,2020-21
Serie A,2020-12-23,Napoli,Torino,1,1,D,2020-21
Serie A,2020-12-23,Sampdoria,Sassuolo,2,3,A,2020-21
Serie A,2020-12-23,Spezia,Genoa,1,2,A,2020-21
Serie A,2020-12-23,Udinese,Benevento,0,2,A,2020-21
Serie A,2021-01-03,AS Roma,Sampdoria,1,0,H,2020-21
Serie A,2021-01-03,Atalanta,Sassuolo,5,1,H,2020-21
Serie A,2021-01-03,Benevento,AC Milan,0,2,A,2020-21
Serie A,2021-01-03,Cagliari,Napoli,1,4,A,2020-21
Serie A,2021-01-03,Fiorentina,Bologna,0,0,D,2020-21
Serie A,2021-01-03,Genoa,Lazio,1,1,D,2020-21
Serie A,2021-01-03,Internazionale,Crotone,6,2,H,2020-21
Serie A,2021-01-03,Juventus,Udinese,4,1,H,2020-21
Serie A,2021-01-03,Parma,Torino,0,3,A,2020-21
Serie A,2021-01-03,Spezia,Hellas Verona,0,1,A,2020-21
Serie A,2021-01-06,AC Milan,Juventus,1,3,A,2020-21
Serie A,2021-01-06,Atalanta,Parma,3,0,H,2020-21
Serie A,2021-01-06,Bologna,Udinese,2,2,D,2020-21
Serie A,2021-01-06,Cagliari,Benevento,1,2,A,2020-21
Serie A,2021-01-06,Crotone,AS Roma,1,3,A,2020-21
Serie A,2021-01-06,Lazio,Fiorentina,2,1,H,2020-21
Serie A,2021-01-06,Napoli,Spezia,1,2,A,2020-21
Serie A,2021-01-06,Sampdoria,Internazionale,2,1,H,2020-21
Serie A,2021-01-06,Sassuolo,Genoa,2,1,H,2020-21
Serie A,2021-01-06,Torino,Hellas Verona,1,1,D,2020-21
Serie A,2021-01-09,AC Milan,Torino,2,0,H,2020-21
Serie A,2021-01-09,Benevento,Atalanta,1,4,A,2020-21
Serie A,2021-01-09,Genoa,Bologna,2,0,H,2020-21
Serie A,2021-01-10,AS Roma,Internazionale,2,2,D,2020-21
Serie A,2021-01-10,Fiorentina,Cagliari,1,0,H,2020-21
Serie A,2021-01-10,Hellas Verona,Crotone,2,1,H,2020-21
Serie A,2021-01-10,Juventus,Sassuolo,3,1,H,2020-21
Serie A,2021-01-10,Parma,Lazio,0,2,A,2020-21
Serie A,2021-01-10,Udinese,Napoli,1,2,A,2020-21
Serie A,2021-01-11,Spezia,Sampdoria,2,1,H,2020-21
Serie A,2021-01-15,Lazio,AS Roma,3,0,H,2020-21
Serie A,2021-01-16,Bologna,Hellas Verona,1,0,H,2020-21
Serie A,2021-01-16,Sampdoria,Udinese,2,1,H,2020-21
Serie A,2021-01-16,Torino,Spezia,0,0,D,2020-21
Serie A,2021-01-17,Atalanta,Genoa,0,0,D,2020-21
Serie A,2021-01-17,Crotone,Benevento,4,1,H,2020-21
Serie A,2021-01-17,Internazionale,Juventus,2,0,H,2020-21
Serie A,2021-01-17,Napoli,Fiorentina,6,0,H,2020-21
Serie A,2021-01-17,Sassuolo,Parma,1,1,D,2020-21
Serie A,2021-01-18,Cagliari,AC Milan,0,2,A,2020-21
Serie A,2021-01-20,Udinese,Atalanta,1,1,D,2020-21
Serie A,2021-01-22,Benevento,Torino,2,2,D,2020-21
Serie A,2021-01-23,AC Milan,Atalanta,0,3,A,2020-21
Serie A,2021-01-23,AS Roma,Spezia,4,3,H,2020-21
Serie A,2021-01-23,Fiorentina,Crotone,2,1,H,2020-21
Serie A,2021-01-23,Udinese,Internazionale,0,0,D,2020-21
Serie A,2021-01-24,Genoa,Cagliari,1,0,H,2020-21
Serie A,2021-01-24,Hellas Verona,Napoli,3,1,H,2020-21
Serie A,2021-01-24,Juventus,Bologna,2,0,H,2020-21
Serie A,2021-01-24,Lazio,Sassuolo,2,1,H,2020-21
Serie A,2021-01-24,Parma,Sampdoria,0,2,A,2020-21
Serie A,2021-01-29,Torino,Fiorentina,1,1,D,2020-21
Serie A,2021-01-30,Bologna,AC Milan,1,2,A,2020-21
Serie A,2021-01-30,Internazionale,Benevento,4,0,H,2020-21
Serie A,2021-01-30,Sampdoria,Juventus,0,2,A,2020-21
Serie A,2021-01-31,AS Roma,Hellas Verona,3,1,H,2020-21
Serie A,2021-01-31,Atalanta,Lazio,1,3,A,2020-21
Serie A,2021-01-31,Cagliari,Sassuolo,1,1,D,2020-21
Serie A,2021-01-31,Crotone,Genoa,0,3,A,2020-21
Serie A,2021-01-31,Napoli,Parma,2,0,H,2020-21
Serie A,2021-01-31,Spezia,Udinese,0,1,A,2020-21
Serie A,2021-02-05,Fiorentina,Internazionale,0,2,A,2020-21
Serie A,2021-02-06,Atalanta,Torino,3,3,D,2020-21
Serie A,2021-02-06,Genoa,Napoli,2,1,H,2020-21
Serie A,2021-02-06,Juventus,AS Roma,2,0,H,2020-21
Serie A,2021-02-06,Sassuolo,Spezia,1,2,A,2020-21
Serie A,2021-02-07,AC Milan,Crotone,4,0,H,2020-21
Serie A,2021-02-07,Benevento,Sampdoria,1,1,D,2020-21
Serie A,2021-02-07,Lazio,Cagliari,1,0,H,2020-21
Serie A,2021-02-07,Parma,Bologna,0,3,A,2020-21
Serie A,2021-02-07,Udinese,Hellas Verona,2,0,H,2020-21
Serie A,2021-02-12,Bologna,Benevento,1,1,D,2020-21
Serie A,2021-02-13,Napoli,Juventus,1,0,H,2020-21
Serie A,2021-02-13,Spezia,AC Milan,2,0,H,2020-21
Serie A,2021-02-13,Torino,Genoa,0,0,D,2020-21
Serie A,2021-02-14,AS Roma,Udinese,3,0,H,2020-21
Serie A,2021-02-14,Cagliari,Atalanta,0,1,A,2020-21
Serie A,2021-02-14,Crotone,Sassuolo,1,2,A,2020-21
Serie A,2021-02-14,Internazionale,Lazio,3,1,H,2020-21
Serie A,2021-02-14,Sampdoria,Fiorentina,2,1,H,2020-21
Serie A,2021-02-15,Hellas Verona,Parma,2,1,H,2020-21
Serie A,2021-02-19,Cagliari,Torino,0,1,A,2020-21
Serie A,2021-02-19,Fiorentina,Spezia,3,0,H,2020-21
Serie A,2021-02-20,Genoa,Hellas Verona,2,2,D,2020-21
Serie A,2021-02-20,Lazio,Sampdoria,1,0,H,2020-21
Serie A,2021-02-20,Sassuolo,Bologna,1,1,D,2020-21
Serie A,2021-02-21,AC Milan,Internazionale,0,3,A,2020-21
Serie A,2021-02-21,Atalanta,Napoli,4,2,H,2020-21
Serie A,2021-02-21,Benevento,AS Roma,0,0,D,2020-21
Serie A,2021-02-21,Parma,Udinese,2,2,D,2020-21
Serie A,2021-02-22,Juventus,Crotone,3,0,H,2020-21
Serie A,2021-02-27,Bologna,Lazio,2,0,H,2020-21
Serie A,2021-02-27,Hellas Verona,Juventus,1,1,D,2020-21
Serie A,2021-02-27,Spezia,Parma,2,2,D,2020-21
Serie A,2021-02-28,AS Roma,AC Milan,1,2,A,2020-21
Serie A,2021-02-28,Crotone,Cagliari,0,2,A,2020-21
Serie A,2021-02-28,Internazionale,Genoa,3,0,H,2020-21
Serie A,2021-02-28,Napoli,Benevento,2,0,H,2020-21
Serie A,2021-02-28,Sampdoria,Atalanta,0,2,A,2020-21
Serie A,2021-02-28,Udinese,Fiorentina,1,0,H,2020-21
Serie A,2021-03-02,Juventus,Spezia,3,0,H,2020-21
Serie A,2021-03-03,AC Milan,Udinese,1,1,D,2020-21
Serie A,2021-03-03,Atalanta,Crotone,5,1,H,2020-21
Serie A,2021-03-03,Benevento,Hellas Verona,0,3,A,2020-21
Serie A,2021-03-03,Cagliari,Bologna,1,0,H,2020-21
Serie A,2021-03-03,Fiorentina,AS Roma,1,2,A,2020-21
Serie A,2021-03-03,Genoa,Sampdoria,1,1,D,2020-21
Serie A,2021-03-03,Sassuolo,Napoli,3,3,D,2020-21
Serie A,2021-03-04,Parma,Internazionale,1,2,A,2020-21
Serie A,2021-03-06,Juventus,Lazio,3,1,H,2020-21
Serie A,2021-03-06,Spezia,Benevento,1,1,D,2020-21
Serie A,2021-03-06,Udinese,Sassuolo,2,0,H,2020-21
Serie A,2021-03-07,AS Roma,Genoa,1,0,H,2020-21
Serie A,2021-03-07,Crotone,Torino,4,2,H,2020-21
Serie A,2021-03-07,Fiorentina,Parma,3,3,D,2020-21
Serie A,2021-03-07,Hellas Verona,AC Milan,0,2,A,2020-21
Serie A,2021-03-07,Napoli,Bologna,3,1,H,2020-21
Serie A,2021-03-07,Sampdoria,Cagliari,2,2,D,2020-21
Serie A,2021-03-08,Internazionale,Atalanta,1,0,H,2020-21
Serie A,2021-03-12,Atalanta,Spezia,3,1,H,2020-21
Serie A,2021-03-12,Lazio,Crotone,3,2,H,2020-21
Serie A,2021-03-13,Benevento,Fiorentina,1,4,A,2020-21
Serie A,2021-03-13,Genoa,Udinese,1,1,D,2020-21
Serie A,2021-03-13,Sassuolo,Hellas Verona,3,2,H,2020-21
Serie A,2021-03-14,AC Milan,Napoli,0,1,A,2020-21
Serie A,2021-03-14,Bologna,Sampdoria,3,1,H,2020-21
Serie A,2021-03-14,Cagliari,Juventus,1,3,A,2020-21
Serie A,2021-03-14,Parma,AS Roma,2,0,H,2020-21
Serie A,2021-03-14,Torino,Internazionale,1,2,A,2020-21
Serie A,2021-03-17,Torino,Sassuolo,3,2,H,2020-21
Serie A,2021-03-19,Parma,Genoa,1,2,A,2020-21
Serie A,2021-03-20,Crotone,Bologna,2,3,A,2020-21
Serie A,2021-03-20,Spezia,Cagliari,2,1,H,2020-21
Serie A,2021-03-21,AS Roma,Napoli,0,2,A,2020-21
Serie A,2021-03-21,Fiorentina,AC Milan,2,3,A,2020-21
Serie A,2021-03-21,Hellas Verona,Atalanta,0,2,A,2020-21
Serie A,2021-03-21,Juventus,Benevento,0,1,A,2020-21
Serie A,2021-03-21,Sampdoria,Torino,1,0,H,2020-21
Serie A,2021-03-21,Udinese,Lazio,0,1,A,2020-21
Serie A,2021-04-03,AC Milan,Sampdoria,1,1,D,2020-21
Serie A,2021-04-03,Atalanta,Udinese,3,2,H,2020-21
Serie A,2021-04-03,Benevento,Parma,2,2,D,2020-21
Serie A,2021-04-03,Bologna,Internazionale,0,1,A,2020-21
Serie A,2021-04-03,Cagliari,Hellas Verona,0,2,A,2020-21
Serie A,2021-04-03,Genoa,Fiorentina,1,1,D,2020-21
Serie A,2021-04-03,Lazio,Spezia,2,1,H,2020-21
Serie A,2021-04-03,Napoli,Crotone,4,3,H,2020-21
Serie A,2021-04-03,Sassuolo,AS Roma,2,2,D,2020-21
Serie A,2021-04-03,Torino,Juventus,2,2,D,2020-21
Serie A,2021-04-07,Internazionale,Sassuolo,2,1,H,2020-21
Serie A,2021-04-07,Juventus,Napoli,2,1,H,2020-21
Serie A,2021-04-10,Parma,AC Milan,1,3,A,2020-21
Serie A,2021-04-10,Spezia,Crotone,3,2,H,2020-21
Serie A,2021-04-10,Udinese,Torino,0,1,A,2020-21
Serie A,2021-04-11,AS Roma,Bologna,1,0,H,2020-21
Serie A,2021-04-11,Fiorentina,Atalanta,2,3,A,2020-21
Serie A,2021-04-11,Hellas Verona,Lazio,0,1,A,2020-21
Serie A,2021-04-11,Internazionale,Cagliari,1,0,H,2020-21
Serie A,2021-04-11,Juventus,Genoa,3,1,H,2020-21
Serie A,2021-04-11,Sampdoria,Napoli,0,2,A,2020-21
Serie A,2021-04-12,Benevento,Sassuolo,0,1,A,2020-21
Serie A,2021-04-17,Cagliari,Parma,4,3,H,2020-21
Serie A,2021-04-17,Crotone,Udinese,1,2,A,2020-21
Serie A,2021-04-17,Sampdoria,Hellas Verona,3,1,H,2020-21
Serie A,2021-04-17,Sassuolo,Fiorentina,3,1,H,2020-21
Serie A,2021-04-18,AC Milan,Genoa,2,1,H,2020-21
Serie A,2021-04-18,Atalanta,Juventus,1,0,H,2020-21
Serie A,2021-04-18,Bologna,Spezia,4,1,H,2020-21
Serie A,2021-04-18,Lazio,Benevento,5,3,H,2020-21
Serie A,2021-04-18,Napoli,Internazionale,1,1,D,2020-21
Serie A,2021-04-18,Torino,AS Roma,3,1,H,2020-21
Serie A,2021-04-20,Hellas Verona,Fiorentina,1,2,A,2020-21
Serie A,2021-04-21,AC Milan,Sassuolo,1,2,A,2020-21
Serie A,2021-04-21,Bologna,Torino,1,1,D,2020-21
Serie A,2021-04-21,Crotone,Sampdoria,0,1,A,2020-21
Serie A,2021-04-21,Genoa,Benevento,2,2,D,2020-21
Serie A,2021-04-21,Juventus,Parma,3,1,H,2020-21
Serie A,2021-04-21,Spezia,Internazionale,1,1,D,2020-21
Serie A,2021-04-21,Udinese,Cagliari,0,1,A,2020-21
Serie A,2021-04-22,AS Roma,Atalanta,1,1,D,2020-21
Serie A,2021-04-22,Napoli,Lazio,5,2,H,2020-21
Serie A,2021-04-24,Genoa,Spezia,2,0,H,2020-21
Serie A,2021-04-24,Parma,Crotone,3,4,A,2020-21
Serie A,2021-04-24,Sassuolo,Sampdoria,1,0,H,2020-21
Serie A,2021-04-25,Atalanta,Bologna,5,0,H,2020-21
Serie A,2021-04-25,Benevento,Udinese,2,4,A,2020-21
Serie A,2021-04-25,Cagliari,AS Roma,3,2,H,2020-21
Serie A,2021-04-25,Fiorentina,Juventus,1,1,D,2020-21
Serie A,2021-04-25,Internazionale,Hellas Verona,1,0,H,2020-21
Serie A,2021-04-26,Lazio,AC Milan,3,0,H,2020-21
Serie A,2021-04-26,Torino,Napoli,0,2,A,2020-21
Serie A,2021-05-01,AC Milan,Benevento,2,0,H,2020-21
Serie A,2021-05-01,Crotone,Internazionale,0,2,A,2020-21
Serie A,2021-05-01,Hellas Verona,Spezia,1,1,D,2020-21
Serie A,2021-05-02,Bologna,Fiorentina,3,3,D,2020-21
Serie A,2021-05-02,Lazio,Genoa,4,3,H,2020-21
Serie A,2021-05-02,Napoli,Cagliari,1,1,D,2020-21
Serie A,2021-05-02,Sampdoria,AS Roma,2,0,H,2020-21
Serie A,2021-05-02,Sassuolo,Atalanta,1,1,D,2020-21
Serie A,2021-05-02,Udinese,Juventus,1,2,A,2020-21
Serie A,2021-05-03,Torino,Parma,1,0,H,2020-21
Serie A,2021-05-08,Fiorentina,Lazio,2,0,H,2020-21
Serie A,2021-05-08,Internazionale,Sampdoria,5,1,H,2020-21
Serie A,2021-05-08,Spezia,Napoli,1,4,A,2020-21
Serie A,2021-05-08,Udinese,Bologna,1,1,D,2020-21
Serie A,2021-05-09,AS Roma,Crotone,5,0,H,2020-21
Serie A,2021-05-09,Benevento,Cagliari,1,3,A,2020-21
Serie A,2021-05-09,Genoa,Sassuolo,1,2,A,2020-21
Serie A,2021-05-09,Hellas Verona,Torino,1,1,D,2020-21
Serie A,2021-05-09,Juventus,AC Milan,0,3,A,2020-21
Serie A,2021-05-09,Parma,Atalanta,2,5,A,2020-21
Serie A,2021-05-11,Napoli,Udinese,5,1,H,2020-21
Serie A,2021-05-12,Atalanta,Benevento,2,0,H,2020-21
Serie A,2021-05-12,Bologna,Genoa,0,2,A,2020-21
Serie A,2021-05-12,Cagliari,Fiorentina,0,0,D,2020-21
Serie A,2021-05-12,Internazionale,AS Roma,3,1,H,2020-21
Serie A,2021-05-12,Lazio,Parma,1,0,H,2020-21
Serie A,2021-05-12,Sampdoria,Spezia,2,2,D,2020-21
Serie A,2021-05-12,Sassuolo,Juventus,1,3,A,2020-21
Serie A,2021-05-12,Torino,AC Milan,0,7,A,2020-21
Serie A,2021-05-13,Crotone,Hellas Verona,2,1,H,2020-21
Serie A,2021-05-15,AS Roma,Lazio,2,0,H,2020-21
Serie A,2021-05-15,Genoa,Atalanta,3,4,A,2020-21
Serie A,2021-05-15,Juventus,Internazionale,3,2,H,2020-21
Serie A,2021-05-15,Spezia,Torino,4,1,H,2020-21
Serie A,2021-05-16,AC Milan,Cagliari,0,0,D,2020-21
Serie A,2021-05-16,Benevento,Crotone,1,1,D,2020-21
Serie A,2021-05-16,Fiorentina,Napoli,0,2,A,2020-21
Serie A,2021-05-16,Parma,Sassuolo,1,3,A,2020-21
Serie A,2021-05-16,Udinese,Sampdoria,0,1,A,2020-21
Serie A,2021-05-17,Hellas Verona,Bologna,2,2,D,2020-21
Serie A,2021-05-18,Lazio,Torino,0,0,D,2020-21
Serie A,2021-05-22,Cagliari,Genoa,0,1,A,2020-21
Serie A,2021-05-22,Crotone,Fiorentina,0,0,D,2020-21
Serie A,2021-05-22,Sampdoria,Parma,3,0,H,2020-21
Serie A,2021-05-23,Atalanta,AC Milan,0,2,A,2020-21
Serie A,2021-05-23,Bologna,Juventus,1,4,A,2020-21
Serie A,2021-05-23,Internazionale,Udinese,5,1,H,2020-21
Serie A,2021-05-23,Napoli,Hellas Verona,1,1,D,2020-21
Serie A,2021-05-23,Sassuolo,Lazio,2,0,H,2020-21
Serie A,2021-05-23,Spezia,AS Roma,2,2,D,2020-21
Serie A,2021-05-23,Torino,Benevento,1,1,D,2020-21
Serie A,2021-08-21,Empoli,Lazio,1,3,A,2021-22
Serie A,2021-08-21,Hellas Verona,Sassuolo,2,3,A,2021-22
Serie A,2021-08-21,Internazionale,Genoa,4,0,H,2021-22
Serie A,2021-08-21,Torino,Atalanta,1,2,A,2021-22
Serie A,2021-08-22,AS Roma,Fiorentina,3,1,H,2021-22
Serie A,2021-08-22,Bologna,Salernitana,3,2,H,2021-22
Serie A,2021-08-22,Napoli,Venezia,2,0,H,2021-22
Serie A,2021-08-22,Udinese,Juventus,2,2,D,2021-22
Serie A,2021-08-23,Cagliari,Spezia,2,2,D,2021-22
Serie A,2021-08-23,Sampdoria,AC Milan,0,1,A,2021-22
Serie A,2021-08-27,Hellas Verona,Internazionale,1,3,A,2021-22
Serie A,2021-08-27,Udinese,Venezia,3,0,H,2021-22
Serie A,2021-08-28,Atalanta,Bologna,0,0,D,2021-22
Serie A,2021-08-28,Fiorentina,Torino,2,1,H,2021-22
Serie A,2021-08-28,Juventus,Empoli,0,1,A,2021-22
Serie A,2021-08-28,Lazio,Spezia,6,1,H,2021-22
Serie A,2021-08-29,AC Milan,Cagliari,4,1,H,2021-22
Serie A,2021-08-29,Genoa,Napoli,1,2,A,2021-22
Serie A,2021-08-29,Salernitana,AS Roma,0,4,A,2021-22
Serie A,2021-08-29,Sassuolo,Sampdoria,0,0,D,2021-22
Serie A,2021-09-11,Atalanta,Fiorentina,1,2,A,2021-22
Serie A,2021-09-11,Empoli,Venezia,1,2,A,2021-22
Serie A,2021-09-11,Napoli,Juventus,2,1,H,2021-22
Serie A,2021-09-12,AC Milan,Lazio,2,0,H,2021-22
Serie A,2021-09-12,AS Roma,Sassuolo,2,1,H,2021-22
Serie A,2021-09-12,Cagliari,Genoa,2,3,A,2021-22
Serie A,2021-09-12,Sampdoria,Internazionale,2,2,D,2021-22
Serie A,2021-09-12,Spezia,Udinese,0,1,A,2021-22
Serie A,2021-09-12,Torino,Salernitana,4,0,H,2021-22
Serie A,2021-09-13,Bologna,Hellas Verona,1,0,H,2021-22
Serie A,2021-09-17,Sassuolo,Torino,0,1,A,2021-22
Serie A,2021-09-18,Genoa,Fiorentina,1,2,A,2021-22
Serie A,2021-09-18,Internazionale,Bologna,6,1,H,2021-22
Serie A,2021-09-18,Salernitana,Atalanta,0,1,A,2021-22
Serie A,2021-09-19,Empoli,Sampdoria,0,3,A,2021-22
Serie A,2021-09-19,Hellas Verona,AS Roma,3,2,H,2021-22
Serie A,2021-09-19,Juventus,AC Milan,1,1,D,2021-22
Serie A,2021-09-19,Lazio,Cagliari,2,2,D,2021-22
Serie A,2021-09-19,Venezia,Spezia,1,2,A,2021-22
Serie A,2021-09-20,Udinese,Napoli,0,4,A,2021-22
Serie A,2021-09-21,Atalanta,Sassuolo,2,1,H,2021-22
Serie A,2021-09-21,Bologna,Genoa,2,2,D,2021-22
Serie A,2021-09-21,Fiorentina,Internazionale,1,3,A,2021-22
Serie A,2021-09-22,AC Milan,Venezia,2,0,H,2021-22
Serie A,2021-09-22,Cagliari,Empoli,0,2,A,2021-22
Serie A,2021-09-22,Salernitana,Hellas Verona,2,2,D,2021-22
Serie A,2021-09-22,Spezia,Juventus,2,3,A,2021-22
Serie A,2021-09-23,AS Roma,Udinese,1,0,H,2021-22
Serie A,2021-09-23,Sampdoria,Napoli,0,4,A,2021-22
Serie A,2021-09-23,Torino,Lazio,1,1,D,2021-22
Serie A,2021-09-25,Genoa,Hellas Verona,3,3,D,2021-22
Serie A,2021-09-25,Internazionale,Atalanta,2,2,D,2021-22
Serie A,2021-09-25,Spezia,AC Milan,1,2,A,2021-22
Serie A,2021-09-26,Empoli,Bologna,4,2,H,2021-22
Serie A,2021-09-26,Juventus,Sampdoria,3,2,H,2021-22
Serie A,2021-09-26,Lazio,AS Roma,3,2,H,2021-22
Serie A,2021-09-26,Napoli,Cagliari,2,0,H,2021-22
Serie A,2021-09-26,Sassuolo,Salernitana,1,0,H,2021-22
Serie A,2021-09-26,Udinese,Fiorentina,0,1,A,2021-22
Serie A,2021-09-27,Venezia,Torino,1,1,D,2021-22
Serie A,2021-10-01,Cagliari,Venezia,1,1,D,2021-22
Serie A,2021-10-02,Salernitana,Genoa,1,0,H,2021-22
Serie A,2021-10-02,Sassuolo,Internazionale,1,2,A,2021-22
Serie A,2021-10-02,Torino,Juventus,0,1,A,2021-22
Serie A,2021-10-03,AS Roma,Empoli,2,0,H,2021-22
Serie A,2021-10-03,Atalanta,AC Milan,2,3,A,2021-22
Serie A,2021-10-03,Bologna,Lazio,3,0,H,2021-22
Serie A,2021-10-03,Fiorentina,Napoli,1,2,A,2021-22
Serie A,2021-10-03,Hellas Verona,Spezia,4,0,H,2021-22
Serie A,2021-10-03,Sampdoria,Udinese,3,3,D,2021-22
Serie A,2021-10-16,AC Milan,Hellas Verona,3,2,H,2021-22
Serie A,2021-10-16,Lazio,Internazionale,3,1,H,2021-22
Serie A,2021-10-16,Spezia,Salernitana,2,1,H,2021-22
Serie A,2021-10-17,Cagliari,Sampdoria,3,1,H,2021-22
Serie A,2021-10-17,Empoli,Atalanta,1,4,A,2021-22
Serie A,2021-10-17,Genoa,Sassuolo,2,2,D,2021-22
Serie A,2021-10-17,Juventus,AS Roma,1,0,H,2021-22
Serie A,2021-10-17,Napoli,Torino,1,0,H,2021-22
Serie A,2021-10-17,Udinese,Bologna,1,1,D,2021-22
Serie A,2021-10-18,Venezia,Fiorentina,1,0,H,2021-22
Serie A,2021-10-22,Sampdoria,Spezia,2,1,H,2021-22
Serie A,2021-10-22,Torino,Genoa,3,2,H,2021-22
Serie A,2021-10-23,Bologna,AC Milan,2,4,A,2021-22
Serie A,2021-10-23,Salernitana,Empoli,2,4,A,2021-22
Serie A,2021-10-23,Sassuolo,Venezia,3,1,H,2021-22
Serie A,2021-10-24,AS Roma,Napoli,0,0,D,2021-22
Serie A,2021-10-24,Atalanta,Udinese,1,1,D,2021-22
Serie A,2021-10-24,Fiorentina,Cagliari,3,0,H,2021-22
Serie A,2021-10-24,Hellas Verona,Lazio,4,1,H,2021-22
Serie A,2021-10-24,Internazionale,Juventus,1,1,D,2021-22
Serie A,2021-10-26,AC Milan,Torino,1,0,H,2021-22
Serie A,2021-10-26,Spezia,Genoa,1,1,D,2021-22
Serie A,2021-10-26,Venezia,Salernitana,1,2,A,2021-22
Serie A,2021-10-27,Cagliari,AS Roma,1,2,A,2021-22
Serie A,2021-10-27,Empoli,Internazionale,0,2,A,2021-22
Serie A,2021-10-27,Juventus,Sassuolo,1,2,A,2021-22
Serie A,2021-10-27,Lazio,Fiorentina,1,0,H,2021-22
Serie A,2021-10-27,Sampdoria,Atalanta,1,3,A,2021-22
Serie A,2021-10-27,Udinese,Hellas Verona,1,1,D,2021-22
Serie A,2021-10-28,Napoli,Bologna,3,0,H,2021-22
Serie A,2021-10-30,Atalanta,Lazio,2,2,D,2021-22
Serie A,2021-10-30,Hellas Verona,Juventus,2,1,H,2021-22
Serie A,2021-10-30,Torino,Sampdoria,3,0,H,2021-22
Serie A,2021-10-31,AS Roma,AC Milan,1,2,A,2021-22
Serie A,2021-10-31,Fiorentina,Spezia,3,0,H,2021-22
Serie A,2021-10-31,Genoa,Venezia,0,0,D,2021-22
Serie A,2021-10-31,Internazionale,Udinese,2,0,H,2021-22
Serie A,2021-10-31,Salernitana,Napoli,0,1,A,2021-22
Serie A,2021-10-31,Sassuolo,Empoli,1,2,A,2021-22
Serie A,2021-11-01,Bologna,Cagliari,2,0,H,2021-22
Serie A,2021-11-05,Empoli,Genoa,2,2,D,2021-22
Serie A,2021-11-06,Cagliari,Atalanta,1,2,A,2021-22
Serie A,2021-11-06,Juventus,Fiorentina,1,0,H,2021-22
Serie A,2021-11-06,Spezia,Torino,1,0,H,2021-22
Serie A,2021-11-07,AC Milan,Internazionale,1,1,D,2021-22
Serie A,2021-11-07,Lazio,Salernitana,3,0,H,2021-22
Serie A,2021-11-07,Napoli,Hellas Verona,1,1,D,2021-22
Serie A,2021-11-07,Sampdoria,Bologna,1,2,A,2021-22
Serie A,2021-11-07,Udinese,Sassuolo,3,2,H,2021-22
Serie A,2021-11-07,Venezia,AS Roma,3,2,H,2021-22
Serie A,2021-11-20,Atalanta,Spezia,5,2,H,2021-22
Serie A,2021-11-20,Fiorentina,AC Milan,4,3,H,2021-22
Serie A,2021-11-20,Lazio,Juventus,0,2,A,2021-22
Serie A,2021-11-21,Bologna,Venezia,0,1,A,2021-22
Serie A,2021-11-21,Genoa,AS Roma,0,2,A,2021-22
Serie A,2021-11-21,Internazionale,Napoli,3,2,H,2021-22
Serie A,2021-11-21,Salernitana,Sampdoria,0,2,A,2021-22
Serie A,2021-11-21,Sassuolo,Cagliari,2,2,D,2021-22
Serie A,2021-11-22,Hellas Verona,Empoli,2,1,H,2021-22
Serie A,2021-11-22,Torino,Udinese,2,1,H,2021-22
Serie A,2021-11-26,Cagliari,Salernitana,1,1,D,2021-22
Serie A,2021-11-27,Empoli,Fiorentina,2,1,H,2021-22
Serie A,2021-11-27,Juventus,Atalanta,0,1,A,2021-22
Serie A,2021-11-27,Sampdoria,Hellas Verona,3,1,H,2021-22
Serie A,2021-11-27,Venezia,Internazionale,0,2,A,2021-22
Serie A,2021-11-28,AC Milan,Sassuolo,1,3,A,2021-22
Serie A,2021-11-28,AS Roma,Torino,1,0,H,2021-22
Serie A,2021-11-28,Napoli,Lazio,4,0,H,2021-22
Serie A,2021-11-28,Spezia,Bologna,0,1,A,2021-22
Serie A,2021-11-28,Udinese,Genoa,0,0,D,2021-22
Serie A,2021-11-30,Atalanta,Venezia,4,0,H,2021-22
Serie A,2021-11-30,Fiorentina,Sampdoria,3,1,H,2021-22
Serie A,2021-11-30,Hellas Verona,Cagliari,0,0,D,2021-22
Serie A,2021-11-30,Salernitana,Juventus,0,2,A,2021-22
Serie A,2021-12-01,Bologna,AS Roma,1,0,H,2021-22
Serie A,2021-12-01,Genoa,AC Milan,0,3,A,2021-22
Serie A,2021-12-01,Internazionale,Spezia,2,0,H,2021-22
Serie A,2021-12-01,Sassuolo,Napoli,2,2,D,2021-22
Serie A,2021-12-02,Lazio,Udinese,4,4,D,2021-22
Serie A,2021-12-02,Torino,Empoli,2,2,D,2021-22
Serie A,2021-12-04,AC Milan,Salernitana,2,0,H,2021-22
Serie A,2021-12-04,AS Roma,Internazionale,0,3,A,2021-22
Serie A,2021-12-04,Napoli,Atalanta,2,3,A,2021-22
Serie A,2021-12-05,Bologna,Fiorentina,2,3,A,2021-22
Serie A,2021-12-05,Juventus,Genoa,2,0,H,2021-22
Serie A,2021-12-05,Sampdoria,Lazio,1,3,A,2021-22
Serie A,2021-12-05,Spezia,Sassuolo,2,2,D,2021-22
Serie A,2021-12-05,Venezia,Hellas Verona,3,4,A,2021-22
Serie A,2021-12-06,Cagliari,Torino,1,1,D,2021-22
Serie A,2021-12-06,Empoli,Udinese,3,1,H,2021-22
Serie A,2021-12-10,Genoa,Sampdoria,1,3,A,2021-22
Serie A,2021-12-11,Fiorentina,Salernitana,4,0,H,2021-22
Serie A,2021-12-11,Udinese,AC Milan,1,1,D,2021-22
Serie A,2021-12-11,Venezia,Juventus,1,1,D,2021-22
Serie A,2021-12-12,Hellas Verona,Atalanta,1,2,A,2021-22
Serie A,2021-12-12,Internazionale,Cagliari,4,0,H,2021-22
Serie A,2021-12-12,Napoli,Empoli,0,1,A,2021-22
Serie A,2021-12-12,Sassuolo,Lazio,2,1,H,2021-22
Serie A,2021-12-12,Torino,Bologna,2,1,H,2021-22
Serie A,2021-12-13,AS Roma,Spezia,2,0,H,2021-22
Serie A,2021-12-17,Lazio,Genoa,3,1,H,2021-22
Serie A,2021-12-17,Salernitana,Internazionale,0,5,A,2021-22
Serie A,2021-12-18,Atalanta,AS Roma,1,4,A,2021-22
Serie A,2021-12-18,Bologna,Juventus,0,2,A,2021-22
Serie A,2021-12-18,Cagliari,Udinese,0,4,A,2021-22
Serie A,2021-12-19,AC Milan,Napoli,0,1,A,2021-22
Serie A,2021-12-19,Fiorentina,Sassuolo,2,2,D,2021-22
Serie A,2021-12-19,Sampdoria,Venezia,1,1,D,2021-22
Serie A,2021-12-19,Spezia,Empoli,1,1,D,2021-22
Serie A,2021-12-19,Torino,Hellas Verona,1,0,H,2021-22
Serie A,2021-12-21,Genoa,Atalanta,0,0,D,2021-22
Serie A,2021-12-21,Juventus,Cagliari,2,0,H,2021-22
Serie A,2021-12-22,AS Roma,Sampdoria,1,1,D,2021-22
Serie A,2021-12-22,Empoli,AC Milan,2,4,A,2021-22
Serie A,2021-12-22,Hellas Verona,Fiorentina,1,1,D,2021-22
Serie A,2021-12-22,Internazionale,Torino,1,0,H,2021-22
Serie A,2021-12-22,Napoli,Spezia,0,1,A,2021-22
Serie A,2021-12-22,Sassuolo,Bologna,0,3,A,2021-22
Serie A,2021-12-22,Venezia,Lazio,1,3,A,2021-22
Serie A,2022-01-06,AC Milan,AS Roma,3,1,H,2021-22
Serie A,2022-01-06,Juventus,Napoli,1,1,D,2021-22
Serie A,2022-01-06,Lazio,Empoli,3,3,D,2021-22
Serie A,2022-01-06,Sampdoria,Cagliari,1,2,A,2021-22
Serie A,2022-01-06,Sassuolo,Genoa,1,1,D,2021-22
Serie A,2022-01-06,Spezia,Hellas Verona,1,2,A,2021-22
Serie A,2022-01-09,AS Roma,Juventus,3,4,A,2021-22
Serie A,2022-01-09,Empoli,Sassuolo,1,5,A,2021-22
Serie A,2022-01-09,Genoa,Spezia,0,1,A,2021-22
Serie A,2022-01-09,Hellas Verona,Salernitana,1,2,A,2021-22
Serie A,2022-01-09,Internazionale,Lazio,2,1,H,2021-22
Serie A,2022-01-09,Napoli,Sampdoria,1,0,H,2021-22
Serie A,2022-01-09,Udinese,Atalanta,2,6,A,2021-22
Serie A,2022-01-09,Venezia,AC Milan,0,3,A,2021-22
Serie A,2022-01-10,Torino,Fiorentina,4,0,H,2021-22
Serie A,2022-01-11,Cagliari,Bologna,2,1,H,2021-22
Serie A,2022-01-15,Juventus,Udinese,2,0,H,2021-22
Serie A,2022-01-15,Salernitana,Lazio,0,3,A,2021-22
Serie A,2022-01-15,Sampdoria,Torino,1,2,A,2021-22
Serie A,2022-01-16,AS Roma,Cagliari,1,0,H,2021-22
Serie A,2022-01-16,Atalanta,Internazionale,0,0,D,2021-22
Serie A,2022-01-16,Sassuolo,Hellas Verona,2,4,A,2021-22
Serie A,2022-01-16,Venezia,Empoli,1,1,D,2021-22
Serie A,2022-01-17,AC Milan,Spezia,1,2,A,2021-22
Serie A,2022-01-17,Bologna,Napoli,0,2,A,2021-22
Serie A,2022-01-17,Fiorentina,Genoa,6,0,H,2021-22
Serie A,2022-01-21,Hellas Verona,Bologna,2,1,H,2021-22
Serie A,2022-01-22,Genoa,Udinese,0,0,D,2021-22
Serie A,2022-01-22,Internazionale,Venezia,2,1,H,2021-22
Serie A,2022-01-22,Lazio,Atalanta,0,0,D,2021-22
Serie A,2022-01-23,AC Milan,Juventus,0,0,D,2021-22
Serie A,2022-01-23,Cagliari,Fiorentina,1,1,D,2021-22
Serie A,2022-01-23,Empoli,AS Roma,2,4,A,2021-22
Serie A,2022-01-23,Napoli,Salernitana,4,1,H,2021-22
Serie A,2022-01-23,Spezia,Sampdoria,1,0,H,2021-22
Serie A,2022-01-23,Torino,Sassuolo,1,1,D,2021-22
Serie A,2022-02-05,AS Roma,Genoa,0,0,D,2021-22
Serie A,2022-02-05,Fiorentina,Lazio,0,3,A,2021-22
Serie A,2022-02-05,Internazionale,AC Milan,1,2,A,2021-22
Serie A,2022-02-06,Atalanta,Cagliari,1,2,A,2021-22
Serie A,2022-02-06,Bologna,Empoli,0,0,D,2021-22
Serie A,2022-02-06,Juventus,Hellas Verona,2,0,H,2021-22
Serie A,2022-02-06,Sampdoria,Sassuolo,4,0,H,2021-22
Serie A,2022-02-06,Udinese,Torino,2,0,H,2021-22
Serie A,2022-02-06,Venezia,Napoli,0,2,A,2021-22
Serie A,2022-02-07,Salernitana,Spezia,2,2,D,2021-22
Serie A,2022-02-12,Lazio,Bologna,3,0,H,2021-22
Serie A,2022-02-12,Napoli,Internazionale,1,1,D,2021-22
Serie A,2022-02-12,Torino,Venezia,1,2,A,2021-22
Serie A,2022-02-13,AC Milan,Sampdoria,1,0,H,2021-22
Serie A,2022-02-13,Atalanta,Juventus,1,1,D,2021-22
Serie A,2022-02-13,Empoli,Cagliari,1,1,D,2021-22
Serie A,2022-02-13,Genoa,Salernitana,1,1,D,2021-22
Serie A,2022-02-13,Hellas Verona,Udinese,4,0,H,2021-22
Serie A,2022-02-13,Sassuolo,AS Roma,2,2,D,2021-22
Serie A,2022-02-14,Spezia,Fiorentina,1,2,A,2021-22
Serie A,2022-02-18,Juventus,Torino,1,1,D,2021-22
Serie A,2022-02-19,AS Roma,Hellas Verona,2,2,D,2021-22
Serie A,2022-02-19,Salernitana,AC Milan,2,2,D,2021-22
Serie A,2022-02-19,Sampdoria,Empoli,2,0,H,2021-22
Serie A,2022-02-20,Fiorentina,Atalanta,1,0,H,2021-22
Serie A,2022-02-20,Internazionale,Sassuolo,0,2,A,2021-22
Serie A,2022-02-20,Udinese,Lazio,1,1,D,2021-22
Serie A,2022-02-20,Venezia,Genoa,1,1,D,2021-22
Serie A,2022-02-21,Bologna,Spezia,2,1,H,2021-22
Serie A,2022-02-21,Cagliari,Napoli,1,1,D,2021-22
Serie A,2022-02-25,AC Milan,Udinese,1,1,D,2021-22
Serie A,2022-02-25,Genoa,Internazionale,0,0,D,2021-22
Serie A,2022-02-26,Empoli,Juventus,2,3,A,2021-22
Serie A,2022-02-26,Salernitana,Bologna,1,1,D,2021-22
Serie A,2022-02-26,Sassuolo,Fiorentina,2,1,H,2021-22
Serie A,2022-02-27,Hellas Verona,Venezia,3,1,H,2021-22
Serie A,2022-02-27,Lazio,Napoli,1,2,A,2021-22
Serie A,2022-02-27,Spezia,AS Roma,0,1,A,2021-22
Serie A,2022-02-27,Torino,Cagliari,1,2,A,2021-22
Serie A,2022-02-28,Atalanta,Sampdoria,4,0,H,2021-22
Serie A,2022-03-04,Internazionale,Salernitana,5,0,H,2021-22
Serie A,2022-03-05,AS Roma,Atalanta,1,0,H,2021-22
Serie A,2022-03-05,Cagliari,Lazio,0,3,A,2021-22
Serie A,2022-03-05,Udinese,Sampdoria,2,1,H,2021-22
Serie A,2022-03-06,Bologna,Torino,0,0,D,2021-22
Serie A,2022-03-06,Fiorentina,Hellas Verona,1,1,D,2021-22
Serie A,2022-03-06,Genoa,Empoli,0,0,D,2021-22
Serie A,2022-03-06,Juventus,Spezia,1,0,H,2021-22
Serie A,2022-03-06,Napoli,AC Milan,0,1,A,2021-22
Serie A,2022-03-06,Venezia,Sassuolo,1,4,A,2021-22
Serie A,2022-03-12,AC Milan,Empoli,1,0,H,2021-22
Serie A,2022-03-12,Salernitana,Sassuolo,2,2,D,2021-22
Serie A,2022-03-12,Sampdoria,Juventus,1,3,A,2021-22
Serie A,2022-03-12,Spezia,Cagliari,2,0,H,2021-22
Serie A,2022-03-13,Atalanta,Genoa,0,0,D,2021-22
Serie A,2022-03-13,Fiorentina,Bologna,1,0,H,2021-22
Serie A,2022-03-13,Hellas Verona,Napoli,1,2,A,2021-22
Serie A,2022-03-13,Torino,Internazionale,1,1,D,2021-22
Serie A,2022-03-13,Udinese,AS Roma,1,1,D,2021-22
Serie A,2022-03-14,Lazio,Venezia,1,0,H,2021-22
Serie A,2022-03-18,Genoa,Torino,1,0,H,2021-22
Serie A,2022-03-18,Sassuolo,Spezia,4,1,H,2021-22
Serie A,2022-03-19,Cagliari,AC Milan,0,1,A,2021-22
Serie A,2022-03-19,Internazionale,Fiorentina,1,1,D,2021-22
Serie A,2022-03-19,Napoli,Udinese,2,1,H,2021-22
Serie A,2022-03-20,AS Roma,Lazio,3,0,H,2021-22
Serie A,2022-03-20,Bologna,Atalanta,0,1,A,2021-22
Serie A,2022-03-20,Empoli,Hellas Verona,1,1,D,2021-22
Serie A,2022-03-20,Juventus,Salernitana,2,0,H,2021-22
Serie A,2022-03-20,Venezia,Sampdoria,0,2,A,2021-22
Serie A,2022-04-02,Lazio,Sassuolo,2,1,H,2021-22
Serie A,2022-04-02,Salernitana,Torino,0,1,A,2021-22
Serie A,2022-04-02,Spezia,Venezia,1,0,H,2021-22
Serie A,2022-04-03,Atalanta,Napoli,1,3,A,2021-22
Serie A,2022-04-03,Fiorentina,Empoli,1,0,H,2021-22
Serie A,2022-04-03,Juventus,Internazionale,0,1,A,2021-22
Serie A,2022-04-03,Sampdoria,AS Roma,0,1,A,2021-22
Serie A,2022-04-03,Udinese,Cagliari,5,1,H,2021-22
Serie A,2022-04-04,AC Milan,Bologna,0,0,D,2021-22
Serie A,2022-04-04,Hellas Verona,Genoa,1,0,H,2021-22
Serie A,2022-04-09,Cagliari,Juventus,1,2,A,2021-22
Serie A,2022-04-09,Empoli,Spezia,0,0,D,2021-22
Serie A,2022-04-09,Internazionale,Hellas Verona,2,0,H,2021-22
Serie A,2022-04-10,AS Roma,Salernitana,2,1,H,2021-22
Serie A,2022-04-10,Genoa,Lazio,1,4,A,2021-22
Serie A,2022-04-10,Napoli,Fiorentina,2,3,A,2021-22
Serie A,2022-04-10,Sassuolo,Atalanta,2,1,H,2021-22
Serie A,2022-04-10,Torino,AC Milan,0,0,D,2021-22
Serie A,2022-04-10,Venezia,Udinese,1,2,A,2021-22
Serie A,2022-04-11,Bologna,Sampdoria,2,0,H,2021-22
Serie A,2022-04-15,AC Milan,Genoa,2,0,H,2021-22
Serie A,2022-04-15,Spezia,Internazionale,1,3,A,2021-22
Serie A,2022-04-16,Cagliari,Sassuolo,1,0,H,2021-22
Serie A,2022-04-16,Fiorentina,Venezia,1,0,H,2021-22
Serie A,2022-04-16,Juventus,Bologna,1,1,D,2021-22
Serie A,2022-04-16,Lazio,Torino,1,1,D,2021-22
Serie A,2022-04-16,Sampdoria,Salernitana,1,2,A,2021-22
Serie A,2022-04-16,Udinese,Empoli,4,1,H,2021-22
Serie A,2022-04-18,Atalanta,Hellas Verona,1,2,A,2021-22
Serie A,2022-04-18,Napoli,AS Roma,1,1,D,2021-22
Serie A,2022-04-20,Udinese,Salernitana,0,1,A,2021-22
Serie A,2022-04-23,Hellas Verona,Sampdoria,1,1,D,2021-22
Serie A,2022-04-23,Internazionale,AS Roma,3,1,H,2021-22
Serie A,2022-04-23,Torino,Spezia,2,1,H,2021-22
Serie A,2022-04-23,Venezia,Atalanta,1,3,A,2021-22
Serie A,2022-04-24,Bologna,Udinese,2,2,D,2021-22
Serie A,2022-04-24,Empoli,Napoli,3,2,H,2021-22
Serie A,2022-04-24,Genoa,Cagliari,1,0,H,2021-22
Serie A,2022-04-24,Lazio,AC Milan,1,2,A,2021-22
Serie A,2022-04-24,Salernitana,Fiorentina,2,1,H,2021-22
Serie A,2022-04-25,Sassuolo,Juventus,1,2,A,2021-22
Serie A,2022-04-27,Atalanta,Torino,4,4,D,2021-22
Serie A,2022-04-27,Bologna,Internazionale,2,1,H,2021-22
Serie A,2022-04-27,Fiorentina,Udinese,0,4,A,2021-22
Serie A,2022-04-30,Cagliari,Hellas Verona,1,2,A,2021-22
Serie A,2022-04-30,Napoli,Sassuolo,6,1,H,2021-22
Serie A,2022-04-30,Sampdoria,Genoa,1,0,H,2021-22
Serie A,2022-04-30,Spezia,Lazio,3,4,A,2021-22
Serie A,2022-05-01,AC Milan,Fiorentina,1,0,H,2021-22
Serie A,2022-05-01,AS Roma,Bologna,0,0,D,2021-22
Serie A,2022-05-01,Empoli,Torino,1,3,A,2021-22
Serie A,2022-05-01,Juventus,Venezia,2,1,H,2021-22
Serie A,2022-05-01,Udinese,Internazionale,1,2,A,2021-22
Serie A,2022-05-02,Atalanta,Salernitana,1,1,D,2021-22
Serie A,2022-05-05,Salernitana,Venezia,2,1,H,2021-22
Serie A,2022-05-06,Genoa,Juventus,2,1,H,2021-22
Serie A,2022-05-06,Internazionale,Empoli,4,2,H,2021-22
Serie A,2022-05-07,Lazio,Sampdoria,2,0,H,2021-22
Serie A,2022-05-07,Sassuolo,Udinese,1,1,D,2021-22
Serie A,2022-05-07,Torino,Napoli,0,1,A,2021-22
Serie A,2022-05-08,Hellas Verona,AC Milan,1,3,A,2021-22
Serie A,2022-05-08,Salernitana,Cagliari,1,1,D,2021-22
Serie A,2022-05-08,Spezia,Atalanta,1,3,A,2021-22
Serie A,2022-05-08,Venezia,Bologna,4,3,H,2021-22
Serie A,2022-05-09,Fiorentina,AS Roma,2,0,H,2021-22
Serie A,2022-05-14,AS Roma,Venezia,1,1,D,2021-22
Serie A,2022-05-14,Empoli,Salernitana,1,1,D,2021-22
Serie A,2022-05-14,Hellas Verona,Torino,0,1,A,2021-22
Serie A,2022-05-14,Udinese,Spezia,2,3,A,2021-22
Serie A,2022-05-15,AC Milan,Atalanta,2,0,H,2021-22
Serie A,2022-05-15,Bologna,Sassuolo,1,3,A,2021-22
Serie A,2022-05-15,Cagliari,Internazionale,1,3,A,2021-22
Serie A,2022-05-15,Napoli,Genoa,3,0,H,2021-22
Serie A,2022-05-16,Juventus,Lazio,2,2,D,2021-22
Serie A,2022-05-16,Sampdoria,Fiorentina,4,1,H,2021-22
Serie A,2022-05-20,Torino,AS Roma,0,3,A,2021-22
Serie A,2022-05-21,Atalanta,Empoli,0,1,A,2021-22
Serie A,2022-05-21,Fiorentina,Juventus,2,0,H,2021-22
Serie A,2022-05-21,Genoa,Bologna,0,1,A,2021-22
Serie A,2022-05-21,Lazio,Hellas Verona,3,3,D,2021-22
Serie A,2022-05-22,Internazionale,Sampdoria,3,0,H,2021-22
Serie A,2022-05-22,Salernitana,Udinese,0,4,A,2021-22
Serie A,2022-05-22,Sassuolo,AC Milan,0,3,A,2021-22
Serie A,2022-05-22,Spezia,Napoli,0,3,A,2021-22
Serie A,2022-05-22,Venezia,Cagliari,0,0,D,2021-22
Serie A,2022-08-13,AC Milan,Udinese,4,2,H,2022-23
Serie A,2022-08-13,Lecce,Internazionale,1,2,A,2022-23
Serie A,2022-08-13,Monza,Torino,1,2,A,2022-23
Serie A,2022-08-13,Sampdoria,Atalanta,0,2,A,2022-23
Serie A,2022-08-14,Fiorentina,Cremonese,3,2,H,2022-23
Serie A,2022-08-14,Lazio,Bologna,2,1,H,2022-23
Serie A,2022-08-14,Salernitana,AS Roma,0,1,A,2022-23
Serie A,2022-08-14,Spezia,Empoli,1,0,H,2022-23
Serie A,2022-08-15,Hellas Verona,Napoli,2,5,A,2022-23
Serie A,2022-08-15,Juventus,Sassuolo,3,0,H,2022-23
Serie A,2022-08-20,Internazionale,Spezia,3,0,H,2022-23
Serie A,2022-08-20,Sassuolo,Lecce,1,0,H,2022-23
Serie A,2022-08-20,Torino,Lazio,0,0,D,2022-23
Serie A,2022-08-20,Udinese,Salernitana,0,0,D,2022-23
Serie A,2022-08-21,Atalanta,AC Milan,1,1,D,2022-23
Serie A,2022-08-21,Bologna,Hellas Verona,1,1,D,2022-23
Serie A,2022-08-21,Empoli,Fiorentina,0,0,D,2022-23
Serie A,2022-08-21,Napoli,Monza,4,0,H,2022-23
Serie A,2022-08-22,AS Roma,Cremonese,1,0,H,2022-23
Serie A,2022-08-22,Sampdoria,Juventus,0,0,D,2022-23
Serie A,2022-08-26,Lazio,Internazionale,3,1,H,2022-23
Serie A,2022-08-26,Monza,Udinese,1,2,A,2022-23
Serie A,2022-08-27,AC Milan,Bologna,2,0,H,2022-23
Serie A,2022-08-27,Cremonese,Torino,1,2,A,2022-23
Serie A,2022-08-27,Juventus,AS Roma,1,1,D,2022-23
Serie A,2022-08-27,Spezia,Sassuolo,2,2,D,2022-23
Serie A,2022-08-28,Fiorentina,Napoli,0,0,D,2022-23
Serie A,2022-08-28,Hellas Verona,Atalanta,0,1,A,2022-23
Serie A,2022-08-28,Lecce,Empoli,1,1,D,2022-23
Serie A,2022-08-28,Salernitana,Sampdoria,4,0,H,2022-23
Serie A,2022-08-30,AS Roma,Monza,3,0,H,2022-23
Serie A,2022-08-30,Internazionale,Cremonese,3,1,H,2022-23
Serie A,2022-08-30,Sassuolo,AC Milan,0,0,D,2022-23
Serie A,2022-08-31,Empoli,Hellas Verona,1,1,D,2022-23
Serie A,2022-08-31,Juventus,Spezia,2,0,H,2022-23
Serie A,2022-08-31,Napoli,Lecce,1,1,D,2022-23
Serie A,2022-08-31,Sampdoria,Lazio,1,1,D,2022-23
Serie A,2022-08-31,Udinese,Fiorentina,1,0,H,2022-23
Serie A,2022-09-01,Atalanta,Torino,3,1,H,2022-23
Serie A,2022-09-01,Bologna,Salernitana,1,1,D,2022-23
Serie A,2022-09-03,AC Milan,Internazionale,3,2,H,2022-23
Serie A,2022-09-03,Fiorentina,Juventus,1,1,D,2022-23
Serie A,2022-09-03,Lazio,Napoli,1,2,A,2022-23
Serie A,2022-09-04,Cremonese,Sassuolo,0,0,D,2022-23
Serie A,2022-09-04,Hellas Verona,Sampdoria,2,1,H,2022-23
Serie A,2022-09-04,Spezia,Bologna,2,2,D,2022-23
Serie A,2022-09-04,Udinese,AS Roma,4,0,H,2022-23
Serie A,2022-09-05,Monza,Atalanta,0,2,A,2022-23
Serie A,2022-09-05,Salernitana,Empoli,2,2,D,2022-23
Serie A,2022-09-05,Torino,Lecce,1,0,H,2022-23
Serie A,2022-09-10,Internazionale,Torino,1,0,H,2022-23
Serie A,2022-09-10,Napoli,Spezia,1,0,H,2022-23
Serie A,2022-09-10,Sampdoria,AC Milan,1,2,A,2022-23
Serie A,2022-09-11,Atalanta,Cremonese,1,1,D,2022-23
Serie A,2022-09-11,Bologna,Fiorentina,2,1,H,2022-23
Serie A,2022-09-11,Juventus,Salernitana,2,2,D,2022-23
Serie A,2022-09-11,Lazio,Hellas Verona,2,0,H,2022-23
Serie A,2022-09-11,Lecce,Monza,1,1,D,2022-23
Serie A,2022-09-11,Sassuolo,Udinese,1,3,A,2022-23
Serie A,2022-09-12,Empoli,AS Roma,1,2,A,2022-23
Serie A,2022-09-16,Salernitana,Lecce,1,2,A,2022-23
Serie A,2022-09-17,Bologna,Empoli,0,1,A,2022-23
Serie A,2022-09-17,Spezia,Sampdoria,2,1,H,2022-23
Serie A,2022-09-17,Torino,Sassuolo,0,1,A,2022-23
Serie A,2022-09-18,AC Milan,Napoli,1,2,A,2022-23
Serie A,2022-09-18,AS Roma,Atalanta,0,1,A,2022-23
Serie A,2022-09-18,Cremonese,Lazio,0,4,A,2022-23
Serie A,2022-09-18,Fiorentina,Hellas Verona,2,0,H,2022-23
Serie A,2022-09-18,Monza,Juventus,1,0,H,2022-23
Serie A,2022-09-18,Udinese,Internazionale,3,1,H,2022-23
Serie A,2022-10-01,Empoli,AC Milan,1,3,A,2022-23
Serie A,2022-10-01,Internazionale,AS Roma,1,2,A,2022-23
Serie A,2022-10-01,Napoli,Torino,3,1,H,2022-23
Serie A,2022-10-02,Atalanta,Fiorentina,1,0,H,2022-23
Serie A,2022-10-02,Juventus,Bologna,3,0,H,2022-23
Serie A,2022-10-02,Lazio,Spezia,4,0,H,2022-23
Serie A,2022-10-02,Lecce,Cremonese,1,1,D,2022-23
Serie A,2022-10-02,Sampdoria,Monza,0,3,A,2022-23
Serie A,2022-10-02,Sassuolo,Salernitana,5,0,H,2022-23
Serie A,2022-10-03,Hellas Verona,Udinese,1,2,A,2022-23
Serie A,2022-10-08,AC Milan,Juventus,2,0,H,2022-23
Serie A,2022-10-08,Bologna,Sampdoria,1,1,D,2022-23
Serie A,2022-10-08,Sassuolo,Internazionale,1,2,A,2022-23
Serie A,2022-10-09,AS Roma,Lecce,2,1,H,2022-23
Serie A,2022-10-09,Cremonese,Napoli,1,4,A,2022-23
Serie A,2022-10-09,Monza,Spezia,2,0,H,2022-23
Serie A,2022-10-09,Salernitana,Hellas Verona,2,1,H,2022-23
Serie A,2022-10-09,Torino,Empoli,1,1,D,2022-23
Serie A,2022-10-09,Udinese,Atalanta,2,2,D,2022-23
Serie A,2022-10-10,Fiorentina,Lazio,0,4,A,2022-23
Serie A,2022-10-15,Atalanta,Sassuolo,2,1,H,2022-23
Serie A,2022-10-15,Empoli,Monza,1,0,H,2022-23
Serie A,2022-10-15,Torino,Juventus,0,1,A,2022-23
Serie A,2022-10-16,Hellas Verona,AC Milan,1,2,A,2022-23
Serie A,2022-10-16,Internazionale,Salernitana,2,0,H,2022-23
Serie A,2022-10-16,Lazio,Udinese,0,0,D,2022-23
Serie A,2022-10-16,Napoli,Bologna,3,2,H,2022-23
Serie A,2022-10-16,Spezia,Cremonese,2,2,D,2022-23
Serie A,2022-10-17,Lecce,Fiorentina,1,1,D,2022-23
Serie A,2022-10-17,Sampdoria,AS Roma,0,1,A,2022-23
Serie A,2022-10-21,Juventus,Empoli,4,0,H,2022-23
Serie A,2022-10-22,AC Milan,Monza,4,1,H,2022-23
Serie A,2022-10-22,Fiorentina,Internazionale,3,4,A,2022-23
Serie A,2022-10-22,Salernitana,Spezia,1,0,H,2022-23
Serie A,2022-10-23,AS Roma,Napoli,0,1,A,2022-23
Serie A,2022-10-23,Atalanta,Lazio,0,2,A,2022-23
Serie A,2022-10-23,Bologna,Lecce,2,0,H,2022-23
Serie A,2022-10-23,Udinese,Torino,1,2,A,2022-23
Serie A,2022-10-24,Cremonese,Sampdoria,0,1,A,2022-23
Serie A,2022-10-24,Sassuolo,Hellas Verona,2,1,H,2022-23
Serie A,2022-10-29,Internazionale,Sampdoria,3,0,H,2022-23
Serie A,2022-10-29,Lecce,Juventus,0,1,A,2022-23
Serie A,2022-10-29,Napoli,Sassuolo,4,0,H,2022-23
Serie A,2022-10-30,Cremonese,Udinese,0,0,D,2022-23
Serie A,2022-10-30,Empoli,Atalanta,0,2,A,2022-23
Serie A,2022-10-30,Lazio,Salernitana,1,3,A,2022-23
Serie A,2022-10-30,Spezia,Fiorentina,1,2,A,2022-23
Serie A,2022-10-30,Torino,AC Milan,2,1,H,2022-23
Serie A,2022-10-31,Hellas Verona,AS Roma,1,3,A,2022-23
Serie A,2022-10-31,Monza,Bologna,1,2,A,2022-23
Serie A,2022-11-04,Udinese,Lecce,1,1,D,2022-23
Serie A,2022-11-05,AC Milan,Spezia,2,1,H,2022-23
Serie A,2022-11-05,Atalanta,Napoli,1,2,A,2022-23
Serie A,2022-11-05,Empoli,Sassuolo,1,0,H,2022-23
Serie A,2022-11-05,Salernitana,Cremonese,2,2,D,2022-23
Serie A,2022-11-06,AS Roma,Lazio,0,1,A,2022-23
Serie A,2022-11-06,Bologna,Torino,2,1,H,2022-23
Serie A,2022-11-06,Juventus,Internazionale,2,0,H,2022-23
Serie A,2022-11-06,Monza,Hellas Verona,2,0,H,2022-23
Serie A,2022-11-06,Sampdoria,Fiorentina,0,2,A,2022-23
Serie A,2022-11-08,Cremonese,AC Milan,0,0,D,2022-23
Serie A,2022-11-08,Napoli,Empoli,2,0,H,2022-23
Serie A,2022-11-08,Spezia,Udinese,1,1,D,2022-23
Serie A,2022-11-09,Fiorentina,Salernitana,2,1,H,2022-23
Serie A,2022-11-09,Internazionale,Bologna,6,1,H,2022-23
Serie A,2022-11-09,Lecce,Atalanta,2,1,H,2022-23
Serie A,2022-11-09,Sassuolo,AS Roma,1,1,D,2022-23
Serie A,2022-11-09,Torino,Sampdoria,2,0,H,2022-23
Serie A,2022-11-10,Hellas Verona,Juventus,0,1,A,2022-23
Serie A,2022-11-10,Lazio,Monza,1,0,H,2022-23
Serie A,2022-11-11,Empoli,Cremonese,2,0,H,2022-23
Serie A,2022-11-12,Bologna,Sassuolo,3,0,H,2022-23
Serie A,2022-11-12,Napoli,Udinese,3,2,H,2022-23
Serie A,2022-11-12,Sampdoria,Lecce,0,2,A,2022-23
Serie A,2022-11-13,AC Milan,Fiorentina,2,1,H,2022-23
Serie A,2022-11-13,AS Roma,Torino,1,1,D,2022-23
Serie A,2022-11-13,Atalanta,Internazionale,2,3,A,2022-23
Serie A,2022-11-13,Hellas Verona,Spezia,1,2,A,2022-23
Serie A,2022-11-13,Juventus,Lazio,3,0,H,2022-23
Serie A,2022-11-13,Monza,Salernitana,3,0,H,2022-23
Serie A,2023-01-04,AS Roma,Bologna,1,0,H,2022-23
Serie A,2023-01-04,Cremonese,Juventus,0,1,A,2022-23
Serie A,2023-01-04,Fiorentina,Monza,1,1,D,2022-23
Serie A,2023-01-04,Internazionale,Napoli,1,0,H,2022-23
Serie A,2023-01-04,Lecce,Lazio,2,1,H,2022-23
Serie A,2023-01-04,Salernitana,AC Milan,1,2,A,2022-23
Serie A,2023-01-04,Sassuolo,Sampdoria,1,2,A,2022-23
Serie A,2023-01-04,Spezia,Atalanta,2,2,D,2022-23
Serie A,2023-01-04,Torino,Hellas Verona,1,1,D,2022-23
Serie A,2023-01-04,Udinese,Empoli,1,1,D,2022-23
Serie A,2023-01-07,Fiorentina,Sassuolo,2,1,H,2022-23
Serie A,2023-01-07,Juventus,Udinese,1,0,H,2022-23
Serie A,2023-01-07,Monza,Internazionale,2,2,D,2022-23
Serie A,2023-01-08,AC Milan,AS Roma,2,2,D,2022-23
Serie A,2023-01-08,Lazio,Empoli,2,2,D,2022-23
Serie A,2023-01-08,Salernitana,Torino,1,1,D,2022-23
Serie A,2023-01-08,Sampdoria,Napoli,0,2,A,2022-23
Serie A,2023-01-08,Spezia,Lecce,0,0,D,2022-23
Serie A,2023-01-09,Bologna,Atalanta,1,2,A,2022-23
Serie A,2023-01-09,Hellas Verona,Cremonese,2,0,H,2022-23
Serie A,2023-01-13,Napoli,Juventus,5,1,H,2022-23
Serie A,2023-01-14,Cremonese,Monza,2,3,A,2022-23
Serie A,2023-01-14,Internazionale,Hellas Verona,1,0,H,2022-23
Serie A,2023-01-14,Lecce,AC Milan,2,2,D,2022-23
Serie A,2023-01-15,AS Roma,Fiorentina,2,0,H,2022-23
Serie A,2023-01-15,Atalanta,Salernitana,8,2,H,2022-23
Serie A,2023-01-15,Sassuolo,Lazio,0,2,A,2022-23
Serie A,2023-01-15,Torino,Spezia,0,1,A,2022-23
Serie A,2023-01-15,Udinese,Bologna,1,2,A,2022-23
Serie A,2023-01-16,Empoli,Sampdoria,1,0,H,2022-23
Serie A,2023-01-21,Fiorentina,Torino,0,1,A,2022-23
Serie A,2023-01-21,Hellas Verona,Lecce,2,0,H,2022-23
Serie A,2023-01-21,Salernitana,Napoli,0,2,A,2022-23
Serie A,2023-01-22,Juventus,Atalanta,3,3,D,2022-23
Serie A,2023-01-22,Monza,Sassuolo,1,1,D,2022-23
Serie A,2023-01-22,Sampdoria,Udinese,0,1,A,2022-23
Serie A,2023-01-22,Spezia,AS Roma,0,2,A,2022-23
Serie A,2023-01-23,Bologna,Cremonese,1,1,D,2022-23
Serie A,2023-01-23,Internazionale,Empoli,0,1,A,2022-23
Serie A,2023-01-24,Lazio,AC Milan,4,0,H,2022-23
Serie A,2023-01-27,Bologna,Spezia,2,0,H,2022-23
Serie A,2023-01-27,Lecce,Salernitana,1,2,A,2022-23
Serie A,2023-01-28,Atalanta,Sampdoria,2,0,H,2022-23
Serie A,2023-01-28,Cremonese,Internazionale,1,2,A,2022-23
Serie A,2023-01-28,Empoli,Torino,2,2,D,2022-23
Serie A,2023-01-29,AC Milan,Sassuolo,2,5,A,2022-23
Serie A,2023-01-29,Juventus,Monza,0,2,A,2022-23
Serie A,2023-01-29,Lazio,Fiorentina,1,1,D,2022-23
Serie A,2023-01-29,Napoli,AS Roma,2,1,H,2022-23
Serie A,2023-01-30,Udinese,Hellas Verona,1,1,D,2022-23
Serie A,2023-02-04,AS Roma,Empoli,2,0,H,2022-23
Serie A,2023-02-04,Cremonese,Lecce,0,2,A,2022-23
Serie A,2023-02-04,Sassuolo,Atalanta,1,0,H,2022-23
Serie A,2023-02-05,Fiorentina,Bologna,1,2,A,2022-23
Serie A,2023-02-05,Internazionale,AC Milan,1,0,H,2022-23
Serie A,2023-02-05,Spezia,Napoli,0,3,A,2022-23
Serie A,2023-02-05,Torino,Udinese,1,0,H,2022-23
Serie A,2023-02-06,Hellas Verona,Lazio,1,1,D,2022-23
Serie A,2023-02-06,Monza,Sampdoria,2,2,D,2022-23
Serie A,2023-02-07,Salernitana,Juventus,0,3,A,2022-23
Serie A,2023-02-10,AC Milan,Torino,1,0,H,2022-23
Serie A,2023-02-11,Empoli,Spezia,2,2,D,2022-23
Serie A,2023-02-11,Lazio,Atalanta,0,2,A,2022-23
Serie A,2023-02-11,Lecce,AS Roma,1,1,D,2022-23
Serie A,2023-02-12,Bologna,Monza,0,1,A,2022-23
Serie A,2023-02-12,Juventus,Fiorentina,1,0,H,2022-23
Serie A,2023-02-12,Napoli,Cremonese,3,0,H,2022-23
Serie A,2023-02-12,Udinese,Sassuolo,2,2,D,2022-23
Serie A,2023-02-13,Hellas Verona,Salernitana,1,0,H,2022-23
Serie A,2023-02-13,Sampdoria,Internazionale,0,0,D,2022-23
Serie A,2023-02-17,Sassuolo,Napoli,0,2,A,2022-23
Serie A,2023-02-18,Internazionale,Udinese,3,1,H,2022-23
Serie A,2023-02-18,Monza,AC Milan,0,1,A,2022-23
Serie A,2023-02-18,Sampdoria,Bologna,1,2,A,2022-23
Serie A,2023-02-19,AS Roma,Hellas Verona,1,0,H,2022-23
Serie A,2023-02-19,Atalanta,Lecce,1,2,A,2022-23
Serie A,2023-02-19,Fiorentina,Empoli,1,1,D,2022-23
Serie A,2023-02-19,Salernitana,Lazio,0,2,A,2022-23
Serie A,2023-02-19,Spezia,Juventus,0,2,A,2022-23
Serie A,2023-02-20,Torino,Cremonese,2,2,D,2022-23
Serie A,2023-02-25,Empoli,Napoli,0,2,A,2022-23
Serie A,2023-02-25,Lecce,Sassuolo,0,1,A,2022-23
Serie A,2023-02-26,AC Milan,Atalanta,2,0,H,2022-23
Serie A,2023-02-26,Bologna,Internazionale,1,0,H,2022-23
Serie A,2023-02-26,Salernitana,Monza,3,0,H,2022-23
Serie A,2023-02-26,Udinese,Spezia,2,2,D,2022-23
Serie A,2023-02-27,Hellas Verona,Fiorentina,0,3,A,2022-23
Serie A,2023-02-27,Lazio,Sampdoria,1,0,H,2022-23
Serie A,2023-02-28,Cremonese,AS Roma,2,1,H,2022-23
Serie A,2023-02-28,Juventus,Torino,4,2,H,2022-23
Serie A,2023-03-03,Napoli,Lazio,0,1,A,2022-23
Serie A,2023-03-04,Atalanta,Udinese,0,0,D,2022-23
Serie A,2023-03-04,Fiorentina,AC Milan,2,1,H,2022-23
Serie A,2023-03-04,Monza,Empoli,2,1,H,2022-23
Serie A,2023-03-05,AS Roma,Juventus,1,0,H,2022-23
Serie A,2023-03-05,Internazionale,Lecce,2,0,H,2022-23
Serie A,2023-03-05,Sampdoria,Salernitana,0,0,D,2022-23
Serie A,2023-03-05,Spezia,Hellas Verona,0,0,D,2022-23
Serie A,2023-03-06,Sassuolo,Cremonese,3,2,H,2022-23
Serie A,2023-03-06,Torino,Bologna,1,0,H,2022-23
Serie A,2023-03-10,Spezia,Internazionale,2,1,H,2022-23
Serie A,2023-03-11,Bologna,Lazio,0,0,D,2022-23
Serie A,2023-03-11,Empoli,Udinese,0,1,A,2022-23
Serie A,2023-03-11,Napoli,Atalanta,2,0,H,2022-23
Serie A,2023-03-12,AS Roma,Sassuolo,3,4,A,2022-23
Serie A,2023-03-12,Cremonese,Fiorentina,0,2,A,2022-23
Serie A,2023-03-12,Hellas Verona,Monza,1,1,D,2022-23
Serie A,2023-03-12,Juventus,Sampdoria,4,2,H,2022-23
Serie A,2023-03-12,Lecce,Torino,0,2,A,2022-23
Serie A,2023-03-13,AC Milan,Salernitana,1,1,D,2022-23
Serie A,2023-03-17,Atalanta,Empoli,2,1,H,2022-23
Serie A,2023-03-17,Sassuolo,Spezia,1,0,H,2022-23
Serie A,2023-03-18,Monza,Cremonese,1,1,D,2022-23
Serie A,2023-03-18,Salernitana,Bologna,2,2,D,2022-23
Serie A,2023-03-18,Udinese,AC Milan,3,1,H,2022-23
Serie A,2023-03-19,Fiorentina,Lecce,1,0,H,2022-23
Serie A,2023-03-19,Internazionale,Juventus,0,1,A,2022-23
Serie A,2023-03-19,Lazio,AS Roma,1,0,H,2022-23
Serie A,2023-03-19,Sampdoria,Hellas Verona,3,1,H,2022-23
Serie A,2023-03-19,Torino,Napoli,0,4,A,2022-23
Serie A,2023-04-01,Cremonese,Atalanta,1,3,A,2022-23
Serie A,2023-04-01,Internazionale,Fiorentina,0,1,A,2022-23
Serie A,2023-04-01,Juventus,Hellas Verona,1,0,H,2022-23
Serie A,2023-04-02,AS Roma,Sampdoria,3,0,H,2022-23
Serie A,2023-04-02,Bologna,Udinese,3,0,H,2022-23
Serie A,2023-04-02,Monza,Lazio,0,2,A,2022-23
Serie A,2023-04-02,Napoli,AC Milan,0,4,A,2022-23
Serie A,2023-04-02,Spezia,Salernitana,1,1,D,2022-23
Serie A,2023-04-03,Empoli,Lecce,1,0,H,2022-23
Serie A,2023-04-03,Sassuolo,Torino,1,1,D,2022-23
Serie A,2023-04-07,AC Milan,Empoli,0,0,D,2022-23
Serie A,2023-04-07,Lecce,Napoli,1,2,A,2022-23
Serie A,2023-04-07,Salernitana,Internazionale,1,1,D,2022-23
Serie A,2023-04-08,Atalanta,Bologna,0,2,A,2022-23
Serie A,2023-04-08,Fiorentina,Spezia,1,1,D,2022-23
Serie A,2023-04-08,Hellas Verona,Sassuolo,2,1,H,2022-23
Serie A,2023-04-08,Lazio,Juventus,2,1,H,2022-23
Serie A,2023-04-08,Sampdoria,Cremonese,2,3,A,2022-23
Serie A,2023-04-08,Torino,AS Roma,0,1,A,2022-23
Serie A,2023-04-08,Udinese,Monza,2,2,D,2022-23
Serie A,2023-04-14,Cremonese,Empoli,1,0,H,2022-23
Serie A,2023-04-14,Spezia,Lazio,0,3,A,2022-23
Serie A,2023-04-15,Bologna,AC Milan,1,1,D,2022-23
Serie A,2023-04-15,Internazionale,Monza,0,1,A,2022-23
Serie A,2023-04-15,Napoli,Hellas Verona,0,0,D,2022-23
Serie A,2023-04-16,AS Roma,Udinese,3,0,H,2022-23
Serie A,2023-04-16,Lecce,Sampdoria,1,1,D,2022-23
Serie A,2023-04-16,Sassuolo,Juventus,1,0,H,2022-23
Serie A,2023-04-16,Torino,Salernitana,1,1,D,2022-23
Serie A,2023-04-17,Fiorentina,Atalanta,1,1,D,2022-23
Serie A,2023-04-21,Hellas Verona,Bologna,2,1,H,2022-23
Serie A,2023-04-22,Lazio,Torino,0,1,A,2022-23
Serie A,2023-04-22,Salernitana,Sassuolo,3,0,H,2022-23
Serie A,2023-04-22,Sampdoria,Spezia,1,1,D,2022-23
Serie A,2023-04-23,AC Milan,Lecce,2,0,H,2022-23
Serie A,2023-04-23,Empoli,Internazionale,0,3,A,2022-23
Serie A,2023-04-23,Juventus,Napoli,0,1,A,2022-23
Serie A,2023-04-23,Monza,Fiorentina,3,2,H,2022-23
Serie A,2023-04-23,Udinese,Cremonese,3,0,H,2022-23
Serie A,2023-04-24,Atalanta,AS Roma,3,1,H,2022-23
Serie A,2023-04-28,Lecce,Udinese,1,0,H,2022-23
Serie A,2023-04-28,Spezia,Monza,0,2,A,2022-23
Serie A,2023-04-29,AS Roma,AC Milan,1,1,D,2022-23
Serie A,2023-04-29,Torino,Atalanta,1,2,A,2022-23
Serie A,2023-04-30,Bologna,Juventus,1,1,D,2022-23
Serie A,2023-04-30,Cremonese,Hellas Verona,1,1,D,2022-23
Serie A,2023-04-30,Fiorentina,Sampdoria,5,0,H,2022-23
Serie A,2023-04-30,Internazionale,Lazio,3,1,H,2022-23
Serie A,2023-04-30,Napoli,Salernitana,1,1,D,2022-23
Serie A,2023-04-30,Sassuolo,Empoli,2,1,H,2022-23
Serie A,2023-05-03,AC Milan,Cremonese,1,1,D,2022-23
Serie A,2023-05-03,Atalanta,Spezia,3,2,H,2022-23
Serie A,2023-05-03,Hellas Verona,Internazionale,0,6,A,2022-23
Serie A,2023-05-03,Juventus,Lecce,2,1,H,2022-23
Serie A,2023-05-03,Lazio,Sassuolo,2,0,H,2022-23
Serie A,2023-05-03,Monza,AS Roma,1,1,D,2022-23
Serie A,2023-05-03,Salernitana,Fiorentina,3,3,D,2022-23
Serie A,2023-05-03,Sampdoria,Torino,0,2,A,2022-23
Serie A,2023-05-04,Empoli,Bologna,3,1,H,2022-23
Serie A,2023-05-04,Udinese,Napoli,1,1,D,2022-23
Serie A,2023-05-06,AC Milan,Lazio,2,0,H,2022-23
Serie A,2023-05-06,AS Roma,Internazionale,0,2,A,2022-23
Serie A,2023-05-06,Cremonese,Spezia,2,0,H,2022-23
Serie A,2023-05-07,Atalanta,Juventus,0,2,A,2022-23
Serie A,2023-05-07,Lecce,Hellas Verona,0,1,A,2022-23
Serie A,2023-05-07,Napoli,Fiorentina,1,0,H,2022-23
Serie A,2023-05-07,Torino,Monza,1,1,D,2022-23
Serie A,2023-05-08,Empoli,Salernitana,2,1,H,2022-23
Serie A,2023-05-08,Sassuolo,Bologna,1,1,D,2022-23
Serie A,2023-05-08,Udinese,Sampdoria,2,0,H,2022-23
Serie A,2023-05-12,Lazio,Lecce,2,2,D,2022-23
Serie A,2023-05-13,Internazionale,Sassuolo,4,2,H,2022-23
Serie A,2023-05-13,Salernitana,Atalanta,1,0,H,2022-23
Serie A,2023-05-13,Spezia,AC Milan,2,0,H,2022-23
Serie A,2023-05-14,Bologna,AS Roma,0,0,D,2022-23
Serie A,2023-05-14,Fiorentina,Udinese,2,0,H,2022-23
Serie A,2023-05-14,Hellas Verona,Torino,0,1,A,2022-23
Serie A,2023-05-14,Juventus,Cremonese,2,0,H,2022-23
Serie A,2023-05-14,Monza,Napoli,2,0,H,2022-23
Serie A,2023-05-15,Sampdoria,Empoli,1,1,D,2022-23
Serie A,2023-05-19,Sassuolo,Monza,1,2,A,2022-23
Serie A,2023-05-20,AC Milan,Sampdoria,5,1,H,2022-23
Serie A,2023-05-20,Atalanta,Hellas Verona,3,1,H,2022-23
Serie A,2023-05-20,Cremonese,Bologna,1,5,A,2022-23
Serie A,2023-05-21,Lecce,Spezia,0,0,D,2022-23
Serie A,2023-05-21,Napoli,Internazionale,3,1,H,2022-23
Serie A,2023-05-21,Torino,Fiorentina,1,1,D,2022-23
Serie A,2023-05-21,Udinese,Lazio,0,1,A,2022-23
Serie A,2023-05-22,AS Roma,Salernitana,2,2,D,2022-23
Serie A,2023-05-22,Empoli,Juventus,4,1,H,2022-23
Serie A,2023-05-26,Sampdoria,Sassuolo,2,2,D,2022-23
Serie A,2023-05-27,Fiorentina,AS Roma,2,1,H,2022-23
Serie A,2023-05-27,Internazionale,Atalanta,3,2,H,2022-23
Serie A,2023-05-27,Salernitana,Udinese,3,2,H,2022-23
Serie A,2023-05-27,Spezia,Torino,0,4,A,2022-23
Serie A,2023-05-28,Bologna,Napoli,2,2,D,2022-23
Serie A,2023-05-28,Hellas Verona,Empoli,1,1,D,2022-23
Serie A,2023-05-28,Juventus,AC Milan,0,1,A,2022-23
Serie A,2023-05-28,Lazio,Cremonese,3,2,H,2022-23
Serie A,2023-05-28,Monza,Lecce,0,1,A,2022-23
Serie A,2023-06-02,Sassuolo,Fiorentina,1,3,A,2022-23
Serie A,2023-06-03,Cremonese,Salernitana,2,0,H,2022-23
Serie A,2023-06-03,Empoli,Lazio,0,2,A,2022-23
Serie A,2023-06-03,Torino,Internazionale,0,1,A,2022-23
Serie A,2023-06-04,AC Milan,Hellas Verona,3,1,H,2022-23
Serie A,2023-06-04,AS Roma,Spezia,2,1,H,2022-23
Serie A,2023-06-04,Atalanta,Monza,5,2,H,2022-23
Serie A,2023-06-04,Lecce,Bologna,2,3,A,2022-23
Serie A,2023-06-04,Napoli,Sampdoria,2,0,H,2022-23
Serie A,2023-06-04,Udinese,Juventus,0,1,A,2022-23
Serie A,2023-06-11,Spezia,Hellas Verona,1,3,A,2022-23
Serie A,2023-08-19,Empoli,Hellas Verona,0,1,A,2023-24
Serie A,2023-08-19,Frosinone,Napoli,1,3,A,2023-24
Serie A,2023-08-19,Genoa,Fiorentina,1,4,A,2023-24
Serie A,2023-08-19,Internazionale,Monza,2,0,H,2023-24
Serie A,2023-08-20,AS Roma,Salernitana,2,2,D,2023-24
Serie A,2023-08-20,Lecce,Lazio,2,1,H,2023-24
Serie A,2023-08-20,Sassuolo,Atalanta,0,2,A,2023-24
Serie A,2023-08-20,Udinese,Juventus,0,3,A,2023-24
Serie A,2023-08-21,Bologna,AC Milan,0,2,A,2023-24
Serie A,2023-08-21,Torino,Cagliari,0,0,D,2023-24
Serie A,2023-08-26,AC Milan,Torino,4,1,H,2023-24
Serie A,2023-08-26,Frosinone,Atalanta,2,1,H,2023-24
Serie A,2023-08-26,Hellas Verona,AS Roma,2,1,H,2023-24
Serie A,2023-08-26,Monza,Empoli,2,0,H,2023-24
Serie A,2023-08-27,Fiorentina,Lecce,2,2,D,2023-24
Serie A,2023-08-27,Juventus,Bologna,1,1,D,2023-24
Serie A,2023-08-27,Lazio,Genoa,0,1,A,2023-24
Serie A,2023-08-27,Napoli,Sassuolo,2,0,H,2023-24
Serie A,2023-08-28,Cagliari,Internazionale,0,2,A,2023-24
Serie A,2023-08-28,Salernitana,Udinese,1,1,D,2023-24
Serie A,2023-09-01,AS Roma,AC Milan,1,2,A,2023-24
Serie A,2023-09-01,Sassuolo,Hellas Verona,3,1,H,2023-24
Serie A,2023-09-02,Atalanta,Monza,3,0,H,2023-24
Serie A,2023-09-02,Bologna,Cagliari,2,1,H,2023-24
Serie A,2023-09-02,Napoli,Lazio,1,2,A,2023-24
Serie A,2023-09-02,Udinese,Frosinone,0,0,D,2023-24
Serie A,2023-09-03,Empoli,Juventus,0,2,A,2023-24
Serie A,2023-09-03,Internazionale,Fiorentina,4,0,H,2023-24
Serie A,2023-09-03,Lecce,Salernitana,2,0,H,2023-24
Serie A,2023-09-03,Torino,Genoa,1,0,H,2023-24
Serie A,2023-09-16,Genoa,Napoli,2,2,D,2023-24
Serie A,2023-09-16,Internazionale,AC Milan,5,1,H,2023-24
Serie A,2023-09-16,Juventus,Lazio,3,1,H,2023-24
Serie A,2023-09-17,AS Roma,Empoli,7,0,H,2023-24
Serie A,2023-09-17,Cagliari,Udinese,0,0,D,2023-24
Serie A,2023-09-17,Fiorentina,Atalanta,3,2,H,2023-24
Serie A,2023-09-17,Frosinone,Sassuolo,4,2,H,2023-24
Serie A,2023-09-17,Monza,Lecce,1,1,D,2023-24
Serie A,2023-09-18,Hellas Verona,Bologna,0,0,D,2023-24
Serie A,2023-09-18,Salernitana,Torino,0,3,A,2023-24
Serie A,2023-09-22,Lecce,Genoa,1,0,H,2023-24
Serie A,2023-09-22,Salernitana,Frosinone,1,1,D,2023-24
Serie A,2023-09-23,AC Milan,Hellas Verona,1,0,H,2023-24
Serie A,2023-09-23,Lazio,Monza,1,1,D,2023-24
Serie A,2023-09-23,Sassuolo,Juventus,4,2,H,2023-24
Serie A,2023-09-24,Atalanta,Cagliari,2,0,H,2023-24
Serie A,2023-09-24,Bologna,Napoli,0,0,D,2023-24
Serie A,2023-09-24,Empoli,Internazionale,0,1,A,2023-24
Serie A,2023-09-24,Torino,AS Roma,1,1,D,2023-24
Serie A,2023-09-24,Udinese,Fiorentina,0,2,A,2023-24
Serie A,2023-09-26,Juventus,Lecce,1,0,H,2023-24
Serie A,2023-09-27,Cagliari,AC Milan,1,3,A,2023-24
Serie A,2023-09-27,Empoli,Salernitana,1,0,H,2023-24
Serie A,2023-09-27,Hellas Verona,Atalanta,0,1,A,2023-24
Serie A,2023-09-27,Internazionale,Sassuolo,1,2,A,2023-24
Serie A,2023-09-27,Lazio,Torino,2,0,H,2023-24
Serie A,2023-09-27,Napoli,Udinese,4,1,H,2023-24
Serie A,2023-09-28,Frosinone,Fiorentina,1,1,D,2023-24
Serie A,2023-09-28,Genoa,AS Roma,4,1,H,2023-24
Serie A,2023-09-28,Monza,Bologna,0,0,D,2023-24
Serie A,2023-09-30,AC Milan,Lazio,2,0,H,2023-24
Serie A,2023-09-30,Lecce,Napoli,0,4,A,2023-24
Serie A,2023-09-30,Salernitana,Internazionale,0,4,A,2023-24
Serie A,2023-10-01,AS Roma,Frosinone,2,0,H,2023-24
Serie A,2023-10-01,Atalanta,Juventus,0,0,D,2023-24
Serie A,2023-10-01,Bologna,Empoli,3,0,H,2023-24
Serie A,2023-10-01,Udinese,Genoa,2,2,D,2023-24
Serie A,2023-10-02,Fiorentina,Cagliari,3,0,H,2023-24
Serie A,2023-10-02,Sassuolo,Monza,0,1,A,2023-24
Serie A,2023-10-02,Torino,Hellas Verona,0,0,D,2023-24
Serie A,2023-10-06,Empoli,Udinese,0,0,D,2023-24
Serie A,2023-10-06,Lecce,Sassuolo,1,1,D,2023-24
Serie A,2023-10-07,Genoa,AC Milan,0,1,A,2023-24
Serie A,2023-10-07,Internazionale,Bologna,2,2,D,2023-24
Serie A,2023-10-07,Juventus,Torino,2,0,H,2023-24
Serie A,2023-10-08,Cagliari,AS Roma,1,4,A,2023-24
Serie A,2023-10-08,Frosinone,Hellas Verona,2,1,H,2023-24
Serie A,2023-10-08,Lazio,Atalanta,3,2,H,2023-24
Serie A,2023-10-08,Monza,Salernitana,3,0,H,2023-24
Serie A,2023-10-08,Napoli,Fiorentina,1,3,A,2023-24
Serie A,2023-10-21,Hellas Verona,Napoli,1,3,A,2023-24
Serie A,2023-10-21,Sassuolo,Lazio,0,2,A,2023-24
Serie A,2023-10-21,Torino,Internazionale,0,3,A,2023-24
Serie A,2023-10-22,AC Milan,Juventus,0,1,A,2023-24
Serie A,2023-10-22,AS Roma,Monza,1,0,H,2023-24
Serie A,2023-10-22,Atalanta,Genoa,2,0,H,2023-24
Serie A,2023-10-22,Bologna,Frosinone,2,1,H,2023-24
Serie A,2023-10-22,Salernitana,Cagliari,2,2,D,2023-24
Serie A,2023-10-23,Fiorentina,Empoli,0,2,A,2023-24
Serie A,2023-10-23,Udinese,Lecce,1,1,D,2023-24
Serie A,2023-10-27,Genoa,Salernitana,1,0,H,2023-24
Serie A,2023-10-28,Juventus,Hellas Verona,1,0,H,2023-24
Serie A,2023-10-28,Lecce,Torino,0,1,A,2023-24
Serie A,2023-10-28,Sassuolo,Bologna,1,1,D,2023-24
Serie A,2023-10-29,Cagliari,Frosinone,4,3,H,2023-24
Serie A,2023-10-29,Internazionale,AS Roma,1,0,H,2023-24
Serie A,2023-10-29,Monza,Udinese,1,1,D,2023-24
Serie A,2023-10-29,Napoli,AC Milan,2,2,D,2023-24
Serie A,2023-10-30,Empoli,Atalanta,0,3,A,2023-24
Serie A,2023-10-30,Lazio,Fiorentina,1,0,H,2023-24
Serie A,2023-11-03,Bologna,Lazio,1,0,H,2023-24
Serie A,2023-11-04,AC Milan,Udinese,0,1,A,2023-24
Serie A,2023-11-04,Atalanta,Internazionale,1,2,A,2023-24
Serie A,2023-11-04,Salernitana,Napoli,0,2,A,2023-24
Serie A,2023-11-05,AS Roma,Lecce,2,1,H,2023-24
Serie A,2023-11-05,Cagliari,Genoa,2,1,H,2023-24
Serie A,2023-11-05,Fiorentina,Juventus,0,1,A,2023-24
Serie A,2023-11-05,Hellas Verona,Monza,1,3,A,2023-24
Serie A,2023-11-06,Frosinone,Empoli,2,1,H,2023-24
Serie A,2023-11-06,Torino,Sassuolo,2,1,H,2023-24
Serie A,2023-11-10,Genoa,Hellas Verona,1,0,H,2023-24
Serie A,2023-11-10,Sassuolo,Salernitana,2,2,D,2023-24
Serie A,2023-11-11,Juventus,Cagliari,2,1,H,2023-24
Serie A,2023-11-11,Lecce,AC Milan,2,2,D,2023-24
Serie A,2023-11-11,Monza,Torino,1,1,D,2023-24
Serie A,2023-11-12,Fiorentina,Bologna,2,1,H,2023-24
Serie A,2023-11-12,Internazionale,Frosinone,2,0,H,2023-24
Serie A,2023-11-12,Lazio,AS Roma,0,0,D,2023-24
Serie A,2023-11-12,Napoli,Empoli,0,1,A,2023-24
Serie A,2023-11-12,Udinese,Atalanta,1,1,D,2023-24
Serie A,2023-11-25,AC Milan,Fiorentina,1,0,H,2023-24
Serie A,2023-11-25,Atalanta,Napoli,1,2,A,2023-24
Serie A,2023-11-25,Salernitana,Lazio,2,1,H,2023-24
Serie A,2023-11-26,AS Roma,Udinese,3,1,H,2023-24
Serie A,2023-11-26,Cagliari,Monza,1,1,D,2023-24
Serie A,2023-11-26,Empoli,Sassuolo,3,4,A,2023-24
Serie A,2023-11-26,Frosinone,Genoa,2,1,H,2023-24
Serie A,2023-11-26,Juventus,Internazionale,1,1,D,2023-24
Serie A,2023-11-27,Bologna,Torino,2,0,H,2023-24
Serie A,2023-11-27,Hellas Verona,Lecce,2,2,D,2023-24
Serie A,2023-12-01,Monza,Juventus,1,2,A,2023-24
Serie A,2023-12-02,AC Milan,Frosinone,3,1,H,2023-24
Serie A,2023-12-02,Genoa,Empoli,1,1,D,2023-24
Serie A,2023-12-02,Lazio,Cagliari,1,0,H,2023-24
Serie A,2023-12-03,Fiorentina,Salernitana,3,0,H,2023-24
Serie A,2023-12-03,Lecce,Bologna,1,1,D,2023-24
Serie A,2023-12-03,Napoli,Internazionale,0,3,A,2023-24
Serie A,2023-12-03,Sassuolo,AS Roma,1,2,A,2023-24
Serie A,2023-12-03,Udinese,Hellas Verona,3,3,D,2023-24
Serie A,2023-12-04,Torino,Atalanta,3,0,H,2023-24
Serie A,2023-12-08,Juventus,Napoli,1,0,H,2023-24
Serie A,2023-12-09,Atalanta,AC Milan,3,2,H,2023-24
Serie A,2023-12-09,Hellas Verona,Lazio,1,1,D,2023-24
Serie A,2023-12-09,Internazionale,Udinese,4,0,H,2023-24
Serie A,2023-12-10,AS Roma,Fiorentina,1,1,D,2023-24
Serie A,2023-12-10,Frosinone,Torino,0,0,D,2023-24
Serie A,2023-12-10,Monza,Genoa,1,0,H,2023-24
Serie A,2023-12-10,Salernitana,Bologna,1,2,A,2023-24
Serie A,2023-12-11,Cagliari,Sassuolo,2,1,H,2023-24
Serie A,2023-12-11,Empoli,Lecce,1,1,D,2023-24
Serie A,2023-12-15,Genoa,Juventus,1,1,D,2023-24
Serie A,2023-12-16,Lecce,Frosinone,2,1,H,2023-24
Serie A,2023-12-16,Napoli,Cagliari,2,1,H,2023-24
Serie A,2023-12-16,Torino,Empoli,1,0,H,2023-24
Serie A,2023-12-17,AC Milan,Monza,3,0,H,2023-24
Serie A,2023-12-17,Bologna,AS Roma,2,0,H,2023-24
Serie A,2023-12-17,Fiorentina,Hellas Verona,1,0,H,2023-24
Serie A,2023-12-17,Lazio,Internazionale,0,2,A,2023-24
Serie A,2023-12-17,Udinese,Sassuolo,2,2,D,2023-24
Serie A,2023-12-18,Atalanta,Salernitana,4,1,H,2023-24
Serie A,2023-12-22,Empoli,Lazio,0,2,A,2023-24
Serie A,2023-12-22,Monza,Fiorentina,0,1,A,2023-24
Serie A,2023-12-22,Salernitana,AC Milan,2,2,D,2023-24
Serie A,2023-12-22,Sassuolo,Genoa,1,2,A,2023-24
Serie A,2023-12-23,AS Roma,Napoli,2,0,H,2023-24
Serie A,2023-12-23,Bologna,Atalanta,1,0,H,2023-24
Serie A,2023-12-23,Frosinone,Juventus,1,2,A,2023-24
Serie A,2023-12-23,Hellas Verona,Cagliari,2,0,H,2023-24
Serie A,2023-12-23,Internazionale,Lecce,2,0,H,2023-24
Serie A,2023-12-23,Torino,Udinese,1,1,D,2023-24
Serie A,2023-12-29,Fiorentina,Torino,1,0,H,2023-24
Serie A,2023-12-29,Genoa,Internazionale,1,1,D,2023-24
Serie A,2023-12-29,Lazio,Frosinone,3,1,H,2023-24
Serie A,2023-12-29,Napoli,Monza,0,0,D,2023-24
Serie A,2023-12-30,AC Milan,Sassuolo,1,0,H,2023-24
Serie A,2023-12-30,Atalanta,Lecce,1,0,H,2023-24
Serie A,2023-12-30,Cagliari,Empoli,0,0,D,2023-24
Serie A,2023-12-30,Hellas Verona,Salernitana,0,1,A,2023-24
Serie A,2023-12-30,Juventus,AS Roma,1,0,H,2023-24
Serie A,2023-12-30,Udinese,Bologna,3,0,H,2023-24
Serie A,2024-01-05,Bologna,Genoa,1,1,D,2023-24
Serie A,2024-01-06,Frosinone,Monza,2,3,A,2023-24
Serie A,2024-01-06,Internazionale,Hellas Verona,2,1,H,2023-24
Serie A,2024-01-06,Lecce,Cagliari,1,1,D,2023-24
Serie A,2024-01-06,Sassuolo,Fiorentina,1,0,H,2023-24
Serie A,2024-01-07,AS Roma,Atalanta,1,1,D,2023-24
Serie A,2024-01-07,Empoli,AC Milan,0,3,A,2023-24
Serie A,2024-01-07,Salernitana,Juventus,1,2,A,2023-24
Serie A,2024-01-07,Torino,Napoli,3,0,H,2023-24
Serie A,2024-01-07,Udinese,Lazio,1,2,A,2023-24
Serie A,2024-01-13,Genoa,Torino,0,0,D,2023-24
Serie A,2024-01-13,Hellas Verona,Empoli,2,1,H,2023-24
Serie A,2024-01-13,Monza,Internazionale,1,5,A,2023-24
Serie A,2024-01-13,Napoli,Salernitana,2,1,H,2023-24
Serie A,2024-01-14,AC Milan,AS Roma,3,1,H,2023-24
Serie A,2024-01-14,Cagliari,Bologna,2,1,H,2023-24
Serie A,2024-01-14,Fiorentina,Udinese,2,2,D,2023-24
Serie A,2024-01-14,Lazio,Lecce,1,0,H,2023-24
Serie A,2024-01-15,Atalanta,Frosinone,5,0,H,2023-24
Serie A,2024-01-16,Juventus,Sassuolo,3,0,H,2023-24
Serie A,2024-01-20,AS Roma,Hellas Verona,2,1,H,2023-24
Serie A,2024-01-20,Udinese,AC Milan,2,3,A,2023-24
Serie A,2024-01-21,Empoli,Monza,3,0,H,2023-24
Serie A,2024-01-21,Frosinone,Cagliari,3,1,H,2023-24
Serie A,2024-01-21,Lecce,Juventus,0,3,A,2023-24
Serie A,2024-01-21,Salernitana,Genoa,1,2,A,2023-24
Serie A,2024-01-26,Cagliari,Torino,1,2,A,2023-24
Serie A,2024-01-27,AC Milan,Bologna,2,2,D,2023-24
Serie A,2024-01-27,Atalanta,Udinese,2,0,H,2023-24
Serie A,2024-01-27,Juventus,Empoli,1,1,D,2023-24
Serie A,2024-01-28,Fiorentina,Internazionale,0,1,A,2023-24
Serie A,2024-01-28,Genoa,Lecce,2,1,H,2023-24
Serie A,2024-01-28,Hellas Verona,Frosinone,1,1,D,2023-24
Serie A,2024-01-28,Lazio,Napoli,0,0,D,2023-24
Serie A,2024-01-28,Monza,Sassuolo,1,0,H,2023-24
Serie A,2024-01-29,Salernitana,AS Roma,1,2,A,2023-24
Serie A,2024-02-02,Lecce,Fiorentina,3,2,H,2023-24
Serie A,2024-02-03,Bologna,Sassuolo,4,2,H,2023-24
Serie A,2024-02-03,Empoli,Genoa,0,0,D,2023-24
Serie A,2024-02-03,Frosinone,AC Milan,2,3,A,2023-24
Serie A,2024-02-03,Udinese,Monza,0,0,D,2023-24
Serie A,2024-02-04,Atalanta,Lazio,3,1,H,2023-24
Serie A,2024-02-04,Internazionale,Juventus,1,0,H,2023-24
Serie A,2024-02-04,Napoli,Hellas Verona,2,1,H,2023-24
Serie A,2024-02-04,Torino,Salernitana,0,0,D,2023-24
Serie A,2024-02-05,AS Roma,Cagliari,4,0,H,2023-24
Serie A,2024-02-09,Salernitana,Empoli,1,3,A,2023-24
Serie A,2024-02-10,AS Roma,Internazionale,2,4,A,2023-24
Serie A,2024-02-10,Cagliari,Lazio,1,3,A,2023-24
Serie A,2024-02-10,Sassuolo,Torino,1,1,D,2023-24
Serie A,2024-02-11,AC Milan,Napoli,1,0,H,2023-24
Serie A,2024-02-11,Bologna,Lecce,4,0,H,2023-24
Serie A,2024-02-11,Fiorentina,Frosinone,5,1,H,2023-24
Serie A,2024-02-11,Genoa,Atalanta,1,4,A,2023-24
Serie A,2024-02-11,Monza,Hellas Verona,0,0,D,2023-24
Serie A,2024-02-12,Juventus,Udinese,0,1,A,2023-24
Serie A,2024-02-14,Bologna,Fiorentina,2,0,H,2023-24
Serie A,2024-02-16,Internazionale,Salernitana,4,0,H,2023-24
Serie A,2024-02-16,Torino,Lecce,2,0,H,2023-24
Serie A,2024-02-17,Atalanta,Sassuolo,3,0,H,2023-24
Serie A,2024-02-17,Hellas Verona,Juventus,2,2,D,2023-24
Serie A,2024-02-17,Napoli,Genoa,1,1,D,2023-24
Serie A,2024-02-18,Empoli,Fiorentina,1,1,D,2023-24
Serie A,2024-02-18,Frosinone,AS Roma,0,3,A,2023-24
Serie A,2024-02-18,Lazio,Bologna,1,2,A,2023-24
Serie A,2024-02-18,Monza,AC Milan,4,2,H,2023-24
Serie A,2024-02-18,Udinese,Cagliari,1,1,D,2023-24
Serie A,2024-02-22,Torino,Lazio,0,2,A,2023-24
Serie A,2024-02-23,Bologna,Hellas Verona,2,0,H,2023-24
Serie A,2024-02-24,Genoa,Udinese,2,0,H,2023-24
Serie A,2024-02-24,Salernitana,Monza,0,2,A,2023-24
Serie A,2024-02-24,Sassuolo,Empoli,2,3,A,2023-24
Serie A,2024-02-25,AC Milan,Atalanta,1,1,D,2023-24
Serie A,2024-02-25,Cagliari,Napoli,1,1,D,2023-24
Serie A,2024-02-25,Juventus,Frosinone,3,2,H,2023-24
Serie A,2024-02-25,Lecce,Internazionale,0,4,A,2023-24
Serie A,2024-02-26,AS Roma,Torino,3,2,H,2023-24
Serie A,2024-02-26,Fiorentina,Lazio,2,1,H,2023-24
Serie A,2024-02-28,Internazionale,Atalanta,4,0,H,2023-24
Serie A,2024-02-28,Sassuolo,Napoli,1,6,A,2023-24
Serie A,2024-03-01,Lazio,AC Milan,0,1,A,2023-24
Serie A,2024-03-02,Monza,AS Roma,1,4,A,2023-24
Serie A,2024-03-02,Torino,Fiorentina,0,0,D,2023-24
Serie A,2024-03-02,Udinese,Salernitana,1,1,D,2023-24
Serie A,2024-03-03,Atalanta,Bologna,1,2,A,2023-24
Serie A,2024-03-03,Empoli,Cagliari,0,1,A,2023-24
Serie A,2024-03-03,Frosinone,Lecce,1,1,D,2023-24
Serie A,2024-03-03,Hellas Verona,Sassuolo,1,0,H,2023-24
Serie A,2024-03-03,Napoli,Juventus,2,1,H,2023-24
Serie A,2024-03-04,Internazionale,Genoa,2,1,H,2023-24
Serie A,2024-03-08,Napoli,Torino,1,1,D,2023-24
Serie A,2024-03-09,Bologna,Internazionale,0,1,A,2023-24
Serie A,2024-03-09,Cagliari,Salernitana,4,2,H,2023-24
Serie A,2024-03-09,Genoa,Monza,2,3,A,2023-24
Serie A,2024-03-09,Sassuolo,Frosinone,1,0,H,2023-24
Serie A,2024-03-10,AC Milan,Empoli,1,0,H,2023-24
Serie A,2024-03-10,Fiorentina,AS Roma,2,2,D,2023-24
Serie A,2024-03-10,Juventus,Atalanta,2,2,D,2023-24
Serie A,2024-03-10,Lecce,Hellas Verona,0,1,A,2023-24
Serie A,2024-03-11,Lazio,Udinese,1,2,A,2023-24
Serie A,2024-03-15,Empoli,Bologna,0,1,A,2023-24
Serie A,2024-03-16,Frosinone,Lazio,2,3,A,2023-24
Serie A,2024-03-16,Monza,Cagliari,1,0,H,2023-24
Serie A,2024-03-16,Salernitana,Lecce,0,1,A,2023-24
Serie A,2024-03-16,Udinese,Torino,0,2,A,2023-24
Serie A,2024-03-17,AS Roma,Sassuolo,1,0,H,2023-24
Serie A,2024-03-17,Hellas Verona,AC Milan,1,3,A,2023-24
Serie A,2024-03-17,Internazionale,Napoli,1,1,D,2023-24
Serie A,2024-03-17,Juventus,Genoa,0,0,D,2023-24
Serie A,2024-03-30,Fiorentina,AC Milan,1,2,A,2023-24
Serie A,2024-03-30,Genoa,Frosinone,1,1,D,2023-24
Serie A,2024-03-30,Lazio,Juventus,1,0,H,2023-24
Serie A,2024-03-30,Napoli,Atalanta,0,3,A,2023-24
Serie A,2024-03-30,Torino,Monza,1,0,H,2023-24
Serie A,2024-04-01,Bologna,Salernitana,3,0,H,2023-24
Serie A,2024-04-01,Cagliari,Hellas Verona,1,1,D,2023-24
Serie A,2024-04-01,Internazionale,Empoli,2,0,H,2023-24
Serie A,2024-04-01,Lecce,AS Roma,0,0,D,2023-24
Serie A,2024-04-01,Sassuolo,Udinese,1,1,D,2023-24
Serie A,2024-04-05,Salernitana,Sassuolo,2,2,D,2023-24
Serie A,2024-04-06,AC Milan,Lecce,3,0,H,2023-24
Serie A,2024-04-06,AS Roma,Lazio,1,0,H,2023-24
Serie A,2024-04-06,Empoli,Torino,3,2,H,2023-24
Serie A,2024-04-07,Cagliari,Atalanta,2,1,H,2023-24
Serie A,2024-04-07,Frosinone,Bologna,0,0,D,2023-24
Serie A,2024-04-07,Hellas Verona,Genoa,1,2,A,2023-24
Serie A,2024-04-07,Juventus,Fiorentina,1,0,H,2023-24
Serie A,2024-04-07,Monza,Napoli,2,4,A,2023-24
Serie A,2024-04-08,Udinese,Internazionale,1,2,A,2023-24
Serie A,2024-04-12,Lazio,Salernitana,4,1,H,2023-24
Serie A,2024-04-13,Bologna,Monza,0,0,D,2023-24
Serie A,2024-04-13,Lecce,Empoli,1,0,H,2023-24
Serie A,2024-04-13,Torino,Juventus,0,0,D,2023-24
Serie A,2024-04-14,Internazionale,Cagliari,2,2,D,2023-24
Serie A,2024-04-14,Napoli,Frosinone,2,2,D,2023-24
Serie A,2024-04-14,Sassuolo,AC Milan,3,3,D,2023-24
Serie A,2024-04-15,Atalanta,Hellas Verona,2,2,D,2023-24
Serie A,2024-04-15,Fiorentina,Genoa,1,1,D,2023-24
Serie A,2024-04-19,Cagliari,Juventus,2,2,D,2023-24
Serie A,2024-04-19,Genoa,Lazio,0,1,A,2023-24
Serie A,2024-04-20,Empoli,Napoli,1,0,H,2023-24
Serie A,2024-04-20,Hellas Verona,Udinese,1,0,H,2023-24
Serie A,2024-04-21,Monza,Atalanta,1,2,A,2023-24
Serie A,2024-04-21,Salernitana,Fiorentina,0,2,A,2023-24
Serie A,2024-04-21,Sassuolo,Lecce,0,3,A,2023-24
Serie A,2024-04-21,Torino,Frosinone,0,0,D,2023-24
Serie A,2024-04-22,AC Milan,Internazionale,1,2,A,2023-24
Serie A,2024-04-22,AS Roma,Bologna,1,3,A,2023-24
Serie A,2024-04-25,Udinese,AS Roma,1,2,A,2023-24
Serie A,2024-04-26,Frosinone,Salernitana,3,0,H,2023-24
Serie A,2024-04-27,Juventus,AC Milan,0,0,D,2023-24
Serie A,2024-04-27,Lazio,Hellas Verona,1,0,H,2023-24
Serie A,2024-04-27,Lecce,Monza,1,1,D,2023-24
Serie A,2024-04-28,Atalanta,Empoli,2,0,H,2023-24
Serie A,2024-04-28,Bologna,Udinese,1,1,D,2023-24
Serie A,2024-04-28,Fiorentina,Sassuolo,5,1,H,2023-24
Serie A,2024-04-28,Internazionale,Torino,2,0,H,2023-24
Serie A,2024-04-28,Napoli,AS Roma,2,2,D,2023-24
Serie A,2024-04-29,Genoa,Cagliari,3,0,H,2023-24
Serie A,2024-05-03,Torino,Bologna,0,0,D,2023-24
Serie A,2024-05-04,Monza,Lazio,2,2,D,2023-24
Serie A,2024-05-04,Sassuolo,Internazionale,1,0,H,2023-24
Serie A,2024-05-05,AC Milan,Genoa,3,3,D,2023-24
Serie A,2024-05-05,AS Roma,Juventus,1,1,D,2023-24
Serie A,2024-05-05,Cagliari,Lecce,1,1,D,2023-24
Serie A,2024-05-05,Empoli,Frosinone,0,0,D,2023-24
Serie A,2024-05-05,Hellas Verona,Fiorentina,2,1,H,2023-24
Serie A,2024-05-06,Salernitana,Atalanta,1,2,A,2023-24
Serie A,2024-05-06,Udinese,Napoli,1,1,D,2023-24
Serie A,2024-05-10,Frosinone,Internazionale,0,5,A,2023-24
Serie A,2024-05-11,AC Milan,Cagliari,5,1,H,2023-24
Serie A,2024-05-11,Napoli,Bologna,0,2,A,2023-24
Serie A,2024-05-12,Atalanta,AS Roma,2,1,H,2023-24
Serie A,2024-05-12,Genoa,Sassuolo,2,1,H,2023-24
Serie A,2024-05-12,Hellas Verona,Torino,1,2,A,2023-24
Serie A,2024-05-12,Juventus,Salernitana,1,1,D,2023-24
Serie A,2024-05-12,Lazio,Empoli,2,0,H,2023-24
Serie A,2024-05-13,Fiorentina,Monza,2,1,H,2023-24
Serie A,2024-05-13,Lecce,Udinese,0,2,A,2023-24
Serie A,2024-05-17,Fiorentina,Napoli,2,2,D,2023-24
Serie A,2024-05-18,Lecce,Atalanta,0,2,A,2023-24
Serie A,2024-05-18,Torino,AC Milan,3,1,H,2023-24
Serie A,2024-05-19,AS Roma,Genoa,1,0,H,2023-24
Serie A,2024-05-19,Internazionale,Lazio,1,1,D,2023-24
Serie A,2024-05-19,Monza,Frosinone,0,1,A,2023-24
Serie A,2024-05-19,Sassuolo,Cagliari,0,2,A,2023-24
Serie A,2024-05-19,Udinese,Empoli,1,1,D,2023-24
Serie A,2024-05-20,Bologna,Juventus,3,3,D,2023-24
Serie A,2024-05-20,Salernitana,Hellas Verona,1,2,A,2023-24
Serie A,2024-05-23,Cagliari,Fiorentina,2,3,A,2023-24
Serie A,2024-05-24,Genoa,Bologna,2,0,H,2023-24
Serie A,2024-05-25,AC Milan,Salernitana,3,3,D,2023-24
Serie A,2024-05-25,Juventus,Monza,2,0,H,2023-24
Serie A,2024-05-26,Atalanta,Torino,3,0,H,2023-24
Serie A,2024-05-26,Empoli,AS Roma,2,1,H,2023-24
Serie A,2024-05-26,Frosinone,Udinese,0,1,A,2023-24
Serie A,2024-05-26,Hellas Verona,Internazionale,2,2,D,2023-24
Serie A,2024-05-26,Lazio,Sassuolo,1,1,D,2023-24
Serie A,2024-05-26,Napoli,Lecce,0,0,D,2023-24
Serie A,2024-06-02,Atalanta,Fiorentina,2,3,A,2023-24
Serie A,2024-08-17,AC Milan,Torino,2,2,D,2024-25
Serie A,2024-08-17,Empoli,Monza,0,0,D,2024-25
Serie A,2024-08-17,Genoa,Internazionale,2,2,D,2024-25
Serie A,2024-08-17,Parma,Fiorentina,1,1,D,2024-25
Serie A,2024-08-18,Bologna,Udinese,1,1,D,2024-25
Serie A,2024-08-18,Cagliari,AS Roma,0,0,D,2024-25
Serie A,2024-08-18,Hellas Verona,Napoli,3,0,H,2024-25
Serie A,2024-08-18,Lazio,Venezia,3,1,H,2024-25
Serie A,2024-08-19,Juventus,Como,3,0,H,2024-25
Serie A,2024-08-19,Lecce,Atalanta,0,4,A,2024-25
Serie A,2024-08-24,Internazionale,Lecce,2,0,H,2024-25
Serie A,2024-08-24,Monza,Genoa,0,1,A,2024-25
Serie A,2024-08-24,Parma,AC Milan,2,1,H,2024-25
Serie A,2024-08-24,Udinese,Lazio,2,1,H,2024-25
Serie A,2024-08-25,AS Roma,Empoli,1,2,A,2024-25
Serie A,2024-08-25,Fiorentina,Venezia,0,0,D,2024-25
Serie A,2024-08-25,Napoli,Bologna,3,0,H,2024-25
Serie A,2024-08-25,Torino,Atalanta,2,1,H,2024-25
Serie A,2024-08-26,Cagliari,Como,1,1,D,2024-25
Serie A,2024-08-26,Hellas Verona,Juventus,0,3,A,2024-25
Serie A,2024-08-30,Internazionale,Atalanta,4,0,H,2024-25
Serie A,2024-08-30,Venezia,Torino,0,1,A,2024-25
Serie A,2024-08-31,Bologna,Empoli,1,1,D,2024-25
Serie A,2024-08-31,Lazio,AC Milan,2,2,D,2024-25
Serie A,2024-08-31,Lecce,Cagliari,1,0,H,2024-25
Serie A,2024-08-31,Napoli,Parma,2,1,H,2024-25
Serie A,2024-09-01,Fiorentina,Monza,2,2,D,2024-25
Serie A,2024-09-01,Genoa,Hellas Verona,0,2,A,2024-25
Serie A,2024-09-01,Juventus,AS Roma,0,0,D,2024-25
Serie A,2024-09-01,Udinese,Como,1,0,H,2024-25
Serie A,2024-09-14,AC Milan,Venezia,4,0,H,2024-25
Serie A,2024-09-14,Como,Bologna,2,2,D,2024-25
Serie A,2024-09-14,Empoli,Juventus,0,0,D,2024-25
Serie A,2024-09-15,Atalanta,Fiorentina,3,2,H,2024-25
Serie A,2024-09-15,Cagliari,Napoli,0,4,A,2024-25
Serie A,2024-09-15,Genoa,AS Roma,1,1,D,2024-25
Serie A,2024-09-15,Monza,Internazionale,1,1,D,2024-25
Serie A,2024-09-15,Torino,Lecce,0,0,D,2024-25
Serie A,2024-09-16,Lazio,Hellas Verona,2,1,H,2024-25
Serie A,2024-09-16,Parma,Udinese,2,3,A,2024-25
Serie A,2024-09-20,Cagliari,Empoli,0,2,A,2024-25
Serie A,2024-09-20,Hellas Verona,Torino,2,3,A,2024-25
Serie A,2024-09-21,Juventus,Napoli,0,0,D,2024-25
Serie A,2024-09-21,Lecce,Parma,2,2,D,2024-25
Serie A,2024-09-21,Venezia,Genoa,2,0,H,2024-25
Serie A,2024-09-22,AS Roma,Udinese,3,0,H,2024-25
Serie A,2024-09-22,Fiorentina,Lazio,2,1,H,2024-25
Serie A,2024-09-22,Internazionale,AC Milan,1,2,A,2024-25
Serie A,2024-09-22,Monza,Bologna,1,2,A,2024-25
Serie A,2024-09-24,Atalanta,Como,2,3,A,2024-25
Serie A,2024-09-27,AC Milan,Lecce,3,0,H,2024-25
Serie A,2024-09-28,Bologna,Atalanta,1,1,D,2024-25
Serie A,2024-09-28,Genoa,Juventus,0,3,A,2024-25
Serie A,2024-09-28,Udinese,Internazionale,2,3,A,2024-25
Serie A,2024-09-29,AS Roma,Venezia,2,1,H,2024-25
Serie A,2024-09-29,Como,Hellas Verona,3,2,H,2024-25
Serie A,2024-09-29,Empoli,Fiorentina,0,0,D,2024-25
Serie A,2024-09-29,Napoli,Monza,2,0,H,2024-25
Serie A,2024-09-29,Torino,Lazio,2,3,A,2024-25
Serie A,2024-09-30,Parma,Cagliari,2,3,A,2024-25
Serie A,2024-10-04,Hellas Verona,Venezia,2,1,H,2024-25
Serie A,2024-10-04,Napoli,Como,3,1,H,2024-25
Serie A,2024-10-05,Atalanta,Genoa,5,1,H,2024-25
Serie A,2024-10-05,Internazionale,Torino,3,2,H,2024-25
Serie A,2024-10-05,Udinese,Lecce,1,0,H,2024-25
Serie A,2024-10-06,Bologna,Parma,0,0,D,2024-25
Serie A,2024-10-06,Fiorentina,AC Milan,2,1,H,2024-25
Serie A,2024-10-06,Juventus,Cagliari,1,1,D,2024-25
Serie A,2024-10-06,Lazio,Empoli,2,1,H,2024-25
Serie A,2024-10-06,Monza,AS Roma,1,1,D,2024-25
Serie A,2024-10-19,AC Milan,Udinese,1,0,H,2024-25
Serie A,2024-10-19,Como,Parma,1,1,D,2024-25
Serie A,2024-10-19,Genoa,Bologna,2,2,D,2024-25
Serie A,2024-10-19,Juventus,Lazio,1,0,H,2024-25
Serie A,2024-10-20,AS Roma,Internazionale,0,1,A,2024-25
Serie A,2024-10-20,Cagliari,Torino,3,2,H,2024-25
Serie A,2024-10-20,Empoli,Napoli,0,1,A,2024-25
Serie A,2024-10-20,Lecce,Fiorentina,0,6,A,2024-25
Serie A,2024-10-20,Venezia,Atalanta,0,2,A,2024-25
Serie A,2024-10-21,Hellas Verona,Monza,0,3,A,2024-25
Serie A,2024-10-25,Torino,Como,1,0,H,2024-25
Serie A,2024-10-25,Udinese,Cagliari,2,0,H,2024-25
Serie A,2024-10-26,Atalanta,Hellas Verona,6,1,H,2024-25
Serie A,2024-10-26,Napoli,Lecce,1,0,H,2024-25
Serie A,2024-10-27,Fiorentina,AS Roma,5,1,H,2024-25
Serie A,2024-10-27,Internazionale,Juventus,4,4,D,2024-25
Serie A,2024-10-27,Lazio,Genoa,3,0,H,2024-25
Serie A,2024-10-27,Monza,Venezia,2,2,D,2024-25
Serie A,2024-10-27,Parma,Empoli,1,1,D,2024-25
Serie A,2024-10-29,AC Milan,Napoli,0,2,A,2024-25
Serie A,2024-10-29,Cagliari,Bologna,0,2,A,2024-25
Serie A,2024-10-29,Lecce,Hellas Verona,1,0,H,2024-25
Serie A,2024-10-30,Atalanta,Monza,2,0,H,2024-25
Serie A,2024-10-30,Empoli,Internazionale,0,3,A,2024-25
Serie A,2024-10-30,Juventus,Parma,2,2,D,2024-25
Serie A,2024-10-30,Venezia,Udinese,3,2,H,2024-25
Serie A,2024-10-31,AS Roma,Torino,1,0,H,2024-25
Serie A,2024-10-31,Como,Lazio,1,5,A,2024-25
Serie A,2024-10-31,Genoa,Fiorentina,0,1,A,2024-25
Serie A,2024-11-02,Bologna,Lecce,1,0,H,2024-25
Serie A,2024-11-02,Monza,AC Milan,0,1,A,2024-25
Serie A,2024-11-02,Udinese,Juventus,0,2,A,2024-25
Serie A,2024-11-03,Hellas Verona,AS Roma,3,2,H,2024-25
Serie A,2024-11-03,Internazionale,Venezia,1,0,H,2024-25
Serie A,2024-11-03,Napoli,Atalanta,0,3,A,2024-25
Serie A,2024-11-03,Torino,Fiorentina,0,1,A,2024-25
Serie A,2024-11-04,Empoli,Como,1,0,H,2024-25
Serie A,2024-11-04,Lazio,Cagliari,2,1,H,2024-25
Serie A,2024-11-04,Parma,Genoa,0,1,A,2024-25
Serie A,2024-11-07,Genoa,Como,1,1,D,2024-25
Serie A,2024-11-08,Lecce,Empoli,1,1,D,2024-25
Serie A,2024-11-09,Cagliari,AC Milan,3,3,D,2024-25
Serie A,2024-11-09,Juventus,Torino,2,0,H,2024-25
Serie A,2024-11-09,Venezia,Parma,1,2,A,2024-25
Serie A,2024-11-10,AS Roma,Bologna,2,3,A,2024-25
Serie A,2024-11-10,Atalanta,Udinese,2,1,H,2024-25
Serie A,2024-11-10,Fiorentina,Hellas Verona,3,1,H,2024-25
Serie A,2024-11-10,Internazionale,Napoli,1,1,D,2024-25
Serie A,2024-11-10,Monza,Lazio,0,1,A,2024-25
Serie A,2024-11-23,AC Milan,Juventus,0,0,D,2024-25
Serie A,2024-11-23,Hellas Verona,Internazionale,0,5,A,2024-25
Serie A,2024-11-23,Parma,Atalanta,1,3,A,2024-25
Serie A,2024-11-24,Como,Fiorentina,0,2,A,2024-25
Serie A,2024-11-24,Genoa,Cagliari,2,2,D,2024-25
Serie A,2024-11-24,Lazio,Bologna,3,0,H,2024-25
Serie A,2024-11-24,Napoli,AS Roma,1,0,H,2024-25
Serie A,2024-11-24,Torino,Monza,1,1,D,2024-25
Serie A,2024-11-25,Empoli,Udinese,1,1,D,2024-25
Serie A,2024-11-25,Venezia,Lecce,0,1,A,2024-25
Serie A,2024-11-29,Cagliari,Hellas Verona,1,0,H,2024-25
Serie A,2024-11-30,AC Milan,Empoli,3,0,H,2024-25
Serie A,2024-11-30,Bologna,Venezia,3,0,H,2024-25
Serie A,2024-11-30,Como,Monza,1,1,D,2024-25
Serie A,2024-12-01,Lecce,Juventus,1,1,D,2024-25
Serie A,2024-12-01,Parma,Lazio,3,1,H,2024-25
Serie A,2024-12-01,Torino,Napoli,0,1,A,2024-25
Serie A,2024-12-01,Udinese,Genoa,0,2,A,2024-25
Serie A,2024-12-02,AS Roma,Atalanta,0,2,A,2024-25
Serie A,2024-12-06,Atalanta,AC Milan,2,1,H,2024-25
Serie A,2024-12-06,Internazionale,Parma,3,1,H,2024-25
Serie A,2024-12-07,AS Roma,Lecce,4,1,H,2024-25
Serie A,2024-12-07,Genoa,Torino,0,0,D,2024-25
Serie A,2024-12-07,Juventus,Bologna,2,2,D,2024-25
Serie A,2024-12-08,Fiorentina,Cagliari,1,0,H,2024-25
Serie A,2024-12-08,Hellas Verona,Empoli,1,4,A,2024-25
Serie A,2024-12-08,Napoli,Lazio,0,1,A,2024-25
Serie A,2024-12-08,Venezia,Como,2,2,D,2024-25
Serie A,2024-12-09,Monza,Udinese,1,2,A,2024-25
Serie A,2024-12-13,Empoli,Torino,0,1,A,2024-25
Serie A,2024-12-14,Cagliari,Atalanta,0,1,A,2024-25
Serie A,2024-12-14,Juventus,Venezia,2,2,D,2024-25
Serie A,2024-12-14,Udinese,Napoli,1,3,A,2024-25
Serie A,2024-12-15,AC Milan,Genoa,0,0,D,2024-25
Serie A,2024-12-15,Bologna,Fiorentina,1,0,H,2024-25
Serie A,2024-12-15,Como,AS Roma,2,0,H,2024-25
Serie A,2024-12-15,Lecce,Monza,2,1,H,2024-25
Serie A,2024-12-15,Parma,Hellas Verona,2,3,A,2024-25
Serie A,2024-12-16,Lazio,Internazionale,0,6,A,2024-25
Serie A,2024-12-20,Hellas Verona,AC Milan,0,1,A,2024-25
Serie A,2024-12-21,Genoa,Napoli,1,2,A,2024-25
Serie A,2024-12-21,Lecce,Lazio,1,2,A,2024-25
Serie A,2024-12-21,Torino,Bologna,0,2,A,2024-25
Serie A,2024-12-22,AS Roma,Parma,5,0,H,2024-25
Serie A,2024-12-22,Atalanta,Empoli,3,2,H,2024-25
Serie A,2024-12-22,Monza,Juventus,1,2,A,2024-25
Serie A,2024-12-22,Venezia,Cagliari,2,1,H,2024-25
Serie A,2024-12-23,Fiorentina,Udinese,1,2,A,2024-25
Serie A,2024-12-23,Internazionale,Como,2,0,H,2024-25
Serie A,2024-12-28,Cagliari,Internazionale,0,3,A,2024-25
Serie A,2024-12-28,Empoli,Genoa,1,2,A,2024-25
Serie A,2024-12-28,Lazio,Atalanta,1,1,D,2024-25
Serie A,2024-12-28,Parma,Monza,2,1,H,2024-25
Serie A,2024-12-29,AC Milan,AS Roma,1,1,D,2024-25
Serie A,2024-12-29,Juventus,Fiorentina,2,2,D,2024-25
Serie A,2024-12-29,Napoli,Venezia,1,0,H,2024-25
Serie A,2024-12-29,Udinese,Torino,2,2,D,2024-25
Serie A,2024-12-30,Bologna,Hellas Verona,2,3,A,2024-25
Serie A,2024-12-30,Como,Lecce,2,0,H,2024-25
Serie A,2025-01-04,Fiorentina,Napoli,0,3,A,2024-25
Serie A,2025-01-04,Hellas Verona,Udinese,0,0,D,2024-25
Serie A,2025-01-04,Venezia,Empoli,1,1,D,2024-25
Serie A,2025-01-05,AS Roma,Lazio,2,0,H,2024-25
Serie A,2025-01-05,Lecce,Genoa,0,0,D,2024-25
Serie A,2025-01-05,Monza,Cagliari,1,2,A,2024-25
Serie A,2025-01-05,Torino,Parma,0,0,D,2024-25
Serie A,2025-01-10,Lazio,Como,1,1,D,2024-25
Serie A,2025-01-11,AC Milan,Cagliari,1,1,D,2024-25
Serie A,2025-01-11,Empoli,Lecce,1,3,A,2024-25
Serie A,2025-01-11,Torino,Juventus,1,1,D,2024-25
Serie A,2025-01-11,Udinese,Atalanta,0,0,D,2024-25
Serie A,2025-01-12,Bologna,AS Roma,2,2,D,2024-25
Serie A,2025-01-12,Genoa,Parma,1,0,H,2024-25
Serie A,2025-01-12,Napoli,Hellas Verona,2,0,H,2024-25
Serie A,2025-01-12,Venezia,Internazionale,0,1,A,2024-25
Serie A,2025-01-13,Monza,Fiorentina,2,1,H,2024-25
Serie A,2025-01-14,Atalanta,Juventus,1,1,D,2024-25
Serie A,2025-01-14,Como,AC Milan,1,2,A,2024-25
Serie A,2025-01-15,Internazionale,Bologna,2,2,D,2024-25
Serie A,2025-01-17,AS Roma,Genoa,3,1,H,2024-25
Serie A,2025-01-18,Atalanta,Napoli,2,3,A,2024-25
Serie A,2025-01-18,Bologna,Monza,3,1,H,2024-25
Serie A,2025-01-18,Juventus,AC Milan,2,0,H,2024-25
Serie A,2025-01-19,Cagliari,Lecce,4,1,H,2024-25
Serie A,2025-01-19,Fiorentina,Torino,1,1,D,2024-25
Serie A,2025-01-19,Hellas Verona,Lazio,0,3,A,2024-25
Serie A,2025-01-19,Internazionale,Empoli,3,1,H,2024-25
Serie A,2025-01-19,Parma,Venezia,1,1,D,2024-25
Serie A,2025-01-20,Como,Udinese,4,1,H,2024-25
Serie A,2025-01-24,Torino,Cagliari,2,0,H,2024-25
Serie A,2025-01-25,Como,Atalanta,1,2,A,2024-25
Serie A,2025-01-25,Empoli,Bologna,1,1,D,2024-25
Serie A,2025-01-25,Napoli,Juventus,2,1,H,2024-25
Serie A,2025-01-26,AC Milan,Parma,3,2,H,2024-25
Serie A,2025-01-26,Lazio,Fiorentina,1,2,A,2024-25
Serie A,2025-01-26,Lecce,Internazionale,0,4,A,2024-25
Serie A,2025-01-26,Udinese,AS Roma,1,2,A,2024-25
Serie A,2025-01-27,Genoa,Monza,2,0,H,2024-25
Serie A,2025-01-27,Venezia,Hellas Verona,1,1,D,2024-25
Serie A,2025-01-31,Parma,Lecce,1,3,A,2024-25
Serie A,2025-02-01,Atalanta,Torino,1,1,D,2024-25
Serie A,2025-02-01,Bologna,Como,2,0,H,2024-25
Serie A,2025-02-01,Monza,Hellas Verona,0,1,A,2024-25
Serie A,2025-02-01,Udinese,Venezia,3,2,H,2024-25
Serie A,2025-02-02,AC Milan,Internazionale,1,1,D,2024-25
Serie A,2025-02-02,AS Roma,Napoli,1,1,D,2024-25
Serie A,2025-02-02,Fiorentina,Genoa,2,1,H,2024-25
Serie A,2025-02-02,Juventus,Empoli,4,1,H,2024-25
Serie A,2025-02-03,Cagliari,Lazio,1,2,A,2024-25
Serie A,2025-02-06,Fiorentina,Internazionale,3,0,H,2024-25
Serie A,2025-02-07,Como,Juventus,1,2,A,2024-25
Serie A,2025-02-08,Empoli,AC Milan,0,2,A,2024-25
Serie A,2025-02-08,Hellas Verona,Atalanta,0,5,A,2024-25
Serie A,2025-02-08,Torino,Genoa,1,1,D,2024-25
Serie A,2025-02-09,Cagliari,Parma,2,1,H,2024-25
Serie A,2025-02-09,Lazio,Monza,5,1,H,2024-25
Serie A,2025-02-09,Lecce,Bologna,0,0,D,2024-25
Serie A,2025-02-09,Napoli,Udinese,1,1,D,2024-25
Serie A,2025-02-09,Venezia,AS Roma,0,1,A,2024-25
Serie A,2025-02-10,Internazionale,Fiorentina,2,1,H,2024-25
Serie A,2025-02-14,Bologna,Torino,3,2,H,2024-25
Serie A,2025-02-15,AC Milan,Hellas Verona,1,0,H,2024-25
Serie A,2025-02-15,Atalanta,Cagliari,0,0,D,2024-25
Serie A,2025-02-15,Lazio,Napoli,2,2,D,2024-25
Serie A,2025-02-16,Fiorentina,Como,0,2,A,2024-25
Serie A,2025-02-16,Juventus,Internazionale,1,0,H,2024-25
Serie A,2025-02-16,Monza,Lecce,0,0,D,2024-25
Serie A,2025-02-16,Parma,AS Roma,0,1,A,2024-25
Serie A,2025-02-16,Udinese,Empoli,3,0,H,2024-25
Serie A,2025-02-17,Genoa,Venezia,2,0,H,2024-25
Serie A,2025-02-21,Lecce,Udinese,0,1,A,2024-25
Serie A,2025-02-22,Internazionale,Genoa,1,0,H,2024-25
Serie A,2025-02-22,Parma,Bologna,2,0,H,2024-25
Serie A,2025-02-22,Torino,AC Milan,2,1,H,2024-25
Serie A,2025-02-22,Venezia,Lazio,0,0,D,2024-25
Serie A,2025-02-23,Cagliari,Juventus,0,1,A,2024-25
Serie A,2025-02-23,Como,Napoli,2,1,H,2024-25
Serie A,2025-02-23,Empoli,Atalanta,0,5,A,2024-25
Serie A,2025-02-23,Hellas Verona,Fiorentina,1,0,H,2024-25
Serie A,2025-02-24,AS Roma,Monza,4,0,H,2024-25
Serie A,2025-02-27,Bologna,AC Milan,2,1,H,2024-25
Serie A,2025-02-28,Fiorentina,Lecce,1,0,H,2024-25
Serie A,2025-03-01,Atalanta,Venezia,0,0,D,2024-25
Serie A,2025-03-01,Napoli,Internazionale,1,1,D,2024-25
Serie A,2025-03-01,Udinese,Parma,1,0,H,2024-25
Serie A,2025-03-02,AC Milan,Lazio,1,2,A,2024-25
Serie A,2025-03-02,AS Roma,Como,2,1,H,2024-25
Serie A,2025-03-02,Bologna,Cagliari,2,1,H,2024-25
Serie A,2025-03-02,Genoa,Empoli,1,1,D,2024-25
Serie A,2025-03-02,Monza,Torino,0,2,A,2024-25
Serie A,2025-03-03,Juventus,Hellas Verona,2,0,H,2024-25
Serie A,2025-03-07,Cagliari,Genoa,1,1,D,2024-25
Serie A,2025-03-08,Como,Venezia,1,1,D,2024-25
Serie A,2025-03-08,Internazionale,Monza,3,2,H,2024-25
Serie A,2025-03-08,Lecce,AC Milan,2,3,A,2024-25
Serie A,2025-03-08,Parma,Torino,2,2,D,2024-25
Serie A,2025-03-09,Empoli,AS Roma,0,1,A,2024-25
Serie A,2025-03-09,Hellas Verona,Bologna,1,2,A,2024-25
Serie A,2025-03-09,Juventus,Atalanta,0,4,A,2024-25
Serie A,2025-03-09,Napoli,Fiorentina,2,1,H,2024-25
Serie A,2025-03-10,Lazio,Udinese,1,1,D,2024-25
Serie A,2025-03-14,Genoa,Lecce,2,1,H,2024-25
Serie A,2025-03-15,AC Milan,Como,2,1,H,2024-25
Serie A,2025-03-15,Monza,Parma,1,1,D,2024-25
Serie A,2025-03-15,Torino,Empoli,1,0,H,2024-25
Serie A,2025-03-15,Udinese,Hellas Verona,0,1,A,2024-25
Serie A,2025-03-16,AS Roma,Cagliari,1,0,H,2024-25
Serie A,2025-03-16,Atalanta,Internazionale,0,2,A,2024-25
Serie A,2025-03-16,Bologna,Lazio,5,0,H,2024-25
Serie A,2025-03-16,Fiorentina,Juventus,3,0,H,2024-25
Serie A,2025-03-16,Venezia,Napoli,0,0,D,2024-25
Serie A,2025-03-29,Como,Empoli,1,1,D,2024-25
Serie A,2025-03-29,Juventus,Genoa,1,0,H,2024-25
Serie A,2025-03-29,Lecce,AS Roma,0,1,A,2024-25
Serie A,2025-03-29,Venezia,Bologna,0,1,A,2024-25
Serie A,2025-03-30,Cagliari,Monza,3,0,H,2024-25
Serie A,2025-03-30,Fiorentina,Atalanta,1,0,H,2024-25
Serie A,2025-03-30,Internazionale,Udinese,2,1,H,2024-25
Serie A,2025-03-30,Napoli,AC Milan,2,1,H,2024-25
Serie A,2025-03-31,Hellas Verona,Parma,0,0,D,2024-25
Serie A,2025-03-31,Lazio,Torino,1,1,D,2024-25
Serie A,2025-04-04,Genoa,Udinese,1,0,H,2024-25
Serie A,2025-04-05,AC Milan,Fiorentina,2,2,D,2024-25
Serie A,2025-04-05,Monza,Como,1,3,A,2024-25
Serie A,2025-04-05,Parma,Internazionale,2,2,D,2024-25
Serie A,2025-04-06,AS Roma,Juventus,1,1,D,2024-25
Serie A,2025-04-06,Atalanta,Lazio,0,1,A,2024-25
Serie A,2025-04-06,Empoli,Cagliari,0,0,D,2024-25
Serie A,2025-04-06,Lecce,Venezia,1,1,D,2024-25
Serie A,2025-04-06,Torino,Hellas Verona,1,1,D,2024-25
Serie A,2025-04-07,Bologna,Napoli,1,1,D,2024-25
Serie A,2025-04-11,Udinese,AC Milan,0,4,A,2024-25
Serie A,2025-04-12,Internazionale,Cagliari,3,1,H,2024-25
Serie A,2025-04-12,Juventus,Lecce,2,1,H,2024-25
Serie A,2025-04-12,Venezia,Monza,1,0,H,2024-25
Serie A,2025-04-13,Atalanta,Bologna,2,0,H,2024-25
Serie A,2025-04-13,Como,Torino,1,0,H,2024-25
Serie A,2025-04-13,Fiorentina,Parma,0,0,D,2024-25
Serie A,2025-04-13,Hellas Verona,Genoa,0,0,D,2024-25
Serie A,2025-04-13,Lazio,AS Roma,1,1,D,2024-25
Serie A,2025-04-14,Napoli,Empoli,3,0,H,2024-25
Serie A,2025-04-19,AS Roma,Hellas Verona,1,0,H,2024-25
Serie A,2025-04-19,Lecce,Como,0,3,A,2024-25
Serie A,2025-04-19,Monza,Napoli,0,1,A,2024-25
Serie A,2025-04-20,AC Milan,Atalanta,0,1,A,2024-25
Serie A,2025-04-20,Bologna,Internazionale,1,0,H,2024-25
Serie A,2025-04-20,Empoli,Venezia,2,2,D,2024-25
Serie A,2025-04-23,Cagliari,Fiorentina,1,2,A,2024-25
Serie A,2025-04-23,Genoa,Lazio,0,2,A,2024-25
Serie A,2025-04-23,Parma,Juventus,1,0,H,2024-25
Serie A,2025-04-23,Torino,Udinese,2,0,H,2024-25
Serie A,2025-04-27,Atalanta,Lecce,1,1,D,2024-25
Serie A,2025-04-27,Como,Genoa,1,0,H,2024-25
Serie A,2025-04-27,Fiorentina,Empoli,2,1,H,2024-25
Serie A,2025-04-27,Internazionale,AS Roma,0,1,A,2024-25
Serie A,2025-04-27,Juventus,Monza,2,0,H,2024-25
Serie A,2025-04-27,Napoli,Torino,2,0,H,2024-25
Serie A,2025-04-27,Venezia,AC Milan,0,2,A,2024-25
Serie A,2025-04-28,Hellas Verona,Cagliari,0,2,A,2024-25
Serie A,2025-04-28,Lazio,Parma,2,2,D,2024-25
Serie A,2025-04-28,Udinese,Bologna,0,0,D,2024-25
Serie A,2025-05-02,Torino,Venezia,1,1,D,2024-25
Serie A,2025-05-03,Cagliari,Udinese,1,2,A,2024-25
Serie A,2025-05-03,Internazionale,Hellas Verona,1,0,H,2024-25
Serie A,2025-05-03,Lecce,Napoli,0,1,A,2024-25
Serie A,2025-05-03,Parma,Como,0,1,A,2024-25
Serie A,2025-05-04,AS Roma,Fiorentina,1,0,H,2024-25
Serie A,2025-05-04,Bologna,Juventus,1,1,D,2024-25
Serie A,2025-05-04,Empoli,Lazio,0,1,A,2024-25
Serie A,2025-05-04,Monza,Atalanta,0,4,A,2024-25
Serie A,2025-05-05,Genoa,AC Milan,1,2,A,2024-25
Serie A,2025-05-09,AC Milan,Bologna,3,1,H,2024-25
Serie A,2025-05-10,Como,Cagliari,3,1,H,2024-25
Serie A,2025-05-10,Empoli,Parma,2,1,H,2024-25
Serie A,2025-05-10,Lazio,Juventus,1,1,D,2024-25
Serie A,2025-05-11,Hellas Verona,Lecce,1,1,D,2024-25
Serie A,2025-05-11,Napoli,Genoa,2,2,D,2024-25
Serie A,2025-05-11,Torino,Internazionale,0,2,A,2024-25
Serie A,2025-05-11,Udinese,Monza,1,2,A,2024-25
Serie A,2025-05-12,Atalanta,AS Roma,2,1,H,2024-25
Serie A,2025-05-12,Venezia,Fiorentina,2,1,H,2024-25
Serie A,2025-05-17,Genoa,Atalanta,2,3,A,2024-25
Serie A,2025-05-18,AS Roma,AC Milan,3,1,H,2024-25
Serie A,2025-05-18,Cagliari,Venezia,3,0,H,2024-25
Serie A,2025-05-18,Fiorentina,Bologna,3,2,H,2024-25
Serie A,2025-05-18,Hellas Verona,Como,1,1,D,2024-25
Serie A,2025-05-18,Internazionale,Lazio,2,2,D,2024-25
Serie A,2025-05-18,Juventus,Udinese,2,0,H,2024-25
Serie A,2025-05-18,Lecce,Torino,1,0,H,2024-25
Serie A,2025-05-18,Monza,Empoli,1,3,A,2024-25
Serie A,2025-05-18,Parma,Napoli,0,0,D,2024-25
Serie A,2025-05-23,Como,Internazionale,0,2,A,2024-25
Serie A,2025-05-23,Napoli,Cagliari,2,0,H,2024-25
Serie A,2025-05-24,AC Milan,Monza,2,0,H,2024-25
Serie A,2025-05-24,Bologna,Genoa,1,3,A,2024-25
Serie A,2025-05-25,Atalanta,Parma,2,3,A,2024-25
Serie A,2025-05-25,Empoli,Hellas Verona,1,2,A,2024-25
Serie A,2025-05-25,Lazio,Lecce,0,1,A,2024-25
Serie A,2025-05-25,Torino,AS Roma,0,2,A,2024-25
Serie A,2025-05-25,Udinese,Fiorentina,2,3,A,2024-25
Serie A,2025-05-25,Venezia,Juventus,2,3,A,2024-25
Serie A,2025-08-23,AC Milan,Cremonese,1,2,A,2025-26
Serie A,2025-08-23,AS Roma,Bologna,1,0,H,2025-26
Serie A,2025-08-23,Genoa,Lecce,0,0,D,2025-26
Serie A,2025-08-23,Sassuolo,Napoli,0,2,A,2025-26
Serie A,2025-08-24,Atalanta,Pisa,1,1,D,2025-26
Serie A,2025-08-24,Cagliari,Fiorentina,1,1,D,2025-26
Serie A,2025-08-24,Como,Lazio,2,0,H,2025-26
Serie A,2025-08-24,Juventus,Parma,2,0,H,2025-26
Serie A,2025-08-25,Internazionale,Torino,5,0,H,2025-26
Serie A,2025-08-25,Udinese,Hellas Verona,1,1,D,2025-26
Serie A,2025-08-29,Cremonese,Sassuolo,3,2,H,2025-26
Serie A,2025-08-29,Lecce,AC Milan,0,2,A,2025-26
Serie A,2025-08-30,Bologna,Como,1,0,H,2025-26
Serie A,2025-08-30,Napoli,Cagliari,1,0,H,2025-26
Serie A,2025-08-30,Parma,Atalanta,1,1,D,2025-26
Serie A,2025-08-30,Pisa,AS Roma,0,1,A,2025-26
Serie A,2025-08-31,Genoa,Juventus,0,1,A,2025-26
Serie A,2025-08-31,Internazionale,Udinese,1,2,A,2025-26
Serie A,2025-08-31,Lazio,Hellas Verona,4,0,H,2025-26
Serie A,2025-08-31,Torino,Fiorentina,0,0,D,2025-26
Serie A,2025-09-13,Cagliari,Parma,2,0,H,2025-26
Serie A,2025-09-13,Fiorentina,Napoli,1,3,A,2025-26
Serie A,2025-09-13,Juventus,Internazionale,4,3,H,2025-26
Serie A,2025-09-14,AC Milan,Bologna,1,0,H,2025-26
Serie A,2025-09-14,AS Roma,Torino,0,1,A,2025-26
Serie A,2025-09-14,Atalanta,Lecce,4,1,H,2025-26
Serie A,2025-09-14,Pisa,Udinese,0,1,A,2025-26
Serie A,2025-09-14,Sassuolo,Lazio,1,0,H,2025-26
Serie A,2025-09-15,Como,Genoa,1,1,D,2025-26
Serie A,2025-09-15,Hellas Verona,Cremonese,0,0,D,2025-26
Serie A,2025-09-19,Lecce,Cagliari,1,2,A,2025-26
Serie A,2025-09-20,Bologna,Genoa,2,1,H,2025-26
Serie A,2025-09-20,Hellas Verona,Juventus,1,1,D,2025-26
Serie A,2025-09-20,Udinese,AC Milan,0,3,A,2025-26
Serie A,2025-09-21,Cremonese,Parma,0,0,D,2025-26
Serie A,2025-09-21,Fiorentina,Como,1,2,A,2025-26
Serie A,2025-09-21,Internazionale,Sassuolo,2,1,H,2025-26
Serie A,2025-09-21,Lazio,AS Roma,0,1,A,2025-26
Serie A,2025-09-21,Torino,Atalanta,0,3,A,2025-26
Serie A,2025-09-22,Napoli,Pisa,3,2,H,2025-26
Serie A,2025-09-27,Cagliari,Internazionale,0,2,A,2025-26
Serie A,2025-09-27,Como,Cremonese,1,1,D,2025-26
Serie A,2025-09-27,Juventus,Atalanta,1,1,D,2025-26
Serie A,2025-09-28,AC Milan,Napoli,2,1,H,2025-26
Serie A,2025-09-28,AS Roma,Hellas Verona,2,0,H,2025-26
Serie A,2025-09-28,Lecce,Bologna,2,2,D,2025-26
Serie A,2025-09-28,Pisa,Fiorentina,0,0,D,2025-26
Serie A,2025-09-28,Sassuolo,Udinese,3,1,H,2025-26
Serie A,2025-09-29,Genoa,Lazio,0,3,A,2025-26
Serie A,2025-09-29,Parma,Torino,2,1,H,2025-26
Serie A,2025-10-03,Hellas Verona,Sassuolo,0,1,A,2025-26
Serie A,2025-10-04,Atalanta,Como,1,1,D,2025-26
Serie A,2025-10-04,Internazionale,Cremonese,4,1,H,2025-26
Serie A,2025-10-04,Lazio,Torino,3,3,D,2025-26
Serie A,2025-10-04,Parma,Lecce,0,1,A,2025-26
Serie A,2025-10-05,Bologna,Pisa,4,0,H,2025-26
Serie A,2025-10-05,Fiorentina,AS Roma,1,2,A,2025-26
Serie A,2025-10-05,Juventus,AC Milan,0,0,D,2025-26
Serie A,2025-10-05,Napoli,Genoa,2,1,H,2025-26
Serie A,2025-10-05,Udinese,Cagliari,1,1,D,2025-26
Serie A,2025-10-18,AS Roma,Internazionale,0,1,A,2025-26
Serie A,2025-10-18,Lecce,Sassuolo,0,0,D,2025-26
Serie A,2025-10-18,Pisa,Hellas Verona,0,0,D,2025-26
Serie A,2025-10-18,Torino,Napoli,1,0,H,2025-26
Serie A,2025-10-19,AC Milan,Fiorentina,2,1,H,2025-26
Serie A,2025-10-19,Atalanta,Lazio,0,0,D,2025-26
Serie A,2025-10-19,Cagliari,Bologna,0,2,A,2025-26
Serie A,2025-10-19,Como,Juventus,2,0,H,2025-26
Serie A,2025-10-19,Genoa,Parma,0,0,D,2025-26
Serie A,2025-10-20,Cremonese,Udinese,1,1,D,2025-26
Serie A,2025-10-24,AC Milan,Pisa,2,2,D,2025-26
Serie A,2025-10-25,Cremonese,Atalanta,1,1,D,2025-26
Serie A,2025-10-25,Napoli,Internazionale,3,1,H,2025-26
Serie A,2025-10-25,Parma,Como,0,0,D,2025-26
Serie A,2025-10-25,Udinese,Lecce,3,2,H,2025-26
Serie A,2025-10-26,Fiorentina,Bologna,2,2,D,2025-26
Serie A,2025-10-26,Hellas Verona,Cagliari,2,2,D,2025-26
Serie A,2025-10-26,Lazio,Juventus,1,0,H,2025-26
Serie A,2025-10-26,Sassuolo,AS Roma,0,1,A,2025-26
Serie A,2025-10-26,Torino,Genoa,2,1,H,2025-26
Serie A,2025-10-28,Atalanta,AC Milan,1,1,D,2025-26
Serie A,2025-10-28,Lecce,Napoli,0,1,A,2025-26
Serie A,2025-10-29,AS Roma,Parma,2,1,H,2025-26
Serie A,2025-10-29,Bologna,Torino,0,0,D,2025-26
Serie A,2025-10-29,Como,Hellas Verona,3,1,H,2025-26
Serie A,2025-10-29,Genoa,Cremonese,0,2,A,2025-26
Serie A,2025-10-29,Internazionale,Fiorentina,3,0,H,2025-26
Serie A,2025-10-29,Juventus,Udinese,3,1,H,2025-26
Serie A,2025-10-30,Cagliari,Sassuolo,1,2,A,2025-26
Serie A,2025-10-30,Pisa,Lazio,0,0,D,2025-26
Serie A,2025-11-01,Cremonese,Juventus,1,2,A,2025-26
Serie A,2025-11-01,Napoli,Como,0,0,D,2025-26
Serie A,2025-11-01,Udinese,Atalanta,1,0,H,2025-26
Serie A,2025-11-02,AC Milan,AS Roma,1,0,H,2025-26
Serie A,2025-11-02,Fiorentina,Lecce,0,1,A,2025-26
Serie A,2025-11-02,Hellas Verona,Internazionale,1,2,A,2025-26
Serie A,2025-11-02,Parma,Bologna,1,3,A,2025-26
Serie A,2025-11-02,Torino,Pisa,2,2,D,2025-26
Serie A,2025-11-03,Lazio,Cagliari,2,0,H,2025-26
Serie A,2025-11-03,Sassuolo,Genoa,1,2,A,2025-26
Serie A,2025-11-07,Pisa,Cremonese,1,0,H,2025-26
Serie A,2025-11-08,Como,Cagliari,0,0,D,2025-26
Serie A,2025-11-08,Juventus,Torino,0,0,D,2025-26
Serie A,2025-11-08,Lecce,Hellas Verona,0,0,D,2025-26
Serie A,2025-11-08,Parma,AC Milan,2,2,D,2025-26
Serie A,2025-11-09,AS Roma,Udinese,2,0,H,2025-26
Serie A,2025-11-09,Atalanta,Sassuolo,0,3,A,2025-26
Serie A,2025-11-09,Bologna,Napoli,2,0,H,2025-26
Serie A,2025-11-09,Genoa,Fiorentina,2,2,D,2025-26
Serie A,2025-11-09,Internazionale,Lazio,2,0,H,2025-26
Serie A,2025-11-22,Cagliari,Genoa,3,3,D,2025-26
Serie A,2025-11-22,Fiorentina,Juventus,1,1,D,2025-26
Serie A,2025-11-22,Napoli,Atalanta,3,1,H,2025-26
Serie A,2025-11-22,Udinese,Bologna,0,3,A,2025-26
Serie A,2025-11-23,Cremonese,AS Roma,1,3,A,2025-26
Serie A,2025-11-23,Hellas Verona,Parma,1,2,A,2025-26
Serie A,2025-11-23,Internazionale,AC Milan,0,1,A,2025-26
Serie A,2025-11-23,Lazio,Lecce,2,0,H,2025-26
Serie A,2025-11-24,Sassuolo,Pisa,2,2,D,2025-26
Serie A,2025-11-24,Torino,Como,1,5,A,2025-26
Serie A,2025-11-28,Como,Sassuolo,2,0,H,2025-26
Serie A,2025-11-29,AC Milan,Lazio,1,0,H,2025-26
Serie A,2025-11-29,Genoa,Hellas Verona,2,1,H,2025-26
Serie A,2025-11-29,Juventus,Cagliari,2,1,H,2025-26
Serie A,2025-11-29,Parma,Udinese,0,2,A,2025-26
Serie A,2025-11-30,AS Roma,Napoli,0,1,A,2025-26
Serie A,2025-11-30,Atalanta,Fiorentina,2,0,H,2025-26
Serie A,2025-11-30,Lecce,Torino,2,1,H,2025-26
Serie A,2025-11-30,Pisa,Internazionale,0,2,A,2025-26
Serie A,2025-12-01,Bologna,Cremonese,1,3,A,2025-26
Serie A,2025-12-06,Hellas Verona,Atalanta,3,1,H,2025-26
Serie A,2025-12-06,Internazionale,Como,4,0,H,2025-26
Serie A,2025-12-06,Sassuolo,Fiorentina,3,1,H,2025-26
Serie A,2025-12-07,Cagliari,AS Roma,1,0,H,2025-26
Serie A,2025-12-07,Cremonese,Lecce,2,0,H,2025-26
Serie A,2025-12-07,Lazio,Bologna,1,1,D,2025-26
Serie A,2025-12-07,Napoli,Juventus,2,1,H,2025-26
Serie A,2025-12-08,Pisa,Parma,0,1,A,2025-26
Serie A,2025-12-08,Torino,AC Milan,2,3,A,2025-26
Serie A,2025-12-08,Udinese,Genoa,1,2,A,2025-26
Serie A,2025-12-12,Lecce,Pisa,1,0,H,2025-26
Serie A,2025-12-13,Atalanta,Cagliari,2,1,H,2025-26
Serie A,2025-12-13,Parma,Lazio,0,1,A,2025-26
Serie A,2025-12-13,Torino,Cremonese,1,0,H,2025-26
Serie A,2025-12-14,AC Milan,Sassuolo,2,2,D,2025-26
Serie A,2025-12-14,Bologna,Juventus,0,1,A,2025-26
Serie A,2025-12-14,Fiorentina,Hellas Verona,1,2,A,2025-26
Serie A,2025-12-14,Genoa,Internazionale,1,2,A,2025-26
Serie A,2025-12-14,Udinese,Napoli,1,0,H,2025-26
Serie A,2025-12-15,AS Roma,Como,1,0,H,2025-26
Serie A,2025-12-20,Juventus,AS Roma,2,1,H,2025-26
Serie A,2025-12-20,Lazio,Cremonese,0,0,D,2025-26
Serie A,2025-12-21,Cagliari,Pisa,2,2,D,2025-26
Serie A,2025-12-21,Fiorentina,Udinese,5,1,H,2025-26
Serie A,2025-12-21,Genoa,Atalanta,0,1,A,2025-26
Serie A,2025-12-21,Sassuolo,Torino,0,1,A,2025-26
Serie A,2025-12-27,Lecce,Como,0,3,A,2025-26
Serie A,2025-12-27,Parma,Fiorentina,1,0,H,2025-26
Serie A,2025-12-27,Pisa,Juventus,0,2,A,2025-26
Serie A,2025-12-27,Torino,Cagliari,1,2,A,2025-26
Serie A,2025-12-27,Udinese,Lazio,1,1,D,2025-26
Serie A,2025-12-28,AC Milan,Hellas Verona,3,0,H,2025-26
Serie A,2025-12-28,Atalanta,Internazionale,0,1,A,2025-26
Serie A,2025-12-28,Bologna,Sassuolo,1,1,D,2025-26
Serie A,2025-12-28,Cremonese,Napoli,0,2,A,2025-26
Serie A,2025-12-29,AS Roma,Genoa,3,1,H,2025-26
Serie A,2026-01-02,Cagliari,AC Milan,0,1,A,2025-26
Serie A,2026-01-03,Atalanta,AS Roma,1,0,H,2025-26
Serie A,2026-01-03,Como,Udinese,1,0,H,2025-26
Serie A,2026-01-03,Genoa,Pisa,1,1,D,2025-26
Serie A,2026-01-03,Juventus,Lecce,1,1,D,2025-26
Serie A,2026-01-03,Sassuolo,Parma,1,1,D,2025-26
Serie A,2026-01-04,Fiorentina,Cremonese,1,0,H,2025-26
Serie A,2026-01-04,Hellas Verona,Torino,0,3,A,2025-26
Serie A,2026-01-04,Internazionale,Bologna,3,1,H,2025-26
Serie A,2026-01-04,Lazio,Napoli,0,2,A,2025-26
Serie A,2026-01-06,Lecce,AS Roma,0,2,A,2025-26
Serie A,2026-01-06,Pisa,Como,0,3,A,2025-26
Serie A,2026-01-06,Sassuolo,Juventus,0,3,A,2025-26
Serie A,2026-01-07,Bologna,Atalanta,0,2,A,2025-26
Serie A,2026-01-07,Lazio,Fiorentina,2,2,D,2025-26
Serie A,2026-01-07,Napoli,Hellas Verona,2,2,D,2025-26
Serie A,2026-01-07,Parma,Internazionale,0,2,A,2025-26
Serie A,2026-01-07,Torino,Udinese,1,2,A,2025-26
Serie A,2026-01-08,AC Milan,Genoa,1,1,D,2025-26
Serie A,2026-01-08,Cremonese,Cagliari,2,2,D,2025-26
Serie A,2026-01-10,AS Roma,Sassuolo,2,0,H,2025-26
Serie A,2026-01-10,Atalanta,Torino,2,0,H,2025-26
Serie A,2026-01-10,Como,Bologna,1,1,D,2025-26
Serie A,2026-01-10,Udinese,Pisa,2,2,D,2025-26
Serie A,2026-01-11,Fiorentina,AC Milan,1,1,D,2025-26
Serie A,2026-01-11,Hellas Verona,Lazio,0,1,A,2025-26
Serie A,2026-01-11,Internazionale,Napoli,2,2,D,2025-26
Serie A,2026-01-11,Lecce,Parma,1,2,A,2025-26
Serie A,2026-01-12,Genoa,Cagliari,3,0,H,2025-26
Serie A,2026-01-12,Juventus,Cremonese,5,0,H,2025-26
Serie A,2026-01-14,Internazionale,Lecce,1,0,H,2025-26
Serie A,2026-01-14,Napoli,Parma,0,0,D,2025-26
Serie A,2026-01-15,Como,AC Milan,1,3,A,2025-26
Serie A,2026-01-15,Hellas Verona,Bologna,2,3,A,2025-26
Serie A,2026-01-16,Pisa,Atalanta,1,1,D,2025-26
Serie A,2026-01-17,Cagliari,Juventus,1,0,H,2025-26
Serie A,2026-01-17,Napoli,Sassuolo,1,0,H,2025-26
Serie A,2026-01-17,Udinese,Internazionale,0,1,A,2025-26
Serie A,2026-01-18,AC Milan,Lecce,1,0,H,2025-26
Serie A,2026-01-18,Bologna,Fiorentina,1,2,A,2025-26
Serie A,2026-01-18,Parma,Genoa,0,0,D,2025-26
Serie A,2026-01-18,Torino,AS Roma,0,2,A,2025-26
Serie A,2026-01-19,Cremonese,Hellas Verona,0,0,D,2025-26
Serie A,2026-01-19,Lazio,Como,0,3,A,2025-26
Serie A,2026-01-23,Internazionale,Pisa,6,2,H,2025-26
Serie A,2026-01-24,Como,Torino,6,0,H,2025-26
Serie A,2026-01-24,Fiorentina,Cagliari,1,2,A,2025-26
Serie A,2026-01-24,Lecce,Lazio,0,0,D,2025-26
Serie A,2026-01-25,AS Roma,AC Milan,1,1,D,2025-26
Serie A,2026-01-25,Atalanta,Parma,4,0,H,2025-26
Serie A,2026-01-25,Genoa,Bologna,3,2,H,2025-26
Serie A,2026-01-25,Juventus,Napoli,3,0,H,2025-26
Serie A,2026-01-25,Sassuolo,Cremonese,1,0,H,2025-26
Serie A,2026-01-26,Hellas Verona,Udinese,1,3,A,2025-26
Serie A,2026-01-30,Lazio,Genoa,3,2,H,2025-26
Serie A,2026-01-31,Cagliari,Hellas Verona,4,0,H,2025-26
Serie A,2026-01-31,Napoli,Fiorentina,2,1,H,2025-26
Serie A,2026-01-31,Pisa,Sassuolo,1,3,A,2025-26
Serie A,2026-02-01,Como,Atalanta,0,0,D,2025-26
Serie A,2026-02-01,Cremonese,Internazionale,0,2,A,2025-26
Serie A,2026-02-01,Parma,Juventus,1,4,A,2025-26
Serie A,2026-02-01,Torino,Lecce,1,0,H,2025-26
Serie A,2026-02-02,Udinese,AS Roma,1,0,H,2025-26
Serie A,2026-02-03,Bologna,AC Milan,0,3,A,2025-26
Serie A,2026-02-06,Hellas Verona,Pisa,0,0,D,2025-26
Serie A,2026-02-07,Fiorentina,Torino,2,2,D,2025-26
Serie A,2026-02-07,Genoa,Napoli,2,3,A,2025-26
Serie A,2026-02-08,Bologna,Parma,0,1,A,2025-26
Serie A,2026-02-08,Juventus,Lazio,2,2,D,2025-26
Serie A,2026-02-08,Lecce,Udinese,2,1,H,2025-26
Serie A,2026-02-08,Sassuolo,Internazionale,0,5,A,2025-26
Serie A,2026-02-09,AS Roma,Cagliari,2,0,H,2025-26
Serie A,2026-02-09,Atalanta,Cremonese,2,1,H,2025-26
Serie A,2026-02-13,Pisa,AC Milan,1,2,A,2025-26
Serie A,2026-02-14,Como,Fiorentina,1,2,A,2025-26
Serie A,2026-02-14,Internazionale,Juventus,3,2,H,2025-26
Serie A,2026-02-14,Lazio,Atalanta,0,2,A,2025-26
Serie A,2026-02-15,Cremonese,Genoa,0,0,D,2025-26
Serie A,2026-02-15,Napoli,AS Roma,2,2,D,2025-26
Serie A,2026-02-15,Parma,Hellas Verona,2,1,H,2025-26
Serie A,2026-02-15,Torino,Bologna,1,2,A,2025-26
Serie A,2026-02-15,Udinese,Sassuolo,1,2,A,2025-26
Serie A,2026-02-16,Cagliari,Lecce,0,2,A,2025-26
Serie A,2026-02-18,AC Milan,Como,1,1,D,2025-26
Serie A,2026-02-20,Sassuolo,Hellas Verona,3,0,H,2025-26
Serie A,2026-02-21,Cagliari,Lazio,0,0,D,2025-26
Serie A,2026-02-21,Juventus,Como,0,2,A,2025-26
Serie A,2026-02-21,Lecce,Internazionale,0,2,A,2025-26
Serie A,2026-02-22,AC Milan,Parma,0,1,A,2025-26
Serie A,2026-02-22,AS Roma,Cremonese,3,0,H,2025-26
Serie A,2026-02-22,Atalanta,Napoli,2,1,H,2025-26
Serie A,2026-02-22,Genoa,Torino,3,0,H,2025-26
Serie A,2026-02-23,Bologna,Udinese,1,0,H,2025-26
Serie A,2026-02-23,Fiorentina,Pisa,1,0,H,2025-26
Serie A,2026-02-27,Parma,Cagliari,1,1,D,2025-26
Serie A,2026-02-28,Como,Lecce,3,1,H,2025-26
Serie A,2026-02-28,Hellas Verona,Napoli,1,2,A,2025-26
Serie A,2026-02-28,Internazionale,Genoa,2,0,H,2025-26
Serie A,2026-03-01,AS Roma,Juventus,3,3,D,2025-26
Serie A,2026-03-01,Cremonese,AC Milan,0,2,A,2025-26
Serie A,2026-03-01,Sassuolo,Atalanta,2,1,H,2025-26
Serie A,2026-03-01,Torino,Lazio,2,0,H,2025-26
Serie A,2026-03-02,Pisa,Bologna,0,1,A,2025-26
Serie A,2026-03-02,Udinese,Fiorentina,3,0,H,2025-26
Serie A,2026-03-06,Napoli,Torino,2,1,H,2025-26
Serie A,2026-03-07,Atalanta,Udinese,2,2,D,2025-26
Serie A,2026-03-07,Cagliari,Como,1,2,A,2025-26
Serie A,2026-03-07,Juventus,Pisa,4,0,H,2025-26
Serie A,2026-03-08,AC Milan,Internazionale,1,0,H,2025-26
Serie A,2026-03-08,Bologna,Hellas Verona,1,2,A,2025-26
Serie A,2026-03-08,Fiorentina,Parma,0,0,D,2025-26
Serie A,2026-03-08,Genoa,AS Roma,2,1,H,2025-26
Serie A,2026-03-08,Lecce,Cremonese,2,1,H,2025-26
Serie A,2026-03-09,Lazio,Sassuolo,2,1,H,2025-26
Serie A,2026-03-13,Torino,Parma,4,1,H,2025-26
Serie A,2026-03-14,Internazionale,Atalanta,1,1,D,2025-26
Serie A,2026-03-14,Napoli,Lecce,2,1,H,2025-26
Serie A,2026-03-14,Udinese,Juventus,0,1,A,2025-26
Serie A,2026-03-15,Como,AS Roma,2,1,H,2025-26
Serie A,2026-03-15,Hellas Verona,Genoa,0,2,A,2025-26
Serie A,2026-03-15,Lazio,AC Milan,1,0,H,2025-26
Serie A,2026-03-15,Pisa,Cagliari,3,1,H,2025-26
Serie A,2026-03-15,Sassuolo,Bologna,0,1,A,2025-26
Serie A,2026-03-16,Cremonese,Fiorentina,1,4,A,2025-26
Serie A,2026-03-20,Cagliari,Napoli,0,1,A,2025-26
Serie A,2026-03-20,Genoa,Udinese,0,2,A,2025-26
Serie A,2026-03-21,AC Milan,Torino,3,2,H,2025-26
Serie A,2026-03-21,Juventus,Sassuolo,1,1,D,2025-26
Serie A,2026-03-21,Parma,Cremonese,0,2,A,2025-26
Serie A,2026-03-22,AS Roma,Lecce,1,0,H,2025-26
Serie A,2026-03-22,Atalanta,Hellas Verona,1,0,H,2025-26
Serie A,2026-03-22,Bologna,Lazio,0,2,A,2025-26
Serie A,2026-03-22,Como,Pisa,5,0,H,2025-26
Serie A,2026-03-22,Fiorentina,Internazionale,1,1,D,2025-26
Serie A,2026-04-04,Hellas Verona,Fiorentina,0,1,A,2025-26
Serie A,2026-04-04,Lazio,Parma,1,1,D,2025-26
Serie A,2026-04-04,Sassuolo,Cagliari,2,1,H,2025-26
Serie A,2026-04-05,Cremonese,Bologna,1,2,A,2025-26
Serie A,2026-04-05,Internazionale,AS Roma,5,2,H,2025-26
Serie A,2026-04-05,Pisa,Torino,0,1,A,2025-26
Serie A,2026-04-06,Juventus,Genoa,2,0,H,2025-26
Serie A,2026-04-06,Lecce,Atalanta,0,3,A,2025-26
Serie A,2026-04-06,Napoli,AC Milan,1,0,H,2025-26
Serie A,2026-04-06,Udinese,Como,0,0,D,2025-26
Serie A,2026-04-10,AS Roma,Pisa,3,0,H,2025-26
Serie A,2026-04-11,AC Milan,Udinese,0,3,A,2025-26
Serie A,2026-04-11,Atalanta,Juventus,0,1,A,2025-26
Serie A,2026-04-11,Cagliari,Cremonese,1,0,H,2025-26
Serie A,2026-04-11,Torino,Hellas Verona,2,1,H,2025-26
Serie A,2026-04-12,Bologna,Lecce,2,0,H,2025-26
Serie A,2026-04-12,Como,Internazionale,3,4,A,2025-26
Serie A,2026-04-12,Genoa,Sassuolo,2,1,H,2025-26
Serie A,2026-04-12,Parma,Napoli,1,1,D,2025-26
Serie A,2026-04-13,Fiorentina,Lazio,1,0,H,2025-26
Serie A,2026-04-17,Internazionale,Cagliari,3,0,H,2025-26
Serie A,2026-04-17,Sassuolo,Como,2,1,H,2025-26
Serie A,2026-04-18,AS Roma,Atalanta,1,1,D,2025-26
Serie A,2026-04-18,Napoli,Lazio,0,2,A,2025-26
Serie A,2026-04-18,Udinese,Parma,0,1,A,2025-26
Serie A,2026-04-19,Cremonese,Torino,0,0,D,2025-26
Serie A,2026-04-19,Hellas Verona,AC Milan,0,1,A,2025-26
Serie A,2026-04-19,Juventus,Bologna,2,0,H,2025-26
Serie A,2026-04-19,Pisa,Genoa,1,2,A,2025-26
Serie A,2026-04-20,Lecce,Fiorentina,1,1,D,2025-26
Serie A,2026-04-24,Napoli,Cremonese,4,0,H,2025-26
Serie A,2026-04-25,Bologna,AS Roma,0,2,A,2025-26
Serie A,2026-04-25,Hellas Verona,Lecce,0,0,D,2025-26
Serie A,2026-04-25,Parma,Pisa,1,0,H,2025-26
Serie A,2026-04-26,AC Milan,Juventus,0,0,D,2025-26
Serie A,2026-04-26,Fiorentina,Sassuolo,0,0,D,2025-26
Serie A,2026-04-26,Genoa,Como,0,2,A,2025-26
Serie A,2026-04-26,Torino,Internazionale,2,2,D,2025-26
Serie A,2026-04-27,Cagliari,Atalanta,3,2,H,2025-26
Serie A,2026-04-27,Lazio,Udinese,3,3,D,2025-26
Serie A,2026-05-01,Pisa,Lecce,1,2,A,2025-26
Serie A,2026-05-02,Atalanta,Genoa,0,0,D,2025-26
Serie A,2026-05-02,Como,Napoli,0,0,D,2025-26
Serie A,2026-05-02,Udinese,Torino,2,0,H,2025-26
Serie A,2026-05-03,Bologna,Cagliari,0,0,D,2025-26
Serie A,2026-05-03,Internazionale,Parma,2,0,H,2025-26
Serie A,2026-05-03,Juventus,Hellas Verona,1,1,D,2025-26
Serie A,2026-05-03,Sassuolo,AC Milan,2,0,H,2025-26
Serie A,2026-05-04,AS Roma,Fiorentina,4,0,H,2025-26
Serie A,2026-05-04,Cremonese,Lazio,1,2,A,2025-26
Serie A,2026-05-08,Torino,Sassuolo,2,1,H,2025-26
Serie A,2026-05-09,Cagliari,Udinese,0,2,A,2025-26
Serie A,2026-05-09,Lazio,Internazionale,0,3,A,2025-26
Serie A,2026-05-09,Lecce,Juventus,0,1,A,2025-26
Serie A,2026-05-10,AC Milan,Atalanta,2,3,A,2025-26
Serie A,2026-05-10,Cremonese,Pisa,3,0,H,2025-26
Serie A,2026-05-10,Fiorentina,Genoa,0,0,D,2025-26
Serie A,2026-05-10,Hellas Verona,Como,0,1,A,2025-26
Serie A,2026-05-10,Parma,AS Roma,2,3,A,2025-26
Serie A,2026-05-11,Napoli,Bologna,2,3,A,2025-26
Serie A,2026-05-17,AS Roma,Lazio,2,0,H,2025-26
Serie A,2026-05-17,Atalanta,Bologna,0,1,A,2025-26
Serie A,2026-05-17,Cagliari,Torino,2,1,H,2025-26
Serie A,2026-05-17,Como,Parma,1,0,H,2025-26
Serie A,2026-05-17,Genoa,AC Milan,1,2,A,2025-26
Serie A,2026-05-17,Internazionale,Hellas Verona,1,1,D,2025-26
Serie A,2026-05-17,Juventus,Fiorentina,0,2,A,2025-26
Serie A,2026-05-17,Pisa,Napoli,0,3,A,2025-26
Serie A,2026-05-17,Sassuolo,Lecce,2,3,A,2025-26
Serie A,2026-05-17,Udinese,Cremonese,0,1,A,2025-26
Serie A,2026-05-22,Fiorentina,Atalanta,1,1,D,2025-26
Serie A,2026-05-23,Bologna,Internazionale,3,3,D,2025-26
Serie A,2026-05-23,Lazio,Pisa,2,1,H,2025-26
Serie A,2026-05-24,AC Milan,Cagliari,1,2,A,2025-26
Serie A,2026-05-24,Cremonese,Como,1,4,A,2025-26
Serie A,2026-05-24,Hellas Verona,AS Roma,0,2,A,2025-26
Serie A,2026-05-24,Lecce,Genoa,1,0,H,2025-26
Serie A,2026-05-24,Napoli,Udinese,1,0,H,2025-26
Serie A,2026-05-24,Parma,Sassuolo,1,0,H,2025-26
Serie A,2026-05-24,Torino,Juventus,2,2,D,2025-26
