Div,Date,HomeTeam,AwayTeam,FTHG,FTAG,FTR,Season
La Liga,2016-08-19,Deportivo La Coruña,Eibar,2,1,H,2016-17
La Liga,2016-08-19,Málaga,Osasuna,1,1,D,2016-17
La Liga,2016-08-20,Barcelona,Real Betis,6,2,H,2016-17
La Liga,2016-08-20,Granada,Villarreal,1,1,D,2016-17
La Liga,2016-08-20,Sevilla,Espanyol,6,4,H,2016-17
La Liga,2016-08-21,Atlético Madrid,Alavés,1,1,D,2016-17
La Liga,2016-08-21,Real Sociedad,Real Madrid,0,3,A,2016-17
La Liga,2016-08-21,Sporting Gijón,Athletic Club,2,1,H,2016-17
La Liga,2016-08-22,Celta Vigo,Leganés,0,1,A,2016-17
La Liga,2016-08-22,Valencia,Las Palmas,2,4,A,2016-17
La Liga,2016-08-26,Espanyol,Málaga,2,2,D,2016-17
La Liga,2016-08-26,Real Betis,Deportivo La Coruña,0,0,D,2016-17
La Liga,2016-08-27,Eibar,Valencia,1,0,H,2016-17
La Liga,2016-08-27,Leganés,Atlético Madrid,0,0,D,2016-17
La Liga,2016-08-27,Osasuna,Real Sociedad,0,2,A,2016-17
La Liga,2016-08-27,Real Madrid,Celta Vigo,2,1,H,2016-17
La Liga,2016-08-28,Alavés,Sporting Gijón,0,0,D,2016-17
La Liga,2016-08-28,Athletic Club,Barcelona,0,1,A,2016-17
La Liga,2016-08-28,Las Palmas,Granada,5,1,H,2016-17
La Liga,2016-08-28,Villarreal,Sevilla,0,0,D,2016-17
La Liga,2016-09-09,Real Sociedad,Espanyol,1,1,D,2016-17
La Liga,2016-09-10,Barcelona,Alavés,1,2,A,2016-17
La Liga,2016-09-10,Celta Vigo,Atlético Madrid,0,4,A,2016-17
La Liga,2016-09-10,Málaga,Villarreal,0,2,A,2016-17
La Liga,2016-09-10,Real Madrid,Osasuna,5,2,H,2016-17
La Liga,2016-09-10,Sevilla,Las Palmas,2,1,H,2016-17
La Liga,2016-09-11,Deportivo La Coruña,Athletic Club,0,1,A,2016-17
La Liga,2016-09-11,Granada,Eibar,1,2,A,2016-17
La Liga,2016-09-11,Sporting Gijón,Leganés,2,1,H,2016-17
La Liga,2016-09-11,Valencia,Real Betis,2,3,A,2016-17
La Liga,2016-09-16,Real Betis,Granada,2,2,D,2016-17
La Liga,2016-09-17,Atlético Madrid,Sporting Gijón,5,0,H,2016-17
La Liga,2016-09-17,Eibar,Sevilla,1,1,D,2016-17
La Liga,2016-09-17,Las Palmas,Málaga,1,0,H,2016-17
La Liga,2016-09-17,Leganés,Barcelona,1,5,A,2016-17
La Liga,2016-09-18,Athletic Club,Valencia,2,1,H,2016-17
La Liga,2016-09-18,Espanyol,Real Madrid,0,2,A,2016-17
La Liga,2016-09-18,Osasuna,Celta Vigo,0,0,D,2016-17
La Liga,2016-09-18,Villarreal,Real Sociedad,2,1,H,2016-17
La Liga,2016-09-19,Alavés,Deportivo La Coruña,0,0,D,2016-17
La Liga,2016-09-20,Málaga,Eibar,2,1,H,2016-17
La Liga,2016-09-20,Sevilla,Real Betis,1,0,H,2016-17
La Liga,2016-09-21,Barcelona,Atlético Madrid,1,1,D,2016-17
La Liga,2016-09-21,Celta Vigo,Sporting Gijón,2,1,H,2016-17
La Liga,2016-09-21,Granada,Athletic Club,1,2,A,2016-17
La Liga,2016-09-21,Real Madrid,Villarreal,1,1,D,2016-17
La Liga,2016-09-21,Real Sociedad,Las Palmas,4,1,H,2016-17
La Liga,2016-09-22,Deportivo La Coruña,Leganés,1,2,A,2016-17
La Liga,2016-09-22,Osasuna,Espanyol,1,2,A,2016-17
La Liga,2016-09-22,Valencia,Alavés,2,1,H,2016-17
La Liga,2016-09-23,Real Betis,Málaga,1,0,H,2016-17
La Liga,2016-09-24,Athletic Club,Sevilla,3,1,H,2016-17
La Liga,2016-09-24,Eibar,Real Sociedad,2,0,H,2016-17
La Liga,2016-09-24,Las Palmas,Real Madrid,2,2,D,2016-17
La Liga,2016-09-24,Sporting Gijón,Barcelona,0,5,A,2016-17
La Liga,2016-09-25,Atlético Madrid,Deportivo La Coruña,1,0,H,2016-17
La Liga,2016-09-25,Espanyol,Celta Vigo,0,2,A,2016-17
La Liga,2016-09-25,Leganés,Valencia,1,2,A,2016-17
La Liga,2016-09-25,Villarreal,Osasuna,3,1,H,2016-17
La Liga,2016-09-26,Alavés,Granada,3,1,H,2016-17
La Liga,2016-09-30,Real Sociedad,Real Betis,1,0,H,2016-17
La Liga,2016-10-01,Deportivo La Coruña,Sporting Gijón,2,1,H,2016-17
La Liga,2016-10-01,Granada,Leganés,0,1,A,2016-17
La Liga,2016-10-01,Osasuna,Las Palmas,2,2,D,2016-17
La Liga,2016-10-01,Sevilla,Alavés,2,1,H,2016-17
La Liga,2016-10-02,Celta Vigo,Barcelona,4,3,H,2016-17
La Liga,2016-10-02,Espanyol,Villarreal,0,0,D,2016-17
La Liga,2016-10-02,Málaga,Athletic Club,2,1,H,2016-17
La Liga,2016-10-02,Real Madrid,Eibar,1,1,D,2016-17
La Liga,2016-10-02,Valencia,Atlético Madrid,0,2,A,2016-17
La Liga,2016-10-14,Las Palmas,Espanyol,0,0,D,2016-17
La Liga,2016-10-15,Atlético Madrid,Granada,7,1,H,2016-17
La Liga,2016-10-15,Barcelona,Deportivo La Coruña,4,0,H,2016-17
La Liga,2016-10-15,Leganés,Sevilla,2,3,A,2016-17
La Liga,2016-10-15,Real Betis,Real Madrid,1,6,A,2016-17
La Liga,2016-10-16,Alavés,Málaga,1,1,D,2016-17
La Liga,2016-10-16,Athletic Club,Real Sociedad,3,2,H,2016-17
La Liga,2016-10-16,Sporting Gijón,Valencia,1,2,A,2016-17
La Liga,2016-10-16,Villarreal,Celta Vigo,5,0,H,2016-17
La Liga,2016-10-17,Eibar,Osasuna,2,3,A,2016-17
La Liga,2016-10-21,Osasuna,Real Betis,1,2,A,2016-17
La Liga,2016-10-22,Espanyol,Eibar,3,3,D,2016-17
La Liga,2016-10-22,Granada,Sporting Gijón,0,0,D,2016-17
La Liga,2016-10-22,Real Sociedad,Alavés,3,0,H,2016-17
La Liga,2016-10-22,Valencia,Barcelona,2,3,A,2016-17
La Liga,2016-10-23,Celta Vigo,Deportivo La Coruña,4,1,H,2016-17
La Liga,2016-10-23,Málaga,Leganés,4,0,H,2016-17
La Liga,2016-10-23,Real Madrid,Athletic Club,2,1,H,2016-17
La Liga,2016-10-23,Sevilla,Atlético Madrid,1,0,H,2016-17
La Liga,2016-10-23,Villarreal,Las Palmas,2,1,H,2016-17
La Liga,2016-10-28,Leganés,Real Sociedad,0,2,A,2016-17
La Liga,2016-10-29,Alavés,Real Madrid,1,4,A,2016-17
La Liga,2016-10-29,Atlético Madrid,Málaga,4,2,H,2016-17
La Liga,2016-10-29,Barcelona,Granada,1,0,H,2016-17
La Liga,2016-10-29,Sporting Gijón,Sevilla,1,1,D,2016-17
La Liga,2016-10-30,Athletic Club,Osasuna,1,1,D,2016-17
La Liga,2016-10-30,Eibar,Villarreal,2,1,H,2016-17
La Liga,2016-10-30,Las Palmas,Celta Vigo,3,3,D,2016-17
La Liga,2016-10-30,Real Betis,Espanyol,0,1,A,2016-17
La Liga,2016-10-31,Deportivo La Coruña,Valencia,1,1,D,2016-17
La Liga,2016-11-04,Málaga,Sporting Gijón,3,2,H,2016-17
La Liga,2016-11-05,Granada,Deportivo La Coruña,1,1,D,2016-17
La Liga,2016-11-05,Las Palmas,Eibar,1,0,H,2016-17
La Liga,2016-11-05,Osasuna,Alavés,0,1,A,2016-17
La Liga,2016-11-05,Real Sociedad,Atlético Madrid,2,0,H,2016-17
La Liga,2016-11-06,Celta Vigo,Valencia,2,1,H,2016-17
La Liga,2016-11-06,Espanyol,Athletic Club,0,0,D,2016-17
La Liga,2016-11-06,Real Madrid,Leganés,3,0,H,2016-17
La Liga,2016-11-06,Sevilla,Barcelona,1,2,A,2016-17
La Liga,2016-11-06,Villarreal,Real Betis,2,0,H,2016-17
La Liga,2016-11-18,Real Betis,Las Palmas,2,0,H,2016-17
La Liga,2016-11-19,Atlético Madrid,Real Madrid,0,3,A,2016-17
La Liga,2016-11-19,Barcelona,Málaga,0,0,D,2016-17
La Liga,2016-11-19,Deportivo La Coruña,Sevilla,2,3,A,2016-17
La Liga,2016-11-19,Eibar,Celta Vigo,1,0,H,2016-17
La Liga,2016-11-20,Alavés,Espanyol,0,1,A,2016-17
La Liga,2016-11-20,Athletic Club,Villarreal,1,0,H,2016-17
La Liga,2016-11-20,Sporting Gijón,Real Sociedad,1,3,A,2016-17
La Liga,2016-11-20,Valencia,Granada,1,1,D,2016-17
La Liga,2016-11-21,Leganés,Osasuna,2,0,H,2016-17
La Liga,2016-11-25,Eibar,Real Betis,3,1,H,2016-17
La Liga,2016-11-26,Espanyol,Leganés,3,0,H,2016-17
La Liga,2016-11-26,Málaga,Deportivo La Coruña,4,3,H,2016-17
La Liga,2016-11-26,Real Madrid,Sporting Gijón,2,1,H,2016-17
La Liga,2016-11-26,Sevilla,Valencia,2,1,H,2016-17
La Liga,2016-11-27,Celta Vigo,Granada,3,1,H,2016-17
La Liga,2016-11-27,Osasuna,Atlético Madrid,0,3,A,2016-17
La Liga,2016-11-27,Real Sociedad,Barcelona,1,1,D,2016-17
La Liga,2016-11-27,Villarreal,Alavés,0,2,A,2016-17
La Liga,2016-11-28,Las Palmas,Athletic Club,3,1,H,2016-17
La Liga,2016-12-03,Atlético Madrid,Espanyol,0,0,D,2016-17
La Liga,2016-12-03,Barcelona,Real Madrid,1,1,D,2016-17
La Liga,2016-12-03,Granada,Sevilla,2,1,H,2016-17
La Liga,2016-12-03,Leganés,Villarreal,0,0,D,2016-17
La Liga,2016-12-04,Alavés,Las Palmas,1,1,D,2016-17
La Liga,2016-12-04,Athletic Club,Eibar,3,1,H,2016-17
La Liga,2016-12-04,Real Betis,Celta Vigo,3,3,D,2016-17
La Liga,2016-12-04,Sporting Gijón,Osasuna,3,1,H,2016-17
La Liga,2016-12-04,Valencia,Málaga,2,2,D,2016-17
La Liga,2016-12-05,Deportivo La Coruña,Real Sociedad,5,1,H,2016-17
La Liga,2016-12-09,Málaga,Granada,1,1,D,2016-17
La Liga,2016-12-10,Las Palmas,Leganés,1,1,D,2016-17
La Liga,2016-12-10,Osasuna,Barcelona,0,3,A,2016-17
La Liga,2016-12-10,Real Madrid,Deportivo La Coruña,3,2,H,2016-17
La Liga,2016-12-10,Real Sociedad,Valencia,3,2,H,2016-17
La Liga,2016-12-11,Celta Vigo,Sevilla,0,3,A,2016-17
La Liga,2016-12-11,Eibar,Alavés,0,0,D,2016-17
La Liga,2016-12-11,Espanyol,Sporting Gijón,2,1,H,2016-17
La Liga,2016-12-11,Real Betis,Athletic Club,1,0,H,2016-17
La Liga,2016-12-12,Villarreal,Atlético Madrid,3,0,H,2016-17
La Liga,2016-12-16,Alavés,Real Betis,1,0,H,2016-17
La Liga,2016-12-17,Atlético Madrid,Las Palmas,1,0,H,2016-17
La Liga,2016-12-17,Granada,Real Sociedad,0,2,A,2016-17
La Liga,2016-12-17,Sevilla,Málaga,4,1,H,2016-17
La Liga,2016-12-17,Sporting Gijón,Villarreal,1,3,A,2016-17
La Liga,2016-12-18,Barcelona,Espanyol,4,1,H,2016-17
La Liga,2016-12-18,Deportivo La Coruña,Osasuna,2,0,H,2016-17
La Liga,2016-12-18,Leganés,Eibar,1,1,D,2016-17
La Liga,2016-12-19,Athletic Club,Celta Vigo,2,1,H,2016-17
La Liga,2017-01-06,Espanyol,Deportivo La Coruña,1,1,D,2016-17
La Liga,2017-01-07,Eibar,Atlético Madrid,0,2,A,2016-17
La Liga,2017-01-07,Las Palmas,Sporting Gijón,1,0,H,2016-17
La Liga,2017-01-07,Real Madrid,Granada,5,0,H,2016-17
La Liga,2017-01-07,Real Sociedad,Sevilla,0,4,A,2016-17
La Liga,2017-01-08,Athletic Club,Alavés,0,0,D,2016-17
La Liga,2017-01-08,Celta Vigo,Málaga,3,1,H,2016-17
La Liga,2017-01-08,Real Betis,Leganés,2,0,H,2016-17
La Liga,2017-01-08,Villarreal,Barcelona,1,1,D,2016-17
La Liga,2017-01-09,Osasuna,Valencia,3,3,D,2016-17
La Liga,2017-01-14,Atlético Madrid,Real Betis,1,0,H,2016-17
La Liga,2017-01-14,Barcelona,Las Palmas,5,0,H,2016-17
La Liga,2017-01-14,Deportivo La Coruña,Villarreal,0,0,D,2016-17
La Liga,2017-01-14,Leganés,Athletic Club,0,0,D,2016-17
La Liga,2017-01-15,Celta Vigo,Alavés,1,0,H,2016-17
La Liga,2017-01-15,Granada,Osasuna,1,1,D,2016-17
La Liga,2017-01-15,Sevilla,Real Madrid,2,1,H,2016-17
La Liga,2017-01-15,Sporting Gijón,Eibar,2,3,A,2016-17
La Liga,2017-01-15,Valencia,Espanyol,2,1,H,2016-17
La Liga,2017-01-16,Málaga,Real Sociedad,0,2,A,2016-17
La Liga,2017-01-20,Las Palmas,Deportivo La Coruña,1,1,D,2016-17
La Liga,2017-01-21,Alavés,Leganés,2,2,D,2016-17
La Liga,2017-01-21,Espanyol,Granada,3,1,H,2016-17
La Liga,2017-01-21,Real Madrid,Málaga,2,1,H,2016-17
La Liga,2017-01-21,Villarreal,Valencia,0,2,A,2016-17
La Liga,2017-01-22,Athletic Club,Atlético Madrid,2,2,D,2016-17
La Liga,2017-01-22,Eibar,Barcelona,0,4,A,2016-17
La Liga,2017-01-22,Osasuna,Sevilla,3,4,A,2016-17
La Liga,2017-01-22,Real Betis,Sporting Gijón,0,0,D,2016-17
La Liga,2017-01-22,Real Sociedad,Celta Vigo,1,0,H,2016-17
La Liga,2017-01-27,Osasuna,Málaga,1,1,D,2016-17
La Liga,2017-01-28,Alavés,Atlético Madrid,0,0,D,2016-17
La Liga,2017-01-28,Eibar,Deportivo La Coruña,3,1,H,2016-17
La Liga,2017-01-28,Leganés,Celta Vigo,0,2,A,2016-17
La Liga,2017-01-28,Villarreal,Granada,2,0,H,2016-17
La Liga,2017-01-29,Athletic Club,Sporting Gijón,2,1,H,2016-17
La Liga,2017-01-29,Espanyol,Sevilla,3,1,H,2016-17
La Liga,2017-01-29,Real Betis,Barcelona,1,1,D,2016-17
La Liga,2017-01-29,Real Madrid,Real Sociedad,3,0,H,2016-17
La Liga,2017-01-30,Las Palmas,Valencia,3,1,H,2016-17
La Liga,2017-02-04,Atlético Madrid,Leganés,2,0,H,2016-17
La Liga,2017-02-04,Barcelona,Athletic Club,3,0,H,2016-17
La Liga,2017-02-04,Málaga,Espanyol,0,1,A,2016-17
La Liga,2017-02-04,Valencia,Eibar,0,4,A,2016-17
La Liga,2017-02-05,Real Sociedad,Osasuna,3,2,H,2016-17
La Liga,2017-02-05,Sevilla,Villarreal,0,0,D,2016-17
La Liga,2017-02-05,Sporting Gijón,Alavés,2,4,A,2016-17
La Liga,2017-02-06,Granada,Las Palmas,1,0,H,2016-17
La Liga,2017-02-10,Espanyol,Real Sociedad,1,2,A,2016-17
La Liga,2017-02-11,Alavés,Barcelona,0,6,A,2016-17
La Liga,2017-02-11,Athletic Club,Deportivo La Coruña,2,1,H,2016-17
La Liga,2017-02-11,Osasuna,Real Madrid,1,3,A,2016-17
La Liga,2017-02-11,Real Betis,Valencia,0,0,D,2016-17
La Liga,2017-02-12,Atlético Madrid,Celta Vigo,3,2,H,2016-17
La Liga,2017-02-12,Las Palmas,Sevilla,0,1,A,2016-17
La Liga,2017-02-12,Leganés,Sporting Gijón,0,2,A,2016-17
La Liga,2017-02-12,Villarreal,Málaga,1,1,D,2016-17
La Liga,2017-02-13,Eibar,Granada,4,0,H,2016-17
La Liga,2017-02-17,Granada,Real Betis,4,1,H,2016-17
La Liga,2017-02-18,Deportivo La Coruña,Alavés,0,1,A,2016-17
La Liga,2017-02-18,Real Madrid,Espanyol,2,0,H,2016-17
La Liga,2017-02-18,Sevilla,Eibar,2,0,H,2016-17
La Liga,2017-02-18,Sporting Gijón,Atlético Madrid,1,4,A,2016-17
La Liga,2017-02-19,Barcelona,Leganés,2,1,H,2016-17
La Liga,2017-02-19,Celta Vigo,Osasuna,3,0,H,2016-17
La Liga,2017-02-19,Real Sociedad,Villarreal,0,1,A,2016-17
La Liga,2017-02-19,Valencia,Athletic Club,2,0,H,2016-17
La Liga,2017-02-20,Málaga,Las Palmas,2,1,H,2016-17
La Liga,2017-02-22,Valencia,Real Madrid,2,1,H,2016-17
La Liga,2017-02-24,Las Palmas,Real Sociedad,0,1,A,2016-17
La Liga,2017-02-25,Alavés,Valencia,2,1,H,2016-17
La Liga,2017-02-25,Eibar,Málaga,3,0,H,2016-17
La Liga,2017-02-25,Leganés,Deportivo La Coruña,4,0,H,2016-17
La Liga,2017-02-25,Real Betis,Sevilla,1,2,A,2016-17
La Liga,2017-02-26,Athletic Club,Granada,3,1,H,2016-17
La Liga,2017-02-26,Atlético Madrid,Barcelona,1,2,A,2016-17
La Liga,2017-02-26,Espanyol,Osasuna,3,0,H,2016-17
La Liga,2017-02-26,Sporting Gijón,Celta Vigo,1,1,D,2016-17
La Liga,2017-02-26,Villarreal,Real Madrid,2,3,A,2016-17
La Liga,2017-02-28,Málaga,Real Betis,1,2,A,2016-17
La Liga,2017-02-28,Real Sociedad,Eibar,2,2,D,2016-17
La Liga,2017-02-28,Valencia,Leganés,1,0,H,2016-17
La Liga,2017-03-01,Barcelona,Sporting Gijón,6,1,H,2016-17
La Liga,2017-03-01,Celta Vigo,Espanyol,2,2,D,2016-17
La Liga,2017-03-01,Granada,Alavés,2,1,H,2016-17
La Liga,2017-03-01,Osasuna,Villarreal,1,4,A,2016-17
La Liga,2017-03-01,Real Madrid,Las Palmas,3,3,D,2016-17
La Liga,2017-03-02,Deportivo La Coruña,Atlético Madrid,1,1,D,2016-17
La Liga,2017-03-02,Sevilla,Athletic Club,1,0,H,2016-17
La Liga,2017-03-03,Real Betis,Real Sociedad,2,3,A,2016-17
La Liga,2017-03-04,Barcelona,Celta Vigo,5,0,H,2016-17
La Liga,2017-03-04,Eibar,Real Madrid,1,4,A,2016-17
La Liga,2017-03-04,Leganés,Granada,1,0,H,2016-17
La Liga,2017-03-04,Villarreal,Espanyol,2,0,H,2016-17
La Liga,2017-03-05,Athletic Club,Málaga,1,0,H,2016-17
La Liga,2017-03-05,Atlético Madrid,Valencia,3,0,H,2016-17
La Liga,2017-03-05,Las Palmas,Osasuna,5,2,H,2016-17
La Liga,2017-03-05,Sporting Gijón,Deportivo La Coruña,0,1,A,2016-17
La Liga,2017-03-06,Alavés,Sevilla,1,1,D,2016-17
La Liga,2017-03-08,Deportivo La Coruña,Real Betis,1,1,D,2016-17
La Liga,2017-03-10,Espanyol,Las Palmas,4,3,H,2016-17
La Liga,2017-03-11,Granada,Atlético Madrid,0,1,A,2016-17
La Liga,2017-03-11,Málaga,Alavés,1,2,A,2016-17
La Liga,2017-03-11,Sevilla,Leganés,1,1,D,2016-17
La Liga,2017-03-11,Valencia,Sporting Gijón,1,1,D,2016-17
La Liga,2017-03-12,Celta Vigo,Villarreal,0,1,A,2016-17
La Liga,2017-03-12,Deportivo La Coruña,Barcelona,2,1,H,2016-17
La Liga,2017-03-12,Real Madrid,Real Betis,2,1,H,2016-17
La Liga,2017-03-12,Real Sociedad,Athletic Club,0,2,A,2016-17
La Liga,2017-03-13,Osasuna,Eibar,1,1,D,2016-17
La Liga,2017-03-17,Las Palmas,Villarreal,1,0,H,2016-17
La Liga,2017-03-18,Alavés,Real Sociedad,1,0,H,2016-17
La Liga,2017-03-18,Athletic Club,Real Madrid,1,2,A,2016-17
La Liga,2017-03-18,Eibar,Espanyol,1,1,D,2016-17
La Liga,2017-03-18,Real Betis,Osasuna,2,0,H,2016-17
La Liga,2017-03-19,Atlético Madrid,Sevilla,3,1,H,2016-17
La Liga,2017-03-19,Barcelona,Valencia,4,2,H,2016-17
La Liga,2017-03-19,Deportivo La Coruña,Celta Vigo,0,1,A,2016-17
La Liga,2017-03-19,Leganés,Málaga,0,0,D,2016-17
La Liga,2017-03-19,Sporting Gijón,Granada,3,1,H,2016-17
La Liga,2017-03-31,Espanyol,Real Betis,2,1,H,2016-17
La Liga,2017-04-01,Málaga,Atlético Madrid,0,2,A,2016-17
La Liga,2017-04-01,Osasuna,Athletic Club,1,2,A,2016-17
La Liga,2017-04-01,Real Sociedad,Leganés,1,1,D,2016-17
La Liga,2017-04-01,Villarreal,Eibar,2,3,A,2016-17
La Liga,2017-04-02,Granada,Barcelona,1,4,A,2016-17
La Liga,2017-04-02,Real Madrid,Alavés,3,0,H,2016-17
La Liga,2017-04-02,Sevilla,Sporting Gijón,0,0,D,2016-17
La Liga,2017-04-02,Valencia,Deportivo La Coruña,3,0,H,2016-17
La Liga,2017-04-03,Celta Vigo,Las Palmas,3,1,H,2016-17
La Liga,2017-04-04,Athletic Club,Espanyol,2,0,H,2016-17
La Liga,2017-04-04,Atlético Madrid,Real Sociedad,1,0,H,2016-17
La Liga,2017-04-04,Real Betis,Villarreal,0,1,A,2016-17
La Liga,2017-04-05,Alavés,Osasuna,0,1,A,2016-17
La Liga,2017-04-05,Barcelona,Sevilla,3,0,H,2016-17
La Liga,2017-04-05,Deportivo La Coruña,Granada,0,0,D,2016-17
La Liga,2017-04-05,Leganés,Real Madrid,2,4,A,2016-17
La Liga,2017-04-05,Sporting Gijón,Málaga,0,1,A,2016-17
La Liga,2017-04-06,Eibar,Las Palmas,3,1,H,2016-17
La Liga,2017-04-06,Valencia,Celta Vigo,3,2,H,2016-17
La Liga,2017-04-07,Villarreal,Athletic Club,3,1,H,2016-17
La Liga,2017-04-08,Espanyol,Alavés,1,0,H,2016-17
La Liga,2017-04-08,Málaga,Barcelona,2,0,H,2016-17
La Liga,2017-04-08,Real Madrid,Atlético Madrid,1,1,D,2016-17
La Liga,2017-04-08,Sevilla,Deportivo La Coruña,4,2,H,2016-17
La Liga,2017-04-09,Celta Vigo,Eibar,0,2,A,2016-17
La Liga,2017-04-09,Granada,Valencia,1,3,A,2016-17
La Liga,2017-04-09,Las Palmas,Real Betis,4,1,H,2016-17
La Liga,2017-04-09,Osasuna,Leganés,2,1,H,2016-17
La Liga,2017-04-10,Real Sociedad,Sporting Gijón,3,1,H,2016-17
La Liga,2017-04-14,Athletic Club,Las Palmas,5,1,H,2016-17
La Liga,2017-04-15,Atlético Madrid,Osasuna,3,0,H,2016-17
La Liga,2017-04-15,Barcelona,Real Sociedad,3,2,H,2016-17
La Liga,2017-04-15,Deportivo La Coruña,Málaga,2,0,H,2016-17
La Liga,2017-04-15,Sporting Gijón,Real Madrid,2,3,A,2016-17
La Liga,2017-04-16,Granada,Celta Vigo,0,3,A,2016-17
La Liga,2017-04-16,Leganés,Espanyol,0,1,A,2016-17
La Liga,2017-04-16,Real Betis,Eibar,2,0,H,2016-17
La Liga,2017-04-16,Valencia,Sevilla,0,0,D,2016-17
La Liga,2017-04-17,Alavés,Villarreal,2,1,H,2016-17
La Liga,2017-04-21,Sevilla,Granada,2,0,H,2016-17
La Liga,2017-04-22,Espanyol,Atlético Madrid,0,1,A,2016-17
La Liga,2017-04-22,Málaga,Valencia,2,0,H,2016-17
La Liga,2017-04-22,Osasuna,Sporting Gijón,2,2,D,2016-17
La Liga,2017-04-22,Villarreal,Leganés,2,1,H,2016-17
La Liga,2017-04-23,Celta Vigo,Real Betis,0,1,A,2016-17
La Liga,2017-04-23,Las Palmas,Alavés,1,1,D,2016-17
La Liga,2017-04-23,Real Madrid,Barcelona,2,3,A,2016-17
La Liga,2017-04-23,Real Sociedad,Deportivo La Coruña,1,0,H,2016-17
La Liga,2017-04-24,Eibar,Athletic Club,0,1,A,2016-17
La Liga,2017-04-25,Atlético Madrid,Villarreal,0,1,A,2016-17
La Liga,2017-04-25,Granada,Málaga,0,2,A,2016-17
La Liga,2017-04-25,Sporting Gijón,Espanyol,1,1,D,2016-17
La Liga,2017-04-26,Barcelona,Osasuna,7,1,H,2016-17
La Liga,2017-04-26,Deportivo La Coruña,Real Madrid,2,6,A,2016-17
La Liga,2017-04-26,Leganés,Las Palmas,3,0,H,2016-17
La Liga,2017-04-26,Valencia,Real Sociedad,2,3,A,2016-17
La Liga,2017-04-27,Alavés,Eibar,0,0,D,2016-17
La Liga,2017-04-27,Athletic Club,Real Betis,2,1,H,2016-17
La Liga,2017-04-27,Sevilla,Celta Vigo,2,1,H,2016-17
La Liga,2017-04-28,Villarreal,Sporting Gijón,3,1,H,2016-17
La Liga,2017-04-29,Espanyol,Barcelona,0,3,A,2016-17
La Liga,2017-04-29,Las Palmas,Atlético Madrid,0,5,A,2016-17
La Liga,2017-04-29,Real Madrid,Valencia,2,1,H,2016-17
La Liga,2017-04-29,Real Sociedad,Granada,2,1,H,2016-17
La Liga,2017-04-30,Celta Vigo,Athletic Club,0,3,A,2016-17
La Liga,2017-04-30,Eibar,Leganés,2,0,H,2016-17
La Liga,2017-04-30,Osasuna,Deportivo La Coruña,2,2,D,2016-17
La Liga,2017-04-30,Real Betis,Alavés,1,4,A,2016-17
La Liga,2017-05-01,Málaga,Sevilla,4,2,H,2016-17
La Liga,2017-05-05,Sevilla,Real Sociedad,1,1,D,2016-17
La Liga,2017-05-06,Atlético Madrid,Eibar,1,0,H,2016-17
La Liga,2017-05-06,Barcelona,Villarreal,4,1,H,2016-17
La Liga,2017-05-06,Granada,Real Madrid,0,4,A,2016-17
La Liga,2017-05-06,Sporting Gijón,Las Palmas,1,0,H,2016-17
La Liga,2017-05-07,Alavés,Athletic Club,1,0,H,2016-17
La Liga,2017-05-07,Deportivo La Coruña,Espanyol,1,2,A,2016-17
La Liga,2017-05-07,Málaga,Celta Vigo,3,0,H,2016-17
La Liga,2017-05-07,Valencia,Osasuna,4,1,H,2016-17
La Liga,2017-05-08,Leganés,Real Betis,4,0,H,2016-17
La Liga,2017-05-13,Espanyol,Valencia,0,1,A,2016-17
La Liga,2017-05-13,Osasuna,Granada,2,1,H,2016-17
La Liga,2017-05-14,Alavés,Celta Vigo,3,1,H,2016-17
La Liga,2017-05-14,Athletic Club,Leganés,1,1,D,2016-17
La Liga,2017-05-14,Eibar,Sporting Gijón,0,1,A,2016-17
La Liga,2017-05-14,Las Palmas,Barcelona,1,4,A,2016-17
La Liga,2017-05-14,Real Betis,Atlético Madrid,1,1,D,2016-17
La Liga,2017-05-14,Real Madrid,Sevilla,4,1,H,2016-17
La Liga,2017-05-14,Real Sociedad,Málaga,2,2,D,2016-17
La Liga,2017-05-14,Villarreal,Deportivo La Coruña,0,0,D,2016-17
La Liga,2017-05-17,Celta Vigo,Real Madrid,1,4,A,2016-17
La Liga,2017-05-19,Granada,Espanyol,1,2,A,2016-17
La Liga,2017-05-20,Deportivo La Coruña,Las Palmas,3,0,H,2016-17
La Liga,2017-05-20,Leganés,Alavés,1,1,D,2016-17
La Liga,2017-05-20,Sevilla,Osasuna,5,0,H,2016-17
La Liga,2017-05-20,Sporting Gijón,Real Betis,2,2,D,2016-17
La Liga,2017-05-21,Atlético Madrid,Athletic Club,3,1,H,2016-17
La Liga,2017-05-21,Barcelona,Eibar,4,2,H,2016-17
La Liga,2017-05-21,Celta Vigo,Real Sociedad,2,2,D,2016-17
La Liga,2017-05-21,Málaga,Real Madrid,0,2,A,2016-17
La Liga,2017-05-21,Valencia,Villarreal,1,3,A,2016-17
La Liga,2017-08-18,Leganés,Alavés,1,0,H,2017-18
La Liga,2017-08-18,Valencia,Las Palmas,1,0,H,2017-18
La Liga,2017-08-19,Celta Vigo,Real Sociedad,2,3,A,2017-18
La Liga,2017-08-19,Girona,Atlético Madrid,2,2,D,2017-18
La Liga,2017-08-19,Sevilla,Espanyol,1,1,D,2017-18
La Liga,2017-08-20,Athletic Club,Getafe,0,0,D,2017-18
La Liga,2017-08-20,Barcelona,Real Betis,2,0,H,2017-18
La Liga,2017-08-20,Deportivo La Coruña,Real Madrid,0,3,A,2017-18
La Liga,2017-08-21,Levante,Villarreal,1,0,H,2017-18
La Liga,2017-08-21,Málaga,Eibar,0,1,A,2017-18
La Liga,2017-08-25,Real Betis,Celta Vigo,2,1,H,2017-18
La Liga,2017-08-25,Real Sociedad,Villarreal,3,0,H,2017-18
La Liga,2017-08-26,Alavés,Barcelona,0,2,A,2017-18
La Liga,2017-08-26,Girona,Málaga,1,0,H,2017-18
La Liga,2017-08-26,Las Palmas,Atlético Madrid,1,5,A,2017-18
La Liga,2017-08-26,Levante,Deportivo La Coruña,2,2,D,2017-18
La Liga,2017-08-27,Eibar,Athletic Club,0,1,A,2017-18
La Liga,2017-08-27,Espanyol,Leganés,0,1,A,2017-18
La Liga,2017-08-27,Getafe,Sevilla,0,1,A,2017-18
La Liga,2017-08-27,Real Madrid,Valencia,2,2,D,2017-18
La Liga,2017-09-08,Leganés,Getafe,1,2,A,2017-18
La Liga,2017-09-09,Barcelona,Espanyol,5,0,H,2017-18
La Liga,2017-09-09,Real Madrid,Levante,1,1,D,2017-18
La Liga,2017-09-09,Sevilla,Eibar,3,0,H,2017-18
La Liga,2017-09-09,Valencia,Atlético Madrid,0,0,D,2017-18
La Liga,2017-09-10,Athletic Club,Girona,2,0,H,2017-18
La Liga,2017-09-10,Celta Vigo,Alavés,1,0,H,2017-18
La Liga,2017-09-10,Deportivo La Coruña,Real Sociedad,2,4,A,2017-18
La Liga,2017-09-10,Villarreal,Real Betis,3,1,H,2017-18
La Liga,2017-09-11,Málaga,Las Palmas,1,3,A,2017-18
La Liga,2017-09-15,Eibar,Leganés,1,0,H,2017-18
La Liga,2017-09-16,Atlético Madrid,Málaga,1,0,H,2017-18
La Liga,2017-09-16,Getafe,Barcelona,1,2,A,2017-18
La Liga,2017-09-16,Levante,Valencia,1,1,D,2017-18
La Liga,2017-09-16,Real Betis,Deportivo La Coruña,2,1,H,2017-18
La Liga,2017-09-17,Alavés,Villarreal,0,3,A,2017-18
La Liga,2017-09-17,Girona,Sevilla,0,1,A,2017-18
La Liga,2017-09-17,Las Palmas,Athletic Club,1,0,H,2017-18
La Liga,2017-09-17,Real Sociedad,Real Madrid,1,3,A,2017-18
La Liga,2017-09-18,Espanyol,Celta Vigo,2,1,H,2017-18
La Liga,2017-09-19,Barcelona,Eibar,6,1,H,2017-18
La Liga,2017-09-19,Valencia,Málaga,5,0,H,2017-18
La Liga,2017-09-20,Athletic Club,Atlético Madrid,1,2,A,2017-18
La Liga,2017-09-20,Deportivo La Coruña,Alavés,1,0,H,2017-18
La Liga,2017-09-20,Leganés,Girona,0,0,D,2017-18
La Liga,2017-09-20,Real Madrid,Real Betis,0,1,A,2017-18
La Liga,2017-09-20,Sevilla,Las Palmas,1,0,H,2017-18
La Liga,2017-09-21,Celta Vigo,Getafe,1,1,D,2017-18
La Liga,2017-09-21,Levante,Real Sociedad,3,0,H,2017-18
La Liga,2017-09-21,Villarreal,Espanyol,0,0,D,2017-18
La Liga,2017-09-23,Alavés,Real Madrid,1,2,A,2017-18
La Liga,2017-09-23,Atlético Madrid,Sevilla,2,0,H,2017-18
La Liga,2017-09-23,Girona,Barcelona,0,3,A,2017-18
La Liga,2017-09-23,Málaga,Athletic Club,3,3,D,2017-18
La Liga,2017-09-24,Eibar,Celta Vigo,0,4,A,2017-18
La Liga,2017-09-24,Espanyol,Deportivo La Coruña,4,1,H,2017-18
La Liga,2017-09-24,Getafe,Villarreal,4,0,H,2017-18
La Liga,2017-09-24,Las Palmas,Leganés,0,2,A,2017-18
La Liga,2017-09-24,Real Sociedad,Valencia,2,3,A,2017-18
La Liga,2017-09-25,Real Betis,Levante,4,0,H,2017-18
La Liga,2017-09-29,Celta Vigo,Girona,3,3,D,2017-18
La Liga,2017-09-30,Deportivo La Coruña,Getafe,2,1,H,2017-18
La Liga,2017-09-30,Leganés,Atlético Madrid,0,0,D,2017-18
La Liga,2017-09-30,Levante,Alavés,0,2,A,2017-18
La Liga,2017-09-30,Sevilla,Málaga,2,0,H,2017-18
La Liga,2017-10-01,Barcelona,Las Palmas,3,0,H,2017-18
La Liga,2017-10-01,Real Madrid,Espanyol,2,0,H,2017-18
La Liga,2017-10-01,Real Sociedad,Real Betis,4,4,D,2017-18
La Liga,2017-10-01,Valencia,Athletic Club,3,2,H,2017-18
La Liga,2017-10-01,Villarreal,Eibar,3,0,H,2017-18
La Liga,2017-10-13,Espanyol,Levante,0,0,D,2017-18
La Liga,2017-10-14,Alavés,Real Sociedad,0,2,A,2017-18
La Liga,2017-10-14,Athletic Club,Sevilla,1,0,H,2017-18
La Liga,2017-10-14,Atlético Madrid,Barcelona,1,1,D,2017-18
La Liga,2017-10-14,Getafe,Real Madrid,1,2,A,2017-18
La Liga,2017-10-15,Eibar,Deportivo La Coruña,0,0,D,2017-18
La Liga,2017-10-15,Girona,Villarreal,1,2,A,2017-18
La Liga,2017-10-15,Málaga,Leganés,0,2,A,2017-18
La Liga,2017-10-15,Real Betis,Valencia,3,6,A,2017-18
La Liga,2017-10-16,Las Palmas,Celta Vigo,2,5,A,2017-18
La Liga,2017-10-21,Barcelona,Málaga,2,0,H,2017-18
La Liga,2017-10-21,Levante,Getafe,1,1,D,2017-18
La Liga,2017-10-21,Real Betis,Alavés,2,0,H,2017-18
La Liga,2017-10-21,Valencia,Sevilla,4,0,H,2017-18
La Liga,2017-10-22,Celta Vigo,Atlético Madrid,0,1,A,2017-18
La Liga,2017-10-22,Leganés,Athletic Club,1,0,H,2017-18
La Liga,2017-10-22,Real Madrid,Eibar,3,0,H,2017-18
La Liga,2017-10-22,Villarreal,Las Palmas,4,0,H,2017-18
La Liga,2017-10-23,Deportivo La Coruña,Girona,1,2,A,2017-18
La Liga,2017-10-23,Real Sociedad,Espanyol,1,1,D,2017-18
La Liga,2017-10-28,Alavés,Valencia,1,2,A,2017-18
La Liga,2017-10-28,Athletic Club,Barcelona,0,2,A,2017-18
La Liga,2017-10-28,Atlético Madrid,Villarreal,1,1,D,2017-18
La Liga,2017-10-28,Sevilla,Leganés,2,1,H,2017-18
La Liga,2017-10-29,Eibar,Levante,2,2,D,2017-18
La Liga,2017-10-29,Getafe,Real Sociedad,2,1,H,2017-18
La Liga,2017-10-29,Girona,Real Madrid,2,1,H,2017-18
La Liga,2017-10-29,Málaga,Celta Vigo,2,1,H,2017-18
La Liga,2017-10-30,Espanyol,Real Betis,1,0,H,2017-18
La Liga,2017-10-30,Las Palmas,Deportivo La Coruña,1,3,A,2017-18
La Liga,2017-11-03,Real Betis,Getafe,2,2,D,2017-18
La Liga,2017-11-04,Alavés,Espanyol,1,0,H,2017-18
La Liga,2017-11-04,Barcelona,Sevilla,2,1,H,2017-18
La Liga,2017-11-04,Deportivo La Coruña,Atlético Madrid,0,1,A,2017-18
La Liga,2017-11-04,Valencia,Leganés,3,0,H,2017-18
La Liga,2017-11-05,Celta Vigo,Athletic Club,3,1,H,2017-18
La Liga,2017-11-05,Levante,Girona,1,2,A,2017-18
La Liga,2017-11-05,Real Madrid,Las Palmas,3,0,H,2017-18
La Liga,2017-11-05,Real Sociedad,Eibar,3,1,H,2017-18
La Liga,2017-11-05,Villarreal,Málaga,2,0,H,2017-18
La Liga,2017-11-17,Girona,Real Sociedad,1,1,D,2017-18
La Liga,2017-11-18,Atlético Madrid,Real Madrid,0,0,D,2017-18
La Liga,2017-11-18,Getafe,Alavés,4,1,H,2017-18
La Liga,2017-11-18,Leganés,Barcelona,0,3,A,2017-18
La Liga,2017-11-18,Sevilla,Celta Vigo,2,1,H,2017-18
La Liga,2017-11-19,Athletic Club,Villarreal,1,1,D,2017-18
La Liga,2017-11-19,Espanyol,Valencia,0,2,A,2017-18
La Liga,2017-11-19,Las Palmas,Levante,0,2,A,2017-18
La Liga,2017-11-19,Málaga,Deportivo La Coruña,3,2,H,2017-18
La Liga,2017-11-20,Eibar,Real Betis,5,0,H,2017-18
La Liga,2017-11-24,Celta Vigo,Leganés,1,0,H,2017-18
La Liga,2017-11-25,Alavés,Eibar,1,2,A,2017-18
La Liga,2017-11-25,Levante,Atlético Madrid,0,5,A,2017-18
La Liga,2017-11-25,Real Betis,Girona,2,2,D,2017-18
La Liga,2017-11-25,Real Madrid,Málaga,3,2,H,2017-18
La Liga,2017-11-26,Deportivo La Coruña,Athletic Club,2,2,D,2017-18
La Liga,2017-11-26,Real Sociedad,Las Palmas,2,2,D,2017-18
La Liga,2017-11-26,Valencia,Barcelona,1,1,D,2017-18
La Liga,2017-11-26,Villarreal,Sevilla,2,3,A,2017-18
La Liga,2017-11-27,Espanyol,Getafe,1,0,H,2017-18
La Liga,2017-12-01,Málaga,Levante,0,0,D,2017-18
La Liga,2017-12-02,Athletic Club,Real Madrid,0,0,D,2017-18
La Liga,2017-12-02,Atlético Madrid,Real Sociedad,2,1,H,2017-18
La Liga,2017-12-02,Barcelona,Celta Vigo,2,2,D,2017-18
La Liga,2017-12-02,Sevilla,Deportivo La Coruña,2,0,H,2017-18
La Liga,2017-12-03,Eibar,Espanyol,3,1,H,2017-18
La Liga,2017-12-03,Getafe,Valencia,1,0,H,2017-18
La Liga,2017-12-03,Las Palmas,Real Betis,1,0,H,2017-18
La Liga,2017-12-03,Leganés,Villarreal,3,1,H,2017-18
La Liga,2017-12-04,Girona,Alavés,2,3,A,2017-18
La Liga,2017-12-08,Alavés,Las Palmas,2,0,H,2017-18
La Liga,2017-12-09,Deportivo La Coruña,Leganés,1,0,H,2017-18
La Liga,2017-12-09,Getafe,Eibar,0,0,D,2017-18
La Liga,2017-12-09,Real Madrid,Sevilla,5,0,H,2017-18
La Liga,2017-12-09,Valencia,Celta Vigo,2,1,H,2017-18
La Liga,2017-12-10,Levante,Athletic Club,1,2,A,2017-18
La Liga,2017-12-10,Real Betis,Atlético Madrid,0,1,A,2017-18
La Liga,2017-12-10,Real Sociedad,Málaga,0,2,A,2017-18
La Liga,2017-12-10,Villarreal,Barcelona,0,2,A,2017-18
La Liga,2017-12-11,Espanyol,Girona,0,1,A,2017-18
La Liga,2017-12-15,Sevilla,Levante,0,0,D,2017-18
La Liga,2017-12-16,Athletic Club,Real Sociedad,0,0,D,2017-18
La Liga,2017-12-16,Atlético Madrid,Alavés,1,0,H,2017-18
La Liga,2017-12-16,Eibar,Valencia,2,1,H,2017-18
La Liga,2017-12-17,Barcelona,Deportivo La Coruña,4,0,H,2017-18
La Liga,2017-12-17,Celta Vigo,Villarreal,0,1,A,2017-18
La Liga,2017-12-17,Girona,Getafe,1,0,H,2017-18
La Liga,2017-12-17,Las Palmas,Espanyol,2,2,D,2017-18
La Liga,2017-12-18,Málaga,Real Betis,0,2,A,2017-18
La Liga,2017-12-19,Levante,Leganés,0,0,D,2017-18
La Liga,2017-12-20,Getafe,Las Palmas,2,0,H,2017-18
La Liga,2017-12-20,Real Sociedad,Sevilla,3,1,H,2017-18
La Liga,2017-12-21,Alavés,Málaga,1,0,H,2017-18
La Liga,2017-12-21,Eibar,Girona,4,1,H,2017-18
La Liga,2017-12-22,Espanyol,Atlético Madrid,1,0,H,2017-18
La Liga,2017-12-22,Real Betis,Athletic Club,0,2,A,2017-18
La Liga,2017-12-23,Deportivo La Coruña,Celta Vigo,1,3,A,2017-18
La Liga,2017-12-23,Real Madrid,Barcelona,0,3,A,2017-18
La Liga,2017-12-23,Valencia,Villarreal,0,1,A,2017-18
La Liga,2018-01-06,Atlético Madrid,Getafe,2,0,H,2017-18
La Liga,2018-01-06,Las Palmas,Eibar,1,2,A,2017-18
La Liga,2018-01-06,Sevilla,Real Betis,3,5,A,2017-18
La Liga,2018-01-06,Valencia,Girona,2,1,H,2017-18
La Liga,2018-01-07,Athletic Club,Alavés,2,0,H,2017-18
La Liga,2018-01-07,Barcelona,Levante,3,0,H,2017-18
La Liga,2018-01-07,Celta Vigo,Real Madrid,2,2,D,2017-18
La Liga,2018-01-07,Leganés,Real Sociedad,1,0,H,2017-18
La Liga,2018-01-07,Villarreal,Deportivo La Coruña,1,1,D,2017-18
La Liga,2018-01-08,Málaga,Espanyol,0,1,A,2017-18
La Liga,2018-01-12,Getafe,Málaga,1,0,H,2017-18
La Liga,2018-01-13,Deportivo La Coruña,Valencia,1,2,A,2017-18
La Liga,2018-01-13,Eibar,Atlético Madrid,0,1,A,2017-18
La Liga,2018-01-13,Girona,Las Palmas,6,0,H,2017-18
La Liga,2018-01-13,Real Madrid,Villarreal,0,1,A,2017-18
La Liga,2018-01-14,Alavés,Sevilla,1,0,H,2017-18
La Liga,2018-01-14,Espanyol,Athletic Club,1,1,D,2017-18
La Liga,2018-01-14,Levante,Celta Vigo,0,1,A,2017-18
La Liga,2018-01-14,Real Sociedad,Barcelona,2,4,A,2017-18
La Liga,2018-01-15,Real Betis,Leganés,3,2,H,2017-18
La Liga,2018-01-19,Getafe,Athletic Club,2,2,D,2017-18
La Liga,2018-01-20,Atlético Madrid,Girona,1,1,D,2017-18
La Liga,2018-01-20,Espanyol,Sevilla,0,3,A,2017-18
La Liga,2018-01-20,Las Palmas,Valencia,2,1,H,2017-18
La Liga,2018-01-20,Villarreal,Levante,2,1,H,2017-18
La Liga,2018-01-21,Alavés,Leganés,2,2,D,2017-18
La Liga,2018-01-21,Real Betis,Barcelona,0,5,A,2017-18
La Liga,2018-01-21,Real Madrid,Deportivo La Coruña,7,1,H,2017-18
La Liga,2018-01-21,Real Sociedad,Celta Vigo,1,2,A,2017-18
La Liga,2018-01-22,Eibar,Málaga,1,1,D,2017-18
La Liga,2018-01-26,Athletic Club,Eibar,1,1,D,2017-18
La Liga,2018-01-27,Deportivo La Coruña,Levante,2,2,D,2017-18
La Liga,2018-01-27,Málaga,Girona,0,0,D,2017-18
La Liga,2018-01-27,Valencia,Real Madrid,1,4,A,2017-18
La Liga,2018-01-27,Villarreal,Real Sociedad,4,2,H,2017-18
La Liga,2018-01-28,Atlético Madrid,Las Palmas,3,0,H,2017-18
La Liga,2018-01-28,Barcelona,Alavés,2,1,H,2017-18
La Liga,2018-01-28,Leganés,Espanyol,3,2,H,2017-18
La Liga,2018-01-28,Sevilla,Getafe,1,1,D,2017-18
La Liga,2018-01-29,Celta Vigo,Real Betis,3,2,H,2017-18
La Liga,2018-02-02,Real Sociedad,Deportivo La Coruña,5,0,H,2017-18
La Liga,2018-02-03,Alavés,Celta Vigo,2,1,H,2017-18
La Liga,2018-02-03,Eibar,Sevilla,5,1,H,2017-18
La Liga,2018-02-03,Levante,Real Madrid,2,2,D,2017-18
La Liga,2018-02-03,Real Betis,Villarreal,2,1,H,2017-18
La Liga,2018-02-04,Atlético Madrid,Valencia,1,0,H,2017-18
La Liga,2018-02-04,Espanyol,Barcelona,1,1,D,2017-18
La Liga,2018-02-04,Getafe,Leganés,0,0,D,2017-18
La Liga,2018-02-04,Girona,Athletic Club,2,0,H,2017-18
La Liga,2018-02-05,Las Palmas,Málaga,1,0,H,2017-18
La Liga,2018-02-09,Athletic Club,Las Palmas,0,0,D,2017-18
La Liga,2018-02-10,Leganés,Eibar,0,1,A,2017-18
La Liga,2018-02-10,Málaga,Atlético Madrid,0,1,A,2017-18
La Liga,2018-02-10,Real Madrid,Real Sociedad,5,2,H,2017-18
La Liga,2018-02-10,Villarreal,Alavés,1,2,A,2017-18
La Liga,2018-02-11,Barcelona,Getafe,0,0,D,2017-18
La Liga,2018-02-11,Celta Vigo,Espanyol,2,2,D,2017-18
La Liga,2018-02-11,Sevilla,Girona,1,0,H,2017-18
La Liga,2018-02-11,Valencia,Levante,3,1,H,2017-18
La Liga,2018-02-12,Deportivo La Coruña,Real Betis,0,1,A,2017-18
La Liga,2018-02-16,Girona,Leganés,3,0,H,2017-18
La Liga,2018-02-17,Alavés,Deportivo La Coruña,1,0,H,2017-18
La Liga,2018-02-17,Eibar,Barcelona,0,2,A,2017-18
La Liga,2018-02-17,Las Palmas,Sevilla,1,2,A,2017-18
La Liga,2018-02-17,Málaga,Valencia,1,2,A,2017-18
La Liga,2018-02-18,Atlético Madrid,Athletic Club,2,0,H,2017-18
La Liga,2018-02-18,Espanyol,Villarreal,1,1,D,2017-18
La Liga,2018-02-18,Real Betis,Real Madrid,3,5,A,2017-18
La Liga,2018-02-18,Real Sociedad,Levante,3,0,H,2017-18
La Liga,2018-02-19,Getafe,Celta Vigo,3,0,H,2017-18
La Liga,2018-02-21,Leganés,Real Madrid,1,3,A,2017-18
La Liga,2018-02-23,Deportivo La Coruña,Espanyol,0,0,D,2017-18
La Liga,2018-02-24,Barcelona,Girona,6,1,H,2017-18
La Liga,2018-02-24,Celta Vigo,Eibar,2,0,H,2017-18
La Liga,2018-02-24,Leganés,Las Palmas,0,0,D,2017-18
La Liga,2018-02-24,Real Madrid,Alavés,4,0,H,2017-18
La Liga,2018-02-25,Athletic Club,Málaga,2,1,H,2017-18
La Liga,2018-02-25,Sevilla,Atlético Madrid,2,5,A,2017-18
La Liga,2018-02-25,Valencia,Real Sociedad,2,1,H,2017-18
La Liga,2018-02-25,Villarreal,Getafe,1,0,H,2017-18
La Liga,2018-02-26,Levante,Real Betis,0,2,A,2017-18
La Liga,2018-02-27,Espanyol,Real Madrid,1,0,H,2017-18
La Liga,2018-02-27,Girona,Celta Vigo,1,0,H,2017-18
La Liga,2018-02-28,Athletic Club,Valencia,1,1,D,2017-18
La Liga,2018-02-28,Atlético Madrid,Leganés,4,0,H,2017-18
La Liga,2018-02-28,Eibar,Villarreal,1,0,H,2017-18
La Liga,2018-02-28,Getafe,Deportivo La Coruña,3,0,H,2017-18
La Liga,2018-02-28,Málaga,Sevilla,0,1,A,2017-18
La Liga,2018-03-01,Alavés,Levante,1,0,H,2017-18
La Liga,2018-03-01,Las Palmas,Barcelona,1,1,D,2017-18
La Liga,2018-03-01,Real Betis,Real Sociedad,0,0,D,2017-18
La Liga,2018-03-03,Deportivo La Coruña,Eibar,1,1,D,2017-18
La Liga,2018-03-03,Leganés,Málaga,2,0,H,2017-18
La Liga,2018-03-03,Real Madrid,Getafe,3,1,H,2017-18
La Liga,2018-03-03,Sevilla,Athletic Club,2,0,H,2017-18
La Liga,2018-03-03,Villarreal,Girona,0,2,A,2017-18
La Liga,2018-03-04,Barcelona,Atlético Madrid,1,0,H,2017-18
La Liga,2018-03-04,Levante,Espanyol,1,1,D,2017-18
La Liga,2018-03-04,Real Sociedad,Alavés,2,1,H,2017-18
La Liga,2018-03-04,Valencia,Real Betis,2,0,H,2017-18
La Liga,2018-03-05,Celta Vigo,Las Palmas,2,1,H,2017-18
La Liga,2018-03-09,Girona,Deportivo La Coruña,2,0,H,2017-18
La Liga,2018-03-10,Eibar,Real Madrid,1,2,A,2017-18
La Liga,2018-03-10,Getafe,Levante,0,1,A,2017-18
La Liga,2018-03-10,Málaga,Barcelona,0,2,A,2017-18
La Liga,2018-03-10,Sevilla,Valencia,0,2,A,2017-18
La Liga,2018-03-11,Athletic Club,Leganés,2,0,H,2017-18
La Liga,2018-03-11,Atlético Madrid,Celta Vigo,3,0,H,2017-18
La Liga,2018-03-11,Espanyol,Real Sociedad,2,1,H,2017-18
La Liga,2018-03-11,Las Palmas,Villarreal,0,2,A,2017-18
La Liga,2018-03-12,Alavés,Real Betis,1,3,A,2017-18
La Liga,2018-03-16,Levante,Eibar,2,1,H,2017-18
La Liga,2018-03-17,Deportivo La Coruña,Las Palmas,1,1,D,2017-18
La Liga,2018-03-17,Real Betis,Espanyol,3,0,H,2017-18
La Liga,2018-03-17,Real Sociedad,Getafe,1,2,A,2017-18
La Liga,2018-03-17,Valencia,Alavés,3,1,H,2017-18
La Liga,2018-03-18,Barcelona,Athletic Club,2,0,H,2017-18
La Liga,2018-03-18,Celta Vigo,Málaga,0,0,D,2017-18
La Liga,2018-03-18,Leganés,Sevilla,2,1,H,2017-18
La Liga,2018-03-18,Real Madrid,Girona,6,3,H,2017-18
La Liga,2018-03-18,Villarreal,Atlético Madrid,2,1,H,2017-18
La Liga,2018-03-31,Athletic Club,Celta Vigo,1,1,D,2017-18
La Liga,2018-03-31,Girona,Levante,1,1,D,2017-18
La Liga,2018-03-31,Las Palmas,Real Madrid,0,3,A,2017-18
La Liga,2018-03-31,Sevilla,Barcelona,2,2,D,2017-18
La Liga,2018-04-01,Atlético Madrid,Deportivo La Coruña,1,0,H,2017-18
La Liga,2018-04-01,Eibar,Real Sociedad,0,0,D,2017-18
La Liga,2018-04-01,Espanyol,Alavés,0,0,D,2017-18
La Liga,2018-04-01,Leganés,Valencia,0,1,A,2017-18
La Liga,2018-04-01,Málaga,Villarreal,1,0,H,2017-18
La Liga,2018-04-02,Getafe,Real Betis,0,1,A,2017-18
La Liga,2018-04-06,Deportivo La Coruña,Málaga,3,2,H,2017-18
La Liga,2018-04-07,Alavés,Getafe,2,0,H,2017-18
La Liga,2018-04-07,Barcelona,Leganés,3,1,H,2017-18
La Liga,2018-04-07,Celta Vigo,Sevilla,4,0,H,2017-18
La Liga,2018-04-07,Real Betis,Eibar,2,0,H,2017-18
La Liga,2018-04-08,Levante,Las Palmas,2,1,H,2017-18
La Liga,2018-04-08,Real Madrid,Atlético Madrid,1,1,D,2017-18
La Liga,2018-04-08,Real Sociedad,Girona,5,0,H,2017-18
La Liga,2018-04-08,Valencia,Espanyol,1,0,H,2017-18
La Liga,2018-04-09,Villarreal,Athletic Club,1,3,A,2017-18
La Liga,2018-04-13,Girona,Real Betis,0,1,A,2017-18
La Liga,2018-04-14,Athletic Club,Deportivo La Coruña,2,3,A,2017-18
La Liga,2018-04-14,Barcelona,Valencia,2,1,H,2017-18
La Liga,2018-04-14,Las Palmas,Real Sociedad,0,1,A,2017-18
La Liga,2018-04-14,Leganés,Celta Vigo,1,0,H,2017-18
La Liga,2018-04-14,Sevilla,Villarreal,2,2,D,2017-18
La Liga,2018-04-15,Atlético Madrid,Levante,3,0,H,2017-18
La Liga,2018-04-15,Eibar,Alavés,0,1,A,2017-18
La Liga,2018-04-15,Getafe,Espanyol,1,0,H,2017-18
La Liga,2018-04-15,Málaga,Real Madrid,1,2,A,2017-18
La Liga,2018-04-17,Celta Vigo,Barcelona,2,2,D,2017-18
La Liga,2018-04-17,Deportivo La Coruña,Sevilla,0,0,D,2017-18
La Liga,2018-04-17,Villarreal,Leganés,2,1,H,2017-18
La Liga,2018-04-18,Espanyol,Eibar,0,1,A,2017-18
La Liga,2018-04-18,Real Madrid,Athletic Club,1,1,D,2017-18
La Liga,2018-04-18,Valencia,Getafe,1,2,A,2017-18
La Liga,2018-04-19,Alavés,Girona,1,2,A,2017-18
La Liga,2018-04-19,Levante,Málaga,1,0,H,2017-18
La Liga,2018-04-19,Real Betis,Las Palmas,1,0,H,2017-18
La Liga,2018-04-19,Real Sociedad,Atlético Madrid,3,0,H,2017-18
La Liga,2018-04-20,Leganés,Deportivo La Coruña,0,0,D,2017-18
La Liga,2018-04-21,Celta Vigo,Valencia,1,1,D,2017-18
La Liga,2018-04-21,Eibar,Getafe,0,1,A,2017-18
La Liga,2018-04-22,Atlético Madrid,Real Betis,0,0,D,2017-18
La Liga,2018-04-22,Girona,Espanyol,0,2,A,2017-18
La Liga,2018-04-22,Las Palmas,Alavés,0,4,A,2017-18
La Liga,2018-04-22,Málaga,Real Sociedad,2,0,H,2017-18
La Liga,2018-04-23,Athletic Club,Levante,1,3,A,2017-18
La Liga,2018-04-27,Levante,Sevilla,2,1,H,2017-18
La Liga,2018-04-28,Espanyol,Las Palmas,1,1,D,2017-18
La Liga,2018-04-28,Real Madrid,Leganés,2,1,H,2017-18
La Liga,2018-04-28,Real Sociedad,Athletic Club,3,1,H,2017-18
La Liga,2018-04-28,Villarreal,Celta Vigo,4,1,H,2017-18
La Liga,2018-04-29,Alavés,Atlético Madrid,0,1,A,2017-18
La Liga,2018-04-29,Deportivo La Coruña,Barcelona,2,4,A,2017-18
La Liga,2018-04-29,Getafe,Girona,1,1,D,2017-18
La Liga,2018-04-29,Valencia,Eibar,0,0,D,2017-18
La Liga,2018-04-30,Real Betis,Málaga,2,1,H,2017-18
La Liga,2018-05-04,Sevilla,Real Sociedad,1,0,H,2017-18
La Liga,2018-05-05,Athletic Club,Real Betis,2,0,H,2017-18
La Liga,2018-05-05,Celta Vigo,Deportivo La Coruña,1,1,D,2017-18
La Liga,2018-05-05,Girona,Eibar,1,4,A,2017-18
La Liga,2018-05-05,Villarreal,Valencia,1,0,H,2017-18
La Liga,2018-05-06,Atlético Madrid,Espanyol,0,2,A,2017-18
La Liga,2018-05-06,Barcelona,Real Madrid,2,2,D,2017-18
La Liga,2018-05-06,Las Palmas,Getafe,0,1,A,2017-18
La Liga,2018-05-06,Málaga,Alavés,0,3,A,2017-18
La Liga,2018-05-07,Leganés,Levante,0,3,A,2017-18
La Liga,2018-05-09,Barcelona,Villarreal,5,1,H,2017-18
La Liga,2018-05-09,Sevilla,Real Madrid,3,2,H,2017-18
La Liga,2018-05-12,Alavés,Athletic Club,3,1,H,2017-18
La Liga,2018-05-12,Deportivo La Coruña,Villarreal,2,4,A,2017-18
La Liga,2018-05-12,Eibar,Las Palmas,1,0,H,2017-18
La Liga,2018-05-12,Getafe,Atlético Madrid,0,1,A,2017-18
La Liga,2018-05-12,Girona,Valencia,0,1,A,2017-18
La Liga,2018-05-12,Real Betis,Sevilla,2,2,D,2017-18
La Liga,2018-05-12,Real Madrid,Celta Vigo,6,0,H,2017-18
La Liga,2018-05-12,Real Sociedad,Leganés,3,2,H,2017-18
La Liga,2018-05-13,Espanyol,Málaga,4,1,H,2017-18
La Liga,2018-05-13,Levante,Barcelona,5,4,H,2017-18
La Liga,2018-05-19,Celta Vigo,Levante,4,2,H,2017-18
La Liga,2018-05-19,Las Palmas,Girona,1,2,A,2017-18
La Liga,2018-05-19,Leganés,Real Betis,3,2,H,2017-18
La Liga,2018-05-19,Málaga,Getafe,0,1,A,2017-18
La Liga,2018-05-19,Sevilla,Alavés,1,0,H,2017-18
La Liga,2018-05-19,Villarreal,Real Madrid,2,2,D,2017-18
La Liga,2018-05-20,Athletic Club,Espanyol,0,1,A,2017-18
La Liga,2018-05-20,Atlético Madrid,Eibar,2,2,D,2017-18
La Liga,2018-05-20,Barcelona,Real Sociedad,1,0,H,2017-18
La Liga,2018-05-20,Valencia,Deportivo La Coruña,2,1,H,2017-18
La Liga,2018-08-17,Girona,Real Valladolid,0,0,D,2018-19
La Liga,2018-08-17,Real Betis,Levante,0,3,A,2018-19
La Liga,2018-08-18,Barcelona,Alavés,3,0,H,2018-19
La Liga,2018-08-18,Celta Vigo,Espanyol,1,1,D,2018-19
La Liga,2018-08-18,Villarreal,Real Sociedad,1,2,A,2018-19
La Liga,2018-08-19,Eibar,Huesca,1,2,A,2018-19
La Liga,2018-08-19,Rayo Vallecano,Sevilla,1,4,A,2018-19
La Liga,2018-08-19,Real Madrid,Getafe,2,0,H,2018-19
La Liga,2018-08-20,Athletic Club,Leganés,2,1,H,2018-19
La Liga,2018-08-20,Valencia,Atlético Madrid,1,1,D,2018-19
La Liga,2018-08-24,Getafe,Eibar,2,0,H,2018-19
La Liga,2018-08-24,Leganés,Real Sociedad,2,2,D,2018-19
La Liga,2018-08-25,Alavés,Real Betis,0,0,D,2018-19
La Liga,2018-08-25,Atlético Madrid,Rayo Vallecano,1,0,H,2018-19
La Liga,2018-08-25,Real Valladolid,Barcelona,0,1,A,2018-19
La Liga,2018-08-26,Espanyol,Valencia,2,0,H,2018-19
La Liga,2018-08-26,Girona,Real Madrid,1,4,A,2018-19
La Liga,2018-08-26,Sevilla,Villarreal,0,0,D,2018-19
La Liga,2018-08-27,Athletic Club,Huesca,2,2,D,2018-19
La Liga,2018-08-27,Levante,Celta Vigo,1,2,A,2018-19
La Liga,2018-08-31,Eibar,Real Sociedad,2,1,H,2018-19
La Liga,2018-08-31,Getafe,Real Valladolid,0,0,D,2018-19
La Liga,2018-08-31,Villarreal,Girona,0,1,A,2018-19
La Liga,2018-09-01,Celta Vigo,Atlético Madrid,2,0,H,2018-19
La Liga,2018-09-01,Real Madrid,Leganés,4,1,H,2018-19
La Liga,2018-09-02,Alavés,Espanyol,2,1,H,2018-19
La Liga,2018-09-02,Barcelona,Huesca,8,2,H,2018-19
La Liga,2018-09-02,Levante,Valencia,2,2,D,2018-19
La Liga,2018-09-02,Real Betis,Sevilla,1,0,H,2018-19
La Liga,2018-09-14,Huesca,Rayo Vallecano,0,1,A,2018-19
La Liga,2018-09-15,Athletic Club,Real Madrid,1,1,D,2018-19
La Liga,2018-09-15,Atlético Madrid,Eibar,1,1,D,2018-19
La Liga,2018-09-15,Real Sociedad,Barcelona,1,2,A,2018-19
La Liga,2018-09-15,Valencia,Real Betis,0,0,D,2018-19
La Liga,2018-09-16,Espanyol,Levante,1,0,H,2018-19
La Liga,2018-09-16,Leganés,Villarreal,0,1,A,2018-19
La Liga,2018-09-16,Real Valladolid,Alavés,0,1,A,2018-19
La Liga,2018-09-16,Sevilla,Getafe,0,2,A,2018-19
La Liga,2018-09-17,Girona,Celta Vigo,3,2,H,2018-19
La Liga,2018-09-21,Huesca,Real Sociedad,0,1,A,2018-19
La Liga,2018-09-22,Celta Vigo,Real Valladolid,3,3,D,2018-19
La Liga,2018-09-22,Eibar,Leganés,1,0,H,2018-19
La Liga,2018-09-22,Getafe,Atlético Madrid,0,2,A,2018-19
La Liga,2018-09-22,Rayo Vallecano,Alavés,1,5,A,2018-19
La Liga,2018-09-22,Real Madrid,Espanyol,1,0,H,2018-19
La Liga,2018-09-23,Barcelona,Girona,2,2,D,2018-19
La Liga,2018-09-23,Levante,Sevilla,2,6,A,2018-19
La Liga,2018-09-23,Real Betis,Athletic Club,2,2,D,2018-19
La Liga,2018-09-23,Villarreal,Valencia,0,0,D,2018-19
La Liga,2018-09-25,Atlético Madrid,Huesca,3,0,H,2018-19
La Liga,2018-09-25,Espanyol,Eibar,1,0,H,2018-19
La Liga,2018-09-25,Real Sociedad,Rayo Vallecano,2,2,D,2018-19
La Liga,2018-09-26,Athletic Club,Villarreal,0,3,A,2018-19
La Liga,2018-09-26,Leganés,Barcelona,2,1,H,2018-19
La Liga,2018-09-26,Sevilla,Real Madrid,3,0,H,2018-19
La Liga,2018-09-26,Valencia,Celta Vigo,1,1,D,2018-19
La Liga,2018-09-27,Alavés,Getafe,1,1,D,2018-19
La Liga,2018-09-27,Girona,Real Betis,0,1,A,2018-19
La Liga,2018-09-27,Real Valladolid,Levante,2,1,H,2018-19
La Liga,2018-09-28,Rayo Vallecano,Espanyol,2,2,D,2018-19
La Liga,2018-09-29,Barcelona,Athletic Club,1,1,D,2018-19
La Liga,2018-09-29,Eibar,Sevilla,1,3,A,2018-19
La Liga,2018-09-29,Real Madrid,Atlético Madrid,0,0,D,2018-19
La Liga,2018-09-29,Real Sociedad,Valencia,0,1,A,2018-19
La Liga,2018-09-30,Huesca,Girona,1,1,D,2018-19
La Liga,2018-09-30,Levante,Alavés,2,1,H,2018-19
La Liga,2018-09-30,Real Betis,Leganés,1,0,H,2018-19
La Liga,2018-09-30,Villarreal,Real Valladolid,0,1,A,2018-19
La Liga,2018-10-01,Celta Vigo,Getafe,1,1,D,2018-19
La Liga,2018-10-05,Athletic Club,Real Sociedad,1,3,A,2018-19
La Liga,2018-10-06,Alavés,Real Madrid,1,0,H,2018-19
La Liga,2018-10-06,Getafe,Levante,0,1,A,2018-19
La Liga,2018-10-06,Girona,Eibar,2,3,A,2018-19
La Liga,2018-10-06,Leganés,Rayo Vallecano,1,0,H,2018-19
La Liga,2018-10-07,Atlético Madrid,Real Betis,1,0,H,2018-19
La Liga,2018-10-07,Espanyol,Villarreal,3,1,H,2018-19
La Liga,2018-10-07,Real Valladolid,Huesca,1,0,H,2018-19
La Liga,2018-10-07,Sevilla,Celta Vigo,2,1,H,2018-19
La Liga,2018-10-07,Valencia,Barcelona,1,1,D,2018-19
La Liga,2018-10-19,Celta Vigo,Alavés,0,1,A,2018-19
La Liga,2018-10-20,Barcelona,Sevilla,4,2,H,2018-19
La Liga,2018-10-20,Real Madrid,Levante,1,2,A,2018-19
La Liga,2018-10-20,Valencia,Leganés,1,1,D,2018-19
La Liga,2018-10-20,Villarreal,Atlético Madrid,1,1,D,2018-19
La Liga,2018-10-21,Eibar,Athletic Club,1,1,D,2018-19
La Liga,2018-10-21,Huesca,Espanyol,0,2,A,2018-19
La Liga,2018-10-21,Rayo Vallecano,Getafe,1,2,A,2018-19
La Liga,2018-10-21,Real Betis,Real Valladolid,0,1,A,2018-19
La Liga,2018-10-22,Real Sociedad,Girona,0,0,D,2018-19
La Liga,2018-10-24,Rayo Vallecano,Athletic Club,1,1,D,2018-19
La Liga,2018-10-26,Real Valladolid,Espanyol,1,1,D,2018-19
La Liga,2018-10-27,Athletic Club,Valencia,0,0,D,2018-19
La Liga,2018-10-27,Atlético Madrid,Real Sociedad,2,0,H,2018-19
La Liga,2018-10-27,Celta Vigo,Eibar,4,0,H,2018-19
La Liga,2018-10-27,Girona,Rayo Vallecano,2,1,H,2018-19
La Liga,2018-10-27,Levante,Leganés,2,0,H,2018-19
La Liga,2018-10-28,Alavés,Villarreal,2,1,H,2018-19
La Liga,2018-10-28,Barcelona,Real Madrid,5,1,H,2018-19
La Liga,2018-10-28,Getafe,Real Betis,2,0,H,2018-19
La Liga,2018-10-28,Sevilla,Huesca,2,1,H,2018-19
La Liga,2018-11-03,Leganés,Atlético Madrid,1,1,D,2018-19
La Liga,2018-11-03,Rayo Vallecano,Barcelona,2,3,A,2018-19
La Liga,2018-11-03,Real Madrid,Real Valladolid,2,0,H,2018-19
La Liga,2018-11-03,Valencia,Girona,0,1,A,2018-19
La Liga,2018-11-04,Eibar,Alavés,2,1,H,2018-19
La Liga,2018-11-04,Huesca,Getafe,1,1,D,2018-19
La Liga,2018-11-04,Real Betis,Celta Vigo,3,3,D,2018-19
La Liga,2018-11-04,Real Sociedad,Sevilla,0,0,D,2018-19
La Liga,2018-11-04,Villarreal,Levante,1,1,D,2018-19
La Liga,2018-11-05,Espanyol,Athletic Club,1,0,H,2018-19
La Liga,2018-11-09,Levante,Real Sociedad,1,3,A,2018-19
La Liga,2018-11-10,Atlético Madrid,Athletic Club,3,2,H,2018-19
La Liga,2018-11-10,Getafe,Valencia,0,1,A,2018-19
La Liga,2018-11-10,Girona,Leganés,0,0,D,2018-19
La Liga,2018-11-10,Real Valladolid,Eibar,0,0,D,2018-19
La Liga,2018-11-11,Alavés,Huesca,2,1,H,2018-19
La Liga,2018-11-11,Barcelona,Real Betis,3,4,A,2018-19
La Liga,2018-11-11,Celta Vigo,Real Madrid,2,4,A,2018-19
La Liga,2018-11-11,Rayo Vallecano,Villarreal,2,2,D,2018-19
La Liga,2018-11-11,Sevilla,Espanyol,2,1,H,2018-19
La Liga,2018-11-23,Leganés,Alavés,1,0,H,2018-19
La Liga,2018-11-24,Atlético Madrid,Barcelona,1,1,D,2018-19
La Liga,2018-11-24,Eibar,Real Madrid,3,0,H,2018-19
La Liga,2018-11-24,Huesca,Levante,2,2,D,2018-19
La Liga,2018-11-24,Valencia,Rayo Vallecano,3,0,H,2018-19
La Liga,2018-11-25,Athletic Club,Getafe,1,1,D,2018-19
La Liga,2018-11-25,Espanyol,Girona,1,3,A,2018-19
La Liga,2018-11-25,Sevilla,Real Valladolid,1,0,H,2018-19
La Liga,2018-11-25,Villarreal,Real Betis,2,1,H,2018-19
La Liga,2018-11-26,Real Sociedad,Celta Vigo,2,1,H,2018-19
La Liga,2018-11-30,Rayo Vallecano,Eibar,1,0,H,2018-19
La Liga,2018-12-01,Celta Vigo,Huesca,2,0,H,2018-19
La Liga,2018-12-01,Getafe,Espanyol,3,0,H,2018-19
La Liga,2018-12-01,Real Madrid,Valencia,2,0,H,2018-19
La Liga,2018-12-01,Real Valladolid,Leganés,2,4,A,2018-19
La Liga,2018-12-02,Alavés,Sevilla,1,1,D,2018-19
La Liga,2018-12-02,Barcelona,Villarreal,2,0,H,2018-19
La Liga,2018-12-02,Girona,Atlético Madrid,1,1,D,2018-19
La Liga,2018-12-02,Real Betis,Real Sociedad,1,0,H,2018-19
La Liga,2018-12-03,Levante,Athletic Club,3,0,H,2018-19
La Liga,2018-12-07,Leganés,Getafe,1,1,D,2018-19
La Liga,2018-12-08,Atlético Madrid,Alavés,3,0,H,2018-19
La Liga,2018-12-08,Espanyol,Barcelona,0,4,A,2018-19
La Liga,2018-12-08,Valencia,Sevilla,1,1,D,2018-19
La Liga,2018-12-08,Villarreal,Celta Vigo,2,3,A,2018-19
La Liga,2018-12-09,Eibar,Levante,4,4,D,2018-19
La Liga,2018-12-09,Huesca,Real Madrid,0,1,A,2018-19
La Liga,2018-12-09,Real Betis,Rayo Vallecano,2,0,H,2018-19
La Liga,2018-12-09,Real Sociedad,Real Valladolid,1,2,A,2018-19
La Liga,2018-12-10,Athletic Club,Girona,1,0,H,2018-19
La Liga,2018-12-14,Celta Vigo,Leganés,0,0,D,2018-19
La Liga,2018-12-15,Eibar,Valencia,1,1,D,2018-19
La Liga,2018-12-15,Getafe,Real Sociedad,1,0,H,2018-19
La Liga,2018-12-15,Real Madrid,Rayo Vallecano,1,0,H,2018-19
La Liga,2018-12-15,Real Valladolid,Atlético Madrid,2,3,A,2018-19
La Liga,2018-12-16,Espanyol,Real Betis,1,3,A,2018-19
La Liga,2018-12-16,Huesca,Villarreal,2,2,D,2018-19
La Liga,2018-12-16,Levante,Barcelona,0,5,A,2018-19
La Liga,2018-12-16,Sevilla,Girona,2,0,H,2018-19
La Liga,2018-12-17,Alavés,Athletic Club,0,0,D,2018-19
La Liga,2018-12-21,Girona,Getafe,1,1,D,2018-19
La Liga,2018-12-21,Real Sociedad,Alavés,0,1,A,2018-19
La Liga,2018-12-22,Athletic Club,Real Valladolid,1,1,D,2018-19
La Liga,2018-12-22,Atlético Madrid,Espanyol,1,0,H,2018-19
La Liga,2018-12-22,Barcelona,Celta Vigo,2,0,H,2018-19
La Liga,2018-12-22,Real Betis,Eibar,1,1,D,2018-19
La Liga,2018-12-23,Leganés,Sevilla,1,1,D,2018-19
La Liga,2018-12-23,Rayo Vallecano,Levante,2,1,H,2018-19
La Liga,2018-12-23,Valencia,Huesca,2,1,H,2018-19
La Liga,2019-01-03,Villarreal,Real Madrid,2,2,D,2018-19
La Liga,2019-01-04,Espanyol,Leganés,1,0,H,2018-19
La Liga,2019-01-04,Levante,Girona,2,2,D,2018-19
La Liga,2019-01-05,Alavés,Valencia,2,1,H,2018-19
La Liga,2019-01-05,Huesca,Real Betis,2,1,H,2018-19
La Liga,2019-01-05,Real Valladolid,Rayo Vallecano,0,1,A,2018-19
La Liga,2019-01-06,Eibar,Villarreal,0,0,D,2018-19
La Liga,2019-01-06,Getafe,Barcelona,1,2,A,2018-19
La Liga,2019-01-06,Real Madrid,Real Sociedad,0,2,A,2018-19
La Liga,2019-01-06,Sevilla,Atlético Madrid,1,1,D,2018-19
La Liga,2019-01-07,Celta Vigo,Athletic Club,1,2,A,2018-19
La Liga,2019-01-11,Rayo Vallecano,Celta Vigo,4,2,H,2018-19
La Liga,2019-01-12,Girona,Alavés,1,1,D,2018-19
La Liga,2019-01-12,Leganés,Huesca,1,0,H,2018-19
La Liga,2019-01-12,Valencia,Real Valladolid,1,1,D,2018-19
La Liga,2019-01-12,Villarreal,Getafe,1,2,A,2018-19
La Liga,2019-01-13,Athletic Club,Sevilla,2,0,H,2018-19
La Liga,2019-01-13,Atlético Madrid,Levante,1,0,H,2018-19
La Liga,2019-01-13,Barcelona,Eibar,3,0,H,2018-19
La Liga,2019-01-13,Real Betis,Real Madrid,1,2,A,2018-19
La Liga,2019-01-14,Real Sociedad,Espanyol,3,2,H,2018-19
La Liga,2019-01-18,Getafe,Alavés,4,0,H,2018-19
La Liga,2019-01-19,Celta Vigo,Valencia,1,2,A,2018-19
La Liga,2019-01-19,Huesca,Atlético Madrid,0,3,A,2018-19
La Liga,2019-01-19,Real Madrid,Sevilla,2,0,H,2018-19
La Liga,2019-01-20,Barcelona,Leganés,3,1,H,2018-19
La Liga,2019-01-20,Levante,Real Valladolid,2,0,H,2018-19
La Liga,2019-01-20,Rayo Vallecano,Real Sociedad,2,2,D,2018-19
La Liga,2019-01-20,Real Betis,Girona,3,2,H,2018-19
La Liga,2019-01-20,Villarreal,Athletic Club,1,1,D,2018-19
La Liga,2019-01-21,Eibar,Espanyol,3,0,H,2018-19
La Liga,2019-01-26,Atlético Madrid,Getafe,2,0,H,2018-19
La Liga,2019-01-26,Leganés,Eibar,2,2,D,2018-19
La Liga,2019-01-26,Sevilla,Levante,5,0,H,2018-19
La Liga,2019-01-26,Valencia,Villarreal,3,0,H,2018-19
La Liga,2019-01-27,Athletic Club,Real Betis,1,0,H,2018-19
La Liga,2019-01-27,Espanyol,Real Madrid,2,4,A,2018-19
La Liga,2019-01-27,Girona,Barcelona,0,2,A,2018-19
La Liga,2019-01-27,Real Sociedad,Huesca,0,0,D,2018-19
La Liga,2019-01-27,Real Valladolid,Celta Vigo,2,1,H,2018-19
La Liga,2019-01-28,Alavés,Rayo Vallecano,0,1,A,2018-19
La Liga,2019-02-01,Huesca,Real Valladolid,4,0,H,2018-19
La Liga,2019-02-02,Barcelona,Valencia,2,2,D,2018-19
La Liga,2019-02-02,Celta Vigo,Sevilla,1,0,H,2018-19
La Liga,2019-02-02,Levante,Getafe,0,0,D,2018-19
La Liga,2019-02-02,Real Sociedad,Athletic Club,2,1,H,2018-19
La Liga,2019-02-03,Eibar,Girona,3,0,H,2018-19
La Liga,2019-02-03,Real Betis,Atlético Madrid,1,0,H,2018-19
La Liga,2019-02-03,Real Madrid,Alavés,3,0,H,2018-19
La Liga,2019-02-03,Villarreal,Espanyol,2,2,D,2018-19
La Liga,2019-02-04,Rayo Vallecano,Leganés,1,2,A,2018-19
La Liga,2019-02-08,Real Valladolid,Villarreal,0,0,D,2018-19
La Liga,2019-02-09,Atlético Madrid,Real Madrid,1,3,A,2018-19
La Liga,2019-02-09,Espanyol,Rayo Vallecano,2,1,H,2018-19
La Liga,2019-02-09,Getafe,Celta Vigo,3,1,H,2018-19
La Liga,2019-02-09,Girona,Huesca,0,2,A,2018-19
La Liga,2019-02-10,Athletic Club,Barcelona,0,0,D,2018-19
La Liga,2019-02-10,Leganés,Real Betis,3,0,H,2018-19
La Liga,2019-02-10,Sevilla,Eibar,2,2,D,2018-19
La Liga,2019-02-10,Valencia,Real Sociedad,0,0,D,2018-19
La Liga,2019-02-11,Alavés,Levante,2,0,H,2018-19
La Liga,2019-02-15,Eibar,Getafe,2,2,D,2018-19
La Liga,2019-02-16,Barcelona,Real Valladolid,1,0,H,2018-19
La Liga,2019-02-16,Celta Vigo,Levante,1,4,A,2018-19
La Liga,2019-02-16,Rayo Vallecano,Atlético Madrid,0,1,A,2018-19
La Liga,2019-02-16,Real Sociedad,Leganés,3,0,H,2018-19
La Liga,2019-02-17,Real Betis,Alavés,1,1,D,2018-19
La Liga,2019-02-17,Real Madrid,Girona,1,2,A,2018-19
La Liga,2019-02-17,Valencia,Espanyol,0,0,D,2018-19
La Liga,2019-02-17,Villarreal,Sevilla,3,0,H,2018-19
La Liga,2019-02-18,Huesca,Athletic Club,0,1,A,2018-19
La Liga,2019-02-22,Espanyol,Huesca,1,1,D,2018-19
La Liga,2019-02-23,Alavés,Celta Vigo,0,0,D,2018-19
La Liga,2019-02-23,Athletic Club,Eibar,1,0,H,2018-19
La Liga,2019-02-23,Getafe,Rayo Vallecano,2,1,H,2018-19
La Liga,2019-02-23,Sevilla,Barcelona,2,4,A,2018-19
La Liga,2019-02-24,Atlético Madrid,Villarreal,2,0,H,2018-19
La Liga,2019-02-24,Leganés,Valencia,1,1,D,2018-19
La Liga,2019-02-24,Levante,Real Madrid,1,2,A,2018-19
La Liga,2019-02-24,Real Valladolid,Real Betis,0,2,A,2018-19
La Liga,2019-02-25,Girona,Real Sociedad,0,0,D,2018-19
La Liga,2019-03-01,Rayo Vallecano,Girona,0,2,A,2018-19
La Liga,2019-03-02,Espanyol,Real Valladolid,3,1,H,2018-19
La Liga,2019-03-02,Huesca,Sevilla,2,1,H,2018-19
La Liga,2019-03-02,Real Madrid,Barcelona,0,1,A,2018-19
La Liga,2019-03-02,Villarreal,Alavés,1,2,A,2018-19
La Liga,2019-03-03,Eibar,Celta Vigo,1,0,H,2018-19
La Liga,2019-03-03,Real Betis,Getafe,1,2,A,2018-19
La Liga,2019-03-03,Real Sociedad,Atlético Madrid,0,2,A,2018-19
La Liga,2019-03-03,Valencia,Athletic Club,2,0,H,2018-19
La Liga,2019-03-04,Leganés,Levante,1,0,H,2018-19
La Liga,2019-03-08,Athletic Club,Espanyol,1,1,D,2018-19
La Liga,2019-03-09,Alavés,Eibar,1,1,D,2018-19
La Liga,2019-03-09,Atlético Madrid,Leganés,1,0,H,2018-19
La Liga,2019-03-09,Barcelona,Rayo Vallecano,3,1,H,2018-19
La Liga,2019-03-09,Getafe,Huesca,2,1,H,2018-19
La Liga,2019-03-10,Celta Vigo,Real Betis,0,1,A,2018-19
La Liga,2019-03-10,Girona,Valencia,2,3,A,2018-19
La Liga,2019-03-10,Levante,Villarreal,0,2,A,2018-19
La Liga,2019-03-10,Real Valladolid,Real Madrid,1,4,A,2018-19
La Liga,2019-03-10,Sevilla,Real Sociedad,5,2,H,2018-19
La Liga,2019-03-15,Real Sociedad,Levante,1,1,D,2018-19
La Liga,2019-03-16,Athletic Club,Atlético Madrid,2,0,H,2018-19
La Liga,2019-03-16,Huesca,Alavés,1,3,A,2018-19
La Liga,2019-03-16,Leganés,Girona,0,2,A,2018-19
La Liga,2019-03-16,Real Madrid,Celta Vigo,2,0,H,2018-19
La Liga,2019-03-17,Eibar,Real Valladolid,1,2,A,2018-19
La Liga,2019-03-17,Espanyol,Sevilla,0,1,A,2018-19
La Liga,2019-03-17,Real Betis,Barcelona,1,4,A,2018-19
La Liga,2019-03-17,Valencia,Getafe,0,0,D,2018-19
La Liga,2019-03-17,Villarreal,Rayo Vallecano,3,1,H,2018-19
La Liga,2019-03-29,Girona,Athletic Club,1,2,A,2018-19
La Liga,2019-03-30,Alavés,Atlético Madrid,0,4,A,2018-19
La Liga,2019-03-30,Barcelona,Espanyol,2,0,H,2018-19
La Liga,2019-03-30,Celta Vigo,Villarreal,3,2,H,2018-19
La Liga,2019-03-30,Getafe,Leganés,0,2,A,2018-19
La Liga,2019-03-31,Levante,Eibar,2,2,D,2018-19
La Liga,2019-03-31,Rayo Vallecano,Real Betis,1,1,D,2018-19
La Liga,2019-03-31,Real Madrid,Huesca,3,2,H,2018-19
La Liga,2019-03-31,Real Valladolid,Real Sociedad,1,1,D,2018-19
La Liga,2019-03-31,Sevilla,Valencia,0,1,A,2018-19
La Liga,2019-04-02,Atlético Madrid,Girona,2,0,H,2018-19
La Liga,2019-04-02,Espanyol,Getafe,1,1,D,2018-19
La Liga,2019-04-02,Villarreal,Barcelona,4,4,D,2018-19
La Liga,2019-04-03,Athletic Club,Levante,3,2,H,2018-19
La Liga,2019-04-03,Eibar,Rayo Vallecano,2,1,H,2018-19
La Liga,2019-04-03,Huesca,Celta Vigo,3,3,D,2018-19
La Liga,2019-04-03,Valencia,Real Madrid,2,1,H,2018-19
La Liga,2019-04-04,Leganés,Real Valladolid,1,0,H,2018-19
La Liga,2019-04-04,Real Sociedad,Real Betis,2,1,H,2018-19
La Liga,2019-04-04,Sevilla,Alavés,2,0,H,2018-19
La Liga,2019-04-06,Barcelona,Atlético Madrid,2,0,H,2018-19
La Liga,2019-04-06,Girona,Espanyol,1,2,A,2018-19
La Liga,2019-04-06,Rayo Vallecano,Valencia,2,0,H,2018-19
La Liga,2019-04-06,Real Madrid,Eibar,2,1,H,2018-19
La Liga,2019-04-07,Alavés,Leganés,1,1,D,2018-19
La Liga,2019-04-07,Celta Vigo,Real Sociedad,3,1,H,2018-19
La Liga,2019-04-07,Getafe,Athletic Club,1,0,H,2018-19
La Liga,2019-04-07,Levante,Huesca,2,2,D,2018-19
La Liga,2019-04-07,Real Betis,Villarreal,2,1,H,2018-19
La Liga,2019-04-07,Real Valladolid,Sevilla,0,2,A,2018-19
La Liga,2019-04-13,Atlético Madrid,Celta Vigo,2,0,H,2018-19
La Liga,2019-04-13,Espanyol,Alavés,2,1,H,2018-19
La Liga,2019-04-13,Huesca,Barcelona,0,0,D,2018-19
La Liga,2019-04-13,Sevilla,Real Betis,3,2,H,2018-19
La Liga,2019-04-14,Athletic Club,Rayo Vallecano,3,2,H,2018-19
La Liga,2019-04-14,Girona,Villarreal,0,1,A,2018-19
La Liga,2019-04-14,Real Sociedad,Eibar,1,1,D,2018-19
La Liga,2019-04-14,Real Valladolid,Getafe,2,2,D,2018-19
La Liga,2019-04-14,Valencia,Levante,3,1,H,2018-19
La Liga,2019-04-15,Leganés,Real Madrid,1,1,D,2018-19
La Liga,2019-04-19,Alavés,Real Valladolid,2,2,D,2018-19
La Liga,2019-04-20,Barcelona,Real Sociedad,2,1,H,2018-19
La Liga,2019-04-20,Celta Vigo,Girona,2,1,H,2018-19
La Liga,2019-04-20,Eibar,Atlético Madrid,0,1,A,2018-19
La Liga,2019-04-20,Rayo Vallecano,Huesca,0,0,D,2018-19
La Liga,2019-04-21,Getafe,Sevilla,3,0,H,2018-19
La Liga,2019-04-21,Levante,Espanyol,2,2,D,2018-19
La Liga,2019-04-21,Real Betis,Valencia,1,2,A,2018-19
La Liga,2019-04-21,Real Madrid,Athletic Club,3,0,H,2018-19
La Liga,2019-04-21,Villarreal,Leganés,2,1,H,2018-19
La Liga,2019-04-23,Alavés,Barcelona,0,2,A,2018-19
La Liga,2019-04-23,Huesca,Eibar,2,0,H,2018-19
La Liga,2019-04-23,Real Valladolid,Girona,1,0,H,2018-19
La Liga,2019-04-24,Atlético Madrid,Valencia,3,2,H,2018-19
La Liga,2019-04-24,Espanyol,Celta Vigo,1,1,D,2018-19
La Liga,2019-04-24,Leganés,Athletic Club,0,1,A,2018-19
La Liga,2019-04-24,Levante,Real Betis,4,0,H,2018-19
La Liga,2019-04-25,Getafe,Real Madrid,0,0,D,2018-19
La Liga,2019-04-25,Real Sociedad,Villarreal,0,1,A,2018-19
La Liga,2019-04-25,Sevilla,Rayo Vallecano,5,0,H,2018-19
La Liga,2019-04-27,Athletic Club,Alavés,1,1,D,2018-19
La Liga,2019-04-27,Atlético Madrid,Real Valladolid,1,0,H,2018-19
La Liga,2019-04-27,Barcelona,Levante,1,0,H,2018-19
La Liga,2019-04-27,Leganés,Celta Vigo,0,0,D,2018-19
La Liga,2019-04-28,Girona,Sevilla,1,0,H,2018-19
La Liga,2019-04-28,Rayo Vallecano,Real Madrid,1,0,H,2018-19
La Liga,2019-04-28,Real Sociedad,Getafe,2,1,H,2018-19
La Liga,2019-04-28,Valencia,Eibar,0,1,A,2018-19
La Liga,2019-04-28,Villarreal,Huesca,1,1,D,2018-19
La Liga,2019-04-29,Real Betis,Espanyol,1,1,D,2018-19
La Liga,2019-05-03,Sevilla,Leganés,0,3,A,2018-19
La Liga,2019-05-04,Alavés,Real Sociedad,0,1,A,2018-19
La Liga,2019-05-04,Celta Vigo,Barcelona,2,0,H,2018-19
La Liga,2019-05-04,Espanyol,Atlético Madrid,3,0,H,2018-19
La Liga,2019-05-04,Levante,Rayo Vallecano,4,1,H,2018-19
La Liga,2019-05-05,Eibar,Real Betis,1,0,H,2018-19
La Liga,2019-05-05,Getafe,Girona,2,0,H,2018-19
La Liga,2019-05-05,Huesca,Valencia,2,6,A,2018-19
La Liga,2019-05-05,Real Madrid,Villarreal,3,2,H,2018-19
La Liga,2019-05-05,Real Valladolid,Athletic Club,1,0,H,2018-19
La Liga,2019-05-12,Athletic Club,Celta Vigo,3,1,H,2018-19
La Liga,2019-05-12,Atlético Madrid,Sevilla,1,1,D,2018-19
La Liga,2019-05-12,Barcelona,Getafe,2,0,H,2018-19
La Liga,2019-05-12,Girona,Levante,1,2,A,2018-19
La Liga,2019-05-12,Leganés,Espanyol,0,2,A,2018-19
La Liga,2019-05-12,Rayo Vallecano,Real Valladolid,1,2,A,2018-19
La Liga,2019-05-12,Real Betis,Huesca,2,1,H,2018-19
La Liga,2019-05-12,Real Sociedad,Real Madrid,3,1,H,2018-19
La Liga,2019-05-12,Valencia,Alavés,3,1,H,2018-19
La Liga,2019-05-12,Villarreal,Eibar,1,0,H,2018-19
La Liga,2019-05-18,Alavés,Girona,2,1,H,2018-19
La Liga,2019-05-18,Celta Vigo,Rayo Vallecano,2,2,D,2018-19
La Liga,2019-05-18,Espanyol,Real Sociedad,2,0,H,2018-19
La Liga,2019-05-18,Getafe,Villarreal,2,2,D,2018-19
La Liga,2019-05-18,Huesca,Leganés,2,1,H,2018-19
La Liga,2019-05-18,Levante,Atlético Madrid,2,2,D,2018-19
La Liga,2019-05-18,Real Valladolid,Valencia,0,2,A,2018-19
La Liga,2019-05-18,Sevilla,Athletic Club,2,0,H,2018-19
La Liga,2019-05-19,Eibar,Barcelona,2,2,D,2018-19
La Liga,2019-05-19,Real Madrid,Real Betis,0,2,A,2018-19
La Liga,2019-08-16,Athletic Club,Barcelona,1,0,H,2019-20
La Liga,2019-08-17,Celta Vigo,Real Madrid,1,3,A,2019-20
La Liga,2019-08-17,Leganés,Osasuna,0,1,A,2019-20
La Liga,2019-08-17,Mallorca,Eibar,2,1,H,2019-20
La Liga,2019-08-17,Valencia,Real Sociedad,1,1,D,2019-20
La Liga,2019-08-17,Villarreal,Granada,4,4,D,2019-20
La Liga,2019-08-18,Alavés,Levante,1,0,H,2019-20
La Liga,2019-08-18,Atlético Madrid,Getafe,1,0,H,2019-20
La Liga,2019-08-18,Espanyol,Sevilla,0,2,A,2019-20
La Liga,2019-08-18,Real Betis,Real Valladolid,1,2,A,2019-20
La Liga,2019-08-23,Granada,Sevilla,0,1,A,2019-20
La Liga,2019-08-23,Levante,Villarreal,2,1,H,2019-20
La Liga,2019-08-24,Celta Vigo,Valencia,1,0,H,2019-20
La Liga,2019-08-24,Getafe,Athletic Club,1,1,D,2019-20
La Liga,2019-08-24,Osasuna,Eibar,0,0,D,2019-20
La Liga,2019-08-24,Real Madrid,Real Valladolid,1,1,D,2019-20
La Liga,2019-08-25,Alavés,Espanyol,0,0,D,2019-20
La Liga,2019-08-25,Barcelona,Real Betis,5,2,H,2019-20
La Liga,2019-08-25,Leganés,Atlético Madrid,0,1,A,2019-20
La Liga,2019-08-25,Mallorca,Real Sociedad,0,1,A,2019-20
La Liga,2019-08-30,Athletic Club,Real Sociedad,2,0,H,2019-20
La Liga,2019-08-30,Sevilla,Celta Vigo,1,1,D,2019-20
La Liga,2019-08-31,Getafe,Alavés,1,1,D,2019-20
La Liga,2019-08-31,Levante,Real Valladolid,2,0,H,2019-20
La Liga,2019-08-31,Osasuna,Barcelona,2,2,D,2019-20
La Liga,2019-08-31,Real Betis,Leganés,2,1,H,2019-20
La Liga,2019-09-01,Atlético Madrid,Eibar,3,2,H,2019-20
La Liga,2019-09-01,Espanyol,Granada,0,3,A,2019-20
La Liga,2019-09-01,Valencia,Mallorca,2,0,H,2019-20
La Liga,2019-09-01,Villarreal,Real Madrid,2,2,D,2019-20
La Liga,2019-09-13,Mallorca,Athletic Club,0,0,D,2019-20
La Liga,2019-09-14,Barcelona,Valencia,5,2,H,2019-20
La Liga,2019-09-14,Leganés,Villarreal,0,3,A,2019-20
La Liga,2019-09-14,Real Madrid,Levante,3,2,H,2019-20
La Liga,2019-09-14,Real Sociedad,Atlético Madrid,2,0,H,2019-20
La Liga,2019-09-15,Alavés,Sevilla,0,1,A,2019-20
La Liga,2019-09-15,Celta Vigo,Granada,0,2,A,2019-20
La Liga,2019-09-15,Eibar,Espanyol,1,2,A,2019-20
La Liga,2019-09-15,Real Betis,Getafe,1,1,D,2019-20
La Liga,2019-09-15,Real Valladolid,Osasuna,1,1,D,2019-20
La Liga,2019-09-20,Osasuna,Real Betis,0,0,D,2019-20
La Liga,2019-09-21,Atlético Madrid,Celta Vigo,0,0,D,2019-20
La Liga,2019-09-21,Granada,Barcelona,2,0,H,2019-20
La Liga,2019-09-21,Levante,Eibar,0,0,D,2019-20
La Liga,2019-09-21,Villarreal,Real Valladolid,2,0,H,2019-20
La Liga,2019-09-22,Athletic Club,Alavés,2,0,H,2019-20
La Liga,2019-09-22,Espanyol,Real Sociedad,1,3,A,2019-20
La Liga,2019-09-22,Getafe,Mallorca,4,2,H,2019-20
La Liga,2019-09-22,Sevilla,Real Madrid,0,1,A,2019-20
La Liga,2019-09-22,Valencia,Leganés,1,1,D,2019-20
La Liga,2019-09-24,Barcelona,Villarreal,2,1,H,2019-20
La Liga,2019-09-24,Real Betis,Levante,3,1,H,2019-20
La Liga,2019-09-24,Real Valladolid,Granada,1,1,D,2019-20
La Liga,2019-09-25,Leganés,Athletic Club,1,1,D,2019-20
La Liga,2019-09-25,Mallorca,Atlético Madrid,0,2,A,2019-20
La Liga,2019-09-25,Real Madrid,Osasuna,2,0,H,2019-20
La Liga,2019-09-25,Valencia,Getafe,3,3,D,2019-20
La Liga,2019-09-26,Celta Vigo,Espanyol,1,1,D,2019-20
La Liga,2019-09-26,Eibar,Sevilla,3,2,H,2019-20
La Liga,2019-09-26,Real Sociedad,Alavés,3,0,H,2019-20
La Liga,2019-09-27,Villarreal,Real Betis,5,1,H,2019-20
La Liga,2019-09-28,Athletic Club,Valencia,0,1,A,2019-20
La Liga,2019-09-28,Atlético Madrid,Real Madrid,0,0,D,2019-20
La Liga,2019-09-28,Getafe,Barcelona,0,2,A,2019-20
La Liga,2019-09-28,Granada,Leganés,1,0,H,2019-20
La Liga,2019-09-29,Alavés,Mallorca,2,0,H,2019-20
La Liga,2019-09-29,Eibar,Celta Vigo,2,0,H,2019-20
La Liga,2019-09-29,Espanyol,Real Valladolid,0,2,A,2019-20
La Liga,2019-09-29,Levante,Osasuna,1,1,D,2019-20
La Liga,2019-09-29,Sevilla,Real Sociedad,3,2,H,2019-20
La Liga,2019-10-04,Real Betis,Eibar,1,1,D,2019-20
La Liga,2019-10-05,Leganés,Levante,1,2,A,2019-20
La Liga,2019-10-05,Osasuna,Villarreal,2,1,H,2019-20
La Liga,2019-10-05,Real Madrid,Granada,4,2,H,2019-20
La Liga,2019-10-05,Valencia,Alavés,2,1,H,2019-20
La Liga,2019-10-06,Barcelona,Sevilla,4,0,H,2019-20
La Liga,2019-10-06,Celta Vigo,Athletic Club,1,0,H,2019-20
La Liga,2019-10-06,Mallorca,Espanyol,2,0,H,2019-20
La Liga,2019-10-06,Real Sociedad,Getafe,1,2,A,2019-20
La Liga,2019-10-06,Real Valladolid,Atlético Madrid,0,0,D,2019-20
La Liga,2019-10-18,Granada,Osasuna,1,0,H,2019-20
La Liga,2019-10-19,Atlético Madrid,Valencia,1,1,D,2019-20
La Liga,2019-10-19,Eibar,Barcelona,0,3,A,2019-20
La Liga,2019-10-19,Getafe,Leganés,2,0,H,2019-20
La Liga,2019-10-19,Mallorca,Real Madrid,1,0,H,2019-20
La Liga,2019-10-20,Alavés,Celta Vigo,2,0,H,2019-20
La Liga,2019-10-20,Athletic Club,Real Valladolid,1,1,D,2019-20
La Liga,2019-10-20,Espanyol,Villarreal,0,1,A,2019-20
La Liga,2019-10-20,Real Sociedad,Real Betis,3,1,H,2019-20
La Liga,2019-10-20,Sevilla,Levante,1,0,H,2019-20
La Liga,2019-10-25,Villarreal,Alavés,4,1,H,2019-20
La Liga,2019-10-26,Atlético Madrid,Athletic Club,2,0,H,2019-20
La Liga,2019-10-26,Leganés,Mallorca,1,0,H,2019-20
La Liga,2019-10-26,Real Valladolid,Eibar,2,0,H,2019-20
La Liga,2019-10-27,Celta Vigo,Real Sociedad,0,1,A,2019-20
La Liga,2019-10-27,Granada,Real Betis,1,0,H,2019-20
La Liga,2019-10-27,Levante,Espanyol,0,1,A,2019-20
La Liga,2019-10-27,Osasuna,Valencia,3,1,H,2019-20
La Liga,2019-10-27,Sevilla,Getafe,2,0,H,2019-20
La Liga,2019-10-29,Alavés,Atlético Madrid,1,1,D,2019-20
La Liga,2019-10-29,Barcelona,Real Valladolid,5,1,H,2019-20
La Liga,2019-10-30,Athletic Club,Espanyol,3,0,H,2019-20
La Liga,2019-10-30,Real Betis,Celta Vigo,2,1,H,2019-20
La Liga,2019-10-30,Real Madrid,Leganés,5,0,H,2019-20
La Liga,2019-10-30,Real Sociedad,Levante,1,2,A,2019-20
La Liga,2019-10-30,Valencia,Sevilla,1,1,D,2019-20
La Liga,2019-10-31,Eibar,Villarreal,2,1,H,2019-20
La Liga,2019-10-31,Getafe,Granada,3,1,H,2019-20
La Liga,2019-10-31,Mallorca,Osasuna,2,2,D,2019-20
La Liga,2019-11-02,Espanyol,Valencia,1,2,A,2019-20
La Liga,2019-11-02,Levante,Barcelona,3,1,H,2019-20
La Liga,2019-11-02,Real Madrid,Real Betis,0,0,D,2019-20
La Liga,2019-11-02,Sevilla,Atlético Madrid,1,1,D,2019-20
La Liga,2019-11-03,Celta Vigo,Getafe,0,1,A,2019-20
La Liga,2019-11-03,Granada,Real Sociedad,1,2,A,2019-20
La Liga,2019-11-03,Leganés,Eibar,1,2,A,2019-20
La Liga,2019-11-03,Osasuna,Alavés,4,2,H,2019-20
La Liga,2019-11-03,Real Valladolid,Mallorca,3,0,H,2019-20
La Liga,2019-11-03,Villarreal,Athletic Club,0,0,D,2019-20
La Liga,2019-11-08,Real Sociedad,Leganés,1,1,D,2019-20
La Liga,2019-11-09,Alavés,Real Valladolid,3,0,H,2019-20
La Liga,2019-11-09,Barcelona,Celta Vigo,4,1,H,2019-20
La Liga,2019-11-09,Eibar,Real Madrid,0,4,A,2019-20
La Liga,2019-11-09,Valencia,Granada,2,0,H,2019-20
La Liga,2019-11-10,Athletic Club,Levante,2,1,H,2019-20
La Liga,2019-11-10,Atlético Madrid,Espanyol,3,1,H,2019-20
La Liga,2019-11-10,Getafe,Osasuna,0,0,D,2019-20
La Liga,2019-11-10,Mallorca,Villarreal,3,1,H,2019-20
La Liga,2019-11-10,Real Betis,Sevilla,1,2,A,2019-20
La Liga,2019-11-22,Levante,Mallorca,2,1,H,2019-20
La Liga,2019-11-23,Granada,Atlético Madrid,1,1,D,2019-20
La Liga,2019-11-23,Leganés,Barcelona,1,2,A,2019-20
La Liga,2019-11-23,Real Betis,Valencia,2,1,H,2019-20
La Liga,2019-11-23,Real Madrid,Real Sociedad,3,1,H,2019-20
La Liga,2019-11-24,Eibar,Alavés,0,2,A,2019-20
La Liga,2019-11-24,Espanyol,Getafe,1,1,D,2019-20
La Liga,2019-11-24,Osasuna,Athletic Club,1,2,A,2019-20
La Liga,2019-11-24,Real Valladolid,Sevilla,0,1,A,2019-20
La Liga,2019-11-24,Villarreal,Celta Vigo,1,3,A,2019-20
La Liga,2019-11-29,Celta Vigo,Real Valladolid,0,0,D,2019-20
La Liga,2019-11-30,Alavés,Real Madrid,1,2,A,2019-20
La Liga,2019-11-30,Mallorca,Real Betis,1,2,A,2019-20
La Liga,2019-11-30,Real Sociedad,Eibar,4,1,H,2019-20
La Liga,2019-11-30,Valencia,Villarreal,2,1,H,2019-20
La Liga,2019-12-01,Athletic Club,Granada,2,0,H,2019-20
La Liga,2019-12-01,Atlético Madrid,Barcelona,0,1,A,2019-20
La Liga,2019-12-01,Espanyol,Osasuna,2,4,A,2019-20
La Liga,2019-12-01,Getafe,Levante,4,0,H,2019-20
La Liga,2019-12-01,Sevilla,Leganés,1,0,H,2019-20
La Liga,2019-12-06,Villarreal,Atlético Madrid,0,0,D,2019-20
La Liga,2019-12-07,Barcelona,Mallorca,5,2,H,2019-20
La Liga,2019-12-07,Granada,Alavés,3,0,H,2019-20
La Liga,2019-12-07,Levante,Valencia,2,4,A,2019-20
La Liga,2019-12-07,Real Madrid,Espanyol,2,0,H,2019-20
La Liga,2019-12-08,Eibar,Getafe,0,1,A,2019-20
La Liga,2019-12-08,Leganés,Celta Vigo,3,2,H,2019-20
La Liga,2019-12-08,Osasuna,Sevilla,1,1,D,2019-20
La Liga,2019-12-08,Real Betis,Athletic Club,3,2,H,2019-20
La Liga,2019-12-08,Real Valladolid,Real Sociedad,0,0,D,2019-20
La Liga,2019-12-13,Alavés,Leganés,1,1,D,2019-20
La Liga,2019-12-14,Athletic Club,Eibar,0,0,D,2019-20
La Liga,2019-12-14,Atlético Madrid,Osasuna,2,0,H,2019-20
La Liga,2019-12-14,Granada,Levante,1,2,A,2019-20
La Liga,2019-12-14,Real Sociedad,Barcelona,2,2,D,2019-20
La Liga,2019-12-15,Celta Vigo,Mallorca,2,2,D,2019-20
La Liga,2019-12-15,Espanyol,Real Betis,2,2,D,2019-20
La Liga,2019-12-15,Getafe,Real Valladolid,2,0,H,2019-20
La Liga,2019-12-15,Sevilla,Villarreal,1,2,A,2019-20
La Liga,2019-12-15,Valencia,Real Madrid,1,1,D,2019-20
La Liga,2019-12-18,Barcelona,Real Madrid,0,0,D,2019-20
La Liga,2019-12-20,Eibar,Granada,3,0,H,2019-20
La Liga,2019-12-21,Barcelona,Alavés,4,1,H,2019-20
La Liga,2019-12-21,Mallorca,Sevilla,0,2,A,2019-20
La Liga,2019-12-21,Real Valladolid,Valencia,1,1,D,2019-20
La Liga,2019-12-21,Villarreal,Getafe,1,0,H,2019-20
La Liga,2019-12-22,Leganés,Espanyol,2,0,H,2019-20
La Liga,2019-12-22,Levante,Celta Vigo,3,1,H,2019-20
La Liga,2019-12-22,Osasuna,Real Sociedad,3,4,A,2019-20
La Liga,2019-12-22,Real Betis,Atlético Madrid,1,2,A,2019-20
La Liga,2019-12-22,Real Madrid,Athletic Club,0,0,D,2019-20
La Liga,2020-01-03,Real Valladolid,Leganés,2,2,D,2019-20
La Liga,2020-01-03,Sevilla,Athletic Club,1,1,D,2019-20
La Liga,2020-01-04,Atlético Madrid,Levante,2,1,H,2019-20
La Liga,2020-01-04,Espanyol,Barcelona,2,2,D,2019-20
La Liga,2020-01-04,Getafe,Real Madrid,0,3,A,2019-20
La Liga,2020-01-04,Valencia,Eibar,1,0,H,2019-20
La Liga,2020-01-05,Alavés,Real Betis,1,1,D,2019-20
La Liga,2020-01-05,Celta Vigo,Osasuna,1,1,D,2019-20
La Liga,2020-01-05,Granada,Mallorca,1,0,H,2019-20
La Liga,2020-01-05,Real Sociedad,Villarreal,1,2,A,2019-20
La Liga,2020-01-17,Leganés,Getafe,0,3,A,2019-20
La Liga,2020-01-18,Eibar,Atlético Madrid,2,0,H,2019-20
La Liga,2020-01-18,Levante,Alavés,0,1,A,2019-20
La Liga,2020-01-18,Osasuna,Real Valladolid,0,0,D,2019-20
La Liga,2020-01-18,Real Madrid,Sevilla,2,1,H,2019-20
La Liga,2020-01-19,Athletic Club,Celta Vigo,1,1,D,2019-20
La Liga,2020-01-19,Barcelona,Granada,1,0,H,2019-20
La Liga,2020-01-19,Mallorca,Valencia,4,1,H,2019-20
La Liga,2020-01-19,Real Betis,Real Sociedad,3,0,H,2019-20
La Liga,2020-01-19,Villarreal,Espanyol,1,2,A,2019-20
La Liga,2020-01-24,Osasuna,Levante,2,0,H,2019-20
La Liga,2020-01-25,Alavés,Villarreal,1,2,A,2019-20
La Liga,2020-01-25,Espanyol,Athletic Club,1,1,D,2019-20
La Liga,2020-01-25,Sevilla,Granada,2,0,H,2019-20
La Liga,2020-01-25,Valencia,Barcelona,2,0,H,2019-20
La Liga,2020-01-26,Atlético Madrid,Leganés,0,0,D,2019-20
La Liga,2020-01-26,Celta Vigo,Eibar,0,0,D,2019-20
La Liga,2020-01-26,Getafe,Real Betis,1,0,H,2019-20
La Liga,2020-01-26,Real Sociedad,Mallorca,3,0,H,2019-20
La Liga,2020-01-26,Real Valladolid,Real Madrid,0,1,A,2019-20
La Liga,2020-02-01,Granada,Espanyol,2,1,H,2019-20
La Liga,2020-02-01,Mallorca,Real Valladolid,0,1,A,2019-20
La Liga,2020-02-01,Real Madrid,Atlético Madrid,1,0,H,2019-20
La Liga,2020-02-01,Valencia,Celta Vigo,1,0,H,2019-20
La Liga,2020-02-02,Athletic Club,Getafe,0,2,A,2019-20
La Liga,2020-02-02,Barcelona,Levante,2,1,H,2019-20
La Liga,2020-02-02,Eibar,Real Betis,1,1,D,2019-20
La Liga,2020-02-02,Leganés,Real Sociedad,2,1,H,2019-20
La Liga,2020-02-02,Sevilla,Alavés,1,1,D,2019-20
La Liga,2020-02-02,Villarreal,Osasuna,3,1,H,2019-20
La Liga,2020-02-07,Alavés,Eibar,2,1,H,2019-20
La Liga,2020-02-08,Atlético Madrid,Granada,1,0,H,2019-20
La Liga,2020-02-08,Getafe,Valencia,3,0,H,2019-20
La Liga,2020-02-08,Levante,Leganés,2,0,H,2019-20
La Liga,2020-02-08,Real Valladolid,Villarreal,1,1,D,2019-20
La Liga,2020-02-09,Celta Vigo,Sevilla,2,1,H,2019-20
La Liga,2020-02-09,Espanyol,Mallorca,1,0,H,2019-20
La Liga,2020-02-09,Osasuna,Real Madrid,1,4,A,2019-20
La Liga,2020-02-09,Real Betis,Barcelona,2,3,A,2019-20
La Liga,2020-02-09,Real Sociedad,Athletic Club,2,1,H,2019-20
La Liga,2020-02-14,Valencia,Atlético Madrid,2,2,D,2019-20
La Liga,2020-02-15,Barcelona,Getafe,2,1,H,2019-20
La Liga,2020-02-15,Granada,Real Valladolid,2,1,H,2019-20
La Liga,2020-02-15,Mallorca,Alavés,1,0,H,2019-20
La Liga,2020-02-15,Villarreal,Levante,2,1,H,2019-20
La Liga,2020-02-16,Athletic Club,Osasuna,0,1,A,2019-20
La Liga,2020-02-16,Leganés,Real Betis,0,0,D,2019-20
La Liga,2020-02-16,Real Madrid,Celta Vigo,2,2,D,2019-20
La Liga,2020-02-16,Sevilla,Espanyol,2,2,D,2019-20
La Liga,2020-02-21,Real Betis,Mallorca,3,3,D,2019-20
La Liga,2020-02-22,Barcelona,Eibar,5,0,H,2019-20
La Liga,2020-02-22,Celta Vigo,Leganés,1,0,H,2019-20
La Liga,2020-02-22,Levante,Real Madrid,1,0,H,2019-20
La Liga,2020-02-22,Real Sociedad,Valencia,3,0,H,2019-20
La Liga,2020-02-23,Alavés,Athletic Club,2,1,H,2019-20
La Liga,2020-02-23,Atlético Madrid,Villarreal,3,1,H,2019-20
La Liga,2020-02-23,Getafe,Sevilla,0,3,A,2019-20
La Liga,2020-02-23,Osasuna,Granada,0,3,A,2019-20
La Liga,2020-02-23,Real Valladolid,Espanyol,2,1,H,2019-20
La Liga,2020-02-28,Real Sociedad,Real Valladolid,1,0,H,2019-20
La Liga,2020-02-29,Eibar,Levante,3,0,H,2019-20
La Liga,2020-02-29,Granada,Celta Vigo,0,0,D,2019-20
La Liga,2020-02-29,Leganés,Alavés,1,1,D,2019-20
La Liga,2020-02-29,Valencia,Real Betis,2,1,H,2019-20
La Liga,2020-03-01,Athletic Club,Villarreal,1,0,H,2019-20
La Liga,2020-03-01,Espanyol,Atlético Madrid,1,1,D,2019-20
La Liga,2020-03-01,Mallorca,Getafe,0,1,A,2019-20
La Liga,2020-03-01,Real Madrid,Barcelona,2,0,H,2019-20
La Liga,2020-03-01,Sevilla,Osasuna,3,2,H,2019-20
La Liga,2020-03-06,Alavés,Valencia,1,1,D,2019-20
La Liga,2020-03-07,Atlético Madrid,Sevilla,2,2,D,2019-20
La Liga,2020-03-07,Barcelona,Real Sociedad,1,0,H,2019-20
La Liga,2020-03-07,Eibar,Mallorca,1,2,A,2019-20
La Liga,2020-03-07,Getafe,Celta Vigo,0,0,D,2019-20
La Liga,2020-03-08,Levante,Granada,1,1,D,2019-20
La Liga,2020-03-08,Osasuna,Espanyol,1,0,H,2019-20
La Liga,2020-03-08,Real Betis,Real Madrid,2,1,H,2019-20
La Liga,2020-03-08,Real Valladolid,Athletic Club,1,4,A,2019-20
La Liga,2020-03-08,Villarreal,Leganés,1,2,A,2019-20
La Liga,2020-03-10,Eibar,Real Sociedad,1,2,A,2019-20
La Liga,2020-06-11,Sevilla,Real Betis,2,0,H,2019-20
La Liga,2020-06-12,Granada,Getafe,2,1,H,2019-20
La Liga,2020-06-12,Valencia,Levante,1,1,D,2019-20
La Liga,2020-06-13,Celta Vigo,Villarreal,0,1,A,2019-20
La Liga,2020-06-13,Espanyol,Alavés,2,0,H,2019-20
La Liga,2020-06-13,Leganés,Real Valladolid,1,2,A,2019-20
La Liga,2020-06-13,Mallorca,Barcelona,0,4,A,2019-20
La Liga,2020-06-14,Athletic Club,Atlético Madrid,1,1,D,2019-20
La Liga,2020-06-14,Real Madrid,Eibar,3,1,H,2019-20
La Liga,2020-06-14,Real Sociedad,Osasuna,1,1,D,2019-20
La Liga,2020-06-15,Levante,Sevilla,1,1,D,2019-20
La Liga,2020-06-15,Real Betis,Granada,2,2,D,2019-20
La Liga,2020-06-16,Barcelona,Leganés,2,0,H,2019-20
La Liga,2020-06-16,Getafe,Espanyol,0,0,D,2019-20
La Liga,2020-06-16,Villarreal,Mallorca,1,0,H,2019-20
La Liga,2020-06-17,Eibar,Athletic Club,2,2,D,2019-20
La Liga,2020-06-17,Osasuna,Atlético Madrid,0,5,A,2019-20
La Liga,2020-06-17,Real Valladolid,Celta Vigo,0,0,D,2019-20
La Liga,2020-06-18,Alavés,Real Sociedad,2,0,H,2019-20
La Liga,2020-06-18,Real Madrid,Valencia,3,0,H,2019-20
La Liga,2020-06-19,Granada,Villarreal,0,1,A,2019-20
La Liga,2020-06-19,Mallorca,Leganés,1,1,D,2019-20
La Liga,2020-06-19,Sevilla,Barcelona,0,0,D,2019-20
La Liga,2020-06-20,Athletic Club,Real Betis,1,0,H,2019-20
La Liga,2020-06-20,Atlético Madrid,Real Valladolid,1,0,H,2019-20
La Liga,2020-06-20,Espanyol,Levante,1,3,A,2019-20
La Liga,2020-06-20,Getafe,Eibar,1,1,D,2019-20
La Liga,2020-06-21,Celta Vigo,Alavés,6,0,H,2019-20
La Liga,2020-06-21,Real Sociedad,Real Madrid,1,2,A,2019-20
La Liga,2020-06-21,Valencia,Osasuna,2,0,H,2019-20
La Liga,2020-06-22,Leganés,Granada,0,0,D,2019-20
La Liga,2020-06-22,Villarreal,Sevilla,2,2,D,2019-20
La Liga,2020-06-23,Barcelona,Athletic Club,1,0,H,2019-20
La Liga,2020-06-23,Levante,Atlético Madrid,0,1,A,2019-20
La Liga,2020-06-23,Real Valladolid,Getafe,1,1,D,2019-20
La Liga,2020-06-24,Alavés,Osasuna,0,1,A,2019-20
La Liga,2020-06-24,Real Madrid,Mallorca,2,0,H,2019-20
La Liga,2020-06-24,Real Sociedad,Celta Vigo,0,1,A,2019-20
La Liga,2020-06-25,Eibar,Valencia,1,0,H,2019-20
La Liga,2020-06-25,Real Betis,Espanyol,1,0,H,2019-20
La Liga,2020-06-26,Sevilla,Real Valladolid,1,1,D,2019-20
La Liga,2020-06-27,Athletic Club,Mallorca,3,1,H,2019-20
La Liga,2020-06-27,Atlético Madrid,Alavés,2,1,H,2019-20
La Liga,2020-06-27,Celta Vigo,Barcelona,2,2,D,2019-20
La Liga,2020-06-27,Osasuna,Leganés,2,1,H,2019-20
La Liga,2020-06-28,Espanyol,Real Madrid,0,1,A,2019-20
La Liga,2020-06-28,Granada,Eibar,1,2,A,2019-20
La Liga,2020-06-28,Levante,Real Betis,4,2,H,2019-20
La Liga,2020-06-28,Villarreal,Valencia,2,0,H,2019-20
La Liga,2020-06-29,Getafe,Real Sociedad,2,1,H,2019-20
La Liga,2020-06-30,Barcelona,Atlético Madrid,2,2,D,2019-20
La Liga,2020-06-30,Leganés,Sevilla,0,3,A,2019-20
La Liga,2020-06-30,Mallorca,Celta Vigo,5,1,H,2019-20
La Liga,2020-07-01,Alavés,Granada,0,2,A,2019-20
La Liga,2020-07-01,Real Betis,Villarreal,0,2,A,2019-20
La Liga,2020-07-01,Real Valladolid,Levante,0,0,D,2019-20
La Liga,2020-07-01,Valencia,Athletic Club,0,2,A,2019-20
La Liga,2020-07-02,Eibar,Osasuna,0,2,A,2019-20
La Liga,2020-07-02,Real Madrid,Getafe,1,0,H,2019-20
La Liga,2020-07-02,Real Sociedad,Espanyol,2,1,H,2019-20
La Liga,2020-07-03,Atlético Madrid,Mallorca,3,0,H,2019-20
La Liga,2020-07-04,Celta Vigo,Real Betis,1,1,D,2019-20
La Liga,2020-07-04,Granada,Valencia,2,2,D,2019-20
La Liga,2020-07-04,Real Valladolid,Alavés,1,0,H,2019-20
La Liga,2020-07-05,Athletic Club,Real Madrid,0,1,A,2019-20
La Liga,2020-07-05,Espanyol,Leganés,0,1,A,2019-20
La Liga,2020-07-05,Osasuna,Getafe,0,0,D,2019-20
La Liga,2020-07-05,Villarreal,Barcelona,1,4,A,2019-20
La Liga,2020-07-06,Levante,Real Sociedad,1,1,D,2019-20
La Liga,2020-07-06,Sevilla,Eibar,1,0,H,2019-20
La Liga,2020-07-07,Celta Vigo,Atlético Madrid,1,1,D,2019-20
La Liga,2020-07-07,Valencia,Real Valladolid,2,1,H,2019-20
La Liga,2020-07-08,Barcelona,Espanyol,1,0,H,2019-20
La Liga,2020-07-08,Getafe,Villarreal,1,3,A,2019-20
La Liga,2020-07-08,Real Betis,Osasuna,3,0,H,2019-20
La Liga,2020-07-09,Athletic Club,Sevilla,1,2,A,2019-20
La Liga,2020-07-09,Eibar,Leganés,0,0,D,2019-20
La Liga,2020-07-09,Mallorca,Levante,2,0,H,2019-20
La Liga,2020-07-10,Real Madrid,Alavés,2,0,H,2019-20
La Liga,2020-07-10,Real Sociedad,Granada,2,3,A,2019-20
La Liga,2020-07-11,Atlético Madrid,Real Betis,1,0,H,2019-20
La Liga,2020-07-11,Osasuna,Celta Vigo,2,1,H,2019-20
La Liga,2020-07-11,Real Valladolid,Barcelona,0,1,A,2019-20
La Liga,2020-07-12,Espanyol,Eibar,0,2,A,2019-20
La Liga,2020-07-12,Leganés,Valencia,1,0,H,2019-20
La Liga,2020-07-12,Levante,Athletic Club,1,2,A,2019-20
La Liga,2020-07-12,Sevilla,Mallorca,2,0,H,2019-20
La Liga,2020-07-13,Alavés,Getafe,0,0,D,2019-20
La Liga,2020-07-13,Granada,Real Madrid,1,2,A,2019-20
La Liga,2020-07-13,Villarreal,Real Sociedad,1,2,A,2019-20
La Liga,2020-07-16,Athletic Club,Leganés,0,2,A,2019-20
La Liga,2020-07-16,Barcelona,Osasuna,1,2,A,2019-20
La Liga,2020-07-16,Celta Vigo,Levante,2,3,A,2019-20
La Liga,2020-07-16,Eibar,Real Valladolid,3,1,H,2019-20
La Liga,2020-07-16,Getafe,Atlético Madrid,0,2,A,2019-20
La Liga,2020-07-16,Mallorca,Granada,1,2,A,2019-20
La Liga,2020-07-16,Real Betis,Alavés,1,2,A,2019-20
La Liga,2020-07-16,Real Madrid,Villarreal,2,1,H,2019-20
La Liga,2020-07-16,Real Sociedad,Sevilla,0,0,D,2019-20
La Liga,2020-07-16,Valencia,Espanyol,1,0,H,2019-20
La Liga,2020-07-19,Alavés,Barcelona,0,5,A,2019-20
La Liga,2020-07-19,Atlético Madrid,Real Sociedad,1,1,D,2019-20
La Liga,2020-07-19,Espanyol,Celta Vigo,0,0,D,2019-20
La Liga,2020-07-19,Granada,Athletic Club,4,0,H,2019-20
La Liga,2020-07-19,Leganés,Real Madrid,2,2,D,2019-20
La Liga,2020-07-19,Levante,Getafe,1,0,H,2019-20
La Liga,2020-07-19,Osasuna,Mallorca,2,2,D,2019-20
La Liga,2020-07-19,Real Valladolid,Real Betis,2,0,H,2019-20
La Liga,2020-07-19,Sevilla,Valencia,1,0,H,2019-20
La Liga,2020-07-19,Villarreal,Eibar,4,0,H,2019-20
La Liga,2020-09-12,Cádiz,Osasuna,0,2,A,2020-21
La Liga,2020-09-12,Eibar,Celta Vigo,0,0,D,2020-21
La Liga,2020-09-12,Granada,Athletic Club,2,0,H,2020-21
La Liga,2020-09-13,Alavés,Real Betis,0,1,A,2020-21
La Liga,2020-09-13,Real Valladolid,Real Sociedad,1,1,D,2020-21
La Liga,2020-09-13,Valencia,Levante,4,2,H,2020-21
La Liga,2020-09-13,Villarreal,Huesca,1,1,D,2020-21
La Liga,2020-09-19,Celta Vigo,Valencia,2,1,H,2020-21
La Liga,2020-09-19,Getafe,Osasuna,1,0,H,2020-21
La Liga,2020-09-19,Villarreal,Eibar,2,1,H,2020-21
La Liga,2020-09-20,Granada,Alavés,2,1,H,2020-21
La Liga,2020-09-20,Huesca,Cádiz,0,2,A,2020-21
La Liga,2020-09-20,Real Betis,Real Valladolid,2,0,H,2020-21
La Liga,2020-09-20,Real Sociedad,Real Madrid,0,0,D,2020-21
La Liga,2020-09-26,Alavés,Getafe,0,0,D,2020-21
La Liga,2020-09-26,Elche,Real Sociedad,0,3,A,2020-21
La Liga,2020-09-26,Real Betis,Real Madrid,2,3,A,2020-21
La Liga,2020-09-26,Valencia,Huesca,1,1,D,2020-21
La Liga,2020-09-27,Atlético Madrid,Granada,6,1,H,2020-21
La Liga,2020-09-27,Barcelona,Villarreal,4,0,H,2020-21
La Liga,2020-09-27,Cádiz,Sevilla,1,3,A,2020-21
La Liga,2020-09-27,Eibar,Athletic Club,1,2,A,2020-21
La Liga,2020-09-27,Osasuna,Levante,1,3,A,2020-21
La Liga,2020-09-27,Real Valladolid,Celta Vigo,1,1,D,2020-21
La Liga,2020-09-29,Getafe,Real Betis,3,0,H,2020-21
La Liga,2020-09-29,Real Sociedad,Valencia,0,1,A,2020-21
La Liga,2020-09-30,Eibar,Elche,0,1,A,2020-21
La Liga,2020-09-30,Huesca,Atlético Madrid,0,0,D,2020-21
La Liga,2020-09-30,Real Madrid,Real Valladolid,1,0,H,2020-21
La Liga,2020-09-30,Villarreal,Alavés,3,1,H,2020-21
La Liga,2020-10-01,Athletic Club,Cádiz,0,1,A,2020-21
La Liga,2020-10-01,Celta Vigo,Barcelona,0,3,A,2020-21
La Liga,2020-10-01,Sevilla,Levante,1,0,H,2020-21
La Liga,2020-10-03,Atlético Madrid,Villarreal,0,0,D,2020-21
La Liga,2020-10-03,Elche,Huesca,0,0,D,2020-21
La Liga,2020-10-03,Real Sociedad,Getafe,3,0,H,2020-21
La Liga,2020-10-03,Real Valladolid,Eibar,1,2,A,2020-21
La Liga,2020-10-03,Valencia,Real Betis,0,2,A,2020-21
La Liga,2020-10-04,Alavés,Athletic Club,1,0,H,2020-21
La Liga,2020-10-04,Barcelona,Sevilla,1,1,D,2020-21
La Liga,2020-10-04,Cádiz,Granada,1,1,D,2020-21
La Liga,2020-10-04,Levante,Real Madrid,0,2,A,2020-21
La Liga,2020-10-04,Osasuna,Celta Vigo,2,0,H,2020-21
La Liga,2020-10-17,Celta Vigo,Atlético Madrid,0,2,A,2020-21
La Liga,2020-10-17,Getafe,Barcelona,1,0,H,2020-21
La Liga,2020-10-17,Granada,Sevilla,1,0,H,2020-21
La Liga,2020-10-17,Real Madrid,Cádiz,0,1,A,2020-21
La Liga,2020-10-18,Alavés,Elche,0,2,A,2020-21
La Liga,2020-10-18,Athletic Club,Levante,2,0,H,2020-21
La Liga,2020-10-18,Eibar,Osasuna,0,0,D,2020-21
La Liga,2020-10-18,Huesca,Real Valladolid,2,2,D,2020-21
La Liga,2020-10-18,Real Betis,Real Sociedad,0,3,A,2020-21
La Liga,2020-10-18,Villarreal,Valencia,2,1,H,2020-21
La Liga,2020-10-23,Elche,Valencia,2,1,H,2020-21
La Liga,2020-10-24,Atlético Madrid,Real Betis,2,0,H,2020-21
La Liga,2020-10-24,Barcelona,Real Madrid,1,3,A,2020-21
La Liga,2020-10-24,Osasuna,Athletic Club,1,0,H,2020-21
La Liga,2020-10-24,Sevilla,Eibar,0,1,A,2020-21
La Liga,2020-10-25,Cádiz,Villarreal,0,0,D,2020-21
La Liga,2020-10-25,Getafe,Granada,0,1,A,2020-21
La Liga,2020-10-25,Real Sociedad,Huesca,4,1,H,2020-21
La Liga,2020-10-25,Real Valladolid,Alavés,0,2,A,2020-21
La Liga,2020-10-26,Levante,Celta Vigo,1,1,D,2020-21
La Liga,2020-10-30,Eibar,Cádiz,0,2,A,2020-21
La Liga,2020-10-31,Alavés,Barcelona,1,1,D,2020-21
La Liga,2020-10-31,Athletic Club,Sevilla,2,1,H,2020-21
La Liga,2020-10-31,Osasuna,Atlético Madrid,1,3,A,2020-21
La Liga,2020-10-31,Real Madrid,Huesca,4,1,H,2020-21
La Liga,2020-11-01,Celta Vigo,Real Sociedad,1,4,A,2020-21
La Liga,2020-11-01,Granada,Levante,1,1,D,2020-21
La Liga,2020-11-01,Real Betis,Elche,3,1,H,2020-21
La Liga,2020-11-01,Valencia,Getafe,2,2,D,2020-21
La Liga,2020-11-02,Villarreal,Real Valladolid,2,0,H,2020-21
La Liga,2020-11-06,Elche,Celta Vigo,1,1,D,2020-21
La Liga,2020-11-07,Atlético Madrid,Cádiz,4,0,H,2020-21
La Liga,2020-11-07,Barcelona,Real Betis,5,2,H,2020-21
La Liga,2020-11-07,Huesca,Eibar,1,1,D,2020-21
La Liga,2020-11-07,Sevilla,Osasuna,1,0,H,2020-21
La Liga,2020-11-08,Getafe,Villarreal,1,3,A,2020-21
La Liga,2020-11-08,Levante,Alavés,1,1,D,2020-21
La Liga,2020-11-08,Real Sociedad,Granada,2,0,H,2020-21
La Liga,2020-11-08,Real Valladolid,Athletic Club,2,1,H,2020-21
La Liga,2020-11-08,Valencia,Real Madrid,4,1,H,2020-21
La Liga,2020-11-20,Osasuna,Huesca,1,1,D,2020-21
La Liga,2020-11-21,Atlético Madrid,Barcelona,1,0,H,2020-21
La Liga,2020-11-21,Levante,Elche,1,1,D,2020-21
La Liga,2020-11-21,Sevilla,Celta Vigo,4,2,H,2020-21
La Liga,2020-11-21,Villarreal,Real Madrid,1,1,D,2020-21
La Liga,2020-11-22,Alavés,Valencia,2,2,D,2020-21
La Liga,2020-11-22,Cádiz,Real Sociedad,0,1,A,2020-21
La Liga,2020-11-22,Eibar,Getafe,0,0,D,2020-21
La Liga,2020-11-22,Granada,Real Valladolid,1,3,A,2020-21
La Liga,2020-11-23,Athletic Club,Real Betis,4,0,H,2020-21
La Liga,2020-11-27,Real Valladolid,Levante,1,1,D,2020-21
La Liga,2020-11-28,Elche,Cádiz,1,1,D,2020-21
La Liga,2020-11-28,Huesca,Sevilla,0,1,A,2020-21
La Liga,2020-11-28,Real Madrid,Alavés,1,2,A,2020-21
La Liga,2020-11-28,Valencia,Atlético Madrid,0,1,A,2020-21
La Liga,2020-11-29,Barcelona,Osasuna,4,0,H,2020-21
La Liga,2020-11-29,Celta Vigo,Granada,3,1,H,2020-21
La Liga,2020-11-29,Getafe,Athletic Club,1,1,D,2020-21
La Liga,2020-11-29,Real Sociedad,Villarreal,1,1,D,2020-21
La Liga,2020-11-30,Real Betis,Eibar,0,2,A,2020-21
La Liga,2020-12-04,Athletic Club,Celta Vigo,0,2,A,2020-21
La Liga,2020-12-05,Atlético Madrid,Real Valladolid,2,0,H,2020-21
La Liga,2020-12-05,Cádiz,Barcelona,2,1,H,2020-21
La Liga,2020-12-05,Levante,Getafe,3,0,H,2020-21
La Liga,2020-12-05,Sevilla,Real Madrid,0,1,A,2020-21
La Liga,2020-12-06,Alavés,Real Sociedad,0,0,D,2020-21
La Liga,2020-12-06,Granada,Huesca,3,3,D,2020-21
La Liga,2020-12-06,Osasuna,Real Betis,0,2,A,2020-21
La Liga,2020-12-06,Villarreal,Elche,0,0,D,2020-21
La Liga,2020-12-07,Eibar,Valencia,0,0,D,2020-21
La Liga,2020-12-11,Real Valladolid,Osasuna,3,2,H,2020-21
La Liga,2020-12-12,Getafe,Sevilla,0,1,A,2020-21
La Liga,2020-12-12,Huesca,Alavés,1,0,H,2020-21
La Liga,2020-12-12,Real Madrid,Atlético Madrid,2,0,H,2020-21
La Liga,2020-12-12,Valencia,Athletic Club,2,2,D,2020-21
La Liga,2020-12-13,Barcelona,Levante,1,0,H,2020-21
La Liga,2020-12-13,Elche,Granada,0,1,A,2020-21
La Liga,2020-12-13,Real Betis,Villarreal,1,1,D,2020-21
La Liga,2020-12-13,Real Sociedad,Eibar,1,1,D,2020-21
La Liga,2020-12-14,Celta Vigo,Cádiz,4,0,H,2020-21
La Liga,2020-12-15,Real Madrid,Athletic Club,3,1,H,2020-21
La Liga,2020-12-16,Barcelona,Real Sociedad,2,1,H,2020-21
La Liga,2020-12-18,Athletic Club,Huesca,2,0,H,2020-21
La Liga,2020-12-19,Atlético Madrid,Elche,3,1,H,2020-21
La Liga,2020-12-19,Barcelona,Valencia,2,2,D,2020-21
La Liga,2020-12-19,Levante,Real Sociedad,2,1,H,2020-21
La Liga,2020-12-19,Osasuna,Villarreal,1,3,A,2020-21
La Liga,2020-12-19,Sevilla,Real Valladolid,1,1,D,2020-21
La Liga,2020-12-20,Celta Vigo,Alavés,2,0,H,2020-21
La Liga,2020-12-20,Cádiz,Getafe,0,2,A,2020-21
La Liga,2020-12-20,Eibar,Real Madrid,1,3,A,2020-21
La Liga,2020-12-20,Granada,Real Betis,2,0,H,2020-21
La Liga,2020-12-22,Elche,Osasuna,2,2,D,2020-21
La Liga,2020-12-22,Huesca,Levante,1,1,D,2020-21
La Liga,2020-12-22,Real Sociedad,Atlético Madrid,0,2,A,2020-21
La Liga,2020-12-22,Real Valladolid,Barcelona,0,3,A,2020-21
La Liga,2020-12-22,Valencia,Sevilla,0,1,A,2020-21
La Liga,2020-12-22,Villarreal,Athletic Club,1,1,D,2020-21
La Liga,2020-12-23,Alavés,Eibar,2,1,H,2020-21
La Liga,2020-12-23,Getafe,Celta Vigo,1,1,D,2020-21
La Liga,2020-12-23,Real Betis,Cádiz,1,0,H,2020-21
La Liga,2020-12-23,Real Madrid,Granada,2,0,H,2020-21
La Liga,2020-12-29,Barcelona,Eibar,1,1,D,2020-21
La Liga,2020-12-29,Cádiz,Real Valladolid,0,0,D,2020-21
La Liga,2020-12-29,Levante,Real Betis,4,3,H,2020-21
La Liga,2020-12-29,Sevilla,Villarreal,2,0,H,2020-21
La Liga,2020-12-30,Atlético Madrid,Getafe,1,0,H,2020-21
La Liga,2020-12-30,Celta Vigo,Huesca,2,1,H,2020-21
La Liga,2020-12-30,Elche,Real Madrid,1,1,D,2020-21
La Liga,2020-12-30,Granada,Valencia,2,1,H,2020-21
La Liga,2020-12-31,Athletic Club,Real Sociedad,0,1,A,2020-21
La Liga,2020-12-31,Osasuna,Alavés,1,1,D,2020-21
La Liga,2021-01-02,Getafe,Real Valladolid,0,1,A,2020-21
La Liga,2021-01-02,Real Betis,Sevilla,1,1,D,2020-21
La Liga,2021-01-02,Real Madrid,Celta Vigo,2,0,H,2020-21
La Liga,2021-01-02,Villarreal,Levante,2,1,H,2020-21
La Liga,2021-01-03,Alavés,Atlético Madrid,1,2,A,2020-21
La Liga,2021-01-03,Athletic Club,Elche,1,0,H,2020-21
La Liga,2021-01-03,Eibar,Granada,2,0,H,2020-21
La Liga,2021-01-03,Huesca,Barcelona,0,1,A,2020-21
La Liga,2021-01-03,Real Sociedad,Osasuna,1,1,D,2020-21
La Liga,2021-01-04,Valencia,Cádiz,1,1,D,2020-21
La Liga,2021-01-06,Athletic Club,Barcelona,2,3,A,2020-21
La Liga,2021-01-08,Celta Vigo,Villarreal,0,4,A,2020-21
La Liga,2021-01-09,Granada,Barcelona,0,4,A,2020-21
La Liga,2021-01-09,Osasuna,Real Madrid,0,0,D,2020-21
La Liga,2021-01-09,Sevilla,Real Sociedad,3,2,H,2020-21
La Liga,2021-01-10,Cádiz,Alavés,3,1,H,2020-21
La Liga,2021-01-10,Levante,Eibar,2,1,H,2020-21
La Liga,2021-01-10,Real Valladolid,Valencia,0,1,A,2020-21
La Liga,2021-01-11,Elche,Getafe,1,3,A,2020-21
La Liga,2021-01-11,Huesca,Real Betis,0,2,A,2020-21
La Liga,2021-01-12,Atlético Madrid,Sevilla,2,0,H,2020-21
La Liga,2021-01-12,Granada,Osasuna,2,0,H,2020-21
La Liga,2021-01-19,Alavés,Sevilla,1,2,A,2020-21
La Liga,2021-01-19,Cádiz,Levante,2,2,D,2020-21
La Liga,2021-01-19,Real Valladolid,Elche,2,2,D,2020-21
La Liga,2021-01-20,Getafe,Huesca,1,0,H,2020-21
La Liga,2021-01-20,Real Betis,Celta Vigo,2,1,H,2020-21
La Liga,2021-01-20,Villarreal,Granada,2,2,D,2020-21
La Liga,2021-01-21,Eibar,Atlético Madrid,1,2,A,2020-21
La Liga,2021-01-21,Valencia,Osasuna,1,1,D,2020-21
La Liga,2021-01-22,Levante,Real Valladolid,2,2,D,2020-21
La Liga,2021-01-23,Alavés,Real Madrid,1,4,A,2020-21
La Liga,2021-01-23,Huesca,Villarreal,0,0,D,2020-21
La Liga,2021-01-23,Real Sociedad,Real Betis,2,2,D,2020-21
La Liga,2021-01-23,Sevilla,Cádiz,3,0,H,2020-21
La Liga,2021-01-24,Atlético Madrid,Valencia,3,1,H,2020-21
La Liga,2021-01-24,Celta Vigo,Eibar,1,1,D,2020-21
La Liga,2021-01-24,Elche,Barcelona,0,2,A,2020-21
La Liga,2021-01-24,Osasuna,Granada,3,1,H,2020-21
La Liga,2021-01-25,Athletic Club,Getafe,5,1,H,2020-21
La Liga,2021-01-29,Real Valladolid,Huesca,1,3,A,2020-21
La Liga,2021-01-30,Eibar,Sevilla,0,2,A,2020-21
La Liga,2021-01-30,Real Madrid,Levante,1,2,A,2020-21
La Liga,2021-01-30,Valencia,Elche,1,0,H,2020-21
La Liga,2021-01-30,Villarreal,Real Sociedad,1,1,D,2020-21
La Liga,2021-01-31,Barcelona,Athletic Club,2,1,H,2020-21
La Liga,2021-01-31,Cádiz,Atlético Madrid,2,4,A,2020-21
La Liga,2021-01-31,Getafe,Alavés,0,0,D,2020-21
La Liga,2021-01-31,Granada,Celta Vigo,0,0,D,2020-21
La Liga,2021-02-01,Real Betis,Osasuna,1,0,H,2020-21
La Liga,2021-02-05,Alavés,Real Valladolid,1,0,H,2020-21
La Liga,2021-02-06,Elche,Villarreal,2,2,D,2020-21
La Liga,2021-02-06,Huesca,Real Madrid,1,2,A,2020-21
La Liga,2021-02-06,Levante,Granada,2,2,D,2020-21
La Liga,2021-02-06,Sevilla,Getafe,3,0,H,2020-21
La Liga,2021-02-07,Athletic Club,Valencia,1,1,D,2020-21
La Liga,2021-02-07,Osasuna,Eibar,2,1,H,2020-21
La Liga,2021-02-07,Real Betis,Barcelona,2,3,A,2020-21
La Liga,2021-02-07,Real Sociedad,Cádiz,4,1,H,2020-21
La Liga,2021-02-08,Atlético Madrid,Celta Vigo,2,2,D,2020-21
La Liga,2021-02-09,Real Madrid,Getafe,2,0,H,2020-21
La Liga,2021-02-12,Celta Vigo,Elche,3,1,H,2020-21
La Liga,2021-02-13,Barcelona,Alavés,5,1,H,2020-21
La Liga,2021-02-13,Eibar,Real Valladolid,1,1,D,2020-21
La Liga,2021-02-13,Granada,Atlético Madrid,1,2,A,2020-21
La Liga,2021-02-13,Sevilla,Huesca,1,0,H,2020-21
La Liga,2021-02-14,Getafe,Real Sociedad,0,1,A,2020-21
La Liga,2021-02-14,Levante,Osasuna,0,1,A,2020-21
La Liga,2021-02-14,Real Madrid,Valencia,2,0,H,2020-21
La Liga,2021-02-14,Villarreal,Real Betis,1,2,A,2020-21
La Liga,2021-02-15,Cádiz,Athletic Club,0,4,A,2020-21
La Liga,2021-02-17,Levante,Atlético Madrid,1,1,D,2020-21
La Liga,2021-02-19,Real Betis,Getafe,1,0,H,2020-21
La Liga,2021-02-20,Atlético Madrid,Levante,0,2,A,2020-21
La Liga,2021-02-20,Elche,Eibar,1,0,H,2020-21
La Liga,2021-02-20,Real Valladolid,Real Madrid,0,1,A,2020-21
La Liga,2021-02-20,Valencia,Celta Vigo,2,0,H,2020-21
La Liga,2021-02-21,Athletic Club,Villarreal,1,1,D,2020-21
La Liga,2021-02-21,Barcelona,Cádiz,1,1,D,2020-21
La Liga,2021-02-21,Huesca,Granada,3,2,H,2020-21
La Liga,2021-02-21,Real Sociedad,Alavés,4,0,H,2020-21
La Liga,2021-02-22,Osasuna,Sevilla,0,2,A,2020-21
La Liga,2021-02-24,Barcelona,Elche,3,0,H,2020-21
La Liga,2021-02-26,Levante,Athletic Club,1,1,D,2020-21
La Liga,2021-02-27,Alavés,Osasuna,0,1,A,2020-21
La Liga,2021-02-27,Eibar,Huesca,1,1,D,2020-21
La Liga,2021-02-27,Getafe,Valencia,3,0,H,2020-21
La Liga,2021-02-27,Sevilla,Barcelona,0,2,A,2020-21
La Liga,2021-02-28,Celta Vigo,Real Valladolid,1,1,D,2020-21
La Liga,2021-02-28,Cádiz,Real Betis,0,1,A,2020-21
La Liga,2021-02-28,Granada,Elche,2,1,H,2020-21
La Liga,2021-02-28,Villarreal,Atlético Madrid,0,2,A,2020-21
La Liga,2021-03-01,Real Madrid,Real Sociedad,1,1,D,2020-21
La Liga,2021-03-05,Valencia,Villarreal,2,1,H,2020-21
La Liga,2021-03-06,Cádiz,Eibar,1,0,H,2020-21
La Liga,2021-03-06,Elche,Sevilla,2,1,H,2020-21
La Liga,2021-03-06,Osasuna,Barcelona,0,2,A,2020-21
La Liga,2021-03-06,Real Valladolid,Getafe,2,1,H,2020-21
La Liga,2021-03-07,Athletic Club,Granada,2,1,H,2020-21
La Liga,2021-03-07,Atlético Madrid,Real Madrid,1,1,D,2020-21
La Liga,2021-03-07,Huesca,Celta Vigo,3,4,A,2020-21
La Liga,2021-03-07,Real Sociedad,Levante,1,0,H,2020-21
La Liga,2021-03-08,Real Betis,Alavés,3,2,H,2020-21
La Liga,2021-03-10,Atlético Madrid,Athletic Club,2,1,H,2020-21
La Liga,2021-03-12,Levante,Valencia,1,0,H,2020-21
La Liga,2021-03-13,Alavés,Cádiz,1,1,D,2020-21
La Liga,2021-03-13,Getafe,Atlético Madrid,0,0,D,2020-21
La Liga,2021-03-13,Osasuna,Real Valladolid,0,0,D,2020-21
La Liga,2021-03-13,Real Madrid,Elche,2,1,H,2020-21
La Liga,2021-03-14,Celta Vigo,Athletic Club,0,0,D,2020-21
La Liga,2021-03-14,Eibar,Villarreal,1,3,A,2020-21
La Liga,2021-03-14,Granada,Real Sociedad,1,0,H,2020-21
La Liga,2021-03-14,Sevilla,Real Betis,1,0,H,2020-21
La Liga,2021-03-15,Barcelona,Huesca,4,1,H,2020-21
La Liga,2021-03-17,Sevilla,Elche,2,0,H,2020-21
La Liga,2021-03-19,Real Betis,Levante,2,0,H,2020-21
La Liga,2021-03-20,Athletic Club,Eibar,1,1,D,2020-21
La Liga,2021-03-20,Celta Vigo,Real Madrid,1,3,A,2020-21
La Liga,2021-03-20,Huesca,Osasuna,0,0,D,2020-21
La Liga,2021-03-20,Real Valladolid,Sevilla,1,1,D,2020-21
La Liga,2021-03-21,Atlético Madrid,Alavés,1,0,H,2020-21
La Liga,2021-03-21,Getafe,Elche,1,1,D,2020-21
La Liga,2021-03-21,Real Sociedad,Barcelona,1,6,A,2020-21
La Liga,2021-03-21,Valencia,Granada,2,1,H,2020-21
La Liga,2021-03-21,Villarreal,Cádiz,2,1,H,2020-21
La Liga,2021-04-02,Levante,Huesca,0,2,A,2020-21
La Liga,2021-04-03,Granada,Villarreal,0,3,A,2020-21
La Liga,2021-04-03,Osasuna,Getafe,0,0,D,2020-21
La Liga,2021-04-03,Real Madrid,Eibar,2,0,H,2020-21
La Liga,2021-04-04,Alavés,Celta Vigo,1,3,A,2020-21
La Liga,2021-04-04,Cádiz,Valencia,2,1,H,2020-21
La Liga,2021-04-04,Elche,Real Betis,1,1,D,2020-21
La Liga,2021-04-04,Sevilla,Atlético Madrid,1,0,H,2020-21
La Liga,2021-04-05,Barcelona,Real Valladolid,1,0,H,2020-21
La Liga,2021-04-07,Real Sociedad,Athletic Club,1,1,D,2020-21
La Liga,2021-04-09,Huesca,Elche,3,1,H,2020-21
La Liga,2021-04-10,Athletic Club,Alavés,0,0,D,2020-21
La Liga,2021-04-10,Eibar,Levante,0,1,A,2020-21
La Liga,2021-04-10,Getafe,Cádiz,0,1,A,2020-21
La Liga,2021-04-10,Real Madrid,Barcelona,2,1,H,2020-21
La Liga,2021-04-11,Real Betis,Atlético Madrid,1,1,D,2020-21
La Liga,2021-04-11,Real Valladolid,Granada,1,2,A,2020-21
La Liga,2021-04-11,Valencia,Real Sociedad,2,2,D,2020-21
La Liga,2021-04-11,Villarreal,Osasuna,1,2,A,2020-21
La Liga,2021-04-12,Celta Vigo,Sevilla,3,4,A,2020-21
La Liga,2021-04-18,Alavés,Huesca,1,0,H,2020-21
La Liga,2021-04-18,Atlético Madrid,Eibar,5,0,H,2020-21
La Liga,2021-04-18,Cádiz,Celta Vigo,0,0,D,2020-21
La Liga,2021-04-18,Getafe,Real Madrid,0,0,D,2020-21
La Liga,2021-04-18,Levante,Villarreal,1,5,A,2020-21
La Liga,2021-04-18,Osasuna,Elche,2,0,H,2020-21
La Liga,2021-04-18,Real Betis,Valencia,2,2,D,2020-21
La Liga,2021-04-18,Real Sociedad,Sevilla,1,2,A,2020-21
La Liga,2021-04-21,Alavés,Villarreal,2,1,H,2020-21
La Liga,2021-04-21,Cádiz,Real Madrid,0,3,A,2020-21
La Liga,2021-04-21,Elche,Real Valladolid,1,1,D,2020-21
La Liga,2021-04-21,Levante,Sevilla,0,1,A,2020-21
La Liga,2021-04-21,Osasuna,Valencia,3,1,H,2020-21
La Liga,2021-04-21,Real Betis,Athletic Club,0,0,D,2020-21
La Liga,2021-04-22,Atlético Madrid,Huesca,2,0,H,2020-21
La Liga,2021-04-22,Barcelona,Getafe,5,2,H,2020-21
La Liga,2021-04-22,Granada,Eibar,4,1,H,2020-21
La Liga,2021-04-22,Real Sociedad,Celta Vigo,2,1,H,2020-21
La Liga,2021-04-24,Elche,Levante,1,0,H,2020-21
La Liga,2021-04-24,Real Madrid,Real Betis,0,0,D,2020-21
La Liga,2021-04-24,Real Valladolid,Cádiz,1,1,D,2020-21
La Liga,2021-04-24,Valencia,Alavés,1,1,D,2020-21
La Liga,2021-04-25,Athletic Club,Atlético Madrid,2,1,H,2020-21
La Liga,2021-04-25,Celta Vigo,Osasuna,2,1,H,2020-21
La Liga,2021-04-25,Huesca,Getafe,0,2,A,2020-21
La Liga,2021-04-25,Sevilla,Granada,2,1,H,2020-21
La Liga,2021-04-25,Villarreal,Barcelona,1,2,A,2020-21
La Liga,2021-04-26,Eibar,Real Sociedad,0,1,A,2020-21
La Liga,2021-04-28,Athletic Club,Real Valladolid,2,2,D,2020-21
La Liga,2021-04-29,Barcelona,Granada,1,2,A,2020-21
La Liga,2021-04-30,Celta Vigo,Levante,2,0,H,2020-21
La Liga,2021-05-01,Eibar,Alavés,3,0,H,2020-21
La Liga,2021-05-01,Elche,Atlético Madrid,0,1,A,2020-21
La Liga,2021-05-01,Huesca,Real Sociedad,1,0,H,2020-21
La Liga,2021-05-01,Real Madrid,Osasuna,2,0,H,2020-21
La Liga,2021-05-02,Granada,Cádiz,0,1,A,2020-21
La Liga,2021-05-02,Real Valladolid,Real Betis,1,1,D,2020-21
La Liga,2021-05-02,Valencia,Barcelona,2,3,A,2020-21
La Liga,2021-05-02,Villarreal,Getafe,1,0,H,2020-21
La Liga,2021-05-03,Sevilla,Athletic Club,0,1,A,2020-21
La Liga,2021-05-07,Real Sociedad,Elche,2,0,H,2020-21
La Liga,2021-05-08,Alavés,Levante,2,2,D,2020-21
La Liga,2021-05-08,Athletic Club,Osasuna,2,2,D,2020-21
La Liga,2021-05-08,Barcelona,Atlético Madrid,0,0,D,2020-21
La Liga,2021-05-08,Cádiz,Huesca,2,1,H,2020-21
La Liga,2021-05-09,Getafe,Eibar,0,1,A,2020-21
La Liga,2021-05-09,Real Madrid,Sevilla,2,2,D,2020-21
La Liga,2021-05-09,Valencia,Real Valladolid,3,0,H,2020-21
La Liga,2021-05-09,Villarreal,Celta Vigo,2,4,A,2020-21
La Liga,2021-05-10,Real Betis,Granada,2,1,H,2020-21
La Liga,2021-05-11,Elche,Alavés,0,2,A,2020-21
La Liga,2021-05-11,Levante,Barcelona,3,3,D,2020-21
La Liga,2021-05-11,Osasuna,Cádiz,3,2,H,2020-21
La Liga,2021-05-12,Atlético Madrid,Real Sociedad,2,1,H,2020-21
La Liga,2021-05-12,Celta Vigo,Getafe,1,0,H,2020-21
La Liga,2021-05-12,Huesca,Athletic Club,1,0,H,2020-21
La Liga,2021-05-12,Sevilla,Valencia,1,0,H,2020-21
La Liga,2021-05-13,Eibar,Real Betis,1,1,D,2020-21
La Liga,2021-05-13,Granada,Real Madrid,1,4,A,2020-21
La Liga,2021-05-13,Real Valladolid,Villarreal,0,2,A,2020-21
La Liga,2021-05-16,Alavés,Granada,4,2,H,2020-21
La Liga,2021-05-16,Athletic Club,Real Madrid,0,1,A,2020-21
La Liga,2021-05-16,Atlético Madrid,Osasuna,2,1,H,2020-21
La Liga,2021-05-16,Barcelona,Celta Vigo,1,2,A,2020-21
La Liga,2021-05-16,Cádiz,Elche,1,3,A,2020-21
La Liga,2021-05-16,Getafe,Levante,2,1,H,2020-21
La Liga,2021-05-16,Real Betis,Huesca,1,0,H,2020-21
La Liga,2021-05-16,Real Sociedad,Real Valladolid,4,1,H,2020-21
La Liga,2021-05-16,Valencia,Eibar,4,1,H,2020-21
La Liga,2021-05-16,Villarreal,Sevilla,4,0,H,2020-21
La Liga,2021-05-21,Levante,Cádiz,2,2,D,2020-21
La Liga,2021-05-22,Celta Vigo,Real Betis,2,3,A,2020-21
La Liga,2021-05-22,Eibar,Barcelona,0,1,A,2020-21
La Liga,2021-05-22,Elche,Athletic Club,2,0,H,2020-21
La Liga,2021-05-22,Huesca,Valencia,0,0,D,2020-21
La Liga,2021-05-22,Osasuna,Real Sociedad,0,1,A,2020-21
La Liga,2021-05-22,Real Madrid,Villarreal,2,1,H,2020-21
La Liga,2021-05-22,Real Valladolid,Atlético Madrid,1,2,A,2020-21
La Liga,2021-05-23,Granada,Getafe,0,0,D,2020-21
La Liga,2021-05-23,Sevilla,Alavés,1,0,H,2020-21
La Liga,2021-08-13,Valencia,Getafe,1,0,H,2021-22
La Liga,2021-08-14,Alavés,Real Madrid,1,4,A,2021-22
La Liga,2021-08-14,Cádiz,Levante,1,1,D,2021-22
La Liga,2021-08-14,Mallorca,Real Betis,1,1,D,2021-22
La Liga,2021-08-14,Osasuna,Espanyol,0,0,D,2021-22
La Liga,2021-08-15,Barcelona,Real Sociedad,4,2,H,2021-22
La Liga,2021-08-15,Celta Vigo,Atlético Madrid,1,2,A,2021-22
La Liga,2021-08-15,Sevilla,Rayo Vallecano,3,0,H,2021-22
La Liga,2021-08-16,Elche,Athletic Club,0,0,D,2021-22
La Liga,2021-08-16,Villarreal,Granada,0,0,D,2021-22
La Liga,2021-08-20,Real Betis,Cádiz,1,1,D,2021-22
La Liga,2021-08-21,Alavés,Mallorca,0,1,A,2021-22
La Liga,2021-08-21,Athletic Club,Barcelona,1,1,D,2021-22
La Liga,2021-08-21,Espanyol,Villarreal,0,0,D,2021-22
La Liga,2021-08-21,Granada,Valencia,1,1,D,2021-22
La Liga,2021-08-22,Atlético Madrid,Elche,1,0,H,2021-22
La Liga,2021-08-22,Levante,Real Madrid,3,3,D,2021-22
La Liga,2021-08-22,Real Sociedad,Rayo Vallecano,1,0,H,2021-22
La Liga,2021-08-23,Getafe,Sevilla,0,1,A,2021-22
La Liga,2021-08-23,Osasuna,Celta Vigo,0,0,D,2021-22
La Liga,2021-08-27,Mallorca,Espanyol,1,0,H,2021-22
La Liga,2021-08-27,Valencia,Alavés,3,0,H,2021-22
La Liga,2021-08-28,Celta Vigo,Athletic Club,0,1,A,2021-22
La Liga,2021-08-28,Elche,Sevilla,1,1,D,2021-22
La Liga,2021-08-28,Real Betis,Real Madrid,0,1,A,2021-22
La Liga,2021-08-28,Real Sociedad,Levante,1,0,H,2021-22
La Liga,2021-08-29,Atlético Madrid,Villarreal,2,2,D,2021-22
La Liga,2021-08-29,Barcelona,Getafe,2,1,H,2021-22
La Liga,2021-08-29,Cádiz,Osasuna,2,3,A,2021-22
La Liga,2021-08-29,Rayo Vallecano,Granada,4,0,H,2021-22
La Liga,2021-09-11,Athletic Club,Mallorca,2,0,H,2021-22
La Liga,2021-09-11,Levante,Rayo Vallecano,1,1,D,2021-22
La Liga,2021-09-12,Cádiz,Real Sociedad,0,2,A,2021-22
La Liga,2021-09-12,Espanyol,Atlético Madrid,1,2,A,2021-22
La Liga,2021-09-12,Osasuna,Valencia,1,4,A,2021-22
La Liga,2021-09-12,Real Madrid,Celta Vigo,5,2,H,2021-22
La Liga,2021-09-13,Getafe,Elche,0,1,A,2021-22
La Liga,2021-09-13,Granada,Real Betis,1,2,A,2021-22
La Liga,2021-09-17,Celta Vigo,Cádiz,1,2,A,2021-22
La Liga,2021-09-18,Alavés,Osasuna,0,2,A,2021-22
La Liga,2021-09-18,Atlético Madrid,Athletic Club,0,0,D,2021-22
La Liga,2021-09-18,Elche,Levante,1,1,D,2021-22
La Liga,2021-09-18,Rayo Vallecano,Getafe,3,0,H,2021-22
La Liga,2021-09-19,Mallorca,Villarreal,0,0,D,2021-22
La Liga,2021-09-19,Real Betis,Espanyol,2,2,D,2021-22
La Liga,2021-09-19,Real Sociedad,Sevilla,0,0,D,2021-22
La Liga,2021-09-19,Valencia,Real Madrid,1,2,A,2021-22
La Liga,2021-09-20,Barcelona,Granada,1,1,D,2021-22
La Liga,2021-09-21,Athletic Club,Rayo Vallecano,1,2,A,2021-22
La Liga,2021-09-21,Getafe,Atlético Madrid,1,2,A,2021-22
La Liga,2021-09-21,Levante,Celta Vigo,0,2,A,2021-22
La Liga,2021-09-22,Espanyol,Alavés,1,0,H,2021-22
La Liga,2021-09-22,Real Madrid,Mallorca,6,1,H,2021-22
La Liga,2021-09-22,Sevilla,Valencia,3,1,H,2021-22
La Liga,2021-09-22,Villarreal,Elche,4,1,H,2021-22
La Liga,2021-09-23,Cádiz,Barcelona,0,0,D,2021-22
La Liga,2021-09-23,Granada,Real Sociedad,2,3,A,2021-22
La Liga,2021-09-23,Osasuna,Real Betis,1,3,A,2021-22
La Liga,2021-09-25,Alavés,Atlético Madrid,1,0,H,2021-22
La Liga,2021-09-25,Real Madrid,Villarreal,0,0,D,2021-22
La Liga,2021-09-25,Sevilla,Espanyol,2,0,H,2021-22
La Liga,2021-09-25,Valencia,Athletic Club,1,1,D,2021-22
La Liga,2021-09-26,Barcelona,Levante,3,0,H,2021-22
La Liga,2021-09-26,Mallorca,Osasuna,2,3,A,2021-22
La Liga,2021-09-26,Rayo Vallecano,Cádiz,3,1,H,2021-22
La Liga,2021-09-26,Real Betis,Getafe,2,0,H,2021-22
La Liga,2021-09-26,Real Sociedad,Elche,1,0,H,2021-22
La Liga,2021-09-27,Celta Vigo,Granada,1,0,H,2021-22
La Liga,2021-10-01,Athletic Club,Alavés,1,0,H,2021-22
La Liga,2021-10-02,Atlético Madrid,Barcelona,2,0,H,2021-22
La Liga,2021-10-02,Cádiz,Valencia,0,0,D,2021-22
La Liga,2021-10-02,Mallorca,Levante,1,0,H,2021-22
La Liga,2021-10-02,Osasuna,Rayo Vallecano,1,0,H,2021-22
La Liga,2021-10-03,Elche,Celta Vigo,1,0,H,2021-22
La Liga,2021-10-03,Espanyol,Real Madrid,2,1,H,2021-22
La Liga,2021-10-03,Getafe,Real Sociedad,1,1,D,2021-22
La Liga,2021-10-03,Granada,Sevilla,1,0,H,2021-22
La Liga,2021-10-03,Villarreal,Real Betis,2,0,H,2021-22
La Liga,2021-10-16,Levante,Getafe,0,0,D,2021-22
La Liga,2021-10-16,Real Sociedad,Mallorca,1,0,H,2021-22
La Liga,2021-10-17,Barcelona,Valencia,3,1,H,2021-22
La Liga,2021-10-17,Celta Vigo,Sevilla,0,1,A,2021-22
La Liga,2021-10-17,Rayo Vallecano,Elche,2,1,H,2021-22
La Liga,2021-10-17,Villarreal,Osasuna,1,2,A,2021-22
La Liga,2021-10-18,Alavés,Real Betis,0,1,A,2021-22
La Liga,2021-10-18,Espanyol,Cádiz,2,0,H,2021-22
La Liga,2021-10-22,Osasuna,Granada,1,1,D,2021-22
La Liga,2021-10-23,Athletic Club,Villarreal,2,1,H,2021-22
La Liga,2021-10-23,Cádiz,Alavés,0,2,A,2021-22
La Liga,2021-10-23,Elche,Espanyol,2,2,D,2021-22
La Liga,2021-10-23,Valencia,Mallorca,2,2,D,2021-22
La Liga,2021-10-24,Atlético Madrid,Real Sociedad,2,2,D,2021-22
La Liga,2021-10-24,Barcelona,Real Madrid,1,2,A,2021-22
La Liga,2021-10-24,Real Betis,Rayo Vallecano,3,2,H,2021-22
La Liga,2021-10-24,Sevilla,Levante,5,3,H,2021-22
La Liga,2021-10-25,Getafe,Celta Vigo,0,3,A,2021-22
La Liga,2021-10-26,Alavés,Elche,1,0,H,2021-22
La Liga,2021-10-26,Espanyol,Athletic Club,1,1,D,2021-22
La Liga,2021-10-26,Villarreal,Cádiz,3,3,D,2021-22
La Liga,2021-10-27,Mallorca,Sevilla,1,1,D,2021-22
La Liga,2021-10-27,Rayo Vallecano,Barcelona,1,0,H,2021-22
La Liga,2021-10-27,Real Betis,Valencia,4,1,H,2021-22
La Liga,2021-10-27,Real Madrid,Osasuna,0,0,D,2021-22
La Liga,2021-10-28,Celta Vigo,Real Sociedad,0,2,A,2021-22
La Liga,2021-10-28,Granada,Getafe,1,1,D,2021-22
La Liga,2021-10-28,Levante,Atlético Madrid,2,2,D,2021-22
La Liga,2021-10-30,Barcelona,Alavés,1,1,D,2021-22
La Liga,2021-10-30,Elche,Real Madrid,1,2,A,2021-22
La Liga,2021-10-30,Sevilla,Osasuna,2,0,H,2021-22
La Liga,2021-10-30,Valencia,Villarreal,2,0,H,2021-22
La Liga,2021-10-31,Atlético Madrid,Real Betis,3,0,H,2021-22
La Liga,2021-10-31,Cádiz,Mallorca,1,1,D,2021-22
La Liga,2021-10-31,Getafe,Espanyol,2,1,H,2021-22
La Liga,2021-10-31,Real Sociedad,Athletic Club,1,1,D,2021-22
La Liga,2021-11-01,Levante,Granada,0,3,A,2021-22
La Liga,2021-11-01,Rayo Vallecano,Celta Vigo,0,0,D,2021-22
La Liga,2021-11-05,Athletic Club,Cádiz,0,1,A,2021-22
La Liga,2021-11-06,Alavés,Levante,2,1,H,2021-22
La Liga,2021-11-06,Celta Vigo,Barcelona,3,3,D,2021-22
La Liga,2021-11-06,Espanyol,Granada,2,0,H,2021-22
La Liga,2021-11-06,Real Madrid,Rayo Vallecano,2,1,H,2021-22
La Liga,2021-11-07,Mallorca,Elche,2,2,D,2021-22
La Liga,2021-11-07,Osasuna,Real Sociedad,0,2,A,2021-22
La Liga,2021-11-07,Real Betis,Sevilla,0,2,A,2021-22
La Liga,2021-11-07,Valencia,Atlético Madrid,3,3,D,2021-22
La Liga,2021-11-07,Villarreal,Getafe,1,0,H,2021-22
La Liga,2021-11-19,Levante,Athletic Club,0,0,D,2021-22
La Liga,2021-11-20,Atlético Madrid,Osasuna,1,0,H,2021-22
La Liga,2021-11-20,Barcelona,Espanyol,1,0,H,2021-22
La Liga,2021-11-20,Celta Vigo,Villarreal,1,1,D,2021-22
La Liga,2021-11-20,Sevilla,Alavés,2,2,D,2021-22
La Liga,2021-11-21,Elche,Real Betis,0,3,A,2021-22
La Liga,2021-11-21,Getafe,Cádiz,4,0,H,2021-22
La Liga,2021-11-21,Granada,Real Madrid,1,4,A,2021-22
La Liga,2021-11-21,Real Sociedad,Valencia,0,0,D,2021-22
La Liga,2021-11-22,Rayo Vallecano,Mallorca,3,1,H,2021-22
La Liga,2021-11-26,Athletic Club,Granada,2,2,D,2021-22
La Liga,2021-11-27,Alavés,Celta Vigo,1,2,A,2021-22
La Liga,2021-11-27,Mallorca,Getafe,0,0,D,2021-22
La Liga,2021-11-27,Valencia,Rayo Vallecano,1,1,D,2021-22
La Liga,2021-11-27,Villarreal,Barcelona,1,3,A,2021-22
La Liga,2021-11-28,Cádiz,Atlético Madrid,1,4,A,2021-22
La Liga,2021-11-28,Espanyol,Real Sociedad,1,0,H,2021-22
La Liga,2021-11-28,Real Betis,Levante,3,1,H,2021-22
La Liga,2021-11-28,Real Madrid,Sevilla,2,1,H,2021-22
La Liga,2021-11-29,Osasuna,Elche,1,1,D,2021-22
La Liga,2021-12-01,Real Madrid,Athletic Club,1,0,H,2021-22
La Liga,2021-12-03,Granada,Alavés,2,1,H,2021-22
La Liga,2021-12-04,Atlético Madrid,Mallorca,1,2,A,2021-22
La Liga,2021-12-04,Barcelona,Real Betis,0,1,A,2021-22
La Liga,2021-12-04,Real Sociedad,Real Madrid,0,2,A,2021-22
La Liga,2021-12-04,Sevilla,Villarreal,1,0,H,2021-22
La Liga,2021-12-05,Celta Vigo,Valencia,1,2,A,2021-22
La Liga,2021-12-05,Elche,Cádiz,3,1,H,2021-22
La Liga,2021-12-05,Levante,Osasuna,0,0,D,2021-22
La Liga,2021-12-05,Rayo Vallecano,Espanyol,1,0,H,2021-22
La Liga,2021-12-06,Getafe,Athletic Club,0,0,D,2021-22
La Liga,2021-12-10,Mallorca,Celta Vigo,0,0,D,2021-22
La Liga,2021-12-11,Alavés,Getafe,1,1,D,2021-22
La Liga,2021-12-11,Athletic Club,Sevilla,0,1,A,2021-22
La Liga,2021-12-11,Espanyol,Levante,4,3,H,2021-22
La Liga,2021-12-11,Valencia,Elche,2,1,H,2021-22
La Liga,2021-12-12,Osasuna,Barcelona,2,2,D,2021-22
La Liga,2021-12-12,Real Betis,Real Sociedad,4,0,H,2021-22
La Liga,2021-12-12,Real Madrid,Atlético Madrid,2,0,H,2021-22
La Liga,2021-12-12,Villarreal,Rayo Vallecano,2,0,H,2021-22
La Liga,2021-12-13,Cádiz,Granada,1,1,D,2021-22
La Liga,2021-12-17,Celta Vigo,Espanyol,3,1,H,2021-22
La Liga,2021-12-18,Barcelona,Elche,3,2,H,2021-22
La Liga,2021-12-18,Rayo Vallecano,Alavés,2,0,H,2021-22
La Liga,2021-12-18,Real Sociedad,Villarreal,1,3,A,2021-22
La Liga,2021-12-18,Sevilla,Atlético Madrid,2,1,H,2021-22
La Liga,2021-12-19,Athletic Club,Real Betis,3,2,H,2021-22
La Liga,2021-12-19,Getafe,Osasuna,1,0,H,2021-22
La Liga,2021-12-19,Granada,Mallorca,4,1,H,2021-22
La Liga,2021-12-19,Real Madrid,Cádiz,0,0,D,2021-22
La Liga,2021-12-20,Levante,Valencia,3,4,A,2021-22
La Liga,2021-12-21,Sevilla,Barcelona,1,1,D,2021-22
La Liga,2021-12-21,Villarreal,Alavés,5,2,H,2021-22
La Liga,2021-12-22,Athletic Club,Real Madrid,1,2,A,2021-22
La Liga,2021-12-22,Granada,Atlético Madrid,2,1,H,2021-22
La Liga,2021-12-31,Valencia,Espanyol,1,2,A,2021-22
La Liga,2022-01-02,Alavés,Real Sociedad,1,1,D,2021-22
La Liga,2022-01-02,Atlético Madrid,Rayo Vallecano,2,0,H,2021-22
La Liga,2022-01-02,Elche,Granada,0,0,D,2021-22
La Liga,2022-01-02,Getafe,Real Madrid,1,0,H,2021-22
La Liga,2022-01-02,Mallorca,Barcelona,0,1,A,2021-22
La Liga,2022-01-02,Real Betis,Celta Vigo,0,2,A,2021-22
La Liga,2022-01-03,Cádiz,Sevilla,0,1,A,2021-22
La Liga,2022-01-03,Osasuna,Athletic Club,1,3,A,2021-22
La Liga,2022-01-03,Villarreal,Levante,5,0,H,2021-22
La Liga,2022-01-08,Granada,Barcelona,1,1,D,2021-22
La Liga,2022-01-08,Levante,Mallorca,2,0,H,2021-22
La Liga,2022-01-08,Real Madrid,Valencia,4,1,H,2021-22
La Liga,2022-01-08,Real Sociedad,Celta Vigo,1,0,H,2021-22
La Liga,2022-01-09,Alavés,Athletic Club,0,0,D,2021-22
La Liga,2022-01-09,Osasuna,Cádiz,2,0,H,2021-22
La Liga,2022-01-09,Rayo Vallecano,Real Betis,1,1,D,2021-22
La Liga,2022-01-09,Sevilla,Getafe,1,0,H,2021-22
La Liga,2022-01-09,Villarreal,Atlético Madrid,2,2,D,2021-22
La Liga,2022-01-10,Espanyol,Elche,1,2,A,2021-22
La Liga,2022-01-16,Elche,Villarreal,1,0,H,2021-22
La Liga,2022-01-18,Cádiz,Espanyol,2,2,D,2021-22
La Liga,2022-01-18,Real Betis,Alavés,4,0,H,2021-22
La Liga,2022-01-19,Celta Vigo,Osasuna,2,0,H,2021-22
La Liga,2022-01-19,Valencia,Sevilla,1,1,D,2021-22
La Liga,2022-01-20,Getafe,Granada,4,2,H,2021-22
La Liga,2022-01-21,Espanyol,Real Betis,1,4,A,2021-22
La Liga,2022-01-22,Atlético Madrid,Valencia,3,2,H,2021-22
La Liga,2022-01-22,Levante,Cádiz,0,2,A,2021-22
La Liga,2022-01-22,Sevilla,Celta Vigo,2,2,D,2021-22
La Liga,2022-01-22,Villarreal,Mallorca,3,0,H,2021-22
La Liga,2022-01-23,Alavés,Barcelona,0,1,A,2021-22
La Liga,2022-01-23,Granada,Osasuna,0,2,A,2021-22
La Liga,2022-01-23,Rayo Vallecano,Athletic Club,0,1,A,2021-22
La Liga,2022-01-23,Real Madrid,Elche,2,2,D,2021-22
La Liga,2022-01-23,Real Sociedad,Getafe,0,0,D,2021-22
La Liga,2022-02-04,Getafe,Levante,3,0,H,2021-22
La Liga,2022-02-05,Celta Vigo,Rayo Vallecano,2,0,H,2021-22
La Liga,2022-02-05,Elche,Alavés,3,1,H,2021-22
La Liga,2022-02-05,Mallorca,Cádiz,2,1,H,2021-22
La Liga,2022-02-05,Osasuna,Sevilla,0,0,D,2021-22
La Liga,2022-02-06,Barcelona,Atlético Madrid,4,2,H,2021-22
La Liga,2022-02-06,Real Betis,Villarreal,0,2,A,2021-22
La Liga,2022-02-06,Real Madrid,Granada,1,0,H,2021-22
La Liga,2022-02-06,Valencia,Real Sociedad,0,0,D,2021-22
La Liga,2022-02-07,Athletic Club,Espanyol,2,1,H,2021-22
La Liga,2022-02-11,Sevilla,Elche,2,0,H,2021-22
La Liga,2022-02-12,Atlético Madrid,Getafe,4,3,H,2021-22
La Liga,2022-02-12,Cádiz,Celta Vigo,0,0,D,2021-22
La Liga,2022-02-12,Rayo Vallecano,Osasuna,0,3,A,2021-22
La Liga,2022-02-12,Villarreal,Real Madrid,0,0,D,2021-22
La Liga,2022-02-13,Alavés,Valencia,2,1,H,2021-22
La Liga,2022-02-13,Espanyol,Barcelona,2,2,D,2021-22
La Liga,2022-02-13,Levante,Real Betis,2,4,A,2021-22
La Liga,2022-02-13,Real Sociedad,Granada,2,0,H,2021-22
La Liga,2022-02-14,Mallorca,Athletic Club,3,2,H,2021-22
La Liga,2022-02-16,Atlético Madrid,Levante,0,1,A,2021-22
La Liga,2022-02-18,Elche,Rayo Vallecano,2,1,H,2021-22
La Liga,2022-02-19,Cádiz,Getafe,1,1,D,2021-22
La Liga,2022-02-19,Granada,Villarreal,1,4,A,2021-22
La Liga,2022-02-19,Osasuna,Atlético Madrid,0,3,A,2021-22
La Liga,2022-02-19,Real Madrid,Alavés,3,0,H,2021-22
La Liga,2022-02-20,Athletic Club,Real Sociedad,4,0,H,2021-22
La Liga,2022-02-20,Espanyol,Sevilla,1,1,D,2021-22
La Liga,2022-02-20,Real Betis,Mallorca,2,1,H,2021-22
La Liga,2022-02-20,Valencia,Barcelona,1,4,A,2021-22
La Liga,2022-02-21,Celta Vigo,Levante,1,1,D,2021-22
La Liga,2022-02-25,Levante,Elche,3,0,H,2021-22
La Liga,2022-02-26,Atlético Madrid,Celta Vigo,2,0,H,2021-22
La Liga,2022-02-26,Getafe,Alavés,2,2,D,2021-22
La Liga,2022-02-26,Mallorca,Valencia,0,1,A,2021-22
La Liga,2022-02-26,Rayo Vallecano,Real Madrid,0,1,A,2021-22
La Liga,2022-02-27,Barcelona,Athletic Club,4,0,H,2021-22
La Liga,2022-02-27,Real Sociedad,Osasuna,1,0,H,2021-22
La Liga,2022-02-27,Sevilla,Real Betis,2,1,H,2021-22
La Liga,2022-02-27,Villarreal,Espanyol,5,1,H,2021-22
La Liga,2022-02-28,Granada,Cádiz,0,0,D,2021-22
La Liga,2022-03-02,Mallorca,Real Sociedad,0,2,A,2021-22
La Liga,2022-03-04,Alavés,Sevilla,0,0,D,2021-22
La Liga,2022-03-05,Espanyol,Getafe,2,0,H,2021-22
La Liga,2022-03-05,Osasuna,Villarreal,1,0,H,2021-22
La Liga,2022-03-05,Real Madrid,Real Sociedad,4,1,H,2021-22
La Liga,2022-03-05,Valencia,Granada,3,1,H,2021-22
La Liga,2022-03-06,Celta Vigo,Mallorca,4,3,H,2021-22
La Liga,2022-03-06,Cádiz,Rayo Vallecano,2,0,H,2021-22
La Liga,2022-03-06,Elche,Barcelona,1,2,A,2021-22
La Liga,2022-03-06,Real Betis,Atlético Madrid,1,3,A,2021-22
La Liga,2022-03-07,Athletic Club,Levante,3,1,H,2021-22
La Liga,2022-03-11,Atlético Madrid,Cádiz,2,1,H,2021-22
La Liga,2022-03-12,Getafe,Valencia,0,0,D,2021-22
La Liga,2022-03-12,Granada,Elche,0,1,A,2021-22
La Liga,2022-03-12,Levante,Espanyol,1,1,D,2021-22
La Liga,2022-03-12,Villarreal,Celta Vigo,1,0,H,2021-22
La Liga,2022-03-13,Barcelona,Osasuna,4,0,H,2021-22
La Liga,2022-03-13,Rayo Vallecano,Sevilla,1,1,D,2021-22
La Liga,2022-03-13,Real Betis,Athletic Club,1,0,H,2021-22
La Liga,2022-03-13,Real Sociedad,Alavés,1,0,H,2021-22
La Liga,2022-03-14,Mallorca,Real Madrid,0,3,A,2021-22
La Liga,2022-03-18,Athletic Club,Getafe,1,1,D,2021-22
La Liga,2022-03-19,Alavés,Granada,2,3,A,2021-22
La Liga,2022-03-19,Elche,Valencia,0,1,A,2021-22
La Liga,2022-03-19,Osasuna,Levante,3,1,H,2021-22
La Liga,2022-03-19,Rayo Vallecano,Atlético Madrid,0,1,A,2021-22
La Liga,2022-03-20,Celta Vigo,Real Betis,0,0,D,2021-22
La Liga,2022-03-20,Cádiz,Villarreal,1,0,H,2021-22
La Liga,2022-03-20,Espanyol,Mallorca,1,0,H,2021-22
La Liga,2022-03-20,Real Madrid,Barcelona,0,4,A,2021-22
La Liga,2022-03-20,Sevilla,Real Sociedad,0,0,D,2021-22
La Liga,2022-04-02,Atlético Madrid,Alavés,4,1,H,2021-22
La Liga,2022-04-02,Celta Vigo,Real Madrid,1,2,A,2021-22
La Liga,2022-04-02,Getafe,Mallorca,1,0,H,2021-22
La Liga,2022-04-02,Levante,Villarreal,2,0,H,2021-22
La Liga,2022-04-03,Athletic Club,Elche,2,1,H,2021-22
La Liga,2022-04-03,Barcelona,Sevilla,1,0,H,2021-22
La Liga,2022-04-03,Granada,Rayo Vallecano,2,2,D,2021-22
La Liga,2022-04-03,Real Betis,Osasuna,4,1,H,2021-22
La Liga,2022-04-03,Valencia,Cádiz,0,0,D,2021-22
La Liga,2022-04-04,Real Sociedad,Espanyol,1,0,H,2021-22
La Liga,2022-04-08,Sevilla,Granada,4,2,H,2021-22
La Liga,2022-04-09,Cádiz,Real Betis,1,2,A,2021-22
La Liga,2022-04-09,Mallorca,Atlético Madrid,1,0,H,2021-22
La Liga,2022-04-09,Real Madrid,Getafe,2,0,H,2021-22
La Liga,2022-04-09,Villarreal,Athletic Club,1,1,D,2021-22
La Liga,2022-04-10,Elche,Real Sociedad,1,2,A,2021-22
La Liga,2022-04-10,Espanyol,Celta Vigo,1,0,H,2021-22
La Liga,2022-04-10,Levante,Barcelona,2,3,A,2021-22
La Liga,2022-04-10,Osasuna,Alavés,1,0,H,2021-22
La Liga,2022-04-11,Rayo Vallecano,Valencia,1,1,D,2021-22
La Liga,2022-04-15,Real Sociedad,Real Betis,0,0,D,2021-22
La Liga,2022-04-16,Alavés,Rayo Vallecano,1,0,H,2021-22
La Liga,2022-04-16,Elche,Mallorca,3,0,H,2021-22
La Liga,2022-04-16,Getafe,Villarreal,1,2,A,2021-22
La Liga,2022-04-16,Valencia,Osasuna,1,2,A,2021-22
La Liga,2022-04-17,Athletic Club,Celta Vigo,0,2,A,2021-22
La Liga,2022-04-17,Atlético Madrid,Espanyol,2,1,H,2021-22
La Liga,2022-04-17,Granada,Levante,1,4,A,2021-22
La Liga,2022-04-17,Sevilla,Real Madrid,2,3,A,2021-22
La Liga,2022-04-18,Barcelona,Cádiz,0,1,A,2021-22
La Liga,2022-04-19,Mallorca,Alavés,2,1,H,2021-22
La Liga,2022-04-19,Real Betis,Elche,0,1,A,2021-22
La Liga,2022-04-19,Villarreal,Valencia,2,0,H,2021-22
La Liga,2022-04-20,Atlético Madrid,Granada,0,0,D,2021-22
La Liga,2022-04-20,Celta Vigo,Getafe,0,2,A,2021-22
La Liga,2022-04-20,Osasuna,Real Madrid,1,3,A,2021-22
La Liga,2022-04-21,Cádiz,Athletic Club,2,3,A,2021-22
La Liga,2022-04-21,Espanyol,Rayo Vallecano,0,1,A,2021-22
La Liga,2022-04-21,Levante,Sevilla,2,3,A,2021-22
La Liga,2022-04-21,Real Sociedad,Barcelona,0,1,A,2021-22
La Liga,2022-04-24,Barcelona,Rayo Vallecano,0,1,A,2021-22
La Liga,2022-04-29,Sevilla,Cádiz,1,1,D,2021-22
La Liga,2022-04-30,Alavés,Villarreal,2,1,H,2021-22
La Liga,2022-04-30,Athletic Club,Atlético Madrid,2,0,H,2021-22
La Liga,2022-04-30,Real Madrid,Espanyol,4,0,H,2021-22
La Liga,2022-04-30,Valencia,Levante,1,1,D,2021-22
La Liga,2022-05-01,Barcelona,Mallorca,2,1,H,2021-22
La Liga,2022-05-01,Elche,Osasuna,1,1,D,2021-22
La Liga,2022-05-01,Granada,Celta Vigo,1,1,D,2021-22
La Liga,2022-05-01,Rayo Vallecano,Real Sociedad,1,1,D,2021-22
La Liga,2022-05-02,Getafe,Real Betis,0,0,D,2021-22
La Liga,2022-05-06,Levante,Real Sociedad,2,1,H,2021-22
La Liga,2022-05-07,Athletic Club,Valencia,0,0,D,2021-22
La Liga,2022-05-07,Celta Vigo,Alavés,4,0,H,2021-22
La Liga,2022-05-07,Cádiz,Elche,3,0,H,2021-22
La Liga,2022-05-07,Mallorca,Granada,2,6,A,2021-22
La Liga,2022-05-07,Real Betis,Barcelona,1,2,A,2021-22
La Liga,2022-05-08,Atlético Madrid,Real Madrid,1,0,H,2021-22
La Liga,2022-05-08,Espanyol,Osasuna,1,1,D,2021-22
La Liga,2022-05-08,Getafe,Rayo Vallecano,0,0,D,2021-22
La Liga,2022-05-08,Villarreal,Sevilla,1,1,D,2021-22
La Liga,2022-05-10,Barcelona,Celta Vigo,3,1,H,2021-22
La Liga,2022-05-10,Granada,Athletic Club,1,0,H,2021-22
La Liga,2022-05-10,Valencia,Real Betis,0,3,A,2021-22
La Liga,2022-05-11,Alavés,Espanyol,2,1,H,2021-22
La Liga,2022-05-11,Elche,Atlético Madrid,0,2,A,2021-22
La Liga,2022-05-11,Osasuna,Getafe,1,1,D,2021-22
La Liga,2022-05-11,Sevilla,Mallorca,0,0,D,2021-22
La Liga,2022-05-12,Rayo Vallecano,Villarreal,1,5,A,2021-22
La Liga,2022-05-12,Real Madrid,Levante,6,0,H,2021-22
La Liga,2022-05-12,Real Sociedad,Cádiz,3,0,H,2021-22
La Liga,2022-05-14,Espanyol,Valencia,1,1,D,2021-22
La Liga,2022-05-15,Athletic Club,Osasuna,2,0,H,2021-22
La Liga,2022-05-15,Atlético Madrid,Sevilla,1,1,D,2021-22
La Liga,2022-05-15,Celta Vigo,Elche,1,0,H,2021-22
La Liga,2022-05-15,Cádiz,Real Madrid,1,1,D,2021-22
La Liga,2022-05-15,Getafe,Barcelona,0,0,D,2021-22
La Liga,2022-05-15,Levante,Alavés,3,1,H,2021-22
La Liga,2022-05-15,Mallorca,Rayo Vallecano,2,1,H,2021-22
La Liga,2022-05-15,Real Betis,Granada,2,0,H,2021-22
La Liga,2022-05-15,Villarreal,Real Sociedad,1,2,A,2021-22
La Liga,2022-05-20,Rayo Vallecano,Levante,2,4,A,2021-22
La Liga,2022-05-20,Real Madrid,Real Betis,0,0,D,2021-22
La Liga,2022-05-21,Valencia,Celta Vigo,2,0,H,2021-22
La Liga,2022-05-22,Alavés,Cádiz,0,1,A,2021-22
La Liga,2022-05-22,Barcelona,Villarreal,0,2,A,2021-22
La Liga,2022-05-22,Elche,Getafe,3,1,H,2021-22
La Liga,2022-05-22,Granada,Espanyol,0,0,D,2021-22
La Liga,2022-05-22,Osasuna,Mallorca,0,2,A,2021-22
La Liga,2022-05-22,Real Sociedad,Atlético Madrid,1,2,A,2021-22
La Liga,2022-05-22,Sevilla,Athletic Club,1,0,H,2021-22
La Liga,2022-08-12,Osasuna,Sevilla,2,1,H,2022-23
La Liga,2022-08-13,Barcelona,Rayo Vallecano,0,0,D,2022-23
La Liga,2022-08-13,Celta Vigo,Espanyol,2,2,D,2022-23
La Liga,2022-08-13,Real Valladolid,Villarreal,0,3,A,2022-23
La Liga,2022-08-14,Almería,Real Madrid,1,2,A,2022-23
La Liga,2022-08-14,Cádiz,Real Sociedad,0,1,A,2022-23
La Liga,2022-08-14,Valencia,Girona,1,0,H,2022-23
La Liga,2022-08-15,Athletic Club,Mallorca,0,0,D,2022-23
La Liga,2022-08-15,Getafe,Atlético Madrid,0,3,A,2022-23
La Liga,2022-08-15,Real Betis,Elche,3,0,H,2022-23
La Liga,2022-08-19,Espanyol,Rayo Vallecano,0,2,A,2022-23
La Liga,2022-08-19,Sevilla,Real Valladolid,1,1,D,2022-23
La Liga,2022-08-20,Celta Vigo,Real Madrid,1,4,A,2022-23
La Liga,2022-08-20,Mallorca,Real Betis,1,2,A,2022-23
La Liga,2022-08-20,Osasuna,Cádiz,2,0,H,2022-23
La Liga,2022-08-21,Athletic Club,Valencia,1,0,H,2022-23
La Liga,2022-08-21,Atlético Madrid,Villarreal,0,2,A,2022-23
La Liga,2022-08-21,Real Sociedad,Barcelona,1,4,A,2022-23
La Liga,2022-08-22,Elche,Almería,1,1,D,2022-23
La Liga,2022-08-22,Girona,Getafe,3,1,H,2022-23
La Liga,2022-08-26,Girona,Celta Vigo,0,1,A,2022-23
La Liga,2022-08-26,Real Betis,Osasuna,1,0,H,2022-23
La Liga,2022-08-27,Almería,Sevilla,2,1,H,2022-23
La Liga,2022-08-27,Elche,Real Sociedad,0,1,A,2022-23
La Liga,2022-08-27,Rayo Vallecano,Mallorca,0,2,A,2022-23
La Liga,2022-08-28,Barcelona,Real Valladolid,4,0,H,2022-23
La Liga,2022-08-28,Espanyol,Real Madrid,1,3,A,2022-23
La Liga,2022-08-28,Getafe,Villarreal,0,0,D,2022-23
La Liga,2022-08-29,Cádiz,Athletic Club,0,4,A,2022-23
La Liga,2022-08-29,Valencia,Atlético Madrid,0,1,A,2022-23
La Liga,2022-09-02,Celta Vigo,Cádiz,3,0,H,2022-23
La Liga,2022-09-03,Mallorca,Girona,1,1,D,2022-23
La Liga,2022-09-03,Real Madrid,Real Betis,2,1,H,2022-23
La Liga,2022-09-03,Real Sociedad,Atlético Madrid,1,1,D,2022-23
La Liga,2022-09-03,Sevilla,Barcelona,0,3,A,2022-23
La Liga,2022-09-04,Athletic Club,Espanyol,0,1,A,2022-23
La Liga,2022-09-04,Osasuna,Rayo Vallecano,2,1,H,2022-23
La Liga,2022-09-04,Valencia,Getafe,5,1,H,2022-23
La Liga,2022-09-04,Villarreal,Elche,4,0,H,2022-23
La Liga,2022-09-05,Real Valladolid,Almería,1,0,H,2022-23
La Liga,2022-09-09,Girona,Real Valladolid,2,1,H,2022-23
La Liga,2022-09-10,Atlético Madrid,Celta Vigo,4,1,H,2022-23
La Liga,2022-09-10,Cádiz,Barcelona,0,4,A,2022-23
La Liga,2022-09-10,Espanyol,Sevilla,2,3,A,2022-23
La Liga,2022-09-10,Rayo Vallecano,Valencia,2,1,H,2022-23
La Liga,2022-09-11,Elche,Athletic Club,1,4,A,2022-23
La Liga,2022-09-11,Getafe,Real Sociedad,2,1,H,2022-23
La Liga,2022-09-11,Real Betis,Villarreal,1,0,H,2022-23
La Liga,2022-09-11,Real Madrid,Mallorca,4,1,H,2022-23
La Liga,2022-09-12,Almería,Osasuna,0,1,A,2022-23
La Liga,2022-09-16,Real Valladolid,Cádiz,0,1,A,2022-23
La Liga,2022-09-17,Athletic Club,Rayo Vallecano,3,2,H,2022-23
La Liga,2022-09-17,Barcelona,Elche,3,0,H,2022-23
La Liga,2022-09-17,Mallorca,Almería,1,0,H,2022-23
La Liga,2022-09-17,Valencia,Celta Vigo,3,0,H,2022-23
La Liga,2022-09-18,Atlético Madrid,Real Madrid,1,2,A,2022-23
La Liga,2022-09-18,Osasuna,Getafe,0,2,A,2022-23
La Liga,2022-09-18,Real Betis,Girona,2,1,H,2022-23
La Liga,2022-09-18,Real Sociedad,Espanyol,2,1,H,2022-23
La Liga,2022-09-18,Villarreal,Sevilla,1,1,D,2022-23
La Liga,2022-09-30,Athletic Club,Almería,4,0,H,2022-23
La Liga,2022-10-01,Cádiz,Villarreal,0,0,D,2022-23
La Liga,2022-10-01,Getafe,Real Valladolid,2,3,A,2022-23
La Liga,2022-10-01,Mallorca,Barcelona,0,1,A,2022-23
La Liga,2022-10-01,Sevilla,Atlético Madrid,0,2,A,2022-23
La Liga,2022-10-02,Celta Vigo,Real Betis,1,0,H,2022-23
La Liga,2022-10-02,Espanyol,Valencia,2,2,D,2022-23
La Liga,2022-10-02,Girona,Real Sociedad,3,5,A,2022-23
La Liga,2022-10-02,Real Madrid,Osasuna,1,1,D,2022-23
La Liga,2022-10-03,Rayo Vallecano,Elche,2,1,H,2022-23
La Liga,2022-10-07,Osasuna,Valencia,1,2,A,2022-23
La Liga,2022-10-08,Almería,Rayo Vallecano,3,1,H,2022-23
La Liga,2022-10-08,Atlético Madrid,Girona,2,1,H,2022-23
La Liga,2022-10-08,Getafe,Real Madrid,0,1,A,2022-23
La Liga,2022-10-08,Sevilla,Athletic Club,1,1,D,2022-23
La Liga,2022-10-09,Barcelona,Celta Vigo,1,0,H,2022-23
La Liga,2022-10-09,Cádiz,Espanyol,2,2,D,2022-23
La Liga,2022-10-09,Real Sociedad,Villarreal,1,0,H,2022-23
La Liga,2022-10-09,Real Valladolid,Real Betis,0,0,D,2022-23
La Liga,2022-10-10,Elche,Mallorca,1,1,D,2022-23
La Liga,2022-10-14,Rayo Vallecano,Getafe,0,0,D,2022-23
La Liga,2022-10-15,Athletic Club,Atlético Madrid,0,1,A,2022-23
La Liga,2022-10-15,Girona,Cádiz,1,1,D,2022-23
La Liga,2022-10-15,Mallorca,Sevilla,0,1,A,2022-23
La Liga,2022-10-15,Valencia,Elche,2,2,D,2022-23
La Liga,2022-10-16,Celta Vigo,Real Sociedad,1,2,A,2022-23
La Liga,2022-10-16,Espanyol,Real Valladolid,1,0,H,2022-23
La Liga,2022-10-16,Real Betis,Almería,3,1,H,2022-23
La Liga,2022-10-16,Real Madrid,Barcelona,3,1,H,2022-23
La Liga,2022-10-17,Villarreal,Osasuna,2,0,H,2022-23
La Liga,2022-10-18,Atlético Madrid,Rayo Vallecano,1,1,D,2022-23
La Liga,2022-10-18,Getafe,Athletic Club,2,2,D,2022-23
La Liga,2022-10-18,Sevilla,Valencia,1,1,D,2022-23
La Liga,2022-10-19,Cádiz,Real Betis,0,0,D,2022-23
La Liga,2022-10-19,Elche,Real Madrid,0,3,A,2022-23
La Liga,2022-10-19,Real Sociedad,Mallorca,1,0,H,2022-23
La Liga,2022-10-19,Real Valladolid,Celta Vigo,4,1,H,2022-23
La Liga,2022-10-20,Almería,Girona,3,2,H,2022-23
La Liga,2022-10-20,Barcelona,Villarreal,3,0,H,2022-23
La Liga,2022-10-20,Osasuna,Espanyol,1,0,H,2022-23
La Liga,2022-10-22,Rayo Vallecano,Cádiz,5,1,H,2022-23
La Liga,2022-10-22,Real Madrid,Sevilla,3,1,H,2022-23
La Liga,2022-10-22,Real Valladolid,Real Sociedad,1,0,H,2022-23
La Liga,2022-10-22,Valencia,Mallorca,1,2,A,2022-23
La Liga,2022-10-23,Barcelona,Athletic Club,4,0,H,2022-23
La Liga,2022-10-23,Espanyol,Elche,2,2,D,2022-23
La Liga,2022-10-23,Girona,Osasuna,1,1,D,2022-23
La Liga,2022-10-23,Real Betis,Atlético Madrid,1,2,A,2022-23
La Liga,2022-10-23,Villarreal,Almería,2,1,H,2022-23
La Liga,2022-10-24,Celta Vigo,Getafe,1,1,D,2022-23
La Liga,2022-10-28,Mallorca,Espanyol,1,1,D,2022-23
La Liga,2022-10-29,Almería,Celta Vigo,3,1,H,2022-23
La Liga,2022-10-29,Cádiz,Atlético Madrid,3,2,H,2022-23
La Liga,2022-10-29,Sevilla,Rayo Vallecano,0,1,A,2022-23
La Liga,2022-10-29,Valencia,Barcelona,0,1,A,2022-23
La Liga,2022-10-30,Athletic Club,Villarreal,1,0,H,2022-23
La Liga,2022-10-30,Osasuna,Real Valladolid,2,0,H,2022-23
La Liga,2022-10-30,Real Madrid,Girona,1,1,D,2022-23
La Liga,2022-10-30,Real Sociedad,Real Betis,0,2,A,2022-23
La Liga,2022-10-31,Elche,Getafe,0,1,A,2022-23
La Liga,2022-11-04,Girona,Athletic Club,2,1,H,2022-23
La Liga,2022-11-05,Barcelona,Almería,2,0,H,2022-23
La Liga,2022-11-05,Celta Vigo,Osasuna,1,2,A,2022-23
La Liga,2022-11-05,Getafe,Cádiz,0,0,D,2022-23
La Liga,2022-11-05,Real Valladolid,Elche,2,1,H,2022-23
La Liga,2022-11-06,Atlético Madrid,Espanyol,1,1,D,2022-23
La Liga,2022-11-06,Real Betis,Sevilla,1,1,D,2022-23
La Liga,2022-11-06,Real Sociedad,Valencia,1,1,D,2022-23
La Liga,2022-11-06,Villarreal,Mallorca,0,2,A,2022-23
La Liga,2022-11-07,Rayo Vallecano,Real Madrid,3,2,H,2022-23
La Liga,2022-11-08,Athletic Club,Real Valladolid,3,0,H,2022-23
La Liga,2022-11-08,Elche,Girona,1,2,A,2022-23
La Liga,2022-11-08,Osasuna,Barcelona,1,2,A,2022-23
La Liga,2022-11-09,Almería,Getafe,1,0,H,2022-23
La Liga,2022-11-09,Espanyol,Villarreal,0,1,A,2022-23
La Liga,2022-11-09,Mallorca,Atlético Madrid,1,0,H,2022-23
La Liga,2022-11-09,Sevilla,Real Sociedad,1,2,A,2022-23
La Liga,2022-11-10,Rayo Vallecano,Celta Vigo,0,0,D,2022-23
La Liga,2022-11-10,Real Madrid,Cádiz,2,1,H,2022-23
La Liga,2022-11-10,Valencia,Real Betis,3,0,H,2022-23
La Liga,2022-12-29,Atlético Madrid,Elche,2,0,H,2022-23
La Liga,2022-12-29,Girona,Rayo Vallecano,2,2,D,2022-23
La Liga,2022-12-29,Real Betis,Athletic Club,0,0,D,2022-23
La Liga,2022-12-30,Celta Vigo,Sevilla,1,1,D,2022-23
La Liga,2022-12-30,Cádiz,Almería,1,1,D,2022-23
La Liga,2022-12-30,Getafe,Mallorca,2,0,H,2022-23
La Liga,2022-12-30,Real Valladolid,Real Madrid,0,2,A,2022-23
La Liga,2022-12-31,Barcelona,Espanyol,1,1,D,2022-23
La Liga,2022-12-31,Real Sociedad,Osasuna,2,0,H,2022-23
La Liga,2022-12-31,Villarreal,Valencia,2,1,H,2022-23
La Liga,2023-01-06,Elche,Celta Vigo,0,1,A,2022-23
La Liga,2023-01-06,Valencia,Cádiz,0,1,A,2022-23
La Liga,2023-01-07,Espanyol,Girona,2,2,D,2022-23
La Liga,2023-01-07,Mallorca,Real Valladolid,1,0,H,2022-23
La Liga,2023-01-07,Villarreal,Real Madrid,2,1,H,2022-23
La Liga,2023-01-08,Almería,Real Sociedad,0,2,A,2022-23
La Liga,2023-01-08,Atlético Madrid,Barcelona,0,1,A,2022-23
La Liga,2023-01-08,Rayo Vallecano,Real Betis,1,2,A,2022-23
La Liga,2023-01-08,Sevilla,Getafe,2,1,H,2022-23
La Liga,2023-01-09,Athletic Club,Osasuna,0,0,D,2022-23
La Liga,2023-01-13,Celta Vigo,Villarreal,1,1,D,2022-23
La Liga,2023-01-14,Girona,Sevilla,2,1,H,2022-23
La Liga,2023-01-14,Osasuna,Mallorca,1,0,H,2022-23
La Liga,2023-01-14,Real Sociedad,Athletic Club,3,1,H,2022-23
La Liga,2023-01-14,Real Valladolid,Rayo Vallecano,0,1,A,2022-23
La Liga,2023-01-15,Almería,Atlético Madrid,1,1,D,2022-23
La Liga,2023-01-15,Getafe,Espanyol,1,2,A,2022-23
La Liga,2023-01-16,Cádiz,Elche,1,1,D,2022-23
La Liga,2023-01-20,Mallorca,Celta Vigo,1,0,H,2022-23
La Liga,2023-01-21,Atlético Madrid,Real Valladolid,3,0,H,2022-23
La Liga,2023-01-21,Espanyol,Real Betis,1,0,H,2022-23
La Liga,2023-01-21,Rayo Vallecano,Real Sociedad,0,2,A,2022-23
La Liga,2023-01-21,Sevilla,Cádiz,1,0,H,2022-23
La Liga,2023-01-22,Athletic Club,Real Madrid,0,2,A,2022-23
La Liga,2023-01-22,Barcelona,Getafe,1,0,H,2022-23
La Liga,2023-01-22,Elche,Osasuna,1,1,D,2022-23
La Liga,2023-01-22,Villarreal,Girona,1,0,H,2022-23
La Liga,2023-01-23,Valencia,Almería,2,2,D,2022-23
La Liga,2023-01-27,Almería,Espanyol,3,1,H,2022-23
La Liga,2023-01-28,Cádiz,Mallorca,2,0,H,2022-23
La Liga,2023-01-28,Getafe,Real Betis,0,1,A,2022-23
La Liga,2023-01-28,Girona,Barcelona,0,1,A,2022-23
La Liga,2023-01-28,Sevilla,Elche,3,0,H,2022-23
La Liga,2023-01-29,Celta Vigo,Athletic Club,1,0,H,2022-23
La Liga,2023-01-29,Osasuna,Atlético Madrid,0,1,A,2022-23
La Liga,2023-01-29,Real Madrid,Real Sociedad,0,0,D,2022-23
La Liga,2023-01-29,Real Valladolid,Valencia,1,0,H,2022-23
La Liga,2023-01-30,Villarreal,Rayo Vallecano,0,1,A,2022-23
La Liga,2023-02-01,Real Betis,Barcelona,1,2,A,2022-23
La Liga,2023-02-02,Real Madrid,Valencia,2,0,H,2022-23
La Liga,2023-02-03,Athletic Club,Cádiz,4,1,H,2022-23
La Liga,2023-02-04,Atlético Madrid,Getafe,1,1,D,2022-23
La Liga,2023-02-04,Elche,Villarreal,3,1,H,2022-23
La Liga,2023-02-04,Espanyol,Osasuna,1,1,D,2022-23
La Liga,2023-02-04,Real Betis,Celta Vigo,3,4,A,2022-23
La Liga,2023-02-05,Barcelona,Sevilla,3,0,H,2022-23
La Liga,2023-02-05,Girona,Valencia,1,0,H,2022-23
La Liga,2023-02-05,Mallorca,Real Madrid,1,0,H,2022-23
La Liga,2023-02-05,Real Sociedad,Real Valladolid,0,1,A,2022-23
La Liga,2023-02-06,Rayo Vallecano,Almería,2,0,H,2022-23
La Liga,2023-02-10,Cádiz,Girona,2,0,H,2022-23
La Liga,2023-02-12,Celta Vigo,Atlético Madrid,0,1,A,2022-23
La Liga,2023-02-12,Getafe,Rayo Vallecano,1,1,D,2022-23
La Liga,2023-02-12,Real Valladolid,Osasuna,0,0,D,2022-23
La Liga,2023-02-12,Villarreal,Barcelona,0,1,A,2022-23
La Liga,2023-02-17,Girona,Almería,6,2,H,2022-23
La Liga,2023-02-18,Mallorca,Villarreal,4,2,H,2022-23
La Liga,2023-02-18,Osasuna,Real Madrid,0,2,A,2022-23
La Liga,2023-02-18,Real Betis,Real Valladolid,2,1,H,2022-23
La Liga,2023-02-18,Real Sociedad,Celta Vigo,1,1,D,2022-23
La Liga,2023-02-19,Atlético Madrid,Athletic Club,1,0,H,2022-23
La Liga,2023-02-19,Barcelona,Cádiz,2,0,H,2022-23
La Liga,2023-02-19,Elche,Espanyol,0,1,A,2022-23
La Liga,2023-02-19,Rayo Vallecano,Sevilla,1,1,D,2022-23
La Liga,2023-02-20,Getafe,Valencia,1,0,H,2022-23
La Liga,2023-02-24,Elche,Real Betis,2,3,A,2022-23
La Liga,2023-02-25,Cádiz,Rayo Vallecano,1,0,H,2022-23
La Liga,2023-02-25,Espanyol,Mallorca,2,1,H,2022-23
La Liga,2023-02-25,Real Madrid,Atlético Madrid,1,1,D,2022-23
La Liga,2023-02-25,Valencia,Real Sociedad,1,0,H,2022-23
La Liga,2023-02-26,Almería,Barcelona,1,0,H,2022-23
La Liga,2023-02-26,Athletic Club,Girona,2,3,A,2022-23
La Liga,2023-02-26,Celta Vigo,Real Valladolid,3,0,H,2022-23
La Liga,2023-02-26,Sevilla,Osasuna,2,3,A,2022-23
La Liga,2023-02-27,Villarreal,Getafe,2,1,H,2022-23
La Liga,2023-03-03,Real Sociedad,Cádiz,0,0,D,2022-23
La Liga,2023-03-04,Almería,Villarreal,0,2,A,2022-23
La Liga,2023-03-04,Atlético Madrid,Sevilla,6,1,H,2022-23
La Liga,2023-03-04,Getafe,Girona,3,2,H,2022-23
La Liga,2023-03-04,Mallorca,Elche,0,1,A,2022-23
La Liga,2023-03-05,Barcelona,Valencia,1,0,H,2022-23
La Liga,2023-03-05,Rayo Vallecano,Athletic Club,0,0,D,2022-23
La Liga,2023-03-05,Real Betis,Real Madrid,0,0,D,2022-23
La Liga,2023-03-05,Real Valladolid,Espanyol,2,1,H,2022-23
La Liga,2023-03-06,Osasuna,Celta Vigo,0,0,D,2022-23
La Liga,2023-03-10,Cádiz,Getafe,2,2,D,2022-23
La Liga,2023-03-11,Celta Vigo,Rayo Vallecano,3,0,H,2022-23
La Liga,2023-03-11,Elche,Real Valladolid,1,1,D,2022-23
La Liga,2023-03-11,Real Madrid,Espanyol,3,1,H,2022-23
La Liga,2023-03-11,Valencia,Osasuna,1,0,H,2022-23
La Liga,2023-03-12,Athletic Club,Barcelona,0,1,A,2022-23
La Liga,2023-03-12,Mallorca,Real Sociedad,1,1,D,2022-23
La Liga,2023-03-12,Sevilla,Almería,2,1,H,2022-23
La Liga,2023-03-12,Villarreal,Real Betis,1,1,D,2022-23
La Liga,2023-03-13,Girona,Atlético Madrid,0,1,A,2022-23
La Liga,2023-03-17,Real Valladolid,Athletic Club,1,3,A,2022-23
La Liga,2023-03-18,Almería,Cádiz,1,1,D,2022-23
La Liga,2023-03-18,Atlético Madrid,Valencia,3,0,H,2022-23
La Liga,2023-03-18,Espanyol,Celta Vigo,1,3,A,2022-23
La Liga,2023-03-18,Rayo Vallecano,Girona,2,2,D,2022-23
La Liga,2023-03-19,Barcelona,Real Madrid,2,1,H,2022-23
La Liga,2023-03-19,Getafe,Sevilla,2,0,H,2022-23
La Liga,2023-03-19,Osasuna,Villarreal,0,3,A,2022-23
La Liga,2023-03-19,Real Betis,Mallorca,1,0,H,2022-23
La Liga,2023-03-19,Real Sociedad,Elche,2,0,H,2022-23
La Liga,2023-03-31,Mallorca,Osasuna,0,0,D,2022-23
La Liga,2023-04-01,Athletic Club,Getafe,0,0,D,2022-23
La Liga,2023-04-01,Cádiz,Sevilla,0,2,A,2022-23
La Liga,2023-04-01,Elche,Barcelona,0,4,A,2022-23
La Liga,2023-04-01,Girona,Espanyol,2,1,H,2022-23
La Liga,2023-04-02,Atlético Madrid,Real Betis,1,0,H,2022-23
La Liga,2023-04-02,Celta Vigo,Almería,2,2,D,2022-23
La Liga,2023-04-02,Real Madrid,Real Valladolid,6,0,H,2022-23
La Liga,2023-04-02,Villarreal,Real Sociedad,2,0,H,2022-23
La Liga,2023-04-03,Valencia,Rayo Vallecano,1,1,D,2022-23
La Liga,2023-04-07,Sevilla,Celta Vigo,2,2,D,2022-23
La Liga,2023-04-08,Espanyol,Athletic Club,1,2,A,2022-23
La Liga,2023-04-08,Osasuna,Elche,2,1,H,2022-23
La Liga,2023-04-08,Real Madrid,Villarreal,2,3,A,2022-23
La Liga,2023-04-08,Real Sociedad,Getafe,2,0,H,2022-23
La Liga,2023-04-09,Almería,Valencia,2,1,H,2022-23
La Liga,2023-04-09,Rayo Vallecano,Atlético Madrid,1,2,A,2022-23
La Liga,2023-04-09,Real Betis,Cádiz,0,2,A,2022-23
La Liga,2023-04-09,Real Valladolid,Mallorca,3,3,D,2022-23
La Liga,2023-04-10,Barcelona,Girona,0,0,D,2022-23
La Liga,2023-04-14,Rayo Vallecano,Osasuna,2,1,H,2022-23
La Liga,2023-04-15,Athletic Club,Real Sociedad,2,0,H,2022-23
La Liga,2023-04-15,Cádiz,Real Madrid,0,2,A,2022-23
La Liga,2023-04-15,Real Betis,Espanyol,3,1,H,2022-23
La Liga,2023-04-15,Villarreal,Real Valladolid,1,2,A,2022-23
La Liga,2023-04-16,Atlético Madrid,Almería,2,1,H,2022-23
La Liga,2023-04-16,Getafe,Barcelona,0,0,D,2022-23
La Liga,2023-04-16,Girona,Elche,2,0,H,2022-23
La Liga,2023-04-16,Valencia,Sevilla,0,2,A,2022-23
La Liga,2023-04-17,Celta Vigo,Mallorca,0,1,A,2022-23
La Liga,2023-04-21,Espanyol,Cádiz,0,0,D,2022-23
La Liga,2023-04-22,Almería,Athletic Club,1,2,A,2022-23
La Liga,2023-04-22,Osasuna,Real Betis,3,2,H,2022-23
La Liga,2023-04-22,Real Madrid,Celta Vigo,2,0,H,2022-23
La Liga,2023-04-22,Real Sociedad,Rayo Vallecano,2,1,H,2022-23
La Liga,2023-04-22,Real Valladolid,Girona,1,0,H,2022-23
La Liga,2023-04-23,Barcelona,Atlético Madrid,1,0,H,2022-23
La Liga,2023-04-23,Elche,Valencia,0,2,A,2022-23
La Liga,2023-04-23,Mallorca,Getafe,3,1,H,2022-23
La Liga,2023-04-23,Sevilla,Villarreal,2,1,H,2022-23
La Liga,2023-04-25,Cádiz,Osasuna,0,1,A,2022-23
La Liga,2023-04-25,Girona,Real Madrid,4,2,H,2022-23
La Liga,2023-04-25,Real Betis,Real Sociedad,0,0,D,2022-23
La Liga,2023-04-26,Atlético Madrid,Mallorca,3,1,H,2022-23
La Liga,2023-04-26,Celta Vigo,Elche,1,0,H,2022-23
La Liga,2023-04-26,Getafe,Almería,1,2,A,2022-23
La Liga,2023-04-26,Rayo Vallecano,Barcelona,2,1,H,2022-23
La Liga,2023-04-27,Athletic Club,Sevilla,0,1,A,2022-23
La Liga,2023-04-27,Valencia,Real Valladolid,2,1,H,2022-23
La Liga,2023-04-27,Villarreal,Espanyol,4,2,H,2022-23
La Liga,2023-04-28,Osasuna,Real Sociedad,0,2,A,2022-23
La Liga,2023-04-29,Barcelona,Real Betis,4,0,H,2022-23
La Liga,2023-04-29,Elche,Rayo Vallecano,4,0,H,2022-23
La Liga,2023-04-29,Real Madrid,Almería,4,2,H,2022-23
La Liga,2023-04-30,Cádiz,Valencia,2,1,H,2022-23
La Liga,2023-04-30,Espanyol,Getafe,1,0,H,2022-23
La Liga,2023-04-30,Real Valladolid,Atlético Madrid,2,5,A,2022-23
La Liga,2023-04-30,Villarreal,Celta Vigo,3,1,H,2022-23
La Liga,2023-05-01,Mallorca,Athletic Club,1,1,D,2022-23
La Liga,2023-05-01,Sevilla,Girona,0,2,A,2022-23
La Liga,2023-05-02,Almería,Elche,2,1,H,2022-23
La Liga,2023-05-02,Barcelona,Osasuna,1,0,H,2022-23
La Liga,2023-05-02,Real Sociedad,Real Madrid,2,0,H,2022-23
La Liga,2023-05-03,Atlético Madrid,Cádiz,5,1,H,2022-23
La Liga,2023-05-03,Getafe,Celta Vigo,1,0,H,2022-23
La Liga,2023-05-03,Valencia,Villarreal,1,1,D,2022-23
La Liga,2023-05-04,Athletic Club,Real Betis,0,1,A,2022-23
La Liga,2023-05-04,Girona,Mallorca,2,1,H,2022-23
La Liga,2023-05-04,Rayo Vallecano,Real Valladolid,2,1,H,2022-23
La Liga,2023-05-04,Sevilla,Espanyol,3,2,H,2022-23
La Liga,2023-05-12,Mallorca,Cádiz,1,0,H,2022-23
La Liga,2023-05-13,Osasuna,Almería,3,1,H,2022-23
La Liga,2023-05-13,Real Madrid,Getafe,1,0,H,2022-23
La Liga,2023-05-13,Real Sociedad,Girona,2,2,D,2022-23
La Liga,2023-05-13,Villarreal,Athletic Club,5,1,H,2022-23
La Liga,2023-05-14,Celta Vigo,Valencia,1,2,A,2022-23
La Liga,2023-05-14,Elche,Atlético Madrid,1,0,H,2022-23
La Liga,2023-05-14,Espanyol,Barcelona,2,4,A,2022-23
La Liga,2023-05-14,Real Valladolid,Sevilla,0,3,A,2022-23
La Liga,2023-05-15,Real Betis,Rayo Vallecano,3,1,H,2022-23
La Liga,2023-05-19,Cádiz,Real Valladolid,2,0,H,2022-23
La Liga,2023-05-20,Almería,Mallorca,3,0,H,2022-23
La Liga,2023-05-20,Athletic Club,Celta Vigo,2,1,H,2022-23
La Liga,2023-05-20,Barcelona,Real Sociedad,1,2,A,2022-23
La Liga,2023-05-20,Getafe,Elche,1,1,D,2022-23
La Liga,2023-05-20,Girona,Villarreal,1,2,A,2022-23
La Liga,2023-05-21,Atlético Madrid,Osasuna,3,0,H,2022-23
La Liga,2023-05-21,Rayo Vallecano,Espanyol,1,2,A,2022-23
La Liga,2023-05-21,Sevilla,Real Betis,0,0,D,2022-23
La Liga,2023-05-21,Valencia,Real Madrid,1,0,H,2022-23
La Liga,2023-05-23,Celta Vigo,Girona,1,1,D,2022-23
La Liga,2023-05-23,Real Sociedad,Almería,1,0,H,2022-23
La Liga,2023-05-23,Real Valladolid,Barcelona,3,1,H,2022-23
La Liga,2023-05-24,Elche,Sevilla,1,1,D,2022-23
La Liga,2023-05-24,Espanyol,Atlético Madrid,3,3,D,2022-23
La Liga,2023-05-24,Real Betis,Getafe,0,1,A,2022-23
La Liga,2023-05-24,Real Madrid,Rayo Vallecano,2,1,H,2022-23
La Liga,2023-05-24,Villarreal,Cádiz,2,0,H,2022-23
La Liga,2023-05-25,Mallorca,Valencia,1,0,H,2022-23
La Liga,2023-05-25,Osasuna,Athletic Club,2,0,H,2022-23
La Liga,2023-05-27,Sevilla,Real Madrid,1,2,A,2022-23
La Liga,2023-05-28,Almería,Real Valladolid,0,0,D,2022-23
La Liga,2023-05-28,Athletic Club,Elche,0,1,A,2022-23
La Liga,2023-05-28,Atlético Madrid,Real Sociedad,2,1,H,2022-23
La Liga,2023-05-28,Barcelona,Mallorca,3,0,H,2022-23
La Liga,2023-05-28,Cádiz,Celta Vigo,1,0,H,2022-23
La Liga,2023-05-28,Getafe,Osasuna,2,1,H,2022-23
La Liga,2023-05-28,Girona,Real Betis,1,2,A,2022-23
La Liga,2023-05-28,Rayo Vallecano,Villarreal,2,1,H,2022-23
La Liga,2023-05-28,Valencia,Espanyol,2,2,D,2022-23
La Liga,2023-06-04,Celta Vigo,Barcelona,2,1,H,2022-23
La Liga,2023-06-04,Elche,Cádiz,1,1,D,2022-23
La Liga,2023-06-04,Espanyol,Almería,3,3,D,2022-23
La Liga,2023-06-04,Mallorca,Rayo Vallecano,3,0,H,2022-23
La Liga,2023-06-04,Osasuna,Girona,2,1,H,2022-23
La Liga,2023-06-04,Real Betis,Valencia,1,1,D,2022-23
La Liga,2023-06-04,Real Madrid,Athletic Club,1,1,D,2022-23
La Liga,2023-06-04,Real Sociedad,Sevilla,2,1,H,2022-23
La Liga,2023-06-04,Real Valladolid,Getafe,0,0,D,2022-23
La Liga,2023-06-04,Villarreal,Atlético Madrid,2,2,D,2022-23
La Liga,2023-08-11,Almería,Rayo Vallecano,0,2,A,2023-24
La Liga,2023-08-11,Sevilla,Valencia,1,2,A,2023-24
La Liga,2023-08-12,Athletic Club,Real Madrid,0,2,A,2023-24
La Liga,2023-08-12,Las Palmas,Mallorca,1,1,D,2023-24
La Liga,2023-08-12,Real Sociedad,Girona,1,1,D,2023-24
La Liga,2023-08-13,Celta Vigo,Osasuna,0,2,A,2023-24
La Liga,2023-08-13,Getafe,Barcelona,0,0,D,2023-24
La Liga,2023-08-13,Villarreal,Real Betis,1,2,A,2023-24
La Liga,2023-08-14,Atlético Madrid,Granada,3,1,H,2023-24
La Liga,2023-08-14,Cádiz,Alavés,1,0,H,2023-24
La Liga,2023-08-18,Mallorca,Villarreal,0,1,A,2023-24
La Liga,2023-08-18,Valencia,Las Palmas,1,0,H,2023-24
La Liga,2023-08-19,Almería,Real Madrid,1,3,A,2023-24
La Liga,2023-08-19,Osasuna,Athletic Club,0,2,A,2023-24
La Liga,2023-08-19,Real Sociedad,Celta Vigo,1,1,D,2023-24
La Liga,2023-08-20,Barcelona,Cádiz,2,0,H,2023-24
La Liga,2023-08-20,Girona,Getafe,3,0,H,2023-24
La Liga,2023-08-20,Real Betis,Atlético Madrid,0,0,D,2023-24
La Liga,2023-08-21,Alavés,Sevilla,4,3,H,2023-24
La Liga,2023-08-21,Granada,Rayo Vallecano,0,2,A,2023-24
La Liga,2023-08-25,Celta Vigo,Real Madrid,0,1,A,2023-24
La Liga,2023-08-25,Las Palmas,Real Sociedad,0,0,D,2023-24
La Liga,2023-08-26,Cádiz,Almería,1,1,D,2023-24
La Liga,2023-08-26,Granada,Mallorca,3,2,H,2023-24
La Liga,2023-08-26,Sevilla,Girona,1,2,A,2023-24
La Liga,2023-08-27,Athletic Club,Real Betis,4,2,H,2023-24
La Liga,2023-08-27,Valencia,Osasuna,1,2,A,2023-24
La Liga,2023-08-27,Villarreal,Barcelona,3,4,A,2023-24
La Liga,2023-08-28,Getafe,Alavés,1,0,H,2023-24
La Liga,2023-08-28,Rayo Vallecano,Atlético Madrid,0,7,A,2023-24
La Liga,2023-09-01,Almería,Celta Vigo,2,3,A,2023-24
La Liga,2023-09-01,Cádiz,Villarreal,3,1,H,2023-24
La Liga,2023-09-02,Alavés,Valencia,1,0,H,2023-24
La Liga,2023-09-02,Real Betis,Rayo Vallecano,1,0,H,2023-24
La Liga,2023-09-02,Real Madrid,Getafe,2,1,H,2023-24
La Liga,2023-09-02,Real Sociedad,Granada,5,3,H,2023-24
La Liga,2023-09-03,Girona,Las Palmas,1,0,H,2023-24
La Liga,2023-09-03,Mallorca,Athletic Club,0,0,D,2023-24
La Liga,2023-09-03,Osasuna,Barcelona,1,2,A,2023-24
La Liga,2023-09-15,Rayo Vallecano,Alavés,2,0,H,2023-24
La Liga,2023-09-16,Athletic Club,Cádiz,3,0,H,2023-24
La Liga,2023-09-16,Barcelona,Real Betis,5,0,H,2023-24
La Liga,2023-09-16,Celta Vigo,Mallorca,0,1,A,2023-24
La Liga,2023-09-16,Valencia,Atlético Madrid,3,0,H,2023-24
La Liga,2023-09-17,Getafe,Osasuna,3,2,H,2023-24
La Liga,2023-09-17,Real Madrid,Real Sociedad,2,1,H,2023-24
La Liga,2023-09-17,Sevilla,Las Palmas,1,0,H,2023-24
La Liga,2023-09-17,Villarreal,Almería,2,1,H,2023-24
La Liga,2023-09-18,Granada,Girona,2,4,A,2023-24
La Liga,2023-09-22,Alavés,Athletic Club,0,2,A,2023-24
La Liga,2023-09-23,Almería,Valencia,2,2,D,2023-24
La Liga,2023-09-23,Barcelona,Celta Vigo,3,2,H,2023-24
La Liga,2023-09-23,Girona,Mallorca,5,3,H,2023-24
La Liga,2023-09-23,Osasuna,Sevilla,0,0,D,2023-24
La Liga,2023-09-24,Atlético Madrid,Real Madrid,3,1,H,2023-24
La Liga,2023-09-24,Las Palmas,Granada,1,0,H,2023-24
La Liga,2023-09-24,Rayo Vallecano,Villarreal,1,1,D,2023-24
La Liga,2023-09-24,Real Betis,Cádiz,1,1,D,2023-24
La Liga,2023-09-24,Real Sociedad,Getafe,4,3,H,2023-24
La Liga,2023-09-26,Mallorca,Barcelona,2,2,D,2023-24
La Liga,2023-09-26,Sevilla,Almería,5,1,H,2023-24
La Liga,2023-09-27,Athletic Club,Getafe,2,2,D,2023-24
La Liga,2023-09-27,Cádiz,Rayo Vallecano,0,0,D,2023-24
La Liga,2023-09-27,Real Madrid,Las Palmas,2,0,H,2023-24
La Liga,2023-09-27,Valencia,Real Sociedad,0,1,A,2023-24
La Liga,2023-09-27,Villarreal,Girona,1,2,A,2023-24
La Liga,2023-09-28,Celta Vigo,Alavés,1,1,D,2023-24
La Liga,2023-09-28,Granada,Real Betis,1,1,D,2023-24
La Liga,2023-09-28,Osasuna,Atlético Madrid,0,2,A,2023-24
La Liga,2023-09-29,Barcelona,Sevilla,1,0,H,2023-24
La Liga,2023-09-30,Getafe,Villarreal,0,0,D,2023-24
La Liga,2023-09-30,Girona,Real Madrid,0,3,A,2023-24
La Liga,2023-09-30,Rayo Vallecano,Mallorca,2,2,D,2023-24
La Liga,2023-09-30,Real Sociedad,Athletic Club,3,0,H,2023-24
La Liga,2023-10-01,Alavés,Osasuna,0,2,A,2023-24
La Liga,2023-10-01,Almería,Granada,3,3,D,2023-24
La Liga,2023-10-01,Atlético Madrid,Cádiz,3,2,H,2023-24
La Liga,2023-10-01,Real Betis,Valencia,3,0,H,2023-24
La Liga,2023-10-02,Las Palmas,Celta Vigo,2,1,H,2023-24
La Liga,2023-10-06,Athletic Club,Almería,3,0,H,2023-24
La Liga,2023-10-07,Cádiz,Girona,0,1,A,2023-24
La Liga,2023-10-07,Mallorca,Valencia,1,1,D,2023-24
La Liga,2023-10-07,Real Madrid,Osasuna,4,0,H,2023-24
La Liga,2023-10-07,Sevilla,Rayo Vallecano,2,2,D,2023-24
La Liga,2023-10-08,Alavés,Real Betis,1,1,D,2023-24
La Liga,2023-10-08,Atlético Madrid,Real Sociedad,2,1,H,2023-24
La Liga,2023-10-08,Celta Vigo,Getafe,2,2,D,2023-24
La Liga,2023-10-08,Granada,Barcelona,2,2,D,2023-24
La Liga,2023-10-08,Villarreal,Las Palmas,1,2,A,2023-24
La Liga,2023-10-20,Osasuna,Granada,2,0,H,2023-24
La Liga,2023-10-21,Celta Vigo,Atlético Madrid,0,3,A,2023-24
La Liga,2023-10-21,Getafe,Real Betis,1,1,D,2023-24
La Liga,2023-10-21,Real Sociedad,Mallorca,1,0,H,2023-24
La Liga,2023-10-21,Sevilla,Real Madrid,1,1,D,2023-24
La Liga,2023-10-22,Barcelona,Athletic Club,1,0,H,2023-24
La Liga,2023-10-22,Girona,Almería,5,2,H,2023-24
La Liga,2023-10-22,Las Palmas,Rayo Vallecano,0,1,A,2023-24
La Liga,2023-10-22,Villarreal,Alavés,1,1,D,2023-24
La Liga,2023-10-23,Valencia,Cádiz,2,0,H,2023-24
La Liga,2023-10-27,Girona,Celta Vigo,1,0,H,2023-24
La Liga,2023-10-28,Almería,Las Palmas,1,2,A,2023-24
La Liga,2023-10-28,Barcelona,Real Madrid,1,2,A,2023-24
La Liga,2023-10-28,Cádiz,Sevilla,2,2,D,2023-24
La Liga,2023-10-28,Mallorca,Getafe,0,0,D,2023-24
La Liga,2023-10-29,Athletic Club,Valencia,2,2,D,2023-24
La Liga,2023-10-29,Atlético Madrid,Alavés,2,1,H,2023-24
La Liga,2023-10-29,Rayo Vallecano,Real Sociedad,2,2,D,2023-24
La Liga,2023-10-29,Real Betis,Osasuna,2,1,H,2023-24
La Liga,2023-10-30,Granada,Villarreal,2,3,A,2023-24
La Liga,2023-11-03,Las Palmas,Atlético Madrid,2,1,H,2023-24
La Liga,2023-11-04,Celta Vigo,Sevilla,1,1,D,2023-24
La Liga,2023-11-04,Osasuna,Girona,2,4,A,2023-24
La Liga,2023-11-04,Real Betis,Mallorca,2,0,H,2023-24
La Liga,2023-11-04,Real Sociedad,Barcelona,0,1,A,2023-24
La Liga,2023-11-05,Alavés,Almería,1,0,H,2023-24
La Liga,2023-11-05,Real Madrid,Rayo Vallecano,0,0,D,2023-24
La Liga,2023-11-05,Valencia,Granada,1,0,H,2023-24
La Liga,2023-11-05,Villarreal,Athletic Club,2,3,A,2023-24
La Liga,2023-11-06,Getafe,Cádiz,1,0,H,2023-24
La Liga,2023-11-10,Athletic Club,Celta Vigo,4,3,H,2023-24
La Liga,2023-11-11,Almería,Real Sociedad,1,3,A,2023-24
La Liga,2023-11-11,Granada,Getafe,1,1,D,2023-24
La Liga,2023-11-11,Osasuna,Las Palmas,1,1,D,2023-24
La Liga,2023-11-11,Rayo Vallecano,Girona,1,2,A,2023-24
La Liga,2023-11-11,Real Madrid,Valencia,5,1,H,2023-24
La Liga,2023-11-12,Atlético Madrid,Villarreal,3,1,H,2023-24
La Liga,2023-11-12,Barcelona,Alavés,2,1,H,2023-24
La Liga,2023-11-12,Sevilla,Real Betis,1,1,D,2023-24
La Liga,2023-11-24,Alavés,Granada,3,1,H,2023-24
La Liga,2023-11-25,Atlético Madrid,Mallorca,1,0,H,2023-24
La Liga,2023-11-25,Getafe,Almería,2,1,H,2023-24
La Liga,2023-11-25,Rayo Vallecano,Barcelona,1,1,D,2023-24
La Liga,2023-11-25,Valencia,Celta Vigo,0,0,D,2023-24
La Liga,2023-11-26,Cádiz,Real Madrid,0,3,A,2023-24
La Liga,2023-11-26,Real Betis,Las Palmas,1,0,H,2023-24
La Liga,2023-11-26,Real Sociedad,Sevilla,2,1,H,2023-24
La Liga,2023-11-26,Villarreal,Osasuna,3,1,H,2023-24
La Liga,2023-11-27,Girona,Athletic Club,1,1,D,2023-24
La Liga,2023-11-29,Mallorca,Cádiz,1,1,D,2023-24
La Liga,2023-12-01,Las Palmas,Getafe,2,0,H,2023-24
La Liga,2023-12-02,Athletic Club,Rayo Vallecano,4,0,H,2023-24
La Liga,2023-12-02,Girona,Valencia,2,1,H,2023-24
La Liga,2023-12-02,Osasuna,Real Sociedad,1,1,D,2023-24
La Liga,2023-12-02,Real Madrid,Granada,2,0,H,2023-24
La Liga,2023-12-03,Almería,Real Betis,0,0,D,2023-24
La Liga,2023-12-03,Barcelona,Atlético Madrid,1,0,H,2023-24
La Liga,2023-12-03,Mallorca,Alavés,0,0,D,2023-24
La Liga,2023-12-03,Sevilla,Villarreal,1,1,D,2023-24
La Liga,2023-12-04,Celta Vigo,Cádiz,1,1,D,2023-24
La Liga,2023-12-08,Getafe,Valencia,1,0,H,2023-24
La Liga,2023-12-09,Alavés,Las Palmas,0,1,A,2023-24
La Liga,2023-12-09,Mallorca,Sevilla,1,0,H,2023-24
La Liga,2023-12-09,Real Betis,Real Madrid,1,1,D,2023-24
La Liga,2023-12-09,Villarreal,Real Sociedad,0,3,A,2023-24
La Liga,2023-12-10,Atlético Madrid,Almería,2,1,H,2023-24
La Liga,2023-12-10,Barcelona,Girona,2,4,A,2023-24
La Liga,2023-12-10,Cádiz,Osasuna,1,1,D,2023-24
La Liga,2023-12-11,Granada,Athletic Club,1,1,D,2023-24
La Liga,2023-12-11,Rayo Vallecano,Celta Vigo,0,0,D,2023-24
La Liga,2023-12-15,Osasuna,Rayo Vallecano,1,0,H,2023-24
La Liga,2023-12-16,Athletic Club,Atlético Madrid,2,0,H,2023-24
La Liga,2023-12-16,Celta Vigo,Granada,1,0,H,2023-24
La Liga,2023-12-16,Sevilla,Getafe,0,3,A,2023-24
La Liga,2023-12-16,Valencia,Barcelona,1,1,D,2023-24
La Liga,2023-12-17,Almería,Mallorca,0,0,D,2023-24
La Liga,2023-12-17,Las Palmas,Cádiz,1,1,D,2023-24
La Liga,2023-12-17,Real Madrid,Villarreal,4,1,H,2023-24
La Liga,2023-12-17,Real Sociedad,Real Betis,0,0,D,2023-24
La Liga,2023-12-18,Girona,Alavés,3,0,H,2023-24
La Liga,2023-12-19,Atlético Madrid,Getafe,3,3,D,2023-24
La Liga,2023-12-19,Granada,Sevilla,0,3,A,2023-24
La Liga,2023-12-19,Rayo Vallecano,Valencia,0,1,A,2023-24
La Liga,2023-12-20,Athletic Club,Las Palmas,1,0,H,2023-24
La Liga,2023-12-20,Barcelona,Almería,3,2,H,2023-24
La Liga,2023-12-20,Villarreal,Celta Vigo,3,2,H,2023-24
La Liga,2023-12-21,Alavés,Real Madrid,0,1,A,2023-24
La Liga,2023-12-21,Cádiz,Real Sociedad,0,0,D,2023-24
La Liga,2023-12-21,Mallorca,Osasuna,3,2,H,2023-24
La Liga,2023-12-21,Real Betis,Girona,1,1,D,2023-24
La Liga,2023-12-23,Atlético Madrid,Sevilla,1,0,H,2023-24
La Liga,2024-01-02,Getafe,Rayo Vallecano,0,2,A,2023-24
La Liga,2024-01-02,Real Sociedad,Alavés,1,1,D,2023-24
La Liga,2024-01-02,Valencia,Villarreal,3,1,H,2023-24
La Liga,2024-01-03,Celta Vigo,Real Betis,2,1,H,2023-24
La Liga,2024-01-03,Girona,Atlético Madrid,4,3,H,2023-24
La Liga,2024-01-03,Granada,Cádiz,2,0,H,2023-24
La Liga,2024-01-03,Real Madrid,Mallorca,1,0,H,2023-24
La Liga,2024-01-04,Las Palmas,Barcelona,1,2,A,2023-24
La Liga,2024-01-04,Osasuna,Almería,1,0,H,2023-24
La Liga,2024-01-04,Sevilla,Athletic Club,0,2,A,2023-24
La Liga,2024-01-12,Sevilla,Alavés,2,3,A,2023-24
La Liga,2024-01-13,Athletic Club,Real Sociedad,2,1,H,2023-24
La Liga,2024-01-13,Las Palmas,Villarreal,3,0,H,2023-24
La Liga,2024-01-13,Mallorca,Celta Vigo,1,1,D,2023-24
La Liga,2024-01-13,Real Betis,Granada,1,0,H,2023-24
La Liga,2024-01-14,Almería,Girona,0,0,D,2023-24
La Liga,2024-01-14,Cádiz,Valencia,1,4,A,2023-24
La Liga,2024-01-19,Alavés,Cádiz,1,0,H,2023-24
La Liga,2024-01-20,Celta Vigo,Real Sociedad,0,1,A,2023-24
La Liga,2024-01-20,Rayo Vallecano,Las Palmas,0,2,A,2023-24
La Liga,2024-01-20,Valencia,Athletic Club,1,0,H,2023-24
La Liga,2024-01-20,Villarreal,Mallorca,1,1,D,2023-24
La Liga,2024-01-21,Girona,Sevilla,5,1,H,2023-24
La Liga,2024-01-21,Osasuna,Getafe,3,2,H,2023-24
La Liga,2024-01-21,Real Betis,Barcelona,2,4,A,2023-24
La Liga,2024-01-21,Real Madrid,Almería,3,2,H,2023-24
La Liga,2024-01-22,Granada,Atlético Madrid,0,1,A,2023-24
La Liga,2024-01-26,Almería,Alavés,0,3,A,2023-24
La Liga,2024-01-27,Barcelona,Villarreal,3,5,A,2023-24
La Liga,2024-01-27,Las Palmas,Real Madrid,1,2,A,2023-24
La Liga,2024-01-27,Mallorca,Real Betis,0,1,A,2023-24
La Liga,2024-01-27,Real Sociedad,Rayo Vallecano,0,0,D,2023-24
La Liga,2024-01-28,Atlético Madrid,Valencia,2,0,H,2023-24
La Liga,2024-01-28,Celta Vigo,Girona,0,1,A,2023-24
La Liga,2024-01-28,Cádiz,Athletic Club,0,0,D,2023-24
La Liga,2024-01-28,Sevilla,Osasuna,1,1,D,2023-24
La Liga,2024-01-29,Getafe,Granada,2,0,H,2023-24
La Liga,2024-01-31,Atlético Madrid,Rayo Vallecano,2,1,H,2023-24
La Liga,2024-01-31,Barcelona,Osasuna,1,0,H,2023-24
La Liga,2024-02-01,Getafe,Real Madrid,0,2,A,2023-24
La Liga,2024-02-02,Athletic Club,Mallorca,4,0,H,2023-24
La Liga,2024-02-03,Alavés,Barcelona,1,3,A,2023-24
La Liga,2024-02-03,Girona,Real Sociedad,0,0,D,2023-24
La Liga,2024-02-03,Granada,Las Palmas,1,1,D,2023-24
La Liga,2024-02-03,Valencia,Almería,2,1,H,2023-24
La Liga,2024-02-04,Osasuna,Celta Vigo,0,3,A,2023-24
La Liga,2024-02-04,Real Betis,Getafe,1,1,D,2023-24
La Liga,2024-02-04,Real Madrid,Atlético Madrid,1,1,D,2023-24
La Liga,2024-02-04,Villarreal,Cádiz,0,0,D,2023-24
La Liga,2024-02-05,Rayo Vallecano,Sevilla,1,2,A,2023-24
La Liga,2024-02-09,Cádiz,Real Betis,0,2,A,2023-24
La Liga,2024-02-10,Alavés,Villarreal,1,1,D,2023-24
La Liga,2024-02-10,Las Palmas,Valencia,2,0,H,2023-24
La Liga,2024-02-10,Real Madrid,Girona,4,0,H,2023-24
La Liga,2024-02-10,Real Sociedad,Osasuna,0,1,A,2023-24
La Liga,2024-02-11,Barcelona,Granada,3,3,D,2023-24
La Liga,2024-02-11,Getafe,Celta Vigo,3,2,H,2023-24
La Liga,2024-02-11,Mallorca,Rayo Vallecano,2,1,H,2023-24
La Liga,2024-02-11,Sevilla,Atlético Madrid,1,0,H,2023-24
La Liga,2024-02-12,Almería,Athletic Club,0,0,D,2023-24
La Liga,2024-02-16,Villarreal,Getafe,1,1,D,2023-24
La Liga,2024-02-17,Atlético Madrid,Las Palmas,5,0,H,2023-24
La Liga,2024-02-17,Celta Vigo,Barcelona,1,2,A,2023-24
La Liga,2024-02-17,Osasuna,Cádiz,2,0,H,2023-24
La Liga,2024-02-17,Valencia,Sevilla,0,0,D,2023-24
La Liga,2024-02-18,Granada,Almería,1,1,D,2023-24
La Liga,2024-02-18,Mallorca,Real Sociedad,1,2,A,2023-24
La Liga,2024-02-18,Rayo Vallecano,Real Madrid,1,1,D,2023-24
La Liga,2024-02-18,Real Betis,Alavés,0,0,D,2023-24
La Liga,2024-02-19,Athletic Club,Girona,3,2,H,2023-24
La Liga,2024-02-23,Real Sociedad,Villarreal,1,3,A,2023-24
La Liga,2024-02-24,Alavés,Mallorca,1,1,D,2023-24
La Liga,2024-02-24,Almería,Atlético Madrid,2,2,D,2023-24
La Liga,2024-02-24,Barcelona,Getafe,4,0,H,2023-24
La Liga,2024-02-25,Cádiz,Celta Vigo,2,2,D,2023-24
La Liga,2024-02-25,Las Palmas,Osasuna,1,1,D,2023-24
La Liga,2024-02-25,Real Betis,Athletic Club,3,1,H,2023-24
La Liga,2024-02-25,Real Madrid,Sevilla,1,0,H,2023-24
La Liga,2024-02-26,Girona,Rayo Vallecano,3,0,H,2023-24
La Liga,2024-03-01,Celta Vigo,Almería,1,0,H,2023-24
La Liga,2024-03-02,Getafe,Las Palmas,3,3,D,2023-24
La Liga,2024-03-02,Rayo Vallecano,Cádiz,1,1,D,2023-24
La Liga,2024-03-02,Sevilla,Real Sociedad,3,2,H,2023-24
La Liga,2024-03-02,Valencia,Real Madrid,2,2,D,2023-24
La Liga,2024-03-03,Athletic Club,Barcelona,0,0,D,2023-24
La Liga,2024-03-03,Atlético Madrid,Real Betis,2,1,H,2023-24
La Liga,2024-03-03,Mallorca,Girona,1,0,H,2023-24
La Liga,2024-03-03,Villarreal,Granada,5,1,H,2023-24
La Liga,2024-03-04,Osasuna,Alavés,1,0,H,2023-24
La Liga,2024-03-08,Barcelona,Mallorca,1,0,H,2023-24
La Liga,2024-03-09,Cádiz,Atlético Madrid,2,0,H,2023-24
La Liga,2024-03-09,Girona,Osasuna,2,0,H,2023-24
La Liga,2024-03-09,Granada,Real Sociedad,2,3,A,2023-24
La Liga,2024-03-09,Valencia,Getafe,1,0,H,2023-24
La Liga,2024-03-10,Alavés,Rayo Vallecano,1,0,H,2023-24
La Liga,2024-03-10,Las Palmas,Athletic Club,0,2,A,2023-24
La Liga,2024-03-10,Real Betis,Villarreal,2,3,A,2023-24
La Liga,2024-03-10,Real Madrid,Celta Vigo,4,0,H,2023-24
La Liga,2024-03-11,Almería,Sevilla,2,2,D,2023-24
La Liga,2024-03-15,Real Sociedad,Cádiz,2,0,H,2023-24
La Liga,2024-03-16,Athletic Club,Alavés,2,0,H,2023-24
La Liga,2024-03-16,Getafe,Girona,1,0,H,2023-24
La Liga,2024-03-16,Mallorca,Granada,1,0,H,2023-24
La Liga,2024-03-16,Osasuna,Real Madrid,2,4,A,2023-24
La Liga,2024-03-17,Atlético Madrid,Barcelona,0,3,A,2023-24
La Liga,2024-03-17,Las Palmas,Almería,0,1,A,2023-24
La Liga,2024-03-17,Rayo Vallecano,Real Betis,2,0,H,2023-24
La Liga,2024-03-17,Sevilla,Celta Vigo,1,2,A,2023-24
La Liga,2024-03-17,Villarreal,Valencia,1,0,H,2023-24
La Liga,2024-03-29,Cádiz,Granada,1,0,H,2023-24
La Liga,2024-03-30,Almería,Osasuna,0,3,A,2023-24
La Liga,2024-03-30,Barcelona,Las Palmas,1,0,H,2023-24
La Liga,2024-03-30,Getafe,Sevilla,0,1,A,2023-24
La Liga,2024-03-30,Valencia,Mallorca,0,0,D,2023-24
La Liga,2024-03-31,Alavés,Real Sociedad,0,1,A,2023-24
La Liga,2024-03-31,Celta Vigo,Rayo Vallecano,0,0,D,2023-24
La Liga,2024-03-31,Girona,Real Betis,3,2,H,2023-24
La Liga,2024-03-31,Real Madrid,Athletic Club,2,0,H,2023-24
La Liga,2024-04-01,Villarreal,Atlético Madrid,1,2,A,2023-24
La Liga,2024-04-04,Granada,Valencia,0,1,A,2023-24
La Liga,2024-04-12,Real Betis,Celta Vigo,2,1,H,2023-24
La Liga,2024-04-13,Atlético Madrid,Girona,3,1,H,2023-24
La Liga,2024-04-13,Cádiz,Barcelona,0,1,A,2023-24
La Liga,2024-04-13,Mallorca,Real Madrid,0,1,A,2023-24
La Liga,2024-04-13,Rayo Vallecano,Getafe,0,0,D,2023-24
La Liga,2024-04-14,Athletic Club,Villarreal,1,1,D,2023-24
La Liga,2024-04-14,Granada,Alavés,2,0,H,2023-24
La Liga,2024-04-14,Las Palmas,Sevilla,0,2,A,2023-24
La Liga,2024-04-14,Real Sociedad,Almería,2,2,D,2023-24
La Liga,2024-04-15,Osasuna,Valencia,0,1,A,2023-24
La Liga,2024-04-19,Athletic Club,Granada,1,1,D,2023-24
La Liga,2024-04-20,Celta Vigo,Las Palmas,4,1,H,2023-24
La Liga,2024-04-20,Girona,Cádiz,4,1,H,2023-24
La Liga,2024-04-20,Rayo Vallecano,Osasuna,2,1,H,2023-24
La Liga,2024-04-20,Valencia,Real Betis,1,2,A,2023-24
La Liga,2024-04-21,Alavés,Atlético Madrid,2,0,H,2023-24
La Liga,2024-04-21,Almería,Villarreal,1,2,A,2023-24
La Liga,2024-04-21,Getafe,Real Sociedad,1,1,D,2023-24
La Liga,2024-04-21,Real Madrid,Barcelona,3,2,H,2023-24
La Liga,2024-04-22,Sevilla,Mallorca,2,1,H,2023-24
La Liga,2024-04-26,Real Sociedad,Real Madrid,0,1,A,2023-24
La Liga,2024-04-27,Alavés,Celta Vigo,3,0,H,2023-24
La Liga,2024-04-27,Almería,Getafe,1,3,A,2023-24
La Liga,2024-04-27,Atlético Madrid,Athletic Club,3,1,H,2023-24
La Liga,2024-04-27,Las Palmas,Girona,0,2,A,2023-24
La Liga,2024-04-28,Cádiz,Mallorca,1,1,D,2023-24
La Liga,2024-04-28,Granada,Osasuna,3,0,H,2023-24
La Liga,2024-04-28,Real Betis,Sevilla,1,1,D,2023-24
La Liga,2024-04-28,Villarreal,Rayo Vallecano,3,0,H,2023-24
La Liga,2024-04-29,Barcelona,Valencia,4,2,H,2023-24
La Liga,2024-05-03,Getafe,Athletic Club,0,2,A,2023-24
La Liga,2024-05-04,Girona,Barcelona,4,2,H,2023-24
La Liga,2024-05-04,Mallorca,Atlético Madrid,0,1,A,2023-24
La Liga,2024-05-04,Real Madrid,Cádiz,3,0,H,2023-24
La Liga,2024-05-04,Real Sociedad,Las Palmas,2,0,H,2023-24
La Liga,2024-05-05,Celta Vigo,Villarreal,3,2,H,2023-24
La Liga,2024-05-05,Osasuna,Real Betis,0,2,A,2023-24
La Liga,2024-05-05,Rayo Vallecano,Almería,0,1,A,2023-24
La Liga,2024-05-05,Sevilla,Granada,3,0,H,2023-24
La Liga,2024-05-05,Valencia,Alavés,0,1,A,2023-24
La Liga,2024-05-10,Alavés,Girona,2,2,D,2023-24
La Liga,2024-05-11,Athletic Club,Osasuna,2,2,D,2023-24
La Liga,2024-05-11,Granada,Real Madrid,0,4,A,2023-24
La Liga,2024-05-11,Mallorca,Las Palmas,1,0,H,2023-24
La Liga,2024-05-11,Villarreal,Sevilla,3,2,H,2023-24
La Liga,2024-05-12,Atlético Madrid,Celta Vigo,1,0,H,2023-24
La Liga,2024-05-12,Cádiz,Getafe,1,0,H,2023-24
La Liga,2024-05-12,Real Betis,Almería,3,2,H,2023-24
La Liga,2024-05-12,Valencia,Rayo Vallecano,0,0,D,2023-24
La Liga,2024-05-13,Barcelona,Real Sociedad,2,0,H,2023-24
La Liga,2024-05-14,Girona,Villarreal,0,1,A,2023-24
La Liga,2024-05-14,Osasuna,Mallorca,1,1,D,2023-24
La Liga,2024-05-14,Real Madrid,Alavés,5,0,H,2023-24
La Liga,2024-05-15,Celta Vigo,Athletic Club,2,1,H,2023-24
La Liga,2024-05-15,Getafe,Atlético Madrid,0,3,A,2023-24
La Liga,2024-05-15,Rayo Vallecano,Granada,2,1,H,2023-24
La Liga,2024-05-15,Sevilla,Cádiz,0,1,A,2023-24
La Liga,2024-05-16,Almería,Barcelona,0,2,A,2023-24
La Liga,2024-05-16,Las Palmas,Real Betis,2,2,D,2023-24
La Liga,2024-05-16,Real Sociedad,Valencia,1,0,H,2023-24
La Liga,2024-05-18,Alavés,Getafe,1,0,H,2023-24
La Liga,2024-05-19,Athletic Club,Sevilla,2,0,H,2023-24
La Liga,2024-05-19,Atlético Madrid,Osasuna,1,4,A,2023-24
La Liga,2024-05-19,Barcelona,Rayo Vallecano,3,0,H,2023-24
La Liga,2024-05-19,Cádiz,Las Palmas,0,0,D,2023-24
La Liga,2024-05-19,Granada,Celta Vigo,1,2,A,2023-24
La Liga,2024-05-19,Mallorca,Almería,2,2,D,2023-24
La Liga,2024-05-19,Real Betis,Real Sociedad,0,2,A,2023-24
La Liga,2024-05-19,Valencia,Girona,1,3,A,2023-24
La Liga,2024-05-19,Villarreal,Real Madrid,4,4,D,2023-24
La Liga,2024-05-24,Girona,Granada,7,0,H,2023-24
La Liga,2024-05-25,Almería,Cádiz,6,1,H,2023-24
La Liga,2024-05-25,Osasuna,Villarreal,1,1,D,2023-24
La Liga,2024-05-25,Rayo Vallecano,Athletic Club,0,1,A,2023-24
La Liga,2024-05-25,Real Madrid,Real Betis,0,0,D,2023-24
La Liga,2024-05-25,Real Sociedad,Atlético Madrid,0,2,A,2023-24
La Liga,2024-05-26,Celta Vigo,Valencia,2,2,D,2023-24
La Liga,2024-05-26,Getafe,Mallorca,1,2,A,2023-24
La Liga,2024-05-26,Las Palmas,Alavés,1,1,D,2023-24
La Liga,2024-05-26,Sevilla,Barcelona,1,2,A,2023-24
La Liga,2024-08-15,Athletic Club,Getafe,1,1,D,2024-25
La Liga,2024-08-15,Real Betis,Girona,1,1,D,2024-25
La Liga,2024-08-16,Celta Vigo,Alavés,2,1,H,2024-25
La Liga,2024-08-16,Las Palmas,Sevilla,2,2,D,2024-25
La Liga,2024-08-17,Osasuna,Leganés,1,1,D,2024-25
La Liga,2024-08-17,Valencia,Barcelona,1,2,A,2024-25
La Liga,2024-08-18,Mallorca,Real Madrid,1,1,D,2024-25
La Liga,2024-08-18,Real Sociedad,Rayo Vallecano,1,2,A,2024-25
La Liga,2024-08-19,Real Valladolid,Espanyol,1,0,H,2024-25
La Liga,2024-08-19,Villarreal,Atlético Madrid,2,2,D,2024-25
La Liga,2024-08-23,Celta Vigo,Valencia,3,1,H,2024-25
La Liga,2024-08-23,Sevilla,Villarreal,1,2,A,2024-25
La Liga,2024-08-24,Barcelona,Athletic Club,2,1,H,2024-25
La Liga,2024-08-24,Espanyol,Real Sociedad,0,1,A,2024-25
La Liga,2024-08-24,Getafe,Rayo Vallecano,0,0,D,2024-25
La Liga,2024-08-24,Osasuna,Mallorca,1,0,H,2024-25
La Liga,2024-08-25,Alavés,Real Betis,0,0,D,2024-25
La Liga,2024-08-25,Atlético Madrid,Girona,3,0,H,2024-25
La Liga,2024-08-25,Leganés,Las Palmas,2,1,H,2024-25
La Liga,2024-08-25,Real Madrid,Real Valladolid,3,0,H,2024-25
La Liga,2024-08-26,Villarreal,Celta Vigo,4,3,H,2024-25
La Liga,2024-08-27,Mallorca,Sevilla,0,0,D,2024-25
La Liga,2024-08-27,Rayo Vallecano,Barcelona,1,2,A,2024-25
La Liga,2024-08-28,Athletic Club,Valencia,1,0,H,2024-25
La Liga,2024-08-28,Atlético Madrid,Espanyol,0,0,D,2024-25
La Liga,2024-08-28,Real Sociedad,Alavés,1,2,A,2024-25
La Liga,2024-08-28,Real Valladolid,Leganés,0,0,D,2024-25
La Liga,2024-08-29,Girona,Osasuna,4,0,H,2024-25
La Liga,2024-08-29,Las Palmas,Real Madrid,1,1,D,2024-25
La Liga,2024-08-31,Athletic Club,Atlético Madrid,0,1,A,2024-25
La Liga,2024-08-31,Barcelona,Real Valladolid,7,0,H,2024-25
La Liga,2024-08-31,Espanyol,Rayo Vallecano,2,1,H,2024-25
La Liga,2024-08-31,Leganés,Mallorca,0,1,A,2024-25
La Liga,2024-08-31,Valencia,Villarreal,1,1,D,2024-25
La Liga,2024-09-01,Alavés,Las Palmas,2,0,H,2024-25
La Liga,2024-09-01,Getafe,Real Sociedad,0,0,D,2024-25
La Liga,2024-09-01,Osasuna,Celta Vigo,3,2,H,2024-25
La Liga,2024-09-01,Real Madrid,Real Betis,2,0,H,2024-25
La Liga,2024-09-01,Sevilla,Girona,0,2,A,2024-25
La Liga,2024-09-13,Real Betis,Leganés,2,0,H,2024-25
La Liga,2024-09-14,Espanyol,Alavés,3,2,H,2024-25
La Liga,2024-09-14,Mallorca,Villarreal,1,2,A,2024-25
La Liga,2024-09-14,Real Sociedad,Real Madrid,0,2,A,2024-25
La Liga,2024-09-14,Sevilla,Getafe,1,0,H,2024-25
La Liga,2024-09-15,Atlético Madrid,Valencia,3,0,H,2024-25
La Liga,2024-09-15,Celta Vigo,Real Valladolid,3,1,H,2024-25
La Liga,2024-09-15,Girona,Barcelona,1,4,A,2024-25
La Liga,2024-09-15,Las Palmas,Athletic Club,2,3,A,2024-25
La Liga,2024-09-16,Rayo Vallecano,Osasuna,3,1,H,2024-25
La Liga,2024-09-17,Mallorca,Real Sociedad,1,0,H,2024-25
La Liga,2024-09-18,Real Betis,Getafe,2,1,H,2024-25
La Liga,2024-09-19,Leganés,Athletic Club,0,2,A,2024-25
La Liga,2024-09-20,Alavés,Sevilla,2,1,H,2024-25
La Liga,2024-09-21,Osasuna,Las Palmas,2,1,H,2024-25
La Liga,2024-09-21,Real Madrid,Espanyol,4,1,H,2024-25
La Liga,2024-09-21,Real Valladolid,Real Sociedad,0,0,D,2024-25
La Liga,2024-09-21,Valencia,Girona,2,0,H,2024-25
La Liga,2024-09-22,Athletic Club,Celta Vigo,3,1,H,2024-25
La Liga,2024-09-22,Getafe,Leganés,1,1,D,2024-25
La Liga,2024-09-22,Rayo Vallecano,Atlético Madrid,1,1,D,2024-25
La Liga,2024-09-22,Villarreal,Barcelona,1,5,A,2024-25
La Liga,2024-09-23,Real Betis,Mallorca,1,2,A,2024-25
La Liga,2024-09-24,Real Madrid,Alavés,3,2,H,2024-25
La Liga,2024-09-24,Sevilla,Real Valladolid,2,1,H,2024-25
La Liga,2024-09-24,Valencia,Osasuna,0,0,D,2024-25
La Liga,2024-09-25,Barcelona,Getafe,1,0,H,2024-25
La Liga,2024-09-25,Girona,Rayo Vallecano,0,0,D,2024-25
La Liga,2024-09-26,Celta Vigo,Atlético Madrid,0,1,A,2024-25
La Liga,2024-09-26,Espanyol,Villarreal,1,2,A,2024-25
La Liga,2024-09-26,Las Palmas,Real Betis,1,1,D,2024-25
La Liga,2024-09-27,Real Valladolid,Mallorca,1,2,A,2024-25
La Liga,2024-09-28,Getafe,Alavés,2,0,H,2024-25
La Liga,2024-09-28,Osasuna,Barcelona,4,2,H,2024-25
La Liga,2024-09-28,Rayo Vallecano,Leganés,1,1,D,2024-25
La Liga,2024-09-28,Real Sociedad,Valencia,3,0,H,2024-25
La Liga,2024-09-29,Athletic Club,Sevilla,1,1,D,2024-25
La Liga,2024-09-29,Atlético Madrid,Real Madrid,1,1,D,2024-25
La Liga,2024-09-29,Celta Vigo,Girona,1,1,D,2024-25
La Liga,2024-09-29,Real Betis,Espanyol,1,0,H,2024-25
La Liga,2024-09-30,Villarreal,Las Palmas,3,1,H,2024-25
La Liga,2024-10-04,Leganés,Valencia,0,0,D,2024-25
La Liga,2024-10-05,Espanyol,Mallorca,2,1,H,2024-25
La Liga,2024-10-05,Getafe,Osasuna,1,1,D,2024-25
La Liga,2024-10-05,Las Palmas,Celta Vigo,0,1,A,2024-25
La Liga,2024-10-05,Real Madrid,Villarreal,2,0,H,2024-25
La Liga,2024-10-05,Real Valladolid,Rayo Vallecano,1,2,A,2024-25
La Liga,2024-10-06,Alavés,Barcelona,0,3,A,2024-25
La Liga,2024-10-06,Girona,Athletic Club,2,1,H,2024-25
La Liga,2024-10-06,Real Sociedad,Atlético Madrid,1,1,D,2024-25
La Liga,2024-10-06,Sevilla,Real Betis,1,0,H,2024-25
La Liga,2024-10-18,Alavés,Real Valladolid,2,3,A,2024-25
La Liga,2024-10-19,Athletic Club,Espanyol,4,1,H,2024-25
La Liga,2024-10-19,Celta Vigo,Real Madrid,1,2,A,2024-25
La Liga,2024-10-19,Girona,Real Sociedad,0,1,A,2024-25
La Liga,2024-10-19,Osasuna,Real Betis,1,2,A,2024-25
La Liga,2024-10-20,Atlético Madrid,Leganés,3,1,H,2024-25
La Liga,2024-10-20,Barcelona,Sevilla,5,1,H,2024-25
La Liga,2024-10-20,Mallorca,Rayo Vallecano,1,0,H,2024-25
La Liga,2024-10-20,Villarreal,Getafe,1,1,D,2024-25
La Liga,2024-10-21,Valencia,Las Palmas,2,3,A,2024-25
La Liga,2024-10-25,Espanyol,Sevilla,0,2,A,2024-25
La Liga,2024-10-26,Las Palmas,Girona,1,0,H,2024-25
La Liga,2024-10-26,Rayo Vallecano,Alavés,1,0,H,2024-25
La Liga,2024-10-26,Real Madrid,Barcelona,0,4,A,2024-25
La Liga,2024-10-26,Real Valladolid,Villarreal,1,2,A,2024-25
La Liga,2024-10-27,Getafe,Valencia,1,1,D,2024-25
La Liga,2024-10-27,Leganés,Celta Vigo,3,0,H,2024-25
La Liga,2024-10-27,Real Betis,Atlético Madrid,1,0,H,2024-25
La Liga,2024-10-27,Real Sociedad,Osasuna,0,2,A,2024-25
La Liga,2024-10-28,Mallorca,Athletic Club,0,0,D,2024-25
La Liga,2024-11-01,Alavés,Mallorca,1,0,H,2024-25
La Liga,2024-11-02,Girona,Leganés,4,3,H,2024-25
La Liga,2024-11-02,Osasuna,Real Valladolid,1,0,H,2024-25
La Liga,2024-11-03,Athletic Club,Real Betis,1,1,D,2024-25
La Liga,2024-11-03,Atlético Madrid,Las Palmas,2,0,H,2024-25
La Liga,2024-11-03,Barcelona,Espanyol,3,1,H,2024-25
La Liga,2024-11-03,Sevilla,Real Sociedad,0,2,A,2024-25
La Liga,2024-11-04,Celta Vigo,Getafe,1,0,H,2024-25
La Liga,2024-11-08,Rayo Vallecano,Las Palmas,1,3,A,2024-25
La Liga,2024-11-09,Leganés,Sevilla,1,0,H,2024-25
La Liga,2024-11-09,Real Madrid,Osasuna,4,0,H,2024-25
La Liga,2024-11-09,Villarreal,Alavés,3,0,H,2024-25
La Liga,2024-11-10,Getafe,Girona,0,1,A,2024-25
La Liga,2024-11-10,Mallorca,Atlético Madrid,0,1,A,2024-25
La Liga,2024-11-10,Real Betis,Celta Vigo,2,2,D,2024-25
La Liga,2024-11-10,Real Sociedad,Barcelona,1,0,H,2024-25
La Liga,2024-11-10,Real Valladolid,Athletic Club,1,1,D,2024-25
La Liga,2024-11-22,Getafe,Real Valladolid,2,0,H,2024-25
La Liga,2024-11-23,Atlético Madrid,Alavés,2,1,H,2024-25
La Liga,2024-11-23,Celta Vigo,Barcelona,2,2,D,2024-25
La Liga,2024-11-23,Girona,Espanyol,4,1,H,2024-25
La Liga,2024-11-23,Las Palmas,Mallorca,2,3,A,2024-25
La Liga,2024-11-23,Valencia,Real Betis,4,2,H,2024-25
La Liga,2024-11-24,Athletic Club,Real Sociedad,1,0,H,2024-25
La Liga,2024-11-24,Leganés,Real Madrid,0,3,A,2024-25
La Liga,2024-11-24,Osasuna,Villarreal,2,2,D,2024-25
La Liga,2024-11-24,Sevilla,Rayo Vallecano,1,0,H,2024-25
La Liga,2024-11-29,Mallorca,Valencia,2,1,H,2024-25
La Liga,2024-11-30,Alavés,Leganés,1,1,D,2024-25
La Liga,2024-11-30,Barcelona,Las Palmas,1,2,A,2024-25
La Liga,2024-11-30,Espanyol,Celta Vigo,3,1,H,2024-25
La Liga,2024-11-30,Real Valladolid,Atlético Madrid,0,5,A,2024-25
La Liga,2024-12-01,Rayo Vallecano,Athletic Club,1,2,A,2024-25
La Liga,2024-12-01,Real Madrid,Getafe,2,0,H,2024-25
La Liga,2024-12-01,Real Sociedad,Real Betis,2,0,H,2024-25
La Liga,2024-12-01,Villarreal,Girona,2,2,D,2024-25
La Liga,2024-12-02,Sevilla,Osasuna,1,1,D,2024-25
La Liga,2024-12-03,Mallorca,Barcelona,1,5,A,2024-25
La Liga,2024-12-04,Athletic Club,Real Madrid,2,1,H,2024-25
La Liga,2024-12-06,Celta Vigo,Mallorca,2,0,H,2024-25
La Liga,2024-12-07,Girona,Real Madrid,0,3,A,2024-25
La Liga,2024-12-07,Las Palmas,Real Valladolid,2,1,H,2024-25
La Liga,2024-12-07,Real Betis,Barcelona,2,2,D,2024-25
La Liga,2024-12-07,Valencia,Rayo Vallecano,0,1,A,2024-25
La Liga,2024-12-08,Athletic Club,Villarreal,2,0,H,2024-25
La Liga,2024-12-08,Atlético Madrid,Sevilla,4,3,H,2024-25
La Liga,2024-12-08,Leganés,Real Sociedad,0,3,A,2024-25
La Liga,2024-12-08,Osasuna,Alavés,2,2,D,2024-25
La Liga,2024-12-09,Getafe,Espanyol,1,0,H,2024-25
La Liga,2024-12-13,Real Valladolid,Valencia,1,0,H,2024-25
La Liga,2024-12-14,Espanyol,Osasuna,0,0,D,2024-25
La Liga,2024-12-14,Mallorca,Girona,2,1,H,2024-25
La Liga,2024-12-14,Rayo Vallecano,Real Madrid,3,3,D,2024-25
La Liga,2024-12-14,Sevilla,Celta Vigo,1,0,H,2024-25
La Liga,2024-12-15,Alavés,Athletic Club,1,1,D,2024-25
La Liga,2024-12-15,Atlético Madrid,Getafe,1,0,H,2024-25
La Liga,2024-12-15,Barcelona,Leganés,0,1,A,2024-25
La Liga,2024-12-15,Real Sociedad,Las Palmas,0,0,D,2024-25
La Liga,2024-12-15,Villarreal,Real Betis,1,2,A,2024-25
La Liga,2024-12-18,Espanyol,Valencia,1,1,D,2024-25
La Liga,2024-12-18,Villarreal,Rayo Vallecano,1,1,D,2024-25
La Liga,2024-12-20,Girona,Real Valladolid,3,0,H,2024-25
La Liga,2024-12-21,Barcelona,Atlético Madrid,1,2,A,2024-25
La Liga,2024-12-21,Celta Vigo,Real Sociedad,2,0,H,2024-25
La Liga,2024-12-21,Getafe,Mallorca,0,1,A,2024-25
La Liga,2024-12-21,Osasuna,Athletic Club,1,2,A,2024-25
La Liga,2024-12-22,Las Palmas,Espanyol,1,0,H,2024-25
La Liga,2024-12-22,Leganés,Villarreal,2,5,A,2024-25
La Liga,2024-12-22,Real Betis,Rayo Vallecano,1,1,D,2024-25
La Liga,2024-12-22,Real Madrid,Sevilla,4,2,H,2024-25
La Liga,2024-12-22,Valencia,Alavés,2,2,D,2024-25
La Liga,2025-01-03,Valencia,Real Madrid,1,2,A,2024-25
La Liga,2025-01-10,Rayo Vallecano,Celta Vigo,2,1,H,2024-25
La Liga,2025-01-11,Alavés,Girona,0,1,A,2024-25
La Liga,2025-01-11,Espanyol,Leganés,1,1,D,2024-25
La Liga,2025-01-11,Real Valladolid,Real Betis,1,0,H,2024-25
La Liga,2025-01-11,Sevilla,Valencia,1,1,D,2024-25
La Liga,2025-01-12,Atlético Madrid,Osasuna,1,0,H,2024-25
La Liga,2025-01-12,Las Palmas,Getafe,1,2,A,2024-25
La Liga,2025-01-13,Real Sociedad,Villarreal,1,0,H,2024-25
La Liga,2025-01-17,Espanyol,Real Valladolid,2,1,H,2024-25
La Liga,2025-01-18,Getafe,Barcelona,1,1,D,2024-25
La Liga,2025-01-18,Girona,Sevilla,1,2,A,2024-25
La Liga,2025-01-18,Leganés,Atlético Madrid,1,0,H,2024-25
La Liga,2025-01-18,Real Betis,Alavés,1,3,A,2024-25
La Liga,2025-01-19,Celta Vigo,Athletic Club,1,2,A,2024-25
La Liga,2025-01-19,Osasuna,Rayo Vallecano,1,1,D,2024-25
La Liga,2025-01-19,Real Madrid,Las Palmas,4,1,H,2024-25
La Liga,2025-01-19,Valencia,Real Sociedad,1,0,H,2024-25
La Liga,2025-01-20,Villarreal,Mallorca,4,0,H,2024-25
La Liga,2025-01-24,Las Palmas,Osasuna,1,1,D,2024-25
La Liga,2025-01-25,Atlético Madrid,Villarreal,1,1,D,2024-25
La Liga,2025-01-25,Mallorca,Real Betis,0,1,A,2024-25
La Liga,2025-01-25,Real Valladolid,Real Madrid,0,3,A,2024-25
La Liga,2025-01-25,Sevilla,Espanyol,1,1,D,2024-25
La Liga,2025-01-26,Athletic Club,Leganés,0,0,D,2024-25
La Liga,2025-01-26,Barcelona,Valencia,7,1,H,2024-25
La Liga,2025-01-26,Rayo Vallecano,Girona,2,1,H,2024-25
La Liga,2025-01-26,Real Sociedad,Getafe,0,3,A,2024-25
La Liga,2025-01-27,Alavés,Celta Vigo,1,1,D,2024-25
La Liga,2025-01-31,Leganés,Rayo Vallecano,0,1,A,2024-25
La Liga,2025-02-01,Atlético Madrid,Mallorca,2,0,H,2024-25
La Liga,2025-02-01,Espanyol,Real Madrid,1,0,H,2024-25
La Liga,2025-02-01,Getafe,Sevilla,0,0,D,2024-25
La Liga,2025-02-01,Villarreal,Real Valladolid,5,1,H,2024-25
La Liga,2025-02-02,Barcelona,Alavés,1,0,H,2024-25
La Liga,2025-02-02,Osasuna,Real Sociedad,2,1,H,2024-25
La Liga,2025-02-02,Real Betis,Athletic Club,2,2,D,2024-25
La Liga,2025-02-02,Valencia,Celta Vigo,2,1,H,2024-25
La Liga,2025-02-03,Girona,Las Palmas,2,1,H,2024-25
La Liga,2025-02-07,Rayo Vallecano,Real Valladolid,1,0,H,2024-25
La Liga,2025-02-08,Athletic Club,Girona,3,0,H,2024-25
La Liga,2025-02-08,Celta Vigo,Real Betis,3,2,H,2024-25
La Liga,2025-02-08,Las Palmas,Villarreal,1,2,A,2024-25
La Liga,2025-02-08,Real Madrid,Atlético Madrid,1,1,D,2024-25
La Liga,2025-02-09,Alavés,Getafe,0,1,A,2024-25
La Liga,2025-02-09,Real Sociedad,Espanyol,2,1,H,2024-25
La Liga,2025-02-09,Sevilla,Barcelona,1,4,A,2024-25
La Liga,2025-02-09,Valencia,Leganés,2,0,H,2024-25
La Liga,2025-02-10,Mallorca,Osasuna,1,1,D,2024-25
La Liga,2025-02-14,Girona,Getafe,1,2,A,2024-25
La Liga,2025-02-15,Atlético Madrid,Celta Vigo,1,1,D,2024-25
La Liga,2025-02-15,Leganés,Alavés,3,3,D,2024-25
La Liga,2025-02-15,Osasuna,Real Madrid,1,1,D,2024-25
La Liga,2025-02-15,Villarreal,Valencia,1,1,D,2024-25
La Liga,2025-02-16,Espanyol,Athletic Club,1,1,D,2024-25
La Liga,2025-02-16,Mallorca,Las Palmas,3,1,H,2024-25
La Liga,2025-02-16,Real Betis,Real Sociedad,3,0,H,2024-25
La Liga,2025-02-16,Real Valladolid,Sevilla,0,4,A,2024-25
La Liga,2025-02-17,Barcelona,Rayo Vallecano,1,0,H,2024-25
La Liga,2025-02-21,Celta Vigo,Osasuna,1,0,H,2024-25
La Liga,2025-02-22,Alavés,Espanyol,0,1,A,2024-25
La Liga,2025-02-22,Las Palmas,Barcelona,0,2,A,2024-25
La Liga,2025-02-22,Rayo Vallecano,Villarreal,0,1,A,2024-25
La Liga,2025-02-22,Valencia,Atlético Madrid,0,3,A,2024-25
La Liga,2025-02-23,Athletic Club,Real Valladolid,7,1,H,2024-25
La Liga,2025-02-23,Getafe,Real Betis,1,2,A,2024-25
La Liga,2025-02-23,Real Madrid,Girona,2,0,H,2024-25
La Liga,2025-02-23,Real Sociedad,Leganés,3,0,H,2024-25
La Liga,2025-02-24,Sevilla,Mallorca,1,1,D,2024-25
La Liga,2025-02-28,Real Valladolid,Las Palmas,1,1,D,2024-25
La Liga,2025-03-01,Atlético Madrid,Athletic Club,1,0,H,2024-25
La Liga,2025-03-01,Girona,Celta Vigo,2,2,D,2024-25
La Liga,2025-03-01,Rayo Vallecano,Sevilla,1,1,D,2024-25
La Liga,2025-03-01,Real Betis,Real Madrid,2,1,H,2024-25
La Liga,2025-03-02,Barcelona,Real Sociedad,4,0,H,2024-25
La Liga,2025-03-02,Leganés,Getafe,1,0,H,2024-25
La Liga,2025-03-02,Mallorca,Alavés,1,1,D,2024-25
La Liga,2025-03-02,Osasuna,Valencia,3,3,D,2024-25
La Liga,2025-03-08,Alavés,Villarreal,1,0,H,2024-25
La Liga,2025-03-08,Celta Vigo,Leganés,2,1,H,2024-25
La Liga,2025-03-08,Valencia,Real Valladolid,2,1,H,2024-25
La Liga,2025-03-09,Athletic Club,Mallorca,1,1,D,2024-25
La Liga,2025-03-09,Getafe,Atlético Madrid,2,1,H,2024-25
La Liga,2025-03-09,Real Betis,Las Palmas,1,0,H,2024-25
La Liga,2025-03-09,Real Madrid,Rayo Vallecano,2,1,H,2024-25
La Liga,2025-03-09,Real Sociedad,Sevilla,0,1,A,2024-25
La Liga,2025-03-10,Espanyol,Girona,1,1,D,2024-25
La Liga,2025-03-14,Las Palmas,Alavés,2,2,D,2024-25
La Liga,2025-03-15,Girona,Valencia,1,1,D,2024-25
La Liga,2025-03-15,Mallorca,Espanyol,2,1,H,2024-25
La Liga,2025-03-15,Real Valladolid,Celta Vigo,0,1,A,2024-25
La Liga,2025-03-15,Villarreal,Real Madrid,1,2,A,2024-25
La Liga,2025-03-16,Atlético Madrid,Barcelona,2,4,A,2024-25
La Liga,2025-03-16,Leganés,Real Betis,2,3,A,2024-25
La Liga,2025-03-16,Osasuna,Getafe,1,2,A,2024-25
La Liga,2025-03-16,Rayo Vallecano,Real Sociedad,2,2,D,2024-25
La Liga,2025-03-16,Sevilla,Athletic Club,0,1,A,2024-25
La Liga,2025-03-27,Barcelona,Osasuna,3,0,H,2024-25
La Liga,2025-03-29,Alavés,Rayo Vallecano,0,2,A,2024-25
La Liga,2025-03-29,Espanyol,Atlético Madrid,1,1,D,2024-25
La Liga,2025-03-29,Real Madrid,Leganés,3,2,H,2024-25
La Liga,2025-03-29,Real Sociedad,Real Valladolid,2,1,H,2024-25
La Liga,2025-03-30,Athletic Club,Osasuna,0,0,D,2024-25
La Liga,2025-03-30,Barcelona,Girona,4,1,H,2024-25
La Liga,2025-03-30,Getafe,Villarreal,1,2,A,2024-25
La Liga,2025-03-30,Real Betis,Sevilla,2,1,H,2024-25
La Liga,2025-03-30,Valencia,Mallorca,1,0,H,2024-25
La Liga,2025-03-31,Celta Vigo,Las Palmas,1,1,D,2024-25
La Liga,2025-04-04,Rayo Vallecano,Espanyol,0,4,A,2024-25
La Liga,2025-04-05,Barcelona,Real Betis,1,1,D,2024-25
La Liga,2025-04-05,Girona,Alavés,0,1,A,2024-25
La Liga,2025-04-05,Mallorca,Celta Vigo,1,2,A,2024-25
La Liga,2025-04-05,Real Madrid,Valencia,1,2,A,2024-25
La Liga,2025-04-06,Las Palmas,Real Sociedad,1,3,A,2024-25
La Liga,2025-04-06,Real Valladolid,Getafe,0,4,A,2024-25
La Liga,2025-04-06,Sevilla,Atlético Madrid,1,2,A,2024-25
La Liga,2025-04-06,Villarreal,Athletic Club,0,0,D,2024-25
La Liga,2025-04-07,Leganés,Osasuna,1,1,D,2024-25
La Liga,2025-04-11,Valencia,Sevilla,1,0,H,2024-25
La Liga,2025-04-12,Celta Vigo,Espanyol,0,2,A,2024-25
La Liga,2025-04-12,Getafe,Las Palmas,1,3,A,2024-25
La Liga,2025-04-12,Leganés,Barcelona,0,1,A,2024-25
La Liga,2025-04-12,Real Sociedad,Mallorca,0,2,A,2024-25
La Liga,2025-04-13,Alavés,Real Madrid,0,1,A,2024-25
La Liga,2025-04-13,Athletic Club,Rayo Vallecano,3,1,H,2024-25
La Liga,2025-04-13,Osasuna,Girona,2,1,H,2024-25
La Liga,2025-04-13,Real Betis,Villarreal,1,2,A,2024-25
La Liga,2025-04-14,Atlético Madrid,Real Valladolid,4,2,H,2024-25
La Liga,2025-04-18,Espanyol,Getafe,1,0,H,2024-25
La Liga,2025-04-19,Barcelona,Celta Vigo,4,3,H,2024-25
La Liga,2025-04-19,Las Palmas,Atlético Madrid,1,0,H,2024-25
La Liga,2025-04-19,Mallorca,Leganés,0,0,D,2024-25
La Liga,2025-04-19,Rayo Vallecano,Valencia,1,1,D,2024-25
La Liga,2025-04-20,Real Madrid,Athletic Club,1,0,H,2024-25
La Liga,2025-04-20,Real Valladolid,Osasuna,2,3,A,2024-25
La Liga,2025-04-20,Sevilla,Alavés,1,1,D,2024-25
La Liga,2025-04-20,Villarreal,Real Sociedad,2,2,D,2024-25
La Liga,2025-04-21,Girona,Real Betis,1,3,A,2024-25
La Liga,2025-04-22,Barcelona,Mallorca,1,0,H,2024-25
La Liga,2025-04-22,Valencia,Espanyol,1,1,D,2024-25
La Liga,2025-04-23,Alavés,Real Sociedad,1,0,H,2024-25
La Liga,2025-04-23,Athletic Club,Las Palmas,1,0,H,2024-25
La Liga,2025-04-23,Celta Vigo,Villarreal,3,0,H,2024-25
La Liga,2025-04-23,Getafe,Real Madrid,0,1,A,2024-25
La Liga,2025-04-24,Atlético Madrid,Rayo Vallecano,3,0,H,2024-25
La Liga,2025-04-24,Leganés,Girona,1,1,D,2024-25
La Liga,2025-04-24,Osasuna,Sevilla,1,0,H,2024-25
La Liga,2025-04-24,Real Betis,Real Valladolid,5,1,H,2024-25
La Liga,2025-04-27,Villarreal,Espanyol,1,0,H,2024-25
La Liga,2025-05-02,Rayo Vallecano,Getafe,1,0,H,2024-25
La Liga,2025-05-03,Alavés,Atlético Madrid,0,0,D,2024-25
La Liga,2025-05-03,Las Palmas,Valencia,2,3,A,2024-25
La Liga,2025-05-03,Real Valladolid,Barcelona,1,2,A,2024-25
La Liga,2025-05-03,Villarreal,Osasuna,4,2,H,2024-25
La Liga,2025-05-04,Espanyol,Real Betis,1,2,A,2024-25
La Liga,2025-05-04,Real Madrid,Celta Vigo,3,2,H,2024-25
La Liga,2025-05-04,Real Sociedad,Athletic Club,0,0,D,2024-25
La Liga,2025-05-04,Sevilla,Leganés,2,2,D,2024-25
La Liga,2025-05-05,Girona,Mallorca,1,0,H,2024-25
La Liga,2025-05-09,Las Palmas,Rayo Vallecano,0,1,A,2024-25
La Liga,2025-05-10,Atlético Madrid,Real Sociedad,4,0,H,2024-25
La Liga,2025-05-10,Celta Vigo,Sevilla,3,2,H,2024-25
La Liga,2025-05-10,Girona,Villarreal,0,1,A,2024-25
La Liga,2025-05-10,Mallorca,Real Valladolid,2,1,H,2024-25
La Liga,2025-05-10,Valencia,Getafe,3,0,H,2024-25
La Liga,2025-05-11,Athletic Club,Alavés,1,0,H,2024-25
La Liga,2025-05-11,Barcelona,Real Madrid,4,3,H,2024-25
La Liga,2025-05-11,Leganés,Espanyol,3,2,H,2024-25
La Liga,2025-05-11,Real Betis,Osasuna,1,1,D,2024-25
La Liga,2025-05-13,Real Sociedad,Celta Vigo,0,1,A,2024-25
La Liga,2025-05-13,Real Valladolid,Girona,0,1,A,2024-25
La Liga,2025-05-13,Sevilla,Las Palmas,1,0,H,2024-25
La Liga,2025-05-14,Alavés,Valencia,1,0,H,2024-25
La Liga,2025-05-14,Real Madrid,Mallorca,2,1,H,2024-25
La Liga,2025-05-14,Villarreal,Leganés,3,0,H,2024-25
La Liga,2025-05-15,Espanyol,Barcelona,0,2,A,2024-25
La Liga,2025-05-15,Getafe,Athletic Club,0,2,A,2024-25
La Liga,2025-05-15,Osasuna,Atlético Madrid,2,0,H,2024-25
La Liga,2025-05-15,Rayo Vallecano,Real Betis,2,2,D,2024-25
La Liga,2025-05-18,Atlético Madrid,Real Betis,4,1,H,2024-25
La Liga,2025-05-18,Barcelona,Villarreal,2,3,A,2024-25
La Liga,2025-05-18,Celta Vigo,Rayo Vallecano,1,2,A,2024-25
La Liga,2025-05-18,Las Palmas,Leganés,0,1,A,2024-25
La Liga,2025-05-18,Mallorca,Getafe,1,2,A,2024-25
La Liga,2025-05-18,Osasuna,Espanyol,2,0,H,2024-25
La Liga,2025-05-18,Real Sociedad,Girona,3,2,H,2024-25
La Liga,2025-05-18,Real Valladolid,Alavés,0,1,A,2024-25
La Liga,2025-05-18,Sevilla,Real Madrid,0,2,A,2024-25
La Liga,2025-05-18,Valencia,Athletic Club,0,1,A,2024-25
La Liga,2025-05-23,Real Betis,Valencia,1,1,D,2024-25
La Liga,2025-05-24,Alavés,Osasuna,1,1,D,2024-25
La Liga,2025-05-24,Espanyol,Las Palmas,2,0,H,2024-25
La Liga,2025-05-24,Getafe,Celta Vigo,1,2,A,2024-25
La Liga,2025-05-24,Leganés,Real Valladolid,3,0,H,2024-25
La Liga,2025-05-24,Rayo Vallecano,Mallorca,0,0,D,2024-25
La Liga,2025-05-24,Real Madrid,Real Sociedad,2,0,H,2024-25
La Liga,2025-05-25,Athletic Club,Barcelona,0,3,A,2024-25
La Liga,2025-05-25,Girona,Atlético Madrid,0,4,A,2024-25
La Liga,2025-05-25,Villarreal,Sevilla,4,2,H,2024-25
La Liga,2025-08-15,Girona,Rayo Vallecano,1,3,A,2025-26
La Liga,2025-08-15,Villarreal,Real Oviedo,2,0,H,2025-26
La Liga,2025-08-16,Alavés,Levante,2,1,H,2025-26
La Liga,2025-08-16,Mallorca,Barcelona,0,3,A,2025-26
La Liga,2025-08-16,Valencia,Real Sociedad,1,1,D,2025-26
La Liga,2025-08-17,Athletic Club,Sevilla,3,2,H,2025-26
La Liga,2025-08-17,Celta Vigo,Getafe,0,2,A,2025-26
La Liga,2025-08-17,Espanyol,Atlético Madrid,2,1,H,2025-26
La Liga,2025-08-18,Elche,Real Betis,1,1,D,2025-26
La Liga,2025-08-19,Real Madrid,Osasuna,1,0,H,2025-26
La Liga,2025-08-22,Real Betis,Alavés,1,0,H,2025-26
La Liga,2025-08-23,Atlético Madrid,Elche,1,1,D,2025-26
La Liga,2025-08-23,Levante,Barcelona,2,3,A,2025-26
La Liga,2025-08-23,Mallorca,Celta Vigo,1,1,D,2025-26
La Liga,2025-08-24,Osasuna,Valencia,1,0,H,2025-26
La Liga,2025-08-24,Real Oviedo,Real Madrid,0,3,A,2025-26
La Liga,2025-08-24,Real Sociedad,Espanyol,2,2,D,2025-26
La Liga,2025-08-24,Villarreal,Girona,5,0,H,2025-26
La Liga,2025-08-25,Athletic Club,Rayo Vallecano,1,0,H,2025-26
La Liga,2025-08-25,Sevilla,Getafe,1,2,A,2025-26
La Liga,2025-08-27,Celta Vigo,Real Betis,1,1,D,2025-26
La Liga,2025-08-29,Elche,Levante,2,0,H,2025-26
La Liga,2025-08-29,Valencia,Getafe,3,0,H,2025-26
La Liga,2025-08-30,Alavés,Atlético Madrid,1,1,D,2025-26
La Liga,2025-08-30,Girona,Sevilla,0,2,A,2025-26
La Liga,2025-08-30,Real Madrid,Mallorca,2,1,H,2025-26
La Liga,2025-08-30,Real Oviedo,Real Sociedad,1,0,H,2025-26
La Liga,2025-08-31,Celta Vigo,Villarreal,1,1,D,2025-26
La Liga,2025-08-31,Espanyol,Osasuna,1,0,H,2025-26
La Liga,2025-08-31,Rayo Vallecano,Barcelona,1,1,D,2025-26
La Liga,2025-08-31,Real Betis,Athletic Club,1,2,A,2025-26
La Liga,2025-09-12,Sevilla,Elche,2,2,D,2025-26
La Liga,2025-09-13,Athletic Club,Alavés,0,1,A,2025-26
La Liga,2025-09-13,Atlético Madrid,Villarreal,2,0,H,2025-26
La Liga,2025-09-13,Getafe,Real Oviedo,2,0,H,2025-26
La Liga,2025-09-13,Real Sociedad,Real Madrid,1,2,A,2025-26
La Liga,2025-09-14,Barcelona,Valencia,6,0,H,2025-26
La Liga,2025-09-14,Celta Vigo,Girona,1,1,D,2025-26
La Liga,2025-09-14,Levante,Real Betis,2,2,D,2025-26
La Liga,2025-09-14,Osasuna,Rayo Vallecano,2,0,H,2025-26
La Liga,2025-09-15,Espanyol,Mallorca,3,2,H,2025-26
La Liga,2025-09-19,Real Betis,Real Sociedad,3,1,H,2025-26
La Liga,2025-09-20,Alavés,Sevilla,1,2,A,2025-26
La Liga,2025-09-20,Girona,Levante,0,4,A,2025-26
La Liga,2025-09-20,Real Madrid,Espanyol,2,0,H,2025-26
La Liga,2025-09-20,Valencia,Athletic Club,2,0,H,2025-26
La Liga,2025-09-20,Villarreal,Osasuna,2,1,H,2025-26
La Liga,2025-09-21,Barcelona,Getafe,3,0,H,2025-26
La Liga,2025-09-21,Elche,Real Oviedo,1,0,H,2025-26
La Liga,2025-09-21,Mallorca,Atlético Madrid,1,1,D,2025-26
La Liga,2025-09-21,Rayo Vallecano,Celta Vigo,1,1,D,2025-26
La Liga,2025-09-23,Athletic Club,Girona,1,1,D,2025-26
La Liga,2025-09-23,Espanyol,Valencia,2,2,D,2025-26
La Liga,2025-09-23,Levante,Real Madrid,1,4,A,2025-26
La Liga,2025-09-23,Sevilla,Villarreal,1,2,A,2025-26
La Liga,2025-09-24,Atlético Madrid,Rayo Vallecano,3,2,H,2025-26
La Liga,2025-09-24,Getafe,Alavés,1,1,D,2025-26
La Liga,2025-09-24,Real Sociedad,Mallorca,1,0,H,2025-26
La Liga,2025-09-25,Osasuna,Elche,1,1,D,2025-26
La Liga,2025-09-25,Real Oviedo,Barcelona,1,3,A,2025-26
La Liga,2025-09-26,Girona,Espanyol,0,0,D,2025-26
La Liga,2025-09-27,Atlético Madrid,Real Madrid,5,2,H,2025-26
La Liga,2025-09-27,Getafe,Levante,1,1,D,2025-26
La Liga,2025-09-27,Mallorca,Alavés,1,0,H,2025-26
La Liga,2025-09-27,Villarreal,Athletic Club,1,0,H,2025-26
La Liga,2025-09-28,Barcelona,Real Sociedad,2,1,H,2025-26
La Liga,2025-09-28,Elche,Celta Vigo,2,1,H,2025-26
La Liga,2025-09-28,Rayo Vallecano,Sevilla,0,1,A,2025-26
La Liga,2025-09-28,Real Betis,Osasuna,2,0,H,2025-26
La Liga,2025-09-30,Valencia,Real Oviedo,1,2,A,2025-26
La Liga,2025-10-03,Osasuna,Getafe,2,1,H,2025-26
La Liga,2025-10-04,Athletic Club,Mallorca,2,1,H,2025-26
La Liga,2025-10-04,Girona,Valencia,2,1,H,2025-26
La Liga,2025-10-04,Real Madrid,Villarreal,3,1,H,2025-26
La Liga,2025-10-04,Real Oviedo,Levante,0,2,A,2025-26
La Liga,2025-10-05,Alavés,Elche,3,1,H,2025-26
La Liga,2025-10-05,Celta Vigo,Atlético Madrid,1,1,D,2025-26
La Liga,2025-10-05,Espanyol,Real Betis,1,2,A,2025-26
La Liga,2025-10-05,Real Sociedad,Rayo Vallecano,0,1,A,2025-26
La Liga,2025-10-05,Sevilla,Barcelona,4,1,H,2025-26
La Liga,2025-10-17,Real Oviedo,Espanyol,0,2,A,2025-26
La Liga,2025-10-18,Atlético Madrid,Osasuna,1,0,H,2025-26
La Liga,2025-10-18,Barcelona,Girona,2,1,H,2025-26
La Liga,2025-10-18,Sevilla,Mallorca,1,3,A,2025-26
La Liga,2025-10-18,Villarreal,Real Betis,2,2,D,2025-26
La Liga,2025-10-19,Celta Vigo,Real Sociedad,1,1,D,2025-26
La Liga,2025-10-19,Elche,Athletic Club,0,0,D,2025-26
La Liga,2025-10-19,Getafe,Real Madrid,0,1,A,2025-26
La Liga,2025-10-19,Levante,Rayo Vallecano,0,3,A,2025-26
La Liga,2025-10-20,Alavés,Valencia,0,0,D,2025-26
La Liga,2025-10-24,Real Sociedad,Sevilla,2,1,H,2025-26
La Liga,2025-10-25,Athletic Club,Getafe,0,1,A,2025-26
La Liga,2025-10-25,Espanyol,Elche,1,0,H,2025-26
La Liga,2025-10-25,Girona,Real Oviedo,3,3,D,2025-26
La Liga,2025-10-25,Valencia,Villarreal,0,2,A,2025-26
La Liga,2025-10-26,Mallorca,Levante,1,1,D,2025-26
La Liga,2025-10-26,Osasuna,Celta Vigo,2,3,A,2025-26
La Liga,2025-10-26,Rayo Vallecano,Alavés,1,0,H,2025-26
La Liga,2025-10-26,Real Madrid,Barcelona,2,1,H,2025-26
La Liga,2025-10-27,Real Betis,Atlético Madrid,0,2,A,2025-26
La Liga,2025-10-31,Getafe,Girona,2,1,H,2025-26
La Liga,2025-11-01,Atlético Madrid,Sevilla,3,0,H,2025-26
La Liga,2025-11-01,Real Madrid,Valencia,4,0,H,2025-26
La Liga,2025-11-01,Real Sociedad,Athletic Club,3,2,H,2025-26
La Liga,2025-11-01,Villarreal,Rayo Vallecano,4,0,H,2025-26
La Liga,2025-11-02,Alavés,Espanyol,2,1,H,2025-26
La Liga,2025-11-02,Barcelona,Elche,3,1,H,2025-26
La Liga,2025-11-02,Levante,Celta Vigo,1,2,A,2025-26
La Liga,2025-11-02,Real Betis,Mallorca,3,0,H,2025-26
La Liga,2025-11-03,Real Oviedo,Osasuna,0,0,D,2025-26
La Liga,2025-11-07,Elche,Real Sociedad,1,1,D,2025-26
La Liga,2025-11-08,Atlético Madrid,Levante,3,1,H,2025-26
La Liga,2025-11-08,Espanyol,Villarreal,0,2,A,2025-26
La Liga,2025-11-08,Girona,Alavés,1,0,H,2025-26
La Liga,2025-11-08,Sevilla,Osasuna,1,0,H,2025-26
La Liga,2025-11-09,Athletic Club,Real Oviedo,1,0,H,2025-26
La Liga,2025-11-09,Celta Vigo,Barcelona,2,4,A,2025-26
La Liga,2025-11-09,Mallorca,Getafe,1,0,H,2025-26
La Liga,2025-11-09,Rayo Vallecano,Real Madrid,0,0,D,2025-26
La Liga,2025-11-09,Valencia,Real Betis,1,1,D,2025-26
La Liga,2025-11-21,Valencia,Levante,1,0,H,2025-26
La Liga,2025-11-22,Alavés,Celta Vigo,0,1,A,2025-26
La Liga,2025-11-22,Barcelona,Athletic Club,4,0,H,2025-26
La Liga,2025-11-22,Osasuna,Real Sociedad,1,3,A,2025-26
La Liga,2025-11-22,Villarreal,Mallorca,2,1,H,2025-26
La Liga,2025-11-23,Elche,Real Madrid,2,2,D,2025-26
La Liga,2025-11-23,Getafe,Atlético Madrid,0,1,A,2025-26
La Liga,2025-11-23,Real Betis,Girona,1,1,D,2025-26
La Liga,2025-11-23,Real Oviedo,Rayo Vallecano,0,0,D,2025-26
La Liga,2025-11-24,Espanyol,Sevilla,2,1,H,2025-26
La Liga,2025-11-28,Getafe,Elche,1,0,H,2025-26
La Liga,2025-11-29,Atlético Madrid,Real Oviedo,2,0,H,2025-26
La Liga,2025-11-29,Barcelona,Alavés,3,1,H,2025-26
La Liga,2025-11-29,Levante,Athletic Club,0,2,A,2025-26
La Liga,2025-11-29,Mallorca,Osasuna,2,2,D,2025-26
La Liga,2025-11-30,Celta Vigo,Espanyol,0,1,A,2025-26
La Liga,2025-11-30,Girona,Real Madrid,1,1,D,2025-26
La Liga,2025-11-30,Real Sociedad,Villarreal,2,3,A,2025-26
La Liga,2025-11-30,Sevilla,Real Betis,0,2,A,2025-26
La Liga,2025-12-01,Rayo Vallecano,Valencia,1,1,D,2025-26
La Liga,2025-12-02,Barcelona,Atlético Madrid,3,1,H,2025-26
La Liga,2025-12-03,Athletic Club,Real Madrid,0,3,A,2025-26
La Liga,2025-12-05,Real Oviedo,Mallorca,0,0,D,2025-26
La Liga,2025-12-06,Alavés,Real Sociedad,1,0,H,2025-26
La Liga,2025-12-06,Athletic Club,Atlético Madrid,1,0,H,2025-26
La Liga,2025-12-06,Real Betis,Barcelona,3,5,A,2025-26
La Liga,2025-12-06,Villarreal,Getafe,2,0,H,2025-26
La Liga,2025-12-07,Elche,Girona,3,0,H,2025-26
La Liga,2025-12-07,Espanyol,Rayo Vallecano,1,0,H,2025-26
La Liga,2025-12-07,Real Madrid,Celta Vigo,0,2,A,2025-26
La Liga,2025-12-07,Valencia,Sevilla,1,1,D,2025-26
La Liga,2025-12-08,Osasuna,Levante,2,0,H,2025-26
La Liga,2025-12-12,Real Sociedad,Girona,1,2,A,2025-26
La Liga,2025-12-13,Atlético Madrid,Valencia,2,1,H,2025-26
La Liga,2025-12-13,Barcelona,Osasuna,2,0,H,2025-26
La Liga,2025-12-13,Getafe,Espanyol,0,1,A,2025-26
La Liga,2025-12-13,Mallorca,Elche,3,1,H,2025-26
La Liga,2025-12-14,Alavés,Real Madrid,1,2,A,2025-26
La Liga,2025-12-14,Celta Vigo,Athletic Club,2,0,H,2025-26
La Liga,2025-12-14,Sevilla,Real Oviedo,4,0,H,2025-26
La Liga,2025-12-15,Rayo Vallecano,Real Betis,0,0,D,2025-26
La Liga,2025-12-19,Valencia,Mallorca,1,1,D,2025-26
La Liga,2025-12-20,Levante,Real Sociedad,1,1,D,2025-26
La Liga,2025-12-20,Osasuna,Alavés,3,0,H,2025-26
La Liga,2025-12-20,Real Madrid,Sevilla,2,0,H,2025-26
La Liga,2025-12-20,Real Oviedo,Celta Vigo,0,0,D,2025-26
La Liga,2025-12-21,Elche,Rayo Vallecano,4,0,H,2025-26
La Liga,2025-12-21,Girona,Atlético Madrid,0,3,A,2025-26
La Liga,2025-12-21,Real Betis,Getafe,4,0,H,2025-26
La Liga,2025-12-21,Villarreal,Barcelona,0,2,A,2025-26
La Liga,2025-12-22,Athletic Club,Espanyol,1,2,A,2025-26
La Liga,2026-01-02,Rayo Vallecano,Getafe,1,1,D,2025-26
La Liga,2026-01-03,Celta Vigo,Valencia,4,1,H,2025-26
La Liga,2026-01-03,Elche,Villarreal,1,3,A,2025-26
La Liga,2026-01-03,Espanyol,Barcelona,0,2,A,2025-26
La Liga,2026-01-03,Osasuna,Athletic Club,1,1,D,2025-26
La Liga,2026-01-04,Alavés,Real Oviedo,1,1,D,2025-26
La Liga,2026-01-04,Mallorca,Girona,1,2,A,2025-26
La Liga,2026-01-04,Real Madrid,Real Betis,5,1,H,2025-26
La Liga,2026-01-04,Real Sociedad,Atlético Madrid,1,1,D,2025-26
La Liga,2026-01-04,Sevilla,Levante,0,3,A,2025-26
La Liga,2026-01-09,Getafe,Real Sociedad,1,2,A,2025-26
La Liga,2026-01-10,Girona,Osasuna,1,0,H,2025-26
La Liga,2026-01-10,Real Oviedo,Real Betis,1,1,D,2025-26
La Liga,2026-01-10,Valencia,Elche,1,1,D,2025-26
La Liga,2026-01-10,Villarreal,Alavés,3,1,H,2025-26
La Liga,2026-01-11,Levante,Espanyol,1,1,D,2025-26
La Liga,2026-01-11,Rayo Vallecano,Mallorca,2,1,H,2025-26
La Liga,2026-01-12,Sevilla,Celta Vigo,0,1,A,2025-26
La Liga,2026-01-16,Espanyol,Girona,0,2,A,2025-26
La Liga,2026-01-17,Mallorca,Athletic Club,3,2,H,2025-26
La Liga,2026-01-17,Osasuna,Real Oviedo,3,2,H,2025-26
La Liga,2026-01-17,Real Betis,Villarreal,2,0,H,2025-26
La Liga,2026-01-17,Real Madrid,Levante,2,0,H,2025-26
La Liga,2026-01-18,Atlético Madrid,Alavés,1,0,H,2025-26
La Liga,2026-01-18,Celta Vigo,Rayo Vallecano,3,0,H,2025-26
La Liga,2026-01-18,Getafe,Valencia,0,1,A,2025-26
La Liga,2026-01-18,Real Sociedad,Barcelona,2,1,H,2025-26
La Liga,2026-01-19,Elche,Sevilla,2,2,D,2025-26
La Liga,2026-01-23,Levante,Elche,3,2,H,2025-26
La Liga,2026-01-24,Rayo Vallecano,Osasuna,1,3,A,2025-26
La Liga,2026-01-24,Sevilla,Athletic Club,2,1,H,2025-26
La Liga,2026-01-24,Valencia,Espanyol,3,2,H,2025-26
La Liga,2026-01-24,Villarreal,Real Madrid,0,2,A,2025-26
La Liga,2026-01-25,Alavés,Real Betis,2,1,H,2025-26
La Liga,2026-01-25,Atlético Madrid,Mallorca,3,0,H,2025-26
La Liga,2026-01-25,Barcelona,Real Oviedo,3,0,H,2025-26
La Liga,2026-01-25,Real Sociedad,Celta Vigo,3,1,H,2025-26
La Liga,2026-01-26,Girona,Getafe,1,1,D,2025-26
La Liga,2026-01-30,Espanyol,Alavés,1,2,A,2025-26
La Liga,2026-01-31,Elche,Barcelona,1,3,A,2025-26
La Liga,2026-01-31,Levante,Atlético Madrid,0,0,D,2025-26
La Liga,2026-01-31,Osasuna,Villarreal,2,2,D,2025-26
La Liga,2026-01-31,Real Oviedo,Girona,1,0,H,2025-26
La Liga,2026-02-01,Athletic Club,Real Sociedad,1,1,D,2025-26
La Liga,2026-02-01,Getafe,Celta Vigo,0,0,D,2025-26
La Liga,2026-02-01,Real Betis,Valencia,2,1,H,2025-26
La Liga,2026-02-01,Real Madrid,Rayo Vallecano,2,1,H,2025-26
La Liga,2026-02-02,Mallorca,Sevilla,4,1,H,2025-26
La Liga,2026-02-06,Celta Vigo,Osasuna,1,2,A,2025-26
La Liga,2026-02-07,Barcelona,Mallorca,3,0,H,2025-26
La Liga,2026-02-07,Real Sociedad,Elche,3,1,H,2025-26
La Liga,2026-02-08,Alavés,Getafe,0,2,A,2025-26
La Liga,2026-02-08,Athletic Club,Levante,4,2,H,2025-26
La Liga,2026-02-08,Atlético Madrid,Real Betis,0,1,A,2025-26
La Liga,2026-02-08,Sevilla,Girona,1,1,D,2025-26
La Liga,2026-02-08,Valencia,Real Madrid,0,2,A,2025-26
La Liga,2026-02-09,Villarreal,Espanyol,4,1,H,2025-26
La Liga,2026-02-13,Elche,Osasuna,0,0,D,2025-26
La Liga,2026-02-14,Espanyol,Celta Vigo,2,2,D,2025-26
La Liga,2026-02-14,Getafe,Villarreal,2,1,H,2025-26
La Liga,2026-02-14,Real Madrid,Real Sociedad,4,1,H,2025-26
La Liga,2026-02-14,Sevilla,Alavés,1,1,D,2025-26
La Liga,2026-02-15,Levante,Valencia,0,2,A,2025-26
La Liga,2026-02-15,Mallorca,Real Betis,1,2,A,2025-26
La Liga,2026-02-15,Rayo Vallecano,Atlético Madrid,3,0,H,2025-26
La Liga,2026-02-15,Real Oviedo,Athletic Club,1,2,A,2025-26
La Liga,2026-02-16,Girona,Barcelona,2,1,H,2025-26
La Liga,2026-02-18,Levante,Villarreal,0,1,A,2025-26
La Liga,2026-02-20,Athletic Club,Elche,2,1,H,2025-26
La Liga,2026-02-21,Atlético Madrid,Espanyol,4,2,H,2025-26
La Liga,2026-02-21,Osasuna,Real Madrid,2,1,H,2025-26
La Liga,2026-02-21,Real Betis,Rayo Vallecano,1,1,D,2025-26
La Liga,2026-02-21,Real Sociedad,Real Oviedo,3,3,D,2025-26
La Liga,2026-02-22,Barcelona,Levante,3,0,H,2025-26
La Liga,2026-02-22,Celta Vigo,Mallorca,2,0,H,2025-26
La Liga,2026-02-22,Getafe,Sevilla,0,1,A,2025-26
La Liga,2026-02-22,Villarreal,Valencia,2,1,H,2025-26
La Liga,2026-02-23,Alavés,Girona,2,2,D,2025-26
La Liga,2026-02-27,Levante,Alavés,2,0,H,2025-26
La Liga,2026-02-28,Barcelona,Villarreal,4,1,H,2025-26
La Liga,2026-02-28,Mallorca,Real Sociedad,0,1,A,2025-26
La Liga,2026-02-28,Rayo Vallecano,Athletic Club,1,1,D,2025-26
La Liga,2026-02-28,Real Oviedo,Atlético Madrid,0,1,A,2025-26
La Liga,2026-03-01,Elche,Espanyol,2,2,D,2025-26
La Liga,2026-03-01,Girona,Celta Vigo,1,2,A,2025-26
La Liga,2026-03-01,Real Betis,Sevilla,2,2,D,2025-26
La Liga,2026-03-01,Valencia,Osasuna,1,0,H,2025-26
La Liga,2026-03-02,Real Madrid,Getafe,0,1,A,2025-26
La Liga,2026-03-04,Rayo Vallecano,Real Oviedo,3,0,H,2025-26
La Liga,2026-03-06,Celta Vigo,Real Madrid,1,2,A,2025-26
La Liga,2026-03-07,Athletic Club,Barcelona,0,1,A,2025-26
La Liga,2026-03-07,Atlético Madrid,Real Sociedad,3,2,H,2025-26
La Liga,2026-03-07,Levante,Girona,1,1,D,2025-26
La Liga,2026-03-07,Osasuna,Mallorca,2,2,D,2025-26
La Liga,2026-03-08,Getafe,Real Betis,2,0,H,2025-26
La Liga,2026-03-08,Sevilla,Rayo Vallecano,1,1,D,2025-26
La Liga,2026-03-08,Valencia,Alavés,3,2,H,2025-26
La Liga,2026-03-08,Villarreal,Elche,2,1,H,2025-26
La Liga,2026-03-09,Espanyol,Real Oviedo,1,1,D,2025-26
La Liga,2026-03-13,Alavés,Villarreal,1,1,D,2025-26
La Liga,2026-03-14,Atlético Madrid,Getafe,1,0,H,2025-26
La Liga,2026-03-14,Girona,Athletic Club,3,0,H,2025-26
La Liga,2026-03-14,Real Madrid,Elche,4,1,H,2025-26
La Liga,2026-03-14,Real Oviedo,Valencia,1,0,H,2025-26
La Liga,2026-03-15,Barcelona,Sevilla,5,2,H,2025-26
La Liga,2026-03-15,Mallorca,Espanyol,2,1,H,2025-26
La Liga,2026-03-15,Real Betis,Celta Vigo,1,1,D,2025-26
La Liga,2026-03-15,Real Sociedad,Osasuna,3,1,H,2025-26
La Liga,2026-03-16,Rayo Vallecano,Levante,1,1,D,2025-26
La Liga,2026-03-20,Villarreal,Real Sociedad,3,1,H,2025-26
La Liga,2026-03-21,Elche,Mallorca,2,1,H,2025-26
La Liga,2026-03-21,Espanyol,Getafe,1,2,A,2025-26
La Liga,2026-03-21,Levante,Real Oviedo,4,2,H,2025-26
La Liga,2026-03-21,Osasuna,Girona,1,0,H,2025-26
La Liga,2026-03-21,Sevilla,Valencia,0,2,A,2025-26
La Liga,2026-03-22,Athletic Club,Real Betis,2,1,H,2025-26
La Liga,2026-03-22,Barcelona,Rayo Vallecano,1,0,H,2025-26
La Liga,2026-03-22,Celta Vigo,Alavés,3,4,A,2025-26
La Liga,2026-03-22,Real Madrid,Atlético Madrid,3,2,H,2025-26
La Liga,2026-04-03,Rayo Vallecano,Elche,1,0,H,2025-26
La Liga,2026-04-04,Atlético Madrid,Barcelona,1,2,A,2025-26
La Liga,2026-04-04,Mallorca,Real Madrid,2,1,H,2025-26
La Liga,2026-04-04,Real Betis,Espanyol,0,0,D,2025-26
La Liga,2026-04-04,Real Sociedad,Levante,2,0,H,2025-26
La Liga,2026-04-05,Alavés,Osasuna,2,2,D,2025-26
La Liga,2026-04-05,Getafe,Athletic Club,2,0,H,2025-26
La Liga,2026-04-05,Real Oviedo,Sevilla,1,0,H,2025-26
La Liga,2026-04-05,Valencia,Celta Vigo,2,3,A,2025-26
La Liga,2026-04-06,Girona,Villarreal,1,0,H,2025-26
La Liga,2026-04-10,Real Madrid,Girona,1,1,D,2025-26
La Liga,2026-04-11,Barcelona,Espanyol,4,1,H,2025-26
La Liga,2026-04-11,Elche,Valencia,1,0,H,2025-26
La Liga,2026-04-11,Real Sociedad,Alavés,3,3,D,2025-26
La Liga,2026-04-11,Sevilla,Atlético Madrid,2,1,H,2025-26
La Liga,2026-04-12,Athletic Club,Villarreal,1,2,A,2025-26
La Liga,2026-04-12,Celta Vigo,Real Oviedo,0,3,A,2025-26
La Liga,2026-04-12,Mallorca,Rayo Vallecano,3,0,H,2025-26
La Liga,2026-04-12,Osasuna,Real Betis,1,1,D,2025-26
La Liga,2026-04-13,Levante,Getafe,1,0,H,2025-26
La Liga,2026-04-21,Athletic Club,Osasuna,1,0,H,2025-26
La Liga,2026-04-21,Girona,Real Betis,2,3,A,2025-26
La Liga,2026-04-21,Mallorca,Valencia,1,1,D,2025-26
La Liga,2026-04-21,Real Madrid,Alavés,2,1,H,2025-26
La Liga,2026-04-22,Barcelona,Celta Vigo,1,0,H,2025-26
La Liga,2026-04-22,Elche,Atlético Madrid,3,2,H,2025-26
La Liga,2026-04-22,Real Sociedad,Getafe,0,1,A,2025-26
La Liga,2026-04-23,Levante,Sevilla,2,0,H,2025-26
La Liga,2026-04-23,Rayo Vallecano,Espanyol,1,0,H,2025-26
La Liga,2026-04-23,Real Oviedo,Villarreal,1,1,D,2025-26
La Liga,2026-04-24,Real Betis,Real Madrid,1,1,D,2025-26
La Liga,2026-04-25,Alavés,Mallorca,2,1,H,2025-26
La Liga,2026-04-25,Atlético Madrid,Athletic Club,3,2,H,2025-26
La Liga,2026-04-25,Getafe,Barcelona,0,2,A,2025-26
La Liga,2026-04-25,Valencia,Girona,2,1,H,2025-26
La Liga,2026-04-26,Osasuna,Sevilla,2,1,H,2025-26
La Liga,2026-04-26,Rayo Vallecano,Real Sociedad,3,3,D,2025-26
La Liga,2026-04-26,Real Oviedo,Elche,1,2,A,2025-26
La Liga,2026-04-26,Villarreal,Celta Vigo,2,1,H,2025-26
La Liga,2026-04-27,Espanyol,Levante,0,0,D,2025-26
La Liga,2026-05-01,Girona,Mallorca,0,1,A,2025-26
La Liga,2026-05-02,Alavés,Athletic Club,2,4,A,2025-26
La Liga,2026-05-02,Osasuna,Barcelona,1,2,A,2025-26
La Liga,2026-05-02,Valencia,Atlético Madrid,0,2,A,2025-26
La Liga,2026-05-02,Villarreal,Levante,5,1,H,2025-26
La Liga,2026-05-03,Celta Vigo,Elche,3,1,H,2025-26
La Liga,2026-05-03,Espanyol,Real Madrid,0,2,A,2025-26
La Liga,2026-05-03,Getafe,Rayo Vallecano,0,2,A,2025-26
La Liga,2026-05-03,Real Betis,Real Oviedo,3,0,H,2025-26
La Liga,2026-05-04,Sevilla,Real Sociedad,1,0,H,2025-26
La Liga,2026-05-08,Levante,Osasuna,3,2,H,2025-26
La Liga,2026-05-09,Atlético Madrid,Celta Vigo,0,1,A,2025-26
La Liga,2026-05-09,Elche,Alavés,1,1,D,2025-26
La Liga,2026-05-09,Real Sociedad,Real Betis,2,2,D,2025-26
La Liga,2026-05-09,Sevilla,Espanyol,2,1,H,2025-26
La Liga,2026-05-10,Athletic Club,Valencia,0,1,A,2025-26
La Liga,2026-05-10,Barcelona,Real Madrid,2,0,H,2025-26
La Liga,2026-05-10,Mallorca,Villarreal,1,1,D,2025-26
La Liga,2026-05-10,Real Oviedo,Getafe,0,0,D,2025-26
La Liga,2026-05-11,Rayo Vallecano,Girona,1,1,D,2025-26
La Liga,2026-05-12,Celta Vigo,Levante,2,3,A,2025-26
La Liga,2026-05-12,Osasuna,Atlético Madrid,1,2,A,2025-26
La Liga,2026-05-12,Real Betis,Elche,2,1,H,2025-26
La Liga,2026-05-13,Alavés,Barcelona,1,0,H,2025-26
La Liga,2026-05-13,Espanyol,Athletic Club,2,0,H,2025-26
La Liga,2026-05-13,Getafe,Mallorca,3,1,H,2025-26
La Liga,2026-05-13,Villarreal,Sevilla,2,3,A,2025-26
La Liga,2026-05-14,Girona,Real Sociedad,1,1,D,2025-26
La Liga,2026-05-14,Real Madrid,Real Oviedo,2,0,H,2025-26
La Liga,2026-05-14,Valencia,Rayo Vallecano,1,1,D,2025-26
La Liga,2026-05-17,Athletic Club,Celta Vigo,1,1,D,2025-26
La Liga,2026-05-17,Atlético Madrid,Girona,1,0,H,2025-26
La Liga,2026-05-17,Barcelona,Real Betis,3,1,H,2025-26
La Liga,2026-05-17,Elche,Getafe,1,0,H,2025-26
La Liga,2026-05-17,Levante,Mallorca,2,0,H,2025-26
La Liga,2026-05-17,Osasuna,Espanyol,1,2,A,2025-26
La Liga,2026-05-17,Rayo Vallecano,Villarreal,2,0,H,2025-26
La Liga,2026-05-17,Real Oviedo,Alavés,0,1,A,2025-26
La Liga,2026-05-17,Real Sociedad,Valencia,3,4,A,2025-26
La Liga,2026-05-17,Sevilla,Real Madrid,0,1,A,2025-26
La Liga,2026-05-23,Alavés,Rayo Vallecano,1,2,A,2025-26
La Liga,2026-05-23,Celta Vigo,Sevilla,1,0,H,2025-26
La Liga,2026-05-23,Espanyol,Real Sociedad,1,1,D,2025-26
La Liga,2026-05-23,Getafe,Osasuna,1,0,H,2025-26
La Liga,2026-05-23,Girona,Elche,1,1,D,2025-26
La Liga,2026-05-23,Mallorca,Real Oviedo,3,0,H,2025-26
La Liga,2026-05-23,Real Betis,Levante,2,1,H,2025-26
La Liga,2026-05-23,Real Madrid,Athletic Club,4,2,H,2025-26
La Liga,2026-05-23,Valencia,Barcelona,3,1,H,2025-26
La Liga,2026-05-24,Villarreal,Atlético Madrid,5,1,H,2025-26
