Div,Date,HomeTeam,AwayTeam,FTHG,FTAG,FTR,Season
Ligue 1,2016-08-12,AS Monaco,Guingamp,2,2,D,2016-17
Ligue 1,2016-08-12,Bastia,Paris Saint-Germain,0,1,A,2016-17
Ligue 1,2016-08-13,Bordeaux,Saint-Étienne,3,2,H,2016-17
Ligue 1,2016-08-13,Caen,Lorient,3,2,H,2016-17
Ligue 1,2016-08-13,Dijon FCO,Nantes,0,1,A,2016-17
Ligue 1,2016-08-13,Metz,Lille,3,2,H,2016-17
Ligue 1,2016-08-13,Montpellier,Angers,1,0,H,2016-17
Ligue 1,2016-08-14,AS Nancy Lorraine,Lyon,0,3,A,2016-17
Ligue 1,2016-08-14,Marseille,Toulouse,0,0,D,2016-17
Ligue 1,2016-08-14,Nice,Stade Rennais,1,0,H,2016-17
Ligue 1,2016-08-19,Lyon,Caen,2,0,H,2016-17
Ligue 1,2016-08-20,Angers,Nice,0,1,A,2016-17
Ligue 1,2016-08-20,Lille,Dijon FCO,1,0,H,2016-17
Ligue 1,2016-08-20,Lorient,Bastia,0,3,A,2016-17
Ligue 1,2016-08-20,Nantes,AS Monaco,0,1,A,2016-17
Ligue 1,2016-08-20,Stade Rennais,AS Nancy Lorraine,2,0,H,2016-17
Ligue 1,2016-08-20,Toulouse,Bordeaux,4,1,H,2016-17
Ligue 1,2016-08-21,Guingamp,Marseille,2,1,H,2016-17
Ligue 1,2016-08-21,Paris Saint-Germain,Metz,3,0,H,2016-17
Ligue 1,2016-08-21,Saint-Étienne,Montpellier,3,1,H,2016-17
Ligue 1,2016-08-26,Marseille,Lorient,2,0,H,2016-17
Ligue 1,2016-08-27,AS Nancy Lorraine,Guingamp,0,2,A,2016-17
Ligue 1,2016-08-27,Caen,Bastia,2,0,H,2016-17
Ligue 1,2016-08-27,Dijon FCO,Lyon,4,2,H,2016-17
Ligue 1,2016-08-27,Metz,Angers,2,0,H,2016-17
Ligue 1,2016-08-27,Montpellier,Stade Rennais,1,1,D,2016-17
Ligue 1,2016-08-27,Nice,Lille,1,1,D,2016-17
Ligue 1,2016-08-28,AS Monaco,Paris Saint-Germain,3,1,H,2016-17
Ligue 1,2016-08-28,Bordeaux,Nantes,1,0,H,2016-17
Ligue 1,2016-08-28,Saint-Étienne,Toulouse,0,0,D,2016-17
Ligue 1,2016-09-09,Paris Saint-Germain,Saint-Étienne,1,1,D,2016-17
Ligue 1,2016-09-10,Angers,Dijon FCO,3,1,H,2016-17
Ligue 1,2016-09-10,Bastia,Toulouse,2,1,H,2016-17
Ligue 1,2016-09-10,Guingamp,Montpellier,1,1,D,2016-17
Ligue 1,2016-09-10,Lille,AS Monaco,1,4,A,2016-17
Ligue 1,2016-09-10,Lorient,AS Nancy Lorraine,0,2,A,2016-17
Ligue 1,2016-09-10,Lyon,Bordeaux,1,3,A,2016-17
Ligue 1,2016-09-11,Nantes,Metz,0,3,A,2016-17
Ligue 1,2016-09-11,Nice,Marseille,3,2,H,2016-17
Ligue 1,2016-09-11,Stade Rennais,Caen,2,0,H,2016-17
Ligue 1,2016-09-16,Caen,Paris Saint-Germain,0,6,A,2016-17
Ligue 1,2016-09-17,AS Monaco,Stade Rennais,3,0,H,2016-17
Ligue 1,2016-09-17,AS Nancy Lorraine,Nantes,1,1,D,2016-17
Ligue 1,2016-09-17,Bordeaux,Angers,0,1,A,2016-17
Ligue 1,2016-09-17,Dijon FCO,Metz,0,0,D,2016-17
Ligue 1,2016-09-17,Lorient,Lille,1,0,H,2016-17
Ligue 1,2016-09-17,Toulouse,Guingamp,2,1,H,2016-17
Ligue 1,2016-09-18,Marseille,Lyon,0,0,D,2016-17
Ligue 1,2016-09-18,Montpellier,Nice,1,1,D,2016-17
Ligue 1,2016-09-18,Saint-Étienne,Bastia,1,0,H,2016-17
Ligue 1,2016-09-20,Lille,Toulouse,1,2,A,2016-17
Ligue 1,2016-09-20,Paris Saint-Germain,Dijon FCO,3,0,H,2016-17
Ligue 1,2016-09-21,Angers,Caen,2,1,H,2016-17
Ligue 1,2016-09-21,Bastia,AS Nancy Lorraine,0,0,D,2016-17
Ligue 1,2016-09-21,Guingamp,Lorient,1,0,H,2016-17
Ligue 1,2016-09-21,Lyon,Montpellier,5,1,H,2016-17
Ligue 1,2016-09-21,Metz,Bordeaux,0,3,A,2016-17
Ligue 1,2016-09-21,Nantes,Saint-Étienne,0,0,D,2016-17
Ligue 1,2016-09-21,Nice,AS Monaco,4,0,H,2016-17
Ligue 1,2016-09-21,Stade Rennais,Marseille,3,2,H,2016-17
Ligue 1,2016-09-23,Toulouse,Paris Saint-Germain,2,0,H,2016-17
Ligue 1,2016-09-24,AS Monaco,Angers,2,1,H,2016-17
Ligue 1,2016-09-24,Bastia,Guingamp,1,0,H,2016-17
Ligue 1,2016-09-24,Bordeaux,Caen,0,0,D,2016-17
Ligue 1,2016-09-24,Dijon FCO,Stade Rennais,3,0,H,2016-17
Ligue 1,2016-09-24,Lorient,Lyon,1,0,H,2016-17
Ligue 1,2016-09-24,Montpellier,Metz,0,1,A,2016-17
Ligue 1,2016-09-25,AS Nancy Lorraine,Nice,0,1,A,2016-17
Ligue 1,2016-09-25,Marseille,Nantes,2,1,H,2016-17
Ligue 1,2016-09-25,Saint-Étienne,Lille,3,1,H,2016-17
Ligue 1,2016-09-30,Stade Rennais,Guingamp,1,0,H,2016-17
Ligue 1,2016-10-01,Caen,Toulouse,1,0,H,2016-17
Ligue 1,2016-10-01,Dijon FCO,Montpellier,3,3,D,2016-17
Ligue 1,2016-10-01,Lille,AS Nancy Lorraine,1,0,H,2016-17
Ligue 1,2016-10-01,Metz,AS Monaco,0,7,A,2016-17
Ligue 1,2016-10-01,Nantes,Bastia,1,0,H,2016-17
Ligue 1,2016-10-01,Paris Saint-Germain,Bordeaux,2,0,H,2016-17
Ligue 1,2016-10-02,Angers,Marseille,1,1,D,2016-17
Ligue 1,2016-10-02,Lyon,Saint-Étienne,2,0,H,2016-17
Ligue 1,2016-10-02,Nice,Lorient,2,1,H,2016-17
Ligue 1,2016-10-14,Nice,Lyon,2,0,H,2016-17
Ligue 1,2016-10-14,Toulouse,AS Monaco,3,1,H,2016-17
Ligue 1,2016-10-15,AS Nancy Lorraine,Paris Saint-Germain,1,2,A,2016-17
Ligue 1,2016-10-15,Bastia,Angers,1,2,A,2016-17
Ligue 1,2016-10-15,Guingamp,Lille,1,0,H,2016-17
Ligue 1,2016-10-15,Lorient,Nantes,1,2,A,2016-17
Ligue 1,2016-10-15,Montpellier,Caen,3,2,H,2016-17
Ligue 1,2016-10-16,Marseille,Metz,1,0,H,2016-17
Ligue 1,2016-10-16,Saint-Étienne,Dijon FCO,1,1,D,2016-17
Ligue 1,2016-10-16,Stade Rennais,Bordeaux,1,1,D,2016-17
Ligue 1,2016-10-21,AS Monaco,Montpellier,6,2,H,2016-17
Ligue 1,2016-10-22,Angers,Toulouse,0,0,D,2016-17
Ligue 1,2016-10-22,Bordeaux,AS Nancy Lorraine,1,1,D,2016-17
Ligue 1,2016-10-22,Dijon FCO,Lorient,1,0,H,2016-17
Ligue 1,2016-10-22,Lille,Bastia,2,1,H,2016-17
Ligue 1,2016-10-22,Lyon,Guingamp,1,3,A,2016-17
Ligue 1,2016-10-22,Nantes,Stade Rennais,1,2,A,2016-17
Ligue 1,2016-10-23,Caen,Saint-Étienne,0,2,A,2016-17
Ligue 1,2016-10-23,Metz,Nice,2,4,A,2016-17
Ligue 1,2016-10-23,Paris Saint-Germain,Marseille,0,0,D,2016-17
Ligue 1,2016-10-28,Lille,Paris Saint-Germain,0,1,A,2016-17
Ligue 1,2016-10-29,AS Nancy Lorraine,Caen,2,0,H,2016-17
Ligue 1,2016-10-29,Bastia,Dijon FCO,0,0,D,2016-17
Ligue 1,2016-10-29,Guingamp,Angers,1,0,H,2016-17
Ligue 1,2016-10-29,Lorient,Montpellier,2,2,D,2016-17
Ligue 1,2016-10-29,Saint-Étienne,AS Monaco,1,1,D,2016-17
Ligue 1,2016-10-29,Toulouse,Lyon,1,2,A,2016-17
Ligue 1,2016-10-30,Marseille,Bordeaux,0,0,D,2016-17
Ligue 1,2016-10-30,Nice,Nantes,4,1,H,2016-17
Ligue 1,2016-10-30,Stade Rennais,Metz,1,0,H,2016-17
Ligue 1,2016-11-04,Montpellier,Marseille,3,1,H,2016-17
Ligue 1,2016-11-05,AS Monaco,AS Nancy Lorraine,6,0,H,2016-17
Ligue 1,2016-11-05,Angers,Lille,1,0,H,2016-17
Ligue 1,2016-11-05,Bordeaux,Lorient,2,1,H,2016-17
Ligue 1,2016-11-05,Dijon FCO,Guingamp,3,3,D,2016-17
Ligue 1,2016-11-05,Lyon,Bastia,2,1,H,2016-17
Ligue 1,2016-11-05,Nantes,Toulouse,1,1,D,2016-17
Ligue 1,2016-11-06,Caen,Nice,1,0,H,2016-17
Ligue 1,2016-11-06,Metz,Saint-Étienne,0,0,D,2016-17
Ligue 1,2016-11-06,Paris Saint-Germain,Stade Rennais,4,0,H,2016-17
Ligue 1,2016-11-18,Lille,Lyon,0,1,A,2016-17
Ligue 1,2016-11-18,Lorient,AS Monaco,0,3,A,2016-17
Ligue 1,2016-11-19,AS Nancy Lorraine,Dijon FCO,1,0,H,2016-17
Ligue 1,2016-11-19,Bastia,Montpellier,1,1,D,2016-17
Ligue 1,2016-11-19,Paris Saint-Germain,Nantes,2,0,H,2016-17
Ligue 1,2016-11-19,Stade Rennais,Angers,1,1,D,2016-17
Ligue 1,2016-11-19,Toulouse,Metz,1,2,A,2016-17
Ligue 1,2016-11-20,Guingamp,Bordeaux,1,1,D,2016-17
Ligue 1,2016-11-20,Marseille,Caen,1,0,H,2016-17
Ligue 1,2016-11-20,Saint-Étienne,Nice,0,1,A,2016-17
Ligue 1,2016-11-25,Stade Rennais,Toulouse,1,0,H,2016-17
Ligue 1,2016-11-26,AS Monaco,Marseille,4,0,H,2016-17
Ligue 1,2016-11-26,Bordeaux,Dijon FCO,3,2,H,2016-17
Ligue 1,2016-11-26,Caen,Guingamp,1,1,D,2016-17
Ligue 1,2016-11-26,Metz,Lorient,3,3,D,2016-17
Ligue 1,2016-11-26,Montpellier,AS Nancy Lorraine,0,0,D,2016-17
Ligue 1,2016-11-26,Nantes,Lille,0,0,D,2016-17
Ligue 1,2016-11-27,Angers,Saint-Étienne,1,2,A,2016-17
Ligue 1,2016-11-27,Lyon,Paris Saint-Germain,1,2,A,2016-17
Ligue 1,2016-11-27,Nice,Bastia,1,1,D,2016-17
Ligue 1,2016-11-29,Dijon FCO,AS Monaco,1,1,D,2016-17
Ligue 1,2016-11-29,Lille,Caen,4,2,H,2016-17
Ligue 1,2016-11-29,Lorient,Stade Rennais,2,1,H,2016-17
Ligue 1,2016-11-30,AS Nancy Lorraine,Metz,4,0,H,2016-17
Ligue 1,2016-11-30,Bastia,Bordeaux,1,1,D,2016-17
Ligue 1,2016-11-30,Guingamp,Nice,0,1,A,2016-17
Ligue 1,2016-11-30,Nantes,Lyon,0,6,A,2016-17
Ligue 1,2016-11-30,Paris Saint-Germain,Angers,2,0,H,2016-17
Ligue 1,2016-11-30,Saint-Étienne,Marseille,0,0,D,2016-17
Ligue 1,2016-11-30,Toulouse,Montpellier,1,0,H,2016-17
Ligue 1,2016-12-02,Caen,Dijon FCO,3,3,D,2016-17
Ligue 1,2016-12-03,AS Monaco,Bastia,5,0,H,2016-17
Ligue 1,2016-12-03,Angers,Lorient,2,2,D,2016-17
Ligue 1,2016-12-03,Bordeaux,Lille,0,1,A,2016-17
Ligue 1,2016-12-03,Guingamp,Nantes,2,0,H,2016-17
Ligue 1,2016-12-03,Montpellier,Paris Saint-Germain,3,0,H,2016-17
Ligue 1,2016-12-04,Marseille,AS Nancy Lorraine,3,0,H,2016-17
Ligue 1,2016-12-04,Nice,Toulouse,3,0,H,2016-17
Ligue 1,2016-12-04,Stade Rennais,Saint-Étienne,2,0,H,2016-17
Ligue 1,2016-12-10,AS Nancy Lorraine,Angers,2,0,H,2016-17
Ligue 1,2016-12-10,Bastia,Metz,2,0,H,2016-17
Ligue 1,2016-12-10,Bordeaux,AS Monaco,0,4,A,2016-17
Ligue 1,2016-12-10,Dijon FCO,Marseille,1,2,A,2016-17
Ligue 1,2016-12-10,Lille,Montpellier,2,1,H,2016-17
Ligue 1,2016-12-10,Toulouse,Lorient,3,2,H,2016-17
Ligue 1,2016-12-11,Lyon,Stade Rennais,1,0,H,2016-17
Ligue 1,2016-12-11,Paris Saint-Germain,Nice,2,2,D,2016-17
Ligue 1,2016-12-11,Saint-Étienne,Guingamp,1,0,H,2016-17
Ligue 1,2016-12-16,Angers,Nantes,0,2,A,2016-17
Ligue 1,2016-12-17,Guingamp,Paris Saint-Germain,2,1,H,2016-17
Ligue 1,2016-12-17,Lorient,Saint-Étienne,2,1,H,2016-17
Ligue 1,2016-12-17,Montpellier,Bordeaux,4,0,H,2016-17
Ligue 1,2016-12-17,Stade Rennais,Bastia,1,2,A,2016-17
Ligue 1,2016-12-17,Toulouse,AS Nancy Lorraine,1,1,D,2016-17
Ligue 1,2016-12-18,AS Monaco,Lyon,1,3,A,2016-17
Ligue 1,2016-12-18,Caen,Metz,3,0,H,2016-17
Ligue 1,2016-12-18,Marseille,Lille,2,0,H,2016-17
Ligue 1,2016-12-18,Nice,Dijon FCO,2,1,H,2016-17
Ligue 1,2016-12-21,AS Monaco,Caen,2,1,H,2016-17
Ligue 1,2016-12-21,Bastia,Marseille,1,2,A,2016-17
Ligue 1,2016-12-21,Bordeaux,Nice,0,0,D,2016-17
Ligue 1,2016-12-21,Dijon FCO,Toulouse,2,0,H,2016-17
Ligue 1,2016-12-21,Lille,Stade Rennais,1,1,D,2016-17
Ligue 1,2016-12-21,Lyon,Angers,2,0,H,2016-17
Ligue 1,2016-12-21,Metz,Guingamp,2,2,D,2016-17
Ligue 1,2016-12-21,Nantes,Montpellier,1,0,H,2016-17
Ligue 1,2016-12-21,Paris Saint-Germain,Lorient,5,0,H,2016-17
Ligue 1,2016-12-21,Saint-Étienne,AS Nancy Lorraine,0,0,D,2016-17
Ligue 1,2017-01-13,Lille,Saint-Étienne,1,1,D,2016-17
Ligue 1,2017-01-14,AS Nancy Lorraine,Bastia,1,0,H,2016-17
Ligue 1,2017-01-14,Angers,Bordeaux,1,1,D,2016-17
Ligue 1,2017-01-14,Lorient,Guingamp,3,1,H,2016-17
Ligue 1,2017-01-14,Montpellier,Dijon FCO,1,1,D,2016-17
Ligue 1,2017-01-14,Stade Rennais,Paris Saint-Germain,0,1,A,2016-17
Ligue 1,2017-01-14,Toulouse,Nantes,0,1,A,2016-17
Ligue 1,2017-01-15,Caen,Lyon,3,2,H,2016-17
Ligue 1,2017-01-15,Marseille,AS Monaco,1,4,A,2016-17
Ligue 1,2017-01-15,Nice,Metz,0,0,D,2016-17
Ligue 1,2017-01-18,Nantes,Caen,1,0,H,2016-17
Ligue 1,2017-01-20,Bastia,Nice,1,1,D,2016-17
Ligue 1,2017-01-21,Bordeaux,Toulouse,1,0,H,2016-17
Ligue 1,2017-01-21,Dijon FCO,Lille,0,0,D,2016-17
Ligue 1,2017-01-21,Guingamp,Stade Rennais,1,1,D,2016-17
Ligue 1,2017-01-21,Metz,Montpellier,2,0,H,2016-17
Ligue 1,2017-01-21,Nantes,Paris Saint-Germain,0,2,A,2016-17
Ligue 1,2017-01-22,AS Monaco,Lorient,4,0,H,2016-17
Ligue 1,2017-01-22,Lyon,Marseille,3,1,H,2016-17
Ligue 1,2017-01-22,Saint-Étienne,Angers,2,1,H,2016-17
Ligue 1,2017-01-27,Marseille,Montpellier,5,1,H,2016-17
Ligue 1,2017-01-28,AS Nancy Lorraine,Bordeaux,0,2,A,2016-17
Ligue 1,2017-01-28,Angers,Metz,2,1,H,2016-17
Ligue 1,2017-01-28,Bastia,Caen,1,1,D,2016-17
Ligue 1,2017-01-28,Lorient,Dijon FCO,2,3,A,2016-17
Ligue 1,2017-01-28,Lyon,Lille,1,2,A,2016-17
Ligue 1,2017-01-28,Stade Rennais,Nantes,1,1,D,2016-17
Ligue 1,2017-01-29,Nice,Guingamp,3,1,H,2016-17
Ligue 1,2017-01-29,Paris Saint-Germain,AS Monaco,1,1,D,2016-17
Ligue 1,2017-01-29,Toulouse,Saint-Étienne,0,3,A,2016-17
Ligue 1,2017-02-03,Metz,Marseille,1,0,H,2016-17
Ligue 1,2017-02-04,AS Monaco,Nice,3,0,H,2016-17
Ligue 1,2017-02-04,Bordeaux,Stade Rennais,1,1,D,2016-17
Ligue 1,2017-02-04,Dijon FCO,Paris Saint-Germain,1,3,A,2016-17
Ligue 1,2017-02-04,Guingamp,Caen,0,1,A,2016-17
Ligue 1,2017-02-04,Lille,Lorient,0,1,A,2016-17
Ligue 1,2017-02-04,Montpellier,Bastia,2,1,H,2016-17
Ligue 1,2017-02-05,Nantes,AS Nancy Lorraine,0,2,A,2016-17
Ligue 1,2017-02-05,Saint-Étienne,Lyon,2,0,H,2016-17
Ligue 1,2017-02-05,Toulouse,Angers,4,0,H,2016-17
Ligue 1,2017-02-07,Caen,Bordeaux,0,4,A,2016-17
Ligue 1,2017-02-07,Montpellier,AS Monaco,1,2,A,2016-17
Ligue 1,2017-02-07,Paris Saint-Germain,Lille,2,1,H,2016-17
Ligue 1,2017-02-08,Angers,Stade Rennais,0,0,D,2016-17
Ligue 1,2017-02-08,Lorient,Toulouse,1,1,D,2016-17
Ligue 1,2017-02-08,Lyon,AS Nancy Lorraine,4,0,H,2016-17
Ligue 1,2017-02-08,Marseille,Guingamp,2,0,H,2016-17
Ligue 1,2017-02-08,Metz,Dijon FCO,2,1,H,2016-17
Ligue 1,2017-02-08,Nice,Saint-Étienne,1,0,H,2016-17
Ligue 1,2017-02-10,Bordeaux,Paris Saint-Germain,0,3,A,2016-17
Ligue 1,2017-02-11,AS Monaco,Metz,5,0,H,2016-17
Ligue 1,2017-02-11,AS Nancy Lorraine,Montpellier,0,3,A,2016-17
Ligue 1,2017-02-11,Dijon FCO,Caen,2,0,H,2016-17
Ligue 1,2017-02-11,Guingamp,Lyon,2,1,H,2016-17
Ligue 1,2017-02-11,Lille,Angers,1,2,A,2016-17
Ligue 1,2017-02-11,Toulouse,Bastia,4,1,H,2016-17
Ligue 1,2017-02-12,Nantes,Marseille,3,2,H,2016-17
Ligue 1,2017-02-12,Saint-Étienne,Lorient,4,0,H,2016-17
Ligue 1,2017-02-12,Stade Rennais,Nice,2,2,D,2016-17
Ligue 1,2017-02-17,Bastia,AS Monaco,1,1,D,2016-17
Ligue 1,2017-02-18,Angers,AS Nancy Lorraine,1,0,H,2016-17
Ligue 1,2017-02-18,Caen,Lille,0,1,A,2016-17
Ligue 1,2017-02-18,Lorient,Nice,0,1,A,2016-17
Ligue 1,2017-02-18,Marseille,Stade Rennais,2,0,H,2016-17
Ligue 1,2017-02-18,Metz,Nantes,1,1,D,2016-17
Ligue 1,2017-02-19,Bordeaux,Guingamp,3,0,H,2016-17
Ligue 1,2017-02-19,Lyon,Dijon FCO,4,2,H,2016-17
Ligue 1,2017-02-19,Montpellier,Saint-Étienne,2,1,H,2016-17
Ligue 1,2017-02-19,Paris Saint-Germain,Toulouse,0,0,D,2016-17
Ligue 1,2017-02-21,Caen,AS Nancy Lorraine,1,0,H,2016-17
Ligue 1,2017-02-24,Nantes,Dijon FCO,3,1,H,2016-17
Ligue 1,2017-02-24,Nice,Montpellier,2,1,H,2016-17
Ligue 1,2017-02-25,AS Nancy Lorraine,Toulouse,0,0,D,2016-17
Ligue 1,2017-02-25,Angers,Bastia,3,0,H,2016-17
Ligue 1,2017-02-25,Guingamp,AS Monaco,1,2,A,2016-17
Ligue 1,2017-02-25,Lille,Bordeaux,2,3,A,2016-17
Ligue 1,2017-02-25,Stade Rennais,Lorient,1,0,H,2016-17
Ligue 1,2017-02-26,Lyon,Metz,5,0,H,2016-17
Ligue 1,2017-02-26,Marseille,Paris Saint-Germain,1,5,A,2016-17
Ligue 1,2017-02-26,Saint-Étienne,Caen,0,1,A,2016-17
Ligue 1,2017-03-01,Bastia,Nantes,2,2,D,2016-17
Ligue 1,2017-03-03,Bordeaux,Lyon,1,1,D,2016-17
Ligue 1,2017-03-04,Bastia,Saint-Étienne,0,0,D,2016-17
Ligue 1,2017-03-04,Caen,Angers,2,3,A,2016-17
Ligue 1,2017-03-04,Dijon FCO,Nice,0,1,A,2016-17
Ligue 1,2017-03-04,Metz,Stade Rennais,1,1,D,2016-17
Ligue 1,2017-03-04,Montpellier,Guingamp,1,1,D,2016-17
Ligue 1,2017-03-04,Paris Saint-Germain,AS Nancy Lorraine,1,0,H,2016-17
Ligue 1,2017-03-05,AS Monaco,Nantes,4,0,H,2016-17
Ligue 1,2017-03-05,Lorient,Marseille,1,4,A,2016-17
Ligue 1,2017-03-05,Toulouse,Lille,1,1,D,2016-17
Ligue 1,2017-03-10,Marseille,Angers,3,0,H,2016-17
Ligue 1,2017-03-10,Nice,Caen,2,2,D,2016-17
Ligue 1,2017-03-11,AS Monaco,Bordeaux,2,1,H,2016-17
Ligue 1,2017-03-11,AS Nancy Lorraine,Lille,1,2,A,2016-17
Ligue 1,2017-03-11,Guingamp,Bastia,5,0,H,2016-17
Ligue 1,2017-03-11,Montpellier,Nantes,2,3,A,2016-17
Ligue 1,2017-03-11,Stade Rennais,Dijon FCO,1,1,D,2016-17
Ligue 1,2017-03-12,Lorient,Paris Saint-Germain,1,2,A,2016-17
Ligue 1,2017-03-12,Lyon,Toulouse,4,0,H,2016-17
Ligue 1,2017-03-12,Saint-Étienne,Metz,2,2,D,2016-17
Ligue 1,2017-03-17,Lille,Marseille,0,0,D,2016-17
Ligue 1,2017-03-17,Metz,Bastia,1,0,H,2016-17
Ligue 1,2017-03-18,AS Nancy Lorraine,Lorient,2,3,A,2016-17
Ligue 1,2017-03-18,Angers,Guingamp,3,0,H,2016-17
Ligue 1,2017-03-18,Bordeaux,Montpellier,5,1,H,2016-17
Ligue 1,2017-03-18,Nantes,Nice,1,1,D,2016-17
Ligue 1,2017-03-18,Toulouse,Stade Rennais,0,0,D,2016-17
Ligue 1,2017-03-19,Caen,AS Monaco,0,3,A,2016-17
Ligue 1,2017-03-19,Dijon FCO,Saint-Étienne,0,1,A,2016-17
Ligue 1,2017-03-19,Paris Saint-Germain,Lyon,2,1,H,2016-17
Ligue 1,2017-03-31,Guingamp,AS Nancy Lorraine,1,0,H,2016-17
Ligue 1,2017-04-01,Bastia,Lille,0,1,A,2016-17
Ligue 1,2017-04-01,Marseille,Dijon FCO,1,1,D,2016-17
Ligue 1,2017-04-02,Lorient,Caen,1,0,H,2016-17
Ligue 1,2017-04-02,Montpellier,Toulouse,0,1,A,2016-17
Ligue 1,2017-04-02,Nantes,Angers,2,1,H,2016-17
Ligue 1,2017-04-02,Nice,Bordeaux,2,1,H,2016-17
Ligue 1,2017-04-02,Stade Rennais,Lyon,1,1,D,2016-17
Ligue 1,2017-04-05,Metz,Lyon,0,3,A,2016-17
Ligue 1,2017-04-07,Lille,Nice,1,2,A,2016-17
Ligue 1,2017-04-08,AS Nancy Lorraine,Stade Rennais,3,0,H,2016-17
Ligue 1,2017-04-08,Angers,AS Monaco,0,1,A,2016-17
Ligue 1,2017-04-08,Bordeaux,Metz,3,0,H,2016-17
Ligue 1,2017-04-08,Caen,Montpellier,0,2,A,2016-17
Ligue 1,2017-04-08,Dijon FCO,Bastia,1,2,A,2016-17
Ligue 1,2017-04-08,Lyon,Lorient,1,4,A,2016-17
Ligue 1,2017-04-09,Paris Saint-Germain,Guingamp,4,0,H,2016-17
Ligue 1,2017-04-09,Saint-Étienne,Nantes,1,1,D,2016-17
Ligue 1,2017-04-09,Toulouse,Marseille,0,0,D,2016-17
Ligue 1,2017-04-14,Angers,Paris Saint-Germain,0,2,A,2016-17
Ligue 1,2017-04-15,AS Monaco,Dijon FCO,2,1,H,2016-17
Ligue 1,2017-04-15,Guingamp,Toulouse,2,1,H,2016-17
Ligue 1,2017-04-15,Metz,Caen,2,2,D,2016-17
Ligue 1,2017-04-15,Montpellier,Lorient,2,0,H,2016-17
Ligue 1,2017-04-15,Nice,AS Nancy Lorraine,3,1,H,2016-17
Ligue 1,2017-04-15,Stade Rennais,Lille,2,0,H,2016-17
Ligue 1,2017-04-16,Marseille,Saint-Étienne,4,0,H,2016-17
Ligue 1,2017-04-16,Nantes,Bordeaux,0,1,A,2016-17
Ligue 1,2017-04-18,Metz,Paris Saint-Germain,2,3,A,2016-17
Ligue 1,2017-04-21,AS Nancy Lorraine,Marseille,0,0,D,2016-17
Ligue 1,2017-04-22,Bordeaux,Bastia,2,0,H,2016-17
Ligue 1,2017-04-22,Caen,Nantes,0,2,A,2016-17
Ligue 1,2017-04-22,Dijon FCO,Angers,3,2,H,2016-17
Ligue 1,2017-04-22,Lille,Guingamp,3,0,H,2016-17
Ligue 1,2017-04-22,Lorient,Metz,5,1,H,2016-17
Ligue 1,2017-04-22,Paris Saint-Germain,Montpellier,2,0,H,2016-17
Ligue 1,2017-04-23,Lyon,AS Monaco,1,2,A,2016-17
Ligue 1,2017-04-23,Saint-Étienne,Stade Rennais,1,1,D,2016-17
Ligue 1,2017-04-23,Toulouse,Nice,1,1,D,2016-17
Ligue 1,2017-04-28,Angers,Lyon,1,2,A,2016-17
Ligue 1,2017-04-29,AS Monaco,Toulouse,3,1,H,2016-17
Ligue 1,2017-04-29,Bastia,Stade Rennais,1,0,H,2016-17
Ligue 1,2017-04-29,Guingamp,Saint-Étienne,0,2,A,2016-17
Ligue 1,2017-04-29,Metz,AS Nancy Lorraine,2,1,H,2016-17
Ligue 1,2017-04-29,Montpellier,Lille,0,3,A,2016-17
Ligue 1,2017-04-29,Nantes,Lorient,1,0,H,2016-17
Ligue 1,2017-04-30,Caen,Marseille,1,5,A,2016-17
Ligue 1,2017-04-30,Dijon FCO,Bordeaux,0,0,D,2016-17
Ligue 1,2017-04-30,Nice,Paris Saint-Germain,3,1,H,2016-17
Ligue 1,2017-05-05,Saint-Étienne,Bordeaux,2,2,D,2016-17
Ligue 1,2017-05-06,AS Nancy Lorraine,AS Monaco,0,3,A,2016-17
Ligue 1,2017-05-06,Guingamp,Dijon FCO,4,0,H,2016-17
Ligue 1,2017-05-06,Lille,Metz,0,2,A,2016-17
Ligue 1,2017-05-06,Lorient,Angers,1,1,D,2016-17
Ligue 1,2017-05-06,Paris Saint-Germain,Bastia,5,0,H,2016-17
Ligue 1,2017-05-06,Toulouse,Caen,0,1,A,2016-17
Ligue 1,2017-05-07,Lyon,Nantes,3,2,H,2016-17
Ligue 1,2017-05-07,Marseille,Nice,2,1,H,2016-17
Ligue 1,2017-05-07,Stade Rennais,Montpellier,1,0,H,2016-17
Ligue 1,2017-05-14,AS Monaco,Lille,4,0,H,2016-17
Ligue 1,2017-05-14,Bastia,Lorient,2,0,H,2016-17
Ligue 1,2017-05-14,Bordeaux,Marseille,1,1,D,2016-17
Ligue 1,2017-05-14,Caen,Stade Rennais,0,1,A,2016-17
Ligue 1,2017-05-14,Dijon FCO,AS Nancy Lorraine,2,0,H,2016-17
Ligue 1,2017-05-14,Metz,Toulouse,1,1,D,2016-17
Ligue 1,2017-05-14,Montpellier,Lyon,1,3,A,2016-17
Ligue 1,2017-05-14,Nantes,Guingamp,4,1,H,2016-17
Ligue 1,2017-05-14,Nice,Angers,0,2,A,2016-17
Ligue 1,2017-05-14,Saint-Étienne,Paris Saint-Germain,0,5,A,2016-17
Ligue 1,2017-05-17,AS Monaco,Saint-Étienne,2,0,H,2016-17
Ligue 1,2017-05-20,AS Nancy Lorraine,Saint-Étienne,3,1,H,2016-17
Ligue 1,2017-05-20,Angers,Montpellier,2,0,H,2016-17
Ligue 1,2017-05-20,Guingamp,Metz,1,0,H,2016-17
Ligue 1,2017-05-20,Lille,Nantes,3,0,H,2016-17
Ligue 1,2017-05-20,Lorient,Bordeaux,1,1,D,2016-17
Ligue 1,2017-05-20,Lyon,Nice,3,3,D,2016-17
Ligue 1,2017-05-20,Marseille,Bastia,1,0,H,2016-17
Ligue 1,2017-05-20,Paris Saint-Germain,Caen,1,1,D,2016-17
Ligue 1,2017-05-20,Stade Rennais,AS Monaco,2,3,A,2016-17
Ligue 1,2017-05-20,Toulouse,Dijon FCO,0,0,D,2016-17
Ligue 1,2017-05-25,Troyes,Lorient,2,1,H,2016-17
Ligue 1,2017-05-28,Lorient,Troyes,0,0,D,2016-17
Ligue 1,2017-08-04,AS Monaco,Toulouse,3,2,H,2017-18
Ligue 1,2017-08-05,Lyon,Strasbourg,4,0,H,2017-18
Ligue 1,2017-08-05,Metz,Guingamp,1,3,A,2017-18
Ligue 1,2017-08-05,Montpellier,Caen,1,0,H,2017-18
Ligue 1,2017-08-05,Paris Saint-Germain,SC Amiens,2,0,H,2017-18
Ligue 1,2017-08-05,Saint-Étienne,Nice,1,0,H,2017-18
Ligue 1,2017-08-05,Troyes,Stade Rennais,1,1,D,2017-18
Ligue 1,2017-08-06,Angers,Bordeaux,2,2,D,2017-18
Ligue 1,2017-08-06,Lille,Nantes,3,0,H,2017-18
Ligue 1,2017-08-06,Marseille,Dijon FCO,3,0,H,2017-18
Ligue 1,2017-08-11,Nice,Troyes,1,2,A,2017-18
Ligue 1,2017-08-11,Stade Rennais,Lyon,1,2,A,2017-18
Ligue 1,2017-08-12,Bordeaux,Metz,2,0,H,2017-18
Ligue 1,2017-08-12,Caen,Saint-Étienne,0,1,A,2017-18
Ligue 1,2017-08-12,Nantes,Marseille,0,1,A,2017-18
Ligue 1,2017-08-12,SC Amiens,Angers,0,2,A,2017-18
Ligue 1,2017-08-12,Toulouse,Montpellier,1,0,H,2017-18
Ligue 1,2017-08-13,Dijon FCO,AS Monaco,1,4,A,2017-18
Ligue 1,2017-08-13,Guingamp,Paris Saint-Germain,0,3,A,2017-18
Ligue 1,2017-08-13,Strasbourg,Lille,3,0,H,2017-18
Ligue 1,2017-08-18,Metz,AS Monaco,0,1,A,2017-18
Ligue 1,2017-08-19,Lyon,Bordeaux,3,3,D,2017-18
Ligue 1,2017-08-19,Montpellier,Strasbourg,1,1,D,2017-18
Ligue 1,2017-08-19,Nice,Guingamp,2,0,H,2017-18
Ligue 1,2017-08-19,Saint-Étienne,SC Amiens,3,0,H,2017-18
Ligue 1,2017-08-19,Stade Rennais,Dijon FCO,2,2,D,2017-18
Ligue 1,2017-08-19,Troyes,Nantes,0,1,A,2017-18
Ligue 1,2017-08-20,Lille,Caen,0,2,A,2017-18
Ligue 1,2017-08-20,Marseille,Angers,1,1,D,2017-18
Ligue 1,2017-08-20,Paris Saint-Germain,Toulouse,6,2,H,2017-18
Ligue 1,2017-08-25,Paris Saint-Germain,Saint-Étienne,3,0,H,2017-18
Ligue 1,2017-08-26,Bordeaux,Troyes,2,1,H,2017-18
Ligue 1,2017-08-26,Caen,Metz,1,0,H,2017-18
Ligue 1,2017-08-26,Dijon FCO,Montpellier,2,1,H,2017-18
Ligue 1,2017-08-26,Nantes,Lyon,0,0,D,2017-18
Ligue 1,2017-08-26,SC Amiens,Nice,3,0,H,2017-18
Ligue 1,2017-08-26,Toulouse,Stade Rennais,3,2,H,2017-18
Ligue 1,2017-08-27,AS Monaco,Marseille,6,1,H,2017-18
Ligue 1,2017-08-27,Angers,Lille,1,1,D,2017-18
Ligue 1,2017-08-27,Guingamp,Strasbourg,2,0,H,2017-18
Ligue 1,2017-09-08,Lille,Bordeaux,0,0,D,2017-18
Ligue 1,2017-09-08,Metz,Paris Saint-Germain,1,5,A,2017-18
Ligue 1,2017-09-09,Caen,Dijon FCO,2,1,H,2017-18
Ligue 1,2017-09-09,Montpellier,Nantes,0,1,A,2017-18
Ligue 1,2017-09-09,Nice,AS Monaco,4,0,H,2017-18
Ligue 1,2017-09-09,Strasbourg,SC Amiens,0,1,A,2017-18
Ligue 1,2017-09-09,Troyes,Toulouse,0,0,D,2017-18
Ligue 1,2017-09-10,Lyon,Guingamp,2,1,H,2017-18
Ligue 1,2017-09-10,Marseille,Stade Rennais,1,3,A,2017-18
Ligue 1,2017-09-10,Saint-Étienne,Angers,1,1,D,2017-18
Ligue 1,2017-09-15,Toulouse,Bordeaux,0,1,A,2017-18
Ligue 1,2017-09-16,AS Monaco,Strasbourg,3,0,H,2017-18
Ligue 1,2017-09-16,Dijon FCO,Saint-Étienne,0,1,A,2017-18
Ligue 1,2017-09-16,Guingamp,Lille,1,0,H,2017-18
Ligue 1,2017-09-16,Nantes,Caen,1,0,H,2017-18
Ligue 1,2017-09-16,Troyes,Montpellier,0,1,A,2017-18
Ligue 1,2017-09-17,Angers,Metz,0,1,A,2017-18
Ligue 1,2017-09-17,Paris Saint-Germain,Lyon,2,0,H,2017-18
Ligue 1,2017-09-17,SC Amiens,Marseille,0,2,A,2017-18
Ligue 1,2017-09-17,Stade Rennais,Nice,0,1,A,2017-18
Ligue 1,2017-09-22,Lille,AS Monaco,0,4,A,2017-18
Ligue 1,2017-09-22,Nice,Angers,2,2,D,2017-18
Ligue 1,2017-09-23,Bordeaux,Guingamp,3,1,H,2017-18
Ligue 1,2017-09-23,Caen,SC Amiens,1,0,H,2017-18
Ligue 1,2017-09-23,Lyon,Dijon FCO,3,3,D,2017-18
Ligue 1,2017-09-23,Metz,Troyes,0,1,A,2017-18
Ligue 1,2017-09-23,Montpellier,Paris Saint-Germain,0,0,D,2017-18
Ligue 1,2017-09-24,Marseille,Toulouse,2,0,H,2017-18
Ligue 1,2017-09-24,Saint-Étienne,Stade Rennais,2,2,D,2017-18
Ligue 1,2017-09-24,Strasbourg,Nantes,1,2,A,2017-18
Ligue 1,2017-09-29,AS Monaco,Montpellier,1,1,D,2017-18
Ligue 1,2017-09-30,Dijon FCO,Strasbourg,1,1,D,2017-18
Ligue 1,2017-09-30,Guingamp,Toulouse,1,1,D,2017-18
Ligue 1,2017-09-30,Nantes,Metz,1,0,H,2017-18
Ligue 1,2017-09-30,Paris Saint-Germain,Bordeaux,6,2,H,2017-18
Ligue 1,2017-09-30,Stade Rennais,Caen,0,1,A,2017-18
Ligue 1,2017-10-01,Angers,Lyon,3,3,D,2017-18
Ligue 1,2017-10-01,Nice,Marseille,2,4,A,2017-18
Ligue 1,2017-10-01,Troyes,Saint-Étienne,2,1,H,2017-18
Ligue 1,2017-10-13,Lyon,AS Monaco,3,2,H,2017-18
Ligue 1,2017-10-14,Caen,Angers,0,2,A,2017-18
Ligue 1,2017-10-14,Dijon FCO,Paris Saint-Germain,1,2,A,2017-18
Ligue 1,2017-10-14,Guingamp,Stade Rennais,2,0,H,2017-18
Ligue 1,2017-10-14,Lille,Troyes,2,2,D,2017-18
Ligue 1,2017-10-14,Saint-Étienne,Metz,3,1,H,2017-18
Ligue 1,2017-10-14,Toulouse,SC Amiens,1,0,H,2017-18
Ligue 1,2017-10-15,Bordeaux,Nantes,1,1,D,2017-18
Ligue 1,2017-10-15,Montpellier,Nice,2,0,H,2017-18
Ligue 1,2017-10-15,Strasbourg,Marseille,3,3,D,2017-18
Ligue 1,2017-10-20,Saint-Étienne,Montpellier,0,1,A,2017-18
Ligue 1,2017-10-21,AS Monaco,Caen,2,0,H,2017-18
Ligue 1,2017-10-21,Angers,Toulouse,0,1,A,2017-18
Ligue 1,2017-10-21,Metz,Dijon FCO,1,2,A,2017-18
Ligue 1,2017-10-21,Nantes,Guingamp,2,1,H,2017-18
Ligue 1,2017-10-21,SC Amiens,Bordeaux,1,0,H,2017-18
Ligue 1,2017-10-21,Stade Rennais,Lille,1,0,H,2017-18
Ligue 1,2017-10-22,Marseille,Paris Saint-Germain,2,2,D,2017-18
Ligue 1,2017-10-22,Nice,Strasbourg,1,2,A,2017-18
Ligue 1,2017-10-22,Troyes,Lyon,0,5,A,2017-18
Ligue 1,2017-10-27,Paris Saint-Germain,Nice,3,0,H,2017-18
Ligue 1,2017-10-28,Bordeaux,AS Monaco,0,2,A,2017-18
Ligue 1,2017-10-28,Caen,Troyes,1,0,H,2017-18
Ligue 1,2017-10-28,Dijon FCO,Nantes,1,0,H,2017-18
Ligue 1,2017-10-28,Guingamp,SC Amiens,1,1,D,2017-18
Ligue 1,2017-10-28,Montpellier,Stade Rennais,0,1,A,2017-18
Ligue 1,2017-10-28,Strasbourg,Angers,2,2,D,2017-18
Ligue 1,2017-10-29,Lille,Marseille,0,1,A,2017-18
Ligue 1,2017-10-29,Lyon,Metz,2,0,H,2017-18
Ligue 1,2017-10-29,Toulouse,Saint-Étienne,0,0,D,2017-18
Ligue 1,2017-11-03,Stade Rennais,Bordeaux,1,0,H,2017-18
Ligue 1,2017-11-04,AS Monaco,Guingamp,6,0,H,2017-18
Ligue 1,2017-11-04,Angers,Paris Saint-Germain,0,5,A,2017-18
Ligue 1,2017-11-04,Montpellier,SC Amiens,1,1,D,2017-18
Ligue 1,2017-11-04,Nantes,Toulouse,2,1,H,2017-18
Ligue 1,2017-11-04,Troyes,Strasbourg,3,0,H,2017-18
Ligue 1,2017-11-05,Marseille,Caen,5,0,H,2017-18
Ligue 1,2017-11-05,Metz,Lille,0,3,A,2017-18
Ligue 1,2017-11-05,Nice,Dijon FCO,1,0,H,2017-18
Ligue 1,2017-11-05,Saint-Étienne,Lyon,0,5,A,2017-18
Ligue 1,2017-11-17,Lille,Saint-Étienne,3,1,H,2017-18
Ligue 1,2017-11-17,SC Amiens,AS Monaco,1,1,D,2017-18
Ligue 1,2017-11-18,Dijon FCO,Troyes,3,1,H,2017-18
Ligue 1,2017-11-18,Guingamp,Angers,1,1,D,2017-18
Ligue 1,2017-11-18,Paris Saint-Germain,Nantes,4,1,H,2017-18
Ligue 1,2017-11-18,Strasbourg,Stade Rennais,2,1,H,2017-18
Ligue 1,2017-11-18,Toulouse,Metz,0,0,D,2017-18
Ligue 1,2017-11-19,Bordeaux,Marseille,1,1,D,2017-18
Ligue 1,2017-11-19,Caen,Nice,1,1,D,2017-18
Ligue 1,2017-11-19,Lyon,Montpellier,0,0,D,2017-18
Ligue 1,2017-11-20,SC Amiens,Lille,3,0,H,2017-18
Ligue 1,2017-11-24,Saint-Étienne,Strasbourg,2,2,D,2017-18
Ligue 1,2017-11-25,Caen,Bordeaux,1,0,H,2017-18
Ligue 1,2017-11-25,Dijon FCO,Toulouse,3,1,H,2017-18
Ligue 1,2017-11-25,Metz,SC Amiens,0,2,A,2017-18
Ligue 1,2017-11-25,Montpellier,Lille,3,0,H,2017-18
Ligue 1,2017-11-25,Stade Rennais,Nantes,2,1,H,2017-18
Ligue 1,2017-11-25,Troyes,Angers,3,0,H,2017-18
Ligue 1,2017-11-26,AS Monaco,Paris Saint-Germain,1,2,A,2017-18
Ligue 1,2017-11-26,Marseille,Guingamp,1,0,H,2017-18
Ligue 1,2017-11-26,Nice,Lyon,0,5,A,2017-18
Ligue 1,2017-11-28,Bordeaux,Saint-Étienne,3,0,H,2017-18
Ligue 1,2017-11-28,SC Amiens,Dijon FCO,2,1,H,2017-18
Ligue 1,2017-11-28,Strasbourg,Caen,0,0,D,2017-18
Ligue 1,2017-11-29,Angers,Stade Rennais,1,2,A,2017-18
Ligue 1,2017-11-29,Guingamp,Montpellier,0,0,D,2017-18
Ligue 1,2017-11-29,Lyon,Lille,1,2,A,2017-18
Ligue 1,2017-11-29,Metz,Marseille,0,3,A,2017-18
Ligue 1,2017-11-29,Nantes,AS Monaco,1,0,H,2017-18
Ligue 1,2017-11-29,Paris Saint-Germain,Troyes,2,0,H,2017-18
Ligue 1,2017-11-29,Toulouse,Nice,1,2,A,2017-18
Ligue 1,2017-12-01,Dijon FCO,Bordeaux,3,2,H,2017-18
Ligue 1,2017-12-02,AS Monaco,Angers,1,0,H,2017-18
Ligue 1,2017-12-02,Lille,Toulouse,1,0,H,2017-18
Ligue 1,2017-12-02,Nice,Metz,3,1,H,2017-18
Ligue 1,2017-12-02,Stade Rennais,SC Amiens,2,0,H,2017-18
Ligue 1,2017-12-02,Strasbourg,Paris Saint-Germain,2,1,H,2017-18
Ligue 1,2017-12-02,Troyes,Guingamp,0,1,A,2017-18
Ligue 1,2017-12-03,Caen,Lyon,1,2,A,2017-18
Ligue 1,2017-12-03,Montpellier,Marseille,1,1,D,2017-18
Ligue 1,2017-12-03,Saint-Étienne,Nantes,1,1,D,2017-18
Ligue 1,2017-12-08,Bordeaux,Strasbourg,0,3,A,2017-18
Ligue 1,2017-12-09,AS Monaco,Troyes,3,2,H,2017-18
Ligue 1,2017-12-09,Angers,Montpellier,1,1,D,2017-18
Ligue 1,2017-12-09,Guingamp,Dijon FCO,4,0,H,2017-18
Ligue 1,2017-12-09,Metz,Stade Rennais,1,1,D,2017-18
Ligue 1,2017-12-09,Paris Saint-Germain,Lille,3,1,H,2017-18
Ligue 1,2017-12-09,Toulouse,Caen,2,0,H,2017-18
Ligue 1,2017-12-10,Marseille,Saint-Étienne,3,0,H,2017-18
Ligue 1,2017-12-10,Nantes,Nice,1,2,A,2017-18
Ligue 1,2017-12-10,SC Amiens,Lyon,1,2,A,2017-18
Ligue 1,2017-12-15,Saint-Étienne,AS Monaco,0,4,A,2017-18
Ligue 1,2017-12-16,Caen,Guingamp,0,0,D,2017-18
Ligue 1,2017-12-16,Dijon FCO,Lille,3,0,H,2017-18
Ligue 1,2017-12-16,Montpellier,Metz,1,3,A,2017-18
Ligue 1,2017-12-16,Stade Rennais,Paris Saint-Germain,1,4,A,2017-18
Ligue 1,2017-12-16,Strasbourg,Toulouse,2,1,H,2017-18
Ligue 1,2017-12-16,Troyes,SC Amiens,1,0,H,2017-18
Ligue 1,2017-12-17,Lyon,Marseille,2,0,H,2017-18
Ligue 1,2017-12-17,Nantes,Angers,1,0,H,2017-18
Ligue 1,2017-12-17,Nice,Bordeaux,1,0,H,2017-18
Ligue 1,2017-12-20,AS Monaco,Stade Rennais,2,1,H,2017-18
Ligue 1,2017-12-20,Angers,Dijon FCO,2,1,H,2017-18
Ligue 1,2017-12-20,Bordeaux,Montpellier,0,2,A,2017-18
Ligue 1,2017-12-20,Guingamp,Saint-Étienne,2,1,H,2017-18
Ligue 1,2017-12-20,Lille,Nice,1,1,D,2017-18
Ligue 1,2017-12-20,Marseille,Troyes,3,1,H,2017-18
Ligue 1,2017-12-20,Metz,Strasbourg,3,0,H,2017-18
Ligue 1,2017-12-20,Paris Saint-Germain,Caen,3,1,H,2017-18
Ligue 1,2017-12-20,SC Amiens,Nantes,0,1,A,2017-18
Ligue 1,2017-12-20,Toulouse,Lyon,1,2,A,2017-18
Ligue 1,2018-01-12,Strasbourg,Guingamp,0,2,A,2017-18
Ligue 1,2018-01-13,Caen,Lille,0,1,A,2017-18
Ligue 1,2018-01-13,Dijon FCO,Metz,1,1,D,2017-18
Ligue 1,2018-01-13,Montpellier,AS Monaco,0,0,D,2017-18
Ligue 1,2018-01-13,Nice,SC Amiens,1,0,H,2017-18
Ligue 1,2018-01-13,Stade Rennais,Marseille,0,3,A,2017-18
Ligue 1,2018-01-13,Troyes,Bordeaux,0,1,A,2017-18
Ligue 1,2018-01-14,Lyon,Angers,1,1,D,2017-18
Ligue 1,2018-01-14,Nantes,Paris Saint-Germain,0,1,A,2017-18
Ligue 1,2018-01-14,Saint-Étienne,Toulouse,2,0,H,2017-18
Ligue 1,2018-01-16,AS Monaco,Nice,2,2,D,2017-18
Ligue 1,2018-01-16,Bordeaux,Caen,0,2,A,2017-18
Ligue 1,2018-01-16,Marseille,Strasbourg,2,0,H,2017-18
Ligue 1,2018-01-17,Angers,Troyes,3,1,H,2017-18
Ligue 1,2018-01-17,Guingamp,Lyon,0,2,A,2017-18
Ligue 1,2018-01-17,Lille,Stade Rennais,1,2,A,2017-18
Ligue 1,2018-01-17,Metz,Saint-Étienne,3,0,H,2017-18
Ligue 1,2018-01-17,Paris Saint-Germain,Dijon FCO,8,0,H,2017-18
Ligue 1,2018-01-17,SC Amiens,Montpellier,1,1,D,2017-18
Ligue 1,2018-01-17,Toulouse,Nantes,1,1,D,2017-18
Ligue 1,2018-01-19,Caen,Marseille,0,2,A,2017-18
Ligue 1,2018-01-20,Montpellier,Toulouse,2,1,H,2017-18
Ligue 1,2018-01-20,Nantes,Bordeaux,0,1,A,2017-18
Ligue 1,2018-01-20,SC Amiens,Guingamp,3,1,H,2017-18
Ligue 1,2018-01-20,Stade Rennais,Angers,1,0,H,2017-18
Ligue 1,2018-01-20,Strasbourg,Dijon FCO,3,2,H,2017-18
Ligue 1,2018-01-20,Troyes,Lille,1,0,H,2017-18
Ligue 1,2018-01-21,AS Monaco,Metz,3,1,H,2017-18
Ligue 1,2018-01-21,Lyon,Paris Saint-Germain,2,1,H,2017-18
Ligue 1,2018-01-21,Nice,Saint-Étienne,1,0,H,2017-18
Ligue 1,2018-01-26,Dijon FCO,Stade Rennais,2,1,H,2017-18
Ligue 1,2018-01-27,Angers,SC Amiens,1,0,H,2017-18
Ligue 1,2018-01-27,Guingamp,Nantes,0,3,A,2017-18
Ligue 1,2018-01-27,Metz,Nice,2,1,H,2017-18
Ligue 1,2018-01-27,Paris Saint-Germain,Montpellier,4,0,H,2017-18
Ligue 1,2018-01-27,Saint-Étienne,Caen,2,1,H,2017-18
Ligue 1,2018-01-27,Toulouse,Troyes,1,0,H,2017-18
Ligue 1,2018-01-28,Bordeaux,Lyon,3,1,H,2017-18
Ligue 1,2018-01-28,Lille,Strasbourg,2,1,H,2017-18
Ligue 1,2018-01-28,Marseille,AS Monaco,2,2,D,2017-18
Ligue 1,2018-02-02,Marseille,Metz,6,3,H,2017-18
Ligue 1,2018-02-03,Lille,Paris Saint-Germain,0,3,A,2017-18
Ligue 1,2018-02-03,Montpellier,Angers,2,1,H,2017-18
Ligue 1,2018-02-03,Nice,Toulouse,0,1,A,2017-18
Ligue 1,2018-02-03,SC Amiens,Saint-Étienne,0,2,A,2017-18
Ligue 1,2018-02-03,Strasbourg,Bordeaux,0,2,A,2017-18
Ligue 1,2018-02-04,AS Monaco,Lyon,3,2,H,2017-18
Ligue 1,2018-02-04,Caen,Nantes,3,2,H,2017-18
Ligue 1,2018-02-04,Stade Rennais,Guingamp,0,1,A,2017-18
Ligue 1,2018-02-09,Saint-Étienne,Marseille,2,2,D,2017-18
Ligue 1,2018-02-10,Angers,AS Monaco,0,4,A,2017-18
Ligue 1,2018-02-10,Bordeaux,SC Amiens,3,2,H,2017-18
Ligue 1,2018-02-10,Dijon FCO,Nice,3,2,H,2017-18
Ligue 1,2018-02-10,Guingamp,Caen,0,0,D,2017-18
Ligue 1,2018-02-10,Metz,Montpellier,0,1,A,2017-18
Ligue 1,2018-02-10,Toulouse,Paris Saint-Germain,0,1,A,2017-18
Ligue 1,2018-02-11,Lyon,Stade Rennais,0,2,A,2017-18
Ligue 1,2018-02-11,Nantes,Lille,2,2,D,2017-18
Ligue 1,2018-02-11,Strasbourg,Troyes,2,1,H,2017-18
Ligue 1,2018-02-16,AS Monaco,Dijon FCO,4,0,H,2017-18
Ligue 1,2018-02-17,Angers,Saint-Étienne,0,1,A,2017-18
Ligue 1,2018-02-17,Caen,Stade Rennais,2,2,D,2017-18
Ligue 1,2018-02-17,Montpellier,Guingamp,1,1,D,2017-18
Ligue 1,2018-02-17,Paris Saint-Germain,Strasbourg,5,2,H,2017-18
Ligue 1,2018-02-17,SC Amiens,Toulouse,0,0,D,2017-18
Ligue 1,2018-02-17,Troyes,Metz,1,0,H,2017-18
Ligue 1,2018-02-18,Lille,Lyon,2,2,D,2017-18
Ligue 1,2018-02-18,Marseille,Bordeaux,1,0,H,2017-18
Ligue 1,2018-02-18,Nice,Nantes,1,1,D,2017-18
Ligue 1,2018-02-20,Troyes,Dijon FCO,0,0,D,2017-18
Ligue 1,2018-02-23,Strasbourg,Montpellier,0,0,D,2017-18
Ligue 1,2018-02-24,Dijon FCO,Caen,2,0,H,2017-18
Ligue 1,2018-02-24,Guingamp,Metz,2,2,D,2017-18
Ligue 1,2018-02-24,Lille,Angers,1,2,A,2017-18
Ligue 1,2018-02-24,Nantes,SC Amiens,0,1,A,2017-18
Ligue 1,2018-02-24,Stade Rennais,Troyes,2,0,H,2017-18
Ligue 1,2018-02-24,Toulouse,AS Monaco,3,3,D,2017-18
Ligue 1,2018-02-25,Bordeaux,Nice,0,0,D,2017-18
Ligue 1,2018-02-25,Lyon,Saint-Étienne,1,1,D,2017-18
Ligue 1,2018-02-25,Paris Saint-Germain,Marseille,3,0,H,2017-18
Ligue 1,2018-03-02,AS Monaco,Bordeaux,2,1,H,2017-18
Ligue 1,2018-03-02,Nice,Lille,2,1,H,2017-18
Ligue 1,2018-03-03,Angers,Guingamp,3,0,H,2017-18
Ligue 1,2018-03-03,Metz,Toulouse,1,1,D,2017-18
Ligue 1,2018-03-03,SC Amiens,Stade Rennais,0,2,A,2017-18
Ligue 1,2018-03-03,Saint-Étienne,Dijon FCO,2,2,D,2017-18
Ligue 1,2018-03-03,Troyes,Paris Saint-Germain,0,2,A,2017-18
Ligue 1,2018-03-04,Caen,Strasbourg,2,0,H,2017-18
Ligue 1,2018-03-04,Marseille,Nantes,1,1,D,2017-18
Ligue 1,2018-03-04,Montpellier,Lyon,1,1,D,2017-18
Ligue 1,2018-03-09,Strasbourg,AS Monaco,1,3,A,2017-18
Ligue 1,2018-03-10,Bordeaux,Angers,0,0,D,2017-18
Ligue 1,2018-03-10,Dijon FCO,SC Amiens,1,1,D,2017-18
Ligue 1,2018-03-10,Lille,Montpellier,1,1,D,2017-18
Ligue 1,2018-03-10,Nantes,Troyes,1,0,H,2017-18
Ligue 1,2018-03-10,Paris Saint-Germain,Metz,5,0,H,2017-18
Ligue 1,2018-03-10,Stade Rennais,Saint-Étienne,1,1,D,2017-18
Ligue 1,2018-03-11,Guingamp,Nice,2,5,A,2017-18
Ligue 1,2018-03-11,Lyon,Caen,1,0,H,2017-18
Ligue 1,2018-03-11,Toulouse,Marseille,1,2,A,2017-18
Ligue 1,2018-03-14,Paris Saint-Germain,Angers,2,1,H,2017-18
Ligue 1,2018-03-16,AS Monaco,Lille,2,1,H,2017-18
Ligue 1,2018-03-17,Angers,Caen,3,0,H,2017-18
Ligue 1,2018-03-17,Bordeaux,Stade Rennais,0,2,A,2017-18
Ligue 1,2018-03-17,Montpellier,Dijon FCO,2,2,D,2017-18
Ligue 1,2018-03-17,SC Amiens,Troyes,1,1,D,2017-18
Ligue 1,2018-03-17,Toulouse,Strasbourg,2,2,D,2017-18
Ligue 1,2018-03-18,Marseille,Lyon,2,3,A,2017-18
Ligue 1,2018-03-18,Metz,Nantes,1,1,D,2017-18
Ligue 1,2018-03-18,Nice,Paris Saint-Germain,1,2,A,2017-18
Ligue 1,2018-03-18,Saint-Étienne,Guingamp,2,0,H,2017-18
Ligue 1,2018-03-31,Dijon FCO,Marseille,1,3,A,2017-18
Ligue 1,2018-04-01,Caen,Montpellier,1,3,A,2017-18
Ligue 1,2018-04-01,Guingamp,Bordeaux,2,1,H,2017-18
Ligue 1,2018-04-01,Lille,SC Amiens,0,1,A,2017-18
Ligue 1,2018-04-01,Lyon,Toulouse,2,0,H,2017-18
Ligue 1,2018-04-01,Nantes,Saint-Étienne,0,3,A,2017-18
Ligue 1,2018-04-01,Strasbourg,Metz,2,2,D,2017-18
Ligue 1,2018-04-01,Troyes,Nice,0,2,A,2017-18
Ligue 1,2018-04-04,Stade Rennais,AS Monaco,1,1,D,2017-18
Ligue 1,2018-04-06,Saint-Étienne,Paris Saint-Germain,1,1,D,2017-18
Ligue 1,2018-04-07,AS Monaco,Nantes,2,1,H,2017-18
Ligue 1,2018-04-07,Angers,Strasbourg,1,1,D,2017-18
Ligue 1,2018-04-07,Bordeaux,Lille,2,1,H,2017-18
Ligue 1,2018-04-07,Guingamp,Troyes,4,0,H,2017-18
Ligue 1,2018-04-07,SC Amiens,Caen,3,0,H,2017-18
Ligue 1,2018-04-07,Toulouse,Dijon FCO,0,1,A,2017-18
Ligue 1,2018-04-08,Marseille,Montpellier,0,0,D,2017-18
Ligue 1,2018-04-08,Metz,Lyon,0,5,A,2017-18
Ligue 1,2018-04-08,Nice,Stade Rennais,1,1,D,2017-18
Ligue 1,2018-04-13,Angers,Nice,1,1,D,2017-18
Ligue 1,2018-04-14,Lille,Guingamp,2,2,D,2017-18
Ligue 1,2018-04-14,Lyon,SC Amiens,3,0,H,2017-18
Ligue 1,2018-04-14,Nantes,Dijon FCO,1,1,D,2017-18
Ligue 1,2018-04-14,Stade Rennais,Metz,1,2,A,2017-18
Ligue 1,2018-04-14,Strasbourg,Saint-Étienne,0,1,A,2017-18
Ligue 1,2018-04-15,Montpellier,Bordeaux,1,3,A,2017-18
Ligue 1,2018-04-15,Paris Saint-Germain,AS Monaco,7,1,H,2017-18
Ligue 1,2018-04-15,Troyes,Marseille,2,3,A,2017-18
Ligue 1,2018-04-20,Dijon FCO,Lyon,2,5,A,2017-18
Ligue 1,2018-04-20,Nantes,Stade Rennais,1,1,D,2017-18
Ligue 1,2018-04-21,Guingamp,AS Monaco,3,1,H,2017-18
Ligue 1,2018-04-21,Marseille,Lille,5,1,H,2017-18
Ligue 1,2018-04-21,Metz,Caen,1,1,D,2017-18
Ligue 1,2018-04-21,SC Amiens,Strasbourg,3,1,H,2017-18
Ligue 1,2018-04-21,Toulouse,Angers,2,0,H,2017-18
Ligue 1,2018-04-22,Bordeaux,Paris Saint-Germain,0,1,A,2017-18
Ligue 1,2018-04-22,Nice,Montpellier,1,0,H,2017-18
Ligue 1,2018-04-22,Saint-Étienne,Troyes,2,1,H,2017-18
Ligue 1,2018-04-25,Caen,Toulouse,0,0,D,2017-18
Ligue 1,2018-04-27,Montpellier,Saint-Étienne,0,1,A,2017-18
Ligue 1,2018-04-28,AS Monaco,SC Amiens,0,0,D,2017-18
Ligue 1,2018-04-28,Bordeaux,Dijon FCO,3,1,H,2017-18
Ligue 1,2018-04-28,Lille,Metz,3,1,H,2017-18
Ligue 1,2018-04-28,Lyon,Nantes,2,0,H,2017-18
Ligue 1,2018-04-28,Strasbourg,Nice,1,1,D,2017-18
Ligue 1,2018-04-28,Troyes,Caen,3,1,H,2017-18
Ligue 1,2018-04-29,Angers,Marseille,1,1,D,2017-18
Ligue 1,2018-04-29,Paris Saint-Germain,Guingamp,2,2,D,2017-18
Ligue 1,2018-04-29,Stade Rennais,Toulouse,2,1,H,2017-18
Ligue 1,2018-05-04,SC Amiens,Paris Saint-Germain,2,2,D,2017-18
Ligue 1,2018-05-06,Caen,AS Monaco,1,2,A,2017-18
Ligue 1,2018-05-06,Dijon FCO,Guingamp,3,1,H,2017-18
Ligue 1,2018-05-06,Lyon,Troyes,3,0,H,2017-18
Ligue 1,2018-05-06,Marseille,Nice,2,1,H,2017-18
Ligue 1,2018-05-06,Metz,Angers,1,2,A,2017-18
Ligue 1,2018-05-06,Nantes,Montpellier,0,2,A,2017-18
Ligue 1,2018-05-06,Saint-Étienne,Bordeaux,1,3,A,2017-18
Ligue 1,2018-05-06,Stade Rennais,Strasbourg,2,1,H,2017-18
Ligue 1,2018-05-06,Toulouse,Lille,2,3,A,2017-18
Ligue 1,2018-05-11,Guingamp,Marseille,3,3,D,2017-18
Ligue 1,2018-05-12,AS Monaco,Saint-Étienne,1,0,H,2017-18
Ligue 1,2018-05-12,Angers,Nantes,0,2,A,2017-18
Ligue 1,2018-05-12,Bordeaux,Toulouse,4,2,H,2017-18
Ligue 1,2018-05-12,Lille,Dijon FCO,2,1,H,2017-18
Ligue 1,2018-05-12,Montpellier,Troyes,1,1,D,2017-18
Ligue 1,2018-05-12,Nice,Caen,4,1,H,2017-18
Ligue 1,2018-05-12,Paris Saint-Germain,Stade Rennais,0,2,A,2017-18
Ligue 1,2018-05-12,SC Amiens,Metz,2,0,H,2017-18
Ligue 1,2018-05-12,Strasbourg,Lyon,3,2,H,2017-18
Ligue 1,2018-05-15,Le Havre AC,Brest,2,0,H,2017-18
Ligue 1,2018-05-19,Caen,Paris Saint-Germain,0,0,D,2017-18
Ligue 1,2018-05-19,Dijon FCO,Angers,2,1,H,2017-18
Ligue 1,2018-05-19,Lyon,Nice,3,2,H,2017-18
Ligue 1,2018-05-19,Marseille,SC Amiens,2,1,H,2017-18
Ligue 1,2018-05-19,Metz,Bordeaux,0,4,A,2017-18
Ligue 1,2018-05-19,Nantes,Strasbourg,1,0,H,2017-18
Ligue 1,2018-05-19,Saint-Étienne,Lille,5,0,H,2017-18
Ligue 1,2018-05-19,Stade Rennais,Montpellier,1,1,D,2017-18
Ligue 1,2018-05-19,Toulouse,Guingamp,2,1,H,2017-18
Ligue 1,2018-05-19,Troyes,AS Monaco,0,3,A,2017-18
Ligue 1,2018-05-20,AC Ajaccio,Le Havre AC,2,2,D,2017-18
Ligue 1,2018-05-23,AC Ajaccio,Toulouse,0,3,A,2017-18
Ligue 1,2018-05-27,Toulouse,AC Ajaccio,1,0,H,2017-18
Ligue 1,2018-08-10,Marseille,Toulouse,4,0,H,2018-19
Ligue 1,2018-08-11,Angers,Nimes,3,4,A,2018-19
Ligue 1,2018-08-11,Lille,Stade Rennais,3,1,H,2018-19
Ligue 1,2018-08-11,Montpellier,Dijon FCO,1,2,A,2018-19
Ligue 1,2018-08-11,Nantes,AS Monaco,1,3,A,2018-19
Ligue 1,2018-08-11,Nice,Stade de Reims,0,1,A,2018-19
Ligue 1,2018-08-11,Saint-Étienne,Guingamp,2,1,H,2018-19
Ligue 1,2018-08-12,Bordeaux,Strasbourg,0,2,A,2018-19
Ligue 1,2018-08-12,Lyon,SC Amiens,2,0,H,2018-19
Ligue 1,2018-08-12,Paris Saint-Germain,Caen,3,0,H,2018-19
Ligue 1,2018-08-17,Stade de Reims,Lyon,1,0,H,2018-19
Ligue 1,2018-08-18,AS Monaco,Lille,0,0,D,2018-19
Ligue 1,2018-08-18,Caen,Nice,1,1,D,2018-19
Ligue 1,2018-08-18,Dijon FCO,Nantes,2,0,H,2018-19
Ligue 1,2018-08-18,Guingamp,Paris Saint-Germain,1,3,A,2018-19
Ligue 1,2018-08-18,SC Amiens,Montpellier,1,2,A,2018-19
Ligue 1,2018-08-18,Stade Rennais,Angers,1,0,H,2018-19
Ligue 1,2018-08-19,Nimes,Marseille,3,1,H,2018-19
Ligue 1,2018-08-19,Strasbourg,Saint-Étienne,1,1,D,2018-19
Ligue 1,2018-08-19,Toulouse,Bordeaux,2,1,H,2018-19
Ligue 1,2018-08-24,Lyon,Strasbourg,2,0,H,2018-19
Ligue 1,2018-08-25,Montpellier,Saint-Étienne,0,0,D,2018-19
Ligue 1,2018-08-25,Nantes,Caen,1,1,D,2018-19
Ligue 1,2018-08-25,Nice,Dijon FCO,0,4,A,2018-19
Ligue 1,2018-08-25,Paris Saint-Germain,Angers,3,1,H,2018-19
Ligue 1,2018-08-25,SC Amiens,Stade de Reims,4,1,H,2018-19
Ligue 1,2018-08-25,Toulouse,Nimes,1,0,H,2018-19
Ligue 1,2018-08-26,Bordeaux,AS Monaco,2,1,H,2018-19
Ligue 1,2018-08-26,Lille,Guingamp,3,0,H,2018-19
Ligue 1,2018-08-26,Marseille,Stade Rennais,2,2,D,2018-19
Ligue 1,2018-08-31,Lyon,Nice,0,1,A,2018-19
Ligue 1,2018-09-01,Angers,Lille,1,0,H,2018-19
Ligue 1,2018-09-01,Dijon FCO,Caen,0,2,A,2018-19
Ligue 1,2018-09-01,Guingamp,Toulouse,1,2,A,2018-19
Ligue 1,2018-09-01,Nimes,Paris Saint-Germain,2,4,A,2018-19
Ligue 1,2018-09-01,Stade de Reims,Montpellier,0,1,A,2018-19
Ligue 1,2018-09-01,Strasbourg,Nantes,2,3,A,2018-19
Ligue 1,2018-09-02,AS Monaco,Marseille,2,3,A,2018-19
Ligue 1,2018-09-02,Saint-Étienne,SC Amiens,0,0,D,2018-19
Ligue 1,2018-09-02,Stade Rennais,Bordeaux,2,0,H,2018-19
Ligue 1,2018-09-14,Nice,Stade Rennais,2,1,H,2018-19
Ligue 1,2018-09-14,Paris Saint-Germain,Saint-Étienne,4,0,H,2018-19
Ligue 1,2018-09-15,Caen,Lyon,2,2,D,2018-19
Ligue 1,2018-09-15,Dijon FCO,Angers,1,3,A,2018-19
Ligue 1,2018-09-15,Montpellier,Strasbourg,1,1,D,2018-19
Ligue 1,2018-09-15,SC Amiens,Lille,2,3,A,2018-19
Ligue 1,2018-09-15,Toulouse,AS Monaco,1,1,D,2018-19
Ligue 1,2018-09-16,Bordeaux,Nimes,3,3,D,2018-19
Ligue 1,2018-09-16,Marseille,Guingamp,4,0,H,2018-19
Ligue 1,2018-09-16,Nantes,Stade de Reims,0,0,D,2018-19
Ligue 1,2018-09-21,AS Monaco,Nimes,1,1,D,2018-19
Ligue 1,2018-09-22,Angers,Toulouse,0,0,D,2018-19
Ligue 1,2018-09-22,Lille,Nantes,2,1,H,2018-19
Ligue 1,2018-09-22,Montpellier,Nice,1,0,H,2018-19
Ligue 1,2018-09-22,Saint-Étienne,Caen,2,1,H,2018-19
Ligue 1,2018-09-22,Stade de Reims,Dijon FCO,0,0,D,2018-19
Ligue 1,2018-09-22,Strasbourg,SC Amiens,3,1,H,2018-19
Ligue 1,2018-09-23,Guingamp,Bordeaux,1,3,A,2018-19
Ligue 1,2018-09-23,Lyon,Marseille,4,2,H,2018-19
Ligue 1,2018-09-23,Stade Rennais,Paris Saint-Germain,1,3,A,2018-19
Ligue 1,2018-09-25,AS Monaco,Angers,0,1,A,2018-19
Ligue 1,2018-09-25,Nantes,Nice,1,2,A,2018-19
Ligue 1,2018-09-25,Toulouse,Saint-Étienne,2,3,A,2018-19
Ligue 1,2018-09-26,Bordeaux,Lille,1,0,H,2018-19
Ligue 1,2018-09-26,Caen,Montpellier,2,2,D,2018-19
Ligue 1,2018-09-26,Dijon FCO,Lyon,0,3,A,2018-19
Ligue 1,2018-09-26,Marseille,Strasbourg,3,2,H,2018-19
Ligue 1,2018-09-26,Nimes,Guingamp,0,0,D,2018-19
Ligue 1,2018-09-26,Paris Saint-Germain,Stade de Reims,4,1,H,2018-19
Ligue 1,2018-09-26,SC Amiens,Stade Rennais,2,1,H,2018-19
Ligue 1,2018-09-28,Saint-Étienne,AS Monaco,2,0,H,2018-19
Ligue 1,2018-09-29,Angers,Guingamp,0,1,A,2018-19
Ligue 1,2018-09-29,Caen,SC Amiens,1,0,H,2018-19
Ligue 1,2018-09-29,Lyon,Nantes,1,1,D,2018-19
Ligue 1,2018-09-29,Nice,Paris Saint-Germain,0,3,A,2018-19
Ligue 1,2018-09-29,Stade de Reims,Bordeaux,0,0,D,2018-19
Ligue 1,2018-09-29,Strasbourg,Dijon FCO,3,0,H,2018-19
Ligue 1,2018-09-30,Lille,Marseille,3,0,H,2018-19
Ligue 1,2018-09-30,Montpellier,Nimes,3,0,H,2018-19
Ligue 1,2018-09-30,Stade Rennais,Toulouse,1,1,D,2018-19
Ligue 1,2018-10-05,Toulouse,Nice,1,1,D,2018-19
Ligue 1,2018-10-06,Angers,Strasbourg,2,2,D,2018-19
Ligue 1,2018-10-06,Guingamp,Montpellier,1,1,D,2018-19
Ligue 1,2018-10-06,Lille,Saint-Étienne,3,1,H,2018-19
Ligue 1,2018-10-06,Nimes,Stade de Reims,0,0,D,2018-19
Ligue 1,2018-10-06,SC Amiens,Dijon FCO,1,0,H,2018-19
Ligue 1,2018-10-07,AS Monaco,Stade Rennais,1,2,A,2018-19
Ligue 1,2018-10-07,Bordeaux,Nantes,3,0,H,2018-19
Ligue 1,2018-10-07,Marseille,Caen,2,0,H,2018-19
Ligue 1,2018-10-07,Paris Saint-Germain,Lyon,5,0,H,2018-19
Ligue 1,2018-10-19,Lyon,Nimes,2,0,H,2018-19
Ligue 1,2018-10-20,Caen,Guingamp,0,0,D,2018-19
Ligue 1,2018-10-20,Dijon FCO,Lille,1,2,A,2018-19
Ligue 1,2018-10-20,Nantes,Toulouse,4,0,H,2018-19
Ligue 1,2018-10-20,Paris Saint-Germain,SC Amiens,5,0,H,2018-19
Ligue 1,2018-10-20,Stade de Reims,Angers,1,1,D,2018-19
Ligue 1,2018-10-20,Strasbourg,AS Monaco,2,1,H,2018-19
Ligue 1,2018-10-21,Montpellier,Bordeaux,2,0,H,2018-19
Ligue 1,2018-10-21,Nice,Marseille,0,1,A,2018-19
Ligue 1,2018-10-21,Saint-Étienne,Stade Rennais,1,1,D,2018-19
Ligue 1,2018-10-26,Nimes,Saint-Étienne,1,1,D,2018-19
Ligue 1,2018-10-27,AS Monaco,Dijon FCO,2,2,D,2018-19
Ligue 1,2018-10-27,Angers,Lyon,1,2,A,2018-19
Ligue 1,2018-10-27,Guingamp,Strasbourg,1,1,D,2018-19
Ligue 1,2018-10-27,Lille,Caen,1,0,H,2018-19
Ligue 1,2018-10-27,SC Amiens,Nantes,1,2,A,2018-19
Ligue 1,2018-10-27,Toulouse,Montpellier,0,3,A,2018-19
Ligue 1,2018-10-28,Bordeaux,Nice,0,1,A,2018-19
Ligue 1,2018-10-28,Marseille,Paris Saint-Germain,0,2,A,2018-19
Ligue 1,2018-10-28,Stade Rennais,Stade de Reims,0,2,A,2018-19
Ligue 1,2018-11-02,Paris Saint-Germain,Lille,2,1,H,2018-19
Ligue 1,2018-11-03,Caen,Stade Rennais,1,2,A,2018-19
Ligue 1,2018-11-03,Dijon FCO,Nimes,0,4,A,2018-19
Ligue 1,2018-11-03,Lyon,Bordeaux,1,1,D,2018-19
Ligue 1,2018-11-03,Nice,SC Amiens,1,0,H,2018-19
Ligue 1,2018-11-03,Stade de Reims,AS Monaco,1,0,H,2018-19
Ligue 1,2018-11-03,Strasbourg,Toulouse,1,1,D,2018-19
Ligue 1,2018-11-04,Montpellier,Marseille,3,0,H,2018-19
Ligue 1,2018-11-04,Nantes,Guingamp,5,0,H,2018-19
Ligue 1,2018-11-04,Saint-Étienne,Angers,4,3,H,2018-19
Ligue 1,2018-11-09,Lille,Strasbourg,0,0,D,2018-19
Ligue 1,2018-11-10,Angers,Montpellier,1,0,H,2018-19
Ligue 1,2018-11-10,Guingamp,Lyon,2,4,A,2018-19
Ligue 1,2018-11-10,Nimes,Nice,0,1,A,2018-19
Ligue 1,2018-11-10,Saint-Étienne,Stade de Reims,2,0,H,2018-19
Ligue 1,2018-11-10,Toulouse,SC Amiens,0,1,A,2018-19
Ligue 1,2018-11-11,AS Monaco,Paris Saint-Germain,0,4,A,2018-19
Ligue 1,2018-11-11,Bordeaux,Caen,0,0,D,2018-19
Ligue 1,2018-11-11,Marseille,Dijon FCO,2,0,H,2018-19
Ligue 1,2018-11-11,Stade Rennais,Nantes,1,1,D,2018-19
Ligue 1,2018-11-23,Lyon,Saint-Étienne,1,0,H,2018-19
Ligue 1,2018-11-24,Caen,AS Monaco,0,1,A,2018-19
Ligue 1,2018-11-24,Dijon FCO,Bordeaux,0,0,D,2018-19
Ligue 1,2018-11-24,Nantes,Angers,1,1,D,2018-19
Ligue 1,2018-11-24,Paris Saint-Germain,Toulouse,1,0,H,2018-19
Ligue 1,2018-11-24,Stade de Reims,Guingamp,2,1,H,2018-19
Ligue 1,2018-11-24,Strasbourg,Nimes,0,1,A,2018-19
Ligue 1,2018-11-25,Montpellier,Stade Rennais,2,2,D,2018-19
Ligue 1,2018-11-25,Nice,Lille,2,0,H,2018-19
Ligue 1,2018-11-25,SC Amiens,Marseille,1,3,A,2018-19
Ligue 1,2018-11-30,Saint-Étienne,Nantes,3,0,H,2018-19
Ligue 1,2018-12-01,AS Monaco,Montpellier,1,2,A,2018-19
Ligue 1,2018-12-01,Angers,Caen,1,1,D,2018-19
Ligue 1,2018-12-01,Guingamp,Nice,0,0,D,2018-19
Ligue 1,2018-12-01,Lille,Lyon,2,2,D,2018-19
Ligue 1,2018-12-01,Nimes,SC Amiens,3,0,H,2018-19
Ligue 1,2018-12-02,Bordeaux,Paris Saint-Germain,2,2,D,2018-19
Ligue 1,2018-12-02,Marseille,Stade de Reims,0,0,D,2018-19
Ligue 1,2018-12-02,Stade Rennais,Strasbourg,1,4,A,2018-19
Ligue 1,2018-12-02,Toulouse,Dijon FCO,2,2,D,2018-19
Ligue 1,2018-12-04,Montpellier,Lille,0,1,A,2018-19
Ligue 1,2018-12-04,Nice,Angers,0,0,D,2018-19
Ligue 1,2018-12-04,SC Amiens,AS Monaco,0,2,A,2018-19
Ligue 1,2018-12-05,Bordeaux,Saint-Étienne,3,2,H,2018-19
Ligue 1,2018-12-05,Caen,Nimes,1,2,A,2018-19
Ligue 1,2018-12-05,Dijon FCO,Guingamp,2,1,H,2018-19
Ligue 1,2018-12-05,Lyon,Stade Rennais,0,2,A,2018-19
Ligue 1,2018-12-05,Nantes,Marseille,3,2,H,2018-19
Ligue 1,2018-12-05,Stade de Reims,Toulouse,0,1,A,2018-19
Ligue 1,2018-12-05,Strasbourg,Paris Saint-Germain,1,1,D,2018-19
Ligue 1,2018-12-08,Guingamp,SC Amiens,1,2,A,2018-19
Ligue 1,2018-12-08,Stade Rennais,Dijon FCO,2,0,H,2018-19
Ligue 1,2018-12-09,Lille,Stade de Reims,1,1,D,2018-19
Ligue 1,2018-12-09,Strasbourg,Caen,2,2,D,2018-19
Ligue 1,2018-12-15,Stade de Reims,Strasbourg,2,1,H,2018-19
Ligue 1,2018-12-16,Lyon,AS Monaco,3,0,H,2018-19
Ligue 1,2018-12-16,Nice,Saint-Étienne,1,1,D,2018-19
Ligue 1,2018-12-16,Nimes,Lille,2,3,A,2018-19
Ligue 1,2018-12-18,Caen,Toulouse,2,1,H,2018-19
Ligue 1,2018-12-22,AS Monaco,Guingamp,0,2,A,2018-19
Ligue 1,2018-12-22,Angers,Marseille,1,1,D,2018-19
Ligue 1,2018-12-22,Lille,Toulouse,1,2,A,2018-19
Ligue 1,2018-12-22,Montpellier,Lyon,1,1,D,2018-19
Ligue 1,2018-12-22,Paris Saint-Germain,Nantes,1,0,H,2018-19
Ligue 1,2018-12-22,Saint-Étienne,Dijon FCO,3,0,H,2018-19
Ligue 1,2018-12-22,Stade Rennais,Nimes,4,0,H,2018-19
Ligue 1,2018-12-22,Stade de Reims,Caen,2,2,D,2018-19
Ligue 1,2018-12-22,Strasbourg,Nice,2,0,H,2018-19
Ligue 1,2018-12-23,Bordeaux,SC Amiens,1,1,D,2018-19
Ligue 1,2019-01-08,Nantes,Montpellier,2,0,H,2018-19
Ligue 1,2019-01-08,SC Amiens,Angers,0,0,D,2018-19
Ligue 1,2019-01-11,Caen,Lille,1,3,A,2018-19
Ligue 1,2019-01-11,Lyon,Stade de Reims,1,1,D,2018-19
Ligue 1,2019-01-12,Guingamp,Saint-Étienne,0,1,A,2018-19
Ligue 1,2019-01-12,Nice,Bordeaux,1,0,H,2018-19
Ligue 1,2019-01-12,SC Amiens,Paris Saint-Germain,0,3,A,2018-19
Ligue 1,2019-01-13,Dijon FCO,Montpellier,1,1,D,2018-19
Ligue 1,2019-01-13,Marseille,AS Monaco,1,1,D,2018-19
Ligue 1,2019-01-13,Nantes,Stade Rennais,0,1,A,2018-19
Ligue 1,2019-01-13,Toulouse,Strasbourg,1,2,A,2018-19
Ligue 1,2019-01-15,Angers,Bordeaux,1,2,A,2018-19
Ligue 1,2019-01-16,AS Monaco,Nice,1,1,D,2018-19
Ligue 1,2019-01-16,Guingamp,Stade Rennais,2,1,H,2018-19
Ligue 1,2019-01-16,Nimes,Nantes,1,0,H,2018-19
Ligue 1,2019-01-16,Saint-Étienne,Marseille,2,1,H,2018-19
Ligue 1,2019-01-16,Toulouse,Lyon,2,2,D,2018-19
Ligue 1,2019-01-18,Lille,SC Amiens,2,1,H,2018-19
Ligue 1,2019-01-19,AS Monaco,Strasbourg,1,5,A,2018-19
Ligue 1,2019-01-19,Nimes,Toulouse,0,1,A,2018-19
Ligue 1,2019-01-19,Paris Saint-Germain,Guingamp,9,0,H,2018-19
Ligue 1,2019-01-19,Stade de Reims,Nice,1,1,D,2018-19
Ligue 1,2019-01-20,Angers,Nantes,1,0,H,2018-19
Ligue 1,2019-01-20,Bordeaux,Dijon FCO,1,0,H,2018-19
Ligue 1,2019-01-20,Caen,Marseille,0,1,A,2018-19
Ligue 1,2019-01-20,Saint-Étienne,Lyon,1,2,A,2018-19
Ligue 1,2019-01-20,Stade Rennais,Montpellier,0,0,D,2018-19
Ligue 1,2019-01-23,Nimes,Angers,3,1,H,2018-19
Ligue 1,2019-01-25,Marseille,Lille,1,2,A,2018-19
Ligue 1,2019-01-26,Dijon FCO,AS Monaco,2,0,H,2018-19
Ligue 1,2019-01-26,Guingamp,Stade de Reims,0,1,A,2018-19
Ligue 1,2019-01-26,Nice,Nimes,2,0,H,2018-19
Ligue 1,2019-01-26,Strasbourg,Bordeaux,1,0,H,2018-19
Ligue 1,2019-01-27,Montpellier,Caen,2,0,H,2018-19
Ligue 1,2019-01-27,Paris Saint-Germain,Stade Rennais,4,1,H,2018-19
Ligue 1,2019-01-27,SC Amiens,Lyon,0,1,A,2018-19
Ligue 1,2019-01-27,Toulouse,Angers,0,0,D,2018-19
Ligue 1,2019-01-30,Nantes,Saint-Étienne,1,1,D,2018-19
Ligue 1,2019-02-01,Lille,Nice,4,0,H,2018-19
Ligue 1,2019-02-02,AS Monaco,Toulouse,2,1,H,2018-19
Ligue 1,2019-02-02,Angers,Dijon FCO,1,0,H,2018-19
Ligue 1,2019-02-02,Stade Rennais,SC Amiens,1,0,H,2018-19
Ligue 1,2019-02-02,Stade de Reims,Marseille,2,1,H,2018-19
Ligue 1,2019-02-03,Lyon,Paris Saint-Germain,2,1,H,2018-19
Ligue 1,2019-02-03,Nimes,Montpellier,1,1,D,2018-19
Ligue 1,2019-02-05,Marseille,Bordeaux,1,0,H,2018-19
Ligue 1,2019-02-08,Dijon FCO,Marseille,1,2,A,2018-19
Ligue 1,2019-02-09,Paris Saint-Germain,Bordeaux,1,0,H,2018-19
Ligue 1,2019-02-09,SC Amiens,Caen,1,0,H,2018-19
Ligue 1,2019-02-09,Strasbourg,Angers,1,2,A,2018-19
Ligue 1,2019-02-10,Guingamp,Lille,0,2,A,2018-19
Ligue 1,2019-02-10,Montpellier,AS Monaco,2,2,D,2018-19
Ligue 1,2019-02-10,Nantes,Nimes,2,4,A,2018-19
Ligue 1,2019-02-10,Nice,Lyon,1,0,H,2018-19
Ligue 1,2019-02-10,Stade Rennais,Saint-Étienne,3,0,H,2018-19
Ligue 1,2019-02-10,Toulouse,Stade de Reims,1,1,D,2018-19
Ligue 1,2019-02-13,Caen,Nantes,0,1,A,2018-19
Ligue 1,2019-02-13,Saint-Étienne,Strasbourg,2,1,H,2018-19
Ligue 1,2019-02-15,Lyon,Guingamp,2,1,H,2018-19
Ligue 1,2019-02-15,Nimes,Dijon FCO,2,0,H,2018-19
Ligue 1,2019-02-16,AS Monaco,Nantes,1,0,H,2018-19
Ligue 1,2019-02-16,Angers,Nice,3,0,H,2018-19
Ligue 1,2019-02-16,Marseille,SC Amiens,2,0,H,2018-19
Ligue 1,2019-02-17,Bordeaux,Toulouse,2,1,H,2018-19
Ligue 1,2019-02-17,Caen,Strasbourg,0,0,D,2018-19
Ligue 1,2019-02-17,Lille,Montpellier,0,0,D,2018-19
Ligue 1,2019-02-17,Saint-Étienne,Paris Saint-Germain,0,1,A,2018-19
Ligue 1,2019-02-17,Stade de Reims,Stade Rennais,2,0,H,2018-19
Ligue 1,2019-02-20,Bordeaux,Guingamp,0,0,D,2018-19
Ligue 1,2019-02-20,Paris Saint-Germain,Montpellier,5,1,H,2018-19
Ligue 1,2019-02-22,Dijon FCO,Saint-Étienne,0,1,A,2018-19
Ligue 1,2019-02-22,Strasbourg,Lille,1,1,D,2018-19
Ligue 1,2019-02-23,Guingamp,Angers,1,0,H,2018-19
Ligue 1,2019-02-23,Paris Saint-Germain,Nimes,3,0,H,2018-19
Ligue 1,2019-02-23,SC Amiens,Nice,1,0,H,2018-19
Ligue 1,2019-02-24,AS Monaco,Lyon,2,0,H,2018-19
Ligue 1,2019-02-24,Montpellier,Stade de Reims,2,4,A,2018-19
Ligue 1,2019-02-24,Nantes,Bordeaux,1,0,H,2018-19
Ligue 1,2019-02-24,Stade Rennais,Marseille,1,1,D,2018-19
Ligue 1,2019-02-24,Toulouse,Caen,1,1,D,2018-19
Ligue 1,2019-03-02,Angers,AS Monaco,2,2,D,2018-19
Ligue 1,2019-03-02,Caen,Paris Saint-Germain,1,2,A,2018-19
Ligue 1,2019-03-02,Stade de Reims,SC Amiens,2,2,D,2018-19
Ligue 1,2019-03-03,Guingamp,Nantes,0,0,D,2018-19
Ligue 1,2019-03-03,Lille,Dijon FCO,1,0,H,2018-19
Ligue 1,2019-03-03,Lyon,Toulouse,5,1,H,2018-19
Ligue 1,2019-03-03,Marseille,Saint-Étienne,2,0,H,2018-19
Ligue 1,2019-03-03,Nice,Strasbourg,1,0,H,2018-19
Ligue 1,2019-03-05,Bordeaux,Montpellier,1,2,A,2018-19
Ligue 1,2019-03-09,AS Monaco,Bordeaux,1,1,D,2018-19
Ligue 1,2019-03-09,Dijon FCO,Stade de Reims,1,1,D,2018-19
Ligue 1,2019-03-09,SC Amiens,Nimes,2,1,H,2018-19
Ligue 1,2019-03-09,Strasbourg,Lyon,2,2,D,2018-19
Ligue 1,2019-03-10,Marseille,Nice,1,0,H,2018-19
Ligue 1,2019-03-10,Montpellier,Angers,2,2,D,2018-19
Ligue 1,2019-03-10,Saint-Étienne,Lille,0,1,A,2018-19
Ligue 1,2019-03-10,Stade Rennais,Caen,3,1,H,2018-19
Ligue 1,2019-03-10,Toulouse,Guingamp,1,0,H,2018-19
Ligue 1,2019-03-12,Dijon FCO,Paris Saint-Germain,0,4,A,2018-19
Ligue 1,2019-03-15,Lille,AS Monaco,0,1,A,2018-19
Ligue 1,2019-03-15,Nice,Toulouse,1,1,D,2018-19
Ligue 1,2019-03-16,Angers,SC Amiens,0,0,D,2018-19
Ligue 1,2019-03-16,Caen,Saint-Étienne,0,5,A,2018-19
Ligue 1,2019-03-16,Guingamp,Dijon FCO,1,0,H,2018-19
Ligue 1,2019-03-16,Nimes,Strasbourg,2,2,D,2018-19
Ligue 1,2019-03-17,Bordeaux,Stade Rennais,1,1,D,2018-19
Ligue 1,2019-03-17,Lyon,Montpellier,3,2,H,2018-19
Ligue 1,2019-03-17,Paris Saint-Germain,Marseille,3,1,H,2018-19
Ligue 1,2019-03-17,Stade de Reims,Nantes,1,0,H,2018-19
Ligue 1,2019-03-29,Stade Rennais,Lyon,0,1,A,2018-19
Ligue 1,2019-03-30,Marseille,Angers,2,2,D,2018-19
Ligue 1,2019-03-31,AS Monaco,Caen,0,1,A,2018-19
Ligue 1,2019-03-31,Dijon FCO,Nice,0,1,A,2018-19
Ligue 1,2019-03-31,Nantes,Lille,2,3,A,2018-19
Ligue 1,2019-03-31,SC Amiens,Bordeaux,0,0,D,2018-19
Ligue 1,2019-03-31,Toulouse,Paris Saint-Germain,0,1,A,2018-19
Ligue 1,2019-04-01,Saint-Étienne,Nimes,2,1,H,2018-19
Ligue 1,2019-04-03,Montpellier,Guingamp,2,0,H,2018-19
Ligue 1,2019-04-03,Strasbourg,Stade de Reims,4,0,H,2018-19
Ligue 1,2019-04-05,Bordeaux,Marseille,2,0,H,2018-19
Ligue 1,2019-04-06,Angers,Stade Rennais,3,3,D,2018-19
Ligue 1,2019-04-06,Guingamp,AS Monaco,1,1,D,2018-19
Ligue 1,2019-04-06,Lyon,Dijon FCO,1,3,A,2018-19
Ligue 1,2019-04-06,Nimes,Caen,2,0,H,2018-19
Ligue 1,2019-04-06,SC Amiens,Saint-Étienne,2,2,D,2018-19
Ligue 1,2019-04-07,Nice,Montpellier,1,0,H,2018-19
Ligue 1,2019-04-07,Paris Saint-Germain,Strasbourg,2,2,D,2018-19
Ligue 1,2019-04-07,Stade de Reims,Lille,1,1,D,2018-19
Ligue 1,2019-04-07,Toulouse,Nantes,1,0,H,2018-19
Ligue 1,2019-04-09,Nimes,Stade Rennais,3,1,H,2018-19
Ligue 1,2019-04-12,Dijon FCO,SC Amiens,0,0,D,2018-19
Ligue 1,2019-04-12,Nantes,Lyon,2,1,H,2018-19
Ligue 1,2019-04-13,AS Monaco,Stade de Reims,0,0,D,2018-19
Ligue 1,2019-04-13,Caen,Angers,0,1,A,2018-19
Ligue 1,2019-04-13,Marseille,Nimes,2,1,H,2018-19
Ligue 1,2019-04-13,Strasbourg,Guingamp,3,3,D,2018-19
Ligue 1,2019-04-14,Lille,Paris Saint-Germain,5,1,H,2018-19
Ligue 1,2019-04-14,Montpellier,Toulouse,2,1,H,2018-19
Ligue 1,2019-04-14,Saint-Étienne,Bordeaux,3,0,H,2018-19
Ligue 1,2019-04-14,Stade Rennais,Nice,0,0,D,2018-19
Ligue 1,2019-04-17,Nantes,Paris Saint-Germain,3,2,H,2018-19
Ligue 1,2019-04-19,Dijon FCO,Stade Rennais,3,2,H,2018-19
Ligue 1,2019-04-19,Lyon,Angers,2,1,H,2018-19
Ligue 1,2019-04-20,Guingamp,Marseille,1,3,A,2018-19
Ligue 1,2019-04-20,Nice,Caen,0,1,A,2018-19
Ligue 1,2019-04-20,Nimes,Bordeaux,2,1,H,2018-19
Ligue 1,2019-04-20,Strasbourg,Montpellier,1,3,A,2018-19
Ligue 1,2019-04-21,Nantes,SC Amiens,3,2,H,2018-19
Ligue 1,2019-04-21,Paris Saint-Germain,AS Monaco,3,1,H,2018-19
Ligue 1,2019-04-21,Stade de Reims,Saint-Étienne,0,2,A,2018-19
Ligue 1,2019-04-21,Toulouse,Lille,0,0,D,2018-19
Ligue 1,2019-04-26,Bordeaux,Lyon,2,3,A,2018-19
Ligue 1,2019-04-28,Angers,Stade de Reims,1,1,D,2018-19
Ligue 1,2019-04-28,Caen,Dijon FCO,1,0,H,2018-19
Ligue 1,2019-04-28,Lille,Nimes,5,0,H,2018-19
Ligue 1,2019-04-28,Marseille,Nantes,1,2,A,2018-19
Ligue 1,2019-04-28,Nice,Guingamp,3,0,H,2018-19
Ligue 1,2019-04-28,SC Amiens,Strasbourg,0,0,D,2018-19
Ligue 1,2019-04-28,Saint-Étienne,Toulouse,2,0,H,2018-19
Ligue 1,2019-04-30,Montpellier,Paris Saint-Germain,3,2,H,2018-19
Ligue 1,2019-05-01,Stade Rennais,AS Monaco,2,2,D,2018-19
Ligue 1,2019-05-03,Strasbourg,Marseille,1,1,D,2018-19
Ligue 1,2019-05-04,Bordeaux,Angers,0,1,A,2018-19
Ligue 1,2019-05-04,Guingamp,Caen,0,0,D,2018-19
Ligue 1,2019-05-04,Paris Saint-Germain,Nice,1,1,D,2018-19
Ligue 1,2019-05-04,Stade de Reims,Nimes,0,3,A,2018-19
Ligue 1,2019-05-05,AS Monaco,Saint-Étienne,2,3,A,2018-19
Ligue 1,2019-05-05,Lyon,Lille,2,2,D,2018-19
Ligue 1,2019-05-05,Montpellier,SC Amiens,1,1,D,2018-19
Ligue 1,2019-05-05,Nantes,Dijon FCO,3,0,H,2018-19
Ligue 1,2019-05-05,Toulouse,Stade Rennais,2,2,D,2018-19
Ligue 1,2019-05-10,Saint-Étienne,Montpellier,0,1,A,2018-19
Ligue 1,2019-05-11,Angers,Paris Saint-Germain,1,2,A,2018-19
Ligue 1,2019-05-11,Caen,Stade de Reims,3,2,H,2018-19
Ligue 1,2019-05-11,Dijon FCO,Strasbourg,2,1,H,2018-19
Ligue 1,2019-05-11,Nice,Nantes,1,1,D,2018-19
Ligue 1,2019-05-11,Nimes,AS Monaco,1,0,H,2018-19
Ligue 1,2019-05-11,SC Amiens,Toulouse,0,0,D,2018-19
Ligue 1,2019-05-12,Lille,Bordeaux,1,0,H,2018-19
Ligue 1,2019-05-12,Marseille,Lyon,0,3,A,2018-19
Ligue 1,2019-05-12,Stade Rennais,Guingamp,1,1,D,2018-19
Ligue 1,2019-05-18,AS Monaco,SC Amiens,2,0,H,2018-19
Ligue 1,2019-05-18,Bordeaux,Stade de Reims,0,1,A,2018-19
Ligue 1,2019-05-18,Guingamp,Nimes,2,2,D,2018-19
Ligue 1,2019-05-18,Lille,Angers,5,0,H,2018-19
Ligue 1,2019-05-18,Lyon,Caen,4,0,H,2018-19
Ligue 1,2019-05-18,Montpellier,Nantes,1,1,D,2018-19
Ligue 1,2019-05-18,Paris Saint-Germain,Dijon FCO,4,0,H,2018-19
Ligue 1,2019-05-18,Saint-Étienne,Nice,3,0,H,2018-19
Ligue 1,2019-05-18,Strasbourg,Stade Rennais,0,2,A,2018-19
Ligue 1,2019-05-18,Toulouse,Marseille,2,5,A,2018-19
Ligue 1,2019-05-21,Paris FC,Lens,1,1,D,2018-19
Ligue 1,2019-05-24,Angers,Saint-Étienne,1,1,D,2018-19
Ligue 1,2019-05-24,Caen,Bordeaux,0,1,A,2018-19
Ligue 1,2019-05-24,Dijon FCO,Toulouse,2,1,H,2018-19
Ligue 1,2019-05-24,Marseille,Montpellier,1,0,H,2018-19
Ligue 1,2019-05-24,Nantes,Strasbourg,0,1,A,2018-19
Ligue 1,2019-05-24,Nice,AS Monaco,2,0,H,2018-19
Ligue 1,2019-05-24,Nimes,Lyon,2,3,A,2018-19
Ligue 1,2019-05-24,SC Amiens,Guingamp,2,1,H,2018-19
Ligue 1,2019-05-24,Stade Rennais,Lille,3,1,H,2018-19
Ligue 1,2019-05-24,Stade de Reims,Paris Saint-Germain,3,1,H,2018-19
Ligue 1,2019-05-24,Troyes,Lens,1,2,A,2018-19
Ligue 1,2019-05-30,Lens,Dijon FCO,1,1,D,2018-19
Ligue 1,2019-06-02,Dijon FCO,Lens,3,1,H,2018-19
Ligue 1,2019-08-09,AS Monaco,Lyon,0,3,A,2019-20
Ligue 1,2019-08-10,Angers,Bordeaux,3,1,H,2019-20
Ligue 1,2019-08-10,Brest,Toulouse,1,1,D,2019-20
Ligue 1,2019-08-10,Dijon FCO,Saint-Étienne,1,2,A,2019-20
Ligue 1,2019-08-10,Marseille,Stade de Reims,0,2,A,2019-20
Ligue 1,2019-08-10,Montpellier,Stade Rennais,0,1,A,2019-20
Ligue 1,2019-08-10,Nice,SC Amiens,2,1,H,2019-20
Ligue 1,2019-08-11,Lille,Nantes,2,1,H,2019-20
Ligue 1,2019-08-11,Paris Saint-Germain,Nimes,3,0,H,2019-20
Ligue 1,2019-08-11,Strasbourg,Metz,1,1,D,2019-20
Ligue 1,2019-08-16,Lyon,Angers,6,0,H,2019-20
Ligue 1,2019-08-17,Bordeaux,Montpellier,1,1,D,2019-20
Ligue 1,2019-08-17,Metz,AS Monaco,3,0,H,2019-20
Ligue 1,2019-08-17,Nantes,Marseille,0,0,D,2019-20
Ligue 1,2019-08-17,Nimes,Nice,1,2,A,2019-20
Ligue 1,2019-08-17,SC Amiens,Lille,1,0,H,2019-20
Ligue 1,2019-08-17,Toulouse,Dijon FCO,1,0,H,2019-20
Ligue 1,2019-08-18,Saint-Étienne,Brest,1,1,D,2019-20
Ligue 1,2019-08-18,Stade Rennais,Paris Saint-Germain,2,1,H,2019-20
Ligue 1,2019-08-18,Stade de Reims,Strasbourg,0,0,D,2019-20
Ligue 1,2019-08-24,Angers,Metz,3,0,H,2019-20
Ligue 1,2019-08-24,Brest,Stade de Reims,1,0,H,2019-20
Ligue 1,2019-08-24,Dijon FCO,Bordeaux,0,2,A,2019-20
Ligue 1,2019-08-24,SC Amiens,Nantes,1,2,A,2019-20
Ligue 1,2019-08-25,AS Monaco,Nimes,2,2,D,2019-20
Ligue 1,2019-08-25,Paris Saint-Germain,Toulouse,4,0,H,2019-20
Ligue 1,2019-08-25,Strasbourg,Stade Rennais,0,2,A,2019-20
Ligue 1,2019-08-27,Montpellier,Lyon,1,0,H,2019-20
Ligue 1,2019-08-28,Lille,Saint-Étienne,3,0,H,2019-20
Ligue 1,2019-08-28,Nice,Marseille,1,2,A,2019-20
Ligue 1,2019-08-30,Metz,Paris Saint-Germain,0,2,A,2019-20
Ligue 1,2019-08-31,Angers,Dijon FCO,2,0,H,2019-20
Ligue 1,2019-08-31,Lyon,Bordeaux,1,1,D,2019-20
Ligue 1,2019-08-31,Nantes,Montpellier,1,0,H,2019-20
Ligue 1,2019-08-31,Nimes,Brest,3,0,H,2019-20
Ligue 1,2019-08-31,Toulouse,SC Amiens,2,0,H,2019-20
Ligue 1,2019-09-01,Marseille,Saint-Étienne,1,0,H,2019-20
Ligue 1,2019-09-01,Stade Rennais,Nice,1,2,A,2019-20
Ligue 1,2019-09-01,Stade de Reims,Lille,2,0,H,2019-20
Ligue 1,2019-09-01,Strasbourg,AS Monaco,2,2,D,2019-20
Ligue 1,2019-09-13,Lille,Angers,2,1,H,2019-20
Ligue 1,2019-09-13,SC Amiens,Lyon,2,2,D,2019-20
Ligue 1,2019-09-14,Bordeaux,Metz,2,0,H,2019-20
Ligue 1,2019-09-14,Brest,Stade Rennais,0,0,D,2019-20
Ligue 1,2019-09-14,Dijon FCO,Nimes,0,0,D,2019-20
Ligue 1,2019-09-14,Montpellier,Nice,2,1,H,2019-20
Ligue 1,2019-09-14,Paris Saint-Germain,Strasbourg,1,0,H,2019-20
Ligue 1,2019-09-15,AS Monaco,Marseille,3,4,A,2019-20
Ligue 1,2019-09-15,Nantes,Stade de Reims,1,0,H,2019-20
Ligue 1,2019-09-15,Saint-Étienne,Toulouse,2,2,D,2019-20
Ligue 1,2019-09-20,Strasbourg,Nantes,2,1,H,2019-20
Ligue 1,2019-09-21,Bordeaux,Brest,2,2,D,2019-20
Ligue 1,2019-09-21,Marseille,Montpellier,1,1,D,2019-20
Ligue 1,2019-09-21,Metz,SC Amiens,1,2,A,2019-20
Ligue 1,2019-09-21,Nice,Dijon FCO,2,1,H,2019-20
Ligue 1,2019-09-21,Nimes,Toulouse,1,0,H,2019-20
Ligue 1,2019-09-21,Stade de Reims,AS Monaco,0,0,D,2019-20
Ligue 1,2019-09-22,Angers,Saint-Étienne,4,1,H,2019-20
Ligue 1,2019-09-22,Lyon,Paris Saint-Germain,0,1,A,2019-20
Ligue 1,2019-09-22,Stade Rennais,Lille,1,1,D,2019-20
Ligue 1,2019-09-24,AS Monaco,Nice,3,1,H,2019-20
Ligue 1,2019-09-24,Dijon FCO,Marseille,0,0,D,2019-20
Ligue 1,2019-09-25,Brest,Lyon,2,2,D,2019-20
Ligue 1,2019-09-25,Lille,Strasbourg,2,0,H,2019-20
Ligue 1,2019-09-25,Montpellier,Nimes,1,0,H,2019-20
Ligue 1,2019-09-25,Nantes,Stade Rennais,1,0,H,2019-20
Ligue 1,2019-09-25,Paris Saint-Germain,Stade de Reims,0,2,A,2019-20
Ligue 1,2019-09-25,SC Amiens,Bordeaux,1,3,A,2019-20
Ligue 1,2019-09-25,Saint-Étienne,Metz,0,1,A,2019-20
Ligue 1,2019-09-25,Toulouse,Angers,0,2,A,2019-20
Ligue 1,2019-09-28,AS Monaco,Brest,4,1,H,2019-20
Ligue 1,2019-09-28,Angers,SC Amiens,1,1,D,2019-20
Ligue 1,2019-09-28,Bordeaux,Paris Saint-Germain,0,1,A,2019-20
Ligue 1,2019-09-28,Lyon,Nantes,0,1,A,2019-20
Ligue 1,2019-09-28,Metz,Toulouse,2,2,D,2019-20
Ligue 1,2019-09-28,Nice,Lille,1,1,D,2019-20
Ligue 1,2019-09-28,Stade de Reims,Dijon FCO,1,2,A,2019-20
Ligue 1,2019-09-29,Marseille,Stade Rennais,1,1,D,2019-20
Ligue 1,2019-09-29,Nimes,Saint-Étienne,0,1,A,2019-20
Ligue 1,2019-09-29,Strasbourg,Montpellier,1,0,H,2019-20
Ligue 1,2019-10-04,SC Amiens,Marseille,3,1,H,2019-20
Ligue 1,2019-10-05,Brest,Metz,2,0,H,2019-20
Ligue 1,2019-10-05,Dijon FCO,Strasbourg,1,0,H,2019-20
Ligue 1,2019-10-05,Montpellier,AS Monaco,3,1,H,2019-20
Ligue 1,2019-10-05,Nantes,Nice,1,0,H,2019-20
Ligue 1,2019-10-05,Paris Saint-Germain,Angers,4,0,H,2019-20
Ligue 1,2019-10-05,Toulouse,Bordeaux,1,3,A,2019-20
Ligue 1,2019-10-06,Lille,Nimes,2,2,D,2019-20
Ligue 1,2019-10-06,Saint-Étienne,Lyon,1,0,H,2019-20
Ligue 1,2019-10-06,Stade Rennais,Stade de Reims,0,1,A,2019-20
Ligue 1,2019-10-18,Nice,Paris Saint-Germain,1,4,A,2019-20
Ligue 1,2019-10-19,Angers,Brest,0,1,A,2019-20
Ligue 1,2019-10-19,Lyon,Dijon FCO,0,0,D,2019-20
Ligue 1,2019-10-19,Metz,Nantes,1,0,H,2019-20
Ligue 1,2019-10-19,Nimes,SC Amiens,1,1,D,2019-20
Ligue 1,2019-10-19,Stade de Reims,Montpellier,1,0,H,2019-20
Ligue 1,2019-10-19,Toulouse,Lille,2,1,H,2019-20
Ligue 1,2019-10-20,AS Monaco,Stade Rennais,3,2,H,2019-20
Ligue 1,2019-10-20,Bordeaux,Saint-Étienne,0,1,A,2019-20
Ligue 1,2019-10-20,Marseille,Strasbourg,2,0,H,2019-20
Ligue 1,2019-10-25,Nantes,AS Monaco,0,1,A,2019-20
Ligue 1,2019-10-26,Brest,Dijon FCO,2,0,H,2019-20
Ligue 1,2019-10-26,Lille,Bordeaux,3,0,H,2019-20
Ligue 1,2019-10-26,Lyon,Metz,2,0,H,2019-20
Ligue 1,2019-10-26,Montpellier,Angers,0,0,D,2019-20
Ligue 1,2019-10-26,Stade de Reims,Nimes,0,0,D,2019-20
Ligue 1,2019-10-26,Strasbourg,Nice,1,0,H,2019-20
Ligue 1,2019-10-27,Paris Saint-Germain,Marseille,4,0,H,2019-20
Ligue 1,2019-10-27,Saint-Étienne,SC Amiens,2,2,D,2019-20
Ligue 1,2019-10-27,Stade Rennais,Toulouse,3,2,H,2019-20
Ligue 1,2019-11-01,Dijon FCO,Paris Saint-Germain,2,1,H,2019-20
Ligue 1,2019-11-02,Angers,Strasbourg,1,0,H,2019-20
Ligue 1,2019-11-02,Marseille,Lille,2,1,H,2019-20
Ligue 1,2019-11-02,Metz,Montpellier,2,2,D,2019-20
Ligue 1,2019-11-02,SC Amiens,Brest,1,0,H,2019-20
Ligue 1,2019-11-02,Toulouse,Lyon,2,3,A,2019-20
Ligue 1,2019-11-03,Bordeaux,Nantes,2,0,H,2019-20
Ligue 1,2019-11-03,Nice,Stade de Reims,2,0,H,2019-20
Ligue 1,2019-11-03,Saint-Étienne,AS Monaco,1,0,H,2019-20
Ligue 1,2019-11-08,Nice,Bordeaux,1,1,D,2019-20
Ligue 1,2019-11-09,AS Monaco,Dijon FCO,1,0,H,2019-20
Ligue 1,2019-11-09,Brest,Paris Saint-Germain,1,2,A,2019-20
Ligue 1,2019-11-09,Lille,Metz,0,0,D,2019-20
Ligue 1,2019-11-09,Stade de Reims,Angers,0,0,D,2019-20
Ligue 1,2019-11-09,Strasbourg,Nimes,4,1,H,2019-20
Ligue 1,2019-11-10,Marseille,Lyon,2,1,H,2019-20
Ligue 1,2019-11-10,Montpellier,Toulouse,3,0,H,2019-20
Ligue 1,2019-11-10,Nantes,Saint-Étienne,2,3,A,2019-20
Ligue 1,2019-11-10,Stade Rennais,SC Amiens,3,1,H,2019-20
Ligue 1,2019-11-22,Paris Saint-Germain,Lille,2,0,H,2019-20
Ligue 1,2019-11-23,Angers,Nimes,1,0,H,2019-20
Ligue 1,2019-11-23,Brest,Nantes,1,1,D,2019-20
Ligue 1,2019-11-23,Dijon FCO,Stade Rennais,2,1,H,2019-20
Ligue 1,2019-11-23,Lyon,Nice,2,1,H,2019-20
Ligue 1,2019-11-23,Metz,Stade de Reims,1,1,D,2019-20
Ligue 1,2019-11-23,SC Amiens,Strasbourg,0,4,A,2019-20
Ligue 1,2019-11-24,Bordeaux,AS Monaco,2,1,H,2019-20
Ligue 1,2019-11-24,Saint-Étienne,Montpellier,0,0,D,2019-20
Ligue 1,2019-11-24,Toulouse,Marseille,0,2,A,2019-20
Ligue 1,2019-11-29,Marseille,Brest,2,1,H,2019-20
Ligue 1,2019-11-30,Lille,Dijon FCO,1,0,H,2019-20
Ligue 1,2019-11-30,Montpellier,SC Amiens,4,2,H,2019-20
Ligue 1,2019-11-30,Nice,Angers,3,1,H,2019-20
Ligue 1,2019-11-30,Nimes,Metz,1,1,D,2019-20
Ligue 1,2019-11-30,Stade de Reims,Bordeaux,1,1,D,2019-20
Ligue 1,2019-11-30,Strasbourg,Lyon,1,2,A,2019-20
Ligue 1,2019-12-01,Nantes,Toulouse,2,1,H,2019-20
Ligue 1,2019-12-01,Stade Rennais,Saint-Étienne,2,1,H,2019-20
Ligue 1,2019-12-03,Angers,Marseille,0,2,A,2019-20
Ligue 1,2019-12-03,Bordeaux,Nimes,6,0,H,2019-20
Ligue 1,2019-12-03,Brest,Strasbourg,5,0,H,2019-20
Ligue 1,2019-12-03,Lyon,Lille,0,1,A,2019-20
Ligue 1,2019-12-04,Dijon FCO,Montpellier,2,2,D,2019-20
Ligue 1,2019-12-04,Metz,Stade Rennais,0,1,A,2019-20
Ligue 1,2019-12-04,Paris Saint-Germain,Nantes,2,0,H,2019-20
Ligue 1,2019-12-04,Saint-Étienne,Nice,4,1,H,2019-20
Ligue 1,2019-12-04,Toulouse,AS Monaco,1,2,A,2019-20
Ligue 1,2019-12-06,Lille,Brest,1,0,H,2019-20
Ligue 1,2019-12-06,Nimes,Lyon,0,4,A,2019-20
Ligue 1,2019-12-07,AS Monaco,SC Amiens,3,0,H,2019-20
Ligue 1,2019-12-07,Montpellier,Paris Saint-Germain,1,3,A,2019-20
Ligue 1,2019-12-07,Nice,Metz,4,1,H,2019-20
Ligue 1,2019-12-07,Stade Rennais,Angers,2,1,H,2019-20
Ligue 1,2019-12-07,Strasbourg,Toulouse,4,2,H,2019-20
Ligue 1,2019-12-08,Marseille,Bordeaux,3,1,H,2019-20
Ligue 1,2019-12-08,Nantes,Dijon FCO,1,0,H,2019-20
Ligue 1,2019-12-08,Stade de Reims,Saint-Étienne,3,1,H,2019-20
Ligue 1,2019-12-13,Lille,Montpellier,2,1,H,2019-20
Ligue 1,2019-12-14,Angers,AS Monaco,0,0,D,2019-20
Ligue 1,2019-12-14,Brest,Nice,0,0,D,2019-20
Ligue 1,2019-12-14,Metz,Marseille,1,1,D,2019-20
Ligue 1,2019-12-14,Nimes,Nantes,0,1,A,2019-20
Ligue 1,2019-12-14,SC Amiens,Dijon FCO,1,1,D,2019-20
Ligue 1,2019-12-14,Toulouse,Stade de Reims,0,1,A,2019-20
Ligue 1,2019-12-15,Bordeaux,Strasbourg,0,1,A,2019-20
Ligue 1,2019-12-15,Lyon,Stade Rennais,0,1,A,2019-20
Ligue 1,2019-12-15,Saint-Étienne,Paris Saint-Germain,0,4,A,2019-20
Ligue 1,2019-12-21,AS Monaco,Lille,5,1,H,2019-20
Ligue 1,2019-12-21,Dijon FCO,Metz,2,2,D,2019-20
Ligue 1,2019-12-21,Marseille,Nimes,3,1,H,2019-20
Ligue 1,2019-12-21,Montpellier,Brest,4,0,H,2019-20
Ligue 1,2019-12-21,Nantes,Angers,1,2,A,2019-20
Ligue 1,2019-12-21,Nice,Toulouse,3,0,H,2019-20
Ligue 1,2019-12-21,Paris Saint-Germain,SC Amiens,4,1,H,2019-20
Ligue 1,2019-12-21,Stade Rennais,Bordeaux,1,0,H,2019-20
Ligue 1,2019-12-21,Stade de Reims,Lyon,1,1,D,2019-20
Ligue 1,2019-12-21,Strasbourg,Saint-Étienne,2,1,H,2019-20
Ligue 1,2020-01-10,Stade Rennais,Marseille,0,1,A,2019-20
Ligue 1,2020-01-11,Angers,Nice,1,1,D,2019-20
Ligue 1,2020-01-11,Bordeaux,Lyon,1,2,A,2019-20
Ligue 1,2020-01-11,Metz,Strasbourg,1,0,H,2019-20
Ligue 1,2020-01-11,Nimes,Stade de Reims,2,0,H,2019-20
Ligue 1,2020-01-11,SC Amiens,Montpellier,1,2,A,2019-20
Ligue 1,2020-01-11,Toulouse,Brest,2,5,A,2019-20
Ligue 1,2020-01-12,Dijon FCO,Lille,1,0,H,2019-20
Ligue 1,2020-01-12,Paris Saint-Germain,AS Monaco,3,3,D,2019-20
Ligue 1,2020-01-12,Saint-Étienne,Nantes,0,2,A,2019-20
Ligue 1,2020-01-15,AS Monaco,Paris Saint-Germain,1,4,A,2019-20
Ligue 1,2020-01-15,Nimes,Stade Rennais,0,1,A,2019-20
Ligue 1,2020-01-15,SC Amiens,Stade de Reims,1,1,D,2019-20
Ligue 1,2020-01-24,Nice,Stade Rennais,1,1,D,2019-20
Ligue 1,2020-01-25,AS Monaco,Strasbourg,1,3,A,2019-20
Ligue 1,2020-01-25,Brest,SC Amiens,2,1,H,2019-20
Ligue 1,2020-01-25,Marseille,Angers,0,0,D,2019-20
Ligue 1,2020-01-25,Montpellier,Dijon FCO,2,1,H,2019-20
Ligue 1,2020-01-25,Saint-Étienne,Nimes,2,1,H,2019-20
Ligue 1,2020-01-25,Stade de Reims,Metz,0,1,A,2019-20
Ligue 1,2020-01-26,Lille,Paris Saint-Germain,0,2,A,2019-20
Ligue 1,2020-01-26,Lyon,Toulouse,3,0,H,2019-20
Ligue 1,2020-01-26,Nantes,Bordeaux,0,1,A,2019-20
Ligue 1,2020-01-31,Stade Rennais,Nantes,3,2,H,2019-20
Ligue 1,2020-02-01,Angers,Stade de Reims,1,4,A,2019-20
Ligue 1,2020-02-01,Dijon FCO,Brest,3,0,H,2019-20
Ligue 1,2020-02-01,Nimes,AS Monaco,3,1,H,2019-20
Ligue 1,2020-02-01,Paris Saint-Germain,Montpellier,5,0,H,2019-20
Ligue 1,2020-02-01,SC Amiens,Toulouse,0,0,D,2019-20
Ligue 1,2020-02-01,Strasbourg,Lille,1,2,A,2019-20
Ligue 1,2020-02-02,Bordeaux,Marseille,0,0,D,2019-20
Ligue 1,2020-02-02,Metz,Saint-Étienne,3,1,H,2019-20
Ligue 1,2020-02-02,Nice,Lyon,2,1,H,2019-20
Ligue 1,2020-02-04,AS Monaco,Angers,1,0,H,2019-20
Ligue 1,2020-02-04,Lille,Stade Rennais,1,0,H,2019-20
Ligue 1,2020-02-04,Nantes,Paris Saint-Germain,1,2,A,2019-20
Ligue 1,2020-02-05,Brest,Bordeaux,1,1,D,2019-20
Ligue 1,2020-02-05,Lyon,SC Amiens,0,0,D,2019-20
Ligue 1,2020-02-05,Montpellier,Metz,1,1,D,2019-20
Ligue 1,2020-02-05,Nimes,Dijon FCO,2,0,H,2019-20
Ligue 1,2020-02-05,Saint-Étienne,Marseille,0,2,A,2019-20
Ligue 1,2020-02-05,Stade de Reims,Nice,1,1,D,2019-20
Ligue 1,2020-02-05,Toulouse,Strasbourg,0,1,A,2019-20
Ligue 1,2020-02-07,Angers,Lille,0,2,A,2019-20
Ligue 1,2020-02-08,Dijon FCO,Nantes,3,3,D,2019-20
Ligue 1,2020-02-08,Marseille,Toulouse,1,0,H,2019-20
Ligue 1,2020-02-08,Metz,Bordeaux,1,2,A,2019-20
Ligue 1,2020-02-08,Nice,Nimes,1,3,A,2019-20
Ligue 1,2020-02-08,SC Amiens,AS Monaco,1,2,A,2019-20
Ligue 1,2020-02-08,Stade Rennais,Brest,0,0,D,2019-20
Ligue 1,2020-02-09,Montpellier,Saint-Étienne,1,0,H,2019-20
Ligue 1,2020-02-09,Paris Saint-Germain,Lyon,4,2,H,2019-20
Ligue 1,2020-02-09,Strasbourg,Stade de Reims,3,0,H,2019-20
Ligue 1,2020-02-14,AS Monaco,Montpellier,1,0,H,2019-20
Ligue 1,2020-02-15,Bordeaux,Dijon FCO,2,2,D,2019-20
Ligue 1,2020-02-15,Nantes,Metz,0,0,D,2019-20
Ligue 1,2020-02-15,Nimes,Angers,1,0,H,2019-20
Ligue 1,2020-02-15,SC Amiens,Paris Saint-Germain,4,4,D,2019-20
Ligue 1,2020-02-15,Toulouse,Nice,0,2,A,2019-20
Ligue 1,2020-02-16,Brest,Saint-Étienne,3,2,H,2019-20
Ligue 1,2020-02-16,Lille,Marseille,1,2,A,2019-20
Ligue 1,2020-02-16,Lyon,Strasbourg,1,1,D,2019-20
Ligue 1,2020-02-16,Stade de Reims,Stade Rennais,1,0,H,2019-20
Ligue 1,2020-02-21,Metz,Lyon,0,2,A,2019-20
Ligue 1,2020-02-21,Nice,Brest,2,2,D,2019-20
Ligue 1,2020-02-22,Angers,Montpellier,1,0,H,2019-20
Ligue 1,2020-02-22,Dijon FCO,AS Monaco,1,1,D,2019-20
Ligue 1,2020-02-22,Lille,Toulouse,3,0,H,2019-20
Ligue 1,2020-02-22,Marseille,Nantes,1,3,A,2019-20
Ligue 1,2020-02-22,Strasbourg,SC Amiens,0,0,D,2019-20
Ligue 1,2020-02-23,Paris Saint-Germain,Bordeaux,4,3,H,2019-20
Ligue 1,2020-02-23,Saint-Étienne,Stade de Reims,1,1,D,2019-20
Ligue 1,2020-02-23,Stade Rennais,Nimes,2,1,H,2019-20
Ligue 1,2020-02-28,Nimes,Marseille,2,3,A,2019-20
Ligue 1,2020-02-29,AS Monaco,Stade de Reims,1,1,D,2019-20
Ligue 1,2020-02-29,Brest,Angers,0,1,A,2019-20
Ligue 1,2020-02-29,Montpellier,Strasbourg,3,0,H,2019-20
Ligue 1,2020-02-29,Paris Saint-Germain,Dijon FCO,4,0,H,2019-20
Ligue 1,2020-02-29,SC Amiens,Metz,0,1,A,2019-20
Ligue 1,2020-02-29,Toulouse,Stade Rennais,0,2,A,2019-20
Ligue 1,2020-03-01,Bordeaux,Nice,1,1,D,2019-20
Ligue 1,2020-03-01,Lyon,Saint-Étienne,2,0,H,2019-20
Ligue 1,2020-03-01,Nantes,Lille,0,1,A,2019-20
Ligue 1,2020-03-06,Marseille,SC Amiens,2,2,D,2019-20
Ligue 1,2020-03-07,Angers,Nantes,2,0,H,2019-20
Ligue 1,2020-03-07,Dijon FCO,Toulouse,2,1,H,2019-20
Ligue 1,2020-03-07,Metz,Nimes,2,1,H,2019-20
Ligue 1,2020-03-07,Nice,AS Monaco,2,1,H,2019-20
Ligue 1,2020-03-07,Stade de Reims,Brest,1,0,H,2019-20
Ligue 1,2020-03-08,Lille,Lyon,1,0,H,2019-20
Ligue 1,2020-03-08,Saint-Étienne,Bordeaux,1,1,D,2019-20
Ligue 1,2020-03-08,Stade Rennais,Montpellier,5,0,H,2019-20
Ligue 1,2020-08-21,Bordeaux,Nantes,0,0,D,2020-21
Ligue 1,2020-08-22,Dijon FCO,Angers,0,1,A,2020-21
Ligue 1,2020-08-22,Lille,Stade Rennais,1,1,D,2020-21
Ligue 1,2020-08-23,AS Monaco,Stade de Reims,2,2,D,2020-21
Ligue 1,2020-08-23,Lorient,Strasbourg,3,1,H,2020-21
Ligue 1,2020-08-23,Nice,Lens,2,1,H,2020-21
Ligue 1,2020-08-23,Nimes,Brest,4,0,H,2020-21
Ligue 1,2020-08-28,Lyon,Dijon FCO,4,1,H,2020-21
Ligue 1,2020-08-29,Stade Rennais,Montpellier,2,1,H,2020-21
Ligue 1,2020-08-29,Strasbourg,Nice,0,2,A,2020-21
Ligue 1,2020-08-30,Angers,Bordeaux,0,2,A,2020-21
Ligue 1,2020-08-30,Brest,Marseille,2,3,A,2020-21
Ligue 1,2020-08-30,Metz,AS Monaco,0,1,A,2020-21
Ligue 1,2020-08-30,Nantes,Nimes,2,1,H,2020-21
Ligue 1,2020-08-30,Saint-Étienne,Lorient,2,0,H,2020-21
Ligue 1,2020-08-30,Stade de Reims,Lille,0,1,A,2020-21
Ligue 1,2020-09-10,Lens,Paris Saint-Germain,1,0,H,2020-21
Ligue 1,2020-09-11,Bordeaux,Lyon,0,0,D,2020-21
Ligue 1,2020-09-12,Montpellier,Nice,3,1,H,2020-21
Ligue 1,2020-09-12,Saint-Étienne,Strasbourg,2,0,H,2020-21
Ligue 1,2020-09-13,AS Monaco,Nantes,2,1,H,2020-21
Ligue 1,2020-09-13,Angers,Stade de Reims,1,0,H,2020-21
Ligue 1,2020-09-13,Dijon FCO,Brest,0,2,A,2020-21
Ligue 1,2020-09-13,Lille,Metz,1,0,H,2020-21
Ligue 1,2020-09-13,Lorient,Lens,2,3,A,2020-21
Ligue 1,2020-09-13,Nimes,Stade Rennais,2,4,A,2020-21
Ligue 1,2020-09-13,Paris Saint-Germain,Marseille,0,1,A,2020-21
Ligue 1,2020-09-15,Montpellier,Lyon,2,1,H,2020-21
Ligue 1,2020-09-16,Paris Saint-Germain,Metz,1,0,H,2020-21
Ligue 1,2020-09-17,Marseille,Saint-Étienne,0,2,A,2020-21
Ligue 1,2020-09-18,Lyon,Nimes,0,0,D,2020-21
Ligue 1,2020-09-19,Lens,Bordeaux,2,1,H,2020-21
Ligue 1,2020-09-19,Stade Rennais,AS Monaco,2,1,H,2020-21
Ligue 1,2020-09-20,Brest,Lorient,3,2,H,2020-21
Ligue 1,2020-09-20,Marseille,Lille,1,1,D,2020-21
Ligue 1,2020-09-20,Metz,Stade de Reims,2,1,H,2020-21
Ligue 1,2020-09-20,Montpellier,Angers,4,1,H,2020-21
Ligue 1,2020-09-20,Nantes,Saint-Étienne,2,2,D,2020-21
Ligue 1,2020-09-20,Nice,Paris Saint-Germain,0,3,A,2020-21
Ligue 1,2020-09-20,Strasbourg,Dijon FCO,1,0,H,2020-21
Ligue 1,2020-09-25,Lille,Nantes,2,0,H,2020-21
Ligue 1,2020-09-26,Marseille,Metz,1,1,D,2020-21
Ligue 1,2020-09-26,Saint-Étienne,Stade Rennais,0,3,A,2020-21
Ligue 1,2020-09-27,AS Monaco,Strasbourg,3,2,H,2020-21
Ligue 1,2020-09-27,Angers,Brest,3,2,H,2020-21
Ligue 1,2020-09-27,Bordeaux,Nice,0,0,D,2020-21
Ligue 1,2020-09-27,Dijon FCO,Montpellier,2,2,D,2020-21
Ligue 1,2020-09-27,Lorient,Lyon,1,1,D,2020-21
Ligue 1,2020-09-27,Nimes,Lens,1,1,D,2020-21
Ligue 1,2020-09-27,Stade de Reims,Paris Saint-Germain,0,2,A,2020-21
Ligue 1,2020-10-02,Paris Saint-Germain,Angers,6,1,H,2020-21
Ligue 1,2020-10-03,Lens,Saint-Étienne,2,0,H,2020-21
Ligue 1,2020-10-03,Nice,Nantes,2,1,H,2020-21
Ligue 1,2020-10-04,Bordeaux,Dijon FCO,3,0,H,2020-21
Ligue 1,2020-10-04,Brest,AS Monaco,1,0,H,2020-21
Ligue 1,2020-10-04,Lyon,Marseille,1,1,D,2020-21
Ligue 1,2020-10-04,Metz,Lorient,3,1,H,2020-21
Ligue 1,2020-10-04,Montpellier,Nimes,0,1,A,2020-21
Ligue 1,2020-10-04,Stade Rennais,Stade de Reims,2,2,D,2020-21
Ligue 1,2020-10-04,Strasbourg,Lille,0,3,A,2020-21
Ligue 1,2020-10-16,Dijon FCO,Stade Rennais,1,1,D,2020-21
Ligue 1,2020-10-16,Nimes,Paris Saint-Germain,0,4,A,2020-21
Ligue 1,2020-10-17,Marseille,Bordeaux,3,1,H,2020-21
Ligue 1,2020-10-17,Stade de Reims,Lorient,1,3,A,2020-21
Ligue 1,2020-10-18,AS Monaco,Montpellier,1,1,D,2020-21
Ligue 1,2020-10-18,Angers,Metz,1,1,D,2020-21
Ligue 1,2020-10-18,Lille,Lens,4,0,H,2020-21
Ligue 1,2020-10-18,Nantes,Brest,3,1,H,2020-21
Ligue 1,2020-10-18,Saint-Étienne,Nice,1,3,A,2020-21
Ligue 1,2020-10-18,Strasbourg,Lyon,2,3,A,2020-21
Ligue 1,2020-10-23,Stade Rennais,Angers,1,2,A,2020-21
Ligue 1,2020-10-24,Lorient,Marseille,0,1,A,2020-21
Ligue 1,2020-10-24,Paris Saint-Germain,Dijon FCO,4,0,H,2020-21
Ligue 1,2020-10-25,Bordeaux,Nimes,2,0,H,2020-21
Ligue 1,2020-10-25,Brest,Strasbourg,0,3,A,2020-21
Ligue 1,2020-10-25,Lyon,AS Monaco,4,1,H,2020-21
Ligue 1,2020-10-25,Metz,Saint-Étienne,2,0,H,2020-21
Ligue 1,2020-10-25,Montpellier,Stade de Reims,0,4,A,2020-21
Ligue 1,2020-10-25,Nice,Lille,1,1,D,2020-21
Ligue 1,2020-10-31,Nantes,Paris Saint-Germain,0,3,A,2020-21
Ligue 1,2020-10-31,Stade Rennais,Brest,2,1,H,2020-21
Ligue 1,2020-11-01,AS Monaco,Bordeaux,4,0,H,2020-21
Ligue 1,2020-11-01,Angers,Nice,0,3,A,2020-21
Ligue 1,2020-11-01,Dijon FCO,Lorient,0,0,D,2020-21
Ligue 1,2020-11-01,Lille,Lyon,1,1,D,2020-21
Ligue 1,2020-11-01,Nimes,Metz,0,1,A,2020-21
Ligue 1,2020-11-01,Saint-Étienne,Montpellier,0,1,A,2020-21
Ligue 1,2020-11-01,Stade de Reims,Strasbourg,2,1,H,2020-21
Ligue 1,2020-11-06,Strasbourg,Marseille,0,1,A,2020-21
Ligue 1,2020-11-07,Bordeaux,Montpellier,0,2,A,2020-21
Ligue 1,2020-11-07,Paris Saint-Germain,Stade Rennais,3,0,H,2020-21
Ligue 1,2020-11-08,Brest,Lille,3,2,H,2020-21
Ligue 1,2020-11-08,Lens,Stade de Reims,4,4,D,2020-21
Ligue 1,2020-11-08,Lorient,Nantes,0,2,A,2020-21
Ligue 1,2020-11-08,Lyon,Saint-Étienne,2,1,H,2020-21
Ligue 1,2020-11-08,Metz,Dijon FCO,1,1,D,2020-21
Ligue 1,2020-11-08,Nice,AS Monaco,1,2,A,2020-21
Ligue 1,2020-11-08,Nimes,Angers,1,5,A,2020-21
Ligue 1,2020-11-20,AS Monaco,Paris Saint-Germain,3,2,H,2020-21
Ligue 1,2020-11-20,Stade Rennais,Bordeaux,0,1,A,2020-21
Ligue 1,2020-11-21,Brest,Saint-Étienne,4,1,H,2020-21
Ligue 1,2020-11-22,Angers,Lyon,0,1,A,2020-21
Ligue 1,2020-11-22,Dijon FCO,Lens,0,1,A,2020-21
Ligue 1,2020-11-22,Lille,Lorient,4,0,H,2020-21
Ligue 1,2020-11-22,Montpellier,Strasbourg,4,3,H,2020-21
Ligue 1,2020-11-22,Nantes,Metz,1,1,D,2020-21
Ligue 1,2020-11-22,Stade de Reims,Nimes,0,1,A,2020-21
Ligue 1,2020-11-25,Lens,Nantes,1,1,D,2020-21
Ligue 1,2020-11-27,Strasbourg,Stade Rennais,1,1,D,2020-21
Ligue 1,2020-11-28,Marseille,Nantes,3,1,H,2020-21
Ligue 1,2020-11-28,Paris Saint-Germain,Bordeaux,2,2,D,2020-21
Ligue 1,2020-11-29,AS Monaco,Nimes,3,0,H,2020-21
Ligue 1,2020-11-29,Lens,Angers,1,3,A,2020-21
Ligue 1,2020-11-29,Lorient,Montpellier,0,1,A,2020-21
Ligue 1,2020-11-29,Lyon,Stade de Reims,3,0,H,2020-21
Ligue 1,2020-11-29,Metz,Brest,0,2,A,2020-21
Ligue 1,2020-11-29,Nice,Dijon FCO,1,3,A,2020-21
Ligue 1,2020-11-29,Saint-Étienne,Lille,1,1,D,2020-21
Ligue 1,2020-12-04,Nimes,Marseille,0,2,A,2020-21
Ligue 1,2020-12-05,Montpellier,Paris Saint-Germain,1,3,A,2020-21
Ligue 1,2020-12-05,Stade Rennais,Lens,0,2,A,2020-21
Ligue 1,2020-12-06,Angers,Lorient,2,0,H,2020-21
Ligue 1,2020-12-06,Bordeaux,Brest,1,0,H,2020-21
Ligue 1,2020-12-06,Dijon FCO,Saint-Étienne,0,0,D,2020-21
Ligue 1,2020-12-06,Lille,AS Monaco,2,1,H,2020-21
Ligue 1,2020-12-06,Metz,Lyon,1,3,A,2020-21
Ligue 1,2020-12-06,Nantes,Strasbourg,0,4,A,2020-21
Ligue 1,2020-12-06,Stade de Reims,Nice,0,0,D,2020-21
Ligue 1,2020-12-11,Saint-Étienne,Angers,0,0,D,2020-21
Ligue 1,2020-12-12,Lens,Montpellier,2,3,A,2020-21
Ligue 1,2020-12-12,Marseille,AS Monaco,2,1,H,2020-21
Ligue 1,2020-12-13,Brest,Stade de Reims,2,1,H,2020-21
Ligue 1,2020-12-13,Lille,Bordeaux,2,1,H,2020-21
Ligue 1,2020-12-13,Lorient,Nimes,3,0,H,2020-21
Ligue 1,2020-12-13,Nantes,Dijon FCO,1,1,D,2020-21
Ligue 1,2020-12-13,Nice,Stade Rennais,0,1,A,2020-21
Ligue 1,2020-12-13,Paris Saint-Germain,Lyon,0,1,A,2020-21
Ligue 1,2020-12-13,Strasbourg,Metz,2,2,D,2020-21
Ligue 1,2020-12-16,AS Monaco,Lens,0,3,A,2020-21
Ligue 1,2020-12-16,Angers,Strasbourg,0,2,A,2020-21
Ligue 1,2020-12-16,Bordeaux,Saint-Étienne,1,2,A,2020-21
Ligue 1,2020-12-16,Dijon FCO,Lille,0,2,A,2020-21
Ligue 1,2020-12-16,Lyon,Brest,2,2,D,2020-21
Ligue 1,2020-12-16,Montpellier,Metz,0,2,A,2020-21
Ligue 1,2020-12-16,Nimes,Nice,0,2,A,2020-21
Ligue 1,2020-12-16,Paris Saint-Germain,Lorient,2,0,H,2020-21
Ligue 1,2020-12-16,Stade Rennais,Marseille,2,1,H,2020-21
Ligue 1,2020-12-16,Stade de Reims,Nantes,3,2,H,2020-21
Ligue 1,2020-12-19,Marseille,Stade de Reims,1,1,D,2020-21
Ligue 1,2020-12-19,Metz,Lens,2,0,H,2020-21
Ligue 1,2020-12-19,Nice,Lyon,1,4,A,2020-21
Ligue 1,2020-12-20,Brest,Montpellier,2,2,D,2020-21
Ligue 1,2020-12-20,Dijon FCO,AS Monaco,0,1,A,2020-21
Ligue 1,2020-12-20,Lille,Paris Saint-Germain,0,0,D,2020-21
Ligue 1,2020-12-20,Lorient,Stade Rennais,0,3,A,2020-21
Ligue 1,2020-12-20,Nantes,Angers,1,1,D,2020-21
Ligue 1,2020-12-20,Saint-Étienne,Nimes,2,2,D,2020-21
Ligue 1,2020-12-20,Strasbourg,Bordeaux,0,2,A,2020-21
Ligue 1,2020-12-23,AS Monaco,Saint-Étienne,2,2,D,2020-21
Ligue 1,2020-12-23,Angers,Marseille,2,1,H,2020-21
Ligue 1,2020-12-23,Bordeaux,Stade de Reims,1,3,A,2020-21
Ligue 1,2020-12-23,Lens,Brest,2,1,H,2020-21
Ligue 1,2020-12-23,Lyon,Nantes,3,0,H,2020-21
Ligue 1,2020-12-23,Montpellier,Lille,2,3,A,2020-21
Ligue 1,2020-12-23,Nice,Lorient,2,2,D,2020-21
Ligue 1,2020-12-23,Nimes,Dijon FCO,1,3,A,2020-21
Ligue 1,2020-12-23,Paris Saint-Germain,Strasbourg,4,0,H,2020-21
Ligue 1,2020-12-23,Stade Rennais,Metz,1,0,H,2020-21
Ligue 1,2021-01-06,Brest,Nice,2,0,H,2020-21
Ligue 1,2021-01-06,Lille,Angers,1,2,A,2020-21
Ligue 1,2021-01-06,Lorient,AS Monaco,2,5,A,2020-21
Ligue 1,2021-01-06,Lyon,Lens,3,2,H,2020-21
Ligue 1,2021-01-06,Marseille,Montpellier,3,1,H,2020-21
Ligue 1,2021-01-06,Metz,Bordeaux,0,0,D,2020-21
Ligue 1,2021-01-06,Nantes,Stade Rennais,0,0,D,2020-21
Ligue 1,2021-01-06,Saint-Étienne,Paris Saint-Germain,1,1,D,2020-21
Ligue 1,2021-01-06,Stade de Reims,Dijon FCO,0,0,D,2020-21
Ligue 1,2021-01-06,Strasbourg,Nimes,5,0,H,2020-21
Ligue 1,2021-01-09,AS Monaco,Angers,3,0,H,2020-21
Ligue 1,2021-01-09,Bordeaux,Lorient,2,1,H,2020-21
Ligue 1,2021-01-09,Dijon FCO,Marseille,0,0,D,2020-21
Ligue 1,2021-01-09,Lens,Strasbourg,0,1,A,2020-21
Ligue 1,2021-01-09,Metz,Nice,1,1,D,2020-21
Ligue 1,2021-01-09,Montpellier,Nantes,1,1,D,2020-21
Ligue 1,2021-01-09,Nimes,Lille,0,1,A,2020-21
Ligue 1,2021-01-09,Paris Saint-Germain,Brest,3,0,H,2020-21
Ligue 1,2021-01-09,Stade Rennais,Lyon,2,2,D,2020-21
Ligue 1,2021-01-09,Stade de Reims,Saint-Étienne,3,1,H,2020-21
Ligue 1,2021-01-15,Montpellier,AS Monaco,2,3,A,2020-21
Ligue 1,2021-01-16,Angers,Paris Saint-Germain,0,1,A,2020-21
Ligue 1,2021-01-16,Marseille,Nimes,1,2,A,2020-21
Ligue 1,2021-01-17,Brest,Stade Rennais,1,2,A,2020-21
Ligue 1,2021-01-17,Lille,Stade de Reims,2,1,H,2020-21
Ligue 1,2021-01-17,Lyon,Metz,0,1,A,2020-21
Ligue 1,2021-01-17,Nantes,Lens,1,1,D,2020-21
Ligue 1,2021-01-17,Nice,Bordeaux,0,3,A,2020-21
Ligue 1,2021-01-17,Strasbourg,Saint-Étienne,1,0,H,2020-21
Ligue 1,2021-01-20,Marseille,Lens,0,1,A,2020-21
Ligue 1,2021-01-22,Paris Saint-Germain,Montpellier,4,0,H,2020-21
Ligue 1,2021-01-23,AS Monaco,Marseille,3,1,H,2020-21
Ligue 1,2021-01-23,Lens,Nice,0,1,A,2020-21
Ligue 1,2021-01-24,Bordeaux,Angers,2,1,H,2020-21
Ligue 1,2021-01-24,Dijon FCO,Strasbourg,1,1,D,2020-21
Ligue 1,2021-01-24,Metz,Nantes,2,0,H,2020-21
Ligue 1,2021-01-24,Saint-Étienne,Lyon,0,5,A,2020-21
Ligue 1,2021-01-24,Stade Rennais,Lille,0,1,A,2020-21
Ligue 1,2021-01-24,Stade de Reims,Brest,1,0,H,2020-21
Ligue 1,2021-01-27,Lorient,Dijon FCO,3,2,H,2020-21
Ligue 1,2021-01-29,Lyon,Bordeaux,2,1,H,2020-21
Ligue 1,2021-01-30,Montpellier,Lens,1,2,A,2020-21
Ligue 1,2021-01-31,Angers,Nimes,3,1,H,2020-21
Ligue 1,2021-01-31,Brest,Metz,2,4,A,2020-21
Ligue 1,2021-01-31,Lille,Dijon FCO,1,0,H,2020-21
Ligue 1,2021-01-31,Lorient,Paris Saint-Germain,3,2,H,2020-21
Ligue 1,2021-01-31,Nantes,AS Monaco,1,2,A,2020-21
Ligue 1,2021-01-31,Nice,Saint-Étienne,0,1,A,2020-21
Ligue 1,2021-01-31,Strasbourg,Stade de Reims,0,1,A,2020-21
Ligue 1,2021-02-03,AS Monaco,Nice,2,1,H,2020-21
Ligue 1,2021-02-03,Bordeaux,Lille,0,3,A,2020-21
Ligue 1,2021-02-03,Dijon FCO,Lyon,0,1,A,2020-21
Ligue 1,2021-02-03,Lens,Marseille,2,2,D,2020-21
Ligue 1,2021-02-03,Metz,Montpellier,1,1,D,2020-21
Ligue 1,2021-02-03,Paris Saint-Germain,Nimes,3,0,H,2020-21
Ligue 1,2021-02-03,Saint-Étienne,Nantes,1,1,D,2020-21
Ligue 1,2021-02-03,Stade Rennais,Lorient,1,1,D,2020-21
Ligue 1,2021-02-03,Stade de Reims,Angers,0,0,D,2020-21
Ligue 1,2021-02-03,Strasbourg,Brest,2,2,D,2020-21
Ligue 1,2021-02-06,Lens,Stade Rennais,0,0,D,2020-21
Ligue 1,2021-02-06,Lorient,Stade de Reims,1,0,H,2020-21
Ligue 1,2021-02-06,Lyon,Strasbourg,3,0,H,2020-21
Ligue 1,2021-02-07,Brest,Bordeaux,2,1,H,2020-21
Ligue 1,2021-02-07,Marseille,Paris Saint-Germain,0,2,A,2020-21
Ligue 1,2021-02-07,Montpellier,Dijon FCO,4,2,H,2020-21
Ligue 1,2021-02-07,Nantes,Lille,0,2,A,2020-21
Ligue 1,2021-02-07,Nice,Angers,3,0,H,2020-21
Ligue 1,2021-02-07,Nimes,AS Monaco,3,4,A,2020-21
Ligue 1,2021-02-07,Saint-Étienne,Metz,1,0,H,2020-21
Ligue 1,2021-02-13,Lyon,Montpellier,1,2,A,2020-21
Ligue 1,2021-02-13,Paris Saint-Germain,Nice,2,1,H,2020-21
Ligue 1,2021-02-13,Stade de Reims,Lens,1,1,D,2020-21
Ligue 1,2021-02-14,AS Monaco,Lorient,2,2,D,2020-21
Ligue 1,2021-02-14,Angers,Nantes,1,3,A,2020-21
Ligue 1,2021-02-14,Bordeaux,Marseille,0,0,D,2020-21
Ligue 1,2021-02-14,Dijon FCO,Nimes,0,2,A,2020-21
Ligue 1,2021-02-14,Lille,Brest,0,0,D,2020-21
Ligue 1,2021-02-14,Metz,Strasbourg,1,2,A,2020-21
Ligue 1,2021-02-14,Stade Rennais,Saint-Étienne,0,2,A,2020-21
Ligue 1,2021-02-17,Marseille,Nice,3,2,H,2020-21
Ligue 1,2021-02-19,Brest,Lyon,2,3,A,2020-21
Ligue 1,2021-02-20,Nantes,Marseille,1,1,D,2020-21
Ligue 1,2021-02-20,Saint-Étienne,Stade de Reims,1,1,D,2020-21
Ligue 1,2021-02-21,Lens,Dijon FCO,2,1,H,2020-21
Ligue 1,2021-02-21,Lorient,Lille,1,4,A,2020-21
Ligue 1,2021-02-21,Montpellier,Stade Rennais,2,1,H,2020-21
Ligue 1,2021-02-21,Nice,Metz,1,2,A,2020-21
Ligue 1,2021-02-21,Nimes,Bordeaux,2,0,H,2020-21
Ligue 1,2021-02-21,Paris Saint-Germain,AS Monaco,0,2,A,2020-21
Ligue 1,2021-02-21,Strasbourg,Angers,0,0,D,2020-21
Ligue 1,2021-02-24,Nimes,Lorient,1,0,H,2020-21
Ligue 1,2021-02-26,Stade Rennais,Nice,1,2,A,2020-21
Ligue 1,2021-02-27,Bordeaux,Metz,1,2,A,2020-21
Ligue 1,2021-02-27,Dijon FCO,Paris Saint-Germain,0,4,A,2020-21
Ligue 1,2021-02-28,AS Monaco,Brest,2,0,H,2020-21
Ligue 1,2021-02-28,Angers,Lens,2,2,D,2020-21
Ligue 1,2021-02-28,Lille,Strasbourg,1,1,D,2020-21
Ligue 1,2021-02-28,Lorient,Saint-Étienne,2,1,H,2020-21
Ligue 1,2021-02-28,Marseille,Lyon,1,1,D,2020-21
Ligue 1,2021-02-28,Nimes,Nantes,1,1,D,2020-21
Ligue 1,2021-02-28,Stade de Reims,Montpellier,0,0,D,2020-21
Ligue 1,2021-03-03,Bordeaux,Paris Saint-Germain,0,1,A,2020-21
Ligue 1,2021-03-03,Brest,Dijon FCO,3,1,H,2020-21
Ligue 1,2021-03-03,Lille,Marseille,2,0,H,2020-21
Ligue 1,2021-03-03,Lyon,Stade Rennais,1,0,H,2020-21
Ligue 1,2021-03-03,Metz,Angers,0,1,A,2020-21
Ligue 1,2021-03-03,Montpellier,Lorient,1,1,D,2020-21
Ligue 1,2021-03-03,Nantes,Stade de Reims,1,2,A,2020-21
Ligue 1,2021-03-03,Nice,Nimes,2,1,H,2020-21
Ligue 1,2021-03-03,Saint-Étienne,Lens,2,3,A,2020-21
Ligue 1,2021-03-03,Strasbourg,AS Monaco,1,0,H,2020-21
Ligue 1,2021-03-10,Marseille,Stade Rennais,1,0,H,2020-21
Ligue 1,2021-03-12,Stade de Reims,Lyon,1,1,D,2020-21
Ligue 1,2021-03-13,Angers,Saint-Étienne,0,1,A,2020-21
Ligue 1,2021-03-13,Marseille,Brest,3,1,H,2020-21
Ligue 1,2021-03-14,AS Monaco,Lille,0,0,D,2020-21
Ligue 1,2021-03-14,Dijon FCO,Bordeaux,1,3,A,2020-21
Ligue 1,2021-03-14,Lens,Metz,2,2,D,2020-21
Ligue 1,2021-03-14,Lorient,Nice,1,1,D,2020-21
Ligue 1,2021-03-14,Nimes,Montpellier,1,1,D,2020-21
Ligue 1,2021-03-14,Paris Saint-Germain,Nantes,1,2,A,2020-21
Ligue 1,2021-03-14,Stade Rennais,Strasbourg,1,0,H,2020-21
Ligue 1,2021-03-19,Saint-Étienne,AS Monaco,0,4,A,2020-21
Ligue 1,2021-03-20,Metz,Stade Rennais,1,3,A,2020-21
Ligue 1,2021-03-20,Nice,Marseille,3,0,H,2020-21
Ligue 1,2021-03-21,Brest,Angers,0,0,D,2020-21
Ligue 1,2021-03-21,Dijon FCO,Stade de Reims,0,1,A,2020-21
Ligue 1,2021-03-21,Lille,Nimes,1,2,A,2020-21
Ligue 1,2021-03-21,Lyon,Paris Saint-Germain,2,4,A,2020-21
Ligue 1,2021-03-21,Montpellier,Bordeaux,3,1,H,2020-21
Ligue 1,2021-03-21,Nantes,Lorient,1,1,D,2020-21
Ligue 1,2021-03-21,Strasbourg,Lens,1,2,A,2020-21
Ligue 1,2021-04-03,AS Monaco,Metz,4,0,H,2020-21
Ligue 1,2021-04-03,Lens,Lyon,1,1,D,2020-21
Ligue 1,2021-04-03,Paris Saint-Germain,Lille,0,1,A,2020-21
Ligue 1,2021-04-04,Angers,Montpellier,1,1,D,2020-21
Ligue 1,2021-04-04,Bordeaux,Strasbourg,2,3,A,2020-21
Ligue 1,2021-04-04,Lorient,Brest,1,0,H,2020-21
Ligue 1,2021-04-04,Marseille,Dijon FCO,2,0,H,2020-21
Ligue 1,2021-04-04,Nantes,Nice,1,2,A,2020-21
Ligue 1,2021-04-04,Nimes,Saint-Étienne,0,2,A,2020-21
Ligue 1,2021-04-04,Stade de Reims,Stade Rennais,2,2,D,2020-21
Ligue 1,2021-04-09,Metz,Lille,0,2,A,2020-21
Ligue 1,2021-04-10,Montpellier,Marseille,3,3,D,2020-21
Ligue 1,2021-04-10,Strasbourg,Paris Saint-Germain,1,4,A,2020-21
Ligue 1,2021-04-11,AS Monaco,Dijon FCO,3,0,H,2020-21
Ligue 1,2021-04-11,Brest,Nimes,1,1,D,2020-21
Ligue 1,2021-04-11,Lens,Lorient,4,1,H,2020-21
Ligue 1,2021-04-11,Lyon,Angers,3,0,H,2020-21
Ligue 1,2021-04-11,Nice,Stade de Reims,0,0,D,2020-21
Ligue 1,2021-04-11,Saint-Étienne,Bordeaux,4,1,H,2020-21
Ligue 1,2021-04-11,Stade Rennais,Nantes,1,0,H,2020-21
Ligue 1,2021-04-16,Lille,Montpellier,1,1,D,2020-21
Ligue 1,2021-04-17,Angers,Stade Rennais,0,3,A,2020-21
Ligue 1,2021-04-17,Marseille,Lorient,3,2,H,2020-21
Ligue 1,2021-04-18,Bordeaux,AS Monaco,0,3,A,2020-21
Ligue 1,2021-04-18,Brest,Lens,1,1,D,2020-21
Ligue 1,2021-04-18,Dijon FCO,Nice,2,0,H,2020-21
Ligue 1,2021-04-18,Nantes,Lyon,1,2,A,2020-21
Ligue 1,2021-04-18,Nimes,Strasbourg,1,1,D,2020-21
Ligue 1,2021-04-18,Paris Saint-Germain,Saint-Étienne,3,2,H,2020-21
Ligue 1,2021-04-18,Stade de Reims,Metz,0,0,D,2020-21
Ligue 1,2021-04-23,Stade de Reims,Marseille,1,3,A,2020-21
Ligue 1,2021-04-24,Metz,Paris Saint-Germain,1,3,A,2020-21
Ligue 1,2021-04-24,Saint-Étienne,Brest,1,2,A,2020-21
Ligue 1,2021-04-25,Angers,AS Monaco,0,1,A,2020-21
Ligue 1,2021-04-25,Lens,Nimes,2,1,H,2020-21
Ligue 1,2021-04-25,Lorient,Bordeaux,4,1,H,2020-21
Ligue 1,2021-04-25,Lyon,Lille,2,3,A,2020-21
Ligue 1,2021-04-25,Nice,Montpellier,3,1,H,2020-21
Ligue 1,2021-04-25,Stade Rennais,Dijon FCO,5,1,H,2020-21
Ligue 1,2021-04-25,Strasbourg,Nantes,1,2,A,2020-21
Ligue 1,2021-04-30,Marseille,Strasbourg,1,1,D,2020-21
Ligue 1,2021-05-01,Lille,Nice,2,0,H,2020-21
Ligue 1,2021-05-01,Paris Saint-Germain,Lens,2,1,H,2020-21
Ligue 1,2021-05-02,AS Monaco,Lyon,2,3,A,2020-21
Ligue 1,2021-05-02,Bordeaux,Stade Rennais,1,0,H,2020-21
Ligue 1,2021-05-02,Brest,Nantes,1,4,A,2020-21
Ligue 1,2021-05-02,Dijon FCO,Metz,1,5,A,2020-21
Ligue 1,2021-05-02,Lorient,Angers,2,0,H,2020-21
Ligue 1,2021-05-02,Montpellier,Saint-Étienne,1,2,A,2020-21
Ligue 1,2021-05-02,Nimes,Stade de Reims,2,2,D,2020-21
Ligue 1,2021-05-07,Lens,Lille,0,3,A,2020-21
Ligue 1,2021-05-08,Lyon,Lorient,4,1,H,2020-21
Ligue 1,2021-05-08,Nantes,Bordeaux,3,0,H,2020-21
Ligue 1,2021-05-09,Angers,Dijon FCO,3,0,H,2020-21
Ligue 1,2021-05-09,Metz,Nimes,0,3,A,2020-21
Ligue 1,2021-05-09,Nice,Brest,3,2,H,2020-21
Ligue 1,2021-05-09,Saint-Étienne,Marseille,1,0,H,2020-21
Ligue 1,2021-05-09,Stade Rennais,Paris Saint-Germain,1,1,D,2020-21
Ligue 1,2021-05-09,Stade de Reims,AS Monaco,0,1,A,2020-21
Ligue 1,2021-05-09,Strasbourg,Montpellier,2,3,A,2020-21
Ligue 1,2021-05-16,AS Monaco,Stade Rennais,2,1,H,2020-21
Ligue 1,2021-05-16,Bordeaux,Lens,3,0,H,2020-21
Ligue 1,2021-05-16,Dijon FCO,Nantes,0,4,A,2020-21
Ligue 1,2021-05-16,Lille,Saint-Étienne,0,0,D,2020-21
Ligue 1,2021-05-16,Lorient,Metz,2,1,H,2020-21
Ligue 1,2021-05-16,Marseille,Angers,3,2,H,2020-21
Ligue 1,2021-05-16,Montpellier,Brest,0,0,D,2020-21
Ligue 1,2021-05-16,Nice,Strasbourg,0,2,A,2020-21
Ligue 1,2021-05-16,Nimes,Lyon,2,5,A,2020-21
Ligue 1,2021-05-16,Paris Saint-Germain,Stade de Reims,4,0,H,2020-21
Ligue 1,2021-05-23,Angers,Lille,1,2,A,2020-21
Ligue 1,2021-05-23,Brest,Paris Saint-Germain,0,2,A,2020-21
Ligue 1,2021-05-23,Lens,AS Monaco,0,0,D,2020-21
Ligue 1,2021-05-23,Lyon,Nice,2,3,A,2020-21
Ligue 1,2021-05-23,Metz,Marseille,1,1,D,2020-21
Ligue 1,2021-05-23,Nantes,Montpellier,1,2,A,2020-21
Ligue 1,2021-05-23,Saint-Étienne,Dijon FCO,0,1,A,2020-21
Ligue 1,2021-05-23,Stade Rennais,Nimes,2,0,H,2020-21
Ligue 1,2021-05-23,Stade de Reims,Bordeaux,1,2,A,2020-21
Ligue 1,2021-05-23,Strasbourg,Lorient,1,1,D,2020-21
Ligue 1,2021-08-06,AS Monaco,Nantes,1,1,D,2021-22
Ligue 1,2021-08-07,Lyon,Brest,1,1,D,2021-22
Ligue 1,2021-08-07,Troyes,Paris Saint-Germain,1,2,A,2021-22
Ligue 1,2021-08-08,Bordeaux,Clermont Foot,0,2,A,2021-22
Ligue 1,2021-08-08,Metz,Lille,3,3,D,2021-22
Ligue 1,2021-08-08,Montpellier,Marseille,2,3,A,2021-22
Ligue 1,2021-08-08,Nice,Stade de Reims,0,0,D,2021-22
Ligue 1,2021-08-08,Saint-Étienne,Lorient,1,1,D,2021-22
Ligue 1,2021-08-08,Stade Rennais,Lens,1,1,D,2021-22
Ligue 1,2021-08-08,Strasbourg,Angers,0,2,A,2021-22
Ligue 1,2021-08-13,Lorient,AS Monaco,1,0,H,2021-22
Ligue 1,2021-08-14,Lille,Nice,0,4,A,2021-22
Ligue 1,2021-08-14,Paris Saint-Germain,Strasbourg,4,2,H,2021-22
Ligue 1,2021-08-15,Angers,Lyon,3,0,H,2021-22
Ligue 1,2021-08-15,Brest,Stade Rennais,1,1,D,2021-22
Ligue 1,2021-08-15,Clermont Foot,Troyes,2,0,H,2021-22
Ligue 1,2021-08-15,Lens,Saint-Étienne,2,2,D,2021-22
Ligue 1,2021-08-15,Marseille,Bordeaux,2,2,D,2021-22
Ligue 1,2021-08-15,Nantes,Metz,2,0,H,2021-22
Ligue 1,2021-08-15,Stade de Reims,Montpellier,3,3,D,2021-22
Ligue 1,2021-08-20,Brest,Paris Saint-Germain,2,4,A,2021-22
Ligue 1,2021-08-21,AS Monaco,Lens,0,2,A,2021-22
Ligue 1,2021-08-21,Saint-Étienne,Lille,1,1,D,2021-22
Ligue 1,2021-08-22,Bordeaux,Angers,1,1,D,2021-22
Ligue 1,2021-08-22,Lyon,Clermont Foot,3,3,D,2021-22
Ligue 1,2021-08-22,Metz,Stade de Reims,1,1,D,2021-22
Ligue 1,2021-08-22,Montpellier,Lorient,3,1,H,2021-22
Ligue 1,2021-08-22,Stade Rennais,Nantes,1,0,H,2021-22
Ligue 1,2021-08-22,Strasbourg,Troyes,1,1,D,2021-22
Ligue 1,2021-08-27,Nantes,Lyon,0,1,A,2021-22
Ligue 1,2021-08-28,Marseille,Saint-Étienne,3,1,H,2021-22
Ligue 1,2021-08-28,Nice,Bordeaux,4,0,H,2021-22
Ligue 1,2021-08-29,Angers,Stade Rennais,2,0,H,2021-22
Ligue 1,2021-08-29,Clermont Foot,Metz,2,2,D,2021-22
Ligue 1,2021-08-29,Lens,Lorient,2,2,D,2021-22
Ligue 1,2021-08-29,Lille,Montpellier,2,1,H,2021-22
Ligue 1,2021-08-29,Stade de Reims,Paris Saint-Germain,0,2,A,2021-22
Ligue 1,2021-08-29,Strasbourg,Brest,3,1,H,2021-22
Ligue 1,2021-08-29,Troyes,AS Monaco,1,2,A,2021-22
Ligue 1,2021-09-10,Lorient,Lille,2,1,H,2021-22
Ligue 1,2021-09-11,AS Monaco,Marseille,0,2,A,2021-22
Ligue 1,2021-09-11,Paris Saint-Germain,Clermont Foot,4,0,H,2021-22
Ligue 1,2021-09-12,Bordeaux,Lens,2,3,A,2021-22
Ligue 1,2021-09-12,Brest,Angers,1,1,D,2021-22
Ligue 1,2021-09-12,Lyon,Strasbourg,3,1,H,2021-22
Ligue 1,2021-09-12,Metz,Troyes,0,2,A,2021-22
Ligue 1,2021-09-12,Montpellier,Saint-Étienne,2,0,H,2021-22
Ligue 1,2021-09-12,Nantes,Nice,0,2,A,2021-22
Ligue 1,2021-09-12,Stade Rennais,Stade de Reims,0,2,A,2021-22
Ligue 1,2021-09-17,Strasbourg,Metz,3,0,H,2021-22
Ligue 1,2021-09-18,Lens,Lille,1,0,H,2021-22
Ligue 1,2021-09-18,Saint-Étienne,Bordeaux,1,2,A,2021-22
Ligue 1,2021-09-19,Angers,Nantes,1,4,A,2021-22
Ligue 1,2021-09-19,Clermont Foot,Brest,1,1,D,2021-22
Ligue 1,2021-09-19,Marseille,Stade Rennais,2,0,H,2021-22
Ligue 1,2021-09-19,Nice,AS Monaco,2,2,D,2021-22
Ligue 1,2021-09-19,Paris Saint-Germain,Lyon,2,1,H,2021-22
Ligue 1,2021-09-19,Stade de Reims,Lorient,0,0,D,2021-22
Ligue 1,2021-09-19,Troyes,Montpellier,1,1,D,2021-22
Ligue 1,2021-09-22,AS Monaco,Saint-Étienne,3,1,H,2021-22
Ligue 1,2021-09-22,Angers,Marseille,0,0,D,2021-22
Ligue 1,2021-09-22,Lens,Strasbourg,0,1,A,2021-22
Ligue 1,2021-09-22,Lille,Stade de Reims,2,1,H,2021-22
Ligue 1,2021-09-22,Lorient,Nice,1,0,H,2021-22
Ligue 1,2021-09-22,Lyon,Troyes,3,1,H,2021-22
Ligue 1,2021-09-22,Metz,Paris Saint-Germain,1,2,A,2021-22
Ligue 1,2021-09-22,Montpellier,Bordeaux,3,3,D,2021-22
Ligue 1,2021-09-22,Nantes,Brest,3,1,H,2021-22
Ligue 1,2021-09-22,Stade Rennais,Clermont Foot,6,0,H,2021-22
Ligue 1,2021-09-25,Lyon,Lorient,1,1,D,2021-22
Ligue 1,2021-09-25,Paris Saint-Germain,Montpellier,2,0,H,2021-22
Ligue 1,2021-09-25,Saint-Étienne,Nice,0,3,A,2021-22
Ligue 1,2021-09-25,Strasbourg,Lille,1,2,A,2021-22
Ligue 1,2021-09-26,Bordeaux,Stade Rennais,1,1,D,2021-22
Ligue 1,2021-09-26,Brest,Metz,1,2,A,2021-22
Ligue 1,2021-09-26,Clermont Foot,AS Monaco,1,3,A,2021-22
Ligue 1,2021-09-26,Marseille,Lens,2,3,A,2021-22
Ligue 1,2021-09-26,Stade de Reims,Nantes,3,1,H,2021-22
Ligue 1,2021-09-26,Troyes,Angers,1,1,D,2021-22
Ligue 1,2021-10-01,Lens,Stade de Reims,2,0,H,2021-22
Ligue 1,2021-10-02,Montpellier,Strasbourg,1,1,D,2021-22
Ligue 1,2021-10-02,Nice,Brest,2,1,H,2021-22
Ligue 1,2021-10-03,AS Monaco,Bordeaux,3,0,H,2021-22
Ligue 1,2021-10-03,Angers,Metz,3,2,H,2021-22
Ligue 1,2021-10-03,Lille,Marseille,2,0,H,2021-22
Ligue 1,2021-10-03,Lorient,Clermont Foot,1,1,D,2021-22
Ligue 1,2021-10-03,Nantes,Troyes,2,0,H,2021-22
Ligue 1,2021-10-03,Saint-Étienne,Lyon,1,1,D,2021-22
Ligue 1,2021-10-03,Stade Rennais,Paris Saint-Germain,2,0,H,2021-22
Ligue 1,2021-10-15,Paris Saint-Germain,Angers,2,1,H,2021-22
Ligue 1,2021-10-16,Clermont Foot,Lille,1,0,H,2021-22
Ligue 1,2021-10-16,Lyon,AS Monaco,2,0,H,2021-22
Ligue 1,2021-10-17,Bordeaux,Nantes,1,1,D,2021-22
Ligue 1,2021-10-17,Brest,Stade de Reims,1,1,D,2021-22
Ligue 1,2021-10-17,Marseille,Lorient,4,1,H,2021-22
Ligue 1,2021-10-17,Metz,Stade Rennais,0,3,A,2021-22
Ligue 1,2021-10-17,Montpellier,Lens,1,0,H,2021-22
Ligue 1,2021-10-17,Strasbourg,Saint-Étienne,5,1,H,2021-22
Ligue 1,2021-10-17,Troyes,Nice,1,0,H,2021-22
Ligue 1,2021-10-22,Saint-Étienne,Angers,2,2,D,2021-22
Ligue 1,2021-10-23,Lille,Brest,1,1,D,2021-22
Ligue 1,2021-10-23,Nantes,Clermont Foot,2,1,H,2021-22
Ligue 1,2021-10-24,AS Monaco,Montpellier,3,1,H,2021-22
Ligue 1,2021-10-24,Lens,Metz,4,1,H,2021-22
Ligue 1,2021-10-24,Lorient,Bordeaux,1,1,D,2021-22
Ligue 1,2021-10-24,Marseille,Paris Saint-Germain,0,0,D,2021-22
Ligue 1,2021-10-24,Nice,Lyon,3,2,H,2021-22
Ligue 1,2021-10-24,Stade Rennais,Strasbourg,1,0,H,2021-22
Ligue 1,2021-10-24,Stade de Reims,Troyes,1,2,A,2021-22
Ligue 1,2021-10-27,Nice,Marseille,1,1,D,2021-22
Ligue 1,2021-10-29,Paris Saint-Germain,Lille,2,1,H,2021-22
Ligue 1,2021-10-30,Lyon,Lens,2,1,H,2021-22
Ligue 1,2021-10-30,Metz,Saint-Étienne,1,1,D,2021-22
Ligue 1,2021-10-31,Angers,Nice,1,2,A,2021-22
Ligue 1,2021-10-31,Bordeaux,Stade de Reims,3,2,H,2021-22
Ligue 1,2021-10-31,Brest,AS Monaco,2,0,H,2021-22
Ligue 1,2021-10-31,Clermont Foot,Marseille,0,1,A,2021-22
Ligue 1,2021-10-31,Montpellier,Nantes,2,0,H,2021-22
Ligue 1,2021-10-31,Strasbourg,Lorient,4,0,H,2021-22
Ligue 1,2021-10-31,Troyes,Stade Rennais,2,2,D,2021-22
Ligue 1,2021-11-05,Lens,Troyes,4,0,H,2021-22
Ligue 1,2021-11-06,Bordeaux,Paris Saint-Germain,2,3,A,2021-22
Ligue 1,2021-11-06,Lille,Angers,1,1,D,2021-22
Ligue 1,2021-11-07,Lorient,Brest,1,2,A,2021-22
Ligue 1,2021-11-07,Marseille,Metz,0,0,D,2021-22
Ligue 1,2021-11-07,Nantes,Strasbourg,2,2,D,2021-22
Ligue 1,2021-11-07,Nice,Montpellier,0,1,A,2021-22
Ligue 1,2021-11-07,Saint-Étienne,Clermont Foot,3,2,H,2021-22
Ligue 1,2021-11-07,Stade Rennais,Lyon,4,1,H,2021-22
Ligue 1,2021-11-07,Stade de Reims,AS Monaco,0,0,D,2021-22
Ligue 1,2021-11-19,AS Monaco,Lille,2,2,D,2021-22
Ligue 1,2021-11-20,Paris Saint-Germain,Nantes,3,1,H,2021-22
Ligue 1,2021-11-20,Stade Rennais,Montpellier,2,0,H,2021-22
Ligue 1,2021-11-21,Angers,Lorient,1,0,H,2021-22
Ligue 1,2021-11-21,Brest,Lens,4,0,H,2021-22
Ligue 1,2021-11-21,Clermont Foot,Nice,1,2,A,2021-22
Ligue 1,2021-11-21,Metz,Bordeaux,3,3,D,2021-22
Ligue 1,2021-11-21,Strasbourg,Stade de Reims,1,1,D,2021-22
Ligue 1,2021-11-21,Troyes,Saint-Étienne,0,1,A,2021-22
Ligue 1,2021-11-26,Lens,Angers,2,2,D,2021-22
Ligue 1,2021-11-27,Lille,Nantes,1,1,D,2021-22
Ligue 1,2021-11-27,Nice,Metz,0,1,A,2021-22
Ligue 1,2021-11-28,AS Monaco,Strasbourg,1,1,D,2021-22
Ligue 1,2021-11-28,Bordeaux,Brest,1,2,A,2021-22
Ligue 1,2021-11-28,Lorient,Stade Rennais,0,2,A,2021-22
Ligue 1,2021-11-28,Marseille,Troyes,1,0,H,2021-22
Ligue 1,2021-11-28,Montpellier,Lyon,0,1,A,2021-22
Ligue 1,2021-11-28,Saint-Étienne,Paris Saint-Germain,1,3,A,2021-22
Ligue 1,2021-11-28,Stade de Reims,Clermont Foot,1,0,H,2021-22
Ligue 1,2021-12-01,Angers,AS Monaco,1,3,A,2021-22
Ligue 1,2021-12-01,Brest,Saint-Étienne,1,0,H,2021-22
Ligue 1,2021-12-01,Clermont Foot,Lens,2,2,D,2021-22
Ligue 1,2021-12-01,Lyon,Stade de Reims,1,2,A,2021-22
Ligue 1,2021-12-01,Metz,Montpellier,1,3,A,2021-22
Ligue 1,2021-12-01,Nantes,Marseille,0,1,A,2021-22
Ligue 1,2021-12-01,Paris Saint-Germain,Nice,0,0,D,2021-22
Ligue 1,2021-12-01,Stade Rennais,Lille,1,2,A,2021-22
Ligue 1,2021-12-01,Strasbourg,Bordeaux,5,2,H,2021-22
Ligue 1,2021-12-01,Troyes,Lorient,2,0,H,2021-22
Ligue 1,2021-12-04,Lens,Paris Saint-Germain,1,1,D,2021-22
Ligue 1,2021-12-04,Lille,Troyes,2,1,H,2021-22
Ligue 1,2021-12-04,Marseille,Brest,1,2,A,2021-22
Ligue 1,2021-12-05,AS Monaco,Metz,4,0,H,2021-22
Ligue 1,2021-12-05,Bordeaux,Lyon,2,2,D,2021-22
Ligue 1,2021-12-05,Lorient,Nantes,0,1,A,2021-22
Ligue 1,2021-12-05,Montpellier,Clermont Foot,1,0,H,2021-22
Ligue 1,2021-12-05,Nice,Strasbourg,0,3,A,2021-22
Ligue 1,2021-12-05,Saint-Étienne,Stade Rennais,0,5,A,2021-22
Ligue 1,2021-12-05,Stade de Reims,Angers,1,2,A,2021-22
Ligue 1,2021-12-10,Nantes,Lens,3,2,H,2021-22
Ligue 1,2021-12-11,Brest,Montpellier,0,4,A,2021-22
Ligue 1,2021-12-11,Stade de Reims,Saint-Étienne,2,0,H,2021-22
Ligue 1,2021-12-12,Angers,Clermont Foot,0,1,A,2021-22
Ligue 1,2021-12-12,Lille,Lyon,0,0,D,2021-22
Ligue 1,2021-12-12,Metz,Lorient,4,1,H,2021-22
Ligue 1,2021-12-12,Paris Saint-Germain,AS Monaco,2,0,H,2021-22
Ligue 1,2021-12-12,Stade Rennais,Nice,1,2,A,2021-22
Ligue 1,2021-12-12,Strasbourg,Marseille,0,2,A,2021-22
Ligue 1,2021-12-12,Troyes,Bordeaux,1,2,A,2021-22
Ligue 1,2021-12-22,AS Monaco,Stade Rennais,2,1,H,2021-22
Ligue 1,2021-12-22,Bordeaux,Lille,2,3,A,2021-22
Ligue 1,2021-12-22,Lorient,Paris Saint-Germain,1,1,D,2021-22
Ligue 1,2021-12-22,Lyon,Metz,1,1,D,2021-22
Ligue 1,2021-12-22,Marseille,Stade de Reims,1,1,D,2021-22
Ligue 1,2021-12-22,Montpellier,Angers,4,1,H,2021-22
Ligue 1,2021-12-22,Nice,Lens,2,1,H,2021-22
Ligue 1,2021-12-22,Saint-Étienne,Nantes,0,1,A,2021-22
Ligue 1,2021-12-22,Troyes,Brest,1,1,D,2021-22
Ligue 1,2022-01-07,Bordeaux,Marseille,0,1,A,2021-22
Ligue 1,2022-01-08,Lens,Stade Rennais,1,0,H,2021-22
Ligue 1,2022-01-09,Brest,Nice,0,3,A,2021-22
Ligue 1,2022-01-09,Clermont Foot,Stade de Reims,0,0,D,2021-22
Ligue 1,2022-01-09,Lyon,Paris Saint-Germain,1,1,D,2021-22
Ligue 1,2022-01-09,Metz,Strasbourg,0,2,A,2021-22
Ligue 1,2022-01-09,Nantes,AS Monaco,0,0,D,2021-22
Ligue 1,2022-01-14,Nice,Nantes,2,1,H,2021-22
Ligue 1,2022-01-15,Paris Saint-Germain,Brest,2,0,H,2021-22
Ligue 1,2022-01-15,Saint-Étienne,Lens,1,2,A,2021-22
Ligue 1,2022-01-16,AS Monaco,Clermont Foot,4,0,H,2021-22
Ligue 1,2022-01-16,Lorient,Angers,0,0,D,2021-22
Ligue 1,2022-01-16,Marseille,Lille,1,1,D,2021-22
Ligue 1,2022-01-16,Stade Rennais,Bordeaux,6,0,H,2021-22
Ligue 1,2022-01-16,Stade de Reims,Metz,0,1,A,2021-22
Ligue 1,2022-01-16,Strasbourg,Montpellier,3,1,H,2021-22
Ligue 1,2022-01-16,Troyes,Lyon,0,1,A,2021-22
Ligue 1,2022-01-19,Clermont Foot,Strasbourg,0,2,A,2021-22
Ligue 1,2022-01-19,Lille,Lorient,3,1,H,2021-22
Ligue 1,2022-01-19,Montpellier,Troyes,0,1,A,2021-22
Ligue 1,2022-01-21,Lyon,Saint-Étienne,1,0,H,2021-22
Ligue 1,2022-01-22,Brest,Lille,2,0,H,2021-22
Ligue 1,2022-01-22,Lens,Marseille,0,2,A,2021-22
Ligue 1,2022-01-23,Angers,Troyes,2,1,H,2021-22
Ligue 1,2022-01-23,Bordeaux,Strasbourg,4,3,H,2021-22
Ligue 1,2022-01-23,Clermont Foot,Stade Rennais,2,1,H,2021-22
Ligue 1,2022-01-23,Metz,Nice,0,2,A,2021-22
Ligue 1,2022-01-23,Montpellier,AS Monaco,3,2,H,2021-22
Ligue 1,2022-01-23,Nantes,Lorient,4,2,H,2021-22
Ligue 1,2022-01-23,Paris Saint-Germain,Stade de Reims,4,0,H,2021-22
Ligue 1,2022-01-26,Angers,Saint-Étienne,0,1,A,2021-22
Ligue 1,2022-02-01,Lyon,Marseille,2,1,H,2021-22
Ligue 1,2022-02-04,Marseille,Angers,5,2,H,2021-22
Ligue 1,2022-02-05,AS Monaco,Lyon,2,0,H,2021-22
Ligue 1,2022-02-05,Saint-Étienne,Montpellier,3,1,H,2021-22
Ligue 1,2022-02-06,Lille,Paris Saint-Germain,1,5,A,2021-22
Ligue 1,2022-02-06,Lorient,Lens,2,0,H,2021-22
Ligue 1,2022-02-06,Nice,Clermont Foot,0,1,A,2021-22
Ligue 1,2022-02-06,Stade Rennais,Brest,2,0,H,2021-22
Ligue 1,2022-02-06,Stade de Reims,Bordeaux,5,0,H,2021-22
Ligue 1,2022-02-06,Strasbourg,Nantes,1,0,H,2021-22
Ligue 1,2022-02-06,Troyes,Metz,0,0,D,2021-22
Ligue 1,2022-02-11,Paris Saint-Germain,Stade Rennais,1,0,H,2021-22
Ligue 1,2022-02-12,Lyon,Nice,2,0,H,2021-22
Ligue 1,2022-02-12,Montpellier,Lille,0,1,A,2021-22
Ligue 1,2022-02-13,AS Monaco,Lorient,0,0,D,2021-22
Ligue 1,2022-02-13,Angers,Strasbourg,0,1,A,2021-22
Ligue 1,2022-02-13,Brest,Troyes,5,1,H,2021-22
Ligue 1,2022-02-13,Clermont Foot,Saint-Étienne,1,2,A,2021-22
Ligue 1,2022-02-13,Lens,Bordeaux,3,2,H,2021-22
Ligue 1,2022-02-13,Metz,Marseille,1,2,A,2021-22
Ligue 1,2022-02-13,Nantes,Stade de Reims,1,0,H,2021-22
Ligue 1,2022-02-18,Lille,Metz,0,0,D,2021-22
Ligue 1,2022-02-19,Lens,Lyon,1,1,D,2021-22
Ligue 1,2022-02-19,Nantes,Paris Saint-Germain,3,1,H,2021-22
Ligue 1,2022-02-20,Bordeaux,AS Monaco,1,1,D,2021-22
Ligue 1,2022-02-20,Lorient,Montpellier,0,1,A,2021-22
Ligue 1,2022-02-20,Marseille,Clermont Foot,0,2,A,2021-22
Ligue 1,2022-02-20,Nice,Angers,1,0,H,2021-22
Ligue 1,2022-02-20,Saint-Étienne,Strasbourg,2,2,D,2021-22
Ligue 1,2022-02-20,Stade Rennais,Troyes,4,1,H,2021-22
Ligue 1,2022-02-20,Stade de Reims,Brest,1,1,D,2021-22
Ligue 1,2022-02-25,Montpellier,Stade Rennais,2,4,A,2021-22
Ligue 1,2022-02-26,Paris Saint-Germain,Saint-Étienne,3,1,H,2021-22
Ligue 1,2022-02-26,Strasbourg,Nice,0,0,D,2021-22
Ligue 1,2022-02-27,AS Monaco,Stade de Reims,1,2,A,2021-22
Ligue 1,2022-02-27,Angers,Lens,1,2,A,2021-22
Ligue 1,2022-02-27,Brest,Lorient,0,1,A,2021-22
Ligue 1,2022-02-27,Clermont Foot,Bordeaux,1,1,D,2021-22
Ligue 1,2022-02-27,Lyon,Lille,0,1,A,2021-22
Ligue 1,2022-02-27,Metz,Nantes,0,0,D,2021-22
Ligue 1,2022-02-27,Troyes,Marseille,1,1,D,2021-22
Ligue 1,2022-03-04,Lorient,Lyon,1,4,A,2021-22
Ligue 1,2022-03-05,Lens,Brest,0,1,A,2021-22
Ligue 1,2022-03-05,Nice,Paris Saint-Germain,1,0,H,2021-22
Ligue 1,2022-03-06,Bordeaux,Troyes,0,2,A,2021-22
Ligue 1,2022-03-06,Lille,Clermont Foot,4,0,H,2021-22
Ligue 1,2022-03-06,Marseille,AS Monaco,0,1,A,2021-22
Ligue 1,2022-03-06,Nantes,Montpellier,2,0,H,2021-22
Ligue 1,2022-03-06,Saint-Étienne,Metz,1,0,H,2021-22
Ligue 1,2022-03-06,Stade Rennais,Angers,2,0,H,2021-22
Ligue 1,2022-03-06,Stade de Reims,Strasbourg,1,1,D,2021-22
Ligue 1,2022-03-11,Lille,Saint-Étienne,0,0,D,2021-22
Ligue 1,2022-03-12,Montpellier,Nice,0,0,D,2021-22
Ligue 1,2022-03-12,Troyes,Nantes,1,0,H,2021-22
Ligue 1,2022-03-13,Angers,Stade de Reims,0,1,A,2021-22
Ligue 1,2022-03-13,Brest,Marseille,1,4,A,2021-22
Ligue 1,2022-03-13,Clermont Foot,Lorient,0,2,A,2021-22
Ligue 1,2022-03-13,Lyon,Stade Rennais,2,4,A,2021-22
Ligue 1,2022-03-13,Metz,Lens,0,0,D,2021-22
Ligue 1,2022-03-13,Paris Saint-Germain,Bordeaux,3,0,H,2021-22
Ligue 1,2022-03-13,Strasbourg,AS Monaco,1,0,H,2021-22
Ligue 1,2022-03-18,Saint-Étienne,Troyes,1,1,D,2021-22
Ligue 1,2022-03-19,Lens,Clermont Foot,3,1,H,2021-22
Ligue 1,2022-03-19,Nantes,Lille,0,1,A,2021-22
Ligue 1,2022-03-20,AS Monaco,Paris Saint-Germain,3,0,H,2021-22
Ligue 1,2022-03-20,Angers,Brest,1,0,H,2021-22
Ligue 1,2022-03-20,Bordeaux,Montpellier,0,2,A,2021-22
Ligue 1,2022-03-20,Lorient,Strasbourg,0,0,D,2021-22
Ligue 1,2022-03-20,Marseille,Nice,2,1,H,2021-22
Ligue 1,2022-03-20,Stade Rennais,Metz,6,1,H,2021-22
Ligue 1,2022-03-20,Stade de Reims,Lyon,0,0,D,2021-22
Ligue 1,2022-04-02,Lille,Bordeaux,0,0,D,2021-22
Ligue 1,2022-04-02,Nice,Stade Rennais,1,1,D,2021-22
Ligue 1,2022-04-03,Clermont Foot,Nantes,2,3,A,2021-22
Ligue 1,2022-04-03,Lyon,Angers,3,2,H,2021-22
Ligue 1,2022-04-03,Metz,AS Monaco,1,2,A,2021-22
Ligue 1,2022-04-03,Montpellier,Brest,1,2,A,2021-22
Ligue 1,2022-04-03,Paris Saint-Germain,Lorient,5,1,H,2021-22
Ligue 1,2022-04-03,Saint-Étienne,Marseille,2,4,A,2021-22
Ligue 1,2022-04-03,Strasbourg,Lens,1,0,H,2021-22
Ligue 1,2022-04-03,Troyes,Stade de Reims,1,0,H,2021-22
Ligue 1,2022-04-08,Lorient,Saint-Étienne,6,2,H,2021-22
Ligue 1,2022-04-09,Clermont Foot,Paris Saint-Germain,1,6,A,2021-22
Ligue 1,2022-04-09,Stade de Reims,Stade Rennais,2,3,A,2021-22
Ligue 1,2022-04-10,AS Monaco,Troyes,2,1,H,2021-22
Ligue 1,2022-04-10,Angers,Lille,1,1,D,2021-22
Ligue 1,2022-04-10,Bordeaux,Metz,3,1,H,2021-22
Ligue 1,2022-04-10,Brest,Nantes,1,1,D,2021-22
Ligue 1,2022-04-10,Lens,Nice,3,0,H,2021-22
Ligue 1,2022-04-10,Marseille,Montpellier,2,0,H,2021-22
Ligue 1,2022-04-10,Strasbourg,Lyon,1,1,D,2021-22
Ligue 1,2022-04-15,Stade Rennais,AS Monaco,2,3,A,2021-22
Ligue 1,2022-04-16,Lille,Lens,1,2,A,2021-22
Ligue 1,2022-04-16,Saint-Étienne,Brest,2,1,H,2021-22
Ligue 1,2022-04-17,Lyon,Bordeaux,6,1,H,2021-22
Ligue 1,2022-04-17,Metz,Clermont Foot,1,1,D,2021-22
Ligue 1,2022-04-17,Montpellier,Stade de Reims,0,0,D,2021-22
Ligue 1,2022-04-17,Nantes,Angers,1,1,D,2021-22
Ligue 1,2022-04-17,Nice,Lorient,2,1,H,2021-22
Ligue 1,2022-04-17,Paris Saint-Germain,Marseille,2,1,H,2021-22
Ligue 1,2022-04-17,Troyes,Strasbourg,1,1,D,2021-22
Ligue 1,2022-04-20,AS Monaco,Nice,1,0,H,2021-22
Ligue 1,2022-04-20,Angers,Paris Saint-Germain,0,3,A,2021-22
Ligue 1,2022-04-20,Bordeaux,Saint-Étienne,2,2,D,2021-22
Ligue 1,2022-04-20,Brest,Lyon,2,1,H,2021-22
Ligue 1,2022-04-20,Lens,Montpellier,2,0,H,2021-22
Ligue 1,2022-04-20,Lorient,Metz,1,0,H,2021-22
Ligue 1,2022-04-20,Marseille,Nantes,3,2,H,2021-22
Ligue 1,2022-04-20,Stade de Reims,Lille,2,1,H,2021-22
Ligue 1,2022-04-20,Strasbourg,Stade Rennais,2,1,H,2021-22
Ligue 1,2022-04-20,Troyes,Clermont Foot,0,1,A,2021-22
Ligue 1,2022-04-23,Lyon,Montpellier,5,2,H,2021-22
Ligue 1,2022-04-23,Paris Saint-Germain,Lens,1,1,D,2021-22
Ligue 1,2022-04-23,Saint-Étienne,AS Monaco,1,4,A,2021-22
Ligue 1,2022-04-24,Clermont Foot,Angers,2,2,D,2021-22
Ligue 1,2022-04-24,Lille,Strasbourg,1,0,H,2021-22
Ligue 1,2022-04-24,Metz,Brest,0,1,A,2021-22
Ligue 1,2022-04-24,Nantes,Bordeaux,5,3,H,2021-22
Ligue 1,2022-04-24,Nice,Troyes,1,0,H,2021-22
Ligue 1,2022-04-24,Stade Rennais,Lorient,5,0,H,2021-22
Ligue 1,2022-04-24,Stade de Reims,Marseille,0,1,A,2021-22
Ligue 1,2022-04-29,Strasbourg,Paris Saint-Germain,3,3,D,2021-22
Ligue 1,2022-04-30,Lens,Nantes,2,2,D,2021-22
Ligue 1,2022-04-30,Stade Rennais,Saint-Étienne,2,0,H,2021-22
Ligue 1,2022-05-01,AS Monaco,Angers,2,0,H,2021-22
Ligue 1,2022-05-01,Bordeaux,Nice,0,1,A,2021-22
Ligue 1,2022-05-01,Brest,Clermont Foot,2,0,H,2021-22
Ligue 1,2022-05-01,Lorient,Stade de Reims,1,2,A,2021-22
Ligue 1,2022-05-01,Marseille,Lyon,0,3,A,2021-22
Ligue 1,2022-05-01,Montpellier,Metz,2,2,D,2021-22
Ligue 1,2022-05-01,Troyes,Lille,3,0,H,2021-22
Ligue 1,2022-05-06,Lille,AS Monaco,1,2,A,2021-22
Ligue 1,2022-05-07,Brest,Strasbourg,0,1,A,2021-22
Ligue 1,2022-05-08,Angers,Bordeaux,4,1,H,2021-22
Ligue 1,2022-05-08,Clermont Foot,Montpellier,2,1,H,2021-22
Ligue 1,2022-05-08,Lorient,Marseille,0,3,A,2021-22
Ligue 1,2022-05-08,Metz,Lyon,3,2,H,2021-22
Ligue 1,2022-05-08,Paris Saint-Germain,Troyes,2,2,D,2021-22
Ligue 1,2022-05-08,Stade de Reims,Lens,1,2,A,2021-22
Ligue 1,2022-05-11,Nantes,Stade Rennais,2,1,H,2021-22
Ligue 1,2022-05-11,Nice,Saint-Étienne,4,2,H,2021-22
Ligue 1,2022-05-14,AS Monaco,Brest,4,2,H,2021-22
Ligue 1,2022-05-14,Bordeaux,Lorient,0,0,D,2021-22
Ligue 1,2022-05-14,Lyon,Nantes,3,2,H,2021-22
Ligue 1,2022-05-14,Metz,Angers,1,0,H,2021-22
Ligue 1,2022-05-14,Montpellier,Paris Saint-Germain,0,4,A,2021-22
Ligue 1,2022-05-14,Nice,Lille,1,3,A,2021-22
Ligue 1,2022-05-14,Saint-Étienne,Stade de Reims,1,2,A,2021-22
Ligue 1,2022-05-14,Stade Rennais,Marseille,2,0,H,2021-22
Ligue 1,2022-05-14,Strasbourg,Clermont Foot,1,0,H,2021-22
Ligue 1,2022-05-14,Troyes,Lens,1,3,A,2021-22
Ligue 1,2022-05-21,Angers,Montpellier,2,0,H,2021-22
Ligue 1,2022-05-21,Brest,Bordeaux,2,4,A,2021-22
Ligue 1,2022-05-21,Clermont Foot,Lyon,1,2,A,2021-22
Ligue 1,2022-05-21,Lens,AS Monaco,2,2,D,2021-22
Ligue 1,2022-05-21,Lille,Stade Rennais,2,2,D,2021-22
Ligue 1,2022-05-21,Lorient,Troyes,1,1,D,2021-22
Ligue 1,2022-05-21,Marseille,Strasbourg,4,0,H,2021-22
Ligue 1,2022-05-21,Nantes,Saint-Étienne,1,1,D,2021-22
Ligue 1,2022-05-21,Paris Saint-Germain,Metz,5,0,H,2021-22
Ligue 1,2022-05-21,Stade de Reims,Nice,2,3,A,2021-22
Ligue 1,2022-08-05,Lyon,AC Ajaccio,2,1,H,2022-23
Ligue 1,2022-08-06,Clermont Foot,Paris Saint-Germain,0,5,A,2022-23
Ligue 1,2022-08-06,Strasbourg,AS Monaco,1,2,A,2022-23
Ligue 1,2022-08-07,Angers,Nantes,0,0,D,2022-23
Ligue 1,2022-08-07,Lens,Brest,3,2,H,2022-23
Ligue 1,2022-08-07,Lille,AJ Auxerre,4,1,H,2022-23
Ligue 1,2022-08-07,Marseille,Stade de Reims,4,1,H,2022-23
Ligue 1,2022-08-07,Montpellier,Troyes,3,2,H,2022-23
Ligue 1,2022-08-07,Stade Rennais,Lorient,0,1,A,2022-23
Ligue 1,2022-08-07,Toulouse,Nice,1,1,D,2022-23
Ligue 1,2022-08-12,Nantes,Lille,1,1,D,2022-23
Ligue 1,2022-08-13,AS Monaco,Stade Rennais,1,1,D,2022-23
Ligue 1,2022-08-13,Paris Saint-Germain,Montpellier,5,2,H,2022-23
Ligue 1,2022-08-14,AC Ajaccio,Lens,0,0,D,2022-23
Ligue 1,2022-08-14,AJ Auxerre,Angers,2,2,D,2022-23
Ligue 1,2022-08-14,Brest,Marseille,1,1,D,2022-23
Ligue 1,2022-08-14,Nice,Strasbourg,1,1,D,2022-23
Ligue 1,2022-08-14,Stade de Reims,Clermont Foot,2,4,A,2022-23
Ligue 1,2022-08-14,Troyes,Toulouse,0,3,A,2022-23
Ligue 1,2022-08-19,Lyon,Troyes,4,1,H,2022-23
Ligue 1,2022-08-20,AS Monaco,Lens,1,4,A,2022-23
Ligue 1,2022-08-20,Marseille,Nantes,2,1,H,2022-23
Ligue 1,2022-08-21,Angers,Brest,1,3,A,2022-23
Ligue 1,2022-08-21,Clermont Foot,Nice,1,0,H,2022-23
Ligue 1,2022-08-21,Lille,Paris Saint-Germain,1,7,A,2022-23
Ligue 1,2022-08-21,Montpellier,AJ Auxerre,1,2,A,2022-23
Ligue 1,2022-08-21,Stade Rennais,AC Ajaccio,2,1,H,2022-23
Ligue 1,2022-08-21,Strasbourg,Stade de Reims,1,1,D,2022-23
Ligue 1,2022-08-21,Toulouse,Lorient,2,2,D,2022-23
Ligue 1,2022-08-26,AC Ajaccio,Lille,1,3,A,2022-23
Ligue 1,2022-08-27,AJ Auxerre,Strasbourg,1,0,H,2022-23
Ligue 1,2022-08-27,Lens,Stade Rennais,2,1,H,2022-23
Ligue 1,2022-08-28,Brest,Montpellier,0,7,A,2022-23
Ligue 1,2022-08-28,Lorient,Clermont Foot,2,1,H,2022-23
Ligue 1,2022-08-28,Nantes,Toulouse,3,1,H,2022-23
Ligue 1,2022-08-28,Nice,Marseille,0,3,A,2022-23
Ligue 1,2022-08-28,Paris Saint-Germain,AS Monaco,1,1,D,2022-23
Ligue 1,2022-08-28,Stade de Reims,Lyon,1,1,D,2022-23
Ligue 1,2022-08-28,Troyes,Angers,3,1,H,2022-23
Ligue 1,2022-08-31,AS Monaco,Troyes,2,4,A,2022-23
Ligue 1,2022-08-31,Angers,Stade de Reims,2,4,A,2022-23
Ligue 1,2022-08-31,Lens,Lorient,5,2,H,2022-23
Ligue 1,2022-08-31,Lille,Nice,1,2,A,2022-23
Ligue 1,2022-08-31,Lyon,AJ Auxerre,2,1,H,2022-23
Ligue 1,2022-08-31,Marseille,Clermont Foot,1,0,H,2022-23
Ligue 1,2022-08-31,Montpellier,AC Ajaccio,2,0,H,2022-23
Ligue 1,2022-08-31,Stade Rennais,Brest,3,1,H,2022-23
Ligue 1,2022-08-31,Strasbourg,Nantes,1,1,D,2022-23
Ligue 1,2022-08-31,Toulouse,Paris Saint-Germain,0,3,A,2022-23
Ligue 1,2022-09-03,AJ Auxerre,Marseille,0,2,A,2022-23
Ligue 1,2022-09-03,Lyon,Angers,5,0,H,2022-23
Ligue 1,2022-09-03,Nantes,Paris Saint-Germain,0,3,A,2022-23
Ligue 1,2022-09-04,AC Ajaccio,Lorient,0,1,A,2022-23
Ligue 1,2022-09-04,Brest,Strasbourg,1,1,D,2022-23
Ligue 1,2022-09-04,Clermont Foot,Toulouse,2,0,H,2022-23
Ligue 1,2022-09-04,Montpellier,Lille,1,3,A,2022-23
Ligue 1,2022-09-04,Nice,AS Monaco,0,1,A,2022-23
Ligue 1,2022-09-04,Stade de Reims,Lens,1,1,D,2022-23
Ligue 1,2022-09-04,Troyes,Stade Rennais,1,1,D,2022-23
Ligue 1,2022-09-07,Lorient,Lyon,3,1,H,2022-23
Ligue 1,2022-09-09,Lens,Troyes,1,0,H,2022-23
Ligue 1,2022-09-10,Marseille,Lille,2,1,H,2022-23
Ligue 1,2022-09-10,Paris Saint-Germain,Brest,1,0,H,2022-23
Ligue 1,2022-09-11,AC Ajaccio,Nice,0,1,A,2022-23
Ligue 1,2022-09-11,AS Monaco,Lyon,2,1,H,2022-23
Ligue 1,2022-09-11,Angers,Montpellier,2,1,H,2022-23
Ligue 1,2022-09-11,Lorient,Nantes,3,2,H,2022-23
Ligue 1,2022-09-11,Stade Rennais,AJ Auxerre,5,0,H,2022-23
Ligue 1,2022-09-11,Strasbourg,Clermont Foot,0,0,D,2022-23
Ligue 1,2022-09-11,Toulouse,Stade de Reims,1,0,H,2022-23
Ligue 1,2022-09-16,AJ Auxerre,Lorient,1,3,A,2022-23
Ligue 1,2022-09-17,Lille,Toulouse,2,1,H,2022-23
Ligue 1,2022-09-17,Montpellier,Strasbourg,2,1,H,2022-23
Ligue 1,2022-09-18,Brest,AC Ajaccio,0,1,A,2022-23
Ligue 1,2022-09-18,Clermont Foot,Troyes,1,3,A,2022-23
Ligue 1,2022-09-18,Lyon,Paris Saint-Germain,0,1,A,2022-23
Ligue 1,2022-09-18,Marseille,Stade Rennais,1,1,D,2022-23
Ligue 1,2022-09-18,Nantes,Lens,0,0,D,2022-23
Ligue 1,2022-09-18,Nice,Angers,0,1,A,2022-23
Ligue 1,2022-09-18,Stade de Reims,AS Monaco,0,3,A,2022-23
Ligue 1,2022-09-30,Angers,Marseille,0,3,A,2022-23
Ligue 1,2022-10-01,Paris Saint-Germain,Nice,2,1,H,2022-23
Ligue 1,2022-10-01,Strasbourg,Stade Rennais,1,3,A,2022-23
Ligue 1,2022-10-02,AC Ajaccio,Clermont Foot,1,3,A,2022-23
Ligue 1,2022-10-02,AJ Auxerre,Brest,1,1,D,2022-23
Ligue 1,2022-10-02,AS Monaco,Nantes,4,1,H,2022-23
Ligue 1,2022-10-02,Lens,Lyon,1,0,H,2022-23
Ligue 1,2022-10-02,Lorient,Lille,2,1,H,2022-23
Ligue 1,2022-10-02,Toulouse,Montpellier,4,2,H,2022-23
Ligue 1,2022-10-02,Troyes,Stade de Reims,2,2,D,2022-23
Ligue 1,2022-10-07,Lyon,Toulouse,1,1,D,2022-23
Ligue 1,2022-10-08,Marseille,AC Ajaccio,1,2,A,2022-23
Ligue 1,2022-10-08,Stade de Reims,Paris Saint-Germain,0,0,D,2022-23
Ligue 1,2022-10-09,Angers,Strasbourg,2,3,A,2022-23
Ligue 1,2022-10-09,Brest,Lorient,1,2,A,2022-23
Ligue 1,2022-10-09,Clermont Foot,AJ Auxerre,2,1,H,2022-23
Ligue 1,2022-10-09,Lille,Lens,1,0,H,2022-23
Ligue 1,2022-10-09,Montpellier,AS Monaco,0,2,A,2022-23
Ligue 1,2022-10-09,Nice,Troyes,3,2,H,2022-23
Ligue 1,2022-10-09,Stade Rennais,Nantes,3,0,H,2022-23
Ligue 1,2022-10-14,Strasbourg,Lille,0,3,A,2022-23
Ligue 1,2022-10-15,Lens,Montpellier,1,0,H,2022-23
Ligue 1,2022-10-15,Lorient,Stade de Reims,0,0,D,2022-23
Ligue 1,2022-10-16,AJ Auxerre,Nice,1,1,D,2022-23
Ligue 1,2022-10-16,AS Monaco,Clermont Foot,1,1,D,2022-23
Ligue 1,2022-10-16,Nantes,Brest,4,1,H,2022-23
Ligue 1,2022-10-16,Paris Saint-Germain,Marseille,1,0,H,2022-23
Ligue 1,2022-10-16,Stade Rennais,Lyon,3,2,H,2022-23
Ligue 1,2022-10-16,Toulouse,Angers,3,2,H,2022-23
Ligue 1,2022-10-16,Troyes,AC Ajaccio,1,1,D,2022-23
Ligue 1,2022-10-21,AC Ajaccio,Paris Saint-Germain,0,3,A,2022-23
Ligue 1,2022-10-22,Marseille,Lens,0,1,A,2022-23
Ligue 1,2022-10-22,Montpellier,Lyon,1,2,A,2022-23
Ligue 1,2022-10-23,Angers,Stade Rennais,1,2,A,2022-23
Ligue 1,2022-10-23,Clermont Foot,Brest,1,3,A,2022-23
Ligue 1,2022-10-23,Lille,AS Monaco,4,3,H,2022-23
Ligue 1,2022-10-23,Nice,Nantes,1,1,D,2022-23
Ligue 1,2022-10-23,Stade de Reims,AJ Auxerre,2,1,H,2022-23
Ligue 1,2022-10-23,Toulouse,Strasbourg,2,2,D,2022-23
Ligue 1,2022-10-23,Troyes,Lorient,2,2,D,2022-23
Ligue 1,2022-10-28,Lens,Toulouse,3,0,H,2022-23
Ligue 1,2022-10-29,Paris Saint-Germain,Troyes,4,3,H,2022-23
Ligue 1,2022-10-29,Strasbourg,Marseille,2,2,D,2022-23
Ligue 1,2022-10-30,AJ Auxerre,AC Ajaccio,1,0,H,2022-23
Ligue 1,2022-10-30,AS Monaco,Angers,2,0,H,2022-23
Ligue 1,2022-10-30,Brest,Stade de Reims,0,0,D,2022-23
Ligue 1,2022-10-30,Lorient,Nice,1,2,A,2022-23
Ligue 1,2022-10-30,Lyon,Lille,1,0,H,2022-23
Ligue 1,2022-10-30,Nantes,Clermont Foot,1,1,D,2022-23
Ligue 1,2022-10-30,Stade Rennais,Montpellier,3,0,H,2022-23
Ligue 1,2022-11-04,Troyes,AJ Auxerre,1,1,D,2022-23
Ligue 1,2022-11-05,AC Ajaccio,Strasbourg,4,2,H,2022-23
Ligue 1,2022-11-05,Angers,Lens,1,2,A,2022-23
Ligue 1,2022-11-06,Clermont Foot,Montpellier,1,1,D,2022-23
Ligue 1,2022-11-06,Lille,Stade Rennais,1,1,D,2022-23
Ligue 1,2022-11-06,Lorient,Paris Saint-Germain,1,2,A,2022-23
Ligue 1,2022-11-06,Marseille,Lyon,1,0,H,2022-23
Ligue 1,2022-11-06,Nice,Brest,1,0,H,2022-23
Ligue 1,2022-11-06,Stade de Reims,Nantes,1,0,H,2022-23
Ligue 1,2022-11-06,Toulouse,AS Monaco,0,2,A,2022-23
Ligue 1,2022-11-11,Lyon,Nice,1,1,D,2022-23
Ligue 1,2022-11-12,Lens,Clermont Foot,2,1,H,2022-23
Ligue 1,2022-11-12,Stade Rennais,Toulouse,2,1,H,2022-23
Ligue 1,2022-11-13,AS Monaco,Marseille,2,3,A,2022-23
Ligue 1,2022-11-13,Brest,Troyes,2,1,H,2022-23
Ligue 1,2022-11-13,Lille,Angers,1,0,H,2022-23
Ligue 1,2022-11-13,Montpellier,Stade de Reims,1,1,D,2022-23
Ligue 1,2022-11-13,Nantes,AC Ajaccio,2,2,D,2022-23
Ligue 1,2022-11-13,Paris Saint-Germain,AJ Auxerre,5,0,H,2022-23
Ligue 1,2022-11-13,Strasbourg,Lorient,1,1,D,2022-23
Ligue 1,2022-12-28,AC Ajaccio,Angers,1,0,H,2022-23
Ligue 1,2022-12-28,AJ Auxerre,AS Monaco,2,3,A,2022-23
Ligue 1,2022-12-28,Brest,Lyon,2,4,A,2022-23
Ligue 1,2022-12-28,Clermont Foot,Lille,0,2,A,2022-23
Ligue 1,2022-12-28,Paris Saint-Germain,Strasbourg,2,1,H,2022-23
Ligue 1,2022-12-28,Troyes,Nantes,0,0,D,2022-23
Ligue 1,2022-12-29,Lorient,Montpellier,0,2,A,2022-23
Ligue 1,2022-12-29,Marseille,Toulouse,6,1,H,2022-23
Ligue 1,2022-12-29,Nice,Lens,0,0,D,2022-23
Ligue 1,2022-12-29,Stade de Reims,Stade Rennais,3,1,H,2022-23
Ligue 1,2023-01-01,AS Monaco,Brest,1,0,H,2022-23
Ligue 1,2023-01-01,Angers,Lorient,1,2,A,2022-23
Ligue 1,2023-01-01,Lens,Paris Saint-Germain,3,1,H,2022-23
Ligue 1,2023-01-01,Lyon,Clermont Foot,0,1,A,2022-23
Ligue 1,2023-01-01,Nantes,AJ Auxerre,1,0,H,2022-23
Ligue 1,2023-01-01,Toulouse,AC Ajaccio,2,0,H,2022-23
Ligue 1,2023-01-02,Lille,Stade de Reims,1,1,D,2022-23
Ligue 1,2023-01-02,Montpellier,Marseille,1,2,A,2022-23
Ligue 1,2023-01-02,Stade Rennais,Nice,2,1,H,2022-23
Ligue 1,2023-01-02,Strasbourg,Troyes,2,3,A,2022-23
Ligue 1,2023-01-11,AC Ajaccio,Stade de Reims,0,1,A,2022-23
Ligue 1,2023-01-11,AJ Auxerre,Toulouse,0,5,A,2022-23
Ligue 1,2023-01-11,Brest,Lille,0,0,D,2022-23
Ligue 1,2023-01-11,Clermont Foot,Stade Rennais,2,1,H,2022-23
Ligue 1,2023-01-11,Lorient,AS Monaco,2,2,D,2022-23
Ligue 1,2023-01-11,Nantes,Lyon,0,0,D,2022-23
Ligue 1,2023-01-11,Nice,Montpellier,6,1,H,2022-23
Ligue 1,2023-01-11,Paris Saint-Germain,Angers,2,0,H,2022-23
Ligue 1,2023-01-11,Strasbourg,Lens,2,2,D,2022-23
Ligue 1,2023-01-11,Troyes,Marseille,0,2,A,2022-23
Ligue 1,2023-01-14,Lens,AJ Auxerre,1,0,H,2022-23
Ligue 1,2023-01-14,Lyon,Strasbourg,1,2,A,2022-23
Ligue 1,2023-01-14,Marseille,Lorient,3,1,H,2022-23
Ligue 1,2023-01-15,AS Monaco,AC Ajaccio,7,1,H,2022-23
Ligue 1,2023-01-15,Angers,Clermont Foot,1,2,A,2022-23
Ligue 1,2023-01-15,Lille,Troyes,5,1,H,2022-23
Ligue 1,2023-01-15,Montpellier,Nantes,0,3,A,2022-23
Ligue 1,2023-01-15,Stade Rennais,Paris Saint-Germain,1,0,H,2022-23
Ligue 1,2023-01-15,Stade de Reims,Nice,0,0,D,2022-23
Ligue 1,2023-01-15,Toulouse,Brest,1,1,D,2022-23
Ligue 1,2023-01-27,Lorient,Stade Rennais,2,1,H,2022-23
Ligue 1,2023-01-28,Marseille,AS Monaco,1,1,D,2022-23
Ligue 1,2023-01-28,Troyes,Lens,1,1,D,2022-23
Ligue 1,2023-01-29,AC Ajaccio,Lyon,0,2,A,2022-23
Ligue 1,2023-01-29,AJ Auxerre,Montpellier,0,2,A,2022-23
Ligue 1,2023-01-29,Brest,Angers,4,0,H,2022-23
Ligue 1,2023-01-29,Clermont Foot,Nantes,0,0,D,2022-23
Ligue 1,2023-01-29,Nice,Lille,1,0,H,2022-23
Ligue 1,2023-01-29,Paris Saint-Germain,Stade de Reims,1,1,D,2022-23
Ligue 1,2023-01-29,Strasbourg,Toulouse,1,2,A,2022-23
Ligue 1,2023-02-01,AS Monaco,AJ Auxerre,3,2,H,2022-23
Ligue 1,2023-02-01,Angers,AC Ajaccio,1,2,A,2022-23
Ligue 1,2023-02-01,Lens,Nice,0,1,A,2022-23
Ligue 1,2023-02-01,Lille,Clermont Foot,0,0,D,2022-23
Ligue 1,2023-02-01,Lyon,Brest,0,0,D,2022-23
Ligue 1,2023-02-01,Montpellier,Paris Saint-Germain,1,3,A,2022-23
Ligue 1,2023-02-01,Nantes,Marseille,0,2,A,2022-23
Ligue 1,2023-02-01,Stade Rennais,Strasbourg,3,0,H,2022-23
Ligue 1,2023-02-01,Stade de Reims,Lorient,4,2,H,2022-23
Ligue 1,2023-02-01,Toulouse,Troyes,4,1,H,2022-23
Ligue 1,2023-02-04,Paris Saint-Germain,Toulouse,2,1,H,2022-23
Ligue 1,2023-02-04,Stade Rennais,Lille,1,3,A,2022-23
Ligue 1,2023-02-04,Troyes,Lyon,1,3,A,2022-23
Ligue 1,2023-02-05,AC Ajaccio,Nantes,0,2,A,2022-23
Ligue 1,2023-02-05,AJ Auxerre,Stade de Reims,0,0,D,2022-23
Ligue 1,2023-02-05,Brest,Lens,1,1,D,2022-23
Ligue 1,2023-02-05,Clermont Foot,AS Monaco,0,2,A,2022-23
Ligue 1,2023-02-05,Lorient,Angers,0,0,D,2022-23
Ligue 1,2023-02-05,Marseille,Nice,1,3,A,2022-23
Ligue 1,2023-02-05,Strasbourg,Montpellier,2,0,H,2022-23
Ligue 1,2023-02-10,Nice,AC Ajaccio,3,0,H,2022-23
Ligue 1,2023-02-11,AS Monaco,Paris Saint-Germain,3,1,H,2022-23
Ligue 1,2023-02-11,Clermont Foot,Marseille,0,2,A,2022-23
Ligue 1,2023-02-12,Angers,AJ Auxerre,1,1,D,2022-23
Ligue 1,2023-02-12,Lille,Strasbourg,2,0,H,2022-23
Ligue 1,2023-02-12,Lyon,Lens,2,1,H,2022-23
Ligue 1,2023-02-12,Montpellier,Brest,3,0,H,2022-23
Ligue 1,2023-02-12,Nantes,Lorient,1,0,H,2022-23
Ligue 1,2023-02-12,Stade de Reims,Troyes,4,0,H,2022-23
Ligue 1,2023-02-12,Toulouse,Stade Rennais,3,1,H,2022-23
Ligue 1,2023-02-17,AJ Auxerre,Lyon,2,1,H,2022-23
Ligue 1,2023-02-18,Nice,Stade de Reims,0,0,D,2022-23
Ligue 1,2023-02-18,Strasbourg,Angers,2,1,H,2022-23
Ligue 1,2023-02-19,Brest,AS Monaco,1,2,A,2022-23
Ligue 1,2023-02-19,Lens,Nantes,3,1,H,2022-23
Ligue 1,2023-02-19,Lorient,AC Ajaccio,3,0,H,2022-23
Ligue 1,2023-02-19,Paris Saint-Germain,Lille,4,3,H,2022-23
Ligue 1,2023-02-19,Stade Rennais,Clermont Foot,2,0,H,2022-23
Ligue 1,2023-02-19,Toulouse,Marseille,2,3,A,2022-23
Ligue 1,2023-02-19,Troyes,Montpellier,0,1,A,2022-23
Ligue 1,2023-02-24,Lille,Brest,2,1,H,2022-23
Ligue 1,2023-02-25,Angers,Lyon,1,3,A,2022-23
Ligue 1,2023-02-25,Montpellier,Lens,1,1,D,2022-23
Ligue 1,2023-02-26,AC Ajaccio,Troyes,2,1,H,2022-23
Ligue 1,2023-02-26,AS Monaco,Nice,0,3,A,2022-23
Ligue 1,2023-02-26,Clermont Foot,Strasbourg,1,1,D,2022-23
Ligue 1,2023-02-26,Lorient,AJ Auxerre,0,1,A,2022-23
Ligue 1,2023-02-26,Marseille,Paris Saint-Germain,0,3,A,2022-23
Ligue 1,2023-02-26,Nantes,Stade Rennais,0,1,A,2022-23
Ligue 1,2023-02-26,Stade de Reims,Toulouse,3,0,H,2022-23
Ligue 1,2023-03-03,Nice,AJ Auxerre,1,1,D,2022-23
Ligue 1,2023-03-04,Lens,Lille,1,1,D,2022-23
Ligue 1,2023-03-04,Paris Saint-Germain,Nantes,4,2,H,2022-23
Ligue 1,2023-03-05,Lyon,Lorient,0,0,D,2022-23
Ligue 1,2023-03-05,Montpellier,Angers,5,0,H,2022-23
Ligue 1,2023-03-05,Stade Rennais,Marseille,0,1,A,2022-23
Ligue 1,2023-03-05,Stade de Reims,AC Ajaccio,1,0,H,2022-23
Ligue 1,2023-03-05,Strasbourg,Brest,0,1,A,2022-23
Ligue 1,2023-03-05,Toulouse,Clermont Foot,0,1,A,2022-23
Ligue 1,2023-03-05,Troyes,AS Monaco,2,2,D,2022-23
Ligue 1,2023-03-10,Lille,Lyon,3,3,D,2022-23
Ligue 1,2023-03-11,AJ Auxerre,Stade Rennais,0,0,D,2022-23
Ligue 1,2023-03-11,Brest,Paris Saint-Germain,1,2,A,2022-23
Ligue 1,2023-03-12,AC Ajaccio,Montpellier,0,1,A,2022-23
Ligue 1,2023-03-12,AS Monaco,Stade de Reims,0,1,A,2022-23
Ligue 1,2023-03-12,Angers,Toulouse,0,2,A,2022-23
Ligue 1,2023-03-12,Clermont Foot,Lens,0,4,A,2022-23
Ligue 1,2023-03-12,Lorient,Troyes,2,0,H,2022-23
Ligue 1,2023-03-12,Marseille,Strasbourg,2,2,D,2022-23
Ligue 1,2023-03-12,Nantes,Nice,2,2,D,2022-23
Ligue 1,2023-03-17,Lyon,Nantes,1,1,D,2022-23
Ligue 1,2023-03-18,Lens,Angers,3,0,H,2022-23
Ligue 1,2023-03-18,Toulouse,Lille,0,2,A,2022-23
Ligue 1,2023-03-19,AC Ajaccio,AS Monaco,0,2,A,2022-23
Ligue 1,2023-03-19,Montpellier,Clermont Foot,2,1,H,2022-23
Ligue 1,2023-03-19,Nice,Lorient,1,1,D,2022-23
Ligue 1,2023-03-19,Paris Saint-Germain,Stade Rennais,0,2,A,2022-23
Ligue 1,2023-03-19,Stade de Reims,Marseille,1,2,A,2022-23
Ligue 1,2023-03-19,Strasbourg,AJ Auxerre,2,0,H,2022-23
Ligue 1,2023-03-19,Troyes,Brest,2,2,D,2022-23
Ligue 1,2023-03-31,Marseille,Montpellier,1,1,D,2022-23
Ligue 1,2023-04-01,AJ Auxerre,Troyes,1,0,H,2022-23
Ligue 1,2023-04-01,Stade Rennais,Lens,0,1,A,2022-23
Ligue 1,2023-04-02,AS Monaco,Strasbourg,4,3,H,2022-23
Ligue 1,2023-04-02,Angers,Nice,1,1,D,2022-23
Ligue 1,2023-04-02,Brest,Toulouse,3,1,H,2022-23
Ligue 1,2023-04-02,Clermont Foot,AC Ajaccio,2,1,H,2022-23
Ligue 1,2023-04-02,Lille,Lorient,3,1,H,2022-23
Ligue 1,2023-04-02,Nantes,Stade de Reims,0,3,A,2022-23
Ligue 1,2023-04-02,Paris Saint-Germain,Lyon,0,1,A,2022-23
Ligue 1,2023-04-07,Lens,Strasbourg,2,1,H,2022-23
Ligue 1,2023-04-08,Angers,Lille,1,0,H,2022-23
Ligue 1,2023-04-08,Nice,Paris Saint-Germain,0,2,A,2022-23
Ligue 1,2023-04-09,AC Ajaccio,AJ Auxerre,0,3,A,2022-23
Ligue 1,2023-04-09,Lorient,Marseille,0,0,D,2022-23
Ligue 1,2023-04-09,Lyon,Stade Rennais,3,1,H,2022-23
Ligue 1,2023-04-09,Montpellier,Toulouse,1,2,A,2022-23
Ligue 1,2023-04-09,Nantes,AS Monaco,2,2,D,2022-23
Ligue 1,2023-04-09,Stade de Reims,Brest,1,1,D,2022-23
Ligue 1,2023-04-09,Troyes,Clermont Foot,0,2,A,2022-23
Ligue 1,2023-04-14,Toulouse,Lyon,1,2,A,2022-23
Ligue 1,2023-04-15,Paris Saint-Germain,Lens,3,1,H,2022-23
Ligue 1,2023-04-15,Stade Rennais,Stade de Reims,3,0,H,2022-23
Ligue 1,2023-04-16,AJ Auxerre,Nantes,2,1,H,2022-23
Ligue 1,2023-04-16,AS Monaco,Lorient,3,1,H,2022-23
Ligue 1,2023-04-16,Brest,Nice,1,0,H,2022-23
Ligue 1,2023-04-16,Clermont Foot,Angers,2,1,H,2022-23
Ligue 1,2023-04-16,Lille,Montpellier,2,1,H,2022-23
Ligue 1,2023-04-16,Marseille,Troyes,3,1,H,2022-23
Ligue 1,2023-04-16,Strasbourg,AC Ajaccio,3,1,H,2022-23
Ligue 1,2023-04-21,Angers,Paris Saint-Germain,1,2,A,2022-23
Ligue 1,2023-04-22,AJ Auxerre,Lille,1,1,D,2022-23
Ligue 1,2023-04-22,Lens,AS Monaco,3,0,H,2022-23
Ligue 1,2023-04-23,AC Ajaccio,Brest,0,0,D,2022-23
Ligue 1,2023-04-23,Lorient,Toulouse,0,1,A,2022-23
Ligue 1,2023-04-23,Lyon,Marseille,1,2,A,2022-23
Ligue 1,2023-04-23,Montpellier,Stade Rennais,1,0,H,2022-23
Ligue 1,2023-04-23,Nantes,Troyes,2,2,D,2022-23
Ligue 1,2023-04-23,Nice,Clermont Foot,1,2,A,2022-23
Ligue 1,2023-04-23,Stade de Reims,Strasbourg,0,2,A,2022-23
Ligue 1,2023-04-28,Strasbourg,Lyon,1,2,A,2022-23
Ligue 1,2023-04-29,Lille,AC Ajaccio,3,0,H,2022-23
Ligue 1,2023-04-30,AS Monaco,Montpellier,0,4,A,2022-23
Ligue 1,2023-04-30,Clermont Foot,Stade de Reims,1,0,H,2022-23
Ligue 1,2023-04-30,Marseille,AJ Auxerre,2,1,H,2022-23
Ligue 1,2023-04-30,Paris Saint-Germain,Lorient,1,3,A,2022-23
Ligue 1,2023-04-30,Stade Rennais,Angers,4,2,H,2022-23
Ligue 1,2023-04-30,Troyes,Nice,0,1,A,2022-23
Ligue 1,2023-05-02,Toulouse,Lens,0,1,A,2022-23
Ligue 1,2023-05-03,Brest,Nantes,2,0,H,2022-23
Ligue 1,2023-05-06,Lens,Marseille,2,1,H,2022-23
Ligue 1,2023-05-06,Nice,Stade Rennais,2,1,H,2022-23
Ligue 1,2023-05-06,Stade de Reims,Lille,1,0,H,2022-23
Ligue 1,2023-05-07,AC Ajaccio,Toulouse,0,0,D,2022-23
Ligue 1,2023-05-07,AJ Auxerre,Clermont Foot,1,1,D,2022-23
Ligue 1,2023-05-07,Angers,AS Monaco,1,2,A,2022-23
Ligue 1,2023-05-07,Lorient,Brest,2,1,H,2022-23
Ligue 1,2023-05-07,Lyon,Montpellier,5,4,H,2022-23
Ligue 1,2023-05-07,Nantes,Strasbourg,0,2,A,2022-23
Ligue 1,2023-05-07,Troyes,Paris Saint-Germain,1,3,A,2022-23
Ligue 1,2023-05-12,Lens,Stade de Reims,2,1,H,2022-23
Ligue 1,2023-05-13,Paris Saint-Germain,AC Ajaccio,5,0,H,2022-23
Ligue 1,2023-05-13,Strasbourg,Nice,2,0,H,2022-23
Ligue 1,2023-05-14,AS Monaco,Lille,0,0,D,2022-23
Ligue 1,2023-05-14,Brest,AJ Auxerre,1,0,H,2022-23
Ligue 1,2023-05-14,Clermont Foot,Lyon,2,1,H,2022-23
Ligue 1,2023-05-14,Marseille,Angers,3,1,H,2022-23
Ligue 1,2023-05-14,Montpellier,Lorient,1,1,D,2022-23
Ligue 1,2023-05-14,Stade Rennais,Troyes,4,0,H,2022-23
Ligue 1,2023-05-14,Toulouse,Nantes,0,0,D,2022-23
Ligue 1,2023-05-19,Lyon,AS Monaco,3,1,H,2022-23
Ligue 1,2023-05-20,Lille,Marseille,2,1,H,2022-23
Ligue 1,2023-05-20,Nantes,Montpellier,0,3,A,2022-23
Ligue 1,2023-05-21,AC Ajaccio,Stade Rennais,0,5,A,2022-23
Ligue 1,2023-05-21,AJ Auxerre,Paris Saint-Germain,1,2,A,2022-23
Ligue 1,2023-05-21,Brest,Clermont Foot,2,1,H,2022-23
Ligue 1,2023-05-21,Lorient,Lens,1,3,A,2022-23
Ligue 1,2023-05-21,Nice,Toulouse,0,0,D,2022-23
Ligue 1,2023-05-21,Stade de Reims,Angers,2,2,D,2022-23
Ligue 1,2023-05-21,Troyes,Strasbourg,1,1,D,2022-23
Ligue 1,2023-05-27,Angers,Troyes,2,1,H,2022-23
Ligue 1,2023-05-27,Clermont Foot,Lorient,2,0,H,2022-23
Ligue 1,2023-05-27,Lens,AC Ajaccio,3,0,H,2022-23
Ligue 1,2023-05-27,Lille,Nantes,2,1,H,2022-23
Ligue 1,2023-05-27,Lyon,Stade de Reims,3,0,H,2022-23
Ligue 1,2023-05-27,Marseille,Brest,1,2,A,2022-23
Ligue 1,2023-05-27,Montpellier,Nice,2,3,A,2022-23
Ligue 1,2023-05-27,Stade Rennais,AS Monaco,2,0,H,2022-23
Ligue 1,2023-05-27,Strasbourg,Paris Saint-Germain,1,1,D,2022-23
Ligue 1,2023-05-27,Toulouse,AJ Auxerre,1,1,D,2022-23
Ligue 1,2023-06-03,AC Ajaccio,Marseille,1,0,H,2022-23
Ligue 1,2023-06-03,AJ Auxerre,Lens,1,3,A,2022-23
Ligue 1,2023-06-03,AS Monaco,Toulouse,1,2,A,2022-23
Ligue 1,2023-06-03,Brest,Stade Rennais,1,2,A,2022-23
Ligue 1,2023-06-03,Lorient,Strasbourg,2,1,H,2022-23
Ligue 1,2023-06-03,Nantes,Angers,1,0,H,2022-23
Ligue 1,2023-06-03,Nice,Lyon,3,1,H,2022-23
Ligue 1,2023-06-03,Paris Saint-Germain,Clermont Foot,2,3,A,2022-23
Ligue 1,2023-06-03,Stade de Reims,Montpellier,1,3,A,2022-23
Ligue 1,2023-06-03,Troyes,Lille,1,1,D,2022-23
Ligue 1,2023-08-11,Nice,Lille,1,1,D,2023-24
Ligue 1,2023-08-12,Marseille,Stade de Reims,2,1,H,2023-24
Ligue 1,2023-08-12,Paris Saint-Germain,Lorient,0,0,D,2023-24
Ligue 1,2023-08-13,Brest,Lens,3,2,H,2023-24
Ligue 1,2023-08-13,Clermont Foot,AS Monaco,2,4,A,2023-24
Ligue 1,2023-08-13,Montpellier,Le Havre AC,2,2,D,2023-24
Ligue 1,2023-08-13,Nantes,Toulouse,1,2,A,2023-24
Ligue 1,2023-08-13,Stade Rennais,Metz,5,1,H,2023-24
Ligue 1,2023-08-13,Strasbourg,Lyon,2,1,H,2023-24
Ligue 1,2023-08-18,Metz,Marseille,2,2,D,2023-24
Ligue 1,2023-08-19,Lyon,Montpellier,1,4,A,2023-24
Ligue 1,2023-08-19,Toulouse,Paris Saint-Germain,1,1,D,2023-24
Ligue 1,2023-08-20,AS Monaco,Strasbourg,3,0,H,2023-24
Ligue 1,2023-08-20,Le Havre AC,Brest,1,2,A,2023-24
Ligue 1,2023-08-20,Lens,Stade Rennais,1,1,D,2023-24
Ligue 1,2023-08-20,Lille,Nantes,2,0,H,2023-24
Ligue 1,2023-08-20,Lorient,Nice,1,1,D,2023-24
Ligue 1,2023-08-20,Stade de Reims,Clermont Foot,2,0,H,2023-24
Ligue 1,2023-08-25,Nantes,AS Monaco,3,3,D,2023-24
Ligue 1,2023-08-26,Marseille,Brest,2,0,H,2023-24
Ligue 1,2023-08-26,Paris Saint-Germain,Lens,3,1,H,2023-24
Ligue 1,2023-08-27,Clermont Foot,Metz,0,1,A,2023-24
Ligue 1,2023-08-27,Lorient,Lille,4,1,H,2023-24
Ligue 1,2023-08-27,Montpellier,Stade de Reims,1,3,A,2023-24
Ligue 1,2023-08-27,Nice,Lyon,0,0,D,2023-24
Ligue 1,2023-08-27,Stade Rennais,Le Havre AC,2,2,D,2023-24
Ligue 1,2023-08-27,Strasbourg,Toulouse,2,0,H,2023-24
Ligue 1,2023-09-01,Nantes,Marseille,1,1,D,2023-24
Ligue 1,2023-09-02,AS Monaco,Lens,3,0,H,2023-24
Ligue 1,2023-09-02,Brest,Stade Rennais,0,0,D,2023-24
Ligue 1,2023-09-03,Le Havre AC,Lorient,3,0,H,2023-24
Ligue 1,2023-09-03,Lille,Montpellier,1,0,H,2023-24
Ligue 1,2023-09-03,Lyon,Paris Saint-Germain,1,4,A,2023-24
Ligue 1,2023-09-03,Metz,Stade de Reims,2,2,D,2023-24
Ligue 1,2023-09-03,Nice,Strasbourg,2,0,H,2023-24
Ligue 1,2023-09-03,Toulouse,Clermont Foot,2,2,D,2023-24
Ligue 1,2023-09-15,Paris Saint-Germain,Nice,2,3,A,2023-24
Ligue 1,2023-09-16,Lens,Metz,0,1,A,2023-24
Ligue 1,2023-09-16,Stade Rennais,Lille,2,2,D,2023-24
Ligue 1,2023-09-17,Clermont Foot,Nantes,0,1,A,2023-24
Ligue 1,2023-09-17,Lorient,AS Monaco,2,2,D,2023-24
Ligue 1,2023-09-17,Lyon,Le Havre AC,0,0,D,2023-24
Ligue 1,2023-09-17,Marseille,Toulouse,0,0,D,2023-24
Ligue 1,2023-09-17,Stade de Reims,Brest,1,2,A,2023-24
Ligue 1,2023-09-17,Strasbourg,Montpellier,2,2,D,2023-24
Ligue 1,2023-09-22,AS Monaco,Nice,0,1,A,2023-24
Ligue 1,2023-09-23,Brest,Lyon,1,0,H,2023-24
Ligue 1,2023-09-23,Nantes,Lorient,5,3,H,2023-24
Ligue 1,2023-09-24,Le Havre AC,Clermont Foot,2,1,H,2023-24
Ligue 1,2023-09-24,Lens,Toulouse,2,1,H,2023-24
Ligue 1,2023-09-24,Metz,Strasbourg,0,1,A,2023-24
Ligue 1,2023-09-24,Montpellier,Stade Rennais,0,0,D,2023-24
Ligue 1,2023-09-24,Paris Saint-Germain,Marseille,4,0,H,2023-24
Ligue 1,2023-09-26,Lille,Stade de Reims,1,2,A,2023-24
Ligue 1,2023-09-29,Strasbourg,Lens,0,1,A,2023-24
Ligue 1,2023-09-30,AS Monaco,Marseille,3,2,H,2023-24
Ligue 1,2023-09-30,Clermont Foot,Paris Saint-Germain,0,0,D,2023-24
Ligue 1,2023-10-01,Le Havre AC,Lille,0,2,A,2023-24
Ligue 1,2023-10-01,Lorient,Montpellier,0,3,A,2023-24
Ligue 1,2023-10-01,Nice,Brest,0,0,D,2023-24
Ligue 1,2023-10-01,Stade Rennais,Nantes,3,1,H,2023-24
Ligue 1,2023-10-01,Stade de Reims,Lyon,2,0,H,2023-24
Ligue 1,2023-10-01,Toulouse,Metz,3,0,H,2023-24
Ligue 1,2023-10-06,Strasbourg,Nantes,1,2,A,2023-24
Ligue 1,2023-10-07,Metz,Nice,0,1,A,2023-24
Ligue 1,2023-10-07,Stade de Reims,AS Monaco,1,3,A,2023-24
Ligue 1,2023-10-08,Brest,Toulouse,1,1,D,2023-24
Ligue 1,2023-10-08,Lens,Lille,1,1,D,2023-24
Ligue 1,2023-10-08,Lyon,Lorient,3,3,D,2023-24
Ligue 1,2023-10-08,Marseille,Le Havre AC,3,0,H,2023-24
Ligue 1,2023-10-08,Stade Rennais,Paris Saint-Germain,1,3,A,2023-24
Ligue 1,2023-10-20,Le Havre AC,Lens,0,0,D,2023-24
Ligue 1,2023-10-21,Nice,Marseille,1,0,H,2023-24
Ligue 1,2023-10-21,Paris Saint-Germain,Strasbourg,3,0,H,2023-24
Ligue 1,2023-10-22,AS Monaco,Metz,2,1,H,2023-24
Ligue 1,2023-10-22,Lille,Brest,1,0,H,2023-24
Ligue 1,2023-10-22,Lorient,Stade Rennais,2,1,H,2023-24
Ligue 1,2023-10-22,Lyon,Clermont Foot,1,2,A,2023-24
Ligue 1,2023-10-22,Nantes,Montpellier,2,0,H,2023-24
Ligue 1,2023-10-22,Toulouse,Stade de Reims,1,1,D,2023-24
Ligue 1,2023-10-27,Clermont Foot,Nice,0,1,A,2023-24
Ligue 1,2023-10-28,Lens,Nantes,4,0,H,2023-24
Ligue 1,2023-10-28,Stade de Reims,Lorient,1,0,H,2023-24
Ligue 1,2023-10-29,Brest,Paris Saint-Germain,2,3,A,2023-24
Ligue 1,2023-10-29,Lille,AS Monaco,2,0,H,2023-24
Ligue 1,2023-10-29,Metz,Le Havre AC,0,0,D,2023-24
Ligue 1,2023-10-29,Montpellier,Toulouse,3,0,H,2023-24
Ligue 1,2023-10-29,Stade Rennais,Strasbourg,1,1,D,2023-24
Ligue 1,2023-11-03,Paris Saint-Germain,Montpellier,3,0,H,2023-24
Ligue 1,2023-11-04,Lorient,Lens,0,0,D,2023-24
Ligue 1,2023-11-04,Marseille,Lille,0,0,D,2023-24
Ligue 1,2023-11-05,AS Monaco,Brest,2,0,H,2023-24
Ligue 1,2023-11-05,Lyon,Metz,1,1,D,2023-24
Ligue 1,2023-11-05,Nantes,Stade de Reims,0,1,A,2023-24
Ligue 1,2023-11-05,Nice,Stade Rennais,2,0,H,2023-24
Ligue 1,2023-11-05,Strasbourg,Clermont Foot,0,0,D,2023-24
Ligue 1,2023-11-05,Toulouse,Le Havre AC,1,2,A,2023-24
Ligue 1,2023-11-10,Montpellier,Nice,0,0,D,2023-24
Ligue 1,2023-11-11,Le Havre AC,AS Monaco,0,0,D,2023-24
Ligue 1,2023-11-11,Stade de Reims,Paris Saint-Germain,0,3,A,2023-24
Ligue 1,2023-11-12,Clermont Foot,Lorient,1,0,H,2023-24
Ligue 1,2023-11-12,Lens,Marseille,1,0,H,2023-24
Ligue 1,2023-11-12,Lille,Toulouse,1,1,D,2023-24
Ligue 1,2023-11-12,Metz,Nantes,3,1,H,2023-24
Ligue 1,2023-11-12,Stade Rennais,Lyon,0,1,A,2023-24
Ligue 1,2023-11-24,Paris Saint-Germain,AS Monaco,5,2,H,2023-24
Ligue 1,2023-11-25,Clermont Foot,Lens,0,3,A,2023-24
Ligue 1,2023-11-25,Strasbourg,Marseille,1,1,D,2023-24
Ligue 1,2023-11-26,Lorient,Metz,2,3,A,2023-24
Ligue 1,2023-11-26,Lyon,Lille,0,2,A,2023-24
Ligue 1,2023-11-26,Montpellier,Brest,1,3,A,2023-24
Ligue 1,2023-11-26,Nantes,Le Havre AC,0,0,D,2023-24
Ligue 1,2023-11-26,Nice,Toulouse,1,0,H,2023-24
Ligue 1,2023-11-26,Stade Rennais,Stade de Reims,3,1,H,2023-24
Ligue 1,2023-11-29,Montpellier,Clermont Foot,1,1,D,2023-24
Ligue 1,2023-12-01,Stade de Reims,Strasbourg,2,1,H,2023-24
Ligue 1,2023-12-02,Lens,Lyon,3,2,H,2023-24
Ligue 1,2023-12-02,Nantes,Nice,1,0,H,2023-24
Ligue 1,2023-12-03,AS Monaco,Montpellier,2,0,H,2023-24
Ligue 1,2023-12-03,Brest,Clermont Foot,3,0,H,2023-24
Ligue 1,2023-12-03,Le Havre AC,Paris Saint-Germain,0,2,A,2023-24
Ligue 1,2023-12-03,Lille,Metz,2,0,H,2023-24
Ligue 1,2023-12-03,Marseille,Stade Rennais,2,0,H,2023-24
Ligue 1,2023-12-03,Toulouse,Lorient,1,1,D,2023-24
Ligue 1,2023-12-06,Marseille,Lyon,3,0,H,2023-24
Ligue 1,2023-12-07,Brest,Strasbourg,1,1,D,2023-24
Ligue 1,2023-12-08,Montpellier,Lens,0,0,D,2023-24
Ligue 1,2023-12-09,Paris Saint-Germain,Nantes,2,1,H,2023-24
Ligue 1,2023-12-09,Stade Rennais,AS Monaco,1,2,A,2023-24
Ligue 1,2023-12-10,Clermont Foot,Lille,0,0,D,2023-24
Ligue 1,2023-12-10,Lorient,Marseille,2,4,A,2023-24
Ligue 1,2023-12-10,Lyon,Toulouse,3,0,H,2023-24
Ligue 1,2023-12-10,Metz,Brest,0,1,A,2023-24
Ligue 1,2023-12-10,Nice,Stade de Reims,2,1,H,2023-24
Ligue 1,2023-12-10,Strasbourg,Le Havre AC,2,1,H,2023-24
Ligue 1,2023-12-15,AS Monaco,Lyon,0,1,A,2023-24
Ligue 1,2023-12-16,Le Havre AC,Nice,3,1,H,2023-24
Ligue 1,2023-12-16,Lens,Stade de Reims,2,0,H,2023-24
Ligue 1,2023-12-17,Lille,Paris Saint-Germain,1,1,D,2023-24
Ligue 1,2023-12-17,Lorient,Strasbourg,1,2,A,2023-24
Ligue 1,2023-12-17,Marseille,Clermont Foot,2,1,H,2023-24
Ligue 1,2023-12-17,Metz,Montpellier,0,1,A,2023-24
Ligue 1,2023-12-17,Nantes,Brest,0,2,A,2023-24
Ligue 1,2023-12-17,Toulouse,Stade Rennais,0,0,D,2023-24
Ligue 1,2023-12-20,Brest,Lorient,4,0,H,2023-24
Ligue 1,2023-12-20,Clermont Foot,Stade Rennais,1,3,A,2023-24
Ligue 1,2023-12-20,Lyon,Nantes,1,0,H,2023-24
Ligue 1,2023-12-20,Montpellier,Marseille,1,1,D,2023-24
Ligue 1,2023-12-20,Nice,Lens,2,0,H,2023-24
Ligue 1,2023-12-20,Paris Saint-Germain,Metz,3,1,H,2023-24
Ligue 1,2023-12-20,Stade de Reims,Le Havre AC,1,0,H,2023-24
Ligue 1,2023-12-20,Strasbourg,Lille,2,1,H,2023-24
Ligue 1,2023-12-20,Toulouse,AS Monaco,1,2,A,2023-24
Ligue 1,2024-01-12,Marseille,Strasbourg,1,1,D,2023-24
Ligue 1,2024-01-13,AS Monaco,Stade de Reims,1,3,A,2023-24
Ligue 1,2024-01-13,Stade Rennais,Nice,2,0,H,2023-24
Ligue 1,2024-01-14,Brest,Montpellier,2,0,H,2023-24
Ligue 1,2024-01-14,Le Havre AC,Lyon,3,1,H,2023-24
Ligue 1,2024-01-14,Lens,Paris Saint-Germain,0,2,A,2023-24
Ligue 1,2024-01-14,Lille,Lorient,3,0,H,2023-24
Ligue 1,2024-01-14,Metz,Toulouse,0,1,A,2023-24
Ligue 1,2024-01-14,Nantes,Clermont Foot,1,2,A,2023-24
Ligue 1,2024-01-26,Lyon,Stade Rennais,2,3,A,2023-24
Ligue 1,2024-01-27,Marseille,AS Monaco,2,2,D,2023-24
Ligue 1,2024-01-27,Nice,Metz,1,0,H,2023-24
Ligue 1,2024-01-28,Clermont Foot,Strasbourg,1,1,D,2023-24
Ligue 1,2024-01-28,Lorient,Le Havre AC,3,3,D,2023-24
Ligue 1,2024-01-28,Montpellier,Lille,0,0,D,2023-24
Ligue 1,2024-01-28,Paris Saint-Germain,Brest,2,2,D,2023-24
Ligue 1,2024-01-28,Stade de Reims,Nantes,0,0,D,2023-24
Ligue 1,2024-01-28,Toulouse,Lens,0,2,A,2023-24
Ligue 1,2024-02-02,Strasbourg,Paris Saint-Germain,1,2,A,2023-24
Ligue 1,2024-02-03,Nantes,Lens,0,1,A,2023-24
Ligue 1,2024-02-03,Stade Rennais,Montpellier,2,1,H,2023-24
Ligue 1,2024-02-04,AS Monaco,Le Havre AC,1,1,D,2023-24
Ligue 1,2024-02-04,Brest,Nice,0,0,D,2023-24
Ligue 1,2024-02-04,Lille,Clermont Foot,4,0,H,2023-24
Ligue 1,2024-02-04,Lyon,Marseille,1,0,H,2023-24
Ligue 1,2024-02-04,Metz,Lorient,1,2,A,2023-24
Ligue 1,2024-02-04,Stade de Reims,Toulouse,2,3,A,2023-24
Ligue 1,2024-02-09,Marseille,Metz,1,1,D,2023-24
Ligue 1,2024-02-10,Lens,Strasbourg,3,1,H,2023-24
Ligue 1,2024-02-10,Paris Saint-Germain,Lille,3,1,H,2023-24
Ligue 1,2024-02-11,Clermont Foot,Brest,1,1,D,2023-24
Ligue 1,2024-02-11,Le Havre AC,Stade Rennais,0,1,A,2023-24
Ligue 1,2024-02-11,Lorient,Stade de Reims,2,0,H,2023-24
Ligue 1,2024-02-11,Montpellier,Lyon,1,2,A,2023-24
Ligue 1,2024-02-11,Nice,AS Monaco,2,3,A,2023-24
Ligue 1,2024-02-11,Toulouse,Nantes,1,2,A,2023-24
Ligue 1,2024-02-16,Lyon,Nice,1,0,H,2023-24
Ligue 1,2024-02-17,Lille,Le Havre AC,3,0,H,2023-24
Ligue 1,2024-02-17,Nantes,Paris Saint-Germain,0,2,A,2023-24
Ligue 1,2024-02-18,AS Monaco,Toulouse,1,2,A,2023-24
Ligue 1,2024-02-18,Brest,Marseille,1,0,H,2023-24
Ligue 1,2024-02-18,Montpellier,Metz,3,0,H,2023-24
Ligue 1,2024-02-18,Stade Rennais,Clermont Foot,3,1,H,2023-24
Ligue 1,2024-02-18,Stade de Reims,Lens,1,1,D,2023-24
Ligue 1,2024-02-18,Strasbourg,Lorient,1,3,A,2023-24
Ligue 1,2024-02-23,Metz,Lyon,1,2,A,2023-24
Ligue 1,2024-02-24,Lorient,Nantes,0,1,A,2023-24
Ligue 1,2024-02-24,Strasbourg,Brest,0,3,A,2023-24
Ligue 1,2024-02-25,Le Havre AC,Stade de Reims,1,2,A,2023-24
Ligue 1,2024-02-25,Lens,AS Monaco,2,3,A,2023-24
Ligue 1,2024-02-25,Marseille,Montpellier,4,1,H,2023-24
Ligue 1,2024-02-25,Nice,Clermont Foot,0,0,D,2023-24
Ligue 1,2024-02-25,Paris Saint-Germain,Stade Rennais,1,1,D,2023-24
Ligue 1,2024-02-25,Toulouse,Lille,3,1,H,2023-24
Ligue 1,2024-03-01,AS Monaco,Paris Saint-Germain,0,0,D,2023-24
Ligue 1,2024-03-02,Clermont Foot,Marseille,1,5,A,2023-24
Ligue 1,2024-03-02,Stade de Reims,Lille,0,1,A,2023-24
Ligue 1,2024-03-03,Brest,Le Havre AC,1,0,H,2023-24
Ligue 1,2024-03-03,Lyon,Lens,0,3,A,2023-24
Ligue 1,2024-03-03,Montpellier,Strasbourg,2,2,D,2023-24
Ligue 1,2024-03-03,Nantes,Metz,0,2,A,2023-24
Ligue 1,2024-03-03,Stade Rennais,Lorient,1,2,A,2023-24
Ligue 1,2024-03-03,Toulouse,Nice,2,1,H,2023-24
Ligue 1,2024-03-08,Nice,Montpellier,1,2,A,2023-24
Ligue 1,2024-03-09,Lens,Brest,1,0,H,2023-24
Ligue 1,2024-03-09,Lorient,Lyon,0,2,A,2023-24
Ligue 1,2024-03-10,Le Havre AC,Toulouse,1,0,H,2023-24
Ligue 1,2024-03-10,Lille,Stade Rennais,2,2,D,2023-24
Ligue 1,2024-03-10,Marseille,Nantes,2,0,H,2023-24
Ligue 1,2024-03-10,Metz,Clermont Foot,1,0,H,2023-24
Ligue 1,2024-03-10,Paris Saint-Germain,Stade de Reims,2,2,D,2023-24
Ligue 1,2024-03-10,Strasbourg,AS Monaco,0,1,A,2023-24
Ligue 1,2024-03-15,Toulouse,Lyon,2,3,A,2023-24
Ligue 1,2024-03-16,Lens,Nice,1,3,A,2023-24
Ligue 1,2024-03-16,Nantes,Strasbourg,1,3,A,2023-24
Ligue 1,2024-03-17,AS Monaco,Lorient,2,2,D,2023-24
Ligue 1,2024-03-17,Brest,Lille,1,1,D,2023-24
Ligue 1,2024-03-17,Clermont Foot,Le Havre AC,2,1,H,2023-24
Ligue 1,2024-03-17,Montpellier,Paris Saint-Germain,2,6,A,2023-24
Ligue 1,2024-03-17,Stade Rennais,Marseille,2,0,H,2023-24
Ligue 1,2024-03-17,Stade de Reims,Metz,2,1,H,2023-24
Ligue 1,2024-03-29,Lille,Lens,2,1,H,2023-24
Ligue 1,2024-03-30,Lyon,Stade de Reims,1,1,D,2023-24
Ligue 1,2024-03-30,Metz,AS Monaco,2,5,A,2023-24
Ligue 1,2024-03-31,Clermont Foot,Toulouse,0,3,A,2023-24
Ligue 1,2024-03-31,Le Havre AC,Montpellier,0,2,A,2023-24
Ligue 1,2024-03-31,Lorient,Brest,0,1,A,2023-24
Ligue 1,2024-03-31,Marseille,Paris Saint-Germain,0,2,A,2023-24
Ligue 1,2024-03-31,Nice,Nantes,1,2,A,2023-24
Ligue 1,2024-03-31,Strasbourg,Stade Rennais,2,0,H,2023-24
Ligue 1,2024-04-05,Lille,Marseille,3,1,H,2023-24
Ligue 1,2024-04-06,Lens,Le Havre AC,1,1,D,2023-24
Ligue 1,2024-04-06,Paris Saint-Germain,Clermont Foot,1,1,D,2023-24
Ligue 1,2024-04-07,AS Monaco,Stade Rennais,1,0,H,2023-24
Ligue 1,2024-04-07,Brest,Metz,4,3,H,2023-24
Ligue 1,2024-04-07,Montpellier,Lorient,2,0,H,2023-24
Ligue 1,2024-04-07,Nantes,Lyon,1,3,A,2023-24
Ligue 1,2024-04-07,Stade de Reims,Nice,0,0,D,2023-24
Ligue 1,2024-04-07,Toulouse,Strasbourg,0,0,D,2023-24
Ligue 1,2024-04-12,Metz,Lens,2,1,H,2023-24
Ligue 1,2024-04-13,Stade Rennais,Toulouse,1,2,A,2023-24
Ligue 1,2024-04-13,Strasbourg,Stade de Reims,3,1,H,2023-24
Ligue 1,2024-04-14,Clermont Foot,Montpellier,1,1,D,2023-24
Ligue 1,2024-04-14,Le Havre AC,Nantes,0,1,A,2023-24
Ligue 1,2024-04-14,Lyon,Brest,4,3,H,2023-24
Ligue 1,2024-04-19,Nice,Lorient,3,0,H,2023-24
Ligue 1,2024-04-20,Lens,Clermont Foot,1,0,H,2023-24
Ligue 1,2024-04-20,Nantes,Stade Rennais,0,3,A,2023-24
Ligue 1,2024-04-21,Brest,AS Monaco,0,2,A,2023-24
Ligue 1,2024-04-21,Le Havre AC,Metz,0,1,A,2023-24
Ligue 1,2024-04-21,Lille,Strasbourg,1,0,H,2023-24
Ligue 1,2024-04-21,Paris Saint-Germain,Lyon,4,1,H,2023-24
Ligue 1,2024-04-21,Stade de Reims,Montpellier,1,2,A,2023-24
Ligue 1,2024-04-21,Toulouse,Marseille,2,2,D,2023-24
Ligue 1,2024-04-24,AS Monaco,Lille,1,0,H,2023-24
Ligue 1,2024-04-24,Lorient,Paris Saint-Germain,1,4,A,2023-24
Ligue 1,2024-04-24,Marseille,Nice,2,2,D,2023-24
Ligue 1,2024-04-26,Montpellier,Nantes,1,1,D,2023-24
Ligue 1,2024-04-27,Paris Saint-Germain,Le Havre AC,3,3,D,2023-24
Ligue 1,2024-04-28,Clermont Foot,Stade de Reims,4,1,H,2023-24
Ligue 1,2024-04-28,Lorient,Toulouse,1,2,A,2023-24
Ligue 1,2024-04-28,Lyon,AS Monaco,3,2,H,2023-24
Ligue 1,2024-04-28,Marseille,Lens,2,1,H,2023-24
Ligue 1,2024-04-28,Metz,Lille,1,2,A,2023-24
Ligue 1,2024-04-28,Stade Rennais,Brest,4,5,A,2023-24
Ligue 1,2024-04-28,Strasbourg,Nice,1,3,A,2023-24
Ligue 1,2024-05-03,Lens,Lorient,2,0,H,2023-24
Ligue 1,2024-05-03,Toulouse,Montpellier,1,2,A,2023-24
Ligue 1,2024-05-04,AS Monaco,Clermont Foot,4,1,H,2023-24
Ligue 1,2024-05-04,Brest,Nantes,0,0,D,2023-24
Ligue 1,2024-05-04,Le Havre AC,Strasbourg,3,1,H,2023-24
Ligue 1,2024-05-04,Metz,Stade Rennais,2,3,A,2023-24
Ligue 1,2024-05-06,Lille,Lyon,3,4,A,2023-24
Ligue 1,2024-05-10,Brest,Stade de Reims,1,1,D,2023-24
Ligue 1,2024-05-10,Nice,Le Havre AC,1,0,H,2023-24
Ligue 1,2024-05-12,Clermont Foot,Lyon,0,1,A,2023-24
Ligue 1,2024-05-12,Marseille,Lorient,3,1,H,2023-24
Ligue 1,2024-05-12,Montpellier,AS Monaco,0,2,A,2023-24
Ligue 1,2024-05-12,Nantes,Lille,1,2,A,2023-24
Ligue 1,2024-05-12,Paris Saint-Germain,Toulouse,1,3,A,2023-24
Ligue 1,2024-05-12,Stade Rennais,Lens,1,1,D,2023-24
Ligue 1,2024-05-12,Strasbourg,Metz,2,1,H,2023-24
Ligue 1,2024-05-15,Nice,Paris Saint-Germain,1,2,A,2023-24
Ligue 1,2024-05-15,Stade de Reims,Marseille,1,0,H,2023-24
Ligue 1,2024-05-19,AS Monaco,Nantes,4,0,H,2023-24
Ligue 1,2024-05-19,Le Havre AC,Marseille,1,2,A,2023-24
Ligue 1,2024-05-19,Lens,Montpellier,2,2,D,2023-24
Ligue 1,2024-05-19,Lille,Nice,2,2,D,2023-24
Ligue 1,2024-05-19,Lorient,Clermont Foot,5,0,H,2023-24
Ligue 1,2024-05-19,Lyon,Strasbourg,2,1,H,2023-24
Ligue 1,2024-05-19,Metz,Paris Saint-Germain,0,2,A,2023-24
Ligue 1,2024-05-19,Stade de Reims,Stade Rennais,2,1,H,2023-24
Ligue 1,2024-05-19,Toulouse,Brest,0,3,A,2023-24
Ligue 1,2024-08-16,Le Havre AC,Paris Saint-Germain,1,4,A,2024-25
Ligue 1,2024-08-17,AS Monaco,Saint-Étienne,1,0,H,2024-25
Ligue 1,2024-08-17,Brest,Marseille,1,5,A,2024-25
Ligue 1,2024-08-17,Stade de Reims,Lille,0,2,A,2024-25
Ligue 1,2024-08-18,AJ Auxerre,Nice,2,1,H,2024-25
Ligue 1,2024-08-18,Angers,Lens,0,1,A,2024-25
Ligue 1,2024-08-18,Montpellier,Strasbourg,1,1,D,2024-25
Ligue 1,2024-08-18,Stade Rennais,Lyon,3,0,H,2024-25
Ligue 1,2024-08-18,Toulouse,Nantes,0,0,D,2024-25
Ligue 1,2024-08-23,Paris Saint-Germain,Montpellier,6,0,H,2024-25
Ligue 1,2024-08-24,Lille,Angers,2,0,H,2024-25
Ligue 1,2024-08-24,Lyon,AS Monaco,0,2,A,2024-25
Ligue 1,2024-08-24,Saint-Étienne,Le Havre AC,0,2,A,2024-25
Ligue 1,2024-08-25,Lens,Brest,2,0,H,2024-25
Ligue 1,2024-08-25,Marseille,Stade de Reims,2,2,D,2024-25
Ligue 1,2024-08-25,Nantes,AJ Auxerre,2,0,H,2024-25
Ligue 1,2024-08-25,Nice,Toulouse,1,1,D,2024-25
Ligue 1,2024-08-25,Strasbourg,Stade Rennais,3,1,H,2024-25
Ligue 1,2024-08-30,Lyon,Strasbourg,4,3,H,2024-25
Ligue 1,2024-08-31,Brest,Saint-Étienne,4,0,H,2024-25
Ligue 1,2024-08-31,Montpellier,Nantes,1,3,A,2024-25
Ligue 1,2024-08-31,Toulouse,Marseille,1,3,A,2024-25
Ligue 1,2024-09-01,AS Monaco,Lens,1,1,D,2024-25
Ligue 1,2024-09-01,Angers,Nice,1,4,A,2024-25
Ligue 1,2024-09-01,Le Havre AC,AJ Auxerre,3,1,H,2024-25
Ligue 1,2024-09-01,Lille,Paris Saint-Germain,1,3,A,2024-25
Ligue 1,2024-09-01,Stade de Reims,Stade Rennais,2,1,H,2024-25
Ligue 1,2024-09-13,Saint-Étienne,Lille,1,0,H,2024-25
Ligue 1,2024-09-14,AJ Auxerre,AS Monaco,0,3,A,2024-25
Ligue 1,2024-09-14,Marseille,Nice,2,0,H,2024-25
Ligue 1,2024-09-14,Paris Saint-Germain,Brest,3,1,H,2024-25
Ligue 1,2024-09-15,Lens,Lyon,0,0,D,2024-25
Ligue 1,2024-09-15,Nantes,Stade de Reims,1,2,A,2024-25
Ligue 1,2024-09-15,Stade Rennais,Montpellier,3,0,H,2024-25
Ligue 1,2024-09-15,Strasbourg,Angers,1,1,D,2024-25
Ligue 1,2024-09-15,Toulouse,Le Havre AC,2,0,H,2024-25
Ligue 1,2024-09-20,Nice,Saint-Étienne,8,0,H,2024-25
Ligue 1,2024-09-21,Lille,Strasbourg,3,3,D,2024-25
Ligue 1,2024-09-21,Stade Rennais,Lens,1,1,D,2024-25
Ligue 1,2024-09-21,Stade de Reims,Paris Saint-Germain,1,1,D,2024-25
Ligue 1,2024-09-22,AS Monaco,Le Havre AC,3,1,H,2024-25
Ligue 1,2024-09-22,Angers,Nantes,1,1,D,2024-25
Ligue 1,2024-09-22,Brest,Toulouse,2,0,H,2024-25
Ligue 1,2024-09-22,Lyon,Marseille,2,3,A,2024-25
Ligue 1,2024-09-22,Montpellier,AJ Auxerre,3,2,H,2024-25
Ligue 1,2024-09-27,AJ Auxerre,Brest,3,0,H,2024-25
Ligue 1,2024-09-27,Paris Saint-Germain,Stade Rennais,3,1,H,2024-25
Ligue 1,2024-09-28,AS Monaco,Montpellier,2,1,H,2024-25
Ligue 1,2024-09-28,Le Havre AC,Lille,0,3,A,2024-25
Ligue 1,2024-09-28,Lens,Nice,0,0,D,2024-25
Ligue 1,2024-09-29,Angers,Stade de Reims,1,3,A,2024-25
Ligue 1,2024-09-29,Nantes,Saint-Étienne,2,2,D,2024-25
Ligue 1,2024-09-29,Strasbourg,Marseille,1,0,H,2024-25
Ligue 1,2024-09-29,Toulouse,Lyon,1,2,A,2024-25
Ligue 1,2024-10-04,Marseille,Angers,1,1,D,2024-25
Ligue 1,2024-10-05,Lille,Toulouse,2,1,H,2024-25
Ligue 1,2024-10-05,Saint-Étienne,AJ Auxerre,3,1,H,2024-25
Ligue 1,2024-10-05,Stade Rennais,AS Monaco,1,2,A,2024-25
Ligue 1,2024-10-06,Brest,Le Havre AC,2,0,H,2024-25
Ligue 1,2024-10-06,Lyon,Nantes,2,0,H,2024-25
Ligue 1,2024-10-06,Nice,Paris Saint-Germain,1,1,D,2024-25
Ligue 1,2024-10-06,Stade de Reims,Montpellier,4,2,H,2024-25
Ligue 1,2024-10-06,Strasbourg,Lens,2,2,D,2024-25
Ligue 1,2024-10-18,AS Monaco,Lille,0,0,D,2024-25
Ligue 1,2024-10-19,Brest,Stade Rennais,1,1,D,2024-25
Ligue 1,2024-10-19,Paris Saint-Germain,Strasbourg,4,2,H,2024-25
Ligue 1,2024-10-19,Saint-Étienne,Lens,0,2,A,2024-25
Ligue 1,2024-10-20,AJ Auxerre,Stade de Reims,2,1,H,2024-25
Ligue 1,2024-10-20,Le Havre AC,Lyon,0,4,A,2024-25
Ligue 1,2024-10-20,Montpellier,Marseille,0,5,A,2024-25
Ligue 1,2024-10-20,Nantes,Nice,1,1,D,2024-25
Ligue 1,2024-10-20,Toulouse,Angers,1,1,D,2024-25
Ligue 1,2024-10-25,Stade Rennais,Le Havre AC,1,0,H,2024-25
Ligue 1,2024-10-26,Angers,Saint-Étienne,4,2,H,2024-25
Ligue 1,2024-10-26,Lens,Lille,0,2,A,2024-25
Ligue 1,2024-10-26,Stade de Reims,Brest,1,2,A,2024-25
Ligue 1,2024-10-27,Lyon,AJ Auxerre,2,2,D,2024-25
Ligue 1,2024-10-27,Marseille,Paris Saint-Germain,0,3,A,2024-25
Ligue 1,2024-10-27,Montpellier,Toulouse,0,3,A,2024-25
Ligue 1,2024-10-27,Nice,AS Monaco,2,1,H,2024-25
Ligue 1,2024-10-27,Strasbourg,Nantes,3,1,H,2024-25
Ligue 1,2024-11-01,AS Monaco,Angers,0,1,A,2024-25
Ligue 1,2024-11-01,Lille,Lyon,1,1,D,2024-25
Ligue 1,2024-11-02,Brest,Nice,0,1,A,2024-25
Ligue 1,2024-11-02,Paris Saint-Germain,Lens,1,0,H,2024-25
Ligue 1,2024-11-02,Saint-Étienne,Strasbourg,2,0,H,2024-25
Ligue 1,2024-11-03,AJ Auxerre,Stade Rennais,4,0,H,2024-25
Ligue 1,2024-11-03,Le Havre AC,Montpellier,1,0,H,2024-25
Ligue 1,2024-11-03,Nantes,Marseille,1,2,A,2024-25
Ligue 1,2024-11-03,Toulouse,Stade de Reims,1,0,H,2024-25
Ligue 1,2024-11-08,Marseille,AJ Auxerre,1,3,A,2024-25
Ligue 1,2024-11-09,Angers,Paris Saint-Germain,2,4,A,2024-25
Ligue 1,2024-11-09,Lens,Nantes,3,2,H,2024-25
Ligue 1,2024-11-09,Strasbourg,AS Monaco,1,3,A,2024-25
Ligue 1,2024-11-10,Le Havre AC,Stade de Reims,0,3,A,2024-25
Ligue 1,2024-11-10,Lyon,Saint-Étienne,1,0,H,2024-25
Ligue 1,2024-11-10,Montpellier,Brest,3,1,H,2024-25
Ligue 1,2024-11-10,Nice,Lille,2,2,D,2024-25
Ligue 1,2024-11-10,Stade Rennais,Toulouse,0,2,A,2024-25
Ligue 1,2024-11-22,AS Monaco,Brest,3,2,H,2024-25
Ligue 1,2024-11-22,Paris Saint-Germain,Toulouse,3,0,H,2024-25
Ligue 1,2024-11-23,Lens,Marseille,1,3,A,2024-25
Ligue 1,2024-11-23,Saint-Étienne,Montpellier,1,0,H,2024-25
Ligue 1,2024-11-23,Stade de Reims,Lyon,1,1,D,2024-25
Ligue 1,2024-11-24,AJ Auxerre,Angers,1,0,H,2024-25
Ligue 1,2024-11-24,Lille,Stade Rennais,1,0,H,2024-25
Ligue 1,2024-11-24,Nantes,Le Havre AC,0,2,A,2024-25
Ligue 1,2024-11-24,Nice,Strasbourg,2,1,H,2024-25
Ligue 1,2024-11-29,Stade de Reims,Lens,0,2,A,2024-25
Ligue 1,2024-11-30,Brest,Strasbourg,3,1,H,2024-25
Ligue 1,2024-11-30,Paris Saint-Germain,Nantes,1,1,D,2024-25
Ligue 1,2024-11-30,Stade Rennais,Saint-Étienne,5,0,H,2024-25
Ligue 1,2024-12-01,Le Havre AC,Angers,0,1,A,2024-25
Ligue 1,2024-12-01,Lyon,Nice,4,1,H,2024-25
Ligue 1,2024-12-01,Marseille,AS Monaco,2,1,H,2024-25
Ligue 1,2024-12-01,Montpellier,Lille,2,2,D,2024-25
Ligue 1,2024-12-01,Toulouse,AJ Auxerre,2,0,H,2024-25
Ligue 1,2024-12-06,AJ Auxerre,Paris Saint-Germain,0,0,D,2024-25
Ligue 1,2024-12-06,Lille,Brest,3,1,H,2024-25
Ligue 1,2024-12-07,AS Monaco,Toulouse,2,0,H,2024-25
Ligue 1,2024-12-07,Angers,Lyon,0,3,A,2024-25
Ligue 1,2024-12-07,Nice,Le Havre AC,2,1,H,2024-25
Ligue 1,2024-12-08,Lens,Montpellier,2,0,H,2024-25
Ligue 1,2024-12-08,Nantes,Stade Rennais,1,0,H,2024-25
Ligue 1,2024-12-08,Saint-Étienne,Marseille,0,2,A,2024-25
Ligue 1,2024-12-08,Strasbourg,Stade de Reims,0,0,D,2024-25
Ligue 1,2024-12-13,Toulouse,Saint-Étienne,2,1,H,2024-25
Ligue 1,2024-12-14,AJ Auxerre,Lens,2,2,D,2024-25
Ligue 1,2024-12-14,Marseille,Lille,1,1,D,2024-25
Ligue 1,2024-12-14,Stade de Reims,AS Monaco,0,0,D,2024-25
Ligue 1,2024-12-15,Brest,Nantes,4,1,H,2024-25
Ligue 1,2024-12-15,Le Havre AC,Strasbourg,0,3,A,2024-25
Ligue 1,2024-12-15,Montpellier,Nice,2,2,D,2024-25
Ligue 1,2024-12-15,Paris Saint-Germain,Lyon,3,1,H,2024-25
Ligue 1,2024-12-15,Stade Rennais,Angers,2,0,H,2024-25
Ligue 1,2024-12-18,AS Monaco,Paris Saint-Germain,2,4,A,2024-25
Ligue 1,2025-01-03,Nice,Stade Rennais,3,2,H,2024-25
Ligue 1,2025-01-04,Lille,Nantes,1,1,D,2024-25
Ligue 1,2025-01-04,Lyon,Montpellier,1,0,H,2024-25
Ligue 1,2025-01-04,Saint-Étienne,Stade de Reims,3,1,H,2024-25
Ligue 1,2025-01-05,Angers,Brest,2,0,H,2024-25
Ligue 1,2025-01-05,Lens,Toulouse,0,1,A,2024-25
Ligue 1,2025-01-05,Marseille,Le Havre AC,5,1,H,2024-25
Ligue 1,2025-01-05,Strasbourg,AJ Auxerre,3,1,H,2024-25
Ligue 1,2025-01-10,AJ Auxerre,Lille,0,0,D,2024-25
Ligue 1,2025-01-10,Nantes,AS Monaco,2,2,D,2024-25
Ligue 1,2025-01-11,Brest,Lyon,2,1,H,2024-25
Ligue 1,2025-01-11,Stade Rennais,Marseille,1,2,A,2024-25
Ligue 1,2025-01-11,Stade de Reims,Nice,2,4,A,2024-25
Ligue 1,2025-01-12,Le Havre AC,Lens,1,2,A,2024-25
Ligue 1,2025-01-12,Montpellier,Angers,1,3,A,2024-25
Ligue 1,2025-01-12,Paris Saint-Germain,Saint-Étienne,2,1,H,2024-25
Ligue 1,2025-01-12,Toulouse,Strasbourg,1,2,A,2024-25
Ligue 1,2025-01-17,Lille,Nice,2,1,H,2024-25
Ligue 1,2025-01-17,Montpellier,AS Monaco,2,1,H,2024-25
Ligue 1,2025-01-18,Lens,Paris Saint-Germain,1,2,A,2024-25
Ligue 1,2025-01-18,Lyon,Toulouse,0,0,D,2024-25
Ligue 1,2025-01-18,Stade Rennais,Brest,1,2,A,2024-25
Ligue 1,2025-01-19,Angers,AJ Auxerre,2,0,H,2024-25
Ligue 1,2025-01-19,Marseille,Strasbourg,1,1,D,2024-25
Ligue 1,2025-01-19,Saint-Étienne,Nantes,1,1,D,2024-25
Ligue 1,2025-01-19,Stade de Reims,Le Havre AC,1,1,D,2024-25
Ligue 1,2025-01-24,AJ Auxerre,Saint-Étienne,1,1,D,2024-25
Ligue 1,2025-01-25,AS Monaco,Stade Rennais,3,2,H,2024-25
Ligue 1,2025-01-25,Paris Saint-Germain,Stade de Reims,1,1,D,2024-25
Ligue 1,2025-01-25,Strasbourg,Lille,2,1,H,2024-25
Ligue 1,2025-01-26,Le Havre AC,Brest,0,1,A,2024-25
Ligue 1,2025-01-26,Lens,Angers,1,0,H,2024-25
Ligue 1,2025-01-26,Nantes,Lyon,1,1,D,2024-25
Ligue 1,2025-01-26,Nice,Marseille,2,0,H,2024-25
Ligue 1,2025-01-26,Toulouse,Montpellier,1,2,A,2024-25
Ligue 1,2025-01-31,Montpellier,Lens,0,2,A,2024-25
Ligue 1,2025-02-01,AS Monaco,AJ Auxerre,4,2,H,2024-25
Ligue 1,2025-02-01,Brest,Paris Saint-Germain,2,5,A,2024-25
Ligue 1,2025-02-01,Lille,Saint-Étienne,4,1,H,2024-25
Ligue 1,2025-02-02,Angers,Le Havre AC,1,1,D,2024-25
Ligue 1,2025-02-02,Marseille,Lyon,3,2,H,2024-25
Ligue 1,2025-02-02,Stade Rennais,Strasbourg,1,0,H,2024-25
Ligue 1,2025-02-02,Stade de Reims,Nantes,1,2,A,2024-25
Ligue 1,2025-02-02,Toulouse,Nice,1,1,D,2024-25
Ligue 1,2025-02-07,Nantes,Brest,0,2,A,2024-25
Ligue 1,2025-02-07,Paris Saint-Germain,AS Monaco,4,1,H,2024-25
Ligue 1,2025-02-08,Lille,Le Havre AC,1,2,A,2024-25
Ligue 1,2025-02-08,Nice,Lens,2,0,H,2024-25
Ligue 1,2025-02-08,Saint-Étienne,Stade Rennais,0,2,A,2024-25
Ligue 1,2025-02-09,AJ Auxerre,Toulouse,2,2,D,2024-25
Ligue 1,2025-02-09,Angers,Marseille,0,2,A,2024-25
Ligue 1,2025-02-09,Lyon,Stade de Reims,4,0,H,2024-25
Ligue 1,2025-02-09,Strasbourg,Montpellier,2,0,H,2024-25
Ligue 1,2025-02-14,Brest,AJ Auxerre,2,2,D,2024-25
Ligue 1,2025-02-15,AS Monaco,Nantes,7,1,H,2024-25
Ligue 1,2025-02-15,Marseille,Saint-Étienne,5,1,H,2024-25
Ligue 1,2025-02-15,Toulouse,Paris Saint-Germain,0,1,A,2024-25
Ligue 1,2025-02-16,Le Havre AC,Nice,1,3,A,2024-25
Ligue 1,2025-02-16,Lens,Strasbourg,0,2,A,2024-25
Ligue 1,2025-02-16,Montpellier,Lyon,1,4,A,2024-25
Ligue 1,2025-02-16,Stade Rennais,Lille,0,2,A,2024-25
Ligue 1,2025-02-16,Stade de Reims,Angers,0,1,A,2024-25
Ligue 1,2025-02-21,Stade Rennais,Stade de Reims,1,0,H,2024-25
Ligue 1,2025-02-22,AJ Auxerre,Marseille,3,0,H,2024-25
Ligue 1,2025-02-22,Lille,AS Monaco,2,1,H,2024-25
Ligue 1,2025-02-22,Saint-Étienne,Angers,3,3,D,2024-25
Ligue 1,2025-02-23,Le Havre AC,Toulouse,1,4,A,2024-25
Ligue 1,2025-02-23,Lyon,Paris Saint-Germain,2,3,A,2024-25
Ligue 1,2025-02-23,Nantes,Lens,3,1,H,2024-25
Ligue 1,2025-02-23,Nice,Montpellier,2,0,H,2024-25
Ligue 1,2025-02-23,Strasbourg,Brest,0,0,D,2024-25
Ligue 1,2025-02-28,AS Monaco,Stade de Reims,3,0,H,2024-25
Ligue 1,2025-03-01,Lens,Le Havre AC,3,4,A,2024-25
Ligue 1,2025-03-01,Paris Saint-Germain,Lille,4,1,H,2024-25
Ligue 1,2025-03-01,Saint-Étienne,Nice,1,3,A,2024-25
Ligue 1,2025-03-02,AJ Auxerre,Strasbourg,0,1,A,2024-25
Ligue 1,2025-03-02,Angers,Toulouse,0,4,A,2024-25
Ligue 1,2025-03-02,Lyon,Brest,2,1,H,2024-25
Ligue 1,2025-03-02,Marseille,Nantes,2,0,H,2024-25
Ligue 1,2025-03-02,Montpellier,Stade Rennais,0,4,A,2024-25
Ligue 1,2025-03-07,Toulouse,AS Monaco,1,1,D,2024-25
Ligue 1,2025-03-08,Lille,Montpellier,1,0,H,2024-25
Ligue 1,2025-03-08,Marseille,Lens,0,1,A,2024-25
Ligue 1,2025-03-08,Stade Rennais,Paris Saint-Germain,1,4,A,2024-25
Ligue 1,2025-03-09,Brest,Angers,2,0,H,2024-25
Ligue 1,2025-03-09,Le Havre AC,Saint-Étienne,1,1,D,2024-25
Ligue 1,2025-03-09,Nantes,Strasbourg,0,1,A,2024-25
Ligue 1,2025-03-09,Nice,Lyon,0,2,A,2024-25
Ligue 1,2025-03-09,Stade de Reims,AJ Auxerre,0,2,A,2024-25
Ligue 1,2025-03-14,Nice,AJ Auxerre,1,1,D,2024-25
Ligue 1,2025-03-15,Angers,AS Monaco,0,2,A,2024-25
Ligue 1,2025-03-15,Lens,Stade Rennais,1,0,H,2024-25
Ligue 1,2025-03-15,Nantes,Lille,1,0,H,2024-25
Ligue 1,2025-03-16,Brest,Stade de Reims,0,0,D,2024-25
Ligue 1,2025-03-16,Lyon,Le Havre AC,4,2,H,2024-25
Ligue 1,2025-03-16,Montpellier,Saint-Étienne,0,2,A,2024-25
Ligue 1,2025-03-16,Paris Saint-Germain,Marseille,3,1,H,2024-25
Ligue 1,2025-03-16,Strasbourg,Toulouse,2,1,H,2024-25
Ligue 1,2025-03-28,Strasbourg,Lyon,4,2,H,2024-25
Ligue 1,2025-03-29,AS Monaco,Nice,2,1,H,2024-25
Ligue 1,2025-03-29,Saint-Étienne,Paris Saint-Germain,1,6,A,2024-25
Ligue 1,2025-03-29,Stade de Reims,Marseille,3,1,H,2024-25
Ligue 1,2025-03-30,AJ Auxerre,Montpellier,1,0,H,2024-25
Ligue 1,2025-03-30,Angers,Stade Rennais,0,3,A,2024-25
Ligue 1,2025-03-30,Le Havre AC,Nantes,3,2,H,2024-25
Ligue 1,2025-03-30,Lille,Lens,1,0,H,2024-25
Ligue 1,2025-03-30,Toulouse,Brest,2,4,A,2024-25
Ligue 1,2025-04-04,Nice,Nantes,1,2,A,2024-25
Ligue 1,2025-04-05,Brest,AS Monaco,2,1,H,2024-25
Ligue 1,2025-04-05,Lyon,Lille,2,1,H,2024-25
Ligue 1,2025-04-05,Paris Saint-Germain,Angers,1,0,H,2024-25
Ligue 1,2025-04-06,Lens,Saint-Étienne,1,0,H,2024-25
Ligue 1,2025-04-06,Marseille,Toulouse,3,2,H,2024-25
Ligue 1,2025-04-06,Montpellier,Le Havre AC,0,2,A,2024-25
Ligue 1,2025-04-06,Stade Rennais,AJ Auxerre,0,1,A,2024-25
Ligue 1,2025-04-06,Stade de Reims,Strasbourg,0,1,A,2024-25
Ligue 1,2025-04-11,Lens,Stade de Reims,0,2,A,2024-25
Ligue 1,2025-04-12,AS Monaco,Marseille,3,0,H,2024-25
Ligue 1,2025-04-12,Strasbourg,Nice,2,2,D,2024-25
Ligue 1,2025-04-12,Toulouse,Lille,1,2,A,2024-25
Ligue 1,2025-04-13,AJ Auxerre,Lyon,1,3,A,2024-25
Ligue 1,2025-04-13,Angers,Montpellier,2,0,H,2024-25
Ligue 1,2025-04-13,Le Havre AC,Stade Rennais,1,5,A,2024-25
Ligue 1,2025-04-13,Saint-Étienne,Brest,3,3,D,2024-25
Ligue 1,2025-04-18,Stade Rennais,Nantes,2,1,H,2024-25
Ligue 1,2025-04-19,AS Monaco,Strasbourg,0,0,D,2024-25
Ligue 1,2025-04-19,Marseille,Montpellier,5,1,H,2024-25
Ligue 1,2025-04-19,Paris Saint-Germain,Le Havre AC,2,1,H,2024-25
Ligue 1,2025-04-20,Brest,Lens,1,3,A,2024-25
Ligue 1,2025-04-20,Lille,AJ Auxerre,3,1,H,2024-25
Ligue 1,2025-04-20,Nice,Angers,2,1,H,2024-25
Ligue 1,2025-04-20,Saint-Étienne,Lyon,2,1,H,2024-25
Ligue 1,2025-04-20,Stade de Reims,Toulouse,1,0,H,2024-25
Ligue 1,2025-04-22,Nantes,Paris Saint-Germain,1,1,D,2024-25
Ligue 1,2025-04-25,Paris Saint-Germain,Nice,1,3,A,2024-25
Ligue 1,2025-04-26,Le Havre AC,AS Monaco,1,1,D,2024-25
Ligue 1,2025-04-26,Lyon,Stade Rennais,4,1,H,2024-25
Ligue 1,2025-04-26,Strasbourg,Saint-Étienne,3,1,H,2024-25
Ligue 1,2025-04-27,Angers,Lille,0,2,A,2024-25
Ligue 1,2025-04-27,Lens,AJ Auxerre,0,4,A,2024-25
Ligue 1,2025-04-27,Marseille,Brest,4,1,H,2024-25
Ligue 1,2025-04-27,Montpellier,Stade de Reims,0,0,D,2024-25
Ligue 1,2025-04-27,Nantes,Toulouse,0,0,D,2024-25
Ligue 1,2025-05-02,Nice,Stade de Reims,1,0,H,2024-25
Ligue 1,2025-05-03,Saint-Étienne,AS Monaco,1,3,A,2024-25
Ligue 1,2025-05-03,Strasbourg,Paris Saint-Germain,2,1,H,2024-25
Ligue 1,2025-05-03,Toulouse,Stade Rennais,2,1,H,2024-25
Ligue 1,2025-05-04,AJ Auxerre,Le Havre AC,1,2,A,2024-25
Ligue 1,2025-05-04,Brest,Montpellier,1,0,H,2024-25
Ligue 1,2025-05-04,Lille,Marseille,1,1,D,2024-25
Ligue 1,2025-05-04,Lyon,Lens,1,2,A,2024-25
Ligue 1,2025-05-04,Nantes,Angers,0,1,A,2024-25
Ligue 1,2025-05-10,AJ Auxerre,Nantes,1,1,D,2024-25
Ligue 1,2025-05-10,AS Monaco,Lyon,2,0,H,2024-25
Ligue 1,2025-05-10,Angers,Strasbourg,2,1,H,2024-25
Ligue 1,2025-05-10,Brest,Lille,2,0,H,2024-25
Ligue 1,2025-05-10,Le Havre AC,Marseille,1,3,A,2024-25
Ligue 1,2025-05-10,Montpellier,Paris Saint-Germain,1,4,A,2024-25
Ligue 1,2025-05-10,Stade Rennais,Nice,2,0,H,2024-25
Ligue 1,2025-05-10,Stade de Reims,Saint-Étienne,0,2,A,2024-25
Ligue 1,2025-05-10,Toulouse,Lens,1,1,D,2024-25
Ligue 1,2025-05-17,Lens,AS Monaco,4,0,H,2024-25
Ligue 1,2025-05-17,Lille,Stade de Reims,2,1,H,2024-25
Ligue 1,2025-05-17,Lyon,Angers,2,0,H,2024-25
Ligue 1,2025-05-17,Marseille,Stade Rennais,4,2,H,2024-25
Ligue 1,2025-05-17,Nantes,Montpellier,3,0,H,2024-25
Ligue 1,2025-05-17,Nice,Brest,6,0,H,2024-25
Ligue 1,2025-05-17,Paris Saint-Germain,AJ Auxerre,3,1,H,2024-25
Ligue 1,2025-05-17,Saint-Étienne,Toulouse,2,3,A,2024-25
Ligue 1,2025-05-17,Strasbourg,Le Havre AC,2,3,A,2024-25
Ligue 1,2025-08-15,Stade Rennais,Marseille,1,0,H,2025-26
Ligue 1,2025-08-16,AS Monaco,Le Havre AC,3,1,H,2025-26
Ligue 1,2025-08-16,Lens,Lyon,0,1,A,2025-26
Ligue 1,2025-08-16,Nice,Toulouse,0,1,A,2025-26
Ligue 1,2025-08-17,AJ Auxerre,Lorient,1,0,H,2025-26
Ligue 1,2025-08-17,Angers,Paris FC,1,0,H,2025-26
Ligue 1,2025-08-17,Brest,Lille,3,3,D,2025-26
Ligue 1,2025-08-17,Metz,Strasbourg,0,1,A,2025-26
Ligue 1,2025-08-17,Nantes,Paris Saint-Germain,0,1,A,2025-26
Ligue 1,2025-08-22,Paris Saint-Germain,Angers,1,0,H,2025-26
Ligue 1,2025-08-23,Lyon,Metz,3,0,H,2025-26
Ligue 1,2025-08-23,Marseille,Paris FC,5,2,H,2025-26
Ligue 1,2025-08-23,Nice,AJ Auxerre,3,1,H,2025-26
Ligue 1,2025-08-24,Le Havre AC,Lens,1,2,A,2025-26
Ligue 1,2025-08-24,Lille,AS Monaco,1,0,H,2025-26
Ligue 1,2025-08-24,Lorient,Stade Rennais,4,0,H,2025-26
Ligue 1,2025-08-24,Strasbourg,Nantes,1,0,H,2025-26
Ligue 1,2025-08-24,Toulouse,Brest,2,0,H,2025-26
Ligue 1,2025-08-29,Lens,Brest,3,1,H,2025-26
Ligue 1,2025-08-30,Lorient,Lille,1,7,A,2025-26
Ligue 1,2025-08-30,Nantes,AJ Auxerre,1,0,H,2025-26
Ligue 1,2025-08-30,Toulouse,Paris Saint-Germain,3,6,A,2025-26
Ligue 1,2025-08-31,AS Monaco,Strasbourg,3,2,H,2025-26
Ligue 1,2025-08-31,Angers,Stade Rennais,1,1,D,2025-26
Ligue 1,2025-08-31,Le Havre AC,Nice,3,1,H,2025-26
Ligue 1,2025-08-31,Lyon,Marseille,1,0,H,2025-26
Ligue 1,2025-08-31,Paris FC,Metz,3,2,H,2025-26
Ligue 1,2025-09-12,Marseille,Lorient,4,0,H,2025-26
Ligue 1,2025-09-13,AJ Auxerre,AS Monaco,1,2,A,2025-26
Ligue 1,2025-09-13,Nice,Nantes,1,0,H,2025-26
Ligue 1,2025-09-14,Brest,Paris FC,1,2,A,2025-26
Ligue 1,2025-09-14,Lille,Toulouse,2,1,H,2025-26
Ligue 1,2025-09-14,Metz,Angers,1,1,D,2025-26
Ligue 1,2025-09-14,Paris Saint-Germain,Lens,2,0,H,2025-26
Ligue 1,2025-09-14,Stade Rennais,Lyon,3,1,H,2025-26
Ligue 1,2025-09-14,Strasbourg,Le Havre AC,1,0,H,2025-26
Ligue 1,2025-09-19,Lyon,Angers,1,0,H,2025-26
Ligue 1,2025-09-20,Brest,Nice,4,1,H,2025-26
Ligue 1,2025-09-20,Lens,Lille,3,0,H,2025-26
Ligue 1,2025-09-20,Nantes,Stade Rennais,2,2,D,2025-26
Ligue 1,2025-09-21,AJ Auxerre,Toulouse,1,0,H,2025-26
Ligue 1,2025-09-21,AS Monaco,Metz,5,2,H,2025-26
Ligue 1,2025-09-21,Le Havre AC,Lorient,1,1,D,2025-26
Ligue 1,2025-09-21,Paris FC,Strasbourg,2,3,A,2025-26
Ligue 1,2025-09-22,Marseille,Paris Saint-Germain,1,0,H,2025-26
Ligue 1,2025-09-26,Strasbourg,Marseille,1,2,A,2025-26
Ligue 1,2025-09-27,Lorient,AS Monaco,3,1,H,2025-26
Ligue 1,2025-09-27,Paris Saint-Germain,AJ Auxerre,2,0,H,2025-26
Ligue 1,2025-09-27,Toulouse,Nantes,2,2,D,2025-26
Ligue 1,2025-09-28,Angers,Brest,0,2,A,2025-26
Ligue 1,2025-09-28,Lille,Lyon,0,1,A,2025-26
Ligue 1,2025-09-28,Metz,Le Havre AC,0,0,D,2025-26
Ligue 1,2025-09-28,Nice,Paris FC,1,1,D,2025-26
Ligue 1,2025-09-28,Stade Rennais,Lens,0,0,D,2025-26
Ligue 1,2025-10-03,Paris FC,Lorient,2,0,H,2025-26
Ligue 1,2025-10-04,AJ Auxerre,Lens,1,2,A,2025-26
Ligue 1,2025-10-04,Brest,Nantes,0,0,D,2025-26
Ligue 1,2025-10-04,Metz,Marseille,0,3,A,2025-26
Ligue 1,2025-10-05,AS Monaco,Nice,2,2,D,2025-26
Ligue 1,2025-10-05,Le Havre AC,Stade Rennais,2,2,D,2025-26
Ligue 1,2025-10-05,Lille,Paris Saint-Germain,1,1,D,2025-26
Ligue 1,2025-10-05,Lyon,Toulouse,1,2,A,2025-26
Ligue 1,2025-10-05,Strasbourg,Angers,5,0,H,2025-26
Ligue 1,2025-10-17,Paris Saint-Germain,Strasbourg,3,3,D,2025-26
Ligue 1,2025-10-18,Angers,AS Monaco,1,1,D,2025-26
Ligue 1,2025-10-18,Marseille,Le Havre AC,6,2,H,2025-26
Ligue 1,2025-10-18,Nice,Lyon,3,2,H,2025-26
Ligue 1,2025-10-19,Lens,Paris FC,2,1,H,2025-26
Ligue 1,2025-10-19,Lorient,Brest,3,3,D,2025-26
Ligue 1,2025-10-19,Nantes,Lille,0,2,A,2025-26
Ligue 1,2025-10-19,Stade Rennais,AJ Auxerre,2,2,D,2025-26
Ligue 1,2025-10-19,Toulouse,Metz,4,0,H,2025-26
Ligue 1,2025-10-24,Paris FC,Nantes,1,2,A,2025-26
Ligue 1,2025-10-25,AS Monaco,Toulouse,1,0,H,2025-26
Ligue 1,2025-10-25,Brest,Paris Saint-Germain,0,3,A,2025-26
Ligue 1,2025-10-25,Lens,Marseille,2,1,H,2025-26
Ligue 1,2025-10-26,AJ Auxerre,Le Havre AC,0,1,A,2025-26
Ligue 1,2025-10-26,Angers,Lorient,2,0,H,2025-26
Ligue 1,2025-10-26,Lille,Metz,6,1,H,2025-26
Ligue 1,2025-10-26,Lyon,Strasbourg,2,1,H,2025-26
Ligue 1,2025-10-26,Stade Rennais,Nice,1,2,A,2025-26
Ligue 1,2025-10-29,Le Havre AC,Brest,1,0,H,2025-26
Ligue 1,2025-10-29,Lorient,Paris Saint-Germain,1,1,D,2025-26
Ligue 1,2025-10-29,Marseille,Angers,2,2,D,2025-26
Ligue 1,2025-10-29,Metz,Lens,2,0,H,2025-26
Ligue 1,2025-10-29,Nantes,AS Monaco,3,5,A,2025-26
Ligue 1,2025-10-29,Nice,Lille,2,0,H,2025-26
Ligue 1,2025-10-29,Paris FC,Lyon,3,3,D,2025-26
Ligue 1,2025-10-29,Strasbourg,AJ Auxerre,3,0,H,2025-26
Ligue 1,2025-10-29,Toulouse,Stade Rennais,2,2,D,2025-26
Ligue 1,2025-11-01,AJ Auxerre,Marseille,0,1,A,2025-26
Ligue 1,2025-11-01,AS Monaco,Paris FC,0,1,A,2025-26
Ligue 1,2025-11-01,Paris Saint-Germain,Nice,1,0,H,2025-26
Ligue 1,2025-11-02,Brest,Lyon,0,0,D,2025-26
Ligue 1,2025-11-02,Lens,Lorient,3,0,H,2025-26
Ligue 1,2025-11-02,Lille,Angers,1,0,H,2025-26
Ligue 1,2025-11-02,Nantes,Metz,0,2,A,2025-26
Ligue 1,2025-11-02,Stade Rennais,Strasbourg,4,1,H,2025-26
Ligue 1,2025-11-02,Toulouse,Le Havre AC,0,0,D,2025-26
Ligue 1,2025-11-07,Paris FC,Stade Rennais,0,1,A,2025-26
Ligue 1,2025-11-08,AS Monaco,Lens,1,4,A,2025-26
Ligue 1,2025-11-08,Le Havre AC,Nantes,1,1,D,2025-26
Ligue 1,2025-11-08,Marseille,Brest,3,0,H,2025-26
Ligue 1,2025-11-09,Angers,AJ Auxerre,2,0,H,2025-26
Ligue 1,2025-11-09,Lorient,Toulouse,1,1,D,2025-26
Ligue 1,2025-11-09,Lyon,Paris Saint-Germain,2,3,A,2025-26
Ligue 1,2025-11-09,Metz,Nice,2,1,H,2025-26
Ligue 1,2025-11-09,Strasbourg,Lille,2,0,H,2025-26
Ligue 1,2025-11-21,Nice,Marseille,1,5,A,2025-26
Ligue 1,2025-11-22,Lens,Strasbourg,1,0,H,2025-26
Ligue 1,2025-11-22,Paris Saint-Germain,Le Havre AC,3,0,H,2025-26
Ligue 1,2025-11-22,Stade Rennais,AS Monaco,4,1,H,2025-26
Ligue 1,2025-11-23,AJ Auxerre,Lyon,0,0,D,2025-26
Ligue 1,2025-11-23,Brest,Metz,3,2,H,2025-26
Ligue 1,2025-11-23,Lille,Paris FC,4,2,H,2025-26
Ligue 1,2025-11-23,Nantes,Lorient,1,1,D,2025-26
Ligue 1,2025-11-23,Toulouse,Angers,0,1,A,2025-26
Ligue 1,2025-11-28,Metz,Stade Rennais,0,1,A,2025-26
Ligue 1,2025-11-29,AS Monaco,Paris Saint-Germain,1,0,H,2025-26
Ligue 1,2025-11-29,Marseille,Toulouse,2,2,D,2025-26
Ligue 1,2025-11-29,Paris FC,AJ Auxerre,1,1,D,2025-26
Ligue 1,2025-11-30,Angers,Lens,1,2,A,2025-26
Ligue 1,2025-11-30,Le Havre AC,Lille,0,1,A,2025-26
Ligue 1,2025-11-30,Lorient,Nice,3,1,H,2025-26
Ligue 1,2025-11-30,Lyon,Nantes,3,0,H,2025-26
Ligue 1,2025-11-30,Strasbourg,Brest,1,2,A,2025-26
Ligue 1,2025-12-05,Brest,AS Monaco,1,0,H,2025-26
Ligue 1,2025-12-05,Lille,Marseille,1,0,H,2025-26
Ligue 1,2025-12-06,Nantes,Lens,1,2,A,2025-26
Ligue 1,2025-12-06,Paris Saint-Germain,Stade Rennais,5,0,H,2025-26
Ligue 1,2025-12-06,Toulouse,Strasbourg,1,0,H,2025-26
Ligue 1,2025-12-07,AJ Auxerre,Metz,3,1,H,2025-26
Ligue 1,2025-12-07,Le Havre AC,Paris FC,0,0,D,2025-26
Ligue 1,2025-12-07,Lorient,Lyon,1,0,H,2025-26
Ligue 1,2025-12-07,Nice,Angers,0,1,A,2025-26
Ligue 1,2025-12-12,Angers,Nantes,4,1,H,2025-26
Ligue 1,2025-12-13,Metz,Paris Saint-Germain,2,3,A,2025-26
Ligue 1,2025-12-13,Paris FC,Toulouse,0,3,A,2025-26
Ligue 1,2025-12-13,Stade Rennais,Brest,3,1,H,2025-26
Ligue 1,2025-12-14,AJ Auxerre,Lille,3,4,A,2025-26
Ligue 1,2025-12-14,Lens,Nice,2,0,H,2025-26
Ligue 1,2025-12-14,Lyon,Le Havre AC,1,0,H,2025-26
Ligue 1,2025-12-14,Marseille,AS Monaco,1,0,H,2025-26
Ligue 1,2025-12-14,Strasbourg,Lorient,0,0,D,2025-26
Ligue 1,2026-01-02,Toulouse,Lens,0,3,A,2025-26
Ligue 1,2026-01-03,AS Monaco,Lyon,1,3,A,2025-26
Ligue 1,2026-01-03,Lille,Stade Rennais,0,2,A,2025-26
Ligue 1,2026-01-03,Nice,Strasbourg,1,1,D,2025-26
Ligue 1,2026-01-04,Brest,AJ Auxerre,2,0,H,2025-26
Ligue 1,2026-01-04,Le Havre AC,Angers,2,1,H,2025-26
Ligue 1,2026-01-04,Lorient,Metz,1,1,D,2025-26
Ligue 1,2026-01-04,Marseille,Nantes,0,2,A,2025-26
Ligue 1,2026-01-04,Paris Saint-Germain,Paris FC,2,1,H,2025-26
Ligue 1,2026-01-16,AS Monaco,Lorient,1,3,A,2025-26
Ligue 1,2026-01-16,Paris Saint-Germain,Lille,3,0,H,2025-26
Ligue 1,2026-01-17,Angers,Marseille,2,5,A,2025-26
Ligue 1,2026-01-17,Lens,AJ Auxerre,1,0,H,2025-26
Ligue 1,2026-01-17,Toulouse,Nice,5,1,H,2025-26
Ligue 1,2026-01-18,Lyon,Brest,2,1,H,2025-26
Ligue 1,2026-01-18,Nantes,Paris FC,1,2,A,2025-26
Ligue 1,2026-01-18,Stade Rennais,Le Havre AC,1,1,D,2025-26
Ligue 1,2026-01-18,Strasbourg,Metz,2,1,H,2025-26
Ligue 1,2026-01-23,AJ Auxerre,Paris Saint-Germain,0,1,A,2025-26
Ligue 1,2026-01-24,Le Havre AC,AS Monaco,0,0,D,2025-26
Ligue 1,2026-01-24,Marseille,Lens,3,1,H,2025-26
Ligue 1,2026-01-24,Stade Rennais,Lorient,0,2,A,2025-26
Ligue 1,2026-01-25,Brest,Toulouse,0,2,A,2025-26
Ligue 1,2026-01-25,Lille,Strasbourg,1,4,A,2025-26
Ligue 1,2026-01-25,Metz,Lyon,2,5,A,2025-26
Ligue 1,2026-01-25,Nantes,Nice,1,4,A,2025-26
Ligue 1,2026-01-25,Paris FC,Angers,0,0,D,2025-26
Ligue 1,2026-01-30,Lens,Le Havre AC,1,0,H,2025-26
Ligue 1,2026-01-31,AS Monaco,Stade Rennais,4,0,H,2025-26
Ligue 1,2026-01-31,Lorient,Nantes,2,1,H,2025-26
Ligue 1,2026-01-31,Paris FC,Marseille,2,2,D,2025-26
Ligue 1,2026-02-01,Angers,Metz,1,0,H,2025-26
Ligue 1,2026-02-01,Lyon,Lille,1,0,H,2025-26
Ligue 1,2026-02-01,Nice,Brest,2,2,D,2025-26
Ligue 1,2026-02-01,Strasbourg,Paris Saint-Germain,1,2,A,2025-26
Ligue 1,2026-02-01,Toulouse,AJ Auxerre,0,0,D,2025-26
Ligue 1,2026-02-06,Metz,Lille,0,0,D,2025-26
Ligue 1,2026-02-07,Brest,Lorient,2,0,H,2025-26
Ligue 1,2026-02-07,Lens,Stade Rennais,3,1,H,2025-26
Ligue 1,2026-02-07,Nantes,Lyon,0,1,A,2025-26
Ligue 1,2026-02-08,AJ Auxerre,Paris FC,0,0,D,2025-26
Ligue 1,2026-02-08,Angers,Toulouse,1,0,H,2025-26
Ligue 1,2026-02-08,Le Havre AC,Strasbourg,2,1,H,2025-26
Ligue 1,2026-02-08,Nice,AS Monaco,0,0,D,2025-26
Ligue 1,2026-02-08,Paris Saint-Germain,Marseille,5,0,H,2025-26
Ligue 1,2026-02-13,AS Monaco,Nantes,3,1,H,2025-26
Ligue 1,2026-02-13,Stade Rennais,Paris Saint-Germain,3,1,H,2025-26
Ligue 1,2026-02-14,Lille,Brest,1,1,D,2025-26
Ligue 1,2026-02-14,Marseille,Strasbourg,2,2,D,2025-26
Ligue 1,2026-02-14,Paris FC,Lens,0,5,A,2025-26
Ligue 1,2026-02-15,Le Havre AC,Toulouse,2,1,H,2025-26
Ligue 1,2026-02-15,Lorient,Angers,2,0,H,2025-26
Ligue 1,2026-02-15,Lyon,Nice,2,0,H,2025-26
Ligue 1,2026-02-15,Metz,AJ Auxerre,1,3,A,2025-26
Ligue 1,2026-02-20,Brest,Marseille,2,0,H,2025-26
Ligue 1,2026-02-21,Lens,AS Monaco,2,3,A,2025-26
Ligue 1,2026-02-21,Paris Saint-Germain,Metz,3,0,H,2025-26
Ligue 1,2026-02-21,Toulouse,Paris FC,1,1,D,2025-26
Ligue 1,2026-02-22,AJ Auxerre,Stade Rennais,0,3,A,2025-26
Ligue 1,2026-02-22,Angers,Lille,0,1,A,2025-26
Ligue 1,2026-02-22,Nantes,Le Havre AC,2,0,H,2025-26
Ligue 1,2026-02-22,Nice,Lorient,3,3,D,2025-26
Ligue 1,2026-02-22,Strasbourg,Lyon,3,1,H,2025-26
Ligue 1,2026-02-27,Strasbourg,Lens,1,1,D,2025-26
Ligue 1,2026-02-28,AS Monaco,Angers,2,0,H,2025-26
Ligue 1,2026-02-28,Le Havre AC,Paris Saint-Germain,0,1,A,2025-26
Ligue 1,2026-02-28,Stade Rennais,Toulouse,1,0,H,2025-26
Ligue 1,2026-03-01,Lille,Nantes,1,0,H,2025-26
Ligue 1,2026-03-01,Lorient,AJ Auxerre,2,2,D,2025-26
Ligue 1,2026-03-01,Marseille,Lyon,3,2,H,2025-26
Ligue 1,2026-03-01,Metz,Brest,0,1,A,2025-26
Ligue 1,2026-03-01,Paris FC,Nice,1,0,H,2025-26
Ligue 1,2026-03-06,Paris Saint-Germain,AS Monaco,1,3,A,2025-26
Ligue 1,2026-03-07,AJ Auxerre,Strasbourg,0,0,D,2025-26
Ligue 1,2026-03-07,Nantes,Angers,0,1,A,2025-26
Ligue 1,2026-03-07,Toulouse,Marseille,0,1,A,2025-26
Ligue 1,2026-03-08,Brest,Le Havre AC,2,0,H,2025-26
Ligue 1,2026-03-08,Lens,Metz,3,0,H,2025-26
Ligue 1,2026-03-08,Lille,Lorient,1,1,D,2025-26
Ligue 1,2026-03-08,Lyon,Paris FC,1,1,D,2025-26
Ligue 1,2026-03-08,Nice,Stade Rennais,0,4,A,2025-26
Ligue 1,2026-03-13,Marseille,AJ Auxerre,1,0,H,2025-26
Ligue 1,2026-03-14,AS Monaco,Brest,2,0,H,2025-26
Ligue 1,2026-03-14,Angers,Nice,0,2,A,2025-26
Ligue 1,2026-03-14,Lorient,Lens,2,1,H,2025-26
Ligue 1,2026-03-15,Le Havre AC,Lyon,0,0,D,2025-26
Ligue 1,2026-03-15,Metz,Toulouse,3,4,A,2025-26
Ligue 1,2026-03-15,Stade Rennais,Lille,1,2,A,2025-26
Ligue 1,2026-03-15,Strasbourg,Paris FC,0,0,D,2025-26
Ligue 1,2026-03-20,Lens,Angers,5,1,H,2025-26
Ligue 1,2026-03-21,AJ Auxerre,Brest,3,0,H,2025-26
Ligue 1,2026-03-21,Nice,Paris Saint-Germain,0,4,A,2025-26
Ligue 1,2026-03-21,Toulouse,Lorient,1,0,H,2025-26
Ligue 1,2026-03-22,Lyon,AS Monaco,1,2,A,2025-26
Ligue 1,2026-03-22,Marseille,Lille,1,2,A,2025-26
Ligue 1,2026-03-22,Nantes,Strasbourg,2,3,A,2025-26
Ligue 1,2026-03-22,Paris FC,Le Havre AC,3,2,H,2025-26
Ligue 1,2026-03-22,Stade Rennais,Metz,0,0,D,2025-26
Ligue 1,2026-04-03,Paris Saint-Germain,Toulouse,3,1,H,2025-26
Ligue 1,2026-04-04,Brest,Stade Rennais,3,4,A,2025-26
Ligue 1,2026-04-04,Lille,Lens,3,0,H,2025-26
Ligue 1,2026-04-04,Strasbourg,Nice,3,1,H,2025-26
Ligue 1,2026-04-05,AS Monaco,Marseille,2,1,H,2025-26
Ligue 1,2026-04-05,Angers,Lyon,0,0,D,2025-26
Ligue 1,2026-04-05,Le Havre AC,AJ Auxerre,1,1,D,2025-26
Ligue 1,2026-04-05,Lorient,Paris FC,1,1,D,2025-26
Ligue 1,2026-04-05,Metz,Nantes,0,0,D,2025-26
Ligue 1,2026-04-10,Marseille,Metz,3,1,H,2025-26
Ligue 1,2026-04-10,Paris FC,AS Monaco,4,1,H,2025-26
Ligue 1,2026-04-11,AJ Auxerre,Nantes,0,0,D,2025-26
Ligue 1,2026-04-11,Stade Rennais,Angers,2,1,H,2025-26
Ligue 1,2026-04-12,Lyon,Lorient,2,0,H,2025-26
Ligue 1,2026-04-12,Nice,Le Havre AC,1,1,D,2025-26
Ligue 1,2026-04-12,Toulouse,Lille,0,4,A,2025-26
Ligue 1,2026-04-17,Lens,Toulouse,3,2,H,2025-26
Ligue 1,2026-04-18,Angers,Le Havre AC,1,1,D,2025-26
Ligue 1,2026-04-18,Lille,Nice,0,0,D,2025-26
Ligue 1,2026-04-18,Lorient,Marseille,2,0,H,2025-26
Ligue 1,2026-04-19,AS Monaco,AJ Auxerre,2,2,D,2025-26
Ligue 1,2026-04-19,Metz,Paris FC,1,3,A,2025-26
Ligue 1,2026-04-19,Nantes,Brest,1,1,D,2025-26
Ligue 1,2026-04-19,Paris Saint-Germain,Lyon,1,2,A,2025-26
Ligue 1,2026-04-19,Strasbourg,Stade Rennais,0,3,A,2025-26
Ligue 1,2026-04-22,Paris Saint-Germain,Nantes,3,0,H,2025-26
Ligue 1,2026-04-24,Brest,Lens,3,3,D,2025-26
Ligue 1,2026-04-25,Angers,Paris Saint-Germain,0,3,A,2025-26
Ligue 1,2026-04-25,Lyon,AJ Auxerre,3,2,H,2025-26
Ligue 1,2026-04-25,Toulouse,AS Monaco,2,2,D,2025-26
Ligue 1,2026-04-26,Le Havre AC,Metz,4,4,D,2025-26
Ligue 1,2026-04-26,Lorient,Strasbourg,2,3,A,2025-26
Ligue 1,2026-04-26,Marseille,Nice,1,1,D,2025-26
Ligue 1,2026-04-26,Paris FC,Lille,0,1,A,2025-26
Ligue 1,2026-04-26,Stade Rennais,Nantes,2,1,H,2025-26
Ligue 1,2026-05-02,Metz,AS Monaco,1,2,A,2025-26
Ligue 1,2026-05-02,Nantes,Marseille,3,0,H,2025-26
Ligue 1,2026-05-02,Nice,Lens,1,1,D,2025-26
Ligue 1,2026-05-02,Paris Saint-Germain,Lorient,2,2,D,2025-26
Ligue 1,2026-05-03,AJ Auxerre,Angers,3,1,H,2025-26
Ligue 1,2026-05-03,Lille,Le Havre AC,1,1,D,2025-26
Ligue 1,2026-05-03,Lyon,Stade Rennais,4,2,H,2025-26
Ligue 1,2026-05-03,Paris FC,Brest,4,0,H,2025-26
Ligue 1,2026-05-03,Strasbourg,Toulouse,1,2,A,2025-26
Ligue 1,2026-05-08,Lens,Nantes,1,0,H,2025-26
Ligue 1,2026-05-10,AJ Auxerre,Nice,2,1,H,2025-26
Ligue 1,2026-05-10,AS Monaco,Lille,0,1,A,2025-26
Ligue 1,2026-05-10,Angers,Strasbourg,1,1,D,2025-26
Ligue 1,2026-05-10,Le Havre AC,Marseille,0,1,A,2025-26
Ligue 1,2026-05-10,Metz,Lorient,0,4,A,2025-26
Ligue 1,2026-05-10,Paris Saint-Germain,Brest,1,0,H,2025-26
Ligue 1,2026-05-10,Stade Rennais,Paris FC,2,1,H,2025-26
Ligue 1,2026-05-10,Toulouse,Lyon,2,1,H,2025-26
Ligue 1,2026-05-13,Brest,Strasbourg,1,2,A,2025-26
Ligue 1,2026-05-13,Lens,Paris Saint-Germain,0,2,A,2025-26
Ligue 1,2026-05-17,Brest,Angers,1,1,D,2025-26
Ligue 1,2026-05-17,Lille,AJ Auxerre,0,2,A,2025-26
Ligue 1,2026-05-17,Lorient,Le Havre AC,0,2,A,2025-26
Ligue 1,2026-05-17,Lyon,Lens,0,4,A,2025-26
Ligue 1,2026-05-17,Marseille,Stade Rennais,3,1,H,2025-26
Ligue 1,2026-05-17,Nice,Metz,0,0,D,2025-26
Ligue 1,2026-05-17,Paris FC,Paris Saint-Germain,2,1,H,2025-26
Ligue 1,2026-05-17,Strasbourg,AS Monaco,5,4,H,2025-26
