Div,Date,HomeTeam,AwayTeam,FTHG,FTAG,FTR,Season
Bundesliga,2016-08-26,Bayern Munich,Werder Bremen,6,0,H,2016-17
Bundesliga,2016-08-27,Borussia Dortmund,Mainz,2,1,H,2016-17
Bundesliga,2016-08-27,Borussia Mönchengladbach,Bayer Leverkusen,2,1,H,2016-17
Bundesliga,2016-08-27,Eintracht Frankfurt,Schalke 04,1,0,H,2016-17
Bundesliga,2016-08-27,FC Augsburg,VfL Wolfsburg,0,2,A,2016-17
Bundesliga,2016-08-27,FC Cologne,SV Darmstadt 98,2,0,H,2016-17
Bundesliga,2016-08-27,Hamburg SV,FC Ingolstadt 04,1,1,D,2016-17
Bundesliga,2016-08-28,Hertha Berlin,SC Freiburg,2,1,H,2016-17
Bundesliga,2016-08-28,TSG Hoffenheim,RB Leipzig,2,2,D,2016-17
Bundesliga,2016-09-09,Schalke 04,Bayern Munich,0,2,A,2016-17
Bundesliga,2016-09-10,Bayer Leverkusen,Hamburg SV,3,1,H,2016-17
Bundesliga,2016-09-10,FC Ingolstadt 04,Hertha Berlin,0,2,A,2016-17
Bundesliga,2016-09-10,RB Leipzig,Borussia Dortmund,1,0,H,2016-17
Bundesliga,2016-09-10,SC Freiburg,Borussia Mönchengladbach,3,1,H,2016-17
Bundesliga,2016-09-10,SV Darmstadt 98,Eintracht Frankfurt,1,0,H,2016-17
Bundesliga,2016-09-10,VfL Wolfsburg,FC Cologne,0,0,D,2016-17
Bundesliga,2016-09-11,Mainz,TSG Hoffenheim,4,4,D,2016-17
Bundesliga,2016-09-11,Werder Bremen,FC Augsburg,1,2,A,2016-17
Bundesliga,2016-09-16,FC Cologne,SC Freiburg,3,0,H,2016-17
Bundesliga,2016-09-17,Bayern Munich,FC Ingolstadt 04,3,1,H,2016-17
Bundesliga,2016-09-17,Borussia Dortmund,SV Darmstadt 98,6,0,H,2016-17
Bundesliga,2016-09-17,Borussia Mönchengladbach,Werder Bremen,4,1,H,2016-17
Bundesliga,2016-09-17,Eintracht Frankfurt,Bayer Leverkusen,2,1,H,2016-17
Bundesliga,2016-09-17,Hamburg SV,RB Leipzig,0,4,A,2016-17
Bundesliga,2016-09-17,TSG Hoffenheim,VfL Wolfsburg,0,0,D,2016-17
Bundesliga,2016-09-18,FC Augsburg,Mainz,1,3,A,2016-17
Bundesliga,2016-09-18,Hertha Berlin,Schalke 04,2,0,H,2016-17
Bundesliga,2016-09-20,FC Ingolstadt 04,Eintracht Frankfurt,0,2,A,2016-17
Bundesliga,2016-09-20,SC Freiburg,Hamburg SV,1,0,H,2016-17
Bundesliga,2016-09-20,SV Darmstadt 98,TSG Hoffenheim,1,1,D,2016-17
Bundesliga,2016-09-20,VfL Wolfsburg,Borussia Dortmund,1,5,A,2016-17
Bundesliga,2016-09-21,Bayer Leverkusen,FC Augsburg,0,0,D,2016-17
Bundesliga,2016-09-21,Bayern Munich,Hertha Berlin,3,0,H,2016-17
Bundesliga,2016-09-21,RB Leipzig,Borussia Mönchengladbach,1,1,D,2016-17
Bundesliga,2016-09-21,Schalke 04,FC Cologne,1,3,A,2016-17
Bundesliga,2016-09-21,Werder Bremen,Mainz,1,2,A,2016-17
Bundesliga,2016-09-23,Borussia Dortmund,SC Freiburg,3,1,H,2016-17
Bundesliga,2016-09-24,Borussia Mönchengladbach,FC Ingolstadt 04,2,0,H,2016-17
Bundesliga,2016-09-24,Eintracht Frankfurt,Hertha Berlin,3,3,D,2016-17
Bundesliga,2016-09-24,FC Augsburg,SV Darmstadt 98,1,0,H,2016-17
Bundesliga,2016-09-24,Hamburg SV,Bayern Munich,0,1,A,2016-17
Bundesliga,2016-09-24,Mainz,Bayer Leverkusen,2,3,A,2016-17
Bundesliga,2016-09-24,Werder Bremen,VfL Wolfsburg,2,1,H,2016-17
Bundesliga,2016-09-25,FC Cologne,RB Leipzig,1,1,D,2016-17
Bundesliga,2016-09-25,TSG Hoffenheim,Schalke 04,2,1,H,2016-17
Bundesliga,2016-09-30,RB Leipzig,FC Augsburg,2,1,H,2016-17
Bundesliga,2016-10-01,Bayer Leverkusen,Borussia Dortmund,2,0,H,2016-17
Bundesliga,2016-10-01,Bayern Munich,FC Cologne,1,1,D,2016-17
Bundesliga,2016-10-01,FC Ingolstadt 04,TSG Hoffenheim,1,2,A,2016-17
Bundesliga,2016-10-01,Hertha Berlin,Hamburg SV,2,0,H,2016-17
Bundesliga,2016-10-01,SC Freiburg,Eintracht Frankfurt,1,0,H,2016-17
Bundesliga,2016-10-01,SV Darmstadt 98,Werder Bremen,2,2,D,2016-17
Bundesliga,2016-10-02,Schalke 04,Borussia Mönchengladbach,4,0,H,2016-17
Bundesliga,2016-10-02,VfL Wolfsburg,Mainz,0,0,D,2016-17
Bundesliga,2016-10-14,Borussia Dortmund,Hertha Berlin,1,1,D,2016-17
Bundesliga,2016-10-15,Borussia Mönchengladbach,Hamburg SV,0,0,D,2016-17
Bundesliga,2016-10-15,Eintracht Frankfurt,Bayern Munich,2,2,D,2016-17
Bundesliga,2016-10-15,FC Augsburg,Schalke 04,1,1,D,2016-17
Bundesliga,2016-10-15,FC Cologne,FC Ingolstadt 04,2,1,H,2016-17
Bundesliga,2016-10-15,TSG Hoffenheim,SC Freiburg,2,1,H,2016-17
Bundesliga,2016-10-15,Werder Bremen,Bayer Leverkusen,2,1,H,2016-17
Bundesliga,2016-10-16,Mainz,SV Darmstadt 98,2,1,H,2016-17
Bundesliga,2016-10-16,VfL Wolfsburg,RB Leipzig,0,1,A,2016-17
Bundesliga,2016-10-21,Hamburg SV,Eintracht Frankfurt,0,3,A,2016-17
Bundesliga,2016-10-22,Bayer Leverkusen,TSG Hoffenheim,0,3,A,2016-17
Bundesliga,2016-10-22,Bayern Munich,Borussia Mönchengladbach,2,0,H,2016-17
Bundesliga,2016-10-22,FC Ingolstadt 04,Borussia Dortmund,3,3,D,2016-17
Bundesliga,2016-10-22,Hertha Berlin,FC Cologne,2,1,H,2016-17
Bundesliga,2016-10-22,SC Freiburg,FC Augsburg,2,1,H,2016-17
Bundesliga,2016-10-22,SV Darmstadt 98,VfL Wolfsburg,3,1,H,2016-17
Bundesliga,2016-10-23,RB Leipzig,Werder Bremen,3,1,H,2016-17
Bundesliga,2016-10-23,Schalke 04,Mainz,3,0,H,2016-17
Bundesliga,2016-10-28,Borussia Mönchengladbach,Eintracht Frankfurt,0,0,D,2016-17
Bundesliga,2016-10-29,Borussia Dortmund,Schalke 04,0,0,D,2016-17
Bundesliga,2016-10-29,FC Augsburg,Bayern Munich,1,3,A,2016-17
Bundesliga,2016-10-29,Mainz,FC Ingolstadt 04,2,0,H,2016-17
Bundesliga,2016-10-29,SV Darmstadt 98,RB Leipzig,0,2,A,2016-17
Bundesliga,2016-10-29,VfL Wolfsburg,Bayer Leverkusen,1,2,A,2016-17
Bundesliga,2016-10-29,Werder Bremen,SC Freiburg,1,3,A,2016-17
Bundesliga,2016-10-30,FC Cologne,Hamburg SV,3,0,H,2016-17
Bundesliga,2016-10-30,TSG Hoffenheim,Hertha Berlin,1,0,H,2016-17
Bundesliga,2016-11-04,Hertha Berlin,Borussia Mönchengladbach,3,0,H,2016-17
Bundesliga,2016-11-05,Bayer Leverkusen,SV Darmstadt 98,3,2,H,2016-17
Bundesliga,2016-11-05,Bayern Munich,TSG Hoffenheim,1,1,D,2016-17
Bundesliga,2016-11-05,Eintracht Frankfurt,FC Cologne,1,0,H,2016-17
Bundesliga,2016-11-05,FC Ingolstadt 04,FC Augsburg,0,2,A,2016-17
Bundesliga,2016-11-05,Hamburg SV,Borussia Dortmund,2,5,A,2016-17
Bundesliga,2016-11-05,SC Freiburg,VfL Wolfsburg,0,3,A,2016-17
Bundesliga,2016-11-06,RB Leipzig,Mainz,3,1,H,2016-17
Bundesliga,2016-11-06,Schalke 04,Werder Bremen,3,1,H,2016-17
Bundesliga,2016-11-18,Bayer Leverkusen,RB Leipzig,2,3,A,2016-17
Bundesliga,2016-11-19,Borussia Dortmund,Bayern Munich,1,0,H,2016-17
Bundesliga,2016-11-19,Borussia Mönchengladbach,FC Cologne,1,2,A,2016-17
Bundesliga,2016-11-19,FC Augsburg,Hertha Berlin,0,0,D,2016-17
Bundesliga,2016-11-19,Mainz,SC Freiburg,4,2,H,2016-17
Bundesliga,2016-11-19,SV Darmstadt 98,FC Ingolstadt 04,0,1,A,2016-17
Bundesliga,2016-11-19,VfL Wolfsburg,Schalke 04,0,1,A,2016-17
Bundesliga,2016-11-20,TSG Hoffenheim,Hamburg SV,2,2,D,2016-17
Bundesliga,2016-11-20,Werder Bremen,Eintracht Frankfurt,1,2,A,2016-17
Bundesliga,2016-11-25,SC Freiburg,RB Leipzig,1,4,A,2016-17
Bundesliga,2016-11-26,Bayern Munich,Bayer Leverkusen,2,1,H,2016-17
Bundesliga,2016-11-26,Borussia Mönchengladbach,TSG Hoffenheim,1,1,D,2016-17
Bundesliga,2016-11-26,Eintracht Frankfurt,Borussia Dortmund,2,1,H,2016-17
Bundesliga,2016-11-26,FC Cologne,FC Augsburg,0,0,D,2016-17
Bundesliga,2016-11-26,FC Ingolstadt 04,VfL Wolfsburg,1,1,D,2016-17
Bundesliga,2016-11-26,Hamburg SV,Werder Bremen,2,2,D,2016-17
Bundesliga,2016-11-27,Hertha Berlin,Mainz,2,1,H,2016-17
Bundesliga,2016-11-27,Schalke 04,SV Darmstadt 98,3,1,H,2016-17
Bundesliga,2016-12-02,Mainz,Bayern Munich,1,3,A,2016-17
Bundesliga,2016-12-03,Bayer Leverkusen,SC Freiburg,1,1,D,2016-17
Bundesliga,2016-12-03,Borussia Dortmund,Borussia Mönchengladbach,4,1,H,2016-17
Bundesliga,2016-12-03,RB Leipzig,Schalke 04,2,1,H,2016-17
Bundesliga,2016-12-03,TSG Hoffenheim,FC Cologne,4,0,H,2016-17
Bundesliga,2016-12-03,VfL Wolfsburg,Hertha Berlin,2,3,A,2016-17
Bundesliga,2016-12-03,Werder Bremen,FC Ingolstadt 04,2,1,H,2016-17
Bundesliga,2016-12-04,FC Augsburg,Eintracht Frankfurt,1,1,D,2016-17
Bundesliga,2016-12-04,SV Darmstadt 98,Hamburg SV,0,2,A,2016-17
Bundesliga,2016-12-09,Eintracht Frankfurt,TSG Hoffenheim,0,0,D,2016-17
Bundesliga,2016-12-10,Bayern Munich,VfL Wolfsburg,5,0,H,2016-17
Bundesliga,2016-12-10,FC Cologne,Borussia Dortmund,1,1,D,2016-17
Bundesliga,2016-12-10,FC Ingolstadt 04,RB Leipzig,1,0,H,2016-17
Bundesliga,2016-12-10,Hamburg SV,FC Augsburg,1,0,H,2016-17
Bundesliga,2016-12-10,Hertha Berlin,Werder Bremen,0,1,A,2016-17
Bundesliga,2016-12-10,SC Freiburg,SV Darmstadt 98,1,0,H,2016-17
Bundesliga,2016-12-11,Borussia Mönchengladbach,Mainz,1,0,H,2016-17
Bundesliga,2016-12-11,Schalke 04,Bayer Leverkusen,0,1,A,2016-17
Bundesliga,2016-12-16,TSG Hoffenheim,Borussia Dortmund,2,2,D,2016-17
Bundesliga,2016-12-17,FC Augsburg,Borussia Mönchengladbach,1,0,H,2016-17
Bundesliga,2016-12-17,Mainz,Hamburg SV,3,1,H,2016-17
Bundesliga,2016-12-17,RB Leipzig,Hertha Berlin,2,0,H,2016-17
Bundesliga,2016-12-17,Schalke 04,SC Freiburg,1,1,D,2016-17
Bundesliga,2016-12-17,VfL Wolfsburg,Eintracht Frankfurt,1,0,H,2016-17
Bundesliga,2016-12-17,Werder Bremen,FC Cologne,1,1,D,2016-17
Bundesliga,2016-12-18,Bayer Leverkusen,FC Ingolstadt 04,1,2,A,2016-17
Bundesliga,2016-12-18,SV Darmstadt 98,Bayern Munich,0,1,A,2016-17
Bundesliga,2016-12-20,Borussia Dortmund,FC Augsburg,1,1,D,2016-17
Bundesliga,2016-12-20,Borussia Mönchengladbach,VfL Wolfsburg,1,2,A,2016-17
Bundesliga,2016-12-20,Eintracht Frankfurt,Mainz,3,0,H,2016-17
Bundesliga,2016-12-20,Hamburg SV,Schalke 04,2,1,H,2016-17
Bundesliga,2016-12-21,Bayern Munich,RB Leipzig,3,0,H,2016-17
Bundesliga,2016-12-21,FC Cologne,Bayer Leverkusen,1,1,D,2016-17
Bundesliga,2016-12-21,FC Ingolstadt 04,SC Freiburg,1,2,A,2016-17
Bundesliga,2016-12-21,Hertha Berlin,SV Darmstadt 98,2,0,H,2016-17
Bundesliga,2016-12-21,TSG Hoffenheim,Werder Bremen,1,1,D,2016-17
Bundesliga,2017-01-20,SC Freiburg,Bayern Munich,1,2,A,2016-17
Bundesliga,2017-01-21,FC Augsburg,TSG Hoffenheim,0,2,A,2016-17
Bundesliga,2017-01-21,RB Leipzig,Eintracht Frankfurt,3,0,H,2016-17
Bundesliga,2017-01-21,SV Darmstadt 98,Borussia Mönchengladbach,0,0,D,2016-17
Bundesliga,2017-01-21,Schalke 04,FC Ingolstadt 04,1,0,H,2016-17
Bundesliga,2017-01-21,VfL Wolfsburg,Hamburg SV,1,0,H,2016-17
Bundesliga,2017-01-21,Werder Bremen,Borussia Dortmund,1,2,A,2016-17
Bundesliga,2017-01-22,Bayer Leverkusen,Hertha Berlin,3,1,H,2016-17
Bundesliga,2017-01-22,Mainz,FC Cologne,0,0,D,2016-17
Bundesliga,2017-01-27,Schalke 04,Eintracht Frankfurt,0,1,A,2016-17
Bundesliga,2017-01-28,Bayer Leverkusen,Borussia Mönchengladbach,2,3,A,2016-17
Bundesliga,2017-01-28,FC Ingolstadt 04,Hamburg SV,3,1,H,2016-17
Bundesliga,2017-01-28,RB Leipzig,TSG Hoffenheim,2,1,H,2016-17
Bundesliga,2017-01-28,SV Darmstadt 98,FC Cologne,1,6,A,2016-17
Bundesliga,2017-01-28,VfL Wolfsburg,FC Augsburg,1,2,A,2016-17
Bundesliga,2017-01-28,Werder Bremen,Bayern Munich,1,2,A,2016-17
Bundesliga,2017-01-29,Mainz,Borussia Dortmund,1,1,D,2016-17
Bundesliga,2017-01-29,SC Freiburg,Hertha Berlin,2,1,H,2016-17
Bundesliga,2017-02-03,Hamburg SV,Bayer Leverkusen,1,0,H,2016-17
Bundesliga,2017-02-04,Bayern Munich,Schalke 04,1,1,D,2016-17
Bundesliga,2017-02-04,Borussia Dortmund,RB Leipzig,1,0,H,2016-17
Bundesliga,2017-02-04,Borussia Mönchengladbach,SC Freiburg,3,0,H,2016-17
Bundesliga,2017-02-04,FC Cologne,VfL Wolfsburg,1,0,H,2016-17
Bundesliga,2017-02-04,Hertha Berlin,FC Ingolstadt 04,1,0,H,2016-17
Bundesliga,2017-02-04,TSG Hoffenheim,Mainz,4,0,H,2016-17
Bundesliga,2017-02-05,Eintracht Frankfurt,SV Darmstadt 98,2,0,H,2016-17
Bundesliga,2017-02-05,FC Augsburg,Werder Bremen,3,2,H,2016-17
Bundesliga,2017-02-10,Mainz,FC Augsburg,2,0,H,2016-17
Bundesliga,2017-02-11,Bayer Leverkusen,Eintracht Frankfurt,3,0,H,2016-17
Bundesliga,2017-02-11,FC Ingolstadt 04,Bayern Munich,0,2,A,2016-17
Bundesliga,2017-02-11,RB Leipzig,Hamburg SV,0,3,A,2016-17
Bundesliga,2017-02-11,SV Darmstadt 98,Borussia Dortmund,2,1,H,2016-17
Bundesliga,2017-02-11,Schalke 04,Hertha Berlin,2,0,H,2016-17
Bundesliga,2017-02-11,Werder Bremen,Borussia Mönchengladbach,0,1,A,2016-17
Bundesliga,2017-02-12,SC Freiburg,FC Cologne,2,1,H,2016-17
Bundesliga,2017-02-12,VfL Wolfsburg,TSG Hoffenheim,2,1,H,2016-17
Bundesliga,2017-02-17,FC Augsburg,Bayer Leverkusen,1,3,A,2016-17
Bundesliga,2017-02-18,Borussia Dortmund,VfL Wolfsburg,3,0,H,2016-17
Bundesliga,2017-02-18,Eintracht Frankfurt,FC Ingolstadt 04,0,2,A,2016-17
Bundesliga,2017-02-18,Hamburg SV,SC Freiburg,2,2,D,2016-17
Bundesliga,2017-02-18,Hertha Berlin,Bayern Munich,1,1,D,2016-17
Bundesliga,2017-02-18,Mainz,Werder Bremen,0,2,A,2016-17
Bundesliga,2017-02-18,TSG Hoffenheim,SV Darmstadt 98,2,0,H,2016-17
Bundesliga,2017-02-19,Borussia Mönchengladbach,RB Leipzig,1,2,A,2016-17
Bundesliga,2017-02-19,FC Cologne,Schalke 04,1,1,D,2016-17
Bundesliga,2017-02-24,VfL Wolfsburg,Werder Bremen,1,2,A,2016-17
Bundesliga,2017-02-25,Bayer Leverkusen,Mainz,0,2,A,2016-17
Bundesliga,2017-02-25,Bayern Munich,Hamburg SV,8,0,H,2016-17
Bundesliga,2017-02-25,Hertha Berlin,Eintracht Frankfurt,2,0,H,2016-17
Bundesliga,2017-02-25,RB Leipzig,FC Cologne,3,1,H,2016-17
Bundesliga,2017-02-25,SC Freiburg,Borussia Dortmund,0,3,A,2016-17
Bundesliga,2017-02-25,SV Darmstadt 98,FC Augsburg,1,2,A,2016-17
Bundesliga,2017-02-26,FC Ingolstadt 04,Borussia Mönchengladbach,0,2,A,2016-17
Bundesliga,2017-02-26,Schalke 04,TSG Hoffenheim,1,1,D,2016-17
Bundesliga,2017-03-03,FC Augsburg,RB Leipzig,2,2,D,2016-17
Bundesliga,2017-03-04,Borussia Dortmund,Bayer Leverkusen,6,2,H,2016-17
Bundesliga,2017-03-04,Borussia Mönchengladbach,Schalke 04,4,2,H,2016-17
Bundesliga,2017-03-04,FC Cologne,Bayern Munich,0,3,A,2016-17
Bundesliga,2017-03-04,Mainz,VfL Wolfsburg,1,1,D,2016-17
Bundesliga,2017-03-04,TSG Hoffenheim,FC Ingolstadt 04,5,2,H,2016-17
Bundesliga,2017-03-04,Werder Bremen,SV Darmstadt 98,2,0,H,2016-17
Bundesliga,2017-03-05,Eintracht Frankfurt,SC Freiburg,1,2,A,2016-17
Bundesliga,2017-03-05,Hamburg SV,Hertha Berlin,1,0,H,2016-17
Bundesliga,2017-03-10,Bayer Leverkusen,Werder Bremen,1,1,D,2016-17
Bundesliga,2017-03-11,Bayern Munich,Eintracht Frankfurt,3,0,H,2016-17
Bundesliga,2017-03-11,FC Ingolstadt 04,FC Cologne,2,2,D,2016-17
Bundesliga,2017-03-11,Hertha Berlin,Borussia Dortmund,2,1,H,2016-17
Bundesliga,2017-03-11,RB Leipzig,VfL Wolfsburg,0,1,A,2016-17
Bundesliga,2017-03-11,SC Freiburg,TSG Hoffenheim,1,1,D,2016-17
Bundesliga,2017-03-11,SV Darmstadt 98,Mainz,2,1,H,2016-17
Bundesliga,2017-03-12,Hamburg SV,Borussia Mönchengladbach,2,1,H,2016-17
Bundesliga,2017-03-12,Schalke 04,FC Augsburg,3,0,H,2016-17
Bundesliga,2017-03-17,Borussia Dortmund,FC Ingolstadt 04,1,0,H,2016-17
Bundesliga,2017-03-18,Eintracht Frankfurt,Hamburg SV,0,0,D,2016-17
Bundesliga,2017-03-18,FC Augsburg,SC Freiburg,1,1,D,2016-17
Bundesliga,2017-03-18,FC Cologne,Hertha Berlin,4,2,H,2016-17
Bundesliga,2017-03-18,TSG Hoffenheim,Bayer Leverkusen,1,0,H,2016-17
Bundesliga,2017-03-18,VfL Wolfsburg,SV Darmstadt 98,1,0,H,2016-17
Bundesliga,2017-03-18,Werder Bremen,RB Leipzig,3,0,H,2016-17
Bundesliga,2017-03-19,Borussia Mönchengladbach,Bayern Munich,0,1,A,2016-17
Bundesliga,2017-03-19,Mainz,Schalke 04,0,1,A,2016-17
Bundesliga,2017-03-31,Hertha Berlin,TSG Hoffenheim,1,3,A,2016-17
Bundesliga,2017-04-01,Bayern Munich,FC Augsburg,6,0,H,2016-17
Bundesliga,2017-04-01,Eintracht Frankfurt,Borussia Mönchengladbach,0,0,D,2016-17
Bundesliga,2017-04-01,Hamburg SV,FC Cologne,2,1,H,2016-17
Bundesliga,2017-04-01,RB Leipzig,SV Darmstadt 98,4,0,H,2016-17
Bundesliga,2017-04-01,SC Freiburg,Werder Bremen,2,5,A,2016-17
Bundesliga,2017-04-01,Schalke 04,Borussia Dortmund,1,1,D,2016-17
Bundesliga,2017-04-02,Bayer Leverkusen,VfL Wolfsburg,3,3,D,2016-17
Bundesliga,2017-04-02,FC Ingolstadt 04,Mainz,2,1,H,2016-17
Bundesliga,2017-04-04,Borussia Dortmund,Hamburg SV,3,0,H,2016-17
Bundesliga,2017-04-04,FC Cologne,Eintracht Frankfurt,1,0,H,2016-17
Bundesliga,2017-04-04,TSG Hoffenheim,Bayern Munich,1,0,H,2016-17
Bundesliga,2017-04-04,Werder Bremen,Schalke 04,3,0,H,2016-17
Bundesliga,2017-04-05,Borussia Mönchengladbach,Hertha Berlin,1,0,H,2016-17
Bundesliga,2017-04-05,FC Augsburg,FC Ingolstadt 04,2,3,A,2016-17
Bundesliga,2017-04-05,Mainz,RB Leipzig,2,3,A,2016-17
Bundesliga,2017-04-05,SV Darmstadt 98,Bayer Leverkusen,0,2,A,2016-17
Bundesliga,2017-04-05,VfL Wolfsburg,SC Freiburg,0,1,A,2016-17
Bundesliga,2017-04-07,Eintracht Frankfurt,Werder Bremen,2,2,D,2016-17
Bundesliga,2017-04-08,Bayern Munich,Borussia Dortmund,4,1,H,2016-17
Bundesliga,2017-04-08,FC Cologne,Borussia Mönchengladbach,2,3,A,2016-17
Bundesliga,2017-04-08,Hamburg SV,TSG Hoffenheim,2,1,H,2016-17
Bundesliga,2017-04-08,RB Leipzig,Bayer Leverkusen,1,0,H,2016-17
Bundesliga,2017-04-08,SC Freiburg,Mainz,1,0,H,2016-17
Bundesliga,2017-04-08,Schalke 04,VfL Wolfsburg,4,1,H,2016-17
Bundesliga,2017-04-09,FC Ingolstadt 04,SV Darmstadt 98,3,2,H,2016-17
Bundesliga,2017-04-09,Hertha Berlin,FC Augsburg,2,0,H,2016-17
Bundesliga,2017-04-15,Bayer Leverkusen,Bayern Munich,0,0,D,2016-17
Bundesliga,2017-04-15,Borussia Dortmund,Eintracht Frankfurt,3,1,H,2016-17
Bundesliga,2017-04-15,FC Augsburg,FC Cologne,2,1,H,2016-17
Bundesliga,2017-04-15,Mainz,Hertha Berlin,1,0,H,2016-17
Bundesliga,2017-04-15,RB Leipzig,SC Freiburg,4,0,H,2016-17
Bundesliga,2017-04-15,TSG Hoffenheim,Borussia Mönchengladbach,5,3,H,2016-17
Bundesliga,2017-04-15,VfL Wolfsburg,FC Ingolstadt 04,3,0,H,2016-17
Bundesliga,2017-04-16,SV Darmstadt 98,Schalke 04,2,1,H,2016-17
Bundesliga,2017-04-16,Werder Bremen,Hamburg SV,2,1,H,2016-17
Bundesliga,2017-04-21,FC Cologne,TSG Hoffenheim,1,1,D,2016-17
Bundesliga,2017-04-22,Bayern Munich,Mainz,2,2,D,2016-17
Bundesliga,2017-04-22,Borussia Mönchengladbach,Borussia Dortmund,2,3,A,2016-17
Bundesliga,2017-04-22,Eintracht Frankfurt,FC Augsburg,3,1,H,2016-17
Bundesliga,2017-04-22,FC Ingolstadt 04,Werder Bremen,2,4,A,2016-17
Bundesliga,2017-04-22,Hamburg SV,SV Darmstadt 98,1,2,A,2016-17
Bundesliga,2017-04-22,Hertha Berlin,VfL Wolfsburg,1,0,H,2016-17
Bundesliga,2017-04-23,SC Freiburg,Bayer Leverkusen,2,1,H,2016-17
Bundesliga,2017-04-23,Schalke 04,RB Leipzig,1,1,D,2016-17
Bundesliga,2017-04-28,Bayer Leverkusen,Schalke 04,1,4,A,2016-17
Bundesliga,2017-04-29,Borussia Dortmund,FC Cologne,0,0,D,2016-17
Bundesliga,2017-04-29,Mainz,Borussia Mönchengladbach,1,2,A,2016-17
Bundesliga,2017-04-29,RB Leipzig,FC Ingolstadt 04,0,0,D,2016-17
Bundesliga,2017-04-29,SV Darmstadt 98,SC Freiburg,3,0,H,2016-17
Bundesliga,2017-04-29,VfL Wolfsburg,Bayern Munich,0,6,A,2016-17
Bundesliga,2017-04-29,Werder Bremen,Hertha Berlin,2,0,H,2016-17
Bundesliga,2017-04-30,FC Augsburg,Hamburg SV,4,0,H,2016-17
Bundesliga,2017-04-30,TSG Hoffenheim,Eintracht Frankfurt,1,0,H,2016-17
Bundesliga,2017-05-05,FC Cologne,Werder Bremen,4,3,H,2016-17
Bundesliga,2017-05-06,Bayern Munich,SV Darmstadt 98,1,0,H,2016-17
Bundesliga,2017-05-06,Borussia Dortmund,TSG Hoffenheim,2,1,H,2016-17
Bundesliga,2017-05-06,Borussia Mönchengladbach,FC Augsburg,1,1,D,2016-17
Bundesliga,2017-05-06,Eintracht Frankfurt,VfL Wolfsburg,0,2,A,2016-17
Bundesliga,2017-05-06,FC Ingolstadt 04,Bayer Leverkusen,1,1,D,2016-17
Bundesliga,2017-05-06,Hertha Berlin,RB Leipzig,1,4,A,2016-17
Bundesliga,2017-05-07,Hamburg SV,Mainz,0,0,D,2016-17
Bundesliga,2017-05-07,SC Freiburg,Schalke 04,2,0,H,2016-17
Bundesliga,2017-05-13,Bayer Leverkusen,FC Cologne,2,2,D,2016-17
Bundesliga,2017-05-13,FC Augsburg,Borussia Dortmund,1,1,D,2016-17
Bundesliga,2017-05-13,Mainz,Eintracht Frankfurt,4,2,H,2016-17
Bundesliga,2017-05-13,RB Leipzig,Bayern Munich,4,5,A,2016-17
Bundesliga,2017-05-13,SC Freiburg,FC Ingolstadt 04,1,1,D,2016-17
Bundesliga,2017-05-13,SV Darmstadt 98,Hertha Berlin,0,2,A,2016-17
Bundesliga,2017-05-13,Schalke 04,Hamburg SV,1,1,D,2016-17
Bundesliga,2017-05-13,VfL Wolfsburg,Borussia Mönchengladbach,1,1,D,2016-17
Bundesliga,2017-05-13,Werder Bremen,TSG Hoffenheim,3,5,A,2016-17
Bundesliga,2017-05-20,Bayern Munich,SC Freiburg,4,1,H,2016-17
Bundesliga,2017-05-20,Borussia Dortmund,Werder Bremen,4,3,H,2016-17
Bundesliga,2017-05-20,Borussia Mönchengladbach,SV Darmstadt 98,2,2,D,2016-17
Bundesliga,2017-05-20,Eintracht Frankfurt,RB Leipzig,2,2,D,2016-17
Bundesliga,2017-05-20,FC Cologne,Mainz,2,0,H,2016-17
Bundesliga,2017-05-20,FC Ingolstadt 04,Schalke 04,1,1,D,2016-17
Bundesliga,2017-05-20,Hamburg SV,VfL Wolfsburg,2,1,H,2016-17
Bundesliga,2017-05-20,Hertha Berlin,Bayer Leverkusen,2,6,A,2016-17
Bundesliga,2017-05-20,TSG Hoffenheim,FC Augsburg,0,0,D,2016-17
Bundesliga,2017-08-18,Bayern Munich,Bayer Leverkusen,3,1,H,2017-18
Bundesliga,2017-08-19,Hamburg SV,FC Augsburg,1,0,H,2017-18
Bundesliga,2017-08-19,Hertha Berlin,VfB Stuttgart,2,0,H,2017-18
Bundesliga,2017-08-19,Mainz,Hannover 96,0,1,A,2017-18
Bundesliga,2017-08-19,Schalke 04,RB Leipzig,2,0,H,2017-18
Bundesliga,2017-08-19,TSG Hoffenheim,Werder Bremen,1,0,H,2017-18
Bundesliga,2017-08-19,VfL Wolfsburg,Borussia Dortmund,0,3,A,2017-18
Bundesliga,2017-08-20,Borussia Mönchengladbach,FC Cologne,1,0,H,2017-18
Bundesliga,2017-08-20,SC Freiburg,Eintracht Frankfurt,0,0,D,2017-18
Bundesliga,2017-08-25,FC Cologne,Hamburg SV,1,3,A,2017-18
Bundesliga,2017-08-26,Bayer Leverkusen,TSG Hoffenheim,2,2,D,2017-18
Bundesliga,2017-08-26,Borussia Dortmund,Hertha Berlin,2,0,H,2017-18
Bundesliga,2017-08-26,Eintracht Frankfurt,VfL Wolfsburg,0,1,A,2017-18
Bundesliga,2017-08-26,FC Augsburg,Borussia Mönchengladbach,2,2,D,2017-18
Bundesliga,2017-08-26,VfB Stuttgart,Mainz,1,0,H,2017-18
Bundesliga,2017-08-26,Werder Bremen,Bayern Munich,0,2,A,2017-18
Bundesliga,2017-08-27,Hannover 96,Schalke 04,1,0,H,2017-18
Bundesliga,2017-08-27,RB Leipzig,SC Freiburg,4,1,H,2017-18
Bundesliga,2017-09-08,Hamburg SV,RB Leipzig,0,2,A,2017-18
Bundesliga,2017-09-09,Borussia Mönchengladbach,Eintracht Frankfurt,0,1,A,2017-18
Bundesliga,2017-09-09,FC Augsburg,FC Cologne,3,0,H,2017-18
Bundesliga,2017-09-09,Mainz,Bayer Leverkusen,3,1,H,2017-18
Bundesliga,2017-09-09,SC Freiburg,Borussia Dortmund,0,0,D,2017-18
Bundesliga,2017-09-09,TSG Hoffenheim,Bayern Munich,2,0,H,2017-18
Bundesliga,2017-09-09,VfL Wolfsburg,Hannover 96,1,1,D,2017-18
Bundesliga,2017-09-10,Hertha Berlin,Werder Bremen,1,1,D,2017-18
Bundesliga,2017-09-10,Schalke 04,VfB Stuttgart,3,1,H,2017-18
Bundesliga,2017-09-15,Hannover 96,Hamburg SV,2,0,H,2017-18
Bundesliga,2017-09-16,Bayern Munich,Mainz,4,0,H,2017-18
Bundesliga,2017-09-16,Eintracht Frankfurt,FC Augsburg,1,2,A,2017-18
Bundesliga,2017-09-16,RB Leipzig,Borussia Mönchengladbach,2,2,D,2017-18
Bundesliga,2017-09-16,VfB Stuttgart,VfL Wolfsburg,1,0,H,2017-18
Bundesliga,2017-09-16,Werder Bremen,Schalke 04,1,2,A,2017-18
Bundesliga,2017-09-17,Bayer Leverkusen,SC Freiburg,4,0,H,2017-18
Bundesliga,2017-09-17,Borussia Dortmund,FC Cologne,5,0,H,2017-18
Bundesliga,2017-09-17,TSG Hoffenheim,Hertha Berlin,1,1,D,2017-18
Bundesliga,2017-09-19,Borussia Mönchengladbach,VfB Stuttgart,2,0,H,2017-18
Bundesliga,2017-09-19,FC Augsburg,RB Leipzig,1,0,H,2017-18
Bundesliga,2017-09-19,Schalke 04,Bayern Munich,0,3,A,2017-18
Bundesliga,2017-09-19,VfL Wolfsburg,Werder Bremen,1,1,D,2017-18
Bundesliga,2017-09-20,FC Cologne,Eintracht Frankfurt,0,1,A,2017-18
Bundesliga,2017-09-20,Hamburg SV,Borussia Dortmund,0,3,A,2017-18
Bundesliga,2017-09-20,Hertha Berlin,Bayer Leverkusen,2,1,H,2017-18
Bundesliga,2017-09-20,Mainz,TSG Hoffenheim,2,3,A,2017-18
Bundesliga,2017-09-20,SC Freiburg,Hannover 96,1,1,D,2017-18
Bundesliga,2017-09-22,Bayern Munich,VfL Wolfsburg,2,2,D,2017-18
Bundesliga,2017-09-23,Borussia Dortmund,Borussia Mönchengladbach,6,1,H,2017-18
Bundesliga,2017-09-23,Mainz,Hertha Berlin,1,0,H,2017-18
Bundesliga,2017-09-23,RB Leipzig,Eintracht Frankfurt,2,1,H,2017-18
Bundesliga,2017-09-23,TSG Hoffenheim,Schalke 04,2,0,H,2017-18
Bundesliga,2017-09-23,VfB Stuttgart,FC Augsburg,0,0,D,2017-18
Bundesliga,2017-09-23,Werder Bremen,SC Freiburg,0,0,D,2017-18
Bundesliga,2017-09-24,Bayer Leverkusen,Hamburg SV,3,0,H,2017-18
Bundesliga,2017-09-24,Hannover 96,FC Cologne,0,0,D,2017-18
Bundesliga,2017-09-29,Schalke 04,Bayer Leverkusen,1,1,D,2017-18
Bundesliga,2017-09-30,Borussia Mönchengladbach,Hannover 96,2,1,H,2017-18
Bundesliga,2017-09-30,Eintracht Frankfurt,VfB Stuttgart,2,1,H,2017-18
Bundesliga,2017-09-30,FC Augsburg,Borussia Dortmund,1,2,A,2017-18
Bundesliga,2017-09-30,Hamburg SV,Werder Bremen,0,0,D,2017-18
Bundesliga,2017-09-30,VfL Wolfsburg,Mainz,1,1,D,2017-18
Bundesliga,2017-10-01,FC Cologne,RB Leipzig,1,2,A,2017-18
Bundesliga,2017-10-01,Hertha Berlin,Bayern Munich,2,2,D,2017-18
Bundesliga,2017-10-01,SC Freiburg,TSG Hoffenheim,3,2,H,2017-18
Bundesliga,2017-10-13,VfB Stuttgart,FC Cologne,2,1,H,2017-18
Bundesliga,2017-10-14,Bayern Munich,SC Freiburg,5,0,H,2017-18
Bundesliga,2017-10-14,Borussia Dortmund,RB Leipzig,2,3,A,2017-18
Bundesliga,2017-10-14,Hannover 96,Eintracht Frankfurt,1,2,A,2017-18
Bundesliga,2017-10-14,Hertha Berlin,Schalke 04,0,2,A,2017-18
Bundesliga,2017-10-14,Mainz,Hamburg SV,3,2,H,2017-18
Bundesliga,2017-10-14,TSG Hoffenheim,FC Augsburg,2,2,D,2017-18
Bundesliga,2017-10-15,Bayer Leverkusen,VfL Wolfsburg,2,2,D,2017-18
Bundesliga,2017-10-15,Werder Bremen,Borussia Mönchengladbach,0,2,A,2017-18
Bundesliga,2017-10-20,Schalke 04,Mainz,2,0,H,2017-18
Bundesliga,2017-10-21,Borussia Mönchengladbach,Bayer Leverkusen,1,5,A,2017-18
Bundesliga,2017-10-21,Eintracht Frankfurt,Borussia Dortmund,2,2,D,2017-18
Bundesliga,2017-10-21,FC Augsburg,Hannover 96,1,2,A,2017-18
Bundesliga,2017-10-21,Hamburg SV,Bayern Munich,0,1,A,2017-18
Bundesliga,2017-10-21,RB Leipzig,VfB Stuttgart,1,0,H,2017-18
Bundesliga,2017-10-22,FC Cologne,Werder Bremen,0,0,D,2017-18
Bundesliga,2017-10-22,SC Freiburg,Hertha Berlin,1,1,D,2017-18
Bundesliga,2017-10-22,VfL Wolfsburg,TSG Hoffenheim,1,1,D,2017-18
Bundesliga,2017-10-27,Mainz,Eintracht Frankfurt,1,1,D,2017-18
Bundesliga,2017-10-28,Bayer Leverkusen,FC Cologne,2,1,H,2017-18
Bundesliga,2017-10-28,Bayern Munich,RB Leipzig,2,0,H,2017-18
Bundesliga,2017-10-28,Hannover 96,Borussia Dortmund,4,2,H,2017-18
Bundesliga,2017-10-28,Hertha Berlin,Hamburg SV,2,1,H,2017-18
Bundesliga,2017-10-28,Schalke 04,VfL Wolfsburg,1,1,D,2017-18
Bundesliga,2017-10-28,TSG Hoffenheim,Borussia Mönchengladbach,1,3,A,2017-18
Bundesliga,2017-10-29,VfB Stuttgart,SC Freiburg,3,0,H,2017-18
Bundesliga,2017-10-29,Werder Bremen,FC Augsburg,0,3,A,2017-18
Bundesliga,2017-11-03,Eintracht Frankfurt,Werder Bremen,2,1,H,2017-18
Bundesliga,2017-11-04,Borussia Dortmund,Bayern Munich,1,3,A,2017-18
Bundesliga,2017-11-04,Borussia Mönchengladbach,Mainz,1,1,D,2017-18
Bundesliga,2017-11-04,FC Augsburg,Bayer Leverkusen,1,1,D,2017-18
Bundesliga,2017-11-04,Hamburg SV,VfB Stuttgart,3,1,H,2017-18
Bundesliga,2017-11-04,RB Leipzig,Hannover 96,2,1,H,2017-18
Bundesliga,2017-11-04,SC Freiburg,Schalke 04,0,1,A,2017-18
Bundesliga,2017-11-05,FC Cologne,TSG Hoffenheim,0,3,A,2017-18
Bundesliga,2017-11-05,VfL Wolfsburg,Hertha Berlin,3,3,D,2017-18
Bundesliga,2017-11-17,VfB Stuttgart,Borussia Dortmund,2,1,H,2017-18
Bundesliga,2017-11-18,Bayer Leverkusen,RB Leipzig,2,2,D,2017-18
Bundesliga,2017-11-18,Bayern Munich,FC Augsburg,3,0,H,2017-18
Bundesliga,2017-11-18,Hertha Berlin,Borussia Mönchengladbach,2,4,A,2017-18
Bundesliga,2017-11-18,Mainz,FC Cologne,1,0,H,2017-18
Bundesliga,2017-11-18,TSG Hoffenheim,Eintracht Frankfurt,1,1,D,2017-18
Bundesliga,2017-11-18,VfL Wolfsburg,SC Freiburg,3,1,H,2017-18
Bundesliga,2017-11-19,Schalke 04,Hamburg SV,2,0,H,2017-18
Bundesliga,2017-11-19,Werder Bremen,Hannover 96,4,0,H,2017-18
Bundesliga,2017-11-24,Hannover 96,VfB Stuttgart,1,1,D,2017-18
Bundesliga,2017-11-25,Borussia Dortmund,Schalke 04,4,4,D,2017-18
Bundesliga,2017-11-25,Borussia Mönchengladbach,Bayern Munich,2,1,H,2017-18
Bundesliga,2017-11-25,Eintracht Frankfurt,Bayer Leverkusen,0,1,A,2017-18
Bundesliga,2017-11-25,FC Augsburg,VfL Wolfsburg,2,1,H,2017-18
Bundesliga,2017-11-25,RB Leipzig,Werder Bremen,2,0,H,2017-18
Bundesliga,2017-11-25,SC Freiburg,Mainz,2,1,H,2017-18
Bundesliga,2017-11-26,FC Cologne,Hertha Berlin,0,2,A,2017-18
Bundesliga,2017-11-26,Hamburg SV,TSG Hoffenheim,3,0,H,2017-18
Bundesliga,2017-12-01,SC Freiburg,Hamburg SV,0,0,D,2017-18
Bundesliga,2017-12-02,Bayer Leverkusen,Borussia Dortmund,1,1,D,2017-18
Bundesliga,2017-12-02,Bayern Munich,Hannover 96,3,1,H,2017-18
Bundesliga,2017-12-02,Mainz,FC Augsburg,1,3,A,2017-18
Bundesliga,2017-12-02,Schalke 04,FC Cologne,2,2,D,2017-18
Bundesliga,2017-12-02,TSG Hoffenheim,RB Leipzig,4,0,H,2017-18
Bundesliga,2017-12-02,Werder Bremen,VfB Stuttgart,1,0,H,2017-18
Bundesliga,2017-12-03,Hertha Berlin,Eintracht Frankfurt,1,2,A,2017-18
Bundesliga,2017-12-03,VfL Wolfsburg,Borussia Mönchengladbach,3,0,H,2017-18
Bundesliga,2017-12-08,VfB Stuttgart,Bayer Leverkusen,0,2,A,2017-18
Bundesliga,2017-12-09,Borussia Dortmund,Werder Bremen,1,2,A,2017-18
Bundesliga,2017-12-09,Borussia Mönchengladbach,Schalke 04,1,1,D,2017-18
Bundesliga,2017-12-09,Eintracht Frankfurt,Bayern Munich,0,1,A,2017-18
Bundesliga,2017-12-09,Hamburg SV,VfL Wolfsburg,0,0,D,2017-18
Bundesliga,2017-12-09,RB Leipzig,Mainz,2,2,D,2017-18
Bundesliga,2017-12-10,FC Augsburg,Hertha Berlin,1,1,D,2017-18
Bundesliga,2017-12-10,FC Cologne,SC Freiburg,3,4,A,2017-18
Bundesliga,2017-12-10,Hannover 96,TSG Hoffenheim,2,0,H,2017-18
Bundesliga,2017-12-12,Hamburg SV,Eintracht Frankfurt,1,2,A,2017-18
Bundesliga,2017-12-12,Mainz,Borussia Dortmund,0,2,A,2017-18
Bundesliga,2017-12-12,SC Freiburg,Borussia Mönchengladbach,1,0,H,2017-18
Bundesliga,2017-12-12,VfL Wolfsburg,RB Leipzig,1,1,D,2017-18
Bundesliga,2017-12-13,Bayer Leverkusen,Werder Bremen,1,0,H,2017-18
Bundesliga,2017-12-13,Bayern Munich,FC Cologne,1,0,H,2017-18
Bundesliga,2017-12-13,Hertha Berlin,Hannover 96,3,1,H,2017-18
Bundesliga,2017-12-13,Schalke 04,FC Augsburg,3,2,H,2017-18
Bundesliga,2017-12-13,TSG Hoffenheim,VfB Stuttgart,1,0,H,2017-18
Bundesliga,2017-12-15,Borussia Mönchengladbach,Hamburg SV,3,1,H,2017-18
Bundesliga,2017-12-16,Borussia Dortmund,TSG Hoffenheim,2,1,H,2017-18
Bundesliga,2017-12-16,Eintracht Frankfurt,Schalke 04,2,2,D,2017-18
Bundesliga,2017-12-16,FC Augsburg,SC Freiburg,3,3,D,2017-18
Bundesliga,2017-12-16,FC Cologne,VfL Wolfsburg,1,0,H,2017-18
Bundesliga,2017-12-16,VfB Stuttgart,Bayern Munich,0,1,A,2017-18
Bundesliga,2017-12-16,Werder Bremen,Mainz,2,2,D,2017-18
Bundesliga,2017-12-17,Hannover 96,Bayer Leverkusen,4,4,D,2017-18
Bundesliga,2017-12-17,RB Leipzig,Hertha Berlin,2,3,A,2017-18
Bundesliga,2018-01-12,Bayer Leverkusen,Bayern Munich,1,3,A,2017-18
Bundesliga,2018-01-13,Eintracht Frankfurt,SC Freiburg,1,1,D,2017-18
Bundesliga,2018-01-13,FC Augsburg,Hamburg SV,1,0,H,2017-18
Bundesliga,2018-01-13,Hannover 96,Mainz,3,2,H,2017-18
Bundesliga,2018-01-13,RB Leipzig,Schalke 04,3,1,H,2017-18
Bundesliga,2018-01-13,VfB Stuttgart,Hertha Berlin,1,0,H,2017-18
Bundesliga,2018-01-13,Werder Bremen,TSG Hoffenheim,1,1,D,2017-18
Bundesliga,2018-01-14,Borussia Dortmund,VfL Wolfsburg,0,0,D,2017-18
Bundesliga,2018-01-14,FC Cologne,Borussia Mönchengladbach,2,1,H,2017-18
Bundesliga,2018-01-19,Hertha Berlin,Borussia Dortmund,1,1,D,2017-18
Bundesliga,2018-01-20,Borussia Mönchengladbach,FC Augsburg,2,0,H,2017-18
Bundesliga,2018-01-20,Hamburg SV,FC Cologne,0,2,A,2017-18
Bundesliga,2018-01-20,Mainz,VfB Stuttgart,3,2,H,2017-18
Bundesliga,2018-01-20,SC Freiburg,RB Leipzig,2,1,H,2017-18
Bundesliga,2018-01-20,TSG Hoffenheim,Bayer Leverkusen,1,4,A,2017-18
Bundesliga,2018-01-20,VfL Wolfsburg,Eintracht Frankfurt,1,3,A,2017-18
Bundesliga,2018-01-21,Bayern Munich,Werder Bremen,4,2,H,2017-18
Bundesliga,2018-01-21,Schalke 04,Hannover 96,1,1,D,2017-18
Bundesliga,2018-01-26,Eintracht Frankfurt,Borussia Mönchengladbach,2,0,H,2017-18
Bundesliga,2018-01-27,Bayern Munich,TSG Hoffenheim,5,2,H,2017-18
Bundesliga,2018-01-27,Borussia Dortmund,SC Freiburg,2,2,D,2017-18
Bundesliga,2018-01-27,FC Cologne,FC Augsburg,1,1,D,2017-18
Bundesliga,2018-01-27,RB Leipzig,Hamburg SV,1,1,D,2017-18
Bundesliga,2018-01-27,VfB Stuttgart,Schalke 04,0,2,A,2017-18
Bundesliga,2018-01-27,Werder Bremen,Hertha Berlin,0,0,D,2017-18
Bundesliga,2018-01-28,Bayer Leverkusen,Mainz,2,0,H,2017-18
Bundesliga,2018-01-28,Hannover 96,VfL Wolfsburg,0,1,A,2017-18
Bundesliga,2018-02-02,FC Cologne,Borussia Dortmund,2,3,A,2017-18
Bundesliga,2018-02-03,Borussia Mönchengladbach,RB Leipzig,0,1,A,2017-18
Bundesliga,2018-02-03,Hertha Berlin,TSG Hoffenheim,1,1,D,2017-18
Bundesliga,2018-02-03,Mainz,Bayern Munich,0,2,A,2017-18
Bundesliga,2018-02-03,SC Freiburg,Bayer Leverkusen,0,0,D,2017-18
Bundesliga,2018-02-03,Schalke 04,Werder Bremen,1,2,A,2017-18
Bundesliga,2018-02-03,VfL Wolfsburg,VfB Stuttgart,1,1,D,2017-18
Bundesliga,2018-02-04,FC Augsburg,Eintracht Frankfurt,3,0,H,2017-18
Bundesliga,2018-02-04,Hamburg SV,Hannover 96,1,1,D,2017-18
Bundesliga,2018-02-09,RB Leipzig,FC Augsburg,2,0,H,2017-18
Bundesliga,2018-02-10,Bayer Leverkusen,Hertha Berlin,0,2,A,2017-18
Bundesliga,2018-02-10,Bayern Munich,Schalke 04,2,1,H,2017-18
Bundesliga,2018-02-10,Borussia Dortmund,Hamburg SV,2,0,H,2017-18
Bundesliga,2018-02-10,Eintracht Frankfurt,FC Cologne,4,2,H,2017-18
Bundesliga,2018-02-10,Hannover 96,SC Freiburg,2,1,H,2017-18
Bundesliga,2018-02-10,TSG Hoffenheim,Mainz,4,2,H,2017-18
Bundesliga,2018-02-11,VfB Stuttgart,Borussia Mönchengladbach,1,0,H,2017-18
Bundesliga,2018-02-11,Werder Bremen,VfL Wolfsburg,3,1,H,2017-18
Bundesliga,2018-02-16,Hertha Berlin,Mainz,0,2,A,2017-18
Bundesliga,2018-02-17,FC Cologne,Hannover 96,1,1,D,2017-18
Bundesliga,2018-02-17,Hamburg SV,Bayer Leverkusen,1,2,A,2017-18
Bundesliga,2018-02-17,SC Freiburg,Werder Bremen,1,0,H,2017-18
Bundesliga,2018-02-17,Schalke 04,TSG Hoffenheim,2,1,H,2017-18
Bundesliga,2018-02-17,VfL Wolfsburg,Bayern Munich,1,2,A,2017-18
Bundesliga,2018-02-18,Borussia Mönchengladbach,Borussia Dortmund,0,1,A,2017-18
Bundesliga,2018-02-18,FC Augsburg,VfB Stuttgart,0,1,A,2017-18
Bundesliga,2018-02-19,Eintracht Frankfurt,RB Leipzig,2,1,H,2017-18
Bundesliga,2018-02-23,Mainz,VfL Wolfsburg,1,1,D,2017-18
Bundesliga,2018-02-24,Bayern Munich,Hertha Berlin,0,0,D,2017-18
Bundesliga,2018-02-24,Hannover 96,Borussia Mönchengladbach,0,1,A,2017-18
Bundesliga,2018-02-24,TSG Hoffenheim,SC Freiburg,1,1,D,2017-18
Bundesliga,2018-02-24,VfB Stuttgart,Eintracht Frankfurt,1,0,H,2017-18
Bundesliga,2018-02-24,Werder Bremen,Hamburg SV,1,0,H,2017-18
Bundesliga,2018-02-25,Bayer Leverkusen,Schalke 04,0,2,A,2017-18
Bundesliga,2018-02-25,RB Leipzig,FC Cologne,1,2,A,2017-18
Bundesliga,2018-02-26,Borussia Dortmund,FC Augsburg,1,1,D,2017-18
Bundesliga,2018-03-02,Borussia Mönchengladbach,Werder Bremen,2,2,D,2017-18
Bundesliga,2018-03-03,Eintracht Frankfurt,Hannover 96,1,0,H,2017-18
Bundesliga,2018-03-03,FC Augsburg,TSG Hoffenheim,0,2,A,2017-18
Bundesliga,2018-03-03,Hamburg SV,Mainz,0,0,D,2017-18
Bundesliga,2018-03-03,RB Leipzig,Borussia Dortmund,1,1,D,2017-18
Bundesliga,2018-03-03,Schalke 04,Hertha Berlin,1,0,H,2017-18
Bundesliga,2018-03-03,VfL Wolfsburg,Bayer Leverkusen,1,2,A,2017-18
Bundesliga,2018-03-04,FC Cologne,VfB Stuttgart,2,3,A,2017-18
Bundesliga,2018-03-04,SC Freiburg,Bayern Munich,0,4,A,2017-18
Bundesliga,2018-03-09,Mainz,Schalke 04,0,1,A,2017-18
Bundesliga,2018-03-10,Bayer Leverkusen,Borussia Mönchengladbach,2,0,H,2017-18
Bundesliga,2018-03-10,Bayern Munich,Hamburg SV,6,0,H,2017-18
Bundesliga,2018-03-10,Hannover 96,FC Augsburg,1,3,A,2017-18
Bundesliga,2018-03-10,Hertha Berlin,SC Freiburg,0,0,D,2017-18
Bundesliga,2018-03-10,TSG Hoffenheim,VfL Wolfsburg,3,0,H,2017-18
Bundesliga,2018-03-11,Borussia Dortmund,Eintracht Frankfurt,3,2,H,2017-18
Bundesliga,2018-03-11,VfB Stuttgart,RB Leipzig,0,0,D,2017-18
Bundesliga,2018-03-12,Werder Bremen,FC Cologne,3,1,H,2017-18
Bundesliga,2018-03-16,SC Freiburg,VfB Stuttgart,1,2,A,2017-18
Bundesliga,2018-03-17,Borussia Mönchengladbach,TSG Hoffenheim,3,3,D,2017-18
Bundesliga,2018-03-17,Eintracht Frankfurt,Mainz,3,0,H,2017-18
Bundesliga,2018-03-17,FC Augsburg,Werder Bremen,1,3,A,2017-18
Bundesliga,2018-03-17,Hamburg SV,Hertha Berlin,1,2,A,2017-18
Bundesliga,2018-03-17,VfL Wolfsburg,Schalke 04,0,1,A,2017-18
Bundesliga,2018-03-18,Borussia Dortmund,Hannover 96,1,0,H,2017-18
Bundesliga,2018-03-18,FC Cologne,Bayer Leverkusen,2,0,H,2017-18
Bundesliga,2018-03-18,RB Leipzig,Bayern Munich,2,1,H,2017-18
Bundesliga,2018-03-31,Bayer Leverkusen,FC Augsburg,0,0,D,2017-18
Bundesliga,2018-03-31,Bayern Munich,Borussia Dortmund,6,0,H,2017-18
Bundesliga,2018-03-31,Hannover 96,RB Leipzig,2,3,A,2017-18
Bundesliga,2018-03-31,Hertha Berlin,VfL Wolfsburg,0,0,D,2017-18
Bundesliga,2018-03-31,Schalke 04,SC Freiburg,2,0,H,2017-18
Bundesliga,2018-03-31,TSG Hoffenheim,FC Cologne,6,0,H,2017-18
Bundesliga,2018-03-31,VfB Stuttgart,Hamburg SV,1,1,D,2017-18
Bundesliga,2018-04-01,Mainz,Borussia Mönchengladbach,0,0,D,2017-18
Bundesliga,2018-04-01,Werder Bremen,Eintracht Frankfurt,2,1,H,2017-18
Bundesliga,2018-04-06,Hannover 96,Werder Bremen,2,1,H,2017-18
Bundesliga,2018-04-07,Borussia Mönchengladbach,Hertha Berlin,2,1,H,2017-18
Bundesliga,2018-04-07,FC Augsburg,Bayern Munich,1,4,A,2017-18
Bundesliga,2018-04-07,FC Cologne,Mainz,1,1,D,2017-18
Bundesliga,2018-04-07,Hamburg SV,Schalke 04,3,2,H,2017-18
Bundesliga,2018-04-07,SC Freiburg,VfL Wolfsburg,0,2,A,2017-18
Bundesliga,2018-04-08,Borussia Dortmund,VfB Stuttgart,3,0,H,2017-18
Bundesliga,2018-04-08,Eintracht Frankfurt,TSG Hoffenheim,1,1,D,2017-18
Bundesliga,2018-04-09,RB Leipzig,Bayer Leverkusen,1,4,A,2017-18
Bundesliga,2018-04-13,VfL Wolfsburg,FC Augsburg,0,0,D,2017-18
Bundesliga,2018-04-14,Bayer Leverkusen,Eintracht Frankfurt,4,1,H,2017-18
Bundesliga,2018-04-14,Bayern Munich,Borussia Mönchengladbach,5,1,H,2017-18
Bundesliga,2018-04-14,Hertha Berlin,FC Cologne,2,1,H,2017-18
Bundesliga,2018-04-14,TSG Hoffenheim,Hamburg SV,2,0,H,2017-18
Bundesliga,2018-04-14,VfB Stuttgart,Hannover 96,1,1,D,2017-18
Bundesliga,2018-04-15,Schalke 04,Borussia Dortmund,2,0,H,2017-18
Bundesliga,2018-04-15,Werder Bremen,RB Leipzig,1,1,D,2017-18
Bundesliga,2018-04-16,Mainz,SC Freiburg,2,0,H,2017-18
Bundesliga,2018-04-20,Borussia Mönchengladbach,VfL Wolfsburg,3,0,H,2017-18
Bundesliga,2018-04-21,Borussia Dortmund,Bayer Leverkusen,4,0,H,2017-18
Bundesliga,2018-04-21,Eintracht Frankfurt,Hertha Berlin,0,3,A,2017-18
Bundesliga,2018-04-21,Hamburg SV,SC Freiburg,1,0,H,2017-18
Bundesliga,2018-04-21,Hannover 96,Bayern Munich,0,3,A,2017-18
Bundesliga,2018-04-21,RB Leipzig,TSG Hoffenheim,2,5,A,2017-18
Bundesliga,2018-04-21,VfB Stuttgart,Werder Bremen,2,0,H,2017-18
Bundesliga,2018-04-22,FC Augsburg,Mainz,2,0,H,2017-18
Bundesliga,2018-04-22,FC Cologne,Schalke 04,2,2,D,2017-18
Bundesliga,2018-04-27,TSG Hoffenheim,Hannover 96,3,1,H,2017-18
Bundesliga,2018-04-28,Bayer Leverkusen,VfB Stuttgart,0,1,A,2017-18
Bundesliga,2018-04-28,Bayern Munich,Eintracht Frankfurt,4,1,H,2017-18
Bundesliga,2018-04-28,Hertha Berlin,FC Augsburg,2,2,D,2017-18
Bundesliga,2018-04-28,SC Freiburg,FC Cologne,3,2,H,2017-18
Bundesliga,2018-04-28,Schalke 04,Borussia Mönchengladbach,1,1,D,2017-18
Bundesliga,2018-04-28,VfL Wolfsburg,Hamburg SV,1,3,A,2017-18
Bundesliga,2018-04-29,Mainz,RB Leipzig,3,0,H,2017-18
Bundesliga,2018-04-29,Werder Bremen,Borussia Dortmund,1,1,D,2017-18
Bundesliga,2018-05-05,Borussia Dortmund,Mainz,1,2,A,2017-18
Bundesliga,2018-05-05,Borussia Mönchengladbach,SC Freiburg,3,1,H,2017-18
Bundesliga,2018-05-05,Eintracht Frankfurt,Hamburg SV,3,0,H,2017-18
Bundesliga,2018-05-05,FC Augsburg,Schalke 04,1,2,A,2017-18
Bundesliga,2018-05-05,FC Cologne,Bayern Munich,1,3,A,2017-18
Bundesliga,2018-05-05,Hannover 96,Hertha Berlin,3,1,H,2017-18
Bundesliga,2018-05-05,RB Leipzig,VfL Wolfsburg,4,1,H,2017-18
Bundesliga,2018-05-05,VfB Stuttgart,TSG Hoffenheim,2,0,H,2017-18
Bundesliga,2018-05-05,Werder Bremen,Bayer Leverkusen,0,0,D,2017-18
Bundesliga,2018-05-12,Bayer Leverkusen,Hannover 96,3,2,H,2017-18
Bundesliga,2018-05-12,Bayern Munich,VfB Stuttgart,1,4,A,2017-18
Bundesliga,2018-05-12,Hamburg SV,Borussia Mönchengladbach,2,1,H,2017-18
Bundesliga,2018-05-12,Hertha Berlin,RB Leipzig,2,6,A,2017-18
Bundesliga,2018-05-12,Mainz,Werder Bremen,1,2,A,2017-18
Bundesliga,2018-05-12,SC Freiburg,FC Augsburg,2,0,H,2017-18
Bundesliga,2018-05-12,Schalke 04,Eintracht Frankfurt,1,0,H,2017-18
Bundesliga,2018-05-12,TSG Hoffenheim,Borussia Dortmund,3,1,H,2017-18
Bundesliga,2018-05-12,VfL Wolfsburg,FC Cologne,4,1,H,2017-18
Bundesliga,2018-08-24,Bayern Munich,TSG Hoffenheim,3,1,H,2018-19
Bundesliga,2018-08-25,Borussia Mönchengladbach,Bayer Leverkusen,2,0,H,2018-19
Bundesliga,2018-08-25,Fortuna Düsseldorf,FC Augsburg,1,2,A,2018-19
Bundesliga,2018-08-25,Hertha Berlin,1. FC Nürnberg,1,0,H,2018-19
Bundesliga,2018-08-25,SC Freiburg,Eintracht Frankfurt,0,2,A,2018-19
Bundesliga,2018-08-25,VfL Wolfsburg,Schalke 04,2,1,H,2018-19
Bundesliga,2018-08-25,Werder Bremen,Hannover 96,1,1,D,2018-19
Bundesliga,2018-08-26,Borussia Dortmund,RB Leipzig,4,1,H,2018-19
Bundesliga,2018-08-26,Mainz,VfB Stuttgart,1,0,H,2018-19
Bundesliga,2018-08-31,Hannover 96,Borussia Dortmund,0,0,D,2018-19
Bundesliga,2018-09-01,1. FC Nürnberg,Mainz,1,1,D,2018-19
Bundesliga,2018-09-01,Bayer Leverkusen,VfL Wolfsburg,1,3,A,2018-19
Bundesliga,2018-09-01,Eintracht Frankfurt,Werder Bremen,1,2,A,2018-19
Bundesliga,2018-09-01,FC Augsburg,Borussia Mönchengladbach,1,1,D,2018-19
Bundesliga,2018-09-01,TSG Hoffenheim,SC Freiburg,3,1,H,2018-19
Bundesliga,2018-09-01,VfB Stuttgart,Bayern Munich,0,3,A,2018-19
Bundesliga,2018-09-02,RB Leipzig,Fortuna Düsseldorf,1,1,D,2018-19
Bundesliga,2018-09-02,Schalke 04,Hertha Berlin,0,2,A,2018-19
Bundesliga,2018-09-14,Borussia Dortmund,Eintracht Frankfurt,3,1,H,2018-19
Bundesliga,2018-09-15,Bayern Munich,Bayer Leverkusen,3,1,H,2018-19
Bundesliga,2018-09-15,Borussia Mönchengladbach,Schalke 04,2,1,H,2018-19
Bundesliga,2018-09-15,Fortuna Düsseldorf,TSG Hoffenheim,2,1,H,2018-19
Bundesliga,2018-09-15,Mainz,FC Augsburg,2,1,H,2018-19
Bundesliga,2018-09-15,RB Leipzig,Hannover 96,3,2,H,2018-19
Bundesliga,2018-09-15,VfL Wolfsburg,Hertha Berlin,2,2,D,2018-19
Bundesliga,2018-09-16,SC Freiburg,VfB Stuttgart,3,3,D,2018-19
Bundesliga,2018-09-16,Werder Bremen,1. FC Nürnberg,1,1,D,2018-19
Bundesliga,2018-09-21,VfB Stuttgart,Fortuna Düsseldorf,0,0,D,2018-19
Bundesliga,2018-09-22,1. FC Nürnberg,Hannover 96,2,0,H,2018-19
Bundesliga,2018-09-22,FC Augsburg,Werder Bremen,2,3,A,2018-19
Bundesliga,2018-09-22,Hertha Berlin,Borussia Mönchengladbach,4,2,H,2018-19
Bundesliga,2018-09-22,Schalke 04,Bayern Munich,0,2,A,2018-19
Bundesliga,2018-09-22,TSG Hoffenheim,Borussia Dortmund,1,1,D,2018-19
Bundesliga,2018-09-22,VfL Wolfsburg,SC Freiburg,1,3,A,2018-19
Bundesliga,2018-09-23,Bayer Leverkusen,Mainz,1,0,H,2018-19
Bundesliga,2018-09-23,Eintracht Frankfurt,RB Leipzig,1,1,D,2018-19
Bundesliga,2018-09-25,Bayern Munich,FC Augsburg,1,1,D,2018-19
Bundesliga,2018-09-25,Hannover 96,TSG Hoffenheim,1,3,A,2018-19
Bundesliga,2018-09-25,SC Freiburg,Schalke 04,1,0,H,2018-19
Bundesliga,2018-09-25,Werder Bremen,Hertha Berlin,3,1,H,2018-19
Bundesliga,2018-09-26,Borussia Dortmund,1. FC Nürnberg,7,0,H,2018-19
Bundesliga,2018-09-26,Borussia Mönchengladbach,Eintracht Frankfurt,3,1,H,2018-19
Bundesliga,2018-09-26,Fortuna Düsseldorf,Bayer Leverkusen,1,2,A,2018-19
Bundesliga,2018-09-26,Mainz,VfL Wolfsburg,0,0,D,2018-19
Bundesliga,2018-09-26,RB Leipzig,VfB Stuttgart,2,0,H,2018-19
Bundesliga,2018-09-28,Hertha Berlin,Bayern Munich,2,0,H,2018-19
Bundesliga,2018-09-29,1. FC Nürnberg,Fortuna Düsseldorf,3,0,H,2018-19
Bundesliga,2018-09-29,Bayer Leverkusen,Borussia Dortmund,2,4,A,2018-19
Bundesliga,2018-09-29,Schalke 04,Mainz,1,0,H,2018-19
Bundesliga,2018-09-29,TSG Hoffenheim,RB Leipzig,1,2,A,2018-19
Bundesliga,2018-09-29,VfB Stuttgart,Werder Bremen,2,1,H,2018-19
Bundesliga,2018-09-29,VfL Wolfsburg,Borussia Mönchengladbach,2,2,D,2018-19
Bundesliga,2018-09-30,Eintracht Frankfurt,Hannover 96,4,1,H,2018-19
Bundesliga,2018-09-30,FC Augsburg,SC Freiburg,4,1,H,2018-19
Bundesliga,2018-10-05,Werder Bremen,VfL Wolfsburg,2,0,H,2018-19
Bundesliga,2018-10-06,Bayern Munich,Borussia Mönchengladbach,0,3,A,2018-19
Bundesliga,2018-10-06,Borussia Dortmund,FC Augsburg,4,3,H,2018-19
Bundesliga,2018-10-06,Fortuna Düsseldorf,Schalke 04,0,2,A,2018-19
Bundesliga,2018-10-06,Hannover 96,VfB Stuttgart,3,1,H,2018-19
Bundesliga,2018-10-06,Mainz,Hertha Berlin,0,0,D,2018-19
Bundesliga,2018-10-07,RB Leipzig,1. FC Nürnberg,6,0,H,2018-19
Bundesliga,2018-10-07,SC Freiburg,Bayer Leverkusen,0,0,D,2018-19
Bundesliga,2018-10-07,TSG Hoffenheim,Eintracht Frankfurt,1,2,A,2018-19
Bundesliga,2018-10-19,Eintracht Frankfurt,Fortuna Düsseldorf,7,1,H,2018-19
Bundesliga,2018-10-20,1. FC Nürnberg,TSG Hoffenheim,1,3,A,2018-19
Bundesliga,2018-10-20,Bayer Leverkusen,Hannover 96,2,2,D,2018-19
Bundesliga,2018-10-20,FC Augsburg,RB Leipzig,0,0,D,2018-19
Bundesliga,2018-10-20,Schalke 04,Werder Bremen,0,2,A,2018-19
Bundesliga,2018-10-20,VfB Stuttgart,Borussia Dortmund,0,4,A,2018-19
Bundesliga,2018-10-20,VfL Wolfsburg,Bayern Munich,1,3,A,2018-19
Bundesliga,2018-10-21,Borussia Mönchengladbach,Mainz,4,0,H,2018-19
Bundesliga,2018-10-21,Hertha Berlin,SC Freiburg,1,1,D,2018-19
Bundesliga,2018-10-26,SC Freiburg,Borussia Mönchengladbach,3,1,H,2018-19
Bundesliga,2018-10-27,Borussia Dortmund,Hertha Berlin,2,2,D,2018-19
Bundesliga,2018-10-27,Fortuna Düsseldorf,VfL Wolfsburg,0,3,A,2018-19
Bundesliga,2018-10-27,Hannover 96,FC Augsburg,1,2,A,2018-19
Bundesliga,2018-10-27,Mainz,Bayern Munich,1,2,A,2018-19
Bundesliga,2018-10-27,TSG Hoffenheim,VfB Stuttgart,4,0,H,2018-19
Bundesliga,2018-10-28,1. FC Nürnberg,Eintracht Frankfurt,1,1,D,2018-19
Bundesliga,2018-10-28,RB Leipzig,Schalke 04,0,0,D,2018-19
Bundesliga,2018-10-28,Werder Bremen,Bayer Leverkusen,2,6,A,2018-19
Bundesliga,2018-11-02,VfB Stuttgart,Eintracht Frankfurt,0,3,A,2018-19
Bundesliga,2018-11-03,Bayer Leverkusen,TSG Hoffenheim,1,4,A,2018-19
Bundesliga,2018-11-03,Bayern Munich,SC Freiburg,1,1,D,2018-19
Bundesliga,2018-11-03,FC Augsburg,1. FC Nürnberg,2,2,D,2018-19
Bundesliga,2018-11-03,Hertha Berlin,RB Leipzig,0,3,A,2018-19
Bundesliga,2018-11-03,Schalke 04,Hannover 96,3,1,H,2018-19
Bundesliga,2018-11-03,VfL Wolfsburg,Borussia Dortmund,0,1,A,2018-19
Bundesliga,2018-11-04,Borussia Mönchengladbach,Fortuna Düsseldorf,3,0,H,2018-19
Bundesliga,2018-11-04,Mainz,Werder Bremen,2,1,H,2018-19
Bundesliga,2018-11-09,Hannover 96,VfL Wolfsburg,2,1,H,2018-19
Bundesliga,2018-11-10,1. FC Nürnberg,VfB Stuttgart,0,2,A,2018-19
Bundesliga,2018-11-10,Borussia Dortmund,Bayern Munich,3,2,H,2018-19
Bundesliga,2018-11-10,Fortuna Düsseldorf,Hertha Berlin,4,1,H,2018-19
Bundesliga,2018-11-10,SC Freiburg,Mainz,1,3,A,2018-19
Bundesliga,2018-11-10,TSG Hoffenheim,FC Augsburg,2,1,H,2018-19
Bundesliga,2018-11-10,Werder Bremen,Borussia Mönchengladbach,1,3,A,2018-19
Bundesliga,2018-11-11,Eintracht Frankfurt,Schalke 04,3,0,H,2018-19
Bundesliga,2018-11-11,RB Leipzig,Bayer Leverkusen,3,0,H,2018-19
Bundesliga,2018-11-23,Bayer Leverkusen,VfB Stuttgart,2,0,H,2018-19
Bundesliga,2018-11-24,Bayern Munich,Fortuna Düsseldorf,3,3,D,2018-19
Bundesliga,2018-11-24,FC Augsburg,Eintracht Frankfurt,1,3,A,2018-19
Bundesliga,2018-11-24,Hertha Berlin,TSG Hoffenheim,3,3,D,2018-19
Bundesliga,2018-11-24,Mainz,Borussia Dortmund,1,2,A,2018-19
Bundesliga,2018-11-24,Schalke 04,1. FC Nürnberg,5,2,H,2018-19
Bundesliga,2018-11-24,VfL Wolfsburg,RB Leipzig,1,0,H,2018-19
Bundesliga,2018-11-25,Borussia Mönchengladbach,Hannover 96,4,1,H,2018-19
Bundesliga,2018-11-25,SC Freiburg,Werder Bremen,1,1,D,2018-19
Bundesliga,2018-11-30,Fortuna Düsseldorf,Mainz,0,1,A,2018-19
Bundesliga,2018-12-01,Borussia Dortmund,SC Freiburg,2,0,H,2018-19
Bundesliga,2018-12-01,Hannover 96,Hertha Berlin,0,2,A,2018-19
Bundesliga,2018-12-01,TSG Hoffenheim,Schalke 04,1,1,D,2018-19
Bundesliga,2018-12-01,VfB Stuttgart,FC Augsburg,1,0,H,2018-19
Bundesliga,2018-12-01,Werder Bremen,Bayern Munich,1,2,A,2018-19
Bundesliga,2018-12-02,Eintracht Frankfurt,VfL Wolfsburg,1,2,A,2018-19
Bundesliga,2018-12-02,RB Leipzig,Borussia Mönchengladbach,2,0,H,2018-19
Bundesliga,2018-12-03,1. FC Nürnberg,Bayer Leverkusen,1,1,D,2018-19
Bundesliga,2018-12-07,Werder Bremen,Fortuna Düsseldorf,3,1,H,2018-19
Bundesliga,2018-12-08,Bayer Leverkusen,FC Augsburg,1,0,H,2018-19
Bundesliga,2018-12-08,Bayern Munich,1. FC Nürnberg,3,0,H,2018-19
Bundesliga,2018-12-08,Hertha Berlin,Eintracht Frankfurt,1,0,H,2018-19
Bundesliga,2018-12-08,SC Freiburg,RB Leipzig,3,0,H,2018-19
Bundesliga,2018-12-08,Schalke 04,Borussia Dortmund,1,2,A,2018-19
Bundesliga,2018-12-08,VfL Wolfsburg,TSG Hoffenheim,2,2,D,2018-19
Bundesliga,2018-12-09,Borussia Mönchengladbach,VfB Stuttgart,3,0,H,2018-19
Bundesliga,2018-12-09,Mainz,Hannover 96,1,1,D,2018-19
Bundesliga,2018-12-14,1. FC Nürnberg,VfL Wolfsburg,0,2,A,2018-19
Bundesliga,2018-12-15,Borussia Dortmund,Werder Bremen,2,1,H,2018-19
Bundesliga,2018-12-15,FC Augsburg,Schalke 04,1,1,D,2018-19
Bundesliga,2018-12-15,Fortuna Düsseldorf,SC Freiburg,2,0,H,2018-19
Bundesliga,2018-12-15,Hannover 96,Bayern Munich,0,4,A,2018-19
Bundesliga,2018-12-15,TSG Hoffenheim,Borussia Mönchengladbach,0,0,D,2018-19
Bundesliga,2018-12-15,VfB Stuttgart,Hertha Berlin,2,1,H,2018-19
Bundesliga,2018-12-16,Eintracht Frankfurt,Bayer Leverkusen,2,1,H,2018-19
Bundesliga,2018-12-16,RB Leipzig,Mainz,4,1,H,2018-19
Bundesliga,2018-12-18,Borussia Mönchengladbach,1. FC Nürnberg,2,0,H,2018-19
Bundesliga,2018-12-18,Fortuna Düsseldorf,Borussia Dortmund,2,1,H,2018-19
Bundesliga,2018-12-18,Hertha Berlin,FC Augsburg,2,2,D,2018-19
Bundesliga,2018-12-18,VfL Wolfsburg,VfB Stuttgart,2,0,H,2018-19
Bundesliga,2018-12-19,Bayern Munich,RB Leipzig,1,0,H,2018-19
Bundesliga,2018-12-19,Mainz,Eintracht Frankfurt,2,2,D,2018-19
Bundesliga,2018-12-19,SC Freiburg,Hannover 96,1,1,D,2018-19
Bundesliga,2018-12-19,Schalke 04,Bayer Leverkusen,1,2,A,2018-19
Bundesliga,2018-12-19,Werder Bremen,TSG Hoffenheim,1,1,D,2018-19
Bundesliga,2018-12-21,Borussia Dortmund,Borussia Mönchengladbach,2,1,H,2018-19
Bundesliga,2018-12-22,1. FC Nürnberg,SC Freiburg,0,1,A,2018-19
Bundesliga,2018-12-22,Bayer Leverkusen,Hertha Berlin,3,1,H,2018-19
Bundesliga,2018-12-22,Eintracht Frankfurt,Bayern Munich,0,3,A,2018-19
Bundesliga,2018-12-22,Hannover 96,Fortuna Düsseldorf,0,1,A,2018-19
Bundesliga,2018-12-22,RB Leipzig,Werder Bremen,3,2,H,2018-19
Bundesliga,2018-12-22,VfB Stuttgart,Schalke 04,1,3,A,2018-19
Bundesliga,2018-12-23,FC Augsburg,VfL Wolfsburg,2,3,A,2018-19
Bundesliga,2018-12-23,TSG Hoffenheim,Mainz,1,1,D,2018-19
Bundesliga,2019-01-18,TSG Hoffenheim,Bayern Munich,1,3,A,2018-19
Bundesliga,2019-01-19,Bayer Leverkusen,Borussia Mönchengladbach,0,1,A,2018-19
Bundesliga,2019-01-19,Eintracht Frankfurt,SC Freiburg,3,1,H,2018-19
Bundesliga,2019-01-19,FC Augsburg,Fortuna Düsseldorf,1,2,A,2018-19
Bundesliga,2019-01-19,Hannover 96,Werder Bremen,0,1,A,2018-19
Bundesliga,2019-01-19,RB Leipzig,Borussia Dortmund,0,1,A,2018-19
Bundesliga,2019-01-19,VfB Stuttgart,Mainz,2,3,A,2018-19
Bundesliga,2019-01-20,1. FC Nürnberg,Hertha Berlin,1,3,A,2018-19
Bundesliga,2019-01-20,Schalke 04,VfL Wolfsburg,2,1,H,2018-19
Bundesliga,2019-01-25,Hertha Berlin,Schalke 04,2,2,D,2018-19
Bundesliga,2019-01-26,Borussia Dortmund,Hannover 96,5,1,H,2018-19
Bundesliga,2019-01-26,Borussia Mönchengladbach,FC Augsburg,2,0,H,2018-19
Bundesliga,2019-01-26,Mainz,1. FC Nürnberg,2,1,H,2018-19
Bundesliga,2019-01-26,SC Freiburg,TSG Hoffenheim,2,4,A,2018-19
Bundesliga,2019-01-26,VfL Wolfsburg,Bayer Leverkusen,0,3,A,2018-19
Bundesliga,2019-01-26,Werder Bremen,Eintracht Frankfurt,2,2,D,2018-19
Bundesliga,2019-01-27,Bayern Munich,VfB Stuttgart,4,1,H,2018-19
Bundesliga,2019-01-27,Fortuna Düsseldorf,RB Leipzig,0,4,A,2018-19
Bundesliga,2019-02-01,Hannover 96,RB Leipzig,0,3,A,2018-19
Bundesliga,2019-02-02,1. FC Nürnberg,Werder Bremen,1,1,D,2018-19
Bundesliga,2019-02-02,Bayer Leverkusen,Bayern Munich,3,1,H,2018-19
Bundesliga,2019-02-02,Eintracht Frankfurt,Borussia Dortmund,1,1,D,2018-19
Bundesliga,2019-02-02,Hertha Berlin,VfL Wolfsburg,0,1,A,2018-19
Bundesliga,2019-02-02,Schalke 04,Borussia Mönchengladbach,0,2,A,2018-19
Bundesliga,2019-02-02,TSG Hoffenheim,Fortuna Düsseldorf,1,1,D,2018-19
Bundesliga,2019-02-03,FC Augsburg,Mainz,3,0,H,2018-19
Bundesliga,2019-02-03,VfB Stuttgart,SC Freiburg,2,2,D,2018-19
Bundesliga,2019-02-08,Mainz,Bayer Leverkusen,1,5,A,2018-19
Bundesliga,2019-02-09,Bayern Munich,Schalke 04,3,1,H,2018-19
Bundesliga,2019-02-09,Borussia Dortmund,TSG Hoffenheim,3,3,D,2018-19
Bundesliga,2019-02-09,Borussia Mönchengladbach,Hertha Berlin,0,3,A,2018-19
Bundesliga,2019-02-09,Hannover 96,1. FC Nürnberg,2,0,H,2018-19
Bundesliga,2019-02-09,RB Leipzig,Eintracht Frankfurt,0,0,D,2018-19
Bundesliga,2019-02-09,SC Freiburg,VfL Wolfsburg,3,3,D,2018-19
Bundesliga,2019-02-10,Fortuna Düsseldorf,VfB Stuttgart,3,0,H,2018-19
Bundesliga,2019-02-10,Werder Bremen,FC Augsburg,4,0,H,2018-19
Bundesliga,2019-02-15,FC Augsburg,Bayern Munich,2,3,A,2018-19
Bundesliga,2019-02-16,Hertha Berlin,Werder Bremen,1,1,D,2018-19
Bundesliga,2019-02-16,Schalke 04,SC Freiburg,0,0,D,2018-19
Bundesliga,2019-02-16,TSG Hoffenheim,Hannover 96,3,0,H,2018-19
Bundesliga,2019-02-16,VfB Stuttgart,RB Leipzig,1,3,A,2018-19
Bundesliga,2019-02-16,VfL Wolfsburg,Mainz,3,0,H,2018-19
Bundesliga,2019-02-17,Bayer Leverkusen,Fortuna Düsseldorf,2,0,H,2018-19
Bundesliga,2019-02-17,Eintracht Frankfurt,Borussia Mönchengladbach,1,1,D,2018-19
Bundesliga,2019-02-18,1. FC Nürnberg,Borussia Dortmund,0,0,D,2018-19
Bundesliga,2019-02-22,Werder Bremen,VfB Stuttgart,1,1,D,2018-19
Bundesliga,2019-02-23,Bayern Munich,Hertha Berlin,1,0,H,2018-19
Bundesliga,2019-02-23,Borussia Mönchengladbach,VfL Wolfsburg,0,3,A,2018-19
Bundesliga,2019-02-23,Fortuna Düsseldorf,1. FC Nürnberg,2,1,H,2018-19
Bundesliga,2019-02-23,Mainz,Schalke 04,3,0,H,2018-19
Bundesliga,2019-02-23,SC Freiburg,FC Augsburg,5,1,H,2018-19
Bundesliga,2019-02-24,Borussia Dortmund,Bayer Leverkusen,3,2,H,2018-19
Bundesliga,2019-02-24,Hannover 96,Eintracht Frankfurt,0,3,A,2018-19
Bundesliga,2019-02-25,RB Leipzig,TSG Hoffenheim,1,1,D,2018-19
Bundesliga,2019-03-01,FC Augsburg,Borussia Dortmund,2,1,H,2018-19
Bundesliga,2019-03-02,1. FC Nürnberg,RB Leipzig,0,1,A,2018-19
Bundesliga,2019-03-02,Bayer Leverkusen,SC Freiburg,2,0,H,2018-19
Bundesliga,2019-03-02,Borussia Mönchengladbach,Bayern Munich,1,5,A,2018-19
Bundesliga,2019-03-02,Eintracht Frankfurt,TSG Hoffenheim,3,2,H,2018-19
Bundesliga,2019-03-02,Hertha Berlin,Mainz,2,1,H,2018-19
Bundesliga,2019-03-02,Schalke 04,Fortuna Düsseldorf,0,4,A,2018-19
Bundesliga,2019-03-03,VfB Stuttgart,Hannover 96,5,1,H,2018-19
Bundesliga,2019-03-03,VfL Wolfsburg,Werder Bremen,1,1,D,2018-19
Bundesliga,2019-03-08,Werder Bremen,Schalke 04,4,2,H,2018-19
Bundesliga,2019-03-09,Bayern Munich,VfL Wolfsburg,6,0,H,2018-19
Bundesliga,2019-03-09,Borussia Dortmund,VfB Stuttgart,3,1,H,2018-19
Bundesliga,2019-03-09,Mainz,Borussia Mönchengladbach,0,1,A,2018-19
Bundesliga,2019-03-09,RB Leipzig,FC Augsburg,0,0,D,2018-19
Bundesliga,2019-03-09,SC Freiburg,Hertha Berlin,2,1,H,2018-19
Bundesliga,2019-03-10,Hannover 96,Bayer Leverkusen,2,3,A,2018-19
Bundesliga,2019-03-10,TSG Hoffenheim,1. FC Nürnberg,2,1,H,2018-19
Bundesliga,2019-03-11,Fortuna Düsseldorf,Eintracht Frankfurt,0,3,A,2018-19
Bundesliga,2019-03-15,Borussia Mönchengladbach,SC Freiburg,1,1,D,2018-19
Bundesliga,2019-03-16,FC Augsburg,Hannover 96,3,1,H,2018-19
Bundesliga,2019-03-16,Hertha Berlin,Borussia Dortmund,2,3,A,2018-19
Bundesliga,2019-03-16,Schalke 04,RB Leipzig,0,1,A,2018-19
Bundesliga,2019-03-16,VfB Stuttgart,TSG Hoffenheim,1,1,D,2018-19
Bundesliga,2019-03-16,VfL Wolfsburg,Fortuna Düsseldorf,5,2,H,2018-19
Bundesliga,2019-03-17,Bayer Leverkusen,Werder Bremen,1,3,A,2018-19
Bundesliga,2019-03-17,Bayern Munich,Mainz,6,0,H,2018-19
Bundesliga,2019-03-17,Eintracht Frankfurt,1. FC Nürnberg,1,0,H,2018-19
Bundesliga,2019-03-29,TSG Hoffenheim,Bayer Leverkusen,4,1,H,2018-19
Bundesliga,2019-03-30,1. FC Nürnberg,FC Augsburg,3,0,H,2018-19
Bundesliga,2019-03-30,Borussia Dortmund,VfL Wolfsburg,2,0,H,2018-19
Bundesliga,2019-03-30,Fortuna Düsseldorf,Borussia Mönchengladbach,3,1,H,2018-19
Bundesliga,2019-03-30,RB Leipzig,Hertha Berlin,5,0,H,2018-19
Bundesliga,2019-03-30,SC Freiburg,Bayern Munich,1,1,D,2018-19
Bundesliga,2019-03-30,Werder Bremen,Mainz,3,1,H,2018-19
Bundesliga,2019-03-31,Eintracht Frankfurt,VfB Stuttgart,3,0,H,2018-19
Bundesliga,2019-03-31,Hannover 96,Schalke 04,0,1,A,2018-19
Bundesliga,2019-04-05,Mainz,SC Freiburg,5,0,H,2018-19
Bundesliga,2019-04-06,Bayer Leverkusen,RB Leipzig,2,4,A,2018-19
Bundesliga,2019-04-06,Bayern Munich,Borussia Dortmund,5,0,H,2018-19
Bundesliga,2019-04-06,Hertha Berlin,Fortuna Düsseldorf,1,2,A,2018-19
Bundesliga,2019-04-06,Schalke 04,Eintracht Frankfurt,1,2,A,2018-19
Bundesliga,2019-04-06,VfB Stuttgart,1. FC Nürnberg,1,1,D,2018-19
Bundesliga,2019-04-06,VfL Wolfsburg,Hannover 96,3,1,H,2018-19
Bundesliga,2019-04-07,Borussia Mönchengladbach,Werder Bremen,1,1,D,2018-19
Bundesliga,2019-04-07,FC Augsburg,TSG Hoffenheim,0,4,A,2018-19
Bundesliga,2019-04-12,1. FC Nürnberg,Schalke 04,1,1,D,2018-19
Bundesliga,2019-04-13,Borussia Dortmund,Mainz,2,1,H,2018-19
Bundesliga,2019-04-13,Hannover 96,Borussia Mönchengladbach,0,1,A,2018-19
Bundesliga,2019-04-13,RB Leipzig,VfL Wolfsburg,2,0,H,2018-19
Bundesliga,2019-04-13,VfB Stuttgart,Bayer Leverkusen,0,1,A,2018-19
Bundesliga,2019-04-13,Werder Bremen,SC Freiburg,2,1,H,2018-19
Bundesliga,2019-04-14,Eintracht Frankfurt,FC Augsburg,1,3,A,2018-19
Bundesliga,2019-04-14,Fortuna Düsseldorf,Bayern Munich,1,4,A,2018-19
Bundesliga,2019-04-14,TSG Hoffenheim,Hertha Berlin,2,0,H,2018-19
Bundesliga,2019-04-20,Bayer Leverkusen,1. FC Nürnberg,2,0,H,2018-19
Bundesliga,2019-04-20,Bayern Munich,Werder Bremen,1,0,H,2018-19
Bundesliga,2019-04-20,Borussia Mönchengladbach,RB Leipzig,1,2,A,2018-19
Bundesliga,2019-04-20,FC Augsburg,VfB Stuttgart,6,0,H,2018-19
Bundesliga,2019-04-20,Mainz,Fortuna Düsseldorf,3,1,H,2018-19
Bundesliga,2019-04-20,Schalke 04,TSG Hoffenheim,2,5,A,2018-19
Bundesliga,2019-04-21,Hertha Berlin,Hannover 96,0,0,D,2018-19
Bundesliga,2019-04-21,SC Freiburg,Borussia Dortmund,0,4,A,2018-19
Bundesliga,2019-04-22,VfL Wolfsburg,Eintracht Frankfurt,1,1,D,2018-19
Bundesliga,2019-04-26,FC Augsburg,Bayer Leverkusen,1,4,A,2018-19
Bundesliga,2019-04-27,Borussia Dortmund,Schalke 04,2,4,A,2018-19
Bundesliga,2019-04-27,Eintracht Frankfurt,Hertha Berlin,0,0,D,2018-19
Bundesliga,2019-04-27,Fortuna Düsseldorf,Werder Bremen,4,1,H,2018-19
Bundesliga,2019-04-27,Hannover 96,Mainz,1,0,H,2018-19
Bundesliga,2019-04-27,RB Leipzig,SC Freiburg,2,1,H,2018-19
Bundesliga,2019-04-27,VfB Stuttgart,Borussia Mönchengladbach,1,0,H,2018-19
Bundesliga,2019-04-28,1. FC Nürnberg,Bayern Munich,1,1,D,2018-19
Bundesliga,2019-04-28,TSG Hoffenheim,VfL Wolfsburg,1,4,A,2018-19
Bundesliga,2019-05-03,Mainz,RB Leipzig,3,3,D,2018-19
Bundesliga,2019-05-04,Bayern Munich,Hannover 96,3,1,H,2018-19
Bundesliga,2019-05-04,Borussia Mönchengladbach,TSG Hoffenheim,2,2,D,2018-19
Bundesliga,2019-05-04,Hertha Berlin,VfB Stuttgart,3,1,H,2018-19
Bundesliga,2019-05-04,VfL Wolfsburg,1. FC Nürnberg,2,0,H,2018-19
Bundesliga,2019-05-04,Werder Bremen,Borussia Dortmund,2,2,D,2018-19
Bundesliga,2019-05-05,Bayer Leverkusen,Eintracht Frankfurt,6,1,H,2018-19
Bundesliga,2019-05-05,SC Freiburg,Fortuna Düsseldorf,1,1,D,2018-19
Bundesliga,2019-05-05,Schalke 04,FC Augsburg,0,0,D,2018-19
Bundesliga,2019-05-11,1. FC Nürnberg,Borussia Mönchengladbach,0,4,A,2018-19
Bundesliga,2019-05-11,Bayer Leverkusen,Schalke 04,1,1,D,2018-19
Bundesliga,2019-05-11,Borussia Dortmund,Fortuna Düsseldorf,3,2,H,2018-19
Bundesliga,2019-05-11,FC Augsburg,Hertha Berlin,3,4,A,2018-19
Bundesliga,2019-05-11,Hannover 96,SC Freiburg,3,0,H,2018-19
Bundesliga,2019-05-11,RB Leipzig,Bayern Munich,0,0,D,2018-19
Bundesliga,2019-05-11,TSG Hoffenheim,Werder Bremen,0,1,A,2018-19
Bundesliga,2019-05-11,VfB Stuttgart,VfL Wolfsburg,3,0,H,2018-19
Bundesliga,2019-05-12,Eintracht Frankfurt,Mainz,0,2,A,2018-19
Bundesliga,2019-05-18,Bayern Munich,Eintracht Frankfurt,5,1,H,2018-19
Bundesliga,2019-05-18,Borussia Mönchengladbach,Borussia Dortmund,0,2,A,2018-19
Bundesliga,2019-05-18,Fortuna Düsseldorf,Hannover 96,2,1,H,2018-19
Bundesliga,2019-05-18,Hertha Berlin,Bayer Leverkusen,1,5,A,2018-19
Bundesliga,2019-05-18,Mainz,TSG Hoffenheim,4,2,H,2018-19
Bundesliga,2019-05-18,SC Freiburg,1. FC Nürnberg,5,1,H,2018-19
Bundesliga,2019-05-18,Schalke 04,VfB Stuttgart,0,0,D,2018-19
Bundesliga,2019-05-18,VfL Wolfsburg,FC Augsburg,8,1,H,2018-19
Bundesliga,2019-05-18,Werder Bremen,RB Leipzig,2,1,H,2018-19
Bundesliga,2019-08-16,Bayern Munich,Hertha Berlin,2,2,D,2019-20
Bundesliga,2019-08-17,Bayer Leverkusen,SC Paderborn 07,3,2,H,2019-20
Bundesliga,2019-08-17,Borussia Dortmund,FC Augsburg,5,1,H,2019-20
Bundesliga,2019-08-17,Borussia Mönchengladbach,Schalke 04,0,0,D,2019-20
Bundesliga,2019-08-17,SC Freiburg,Mainz,3,0,H,2019-20
Bundesliga,2019-08-17,VfL Wolfsburg,FC Cologne,2,1,H,2019-20
Bundesliga,2019-08-17,Werder Bremen,Fortuna Düsseldorf,1,3,A,2019-20
Bundesliga,2019-08-18,1. FC Union Berlin,RB Leipzig,0,4,A,2019-20
Bundesliga,2019-08-18,Eintracht Frankfurt,TSG Hoffenheim,1,0,H,2019-20
Bundesliga,2019-08-23,FC Cologne,Borussia Dortmund,1,3,A,2019-20
Bundesliga,2019-08-24,FC Augsburg,1. FC Union Berlin,1,1,D,2019-20
Bundesliga,2019-08-24,Fortuna Düsseldorf,Bayer Leverkusen,1,3,A,2019-20
Bundesliga,2019-08-24,Mainz,Borussia Mönchengladbach,1,3,A,2019-20
Bundesliga,2019-08-24,SC Paderborn 07,SC Freiburg,1,3,A,2019-20
Bundesliga,2019-08-24,Schalke 04,Bayern Munich,0,3,A,2019-20
Bundesliga,2019-08-24,TSG Hoffenheim,Werder Bremen,3,2,H,2019-20
Bundesliga,2019-08-25,Hertha Berlin,VfL Wolfsburg,0,3,A,2019-20
Bundesliga,2019-08-25,RB Leipzig,Eintracht Frankfurt,2,1,H,2019-20
Bundesliga,2019-08-30,Borussia Mönchengladbach,RB Leipzig,1,3,A,2019-20
Bundesliga,2019-08-31,1. FC Union Berlin,Borussia Dortmund,3,1,H,2019-20
Bundesliga,2019-08-31,Bayer Leverkusen,TSG Hoffenheim,0,0,D,2019-20
Bundesliga,2019-08-31,Bayern Munich,Mainz,6,1,H,2019-20
Bundesliga,2019-08-31,SC Freiburg,FC Cologne,1,2,A,2019-20
Bundesliga,2019-08-31,Schalke 04,Hertha Berlin,3,0,H,2019-20
Bundesliga,2019-08-31,VfL Wolfsburg,SC Paderborn 07,1,1,D,2019-20
Bundesliga,2019-09-01,Eintracht Frankfurt,Fortuna Düsseldorf,2,1,H,2019-20
Bundesliga,2019-09-01,Werder Bremen,FC Augsburg,3,2,H,2019-20
Bundesliga,2019-09-13,Fortuna Düsseldorf,VfL Wolfsburg,1,1,D,2019-20
Bundesliga,2019-09-14,1. FC Union Berlin,Werder Bremen,1,2,A,2019-20
Bundesliga,2019-09-14,Borussia Dortmund,Bayer Leverkusen,4,0,H,2019-20
Bundesliga,2019-09-14,FC Augsburg,Eintracht Frankfurt,2,1,H,2019-20
Bundesliga,2019-09-14,FC Cologne,Borussia Mönchengladbach,0,1,A,2019-20
Bundesliga,2019-09-14,Mainz,Hertha Berlin,2,1,H,2019-20
Bundesliga,2019-09-14,RB Leipzig,Bayern Munich,1,1,D,2019-20
Bundesliga,2019-09-15,SC Paderborn 07,Schalke 04,1,5,A,2019-20
Bundesliga,2019-09-15,TSG Hoffenheim,SC Freiburg,0,3,A,2019-20
Bundesliga,2019-09-20,Schalke 04,Mainz,2,1,H,2019-20
Bundesliga,2019-09-21,Bayer Leverkusen,1. FC Union Berlin,2,0,H,2019-20
Bundesliga,2019-09-21,Bayern Munich,FC Cologne,4,0,H,2019-20
Bundesliga,2019-09-21,Hertha Berlin,SC Paderborn 07,2,1,H,2019-20
Bundesliga,2019-09-21,SC Freiburg,FC Augsburg,1,1,D,2019-20
Bundesliga,2019-09-21,Werder Bremen,RB Leipzig,0,3,A,2019-20
Bundesliga,2019-09-22,Borussia Mönchengladbach,Fortuna Düsseldorf,2,1,H,2019-20
Bundesliga,2019-09-22,Eintracht Frankfurt,Borussia Dortmund,2,2,D,2019-20
Bundesliga,2019-09-23,VfL Wolfsburg,TSG Hoffenheim,1,1,D,2019-20
Bundesliga,2019-09-27,1. FC Union Berlin,Eintracht Frankfurt,1,2,A,2019-20
Bundesliga,2019-09-28,Borussia Dortmund,Werder Bremen,2,2,D,2019-20
Bundesliga,2019-09-28,FC Augsburg,Bayer Leverkusen,0,3,A,2019-20
Bundesliga,2019-09-28,Mainz,VfL Wolfsburg,0,1,A,2019-20
Bundesliga,2019-09-28,RB Leipzig,Schalke 04,1,3,A,2019-20
Bundesliga,2019-09-28,SC Paderborn 07,Bayern Munich,2,3,A,2019-20
Bundesliga,2019-09-28,TSG Hoffenheim,Borussia Mönchengladbach,0,3,A,2019-20
Bundesliga,2019-09-29,FC Cologne,Hertha Berlin,0,4,A,2019-20
Bundesliga,2019-09-29,Fortuna Düsseldorf,SC Freiburg,1,2,A,2019-20
Bundesliga,2019-10-04,Hertha Berlin,Fortuna Düsseldorf,3,1,H,2019-20
Bundesliga,2019-10-05,Bayer Leverkusen,RB Leipzig,1,1,D,2019-20
Bundesliga,2019-10-05,Bayern Munich,TSG Hoffenheim,1,2,A,2019-20
Bundesliga,2019-10-05,SC Freiburg,Borussia Dortmund,2,2,D,2019-20
Bundesliga,2019-10-05,SC Paderborn 07,Mainz,1,2,A,2019-20
Bundesliga,2019-10-05,Schalke 04,FC Cologne,1,1,D,2019-20
Bundesliga,2019-10-06,Borussia Mönchengladbach,FC Augsburg,5,1,H,2019-20
Bundesliga,2019-10-06,Eintracht Frankfurt,Werder Bremen,2,2,D,2019-20
Bundesliga,2019-10-06,VfL Wolfsburg,1. FC Union Berlin,1,0,H,2019-20
Bundesliga,2019-10-18,Eintracht Frankfurt,Bayer Leverkusen,3,0,H,2019-20
Bundesliga,2019-10-19,1. FC Union Berlin,SC Freiburg,2,0,H,2019-20
Bundesliga,2019-10-19,Borussia Dortmund,Borussia Mönchengladbach,1,0,H,2019-20
Bundesliga,2019-10-19,FC Augsburg,Bayern Munich,2,2,D,2019-20
Bundesliga,2019-10-19,Fortuna Düsseldorf,Mainz,1,0,H,2019-20
Bundesliga,2019-10-19,RB Leipzig,VfL Wolfsburg,1,1,D,2019-20
Bundesliga,2019-10-19,Werder Bremen,Hertha Berlin,1,1,D,2019-20
Bundesliga,2019-10-20,FC Cologne,SC Paderborn 07,3,0,H,2019-20
Bundesliga,2019-10-20,TSG Hoffenheim,Schalke 04,2,0,H,2019-20
Bundesliga,2019-10-25,Mainz,FC Cologne,3,1,H,2019-20
Bundesliga,2019-10-26,Bayer Leverkusen,Werder Bremen,2,2,D,2019-20
Bundesliga,2019-10-26,Bayern Munich,1. FC Union Berlin,2,1,H,2019-20
Bundesliga,2019-10-26,Hertha Berlin,TSG Hoffenheim,2,3,A,2019-20
Bundesliga,2019-10-26,SC Freiburg,RB Leipzig,2,1,H,2019-20
Bundesliga,2019-10-26,SC Paderborn 07,Fortuna Düsseldorf,2,0,H,2019-20
Bundesliga,2019-10-26,Schalke 04,Borussia Dortmund,0,0,D,2019-20
Bundesliga,2019-10-27,Borussia Mönchengladbach,Eintracht Frankfurt,4,2,H,2019-20
Bundesliga,2019-10-27,VfL Wolfsburg,FC Augsburg,0,0,D,2019-20
Bundesliga,2019-11-01,TSG Hoffenheim,SC Paderborn 07,3,0,H,2019-20
Bundesliga,2019-11-02,1. FC Union Berlin,Hertha Berlin,1,0,H,2019-20
Bundesliga,2019-11-02,Bayer Leverkusen,Borussia Mönchengladbach,1,2,A,2019-20
Bundesliga,2019-11-02,Borussia Dortmund,VfL Wolfsburg,3,0,H,2019-20
Bundesliga,2019-11-02,Eintracht Frankfurt,Bayern Munich,5,1,H,2019-20
Bundesliga,2019-11-02,RB Leipzig,Mainz,8,0,H,2019-20
Bundesliga,2019-11-02,Werder Bremen,SC Freiburg,2,2,D,2019-20
Bundesliga,2019-11-03,FC Augsburg,Schalke 04,2,3,A,2019-20
Bundesliga,2019-11-03,Fortuna Düsseldorf,FC Cologne,2,0,H,2019-20
Bundesliga,2019-11-08,FC Cologne,TSG Hoffenheim,1,2,A,2019-20
Bundesliga,2019-11-09,Bayern Munich,Borussia Dortmund,4,0,H,2019-20
Bundesliga,2019-11-09,Hertha Berlin,RB Leipzig,2,4,A,2019-20
Bundesliga,2019-11-09,Mainz,1. FC Union Berlin,2,3,A,2019-20
Bundesliga,2019-11-09,SC Paderborn 07,FC Augsburg,0,1,A,2019-20
Bundesliga,2019-11-09,Schalke 04,Fortuna Düsseldorf,3,3,D,2019-20
Bundesliga,2019-11-10,Borussia Mönchengladbach,Werder Bremen,3,1,H,2019-20
Bundesliga,2019-11-10,SC Freiburg,Eintracht Frankfurt,1,0,H,2019-20
Bundesliga,2019-11-10,VfL Wolfsburg,Bayer Leverkusen,0,2,A,2019-20
Bundesliga,2019-11-22,Borussia Dortmund,SC Paderborn 07,3,3,D,2019-20
Bundesliga,2019-11-23,1. FC Union Berlin,Borussia Mönchengladbach,2,0,H,2019-20
Bundesliga,2019-11-23,Bayer Leverkusen,SC Freiburg,1,1,D,2019-20
Bundesliga,2019-11-23,Eintracht Frankfurt,VfL Wolfsburg,0,2,A,2019-20
Bundesliga,2019-11-23,Fortuna Düsseldorf,Bayern Munich,0,4,A,2019-20
Bundesliga,2019-11-23,RB Leipzig,FC Cologne,4,1,H,2019-20
Bundesliga,2019-11-23,Werder Bremen,Schalke 04,1,2,A,2019-20
Bundesliga,2019-11-24,FC Augsburg,Hertha Berlin,4,0,H,2019-20
Bundesliga,2019-11-24,TSG Hoffenheim,Mainz,1,5,A,2019-20
Bundesliga,2019-11-29,Schalke 04,1. FC Union Berlin,2,1,H,2019-20
Bundesliga,2019-11-30,Bayern Munich,Bayer Leverkusen,1,2,A,2019-20
Bundesliga,2019-11-30,FC Cologne,FC Augsburg,1,1,D,2019-20
Bundesliga,2019-11-30,Hertha Berlin,Borussia Dortmund,1,2,A,2019-20
Bundesliga,2019-11-30,SC Paderborn 07,RB Leipzig,2,3,A,2019-20
Bundesliga,2019-11-30,TSG Hoffenheim,Fortuna Düsseldorf,1,1,D,2019-20
Bundesliga,2019-12-01,Borussia Mönchengladbach,SC Freiburg,4,2,H,2019-20
Bundesliga,2019-12-01,VfL Wolfsburg,Werder Bremen,2,3,A,2019-20
Bundesliga,2019-12-02,Mainz,Eintracht Frankfurt,2,1,H,2019-20
Bundesliga,2019-12-06,Eintracht Frankfurt,Hertha Berlin,2,2,D,2019-20
Bundesliga,2019-12-07,Bayer Leverkusen,Schalke 04,2,1,H,2019-20
Bundesliga,2019-12-07,Borussia Dortmund,Fortuna Düsseldorf,5,0,H,2019-20
Bundesliga,2019-12-07,Borussia Mönchengladbach,Bayern Munich,2,1,H,2019-20
Bundesliga,2019-12-07,FC Augsburg,Mainz,2,1,H,2019-20
Bundesliga,2019-12-07,RB Leipzig,TSG Hoffenheim,3,1,H,2019-20
Bundesliga,2019-12-07,SC Freiburg,VfL Wolfsburg,1,0,H,2019-20
Bundesliga,2019-12-08,1. FC Union Berlin,FC Cologne,2,0,H,2019-20
Bundesliga,2019-12-08,Werder Bremen,SC Paderborn 07,0,1,A,2019-20
Bundesliga,2019-12-13,TSG Hoffenheim,FC Augsburg,2,4,A,2019-20
Bundesliga,2019-12-14,Bayern Munich,Werder Bremen,6,1,H,2019-20
Bundesliga,2019-12-14,FC Cologne,Bayer Leverkusen,2,0,H,2019-20
Bundesliga,2019-12-14,Fortuna Düsseldorf,RB Leipzig,0,3,A,2019-20
Bundesliga,2019-12-14,Hertha Berlin,SC Freiburg,1,0,H,2019-20
Bundesliga,2019-12-14,Mainz,Borussia Dortmund,0,4,A,2019-20
Bundesliga,2019-12-14,SC Paderborn 07,1. FC Union Berlin,1,1,D,2019-20
Bundesliga,2019-12-15,Schalke 04,Eintracht Frankfurt,1,0,H,2019-20
Bundesliga,2019-12-15,VfL Wolfsburg,Borussia Mönchengladbach,2,1,H,2019-20
Bundesliga,2019-12-17,1. FC Union Berlin,TSG Hoffenheim,0,2,A,2019-20
Bundesliga,2019-12-17,Borussia Dortmund,RB Leipzig,3,3,D,2019-20
Bundesliga,2019-12-17,FC Augsburg,Fortuna Düsseldorf,3,0,H,2019-20
Bundesliga,2019-12-17,Werder Bremen,Mainz,0,5,A,2019-20
Bundesliga,2019-12-18,Bayer Leverkusen,Hertha Berlin,0,1,A,2019-20
Bundesliga,2019-12-18,Borussia Mönchengladbach,SC Paderborn 07,2,0,H,2019-20
Bundesliga,2019-12-18,Eintracht Frankfurt,FC Cologne,2,4,A,2019-20
Bundesliga,2019-12-18,SC Freiburg,Bayern Munich,1,3,A,2019-20
Bundesliga,2019-12-18,VfL Wolfsburg,Schalke 04,1,1,D,2019-20
Bundesliga,2019-12-20,TSG Hoffenheim,Borussia Dortmund,2,1,H,2019-20
Bundesliga,2019-12-21,Bayern Munich,VfL Wolfsburg,2,0,H,2019-20
Bundesliga,2019-12-21,FC Cologne,Werder Bremen,1,0,H,2019-20
Bundesliga,2019-12-21,Hertha Berlin,Borussia Mönchengladbach,0,0,D,2019-20
Bundesliga,2019-12-21,Mainz,Bayer Leverkusen,0,1,A,2019-20
Bundesliga,2019-12-21,RB Leipzig,FC Augsburg,3,1,H,2019-20
Bundesliga,2019-12-21,Schalke 04,SC Freiburg,2,2,D,2019-20
Bundesliga,2019-12-22,Fortuna Düsseldorf,1. FC Union Berlin,2,1,H,2019-20
Bundesliga,2019-12-22,SC Paderborn 07,Eintracht Frankfurt,2,1,H,2019-20
Bundesliga,2020-01-17,Schalke 04,Borussia Mönchengladbach,2,0,H,2019-20
Bundesliga,2020-01-18,FC Augsburg,Borussia Dortmund,3,5,A,2019-20
Bundesliga,2020-01-18,FC Cologne,VfL Wolfsburg,3,1,H,2019-20
Bundesliga,2020-01-18,Fortuna Düsseldorf,Werder Bremen,0,1,A,2019-20
Bundesliga,2020-01-18,Mainz,SC Freiburg,1,2,A,2019-20
Bundesliga,2020-01-18,RB Leipzig,1. FC Union Berlin,3,1,H,2019-20
Bundesliga,2020-01-18,TSG Hoffenheim,Eintracht Frankfurt,1,2,A,2019-20
Bundesliga,2020-01-19,Hertha Berlin,Bayern Munich,0,4,A,2019-20
Bundesliga,2020-01-19,SC Paderborn 07,Bayer Leverkusen,1,4,A,2019-20
Bundesliga,2020-01-24,Borussia Dortmund,FC Cologne,5,1,H,2019-20
Bundesliga,2020-01-25,1. FC Union Berlin,FC Augsburg,2,0,H,2019-20
Bundesliga,2020-01-25,Bayern Munich,Schalke 04,5,0,H,2019-20
Bundesliga,2020-01-25,Borussia Mönchengladbach,Mainz,3,1,H,2019-20
Bundesliga,2020-01-25,Eintracht Frankfurt,RB Leipzig,2,0,H,2019-20
Bundesliga,2020-01-25,SC Freiburg,SC Paderborn 07,0,2,A,2019-20
Bundesliga,2020-01-25,VfL Wolfsburg,Hertha Berlin,1,2,A,2019-20
Bundesliga,2020-01-26,Bayer Leverkusen,Fortuna Düsseldorf,3,0,H,2019-20
Bundesliga,2020-01-26,Werder Bremen,TSG Hoffenheim,0,3,A,2019-20
Bundesliga,2020-01-31,Hertha Berlin,Schalke 04,0,0,D,2019-20
Bundesliga,2020-02-01,Borussia Dortmund,1. FC Union Berlin,5,0,H,2019-20
Bundesliga,2020-02-01,FC Augsburg,Werder Bremen,2,1,H,2019-20
Bundesliga,2020-02-01,Fortuna Düsseldorf,Eintracht Frankfurt,1,1,D,2019-20
Bundesliga,2020-02-01,Mainz,Bayern Munich,1,3,A,2019-20
Bundesliga,2020-02-01,RB Leipzig,Borussia Mönchengladbach,2,2,D,2019-20
Bundesliga,2020-02-01,TSG Hoffenheim,Bayer Leverkusen,2,1,H,2019-20
Bundesliga,2020-02-02,FC Cologne,SC Freiburg,4,0,H,2019-20
Bundesliga,2020-02-02,SC Paderborn 07,VfL Wolfsburg,2,4,A,2019-20
Bundesliga,2020-02-07,Eintracht Frankfurt,FC Augsburg,5,0,H,2019-20
Bundesliga,2020-02-08,Bayer Leverkusen,Borussia Dortmund,4,3,H,2019-20
Bundesliga,2020-02-08,Hertha Berlin,Mainz,1,3,A,2019-20
Bundesliga,2020-02-08,SC Freiburg,TSG Hoffenheim,1,0,H,2019-20
Bundesliga,2020-02-08,Schalke 04,SC Paderborn 07,1,1,D,2019-20
Bundesliga,2020-02-08,VfL Wolfsburg,Fortuna Düsseldorf,1,1,D,2019-20
Bundesliga,2020-02-08,Werder Bremen,1. FC Union Berlin,0,2,A,2019-20
Bundesliga,2020-02-09,Bayern Munich,RB Leipzig,0,0,D,2019-20
Bundesliga,2020-02-14,Borussia Dortmund,Eintracht Frankfurt,4,0,H,2019-20
Bundesliga,2020-02-15,1. FC Union Berlin,Bayer Leverkusen,2,3,A,2019-20
Bundesliga,2020-02-15,FC Augsburg,SC Freiburg,1,1,D,2019-20
Bundesliga,2020-02-15,Fortuna Düsseldorf,Borussia Mönchengladbach,1,4,A,2019-20
Bundesliga,2020-02-15,RB Leipzig,Werder Bremen,3,0,H,2019-20
Bundesliga,2020-02-15,SC Paderborn 07,Hertha Berlin,1,2,A,2019-20
Bundesliga,2020-02-15,TSG Hoffenheim,VfL Wolfsburg,2,3,A,2019-20
Bundesliga,2020-02-16,FC Cologne,Bayern Munich,1,4,A,2019-20
Bundesliga,2020-02-16,Mainz,Schalke 04,0,0,D,2019-20
Bundesliga,2020-02-21,Bayern Munich,SC Paderborn 07,3,2,H,2019-20
Bundesliga,2020-02-22,Borussia Mönchengladbach,TSG Hoffenheim,1,1,D,2019-20
Bundesliga,2020-02-22,Hertha Berlin,FC Cologne,0,5,A,2019-20
Bundesliga,2020-02-22,SC Freiburg,Fortuna Düsseldorf,0,2,A,2019-20
Bundesliga,2020-02-22,Schalke 04,RB Leipzig,0,5,A,2019-20
Bundesliga,2020-02-22,Werder Bremen,Borussia Dortmund,0,2,A,2019-20
Bundesliga,2020-02-23,Bayer Leverkusen,FC Augsburg,2,0,H,2019-20
Bundesliga,2020-02-23,VfL Wolfsburg,Mainz,4,0,H,2019-20
Bundesliga,2020-02-24,Eintracht Frankfurt,1. FC Union Berlin,1,2,A,2019-20
Bundesliga,2020-02-28,Fortuna Düsseldorf,Hertha Berlin,3,3,D,2019-20
Bundesliga,2020-02-29,Borussia Dortmund,SC Freiburg,1,0,H,2019-20
Bundesliga,2020-02-29,FC Augsburg,Borussia Mönchengladbach,2,3,A,2019-20
Bundesliga,2020-02-29,FC Cologne,Schalke 04,3,0,H,2019-20
Bundesliga,2020-02-29,Mainz,SC Paderborn 07,2,0,H,2019-20
Bundesliga,2020-02-29,TSG Hoffenheim,Bayern Munich,0,6,A,2019-20
Bundesliga,2020-03-01,1. FC Union Berlin,VfL Wolfsburg,2,2,D,2019-20
Bundesliga,2020-03-01,RB Leipzig,Bayer Leverkusen,1,1,D,2019-20
Bundesliga,2020-03-06,SC Paderborn 07,FC Cologne,1,2,A,2019-20
Bundesliga,2020-03-07,Bayer Leverkusen,Eintracht Frankfurt,4,0,H,2019-20
Bundesliga,2020-03-07,Borussia Mönchengladbach,Borussia Dortmund,1,2,A,2019-20
Bundesliga,2020-03-07,Hertha Berlin,Werder Bremen,2,2,D,2019-20
Bundesliga,2020-03-07,SC Freiburg,1. FC Union Berlin,3,1,H,2019-20
Bundesliga,2020-03-07,Schalke 04,TSG Hoffenheim,1,1,D,2019-20
Bundesliga,2020-03-07,VfL Wolfsburg,RB Leipzig,0,0,D,2019-20
Bundesliga,2020-03-08,Bayern Munich,FC Augsburg,2,0,H,2019-20
Bundesliga,2020-03-08,Mainz,Fortuna Düsseldorf,1,1,D,2019-20
Bundesliga,2020-03-11,Borussia Mönchengladbach,FC Cologne,2,1,H,2019-20
Bundesliga,2020-05-16,Borussia Dortmund,Schalke 04,4,0,H,2019-20
Bundesliga,2020-05-16,Eintracht Frankfurt,Borussia Mönchengladbach,1,3,A,2019-20
Bundesliga,2020-05-16,FC Augsburg,VfL Wolfsburg,1,2,A,2019-20
Bundesliga,2020-05-16,Fortuna Düsseldorf,SC Paderborn 07,0,0,D,2019-20
Bundesliga,2020-05-16,RB Leipzig,SC Freiburg,1,1,D,2019-20
Bundesliga,2020-05-16,TSG Hoffenheim,Hertha Berlin,0,3,A,2019-20
Bundesliga,2020-05-17,1. FC Union Berlin,Bayern Munich,0,2,A,2019-20
Bundesliga,2020-05-17,FC Cologne,Mainz,2,2,D,2019-20
Bundesliga,2020-05-18,Werder Bremen,Bayer Leverkusen,1,4,A,2019-20
Bundesliga,2020-05-22,Hertha Berlin,1. FC Union Berlin,4,0,H,2019-20
Bundesliga,2020-05-23,Bayern Munich,Eintracht Frankfurt,5,2,H,2019-20
Bundesliga,2020-05-23,Borussia Mönchengladbach,Bayer Leverkusen,1,3,A,2019-20
Bundesliga,2020-05-23,SC Freiburg,Werder Bremen,0,1,A,2019-20
Bundesliga,2020-05-23,SC Paderborn 07,TSG Hoffenheim,1,1,D,2019-20
Bundesliga,2020-05-23,VfL Wolfsburg,Borussia Dortmund,0,2,A,2019-20
Bundesliga,2020-05-24,FC Cologne,Fortuna Düsseldorf,2,2,D,2019-20
Bundesliga,2020-05-24,Mainz,RB Leipzig,0,5,A,2019-20
Bundesliga,2020-05-24,Schalke 04,FC Augsburg,0,3,A,2019-20
Bundesliga,2020-05-26,Bayer Leverkusen,VfL Wolfsburg,1,4,A,2019-20
Bundesliga,2020-05-26,Borussia Dortmund,Bayern Munich,0,1,A,2019-20
Bundesliga,2020-05-26,Eintracht Frankfurt,SC Freiburg,3,3,D,2019-20
Bundesliga,2020-05-26,Werder Bremen,Borussia Mönchengladbach,0,0,D,2019-20
Bundesliga,2020-05-27,1. FC Union Berlin,Mainz,1,1,D,2019-20
Bundesliga,2020-05-27,FC Augsburg,SC Paderborn 07,0,0,D,2019-20
Bundesliga,2020-05-27,Fortuna Düsseldorf,Schalke 04,2,1,H,2019-20
Bundesliga,2020-05-27,RB Leipzig,Hertha Berlin,2,2,D,2019-20
Bundesliga,2020-05-27,TSG Hoffenheim,FC Cologne,3,1,H,2019-20
Bundesliga,2020-05-29,SC Freiburg,Bayer Leverkusen,0,1,A,2019-20
Bundesliga,2020-05-30,Bayern Munich,Fortuna Düsseldorf,5,0,H,2019-20
Bundesliga,2020-05-30,Hertha Berlin,FC Augsburg,2,0,H,2019-20
Bundesliga,2020-05-30,Mainz,TSG Hoffenheim,0,1,A,2019-20
Bundesliga,2020-05-30,Schalke 04,Werder Bremen,0,1,A,2019-20
Bundesliga,2020-05-30,VfL Wolfsburg,Eintracht Frankfurt,1,2,A,2019-20
Bundesliga,2020-05-31,Borussia Mönchengladbach,1. FC Union Berlin,4,1,H,2019-20
Bundesliga,2020-05-31,SC Paderborn 07,Borussia Dortmund,1,6,A,2019-20
Bundesliga,2020-06-01,FC Cologne,RB Leipzig,2,4,A,2019-20
Bundesliga,2020-06-03,Werder Bremen,Eintracht Frankfurt,0,3,A,2019-20
Bundesliga,2020-06-05,SC Freiburg,Borussia Mönchengladbach,1,0,H,2019-20
Bundesliga,2020-06-06,Bayer Leverkusen,Bayern Munich,2,4,A,2019-20
Bundesliga,2020-06-06,Borussia Dortmund,Hertha Berlin,1,0,H,2019-20
Bundesliga,2020-06-06,Eintracht Frankfurt,Mainz,0,2,A,2019-20
Bundesliga,2020-06-06,Fortuna Düsseldorf,TSG Hoffenheim,2,2,D,2019-20
Bundesliga,2020-06-06,RB Leipzig,SC Paderborn 07,1,1,D,2019-20
Bundesliga,2020-06-07,1. FC Union Berlin,Schalke 04,1,1,D,2019-20
Bundesliga,2020-06-07,FC Augsburg,FC Cologne,1,1,D,2019-20
Bundesliga,2020-06-07,Werder Bremen,VfL Wolfsburg,0,1,A,2019-20
Bundesliga,2020-06-12,TSG Hoffenheim,RB Leipzig,0,2,A,2019-20
Bundesliga,2020-06-13,Bayern Munich,Borussia Mönchengladbach,2,1,H,2019-20
Bundesliga,2020-06-13,FC Cologne,1. FC Union Berlin,1,2,A,2019-20
Bundesliga,2020-06-13,Fortuna Düsseldorf,Borussia Dortmund,0,1,A,2019-20
Bundesliga,2020-06-13,Hertha Berlin,Eintracht Frankfurt,1,4,A,2019-20
Bundesliga,2020-06-13,SC Paderborn 07,Werder Bremen,1,5,A,2019-20
Bundesliga,2020-06-13,VfL Wolfsburg,SC Freiburg,2,2,D,2019-20
Bundesliga,2020-06-14,Mainz,FC Augsburg,0,1,A,2019-20
Bundesliga,2020-06-14,Schalke 04,Bayer Leverkusen,1,1,D,2019-20
Bundesliga,2020-06-16,1. FC Union Berlin,SC Paderborn 07,1,0,H,2019-20
Bundesliga,2020-06-16,Borussia Mönchengladbach,VfL Wolfsburg,3,0,H,2019-20
Bundesliga,2020-06-16,SC Freiburg,Hertha Berlin,2,1,H,2019-20
Bundesliga,2020-06-16,Werder Bremen,Bayern Munich,0,1,A,2019-20
Bundesliga,2020-06-17,Bayer Leverkusen,FC Cologne,3,1,H,2019-20
Bundesliga,2020-06-17,Borussia Dortmund,Mainz,0,2,A,2019-20
Bundesliga,2020-06-17,Eintracht Frankfurt,Schalke 04,2,1,H,2019-20
Bundesliga,2020-06-17,FC Augsburg,TSG Hoffenheim,1,3,A,2019-20
Bundesliga,2020-06-17,RB Leipzig,Fortuna Düsseldorf,2,2,D,2019-20
Bundesliga,2020-06-20,Bayern Munich,SC Freiburg,3,1,H,2019-20
Bundesliga,2020-06-20,FC Cologne,Eintracht Frankfurt,1,1,D,2019-20
Bundesliga,2020-06-20,Fortuna Düsseldorf,FC Augsburg,1,1,D,2019-20
Bundesliga,2020-06-20,Hertha Berlin,Bayer Leverkusen,2,0,H,2019-20
Bundesliga,2020-06-20,Mainz,Werder Bremen,3,1,H,2019-20
Bundesliga,2020-06-20,RB Leipzig,Borussia Dortmund,0,2,A,2019-20
Bundesliga,2020-06-20,SC Paderborn 07,Borussia Mönchengladbach,1,3,A,2019-20
Bundesliga,2020-06-20,Schalke 04,VfL Wolfsburg,1,4,A,2019-20
Bundesliga,2020-06-20,TSG Hoffenheim,1. FC Union Berlin,4,0,H,2019-20
Bundesliga,2020-06-27,1. FC Union Berlin,Fortuna Düsseldorf,3,0,H,2019-20
Bundesliga,2020-06-27,Bayer Leverkusen,Mainz,1,0,H,2019-20
Bundesliga,2020-06-27,Borussia Dortmund,TSG Hoffenheim,0,4,A,2019-20
Bundesliga,2020-06-27,Borussia Mönchengladbach,Hertha Berlin,2,1,H,2019-20
Bundesliga,2020-06-27,Eintracht Frankfurt,SC Paderborn 07,3,2,H,2019-20
Bundesliga,2020-06-27,FC Augsburg,RB Leipzig,1,2,A,2019-20
Bundesliga,2020-06-27,SC Freiburg,Schalke 04,4,0,H,2019-20
Bundesliga,2020-06-27,VfL Wolfsburg,Bayern Munich,0,4,A,2019-20
Bundesliga,2020-06-27,Werder Bremen,FC Cologne,6,1,H,2019-20
Bundesliga,2020-09-18,Bayern Munich,Schalke 04,8,0,H,2020-21
Bundesliga,2020-09-19,1. FC Union Berlin,FC Augsburg,1,3,A,2020-21
Bundesliga,2020-09-19,Borussia Dortmund,Borussia Mönchengladbach,3,0,H,2020-21
Bundesliga,2020-09-19,Eintracht Frankfurt,Arminia Bielefeld,1,1,D,2020-21
Bundesliga,2020-09-19,FC Cologne,TSG Hoffenheim,2,3,A,2020-21
Bundesliga,2020-09-19,VfB Stuttgart,SC Freiburg,2,3,A,2020-21
Bundesliga,2020-09-19,Werder Bremen,Hertha Berlin,1,4,A,2020-21
Bundesliga,2020-09-20,RB Leipzig,Mainz,3,1,H,2020-21
Bundesliga,2020-09-20,VfL Wolfsburg,Bayer Leverkusen,0,0,D,2020-21
Bundesliga,2020-09-25,Hertha Berlin,Eintracht Frankfurt,1,3,A,2020-21
Bundesliga,2020-09-26,Arminia Bielefeld,FC Cologne,1,0,H,2020-21
Bundesliga,2020-09-26,Bayer Leverkusen,RB Leipzig,1,1,D,2020-21
Bundesliga,2020-09-26,Borussia Mönchengladbach,1. FC Union Berlin,1,1,D,2020-21
Bundesliga,2020-09-26,FC Augsburg,Borussia Dortmund,2,0,H,2020-21
Bundesliga,2020-09-26,Mainz,VfB Stuttgart,1,4,A,2020-21
Bundesliga,2020-09-26,Schalke 04,Werder Bremen,1,3,A,2020-21
Bundesliga,2020-09-27,SC Freiburg,VfL Wolfsburg,1,1,D,2020-21
Bundesliga,2020-09-27,TSG Hoffenheim,Bayern Munich,4,1,H,2020-21
Bundesliga,2020-10-02,1. FC Union Berlin,Mainz,4,0,H,2020-21
Bundesliga,2020-10-03,Borussia Dortmund,SC Freiburg,4,0,H,2020-21
Bundesliga,2020-10-03,Eintracht Frankfurt,TSG Hoffenheim,2,1,H,2020-21
Bundesliga,2020-10-03,FC Cologne,Borussia Mönchengladbach,1,3,A,2020-21
Bundesliga,2020-10-03,RB Leipzig,Schalke 04,4,0,H,2020-21
Bundesliga,2020-10-03,VfB Stuttgart,Bayer Leverkusen,1,1,D,2020-21
Bundesliga,2020-10-03,Werder Bremen,Arminia Bielefeld,1,0,H,2020-21
Bundesliga,2020-10-04,Bayern Munich,Hertha Berlin,4,3,H,2020-21
Bundesliga,2020-10-04,VfL Wolfsburg,FC Augsburg,0,0,D,2020-21
Bundesliga,2020-10-17,Arminia Bielefeld,Bayern Munich,1,4,A,2020-21
Bundesliga,2020-10-17,Borussia Mönchengladbach,VfL Wolfsburg,1,1,D,2020-21
Bundesliga,2020-10-17,FC Augsburg,RB Leipzig,0,2,A,2020-21
Bundesliga,2020-10-17,Hertha Berlin,VfB Stuttgart,0,2,A,2020-21
Bundesliga,2020-10-17,Mainz,Bayer Leverkusen,0,1,A,2020-21
Bundesliga,2020-10-17,SC Freiburg,Werder Bremen,1,1,D,2020-21
Bundesliga,2020-10-17,TSG Hoffenheim,Borussia Dortmund,0,1,A,2020-21
Bundesliga,2020-10-18,FC Cologne,Eintracht Frankfurt,1,1,D,2020-21
Bundesliga,2020-10-18,Schalke 04,1. FC Union Berlin,1,1,D,2020-21
Bundesliga,2020-10-23,VfB Stuttgart,FC Cologne,1,1,D,2020-21
Bundesliga,2020-10-24,1. FC Union Berlin,SC Freiburg,1,1,D,2020-21
Bundesliga,2020-10-24,Bayern Munich,Eintracht Frankfurt,5,0,H,2020-21
Bundesliga,2020-10-24,Borussia Dortmund,Schalke 04,3,0,H,2020-21
Bundesliga,2020-10-24,Mainz,Borussia Mönchengladbach,2,3,A,2020-21
Bundesliga,2020-10-24,RB Leipzig,Hertha Berlin,2,1,H,2020-21
Bundesliga,2020-10-25,VfL Wolfsburg,Arminia Bielefeld,2,1,H,2020-21
Bundesliga,2020-10-25,Werder Bremen,TSG Hoffenheim,1,1,D,2020-21
Bundesliga,2020-10-26,Bayer Leverkusen,FC Augsburg,3,1,H,2020-21
Bundesliga,2020-10-30,Schalke 04,VfB Stuttgart,1,1,D,2020-21
Bundesliga,2020-10-31,Arminia Bielefeld,Borussia Dortmund,0,2,A,2020-21
Bundesliga,2020-10-31,Borussia Mönchengladbach,RB Leipzig,1,0,H,2020-21
Bundesliga,2020-10-31,Eintracht Frankfurt,Werder Bremen,1,1,D,2020-21
Bundesliga,2020-10-31,FC Augsburg,Mainz,3,1,H,2020-21
Bundesliga,2020-10-31,FC Cologne,Bayern Munich,1,2,A,2020-21
Bundesliga,2020-11-01,Hertha Berlin,VfL Wolfsburg,1,1,D,2020-21
Bundesliga,2020-11-01,SC Freiburg,Bayer Leverkusen,2,4,A,2020-21
Bundesliga,2020-11-02,TSG Hoffenheim,1. FC Union Berlin,1,3,A,2020-21
Bundesliga,2020-11-06,Werder Bremen,FC Cologne,1,1,D,2020-21
Bundesliga,2020-11-07,1. FC Union Berlin,Arminia Bielefeld,5,0,H,2020-21
Bundesliga,2020-11-07,Borussia Dortmund,Bayern Munich,2,3,A,2020-21
Bundesliga,2020-11-07,FC Augsburg,Hertha Berlin,0,3,A,2020-21
Bundesliga,2020-11-07,Mainz,Schalke 04,2,2,D,2020-21
Bundesliga,2020-11-07,RB Leipzig,SC Freiburg,3,0,H,2020-21
Bundesliga,2020-11-07,VfB Stuttgart,Eintracht Frankfurt,2,2,D,2020-21
Bundesliga,2020-11-08,Bayer Leverkusen,Borussia Mönchengladbach,4,3,H,2020-21
Bundesliga,2020-11-08,VfL Wolfsburg,TSG Hoffenheim,2,1,H,2020-21
Bundesliga,2020-11-21,Arminia Bielefeld,Bayer Leverkusen,1,2,A,2020-21
Bundesliga,2020-11-21,Bayern Munich,Werder Bremen,1,1,D,2020-21
Bundesliga,2020-11-21,Borussia Mönchengladbach,FC Augsburg,1,1,D,2020-21
Bundesliga,2020-11-21,Eintracht Frankfurt,RB Leipzig,1,1,D,2020-21
Bundesliga,2020-11-21,Hertha Berlin,Borussia Dortmund,2,5,A,2020-21
Bundesliga,2020-11-21,Schalke 04,VfL Wolfsburg,0,2,A,2020-21
Bundesliga,2020-11-21,TSG Hoffenheim,VfB Stuttgart,3,3,D,2020-21
Bundesliga,2020-11-22,FC Cologne,1. FC Union Berlin,1,2,A,2020-21
Bundesliga,2020-11-22,SC Freiburg,Mainz,1,3,A,2020-21
Bundesliga,2020-11-27,VfL Wolfsburg,Werder Bremen,5,3,H,2020-21
Bundesliga,2020-11-28,1. FC Union Berlin,Eintracht Frankfurt,3,3,D,2020-21
Bundesliga,2020-11-28,Borussia Dortmund,FC Cologne,1,2,A,2020-21
Bundesliga,2020-11-28,Borussia Mönchengladbach,Schalke 04,4,1,H,2020-21
Bundesliga,2020-11-28,FC Augsburg,SC Freiburg,1,1,D,2020-21
Bundesliga,2020-11-28,RB Leipzig,Arminia Bielefeld,2,1,H,2020-21
Bundesliga,2020-11-28,VfB Stuttgart,Bayern Munich,1,3,A,2020-21
Bundesliga,2020-11-29,Bayer Leverkusen,Hertha Berlin,0,0,D,2020-21
Bundesliga,2020-11-29,Mainz,TSG Hoffenheim,1,1,D,2020-21
Bundesliga,2020-12-04,Hertha Berlin,1. FC Union Berlin,3,1,H,2020-21
Bundesliga,2020-12-05,Arminia Bielefeld,Mainz,2,1,H,2020-21
Bundesliga,2020-12-05,Bayern Munich,RB Leipzig,3,3,D,2020-21
Bundesliga,2020-12-05,Eintracht Frankfurt,Borussia Dortmund,1,1,D,2020-21
Bundesliga,2020-12-05,FC Cologne,VfL Wolfsburg,2,2,D,2020-21
Bundesliga,2020-12-05,SC Freiburg,Borussia Mönchengladbach,2,2,D,2020-21
Bundesliga,2020-12-06,Schalke 04,Bayer Leverkusen,0,3,A,2020-21
Bundesliga,2020-12-06,Werder Bremen,VfB Stuttgart,1,2,A,2020-21
Bundesliga,2020-12-07,TSG Hoffenheim,FC Augsburg,3,1,H,2020-21
Bundesliga,2020-12-11,VfL Wolfsburg,Eintracht Frankfurt,2,1,H,2020-21
Bundesliga,2020-12-12,1. FC Union Berlin,Bayern Munich,1,1,D,2020-21
Bundesliga,2020-12-12,Borussia Dortmund,VfB Stuttgart,1,5,A,2020-21
Bundesliga,2020-12-12,Borussia Mönchengladbach,Hertha Berlin,1,1,D,2020-21
Bundesliga,2020-12-12,Mainz,FC Cologne,0,1,A,2020-21
Bundesliga,2020-12-12,RB Leipzig,Werder Bremen,2,0,H,2020-21
Bundesliga,2020-12-12,SC Freiburg,Arminia Bielefeld,2,0,H,2020-21
Bundesliga,2020-12-13,Bayer Leverkusen,TSG Hoffenheim,4,1,H,2020-21
Bundesliga,2020-12-13,FC Augsburg,Schalke 04,2,2,D,2020-21
Bundesliga,2020-12-15,Eintracht Frankfurt,Borussia Mönchengladbach,3,3,D,2020-21
Bundesliga,2020-12-15,Hertha Berlin,Mainz,0,0,D,2020-21
Bundesliga,2020-12-15,VfB Stuttgart,1. FC Union Berlin,2,2,D,2020-21
Bundesliga,2020-12-15,Werder Bremen,Borussia Dortmund,1,2,A,2020-21
Bundesliga,2020-12-16,Arminia Bielefeld,FC Augsburg,0,1,A,2020-21
Bundesliga,2020-12-16,Bayern Munich,VfL Wolfsburg,2,1,H,2020-21
Bundesliga,2020-12-16,FC Cologne,Bayer Leverkusen,0,4,A,2020-21
Bundesliga,2020-12-16,Schalke 04,SC Freiburg,0,2,A,2020-21
Bundesliga,2020-12-16,TSG Hoffenheim,RB Leipzig,0,1,A,2020-21
Bundesliga,2020-12-18,1. FC Union Berlin,Borussia Dortmund,2,1,H,2020-21
Bundesliga,2020-12-19,Bayer Leverkusen,Bayern Munich,1,2,A,2020-21
Bundesliga,2020-12-19,Borussia Mönchengladbach,TSG Hoffenheim,1,2,A,2020-21
Bundesliga,2020-12-19,FC Augsburg,Eintracht Frankfurt,0,2,A,2020-21
Bundesliga,2020-12-19,Mainz,Werder Bremen,0,1,A,2020-21
Bundesliga,2020-12-19,RB Leipzig,FC Cologne,0,0,D,2020-21
Bundesliga,2020-12-19,Schalke 04,Arminia Bielefeld,0,1,A,2020-21
Bundesliga,2020-12-20,SC Freiburg,Hertha Berlin,4,1,H,2020-21
Bundesliga,2020-12-20,VfL Wolfsburg,VfB Stuttgart,1,0,H,2020-21
Bundesliga,2021-01-02,Arminia Bielefeld,Borussia Mönchengladbach,0,1,A,2020-21
Bundesliga,2021-01-02,Eintracht Frankfurt,Bayer Leverkusen,2,1,H,2020-21
Bundesliga,2021-01-02,FC Cologne,FC Augsburg,0,1,A,2020-21
Bundesliga,2021-01-02,Hertha Berlin,Schalke 04,3,0,H,2020-21
Bundesliga,2021-01-02,TSG Hoffenheim,SC Freiburg,1,3,A,2020-21
Bundesliga,2021-01-02,VfB Stuttgart,RB Leipzig,0,1,A,2020-21
Bundesliga,2021-01-02,Werder Bremen,1. FC Union Berlin,0,2,A,2020-21
Bundesliga,2021-01-03,Bayern Munich,Mainz,5,2,H,2020-21
Bundesliga,2021-01-03,Borussia Dortmund,VfL Wolfsburg,2,0,H,2020-21
Bundesliga,2021-01-08,Borussia Mönchengladbach,Bayern Munich,3,2,H,2020-21
Bundesliga,2021-01-09,1. FC Union Berlin,VfL Wolfsburg,2,2,D,2020-21
Bundesliga,2021-01-09,Bayer Leverkusen,Werder Bremen,1,1,D,2020-21
Bundesliga,2021-01-09,Mainz,Eintracht Frankfurt,0,2,A,2020-21
Bundesliga,2021-01-09,RB Leipzig,Borussia Dortmund,1,3,A,2020-21
Bundesliga,2021-01-09,SC Freiburg,FC Cologne,5,0,H,2020-21
Bundesliga,2021-01-09,Schalke 04,TSG Hoffenheim,4,0,H,2020-21
Bundesliga,2021-01-10,Arminia Bielefeld,Hertha Berlin,1,0,H,2020-21
Bundesliga,2021-01-10,FC Augsburg,VfB Stuttgart,1,4,A,2020-21
Bundesliga,2021-01-15,1. FC Union Berlin,Bayer Leverkusen,1,0,H,2020-21
Bundesliga,2021-01-16,Borussia Dortmund,Mainz,1,1,D,2020-21
Bundesliga,2021-01-16,FC Cologne,Hertha Berlin,0,0,D,2020-21
Bundesliga,2021-01-16,TSG Hoffenheim,Arminia Bielefeld,0,0,D,2020-21
Bundesliga,2021-01-16,VfB Stuttgart,Borussia Mönchengladbach,2,2,D,2020-21
Bundesliga,2021-01-16,VfL Wolfsburg,RB Leipzig,2,2,D,2020-21
Bundesliga,2021-01-16,Werder Bremen,FC Augsburg,2,0,H,2020-21
Bundesliga,2021-01-17,Bayern Munich,SC Freiburg,2,1,H,2020-21
Bundesliga,2021-01-17,Eintracht Frankfurt,Schalke 04,3,1,H,2020-21
Bundesliga,2021-01-19,Bayer Leverkusen,Borussia Dortmund,2,1,H,2020-21
Bundesliga,2021-01-19,Borussia Mönchengladbach,Werder Bremen,1,0,H,2020-21
Bundesliga,2021-01-19,Hertha Berlin,TSG Hoffenheim,0,3,A,2020-21
Bundesliga,2021-01-19,Mainz,VfL Wolfsburg,0,2,A,2020-21
Bundesliga,2021-01-20,Arminia Bielefeld,VfB Stuttgart,3,0,H,2020-21
Bundesliga,2021-01-20,FC Augsburg,Bayern Munich,0,1,A,2020-21
Bundesliga,2021-01-20,RB Leipzig,1. FC Union Berlin,1,0,H,2020-21
Bundesliga,2021-01-20,SC Freiburg,Eintracht Frankfurt,2,2,D,2020-21
Bundesliga,2021-01-20,Schalke 04,FC Cologne,1,2,A,2020-21
Bundesliga,2021-01-22,Borussia Mönchengladbach,Borussia Dortmund,4,2,H,2020-21
Bundesliga,2021-01-23,Arminia Bielefeld,Eintracht Frankfurt,1,5,A,2020-21
Bundesliga,2021-01-23,Bayer Leverkusen,VfL Wolfsburg,0,1,A,2020-21
Bundesliga,2021-01-23,FC Augsburg,1. FC Union Berlin,2,1,H,2020-21
Bundesliga,2021-01-23,Hertha Berlin,Werder Bremen,1,4,A,2020-21
Bundesliga,2021-01-23,Mainz,RB Leipzig,3,2,H,2020-21
Bundesliga,2021-01-23,SC Freiburg,VfB Stuttgart,2,1,H,2020-21
Bundesliga,2021-01-24,Schalke 04,Bayern Munich,0,4,A,2020-21
Bundesliga,2021-01-24,TSG Hoffenheim,FC Cologne,3,0,H,2020-21
Bundesliga,2021-01-29,VfB Stuttgart,Mainz,2,0,H,2020-21
Bundesliga,2021-01-30,1. FC Union Berlin,Borussia Mönchengladbach,1,1,D,2020-21
Bundesliga,2021-01-30,Bayern Munich,TSG Hoffenheim,4,1,H,2020-21
Bundesliga,2021-01-30,Borussia Dortmund,FC Augsburg,3,1,H,2020-21
Bundesliga,2021-01-30,Eintracht Frankfurt,Hertha Berlin,3,1,H,2020-21
Bundesliga,2021-01-30,RB Leipzig,Bayer Leverkusen,1,0,H,2020-21
Bundesliga,2021-01-30,Werder Bremen,Schalke 04,1,1,D,2020-21
Bundesliga,2021-01-31,FC Cologne,Arminia Bielefeld,3,1,H,2020-21
Bundesliga,2021-01-31,VfL Wolfsburg,SC Freiburg,3,0,H,2020-21
Bundesliga,2021-02-05,Hertha Berlin,Bayern Munich,0,1,A,2020-21
Bundesliga,2021-02-06,Bayer Leverkusen,VfB Stuttgart,5,2,H,2020-21
Bundesliga,2021-02-06,Borussia Mönchengladbach,FC Cologne,1,2,A,2020-21
Bundesliga,2021-02-06,FC Augsburg,VfL Wolfsburg,0,2,A,2020-21
Bundesliga,2021-02-06,Mainz,1. FC Union Berlin,1,0,H,2020-21
Bundesliga,2021-02-06,SC Freiburg,Borussia Dortmund,2,1,H,2020-21
Bundesliga,2021-02-06,Schalke 04,RB Leipzig,0,3,A,2020-21
Bundesliga,2021-02-07,TSG Hoffenheim,Eintracht Frankfurt,1,3,A,2020-21
Bundesliga,2021-02-12,RB Leipzig,FC Augsburg,2,1,H,2020-21
Bundesliga,2021-02-13,1. FC Union Berlin,Schalke 04,0,0,D,2020-21
Bundesliga,2021-02-13,Bayer Leverkusen,Mainz,2,2,D,2020-21
Bundesliga,2021-02-13,Borussia Dortmund,TSG Hoffenheim,2,2,D,2020-21
Bundesliga,2021-02-13,VfB Stuttgart,Hertha Berlin,1,1,D,2020-21
Bundesliga,2021-02-13,Werder Bremen,SC Freiburg,0,0,D,2020-21
Bundesliga,2021-02-14,Eintracht Frankfurt,FC Cologne,2,0,H,2020-21
Bundesliga,2021-02-14,VfL Wolfsburg,Borussia Mönchengladbach,0,0,D,2020-21
Bundesliga,2021-02-15,Bayern Munich,Arminia Bielefeld,3,3,D,2020-21
Bundesliga,2021-02-19,Arminia Bielefeld,VfL Wolfsburg,0,3,A,2020-21
Bundesliga,2021-02-20,Borussia Mönchengladbach,Mainz,1,2,A,2020-21
Bundesliga,2021-02-20,Eintracht Frankfurt,Bayern Munich,2,1,H,2020-21
Bundesliga,2021-02-20,FC Cologne,VfB Stuttgart,0,1,A,2020-21
Bundesliga,2021-02-20,SC Freiburg,1. FC Union Berlin,0,1,A,2020-21
Bundesliga,2021-02-20,Schalke 04,Borussia Dortmund,0,4,A,2020-21
Bundesliga,2021-02-21,FC Augsburg,Bayer Leverkusen,1,1,D,2020-21
Bundesliga,2021-02-21,Hertha Berlin,RB Leipzig,0,3,A,2020-21
Bundesliga,2021-02-21,TSG Hoffenheim,Werder Bremen,4,0,H,2020-21
Bundesliga,2021-02-26,Werder Bremen,Eintracht Frankfurt,2,1,H,2020-21
Bundesliga,2021-02-27,Bayern Munich,FC Cologne,5,1,H,2020-21
Bundesliga,2021-02-27,Borussia Dortmund,Arminia Bielefeld,3,0,H,2020-21
Bundesliga,2021-02-27,RB Leipzig,Borussia Mönchengladbach,3,2,H,2020-21
Bundesliga,2021-02-27,VfB Stuttgart,Schalke 04,5,1,H,2020-21
Bundesliga,2021-02-27,VfL Wolfsburg,Hertha Berlin,2,0,H,2020-21
Bundesliga,2021-02-28,1. FC Union Berlin,TSG Hoffenheim,1,1,D,2020-21
Bundesliga,2021-02-28,Bayer Leverkusen,SC Freiburg,1,2,A,2020-21
Bundesliga,2021-02-28,Mainz,FC Augsburg,0,1,A,2020-21
Bundesliga,2021-03-05,Schalke 04,Mainz,0,0,D,2020-21
Bundesliga,2021-03-06,Bayern Munich,Borussia Dortmund,4,2,H,2020-21
Bundesliga,2021-03-06,Borussia Mönchengladbach,Bayer Leverkusen,0,1,A,2020-21
Bundesliga,2021-03-06,Eintracht Frankfurt,VfB Stuttgart,1,1,D,2020-21
Bundesliga,2021-03-06,Hertha Berlin,FC Augsburg,2,1,H,2020-21
Bundesliga,2021-03-06,SC Freiburg,RB Leipzig,0,3,A,2020-21
Bundesliga,2021-03-06,TSG Hoffenheim,VfL Wolfsburg,2,1,H,2020-21
Bundesliga,2021-03-07,Arminia Bielefeld,1. FC Union Berlin,0,0,D,2020-21
Bundesliga,2021-03-07,FC Cologne,Werder Bremen,1,1,D,2020-21
Bundesliga,2021-03-10,Arminia Bielefeld,Werder Bremen,0,2,A,2020-21
Bundesliga,2021-03-12,FC Augsburg,Borussia Mönchengladbach,3,1,H,2020-21
Bundesliga,2021-03-13,1. FC Union Berlin,FC Cologne,2,1,H,2020-21
Bundesliga,2021-03-13,Borussia Dortmund,Hertha Berlin,2,0,H,2020-21
Bundesliga,2021-03-13,Mainz,SC Freiburg,1,0,H,2020-21
Bundesliga,2021-03-13,VfL Wolfsburg,Schalke 04,5,0,H,2020-21
Bundesliga,2021-03-13,Werder Bremen,Bayern Munich,1,3,A,2020-21
Bundesliga,2021-03-14,Bayer Leverkusen,Arminia Bielefeld,1,2,A,2020-21
Bundesliga,2021-03-14,RB Leipzig,Eintracht Frankfurt,1,1,D,2020-21
Bundesliga,2021-03-14,VfB Stuttgart,TSG Hoffenheim,2,0,H,2020-21
Bundesliga,2021-03-19,Arminia Bielefeld,RB Leipzig,0,1,A,2020-21
Bundesliga,2021-03-20,Bayern Munich,VfB Stuttgart,4,0,H,2020-21
Bundesliga,2021-03-20,Eintracht Frankfurt,1. FC Union Berlin,5,2,H,2020-21
Bundesliga,2021-03-20,FC Cologne,Borussia Dortmund,2,2,D,2020-21
Bundesliga,2021-03-20,Schalke 04,Borussia Mönchengladbach,0,3,A,2020-21
Bundesliga,2021-03-20,Werder Bremen,VfL Wolfsburg,1,2,A,2020-21
Bundesliga,2021-03-21,Hertha Berlin,Bayer Leverkusen,3,0,H,2020-21
Bundesliga,2021-03-21,SC Freiburg,FC Augsburg,2,0,H,2020-21
Bundesliga,2021-03-21,TSG Hoffenheim,Mainz,1,2,A,2020-21
Bundesliga,2021-04-03,Bayer Leverkusen,Schalke 04,2,1,H,2020-21
Bundesliga,2021-04-03,Borussia Dortmund,Eintracht Frankfurt,1,2,A,2020-21
Bundesliga,2021-04-03,Borussia Mönchengladbach,SC Freiburg,2,1,H,2020-21
Bundesliga,2021-04-03,FC Augsburg,TSG Hoffenheim,2,1,H,2020-21
Bundesliga,2021-04-03,Mainz,Arminia Bielefeld,1,1,D,2020-21
Bundesliga,2021-04-03,RB Leipzig,Bayern Munich,0,1,A,2020-21
Bundesliga,2021-04-03,VfL Wolfsburg,FC Cologne,1,0,H,2020-21
Bundesliga,2021-04-04,1. FC Union Berlin,Hertha Berlin,1,1,D,2020-21
Bundesliga,2021-04-04,VfB Stuttgart,Werder Bremen,1,0,H,2020-21
Bundesliga,2021-04-09,Arminia Bielefeld,SC Freiburg,1,0,H,2020-21
Bundesliga,2021-04-10,Bayern Munich,1. FC Union Berlin,1,1,D,2020-21
Bundesliga,2021-04-10,Eintracht Frankfurt,VfL Wolfsburg,4,3,H,2020-21
Bundesliga,2021-04-10,Hertha Berlin,Borussia Mönchengladbach,2,2,D,2020-21
Bundesliga,2021-04-10,VfB Stuttgart,Borussia Dortmund,2,3,A,2020-21
Bundesliga,2021-04-10,Werder Bremen,RB Leipzig,1,4,A,2020-21
Bundesliga,2021-04-11,FC Cologne,Mainz,2,3,A,2020-21
Bundesliga,2021-04-11,Schalke 04,FC Augsburg,1,0,H,2020-21
Bundesliga,2021-04-12,TSG Hoffenheim,Bayer Leverkusen,0,0,D,2020-21
Bundesliga,2021-04-16,RB Leipzig,TSG Hoffenheim,0,0,D,2020-21
Bundesliga,2021-04-17,1. FC Union Berlin,VfB Stuttgart,2,1,H,2020-21
Bundesliga,2021-04-17,Bayer Leverkusen,FC Cologne,3,0,H,2020-21
Bundesliga,2021-04-17,Borussia Mönchengladbach,Eintracht Frankfurt,4,0,H,2020-21
Bundesliga,2021-04-17,FC Augsburg,Arminia Bielefeld,0,0,D,2020-21
Bundesliga,2021-04-17,SC Freiburg,Schalke 04,4,0,H,2020-21
Bundesliga,2021-04-17,VfL Wolfsburg,Bayern Munich,2,3,A,2020-21
Bundesliga,2021-04-18,Borussia Dortmund,Werder Bremen,4,1,H,2020-21
Bundesliga,2021-04-20,Arminia Bielefeld,Schalke 04,1,0,H,2020-21
Bundesliga,2021-04-20,Bayern Munich,Bayer Leverkusen,2,0,H,2020-21
Bundesliga,2021-04-20,Eintracht Frankfurt,FC Augsburg,2,0,H,2020-21
Bundesliga,2021-04-20,FC Cologne,RB Leipzig,2,1,H,2020-21
Bundesliga,2021-04-21,Borussia Dortmund,1. FC Union Berlin,2,0,H,2020-21
Bundesliga,2021-04-21,TSG Hoffenheim,Borussia Mönchengladbach,3,2,H,2020-21
Bundesliga,2021-04-21,VfB Stuttgart,VfL Wolfsburg,1,3,A,2020-21
Bundesliga,2021-04-21,Werder Bremen,Mainz,0,1,A,2020-21
Bundesliga,2021-04-23,FC Augsburg,FC Cologne,2,3,A,2020-21
Bundesliga,2021-04-24,1. FC Union Berlin,Werder Bremen,3,1,H,2020-21
Bundesliga,2021-04-24,Bayer Leverkusen,Eintracht Frankfurt,3,1,H,2020-21
Bundesliga,2021-04-24,Mainz,Bayern Munich,2,1,H,2020-21
Bundesliga,2021-04-24,SC Freiburg,TSG Hoffenheim,1,1,D,2020-21
Bundesliga,2021-04-24,VfL Wolfsburg,Borussia Dortmund,0,2,A,2020-21
Bundesliga,2021-04-25,Borussia Mönchengladbach,Arminia Bielefeld,5,0,H,2020-21
Bundesliga,2021-04-25,RB Leipzig,VfB Stuttgart,2,0,H,2020-21
Bundesliga,2021-05-03,Mainz,Hertha Berlin,1,1,D,2020-21
Bundesliga,2021-05-06,Hertha Berlin,SC Freiburg,3,0,H,2020-21
Bundesliga,2021-05-07,VfB Stuttgart,FC Augsburg,2,1,H,2020-21
Bundesliga,2021-05-08,Bayern Munich,Borussia Mönchengladbach,6,0,H,2020-21
Bundesliga,2021-05-08,Borussia Dortmund,RB Leipzig,3,2,H,2020-21
Bundesliga,2021-05-08,TSG Hoffenheim,Schalke 04,4,2,H,2020-21
Bundesliga,2021-05-08,VfL Wolfsburg,1. FC Union Berlin,3,0,H,2020-21
Bundesliga,2021-05-08,Werder Bremen,Bayer Leverkusen,0,0,D,2020-21
Bundesliga,2021-05-09,Eintracht Frankfurt,Mainz,1,1,D,2020-21
Bundesliga,2021-05-09,FC Cologne,SC Freiburg,1,4,A,2020-21
Bundesliga,2021-05-09,Hertha Berlin,Arminia Bielefeld,0,0,D,2020-21
Bundesliga,2021-05-12,Schalke 04,Hertha Berlin,1,2,A,2020-21
Bundesliga,2021-05-15,Arminia Bielefeld,TSG Hoffenheim,1,1,D,2020-21
Bundesliga,2021-05-15,Bayer Leverkusen,1. FC Union Berlin,1,1,D,2020-21
Bundesliga,2021-05-15,Borussia Mönchengladbach,VfB Stuttgart,1,2,A,2020-21
Bundesliga,2021-05-15,FC Augsburg,Werder Bremen,2,0,H,2020-21
Bundesliga,2021-05-15,Hertha Berlin,FC Cologne,0,0,D,2020-21
Bundesliga,2021-05-15,SC Freiburg,Bayern Munich,2,2,D,2020-21
Bundesliga,2021-05-15,Schalke 04,Eintracht Frankfurt,4,3,H,2020-21
Bundesliga,2021-05-16,Mainz,Borussia Dortmund,1,3,A,2020-21
Bundesliga,2021-05-16,RB Leipzig,VfL Wolfsburg,2,2,D,2020-21
Bundesliga,2021-05-22,1. FC Union Berlin,RB Leipzig,2,1,H,2020-21
Bundesliga,2021-05-22,Bayern Munich,FC Augsburg,5,2,H,2020-21
Bundesliga,2021-05-22,Borussia Dortmund,Bayer Leverkusen,3,1,H,2020-21
Bundesliga,2021-05-22,Eintracht Frankfurt,SC Freiburg,3,1,H,2020-21
Bundesliga,2021-05-22,FC Cologne,Schalke 04,1,0,H,2020-21
Bundesliga,2021-05-22,TSG Hoffenheim,Hertha Berlin,2,1,H,2020-21
Bundesliga,2021-05-22,VfB Stuttgart,Arminia Bielefeld,0,2,A,2020-21
Bundesliga,2021-05-22,VfL Wolfsburg,Mainz,2,3,A,2020-21
Bundesliga,2021-05-22,Werder Bremen,Borussia Mönchengladbach,2,4,A,2020-21
Bundesliga,2021-08-13,Borussia Mönchengladbach,Bayern Munich,1,1,D,2021-22
Bundesliga,2021-08-14,1. FC Union Berlin,Bayer Leverkusen,1,1,D,2021-22
Bundesliga,2021-08-14,Arminia Bielefeld,SC Freiburg,0,0,D,2021-22
Bundesliga,2021-08-14,Borussia Dortmund,Eintracht Frankfurt,5,2,H,2021-22
Bundesliga,2021-08-14,FC Augsburg,TSG Hoffenheim,0,4,A,2021-22
Bundesliga,2021-08-14,VfB Stuttgart,SpVgg Greuther Fürth,5,1,H,2021-22
Bundesliga,2021-08-14,VfL Wolfsburg,VfL Bochum,1,0,H,2021-22
Bundesliga,2021-08-15,FC Cologne,Hertha Berlin,3,1,H,2021-22
Bundesliga,2021-08-15,Mainz,RB Leipzig,1,0,H,2021-22
Bundesliga,2021-08-20,RB Leipzig,VfB Stuttgart,4,0,H,2021-22
Bundesliga,2021-08-21,Bayer Leverkusen,Borussia Mönchengladbach,4,0,H,2021-22
Bundesliga,2021-08-21,Eintracht Frankfurt,FC Augsburg,0,0,D,2021-22
Bundesliga,2021-08-21,Hertha Berlin,VfL Wolfsburg,1,2,A,2021-22
Bundesliga,2021-08-21,SC Freiburg,Borussia Dortmund,2,1,H,2021-22
Bundesliga,2021-08-21,SpVgg Greuther Fürth,Arminia Bielefeld,1,1,D,2021-22
Bundesliga,2021-08-21,VfL Bochum,Mainz,2,0,H,2021-22
Bundesliga,2021-08-22,Bayern Munich,FC Cologne,3,2,H,2021-22
Bundesliga,2021-08-22,TSG Hoffenheim,1. FC Union Berlin,2,2,D,2021-22
Bundesliga,2021-08-27,Borussia Dortmund,TSG Hoffenheim,3,2,H,2021-22
Bundesliga,2021-08-28,Arminia Bielefeld,Eintracht Frankfurt,1,1,D,2021-22
Bundesliga,2021-08-28,Bayern Munich,Hertha Berlin,5,0,H,2021-22
Bundesliga,2021-08-28,FC Augsburg,Bayer Leverkusen,1,4,A,2021-22
Bundesliga,2021-08-28,FC Cologne,VfL Bochum,2,1,H,2021-22
Bundesliga,2021-08-28,Mainz,SpVgg Greuther Fürth,3,0,H,2021-22
Bundesliga,2021-08-28,VfB Stuttgart,SC Freiburg,2,3,A,2021-22
Bundesliga,2021-08-29,1. FC Union Berlin,Borussia Mönchengladbach,2,1,H,2021-22
Bundesliga,2021-08-29,VfL Wolfsburg,RB Leipzig,1,0,H,2021-22
Bundesliga,2021-09-11,1. FC Union Berlin,FC Augsburg,0,0,D,2021-22
Bundesliga,2021-09-11,Bayer Leverkusen,Borussia Dortmund,3,4,A,2021-22
Bundesliga,2021-09-11,RB Leipzig,Bayern Munich,1,4,A,2021-22
Bundesliga,2021-09-11,SC Freiburg,FC Cologne,1,1,D,2021-22
Bundesliga,2021-09-11,SpVgg Greuther Fürth,VfL Wolfsburg,0,2,A,2021-22
Bundesliga,2021-09-11,TSG Hoffenheim,Mainz,0,2,A,2021-22
Bundesliga,2021-09-12,Borussia Mönchengladbach,Arminia Bielefeld,3,1,H,2021-22
Bundesliga,2021-09-12,Eintracht Frankfurt,VfB Stuttgart,1,1,D,2021-22
Bundesliga,2021-09-12,VfL Bochum,Hertha Berlin,1,3,A,2021-22
Bundesliga,2021-09-17,Hertha Berlin,SpVgg Greuther Fürth,2,1,H,2021-22
Bundesliga,2021-09-18,Arminia Bielefeld,TSG Hoffenheim,0,0,D,2021-22
Bundesliga,2021-09-18,Bayern Munich,VfL Bochum,7,0,H,2021-22
Bundesliga,2021-09-18,FC Augsburg,Borussia Mönchengladbach,1,0,H,2021-22
Bundesliga,2021-09-18,FC Cologne,RB Leipzig,1,1,D,2021-22
Bundesliga,2021-09-18,Mainz,SC Freiburg,0,0,D,2021-22
Bundesliga,2021-09-19,Borussia Dortmund,1. FC Union Berlin,4,2,H,2021-22
Bundesliga,2021-09-19,VfB Stuttgart,Bayer Leverkusen,1,3,A,2021-22
Bundesliga,2021-09-19,VfL Wolfsburg,Eintracht Frankfurt,1,1,D,2021-22
Bundesliga,2021-09-24,SpVgg Greuther Fürth,Bayern Munich,1,3,A,2021-22
Bundesliga,2021-09-25,1. FC Union Berlin,Arminia Bielefeld,1,0,H,2021-22
Bundesliga,2021-09-25,Bayer Leverkusen,Mainz,1,0,H,2021-22
Bundesliga,2021-09-25,Borussia Mönchengladbach,Borussia Dortmund,1,0,H,2021-22
Bundesliga,2021-09-25,Eintracht Frankfurt,FC Cologne,1,1,D,2021-22
Bundesliga,2021-09-25,RB Leipzig,Hertha Berlin,6,0,H,2021-22
Bundesliga,2021-09-25,TSG Hoffenheim,VfL Wolfsburg,3,1,H,2021-22
Bundesliga,2021-09-26,SC Freiburg,FC Augsburg,3,0,H,2021-22
Bundesliga,2021-09-26,VfL Bochum,VfB Stuttgart,0,0,D,2021-22
Bundesliga,2021-10-01,FC Cologne,SpVgg Greuther Fürth,3,1,H,2021-22
Bundesliga,2021-10-02,Borussia Dortmund,FC Augsburg,2,1,H,2021-22
Bundesliga,2021-10-02,Hertha Berlin,SC Freiburg,1,2,A,2021-22
Bundesliga,2021-10-02,RB Leipzig,VfL Bochum,3,0,H,2021-22
Bundesliga,2021-10-02,VfB Stuttgart,TSG Hoffenheim,3,1,H,2021-22
Bundesliga,2021-10-02,VfL Wolfsburg,Borussia Mönchengladbach,1,3,A,2021-22
Bundesliga,2021-10-03,Arminia Bielefeld,Bayer Leverkusen,0,4,A,2021-22
Bundesliga,2021-10-03,Bayern Munich,Eintracht Frankfurt,1,2,A,2021-22
Bundesliga,2021-10-03,Mainz,1. FC Union Berlin,1,2,A,2021-22
Bundesliga,2021-10-15,TSG Hoffenheim,FC Cologne,5,0,H,2021-22
Bundesliga,2021-10-16,1. FC Union Berlin,VfL Wolfsburg,2,0,H,2021-22
Bundesliga,2021-10-16,Borussia Dortmund,Mainz,3,1,H,2021-22
Bundesliga,2021-10-16,Borussia Mönchengladbach,VfB Stuttgart,1,1,D,2021-22
Bundesliga,2021-10-16,Eintracht Frankfurt,Hertha Berlin,1,2,A,2021-22
Bundesliga,2021-10-16,SC Freiburg,RB Leipzig,1,1,D,2021-22
Bundesliga,2021-10-16,SpVgg Greuther Fürth,VfL Bochum,0,1,A,2021-22
Bundesliga,2021-10-17,Bayer Leverkusen,Bayern Munich,1,5,A,2021-22
Bundesliga,2021-10-17,FC Augsburg,Arminia Bielefeld,1,1,D,2021-22
Bundesliga,2021-10-22,Mainz,FC Augsburg,4,1,H,2021-22
Bundesliga,2021-10-23,Arminia Bielefeld,Borussia Dortmund,1,3,A,2021-22
Bundesliga,2021-10-23,Bayern Munich,TSG Hoffenheim,4,0,H,2021-22
Bundesliga,2021-10-23,Hertha Berlin,Borussia Mönchengladbach,1,0,H,2021-22
Bundesliga,2021-10-23,RB Leipzig,SpVgg Greuther Fürth,4,1,H,2021-22
Bundesliga,2021-10-23,VfL Wolfsburg,SC Freiburg,0,2,A,2021-22
Bundesliga,2021-10-24,FC Cologne,Bayer Leverkusen,2,2,D,2021-22
Bundesliga,2021-10-24,VfB Stuttgart,1. FC Union Berlin,1,1,D,2021-22
Bundesliga,2021-10-24,VfL Bochum,Eintracht Frankfurt,2,0,H,2021-22
Bundesliga,2021-10-29,TSG Hoffenheim,Hertha Berlin,2,0,H,2021-22
Bundesliga,2021-10-30,1. FC Union Berlin,Bayern Munich,2,5,A,2021-22
Bundesliga,2021-10-30,Arminia Bielefeld,Mainz,1,2,A,2021-22
Bundesliga,2021-10-30,Bayer Leverkusen,VfL Wolfsburg,0,2,A,2021-22
Bundesliga,2021-10-30,Borussia Dortmund,FC Cologne,2,0,H,2021-22
Bundesliga,2021-10-30,Eintracht Frankfurt,RB Leipzig,1,1,D,2021-22
Bundesliga,2021-10-30,SC Freiburg,SpVgg Greuther Fürth,3,1,H,2021-22
Bundesliga,2021-10-31,Borussia Mönchengladbach,VfL Bochum,2,1,H,2021-22
Bundesliga,2021-10-31,FC Augsburg,VfB Stuttgart,4,1,H,2021-22
Bundesliga,2021-11-05,Mainz,Borussia Mönchengladbach,1,1,D,2021-22
Bundesliga,2021-11-06,Bayern Munich,SC Freiburg,2,1,H,2021-22
Bundesliga,2021-11-06,RB Leipzig,Borussia Dortmund,2,1,H,2021-22
Bundesliga,2021-11-06,VfB Stuttgart,Arminia Bielefeld,0,1,A,2021-22
Bundesliga,2021-11-06,VfL Bochum,TSG Hoffenheim,2,0,H,2021-22
Bundesliga,2021-11-06,VfL Wolfsburg,FC Augsburg,1,0,H,2021-22
Bundesliga,2021-11-07,FC Cologne,1. FC Union Berlin,2,2,D,2021-22
Bundesliga,2021-11-07,Hertha Berlin,Bayer Leverkusen,1,1,D,2021-22
Bundesliga,2021-11-07,SpVgg Greuther Fürth,Eintracht Frankfurt,1,2,A,2021-22
Bundesliga,2021-11-19,FC Augsburg,Bayern Munich,2,1,H,2021-22
Bundesliga,2021-11-20,1. FC Union Berlin,Hertha Berlin,2,0,H,2021-22
Bundesliga,2021-11-20,Arminia Bielefeld,VfL Wolfsburg,2,2,D,2021-22
Bundesliga,2021-11-20,Bayer Leverkusen,VfL Bochum,1,0,H,2021-22
Bundesliga,2021-11-20,Borussia Dortmund,VfB Stuttgart,2,1,H,2021-22
Bundesliga,2021-11-20,Borussia Mönchengladbach,SpVgg Greuther Fürth,4,0,H,2021-22
Bundesliga,2021-11-20,TSG Hoffenheim,RB Leipzig,2,0,H,2021-22
Bundesliga,2021-11-21,Mainz,FC Cologne,1,1,D,2021-22
Bundesliga,2021-11-21,SC Freiburg,Eintracht Frankfurt,0,2,A,2021-22
Bundesliga,2021-11-26,VfB Stuttgart,Mainz,2,1,H,2021-22
Bundesliga,2021-11-27,Bayern Munich,Arminia Bielefeld,1,0,H,2021-22
Bundesliga,2021-11-27,FC Cologne,Borussia Mönchengladbach,4,1,H,2021-22
Bundesliga,2021-11-27,Hertha Berlin,FC Augsburg,1,1,D,2021-22
Bundesliga,2021-11-27,SpVgg Greuther Fürth,TSG Hoffenheim,3,6,A,2021-22
Bundesliga,2021-11-27,VfL Bochum,SC Freiburg,2,1,H,2021-22
Bundesliga,2021-11-27,VfL Wolfsburg,Borussia Dortmund,1,3,A,2021-22
Bundesliga,2021-11-28,Eintracht Frankfurt,1. FC Union Berlin,2,1,H,2021-22
Bundesliga,2021-11-28,RB Leipzig,Bayer Leverkusen,1,3,A,2021-22
Bundesliga,2021-12-03,1. FC Union Berlin,RB Leipzig,2,1,H,2021-22
Bundesliga,2021-12-04,Arminia Bielefeld,FC Cologne,1,1,D,2021-22
Bundesliga,2021-12-04,Bayer Leverkusen,SpVgg Greuther Fürth,7,1,H,2021-22
Bundesliga,2021-12-04,Borussia Dortmund,Bayern Munich,2,3,A,2021-22
Bundesliga,2021-12-04,FC Augsburg,VfL Bochum,2,3,A,2021-22
Bundesliga,2021-12-04,Mainz,VfL Wolfsburg,3,0,H,2021-22
Bundesliga,2021-12-04,TSG Hoffenheim,Eintracht Frankfurt,3,2,H,2021-22
Bundesliga,2021-12-05,Borussia Mönchengladbach,SC Freiburg,0,6,A,2021-22
Bundesliga,2021-12-05,VfB Stuttgart,Hertha Berlin,2,2,D,2021-22
Bundesliga,2021-12-10,FC Cologne,FC Augsburg,0,2,A,2021-22
Bundesliga,2021-12-11,Bayern Munich,Mainz,2,1,H,2021-22
Bundesliga,2021-12-11,Hertha Berlin,Arminia Bielefeld,2,0,H,2021-22
Bundesliga,2021-12-11,RB Leipzig,Borussia Mönchengladbach,4,1,H,2021-22
Bundesliga,2021-12-11,SC Freiburg,TSG Hoffenheim,1,2,A,2021-22
Bundesliga,2021-12-11,VfL Bochum,Borussia Dortmund,1,1,D,2021-22
Bundesliga,2021-12-11,VfL Wolfsburg,VfB Stuttgart,0,2,A,2021-22
Bundesliga,2021-12-12,Eintracht Frankfurt,Bayer Leverkusen,5,2,H,2021-22
Bundesliga,2021-12-12,SpVgg Greuther Fürth,1. FC Union Berlin,1,0,H,2021-22
Bundesliga,2021-12-14,Arminia Bielefeld,VfL Bochum,2,0,H,2021-22
Bundesliga,2021-12-14,Mainz,Hertha Berlin,4,0,H,2021-22
Bundesliga,2021-12-14,VfB Stuttgart,Bayern Munich,0,5,A,2021-22
Bundesliga,2021-12-14,VfL Wolfsburg,FC Cologne,2,3,A,2021-22
Bundesliga,2021-12-15,1. FC Union Berlin,SC Freiburg,0,0,D,2021-22
Bundesliga,2021-12-15,Bayer Leverkusen,TSG Hoffenheim,2,2,D,2021-22
Bundesliga,2021-12-15,Borussia Dortmund,SpVgg Greuther Fürth,3,0,H,2021-22
Bundesliga,2021-12-15,Borussia Mönchengladbach,Eintracht Frankfurt,2,3,A,2021-22
Bundesliga,2021-12-15,FC Augsburg,RB Leipzig,1,1,D,2021-22
Bundesliga,2021-12-17,Bayern Munich,VfL Wolfsburg,4,0,H,2021-22
Bundesliga,2021-12-18,Eintracht Frankfurt,Mainz,1,0,H,2021-22
Bundesliga,2021-12-18,Hertha Berlin,Borussia Dortmund,3,2,H,2021-22
Bundesliga,2021-12-18,RB Leipzig,Arminia Bielefeld,0,2,A,2021-22
Bundesliga,2021-12-18,SpVgg Greuther Fürth,FC Augsburg,0,0,D,2021-22
Bundesliga,2021-12-18,TSG Hoffenheim,Borussia Mönchengladbach,1,1,D,2021-22
Bundesliga,2021-12-18,VfL Bochum,1. FC Union Berlin,0,1,A,2021-22
Bundesliga,2021-12-19,FC Cologne,VfB Stuttgart,1,0,H,2021-22
Bundesliga,2021-12-19,SC Freiburg,Bayer Leverkusen,2,1,H,2021-22
Bundesliga,2022-01-07,Bayern Munich,Borussia Mönchengladbach,1,2,A,2021-22
Bundesliga,2022-01-08,Bayer Leverkusen,1. FC Union Berlin,2,2,D,2021-22
Bundesliga,2022-01-08,Eintracht Frankfurt,Borussia Dortmund,2,3,A,2021-22
Bundesliga,2022-01-08,RB Leipzig,Mainz,4,1,H,2021-22
Bundesliga,2022-01-08,SC Freiburg,Arminia Bielefeld,2,2,D,2021-22
Bundesliga,2022-01-08,SpVgg Greuther Fürth,VfB Stuttgart,0,0,D,2021-22
Bundesliga,2022-01-08,TSG Hoffenheim,FC Augsburg,3,1,H,2021-22
Bundesliga,2022-01-09,Hertha Berlin,FC Cologne,1,3,A,2021-22
Bundesliga,2022-01-09,VfL Bochum,VfL Wolfsburg,1,0,H,2021-22
Bundesliga,2022-01-14,Borussia Dortmund,SC Freiburg,5,1,H,2021-22
Bundesliga,2022-01-15,1. FC Union Berlin,TSG Hoffenheim,2,1,H,2021-22
Bundesliga,2022-01-15,Borussia Mönchengladbach,Bayer Leverkusen,1,2,A,2021-22
Bundesliga,2022-01-15,FC Cologne,Bayern Munich,0,4,A,2021-22
Bundesliga,2022-01-15,Mainz,VfL Bochum,1,0,H,2021-22
Bundesliga,2022-01-15,VfB Stuttgart,RB Leipzig,0,2,A,2021-22
Bundesliga,2022-01-15,VfL Wolfsburg,Hertha Berlin,0,0,D,2021-22
Bundesliga,2022-01-16,Arminia Bielefeld,SpVgg Greuther Fürth,2,2,D,2021-22
Bundesliga,2022-01-16,FC Augsburg,Eintracht Frankfurt,1,1,D,2021-22
Bundesliga,2022-01-21,Eintracht Frankfurt,Arminia Bielefeld,0,2,A,2021-22
Bundesliga,2022-01-22,Bayer Leverkusen,FC Augsburg,5,1,H,2021-22
Bundesliga,2022-01-22,Borussia Mönchengladbach,1. FC Union Berlin,1,2,A,2021-22
Bundesliga,2022-01-22,SC Freiburg,VfB Stuttgart,2,0,H,2021-22
Bundesliga,2022-01-22,SpVgg Greuther Fürth,Mainz,2,1,H,2021-22
Bundesliga,2022-01-22,TSG Hoffenheim,Borussia Dortmund,2,3,A,2021-22
Bundesliga,2022-01-22,VfL Bochum,FC Cologne,2,2,D,2021-22
Bundesliga,2022-01-23,Hertha Berlin,Bayern Munich,1,4,A,2021-22
Bundesliga,2022-01-23,RB Leipzig,VfL Wolfsburg,2,0,H,2021-22
Bundesliga,2022-02-04,Hertha Berlin,VfL Bochum,1,1,D,2021-22
Bundesliga,2022-02-05,Arminia Bielefeld,Borussia Mönchengladbach,1,1,D,2021-22
Bundesliga,2022-02-05,Bayern Munich,RB Leipzig,3,2,H,2021-22
Bundesliga,2022-02-05,FC Augsburg,1. FC Union Berlin,2,0,H,2021-22
Bundesliga,2022-02-05,FC Cologne,SC Freiburg,1,0,H,2021-22
Bundesliga,2022-02-05,Mainz,TSG Hoffenheim,2,0,H,2021-22
Bundesliga,2022-02-05,VfB Stuttgart,Eintracht Frankfurt,2,3,A,2021-22
Bundesliga,2022-02-06,Borussia Dortmund,Bayer Leverkusen,2,5,A,2021-22
Bundesliga,2022-02-06,VfL Wolfsburg,SpVgg Greuther Fürth,4,1,H,2021-22
Bundesliga,2022-02-11,RB Leipzig,FC Cologne,3,1,H,2021-22
Bundesliga,2022-02-12,Bayer Leverkusen,VfB Stuttgart,4,2,H,2021-22
Bundesliga,2022-02-12,Borussia Mönchengladbach,FC Augsburg,3,2,H,2021-22
Bundesliga,2022-02-12,Eintracht Frankfurt,VfL Wolfsburg,0,2,A,2021-22
Bundesliga,2022-02-12,SC Freiburg,Mainz,1,1,D,2021-22
Bundesliga,2022-02-12,SpVgg Greuther Fürth,Hertha Berlin,2,1,H,2021-22
Bundesliga,2022-02-12,VfL Bochum,Bayern Munich,4,2,H,2021-22
Bundesliga,2022-02-13,1. FC Union Berlin,Borussia Dortmund,0,3,A,2021-22
Bundesliga,2022-02-13,TSG Hoffenheim,Arminia Bielefeld,2,0,H,2021-22
Bundesliga,2022-02-18,Mainz,Bayer Leverkusen,3,2,H,2021-22
Bundesliga,2022-02-19,Arminia Bielefeld,1. FC Union Berlin,1,0,H,2021-22
Bundesliga,2022-02-19,FC Augsburg,SC Freiburg,1,2,A,2021-22
Bundesliga,2022-02-19,FC Cologne,Eintracht Frankfurt,1,0,H,2021-22
Bundesliga,2022-02-19,VfB Stuttgart,VfL Bochum,1,1,D,2021-22
Bundesliga,2022-02-19,VfL Wolfsburg,TSG Hoffenheim,1,2,A,2021-22
Bundesliga,2022-02-20,Bayern Munich,SpVgg Greuther Fürth,4,1,H,2021-22
Bundesliga,2022-02-20,Borussia Dortmund,Borussia Mönchengladbach,6,0,H,2021-22
Bundesliga,2022-02-20,Hertha Berlin,RB Leipzig,1,6,A,2021-22
Bundesliga,2022-02-25,TSG Hoffenheim,VfB Stuttgart,2,1,H,2021-22
Bundesliga,2022-02-26,1. FC Union Berlin,Mainz,3,1,H,2021-22
Bundesliga,2022-02-26,Bayer Leverkusen,Arminia Bielefeld,3,0,H,2021-22
Bundesliga,2022-02-26,Borussia Mönchengladbach,VfL Wolfsburg,2,2,D,2021-22
Bundesliga,2022-02-26,Eintracht Frankfurt,Bayern Munich,0,1,A,2021-22
Bundesliga,2022-02-26,SC Freiburg,Hertha Berlin,3,0,H,2021-22
Bundesliga,2022-02-26,SpVgg Greuther Fürth,FC Cologne,1,1,D,2021-22
Bundesliga,2022-02-27,FC Augsburg,Borussia Dortmund,1,1,D,2021-22
Bundesliga,2022-02-27,VfL Bochum,RB Leipzig,0,1,A,2021-22
Bundesliga,2022-03-04,Arminia Bielefeld,FC Augsburg,0,1,A,2021-22
Bundesliga,2022-03-05,Bayern Munich,Bayer Leverkusen,1,1,D,2021-22
Bundesliga,2022-03-05,Hertha Berlin,Eintracht Frankfurt,1,4,A,2021-22
Bundesliga,2022-03-05,RB Leipzig,SC Freiburg,1,1,D,2021-22
Bundesliga,2022-03-05,VfB Stuttgart,Borussia Mönchengladbach,3,2,H,2021-22
Bundesliga,2022-03-05,VfL Bochum,SpVgg Greuther Fürth,2,1,H,2021-22
Bundesliga,2022-03-05,VfL Wolfsburg,1. FC Union Berlin,1,0,H,2021-22
Bundesliga,2022-03-06,FC Cologne,TSG Hoffenheim,0,1,A,2021-22
Bundesliga,2022-03-12,1. FC Union Berlin,VfB Stuttgart,1,1,D,2021-22
Bundesliga,2022-03-12,Borussia Mönchengladbach,Hertha Berlin,2,0,H,2021-22
Bundesliga,2022-03-12,SC Freiburg,VfL Wolfsburg,3,2,H,2021-22
Bundesliga,2022-03-12,TSG Hoffenheim,Bayern Munich,1,1,D,2021-22
Bundesliga,2022-03-13,Bayer Leverkusen,FC Cologne,0,1,A,2021-22
Bundesliga,2022-03-13,Borussia Dortmund,Arminia Bielefeld,1,0,H,2021-22
Bundesliga,2022-03-13,Eintracht Frankfurt,VfL Bochum,2,1,H,2021-22
Bundesliga,2022-03-13,SpVgg Greuther Fürth,RB Leipzig,1,6,A,2021-22
Bundesliga,2022-03-16,Mainz,Borussia Dortmund,0,1,A,2021-22
Bundesliga,2022-03-18,VfL Bochum,Borussia Mönchengladbach,0,2,A,2021-22
Bundesliga,2022-03-19,Bayern Munich,1. FC Union Berlin,4,0,H,2021-22
Bundesliga,2022-03-19,Hertha Berlin,TSG Hoffenheim,3,0,H,2021-22
Bundesliga,2022-03-19,Mainz,Arminia Bielefeld,4,0,H,2021-22
Bundesliga,2022-03-19,SpVgg Greuther Fürth,SC Freiburg,0,0,D,2021-22
Bundesliga,2022-03-19,VfB Stuttgart,FC Augsburg,3,2,H,2021-22
Bundesliga,2022-03-20,FC Cologne,Borussia Dortmund,1,1,D,2021-22
Bundesliga,2022-03-20,RB Leipzig,Eintracht Frankfurt,0,0,D,2021-22
Bundesliga,2022-03-20,VfL Wolfsburg,Bayer Leverkusen,0,2,A,2021-22
Bundesliga,2022-04-01,1. FC Union Berlin,FC Cologne,1,0,H,2021-22
Bundesliga,2022-04-02,Arminia Bielefeld,VfB Stuttgart,1,1,D,2021-22
Bundesliga,2022-04-02,Bayer Leverkusen,Hertha Berlin,2,1,H,2021-22
Bundesliga,2022-04-02,Borussia Dortmund,RB Leipzig,1,4,A,2021-22
Bundesliga,2022-04-02,Eintracht Frankfurt,SpVgg Greuther Fürth,0,0,D,2021-22
Bundesliga,2022-04-02,SC Freiburg,Bayern Munich,1,4,A,2021-22
Bundesliga,2022-04-02,TSG Hoffenheim,VfL Bochum,1,2,A,2021-22
Bundesliga,2022-04-03,Borussia Mönchengladbach,Mainz,1,1,D,2021-22
Bundesliga,2022-04-03,FC Augsburg,VfL Wolfsburg,3,0,H,2021-22
Bundesliga,2022-04-06,FC Augsburg,Mainz,2,1,H,2021-22
Bundesliga,2022-04-08,VfB Stuttgart,Borussia Dortmund,0,2,A,2021-22
Bundesliga,2022-04-09,Bayern Munich,FC Augsburg,1,0,H,2021-22
Bundesliga,2022-04-09,FC Cologne,Mainz,3,2,H,2021-22
Bundesliga,2022-04-09,Hertha Berlin,1. FC Union Berlin,1,4,A,2021-22
Bundesliga,2022-04-09,SpVgg Greuther Fürth,Borussia Mönchengladbach,0,2,A,2021-22
Bundesliga,2022-04-09,VfL Wolfsburg,Arminia Bielefeld,4,0,H,2021-22
Bundesliga,2022-04-10,Eintracht Frankfurt,SC Freiburg,1,2,A,2021-22
Bundesliga,2022-04-10,RB Leipzig,TSG Hoffenheim,3,0,H,2021-22
Bundesliga,2022-04-10,VfL Bochum,Bayer Leverkusen,0,0,D,2021-22
Bundesliga,2022-04-16,Borussia Dortmund,VfL Wolfsburg,6,1,H,2021-22
Bundesliga,2022-04-16,Borussia Mönchengladbach,FC Cologne,1,3,A,2021-22
Bundesliga,2022-04-16,FC Augsburg,Hertha Berlin,0,1,A,2021-22
Bundesliga,2022-04-16,Mainz,VfB Stuttgart,0,0,D,2021-22
Bundesliga,2022-04-16,SC Freiburg,VfL Bochum,3,0,H,2021-22
Bundesliga,2022-04-17,1. FC Union Berlin,Eintracht Frankfurt,2,0,H,2021-22
Bundesliga,2022-04-17,Arminia Bielefeld,Bayern Munich,0,3,A,2021-22
Bundesliga,2022-04-17,Bayer Leverkusen,RB Leipzig,0,1,A,2021-22
Bundesliga,2022-04-17,TSG Hoffenheim,SpVgg Greuther Fürth,0,0,D,2021-22
Bundesliga,2022-04-22,VfL Wolfsburg,Mainz,5,0,H,2021-22
Bundesliga,2022-04-23,Bayern Munich,Borussia Dortmund,3,1,H,2021-22
Bundesliga,2022-04-23,Eintracht Frankfurt,TSG Hoffenheim,2,2,D,2021-22
Bundesliga,2022-04-23,FC Cologne,Arminia Bielefeld,3,1,H,2021-22
Bundesliga,2022-04-23,RB Leipzig,1. FC Union Berlin,1,2,A,2021-22
Bundesliga,2022-04-23,SC Freiburg,Borussia Mönchengladbach,3,3,D,2021-22
Bundesliga,2022-04-23,SpVgg Greuther Fürth,Bayer Leverkusen,1,4,A,2021-22
Bundesliga,2022-04-24,Hertha Berlin,VfB Stuttgart,2,0,H,2021-22
Bundesliga,2022-04-24,VfL Bochum,FC Augsburg,0,2,A,2021-22
Bundesliga,2022-04-29,1. FC Union Berlin,SpVgg Greuther Fürth,1,1,D,2021-22
Bundesliga,2022-04-30,Arminia Bielefeld,Hertha Berlin,1,1,D,2021-22
Bundesliga,2022-04-30,Borussia Dortmund,VfL Bochum,3,4,A,2021-22
Bundesliga,2022-04-30,FC Augsburg,FC Cologne,1,4,A,2021-22
Bundesliga,2022-04-30,Mainz,Bayern Munich,3,1,H,2021-22
Bundesliga,2022-04-30,TSG Hoffenheim,SC Freiburg,3,4,A,2021-22
Bundesliga,2022-04-30,VfB Stuttgart,VfL Wolfsburg,1,1,D,2021-22
Bundesliga,2022-05-02,Bayer Leverkusen,Eintracht Frankfurt,2,0,H,2021-22
Bundesliga,2022-05-02,Borussia Mönchengladbach,RB Leipzig,3,1,H,2021-22
Bundesliga,2022-05-06,VfL Bochum,Arminia Bielefeld,2,1,H,2021-22
Bundesliga,2022-05-07,FC Cologne,VfL Wolfsburg,0,1,A,2021-22
Bundesliga,2022-05-07,Hertha Berlin,Mainz,1,2,A,2021-22
Bundesliga,2022-05-07,SC Freiburg,1. FC Union Berlin,1,4,A,2021-22
Bundesliga,2022-05-07,SpVgg Greuther Fürth,Borussia Dortmund,1,3,A,2021-22
Bundesliga,2022-05-07,TSG Hoffenheim,Bayer Leverkusen,2,4,A,2021-22
Bundesliga,2022-05-08,Bayern Munich,VfB Stuttgart,2,2,D,2021-22
Bundesliga,2022-05-08,Eintracht Frankfurt,Borussia Mönchengladbach,1,1,D,2021-22
Bundesliga,2022-05-08,RB Leipzig,FC Augsburg,4,0,H,2021-22
Bundesliga,2022-05-14,1. FC Union Berlin,VfL Bochum,3,2,H,2021-22
Bundesliga,2022-05-14,Arminia Bielefeld,RB Leipzig,1,1,D,2021-22
Bundesliga,2022-05-14,Bayer Leverkusen,SC Freiburg,2,1,H,2021-22
Bundesliga,2022-05-14,Borussia Dortmund,Hertha Berlin,2,1,H,2021-22
Bundesliga,2022-05-14,Borussia Mönchengladbach,TSG Hoffenheim,5,1,H,2021-22
Bundesliga,2022-05-14,FC Augsburg,SpVgg Greuther Fürth,2,1,H,2021-22
Bundesliga,2022-05-14,Mainz,Eintracht Frankfurt,2,2,D,2021-22
Bundesliga,2022-05-14,VfB Stuttgart,FC Cologne,2,1,H,2021-22
Bundesliga,2022-05-14,VfL Wolfsburg,Bayern Munich,2,2,D,2021-22
Bundesliga,2022-08-05,Eintracht Frankfurt,Bayern Munich,1,6,A,2022-23
Bundesliga,2022-08-06,1. FC Union Berlin,Hertha Berlin,3,1,H,2022-23
Bundesliga,2022-08-06,Borussia Dortmund,Bayer Leverkusen,1,0,H,2022-23
Bundesliga,2022-08-06,Borussia Mönchengladbach,TSG Hoffenheim,3,1,H,2022-23
Bundesliga,2022-08-06,FC Augsburg,SC Freiburg,0,4,A,2022-23
Bundesliga,2022-08-06,VfL Bochum,Mainz,1,2,A,2022-23
Bundesliga,2022-08-06,VfL Wolfsburg,Werder Bremen,2,2,D,2022-23
Bundesliga,2022-08-07,FC Cologne,Schalke 04,3,1,H,2022-23
Bundesliga,2022-08-07,VfB Stuttgart,RB Leipzig,1,1,D,2022-23
Bundesliga,2022-08-12,SC Freiburg,Borussia Dortmund,1,3,A,2022-23
Bundesliga,2022-08-13,Bayer Leverkusen,FC Augsburg,1,2,A,2022-23
Bundesliga,2022-08-13,Hertha Berlin,Eintracht Frankfurt,1,1,D,2022-23
Bundesliga,2022-08-13,RB Leipzig,FC Cologne,2,2,D,2022-23
Bundesliga,2022-08-13,Schalke 04,Borussia Mönchengladbach,2,2,D,2022-23
Bundesliga,2022-08-13,TSG Hoffenheim,VfL Bochum,3,2,H,2022-23
Bundesliga,2022-08-13,Werder Bremen,VfB Stuttgart,2,2,D,2022-23
Bundesliga,2022-08-14,Bayern Munich,VfL Wolfsburg,2,0,H,2022-23
Bundesliga,2022-08-14,Mainz,1. FC Union Berlin,0,0,D,2022-23
Bundesliga,2022-08-19,Borussia Mönchengladbach,Hertha Berlin,1,0,H,2022-23
Bundesliga,2022-08-20,1. FC Union Berlin,RB Leipzig,2,1,H,2022-23
Bundesliga,2022-08-20,Bayer Leverkusen,TSG Hoffenheim,0,3,A,2022-23
Bundesliga,2022-08-20,Borussia Dortmund,Werder Bremen,2,3,A,2022-23
Bundesliga,2022-08-20,FC Augsburg,Mainz,1,2,A,2022-23
Bundesliga,2022-08-20,VfB Stuttgart,SC Freiburg,0,1,A,2022-23
Bundesliga,2022-08-20,VfL Wolfsburg,Schalke 04,0,0,D,2022-23
Bundesliga,2022-08-21,Eintracht Frankfurt,FC Cologne,1,1,D,2022-23
Bundesliga,2022-08-21,VfL Bochum,Bayern Munich,0,7,A,2022-23
Bundesliga,2022-08-26,SC Freiburg,VfL Bochum,1,0,H,2022-23
Bundesliga,2022-08-27,Bayern Munich,Borussia Mönchengladbach,1,1,D,2022-23
Bundesliga,2022-08-27,Hertha Berlin,Borussia Dortmund,0,1,A,2022-23
Bundesliga,2022-08-27,Mainz,Bayer Leverkusen,0,3,A,2022-23
Bundesliga,2022-08-27,RB Leipzig,VfL Wolfsburg,2,0,H,2022-23
Bundesliga,2022-08-27,Schalke 04,1. FC Union Berlin,1,6,A,2022-23
Bundesliga,2022-08-27,TSG Hoffenheim,FC Augsburg,1,0,H,2022-23
Bundesliga,2022-08-28,FC Cologne,VfB Stuttgart,0,0,D,2022-23
Bundesliga,2022-08-28,Werder Bremen,Eintracht Frankfurt,3,4,A,2022-23
Bundesliga,2022-09-02,Borussia Dortmund,TSG Hoffenheim,1,0,H,2022-23
Bundesliga,2022-09-03,1. FC Union Berlin,Bayern Munich,1,1,D,2022-23
Bundesliga,2022-09-03,Bayer Leverkusen,SC Freiburg,2,3,A,2022-23
Bundesliga,2022-09-03,Eintracht Frankfurt,RB Leipzig,4,0,H,2022-23
Bundesliga,2022-09-03,VfB Stuttgart,Schalke 04,1,1,D,2022-23
Bundesliga,2022-09-03,VfL Bochum,Werder Bremen,0,2,A,2022-23
Bundesliga,2022-09-03,VfL Wolfsburg,FC Cologne,2,4,A,2022-23
Bundesliga,2022-09-04,Borussia Mönchengladbach,Mainz,0,1,A,2022-23
Bundesliga,2022-09-04,FC Augsburg,Hertha Berlin,0,2,A,2022-23
Bundesliga,2022-09-09,Werder Bremen,FC Augsburg,0,1,A,2022-23
Bundesliga,2022-09-10,Bayern Munich,VfB Stuttgart,2,2,D,2022-23
Bundesliga,2022-09-10,Eintracht Frankfurt,VfL Wolfsburg,0,1,A,2022-23
Bundesliga,2022-09-10,Hertha Berlin,Bayer Leverkusen,2,2,D,2022-23
Bundesliga,2022-09-10,RB Leipzig,Borussia Dortmund,3,0,H,2022-23
Bundesliga,2022-09-10,Schalke 04,VfL Bochum,3,1,H,2022-23
Bundesliga,2022-09-10,TSG Hoffenheim,Mainz,4,1,H,2022-23
Bundesliga,2022-09-11,FC Cologne,1. FC Union Berlin,0,1,A,2022-23
Bundesliga,2022-09-11,SC Freiburg,Borussia Mönchengladbach,0,0,D,2022-23
Bundesliga,2022-09-16,Mainz,Hertha Berlin,1,1,D,2022-23
Bundesliga,2022-09-17,Bayer Leverkusen,Werder Bremen,1,1,D,2022-23
Bundesliga,2022-09-17,Borussia Dortmund,Schalke 04,1,0,H,2022-23
Bundesliga,2022-09-17,Borussia Mönchengladbach,RB Leipzig,3,0,H,2022-23
Bundesliga,2022-09-17,FC Augsburg,Bayern Munich,1,0,H,2022-23
Bundesliga,2022-09-17,VfB Stuttgart,Eintracht Frankfurt,1,3,A,2022-23
Bundesliga,2022-09-18,1. FC Union Berlin,VfL Wolfsburg,2,0,H,2022-23
Bundesliga,2022-09-18,TSG Hoffenheim,SC Freiburg,0,0,D,2022-23
Bundesliga,2022-09-18,VfL Bochum,FC Cologne,1,1,D,2022-23
Bundesliga,2022-09-30,Bayern Munich,Bayer Leverkusen,4,0,H,2022-23
Bundesliga,2022-10-01,Eintracht Frankfurt,1. FC Union Berlin,2,0,H,2022-23
Bundesliga,2022-10-01,FC Cologne,Borussia Dortmund,3,2,H,2022-23
Bundesliga,2022-10-01,RB Leipzig,VfL Bochum,4,0,H,2022-23
Bundesliga,2022-10-01,SC Freiburg,Mainz,2,1,H,2022-23
Bundesliga,2022-10-01,VfL Wolfsburg,VfB Stuttgart,3,2,H,2022-23
Bundesliga,2022-10-01,Werder Bremen,Borussia Mönchengladbach,5,1,H,2022-23
Bundesliga,2022-10-02,Hertha Berlin,TSG Hoffenheim,1,1,D,2022-23
Bundesliga,2022-10-02,Schalke 04,FC Augsburg,2,3,A,2022-23
Bundesliga,2022-10-07,TSG Hoffenheim,Werder Bremen,1,2,A,2022-23
Bundesliga,2022-10-08,Bayer Leverkusen,Schalke 04,4,0,H,2022-23
Bundesliga,2022-10-08,Borussia Dortmund,Bayern Munich,2,2,D,2022-23
Bundesliga,2022-10-08,FC Augsburg,VfL Wolfsburg,1,1,D,2022-23
Bundesliga,2022-10-08,Mainz,RB Leipzig,1,1,D,2022-23
Bundesliga,2022-10-08,VfL Bochum,Eintracht Frankfurt,3,0,H,2022-23
Bundesliga,2022-10-09,Borussia Mönchengladbach,FC Cologne,5,2,H,2022-23
Bundesliga,2022-10-09,Hertha Berlin,SC Freiburg,2,2,D,2022-23
Bundesliga,2022-10-09,VfB Stuttgart,1. FC Union Berlin,0,1,A,2022-23
Bundesliga,2022-10-14,Schalke 04,TSG Hoffenheim,0,3,A,2022-23
Bundesliga,2022-10-15,Eintracht Frankfurt,Bayer Leverkusen,5,1,H,2022-23
Bundesliga,2022-10-15,RB Leipzig,Hertha Berlin,3,2,H,2022-23
Bundesliga,2022-10-15,VfB Stuttgart,VfL Bochum,4,1,H,2022-23
Bundesliga,2022-10-15,VfL Wolfsburg,Borussia Mönchengladbach,2,2,D,2022-23
Bundesliga,2022-10-15,Werder Bremen,Mainz,0,2,A,2022-23
Bundesliga,2022-10-16,1. FC Union Berlin,Borussia Dortmund,2,0,H,2022-23
Bundesliga,2022-10-16,Bayern Munich,SC Freiburg,5,0,H,2022-23
Bundesliga,2022-10-16,FC Cologne,FC Augsburg,3,2,H,2022-23
Bundesliga,2022-10-21,Mainz,FC Cologne,5,0,H,2022-23
Bundesliga,2022-10-22,Bayer Leverkusen,VfL Wolfsburg,2,2,D,2022-23
Bundesliga,2022-10-22,Borussia Dortmund,VfB Stuttgart,5,0,H,2022-23
Bundesliga,2022-10-22,Borussia Mönchengladbach,Eintracht Frankfurt,1,3,A,2022-23
Bundesliga,2022-10-22,FC Augsburg,RB Leipzig,3,3,D,2022-23
Bundesliga,2022-10-22,SC Freiburg,Werder Bremen,2,0,H,2022-23
Bundesliga,2022-10-22,TSG Hoffenheim,Bayern Munich,0,2,A,2022-23
Bundesliga,2022-10-23,Hertha Berlin,Schalke 04,2,1,H,2022-23
Bundesliga,2022-10-23,VfL Bochum,1. FC Union Berlin,2,1,H,2022-23
Bundesliga,2022-10-28,Werder Bremen,Hertha Berlin,1,0,H,2022-23
Bundesliga,2022-10-29,Bayern Munich,Mainz,6,2,H,2022-23
Bundesliga,2022-10-29,Eintracht Frankfurt,Borussia Dortmund,1,2,A,2022-23
Bundesliga,2022-10-29,RB Leipzig,Bayer Leverkusen,2,0,H,2022-23
Bundesliga,2022-10-29,VfB Stuttgart,FC Augsburg,2,1,H,2022-23
Bundesliga,2022-10-29,VfL Wolfsburg,VfL Bochum,4,0,H,2022-23
Bundesliga,2022-10-30,1. FC Union Berlin,Borussia Mönchengladbach,2,1,H,2022-23
Bundesliga,2022-10-30,FC Cologne,TSG Hoffenheim,1,1,D,2022-23
Bundesliga,2022-10-30,Schalke 04,SC Freiburg,0,2,A,2022-23
Bundesliga,2022-11-04,Borussia Mönchengladbach,VfB Stuttgart,3,1,H,2022-23
Bundesliga,2022-11-05,Borussia Dortmund,VfL Bochum,3,0,H,2022-23
Bundesliga,2022-11-05,FC Augsburg,Eintracht Frankfurt,1,2,A,2022-23
Bundesliga,2022-11-05,Hertha Berlin,Bayern Munich,2,3,A,2022-23
Bundesliga,2022-11-05,Mainz,VfL Wolfsburg,0,3,A,2022-23
Bundesliga,2022-11-05,TSG Hoffenheim,RB Leipzig,1,3,A,2022-23
Bundesliga,2022-11-05,Werder Bremen,Schalke 04,2,1,H,2022-23
Bundesliga,2022-11-06,Bayer Leverkusen,1. FC Union Berlin,5,0,H,2022-23
Bundesliga,2022-11-06,SC Freiburg,FC Cologne,2,0,H,2022-23
Bundesliga,2022-11-08,Bayern Munich,Werder Bremen,6,1,H,2022-23
Bundesliga,2022-11-08,VfB Stuttgart,Hertha Berlin,2,1,H,2022-23
Bundesliga,2022-11-08,VfL Bochum,Borussia Mönchengladbach,2,1,H,2022-23
Bundesliga,2022-11-08,VfL Wolfsburg,Borussia Dortmund,2,0,H,2022-23
Bundesliga,2022-11-09,1. FC Union Berlin,FC Augsburg,2,2,D,2022-23
Bundesliga,2022-11-09,Eintracht Frankfurt,TSG Hoffenheim,4,2,H,2022-23
Bundesliga,2022-11-09,FC Cologne,Bayer Leverkusen,1,2,A,2022-23
Bundesliga,2022-11-09,RB Leipzig,SC Freiburg,3,1,H,2022-23
Bundesliga,2022-11-09,Schalke 04,Mainz,1,0,H,2022-23
Bundesliga,2022-11-11,Borussia Mönchengladbach,Borussia Dortmund,4,2,H,2022-23
Bundesliga,2022-11-12,Bayer Leverkusen,VfB Stuttgart,2,0,H,2022-23
Bundesliga,2022-11-12,FC Augsburg,VfL Bochum,0,1,A,2022-23
Bundesliga,2022-11-12,Hertha Berlin,FC Cologne,2,0,H,2022-23
Bundesliga,2022-11-12,Schalke 04,Bayern Munich,0,2,A,2022-23
Bundesliga,2022-11-12,TSG Hoffenheim,VfL Wolfsburg,1,2,A,2022-23
Bundesliga,2022-11-12,Werder Bremen,RB Leipzig,1,2,A,2022-23
Bundesliga,2022-11-13,Mainz,Eintracht Frankfurt,1,1,D,2022-23
Bundesliga,2022-11-13,SC Freiburg,1. FC Union Berlin,4,1,H,2022-23
Bundesliga,2023-01-20,RB Leipzig,Bayern Munich,1,1,D,2022-23
Bundesliga,2023-01-21,1. FC Union Berlin,TSG Hoffenheim,3,1,H,2022-23
Bundesliga,2023-01-21,Eintracht Frankfurt,Schalke 04,3,0,H,2022-23
Bundesliga,2023-01-21,FC Cologne,Werder Bremen,7,1,H,2022-23
Bundesliga,2023-01-21,VfB Stuttgart,Mainz,1,1,D,2022-23
Bundesliga,2023-01-21,VfL Bochum,Hertha Berlin,3,1,H,2022-23
Bundesliga,2023-01-21,VfL Wolfsburg,SC Freiburg,6,0,H,2022-23
Bundesliga,2023-01-22,Borussia Dortmund,FC Augsburg,4,3,H,2022-23
Bundesliga,2023-01-22,Borussia Mönchengladbach,Bayer Leverkusen,2,3,A,2022-23
Bundesliga,2023-01-24,Bayern Munich,FC Cologne,1,1,D,2022-23
Bundesliga,2023-01-24,Hertha Berlin,VfL Wolfsburg,0,5,A,2022-23
Bundesliga,2023-01-24,Schalke 04,RB Leipzig,1,6,A,2022-23
Bundesliga,2023-01-24,TSG Hoffenheim,VfB Stuttgart,2,2,D,2022-23
Bundesliga,2023-01-25,Bayer Leverkusen,VfL Bochum,2,0,H,2022-23
Bundesliga,2023-01-25,FC Augsburg,Borussia Mönchengladbach,1,0,H,2022-23
Bundesliga,2023-01-25,Mainz,Borussia Dortmund,1,2,A,2022-23
Bundesliga,2023-01-25,SC Freiburg,Eintracht Frankfurt,1,1,D,2022-23
Bundesliga,2023-01-25,Werder Bremen,1. FC Union Berlin,1,2,A,2022-23
Bundesliga,2023-01-27,RB Leipzig,VfB Stuttgart,2,1,H,2022-23
Bundesliga,2023-01-28,Bayern Munich,Eintracht Frankfurt,1,1,D,2022-23
Bundesliga,2023-01-28,Hertha Berlin,1. FC Union Berlin,0,2,A,2022-23
Bundesliga,2023-01-28,Mainz,VfL Bochum,5,2,H,2022-23
Bundesliga,2023-01-28,SC Freiburg,FC Augsburg,3,1,H,2022-23
Bundesliga,2023-01-28,TSG Hoffenheim,Borussia Mönchengladbach,1,4,A,2022-23
Bundesliga,2023-01-28,Werder Bremen,VfL Wolfsburg,2,1,H,2022-23
Bundesliga,2023-01-29,Bayer Leverkusen,Borussia Dortmund,0,2,A,2022-23
Bundesliga,2023-01-29,Schalke 04,FC Cologne,0,0,D,2022-23
Bundesliga,2023-02-03,FC Augsburg,Bayer Leverkusen,1,0,H,2022-23
Bundesliga,2023-02-04,1. FC Union Berlin,Mainz,2,1,H,2022-23
Bundesliga,2023-02-04,Borussia Dortmund,SC Freiburg,5,1,H,2022-23
Bundesliga,2023-02-04,Borussia Mönchengladbach,Schalke 04,0,0,D,2022-23
Bundesliga,2023-02-04,Eintracht Frankfurt,Hertha Berlin,3,0,H,2022-23
Bundesliga,2023-02-04,FC Cologne,RB Leipzig,0,0,D,2022-23
Bundesliga,2023-02-04,VfL Bochum,TSG Hoffenheim,5,2,H,2022-23
Bundesliga,2023-02-05,VfB Stuttgart,Werder Bremen,0,2,A,2022-23
Bundesliga,2023-02-05,VfL Wolfsburg,Bayern Munich,2,4,A,2022-23
Bundesliga,2023-02-10,Schalke 04,VfL Wolfsburg,0,0,D,2022-23
Bundesliga,2023-02-11,Bayern Munich,VfL Bochum,3,0,H,2022-23
Bundesliga,2023-02-11,Mainz,FC Augsburg,3,1,H,2022-23
Bundesliga,2023-02-11,RB Leipzig,1. FC Union Berlin,1,2,A,2022-23
Bundesliga,2023-02-11,SC Freiburg,VfB Stuttgart,2,1,H,2022-23
Bundesliga,2023-02-11,TSG Hoffenheim,Bayer Leverkusen,1,3,A,2022-23
Bundesliga,2023-02-11,Werder Bremen,Borussia Dortmund,0,2,A,2022-23
Bundesliga,2023-02-12,FC Cologne,Eintracht Frankfurt,3,0,H,2022-23
Bundesliga,2023-02-12,Hertha Berlin,Borussia Mönchengladbach,4,1,H,2022-23
Bundesliga,2023-02-17,FC Augsburg,TSG Hoffenheim,1,0,H,2022-23
Bundesliga,2023-02-18,Borussia Mönchengladbach,Bayern Munich,3,2,H,2022-23
Bundesliga,2023-02-18,Eintracht Frankfurt,Werder Bremen,2,0,H,2022-23
Bundesliga,2023-02-18,VfB Stuttgart,FC Cologne,3,0,H,2022-23
Bundesliga,2023-02-18,VfL Bochum,SC Freiburg,0,2,A,2022-23
Bundesliga,2023-02-18,VfL Wolfsburg,RB Leipzig,0,3,A,2022-23
Bundesliga,2023-02-19,1. FC Union Berlin,Schalke 04,0,0,D,2022-23
Bundesliga,2023-02-19,Bayer Leverkusen,Mainz,2,3,A,2022-23
Bundesliga,2023-02-19,Borussia Dortmund,Hertha Berlin,4,1,H,2022-23
Bundesliga,2023-02-24,Mainz,Borussia Mönchengladbach,4,0,H,2022-23
Bundesliga,2023-02-25,FC Cologne,VfL Wolfsburg,0,2,A,2022-23
Bundesliga,2023-02-25,Hertha Berlin,FC Augsburg,2,0,H,2022-23
Bundesliga,2023-02-25,RB Leipzig,Eintracht Frankfurt,2,1,H,2022-23
Bundesliga,2023-02-25,Schalke 04,VfB Stuttgart,2,1,H,2022-23
Bundesliga,2023-02-25,TSG Hoffenheim,Borussia Dortmund,0,1,A,2022-23
Bundesliga,2023-02-25,Werder Bremen,VfL Bochum,3,0,H,2022-23
Bundesliga,2023-02-26,Bayern Munich,1. FC Union Berlin,3,0,H,2022-23
Bundesliga,2023-02-26,SC Freiburg,Bayer Leverkusen,1,1,D,2022-23
Bundesliga,2023-03-03,Borussia Dortmund,RB Leipzig,2,1,H,2022-23
Bundesliga,2023-03-04,1. FC Union Berlin,FC Cologne,0,0,D,2022-23
Bundesliga,2023-03-04,Borussia Mönchengladbach,SC Freiburg,0,0,D,2022-23
Bundesliga,2023-03-04,FC Augsburg,Werder Bremen,2,1,H,2022-23
Bundesliga,2023-03-04,Mainz,TSG Hoffenheim,1,0,H,2022-23
Bundesliga,2023-03-04,VfB Stuttgart,Bayern Munich,1,2,A,2022-23
Bundesliga,2023-03-04,VfL Bochum,Schalke 04,0,2,A,2022-23
Bundesliga,2023-03-05,Bayer Leverkusen,Hertha Berlin,4,1,H,2022-23
Bundesliga,2023-03-05,VfL Wolfsburg,Eintracht Frankfurt,2,2,D,2022-23
Bundesliga,2023-03-10,FC Cologne,VfL Bochum,0,2,A,2022-23
Bundesliga,2023-03-11,Bayern Munich,FC Augsburg,5,3,H,2022-23
Bundesliga,2023-03-11,Eintracht Frankfurt,VfB Stuttgart,1,1,D,2022-23
Bundesliga,2023-03-11,Hertha Berlin,Mainz,1,1,D,2022-23
Bundesliga,2023-03-11,RB Leipzig,Borussia Mönchengladbach,3,0,H,2022-23
Bundesliga,2023-03-11,Schalke 04,Borussia Dortmund,2,2,D,2022-23
Bundesliga,2023-03-12,SC Freiburg,TSG Hoffenheim,2,1,H,2022-23
Bundesliga,2023-03-12,VfL Wolfsburg,1. FC Union Berlin,1,1,D,2022-23
Bundesliga,2023-03-12,Werder Bremen,Bayer Leverkusen,2,3,A,2022-23
Bundesliga,2023-03-17,Borussia Mönchengladbach,Werder Bremen,2,2,D,2022-23
Bundesliga,2023-03-18,Borussia Dortmund,FC Cologne,6,1,H,2022-23
Bundesliga,2023-03-18,FC Augsburg,Schalke 04,1,1,D,2022-23
Bundesliga,2023-03-18,TSG Hoffenheim,Hertha Berlin,3,1,H,2022-23
Bundesliga,2023-03-18,VfB Stuttgart,VfL Wolfsburg,0,1,A,2022-23
Bundesliga,2023-03-18,VfL Bochum,RB Leipzig,1,0,H,2022-23
Bundesliga,2023-03-19,1. FC Union Berlin,Eintracht Frankfurt,2,0,H,2022-23
Bundesliga,2023-03-19,Bayer Leverkusen,Bayern Munich,2,1,H,2022-23
Bundesliga,2023-03-19,Mainz,SC Freiburg,1,1,D,2022-23
Bundesliga,2023-03-31,Eintracht Frankfurt,VfL Bochum,1,1,D,2022-23
Bundesliga,2023-04-01,1. FC Union Berlin,VfB Stuttgart,3,0,H,2022-23
Bundesliga,2023-04-01,Bayern Munich,Borussia Dortmund,4,2,H,2022-23
Bundesliga,2023-04-01,RB Leipzig,Mainz,0,3,A,2022-23
Bundesliga,2023-04-01,SC Freiburg,Hertha Berlin,1,1,D,2022-23
Bundesliga,2023-04-01,Schalke 04,Bayer Leverkusen,0,3,A,2022-23
Bundesliga,2023-04-01,VfL Wolfsburg,FC Augsburg,2,2,D,2022-23
Bundesliga,2023-04-02,FC Cologne,Borussia Mönchengladbach,0,0,D,2022-23
Bundesliga,2023-04-02,Werder Bremen,TSG Hoffenheim,1,2,A,2022-23
Bundesliga,2023-04-08,Bayer Leverkusen,Eintracht Frankfurt,3,1,H,2022-23
Bundesliga,2023-04-08,Borussia Dortmund,1. FC Union Berlin,2,1,H,2022-23
Bundesliga,2023-04-08,FC Augsburg,FC Cologne,1,3,A,2022-23
Bundesliga,2023-04-08,Hertha Berlin,RB Leipzig,0,1,A,2022-23
Bundesliga,2023-04-08,Mainz,Werder Bremen,2,2,D,2022-23
Bundesliga,2023-04-08,SC Freiburg,Bayern Munich,0,1,A,2022-23
Bundesliga,2023-04-09,Borussia Mönchengladbach,VfL Wolfsburg,2,0,H,2022-23
Bundesliga,2023-04-09,TSG Hoffenheim,Schalke 04,2,0,H,2022-23
Bundesliga,2023-04-09,VfL Bochum,VfB Stuttgart,2,3,A,2022-23
Bundesliga,2023-04-14,Schalke 04,Hertha Berlin,5,2,H,2022-23
Bundesliga,2023-04-15,Bayern Munich,TSG Hoffenheim,1,1,D,2022-23
Bundesliga,2023-04-15,Eintracht Frankfurt,Borussia Mönchengladbach,1,1,D,2022-23
Bundesliga,2023-04-15,FC Cologne,Mainz,1,1,D,2022-23
Bundesliga,2023-04-15,RB Leipzig,FC Augsburg,3,2,H,2022-23
Bundesliga,2023-04-15,VfB Stuttgart,Borussia Dortmund,3,3,D,2022-23
Bundesliga,2023-04-16,1. FC Union Berlin,VfL Bochum,1,1,D,2022-23
Bundesliga,2023-04-16,VfL Wolfsburg,Bayer Leverkusen,0,0,D,2022-23
Bundesliga,2023-04-16,Werder Bremen,SC Freiburg,1,2,A,2022-23
Bundesliga,2023-04-21,FC Augsburg,VfB Stuttgart,1,1,D,2022-23
Bundesliga,2023-04-22,Borussia Dortmund,Eintracht Frankfurt,4,0,H,2022-23
Bundesliga,2023-04-22,Hertha Berlin,Werder Bremen,2,4,A,2022-23
Bundesliga,2023-04-22,Mainz,Bayern Munich,3,1,H,2022-23
Bundesliga,2023-04-22,TSG Hoffenheim,FC Cologne,1,3,A,2022-23
Bundesliga,2023-04-22,VfL Bochum,VfL Wolfsburg,1,5,A,2022-23
Bundesliga,2023-04-23,Bayer Leverkusen,RB Leipzig,2,0,H,2022-23
Bundesliga,2023-04-23,Borussia Mönchengladbach,1. FC Union Berlin,0,1,A,2022-23
Bundesliga,2023-04-23,SC Freiburg,Schalke 04,4,0,H,2022-23
Bundesliga,2023-04-28,VfL Bochum,Borussia Dortmund,1,1,D,2022-23
Bundesliga,2023-04-29,1. FC Union Berlin,Bayer Leverkusen,0,0,D,2022-23
Bundesliga,2023-04-29,Eintracht Frankfurt,FC Augsburg,1,1,D,2022-23
Bundesliga,2023-04-29,FC Cologne,SC Freiburg,0,1,A,2022-23
Bundesliga,2023-04-29,RB Leipzig,TSG Hoffenheim,1,0,H,2022-23
Bundesliga,2023-04-29,Schalke 04,Werder Bremen,2,1,H,2022-23
Bundesliga,2023-04-29,VfB Stuttgart,Borussia Mönchengladbach,2,1,H,2022-23
Bundesliga,2023-04-30,Bayern Munich,Hertha Berlin,2,0,H,2022-23
Bundesliga,2023-04-30,VfL Wolfsburg,Mainz,3,0,H,2022-23
Bundesliga,2023-05-05,Bayer Leverkusen,FC Cologne,1,2,A,2022-23
Bundesliga,2023-05-05,Mainz,Schalke 04,2,3,A,2022-23
Bundesliga,2023-05-06,Borussia Mönchengladbach,VfL Bochum,2,0,H,2022-23
Bundesliga,2023-05-06,FC Augsburg,1. FC Union Berlin,1,0,H,2022-23
Bundesliga,2023-05-06,Hertha Berlin,VfB Stuttgart,2,1,H,2022-23
Bundesliga,2023-05-06,SC Freiburg,RB Leipzig,0,1,A,2022-23
Bundesliga,2023-05-06,TSG Hoffenheim,Eintracht Frankfurt,3,1,H,2022-23
Bundesliga,2023-05-06,Werder Bremen,Bayern Munich,1,2,A,2022-23
Bundesliga,2023-05-07,Borussia Dortmund,VfL Wolfsburg,6,0,H,2022-23
Bundesliga,2023-05-12,FC Cologne,Hertha Berlin,5,2,H,2022-23
Bundesliga,2023-05-13,1. FC Union Berlin,SC Freiburg,4,2,H,2022-23
Bundesliga,2023-05-13,Bayern Munich,Schalke 04,6,0,H,2022-23
Bundesliga,2023-05-13,Borussia Dortmund,Borussia Mönchengladbach,5,2,H,2022-23
Bundesliga,2023-05-13,Eintracht Frankfurt,Mainz,3,0,H,2022-23
Bundesliga,2023-05-13,VfL Bochum,FC Augsburg,3,2,H,2022-23
Bundesliga,2023-05-13,VfL Wolfsburg,TSG Hoffenheim,2,1,H,2022-23
Bundesliga,2023-05-14,RB Leipzig,Werder Bremen,2,1,H,2022-23
Bundesliga,2023-05-14,VfB Stuttgart,Bayer Leverkusen,1,1,D,2022-23
Bundesliga,2023-05-19,SC Freiburg,VfL Wolfsburg,2,0,H,2022-23
Bundesliga,2023-05-20,Bayern Munich,RB Leipzig,1,3,A,2022-23
Bundesliga,2023-05-20,Hertha Berlin,VfL Bochum,1,1,D,2022-23
Bundesliga,2023-05-20,Schalke 04,Eintracht Frankfurt,2,2,D,2022-23
Bundesliga,2023-05-20,TSG Hoffenheim,1. FC Union Berlin,4,2,H,2022-23
Bundesliga,2023-05-20,Werder Bremen,FC Cologne,1,1,D,2022-23
Bundesliga,2023-05-21,Bayer Leverkusen,Borussia Mönchengladbach,2,2,D,2022-23
Bundesliga,2023-05-21,FC Augsburg,Borussia Dortmund,0,3,A,2022-23
Bundesliga,2023-05-21,Mainz,VfB Stuttgart,1,4,A,2022-23
Bundesliga,2023-05-27,1. FC Union Berlin,Werder Bremen,1,0,H,2022-23
Bundesliga,2023-05-27,Borussia Dortmund,Mainz,2,2,D,2022-23
Bundesliga,2023-05-27,Borussia Mönchengladbach,FC Augsburg,2,0,H,2022-23
Bundesliga,2023-05-27,Eintracht Frankfurt,SC Freiburg,2,1,H,2022-23
Bundesliga,2023-05-27,FC Cologne,Bayern Munich,1,2,A,2022-23
Bundesliga,2023-05-27,RB Leipzig,Schalke 04,4,2,H,2022-23
Bundesliga,2023-05-27,VfB Stuttgart,TSG Hoffenheim,1,1,D,2022-23
Bundesliga,2023-05-27,VfL Bochum,Bayer Leverkusen,3,0,H,2022-23
Bundesliga,2023-05-27,VfL Wolfsburg,Hertha Berlin,1,2,A,2022-23
Bundesliga,2023-08-18,Werder Bremen,Bayern Munich,0,4,A,2023-24
Bundesliga,2023-08-19,Bayer Leverkusen,RB Leipzig,3,2,H,2023-24
Bundesliga,2023-08-19,Borussia Dortmund,FC Cologne,1,0,H,2023-24
Bundesliga,2023-08-19,FC Augsburg,Borussia Mönchengladbach,4,4,D,2023-24
Bundesliga,2023-08-19,TSG Hoffenheim,SC Freiburg,1,2,A,2023-24
Bundesliga,2023-08-19,VfB Stuttgart,VfL Bochum,5,0,H,2023-24
Bundesliga,2023-08-19,VfL Wolfsburg,1. FC Heidenheim 1846,2,0,H,2023-24
Bundesliga,2023-08-20,1. FC Union Berlin,Mainz,4,1,H,2023-24
Bundesliga,2023-08-20,Eintracht Frankfurt,SV Darmstadt 98,1,0,H,2023-24
Bundesliga,2023-08-25,RB Leipzig,VfB Stuttgart,5,1,H,2023-24
Bundesliga,2023-08-26,1. FC Heidenheim 1846,TSG Hoffenheim,2,3,A,2023-24
Bundesliga,2023-08-26,Borussia Mönchengladbach,Bayer Leverkusen,0,3,A,2023-24
Bundesliga,2023-08-26,FC Cologne,VfL Wolfsburg,1,2,A,2023-24
Bundesliga,2023-08-26,SC Freiburg,Werder Bremen,1,0,H,2023-24
Bundesliga,2023-08-26,SV Darmstadt 98,1. FC Union Berlin,1,4,A,2023-24
Bundesliga,2023-08-26,VfL Bochum,Borussia Dortmund,1,1,D,2023-24
Bundesliga,2023-08-27,Bayern Munich,FC Augsburg,3,1,H,2023-24
Bundesliga,2023-08-27,Mainz,Eintracht Frankfurt,1,1,D,2023-24
Bundesliga,2023-09-01,Borussia Dortmund,1. FC Heidenheim 1846,2,2,D,2023-24
Bundesliga,2023-09-02,Bayer Leverkusen,SV Darmstadt 98,5,1,H,2023-24
Bundesliga,2023-09-02,Borussia Mönchengladbach,Bayern Munich,1,2,A,2023-24
Bundesliga,2023-09-02,FC Augsburg,VfL Bochum,2,2,D,2023-24
Bundesliga,2023-09-02,TSG Hoffenheim,VfL Wolfsburg,3,1,H,2023-24
Bundesliga,2023-09-02,VfB Stuttgart,SC Freiburg,5,0,H,2023-24
Bundesliga,2023-09-02,Werder Bremen,Mainz,4,0,H,2023-24
Bundesliga,2023-09-03,1. FC Union Berlin,RB Leipzig,0,3,A,2023-24
Bundesliga,2023-09-03,Eintracht Frankfurt,FC Cologne,1,1,D,2023-24
Bundesliga,2023-09-15,Bayern Munich,Bayer Leverkusen,2,2,D,2023-24
Bundesliga,2023-09-16,FC Cologne,TSG Hoffenheim,1,3,A,2023-24
Bundesliga,2023-09-16,Mainz,VfB Stuttgart,1,3,A,2023-24
Bundesliga,2023-09-16,RB Leipzig,FC Augsburg,3,0,H,2023-24
Bundesliga,2023-09-16,SC Freiburg,Borussia Dortmund,2,4,A,2023-24
Bundesliga,2023-09-16,VfL Bochum,Eintracht Frankfurt,1,1,D,2023-24
Bundesliga,2023-09-16,VfL Wolfsburg,1. FC Union Berlin,2,1,H,2023-24
Bundesliga,2023-09-17,1. FC Heidenheim 1846,Werder Bremen,4,2,H,2023-24
Bundesliga,2023-09-17,SV Darmstadt 98,Borussia Mönchengladbach,3,3,D,2023-24
Bundesliga,2023-09-22,VfB Stuttgart,SV Darmstadt 98,3,1,H,2023-24
Bundesliga,2023-09-23,1. FC Union Berlin,TSG Hoffenheim,0,2,A,2023-24
Bundesliga,2023-09-23,Bayern Munich,VfL Bochum,7,0,H,2023-24
Bundesliga,2023-09-23,Borussia Dortmund,VfL Wolfsburg,1,0,H,2023-24
Bundesliga,2023-09-23,Borussia Mönchengladbach,RB Leipzig,0,1,A,2023-24
Bundesliga,2023-09-23,FC Augsburg,Mainz,2,1,H,2023-24
Bundesliga,2023-09-23,Werder Bremen,FC Cologne,2,1,H,2023-24
Bundesliga,2023-09-24,Bayer Leverkusen,1. FC Heidenheim 1846,4,1,H,2023-24
Bundesliga,2023-09-24,Eintracht Frankfurt,SC Freiburg,0,0,D,2023-24
Bundesliga,2023-09-29,TSG Hoffenheim,Borussia Dortmund,1,3,A,2023-24
Bundesliga,2023-09-30,1. FC Heidenheim 1846,1. FC Union Berlin,1,0,H,2023-24
Bundesliga,2023-09-30,FC Cologne,VfB Stuttgart,0,2,A,2023-24
Bundesliga,2023-09-30,Mainz,Bayer Leverkusen,0,3,A,2023-24
Bundesliga,2023-09-30,RB Leipzig,Bayern Munich,2,2,D,2023-24
Bundesliga,2023-09-30,VfL Bochum,Borussia Mönchengladbach,1,3,A,2023-24
Bundesliga,2023-09-30,VfL Wolfsburg,Eintracht Frankfurt,2,0,H,2023-24
Bundesliga,2023-10-01,SC Freiburg,FC Augsburg,2,0,H,2023-24
Bundesliga,2023-10-01,SV Darmstadt 98,Werder Bremen,4,2,H,2023-24
Bundesliga,2023-10-06,Borussia Mönchengladbach,Mainz,2,2,D,2023-24
Bundesliga,2023-10-07,Borussia Dortmund,1. FC Union Berlin,4,2,H,2023-24
Bundesliga,2023-10-07,FC Augsburg,SV Darmstadt 98,1,2,A,2023-24
Bundesliga,2023-10-07,RB Leipzig,VfL Bochum,0,0,D,2023-24
Bundesliga,2023-10-07,VfB Stuttgart,VfL Wolfsburg,3,1,H,2023-24
Bundesliga,2023-10-07,Werder Bremen,TSG Hoffenheim,2,3,A,2023-24
Bundesliga,2023-10-08,Bayer Leverkusen,FC Cologne,3,0,H,2023-24
Bundesliga,2023-10-08,Bayern Munich,SC Freiburg,3,0,H,2023-24
Bundesliga,2023-10-08,Eintracht Frankfurt,1. FC Heidenheim 1846,2,0,H,2023-24
Bundesliga,2023-10-20,Borussia Dortmund,Werder Bremen,1,0,H,2023-24
Bundesliga,2023-10-21,1. FC Union Berlin,VfB Stuttgart,0,3,A,2023-24
Bundesliga,2023-10-21,Mainz,Bayern Munich,1,3,A,2023-24
Bundesliga,2023-10-21,SC Freiburg,VfL Bochum,2,1,H,2023-24
Bundesliga,2023-10-21,SV Darmstadt 98,RB Leipzig,1,3,A,2023-24
Bundesliga,2023-10-21,TSG Hoffenheim,Eintracht Frankfurt,1,3,A,2023-24
Bundesliga,2023-10-21,VfL Wolfsburg,Bayer Leverkusen,1,2,A,2023-24
Bundesliga,2023-10-22,1. FC Heidenheim 1846,FC Augsburg,2,5,A,2023-24
Bundesliga,2023-10-22,FC Cologne,Borussia Mönchengladbach,3,1,H,2023-24
Bundesliga,2023-10-27,VfL Bochum,Mainz,2,2,D,2023-24
Bundesliga,2023-10-28,Bayern Munich,SV Darmstadt 98,8,0,H,2023-24
Bundesliga,2023-10-28,Borussia Mönchengladbach,1. FC Heidenheim 1846,2,1,H,2023-24
Bundesliga,2023-10-28,FC Augsburg,VfL Wolfsburg,3,2,H,2023-24
Bundesliga,2023-10-28,RB Leipzig,FC Cologne,6,0,H,2023-24
Bundesliga,2023-10-28,VfB Stuttgart,TSG Hoffenheim,2,3,A,2023-24
Bundesliga,2023-10-28,Werder Bremen,1. FC Union Berlin,2,0,H,2023-24
Bundesliga,2023-10-29,Bayer Leverkusen,SC Freiburg,2,1,H,2023-24
Bundesliga,2023-10-29,Eintracht Frankfurt,Borussia Dortmund,3,3,D,2023-24
Bundesliga,2023-11-03,SV Darmstadt 98,VfL Bochum,1,2,A,2023-24
Bundesliga,2023-11-04,1. FC Union Berlin,Eintracht Frankfurt,0,3,A,2023-24
Bundesliga,2023-11-04,Borussia Dortmund,Bayern Munich,0,4,A,2023-24
Bundesliga,2023-11-04,FC Cologne,FC Augsburg,1,1,D,2023-24
Bundesliga,2023-11-04,Mainz,RB Leipzig,2,0,H,2023-24
Bundesliga,2023-11-04,SC Freiburg,Borussia Mönchengladbach,3,3,D,2023-24
Bundesliga,2023-11-04,TSG Hoffenheim,Bayer Leverkusen,2,3,A,2023-24
Bundesliga,2023-11-05,1. FC Heidenheim 1846,VfB Stuttgart,2,0,H,2023-24
Bundesliga,2023-11-05,VfL Wolfsburg,Werder Bremen,2,2,D,2023-24
Bundesliga,2023-11-10,Borussia Mönchengladbach,VfL Wolfsburg,4,0,H,2023-24
Bundesliga,2023-11-11,Bayern Munich,1. FC Heidenheim 1846,4,2,H,2023-24
Bundesliga,2023-11-11,FC Augsburg,TSG Hoffenheim,1,1,D,2023-24
Bundesliga,2023-11-11,SV Darmstadt 98,Mainz,0,0,D,2023-24
Bundesliga,2023-11-11,VfB Stuttgart,Borussia Dortmund,2,1,H,2023-24
Bundesliga,2023-11-11,VfL Bochum,FC Cologne,1,1,D,2023-24
Bundesliga,2023-11-12,Bayer Leverkusen,1. FC Union Berlin,4,0,H,2023-24
Bundesliga,2023-11-12,RB Leipzig,SC Freiburg,3,1,H,2023-24
Bundesliga,2023-11-12,Werder Bremen,Eintracht Frankfurt,2,2,D,2023-24
Bundesliga,2023-11-24,FC Cologne,Bayern Munich,0,1,A,2023-24
Bundesliga,2023-11-25,1. FC Union Berlin,FC Augsburg,1,1,D,2023-24
Bundesliga,2023-11-25,Borussia Dortmund,Borussia Mönchengladbach,4,2,H,2023-24
Bundesliga,2023-11-25,Eintracht Frankfurt,VfB Stuttgart,1,2,A,2023-24
Bundesliga,2023-11-25,SC Freiburg,SV Darmstadt 98,1,1,D,2023-24
Bundesliga,2023-11-25,VfL Wolfsburg,RB Leipzig,2,1,H,2023-24
Bundesliga,2023-11-25,Werder Bremen,Bayer Leverkusen,0,3,A,2023-24
Bundesliga,2023-11-26,1. FC Heidenheim 1846,VfL Bochum,0,0,D,2023-24
Bundesliga,2023-11-26,TSG Hoffenheim,Mainz,1,1,D,2023-24
Bundesliga,2023-12-01,SV Darmstadt 98,FC Cologne,0,1,A,2023-24
Bundesliga,2023-12-02,Borussia Mönchengladbach,TSG Hoffenheim,2,1,H,2023-24
Bundesliga,2023-12-02,RB Leipzig,1. FC Heidenheim 1846,2,1,H,2023-24
Bundesliga,2023-12-02,VfB Stuttgart,Werder Bremen,2,0,H,2023-24
Bundesliga,2023-12-02,VfL Bochum,VfL Wolfsburg,3,1,H,2023-24
Bundesliga,2023-12-03,Bayer Leverkusen,Borussia Dortmund,1,1,D,2023-24
Bundesliga,2023-12-03,FC Augsburg,Eintracht Frankfurt,2,1,H,2023-24
Bundesliga,2023-12-03,Mainz,SC Freiburg,0,1,A,2023-24
Bundesliga,2023-12-08,TSG Hoffenheim,VfL Bochum,3,1,H,2023-24
Bundesliga,2023-12-09,1. FC Heidenheim 1846,SV Darmstadt 98,3,2,H,2023-24
Bundesliga,2023-12-09,1. FC Union Berlin,Borussia Mönchengladbach,3,1,H,2023-24
Bundesliga,2023-12-09,Borussia Dortmund,RB Leipzig,2,3,A,2023-24
Bundesliga,2023-12-09,Eintracht Frankfurt,Bayern Munich,5,1,H,2023-24
Bundesliga,2023-12-09,VfL Wolfsburg,SC Freiburg,0,1,A,2023-24
Bundesliga,2023-12-09,Werder Bremen,FC Augsburg,2,0,H,2023-24
Bundesliga,2023-12-10,FC Cologne,Mainz,0,0,D,2023-24
Bundesliga,2023-12-10,VfB Stuttgart,Bayer Leverkusen,1,1,D,2023-24
Bundesliga,2023-12-15,Borussia Mönchengladbach,Werder Bremen,2,2,D,2023-24
Bundesliga,2023-12-16,FC Augsburg,Borussia Dortmund,1,1,D,2023-24
Bundesliga,2023-12-16,Mainz,1. FC Heidenheim 1846,0,1,A,2023-24
Bundesliga,2023-12-16,RB Leipzig,TSG Hoffenheim,3,1,H,2023-24
Bundesliga,2023-12-16,SV Darmstadt 98,VfL Wolfsburg,0,1,A,2023-24
Bundesliga,2023-12-16,VfL Bochum,1. FC Union Berlin,3,0,H,2023-24
Bundesliga,2023-12-17,Bayer Leverkusen,Eintracht Frankfurt,3,0,H,2023-24
Bundesliga,2023-12-17,Bayern Munich,VfB Stuttgart,3,0,H,2023-24
Bundesliga,2023-12-17,SC Freiburg,FC Cologne,2,0,H,2023-24
Bundesliga,2023-12-19,Borussia Dortmund,Mainz,1,1,D,2023-24
Bundesliga,2023-12-19,TSG Hoffenheim,SV Darmstadt 98,3,3,D,2023-24
Bundesliga,2023-12-19,Werder Bremen,RB Leipzig,1,1,D,2023-24
Bundesliga,2023-12-20,1. FC Heidenheim 1846,SC Freiburg,3,2,H,2023-24
Bundesliga,2023-12-20,1. FC Union Berlin,FC Cologne,2,0,H,2023-24
Bundesliga,2023-12-20,Bayer Leverkusen,VfL Bochum,4,0,H,2023-24
Bundesliga,2023-12-20,Eintracht Frankfurt,Borussia Mönchengladbach,2,1,H,2023-24
Bundesliga,2023-12-20,VfB Stuttgart,FC Augsburg,3,0,H,2023-24
Bundesliga,2023-12-20,VfL Wolfsburg,Bayern Munich,1,2,A,2023-24
Bundesliga,2024-01-12,Bayern Munich,TSG Hoffenheim,3,0,H,2023-24
Bundesliga,2024-01-13,FC Augsburg,Bayer Leverkusen,0,1,A,2023-24
Bundesliga,2024-01-13,FC Cologne,1. FC Heidenheim 1846,1,1,D,2023-24
Bundesliga,2024-01-13,Mainz,VfL Wolfsburg,1,1,D,2023-24
Bundesliga,2024-01-13,RB Leipzig,Eintracht Frankfurt,0,1,A,2023-24
Bundesliga,2024-01-13,SC Freiburg,1. FC Union Berlin,0,0,D,2023-24
Bundesliga,2024-01-13,SV Darmstadt 98,Borussia Dortmund,0,3,A,2023-24
Bundesliga,2024-01-14,Borussia Mönchengladbach,VfB Stuttgart,3,1,H,2023-24
Bundesliga,2024-01-14,VfL Bochum,Werder Bremen,1,1,D,2023-24
Bundesliga,2024-01-20,1. FC Heidenheim 1846,VfL Wolfsburg,1,1,D,2023-24
Bundesliga,2024-01-20,FC Cologne,Borussia Dortmund,0,4,A,2023-24
Bundesliga,2024-01-20,RB Leipzig,Bayer Leverkusen,2,3,A,2023-24
Bundesliga,2024-01-20,SC Freiburg,TSG Hoffenheim,3,2,H,2023-24
Bundesliga,2024-01-20,SV Darmstadt 98,Eintracht Frankfurt,2,2,D,2023-24
Bundesliga,2024-01-20,VfL Bochum,VfB Stuttgart,1,0,H,2023-24
Bundesliga,2024-01-21,Bayern Munich,Werder Bremen,0,1,A,2023-24
Bundesliga,2024-01-21,Borussia Mönchengladbach,FC Augsburg,1,2,A,2023-24
Bundesliga,2024-01-24,Bayern Munich,1. FC Union Berlin,1,0,H,2023-24
Bundesliga,2024-01-26,Eintracht Frankfurt,Mainz,1,0,H,2023-24
Bundesliga,2024-01-27,Bayer Leverkusen,Borussia Mönchengladbach,0,0,D,2023-24
Bundesliga,2024-01-27,FC Augsburg,Bayern Munich,2,3,A,2023-24
Bundesliga,2024-01-27,TSG Hoffenheim,1. FC Heidenheim 1846,1,1,D,2023-24
Bundesliga,2024-01-27,VfB Stuttgart,RB Leipzig,5,2,H,2023-24
Bundesliga,2024-01-27,VfL Wolfsburg,FC Cologne,1,1,D,2023-24
Bundesliga,2024-01-27,Werder Bremen,SC Freiburg,3,1,H,2023-24
Bundesliga,2024-01-28,1. FC Union Berlin,SV Darmstadt 98,1,0,H,2023-24
Bundesliga,2024-01-28,Borussia Dortmund,VfL Bochum,3,1,H,2023-24
Bundesliga,2024-02-02,1. FC Heidenheim 1846,Borussia Dortmund,0,0,D,2023-24
Bundesliga,2024-02-03,Bayern Munich,Borussia Mönchengladbach,3,1,H,2023-24
Bundesliga,2024-02-03,FC Cologne,Eintracht Frankfurt,2,0,H,2023-24
Bundesliga,2024-02-03,Mainz,Werder Bremen,0,1,A,2023-24
Bundesliga,2024-02-03,SC Freiburg,VfB Stuttgart,1,3,A,2023-24
Bundesliga,2024-02-03,SV Darmstadt 98,Bayer Leverkusen,0,2,A,2023-24
Bundesliga,2024-02-03,VfL Bochum,FC Augsburg,1,1,D,2023-24
Bundesliga,2024-02-04,RB Leipzig,1. FC Union Berlin,2,0,H,2023-24
Bundesliga,2024-02-04,VfL Wolfsburg,TSG Hoffenheim,2,2,D,2023-24
Bundesliga,2024-02-07,Mainz,1. FC Union Berlin,1,1,D,2023-24
Bundesliga,2024-02-09,Borussia Dortmund,SC Freiburg,3,0,H,2023-24
Bundesliga,2024-02-10,1. FC Union Berlin,VfL Wolfsburg,1,0,H,2023-24
Bundesliga,2024-02-10,Bayer Leverkusen,Bayern Munich,3,0,H,2023-24
Bundesliga,2024-02-10,Borussia Mönchengladbach,SV Darmstadt 98,0,0,D,2023-24
Bundesliga,2024-02-10,Eintracht Frankfurt,VfL Bochum,1,1,D,2023-24
Bundesliga,2024-02-10,FC Augsburg,RB Leipzig,2,2,D,2023-24
Bundesliga,2024-02-10,Werder Bremen,1. FC Heidenheim 1846,1,2,A,2023-24
Bundesliga,2024-02-11,TSG Hoffenheim,FC Cologne,1,1,D,2023-24
Bundesliga,2024-02-11,VfB Stuttgart,Mainz,3,1,H,2023-24
Bundesliga,2024-02-16,FC Cologne,Werder Bremen,0,1,A,2023-24
Bundesliga,2024-02-17,1. FC Heidenheim 1846,Bayer Leverkusen,1,2,A,2023-24
Bundesliga,2024-02-17,Mainz,FC Augsburg,1,0,H,2023-24
Bundesliga,2024-02-17,RB Leipzig,Borussia Mönchengladbach,2,0,H,2023-24
Bundesliga,2024-02-17,SV Darmstadt 98,VfB Stuttgart,1,2,A,2023-24
Bundesliga,2024-02-17,TSG Hoffenheim,1. FC Union Berlin,0,1,A,2023-24
Bundesliga,2024-02-17,VfL Wolfsburg,Borussia Dortmund,1,1,D,2023-24
Bundesliga,2024-02-18,SC Freiburg,Eintracht Frankfurt,3,3,D,2023-24
Bundesliga,2024-02-18,VfL Bochum,Bayern Munich,3,2,H,2023-24
Bundesliga,2024-02-23,Bayer Leverkusen,Mainz,2,1,H,2023-24
Bundesliga,2024-02-24,1. FC Union Berlin,1. FC Heidenheim 1846,2,2,D,2023-24
Bundesliga,2024-02-24,Bayern Munich,RB Leipzig,2,1,H,2023-24
Bundesliga,2024-02-24,Borussia Mönchengladbach,VfL Bochum,5,2,H,2023-24
Bundesliga,2024-02-24,VfB Stuttgart,FC Cologne,1,1,D,2023-24
Bundesliga,2024-02-24,Werder Bremen,SV Darmstadt 98,1,1,D,2023-24
Bundesliga,2024-02-25,Borussia Dortmund,TSG Hoffenheim,2,3,A,2023-24
Bundesliga,2024-02-25,Eintracht Frankfurt,VfL Wolfsburg,2,2,D,2023-24
Bundesliga,2024-02-25,FC Augsburg,SC Freiburg,2,1,H,2023-24
Bundesliga,2024-03-01,SC Freiburg,Bayern Munich,2,2,D,2023-24
Bundesliga,2024-03-02,1. FC Heidenheim 1846,Eintracht Frankfurt,1,2,A,2023-24
Bundesliga,2024-03-02,1. FC Union Berlin,Borussia Dortmund,0,2,A,2023-24
Bundesliga,2024-03-02,Mainz,Borussia Mönchengladbach,1,1,D,2023-24
Bundesliga,2024-03-02,SV Darmstadt 98,FC Augsburg,0,6,A,2023-24
Bundesliga,2024-03-02,VfL Bochum,RB Leipzig,1,4,A,2023-24
Bundesliga,2024-03-02,VfL Wolfsburg,VfB Stuttgart,2,3,A,2023-24
Bundesliga,2024-03-03,FC Cologne,Bayer Leverkusen,0,2,A,2023-24
Bundesliga,2024-03-03,TSG Hoffenheim,Werder Bremen,2,1,H,2023-24
Bundesliga,2024-03-08,VfB Stuttgart,1. FC Union Berlin,2,0,H,2023-24
Bundesliga,2024-03-09,Bayern Munich,Mainz,8,1,H,2023-24
Bundesliga,2024-03-09,Borussia Mönchengladbach,FC Cologne,3,3,D,2023-24
Bundesliga,2024-03-09,FC Augsburg,1. FC Heidenheim 1846,1,0,H,2023-24
Bundesliga,2024-03-09,RB Leipzig,SV Darmstadt 98,2,0,H,2023-24
Bundesliga,2024-03-09,Werder Bremen,Borussia Dortmund,1,2,A,2023-24
Bundesliga,2024-03-10,Bayer Leverkusen,VfL Wolfsburg,2,0,H,2023-24
Bundesliga,2024-03-10,Eintracht Frankfurt,TSG Hoffenheim,3,1,H,2023-24
Bundesliga,2024-03-10,VfL Bochum,SC Freiburg,1,2,A,2023-24
Bundesliga,2024-03-15,FC Cologne,RB Leipzig,1,5,A,2023-24
Bundesliga,2024-03-16,1. FC Heidenheim 1846,Borussia Mönchengladbach,1,1,D,2023-24
Bundesliga,2024-03-16,1. FC Union Berlin,Werder Bremen,2,1,H,2023-24
Bundesliga,2024-03-16,Mainz,VfL Bochum,2,0,H,2023-24
Bundesliga,2024-03-16,SV Darmstadt 98,Bayern Munich,2,5,A,2023-24
Bundesliga,2024-03-16,TSG Hoffenheim,VfB Stuttgart,0,3,A,2023-24
Bundesliga,2024-03-16,VfL Wolfsburg,FC Augsburg,1,3,A,2023-24
Bundesliga,2024-03-17,Borussia Dortmund,Eintracht Frankfurt,3,1,H,2023-24
Bundesliga,2024-03-17,SC Freiburg,Bayer Leverkusen,2,3,A,2023-24
Bundesliga,2024-03-30,Bayer Leverkusen,TSG Hoffenheim,2,1,H,2023-24
Bundesliga,2024-03-30,Bayern Munich,Borussia Dortmund,0,2,A,2023-24
Bundesliga,2024-03-30,Borussia Mönchengladbach,SC Freiburg,0,3,A,2023-24
Bundesliga,2024-03-30,Eintracht Frankfurt,1. FC Union Berlin,0,0,D,2023-24
Bundesliga,2024-03-30,RB Leipzig,Mainz,0,0,D,2023-24
Bundesliga,2024-03-30,Werder Bremen,VfL Wolfsburg,0,2,A,2023-24
Bundesliga,2024-03-31,FC Augsburg,FC Cologne,1,1,D,2023-24
Bundesliga,2024-03-31,VfB Stuttgart,1. FC Heidenheim 1846,3,3,D,2023-24
Bundesliga,2024-03-31,VfL Bochum,SV Darmstadt 98,2,2,D,2023-24
Bundesliga,2024-04-05,Eintracht Frankfurt,Werder Bremen,1,1,D,2023-24
Bundesliga,2024-04-06,1. FC Heidenheim 1846,Bayern Munich,3,2,H,2023-24
Bundesliga,2024-04-06,1. FC Union Berlin,Bayer Leverkusen,0,1,A,2023-24
Bundesliga,2024-04-06,Borussia Dortmund,VfB Stuttgart,0,1,A,2023-24
Bundesliga,2024-04-06,FC Cologne,VfL Bochum,2,1,H,2023-24
Bundesliga,2024-04-06,Mainz,SV Darmstadt 98,4,0,H,2023-24
Bundesliga,2024-04-06,SC Freiburg,RB Leipzig,1,4,A,2023-24
Bundesliga,2024-04-07,TSG Hoffenheim,FC Augsburg,3,1,H,2023-24
Bundesliga,2024-04-07,VfL Wolfsburg,Borussia Mönchengladbach,1,3,A,2023-24
Bundesliga,2024-04-12,FC Augsburg,1. FC Union Berlin,2,0,H,2023-24
Bundesliga,2024-04-13,Bayern Munich,FC Cologne,2,0,H,2023-24
Bundesliga,2024-04-13,Borussia Mönchengladbach,Borussia Dortmund,1,2,A,2023-24
Bundesliga,2024-04-13,Mainz,TSG Hoffenheim,4,1,H,2023-24
Bundesliga,2024-04-13,RB Leipzig,VfL Wolfsburg,3,0,H,2023-24
Bundesliga,2024-04-13,VfB Stuttgart,Eintracht Frankfurt,3,0,H,2023-24
Bundesliga,2024-04-13,VfL Bochum,1. FC Heidenheim 1846,1,1,D,2023-24
Bundesliga,2024-04-14,Bayer Leverkusen,Werder Bremen,5,0,H,2023-24
Bundesliga,2024-04-14,SV Darmstadt 98,SC Freiburg,0,1,A,2023-24
Bundesliga,2024-04-19,Eintracht Frankfurt,FC Augsburg,3,1,H,2023-24
Bundesliga,2024-04-20,1. FC Heidenheim 1846,RB Leipzig,1,2,A,2023-24
Bundesliga,2024-04-20,1. FC Union Berlin,Bayern Munich,1,5,A,2023-24
Bundesliga,2024-04-20,FC Cologne,SV Darmstadt 98,0,2,A,2023-24
Bundesliga,2024-04-20,TSG Hoffenheim,Borussia Mönchengladbach,4,3,H,2023-24
Bundesliga,2024-04-20,VfL Wolfsburg,VfL Bochum,1,0,H,2023-24
Bundesliga,2024-04-21,Borussia Dortmund,Bayer Leverkusen,1,1,D,2023-24
Bundesliga,2024-04-21,SC Freiburg,Mainz,1,1,D,2023-24
Bundesliga,2024-04-21,Werder Bremen,VfB Stuttgart,2,1,H,2023-24
Bundesliga,2024-04-26,VfL Bochum,TSG Hoffenheim,3,2,H,2023-24
Bundesliga,2024-04-27,Bayer Leverkusen,VfB Stuttgart,2,2,D,2023-24
Bundesliga,2024-04-27,Bayern Munich,Eintracht Frankfurt,2,1,H,2023-24
Bundesliga,2024-04-27,FC Augsburg,Werder Bremen,0,3,A,2023-24
Bundesliga,2024-04-27,RB Leipzig,Borussia Dortmund,4,1,H,2023-24
Bundesliga,2024-04-27,SC Freiburg,VfL Wolfsburg,1,2,A,2023-24
Bundesliga,2024-04-28,Borussia Mönchengladbach,1. FC Union Berlin,0,0,D,2023-24
Bundesliga,2024-04-28,Mainz,FC Cologne,1,1,D,2023-24
Bundesliga,2024-04-28,SV Darmstadt 98,1. FC Heidenheim 1846,0,1,A,2023-24
Bundesliga,2024-05-03,TSG Hoffenheim,RB Leipzig,1,1,D,2023-24
Bundesliga,2024-05-04,Borussia Dortmund,FC Augsburg,5,1,H,2023-24
Bundesliga,2024-05-04,FC Cologne,SC Freiburg,0,0,D,2023-24
Bundesliga,2024-05-04,VfB Stuttgart,Bayern Munich,3,1,H,2023-24
Bundesliga,2024-05-04,VfL Wolfsburg,SV Darmstadt 98,3,0,H,2023-24
Bundesliga,2024-05-04,Werder Bremen,Borussia Mönchengladbach,2,2,D,2023-24
Bundesliga,2024-05-05,1. FC Heidenheim 1846,Mainz,1,1,D,2023-24
Bundesliga,2024-05-05,1. FC Union Berlin,VfL Bochum,3,4,A,2023-24
Bundesliga,2024-05-05,Eintracht Frankfurt,Bayer Leverkusen,1,5,A,2023-24
Bundesliga,2024-05-10,FC Augsburg,VfB Stuttgart,0,1,A,2023-24
Bundesliga,2024-05-11,Borussia Mönchengladbach,Eintracht Frankfurt,1,1,D,2023-24
Bundesliga,2024-05-11,FC Cologne,1. FC Union Berlin,3,2,H,2023-24
Bundesliga,2024-05-11,Mainz,Borussia Dortmund,3,0,H,2023-24
Bundesliga,2024-05-11,RB Leipzig,Werder Bremen,1,1,D,2023-24
Bundesliga,2024-05-11,SC Freiburg,1. FC Heidenheim 1846,1,1,D,2023-24
Bundesliga,2024-05-12,Bayern Munich,VfL Wolfsburg,2,0,H,2023-24
Bundesliga,2024-05-12,SV Darmstadt 98,TSG Hoffenheim,0,6,A,2023-24
Bundesliga,2024-05-12,VfL Bochum,Bayer Leverkusen,0,5,A,2023-24
Bundesliga,2024-05-18,1. FC Heidenheim 1846,FC Cologne,4,1,H,2023-24
Bundesliga,2024-05-18,1. FC Union Berlin,SC Freiburg,2,1,H,2023-24
Bundesliga,2024-05-18,Bayer Leverkusen,FC Augsburg,2,1,H,2023-24
Bundesliga,2024-05-18,Borussia Dortmund,SV Darmstadt 98,4,0,H,2023-24
Bundesliga,2024-05-18,Eintracht Frankfurt,RB Leipzig,2,2,D,2023-24
Bundesliga,2024-05-18,TSG Hoffenheim,Bayern Munich,4,2,H,2023-24
Bundesliga,2024-05-18,VfB Stuttgart,Borussia Mönchengladbach,4,0,H,2023-24
Bundesliga,2024-05-18,VfL Wolfsburg,Mainz,1,3,A,2023-24
Bundesliga,2024-05-18,Werder Bremen,VfL Bochum,4,1,H,2023-24
Bundesliga,2024-08-23,Borussia Mönchengladbach,Bayer Leverkusen,2,3,A,2024-25
Bundesliga,2024-08-24,Borussia Dortmund,Eintracht Frankfurt,2,0,H,2024-25
Bundesliga,2024-08-24,FC Augsburg,Werder Bremen,2,2,D,2024-25
Bundesliga,2024-08-24,Mainz,1. FC Union Berlin,1,1,D,2024-25
Bundesliga,2024-08-24,RB Leipzig,VfL Bochum,1,0,H,2024-25
Bundesliga,2024-08-24,SC Freiburg,VfB Stuttgart,3,1,H,2024-25
Bundesliga,2024-08-24,TSG Hoffenheim,Holstein Kiel,3,2,H,2024-25
Bundesliga,2024-08-25,St. Pauli,1. FC Heidenheim 1846,0,2,A,2024-25
Bundesliga,2024-08-25,VfL Wolfsburg,Bayern Munich,2,3,A,2024-25
Bundesliga,2024-08-30,1. FC Union Berlin,St. Pauli,1,0,H,2024-25
Bundesliga,2024-08-31,Bayer Leverkusen,RB Leipzig,2,3,A,2024-25
Bundesliga,2024-08-31,Eintracht Frankfurt,TSG Hoffenheim,3,1,H,2024-25
Bundesliga,2024-08-31,Holstein Kiel,VfL Wolfsburg,0,2,A,2024-25
Bundesliga,2024-08-31,VfB Stuttgart,Mainz,3,3,D,2024-25
Bundesliga,2024-08-31,VfL Bochum,Borussia Mönchengladbach,0,2,A,2024-25
Bundesliga,2024-08-31,Werder Bremen,Borussia Dortmund,0,0,D,2024-25
Bundesliga,2024-09-01,1. FC Heidenheim 1846,FC Augsburg,4,0,H,2024-25
Bundesliga,2024-09-01,Bayern Munich,SC Freiburg,2,0,H,2024-25
Bundesliga,2024-09-13,Borussia Dortmund,1. FC Heidenheim 1846,4,2,H,2024-25
Bundesliga,2024-09-14,Borussia Mönchengladbach,VfB Stuttgart,1,3,A,2024-25
Bundesliga,2024-09-14,Holstein Kiel,Bayern Munich,1,6,A,2024-25
Bundesliga,2024-09-14,RB Leipzig,1. FC Union Berlin,0,0,D,2024-25
Bundesliga,2024-09-14,SC Freiburg,VfL Bochum,2,1,H,2024-25
Bundesliga,2024-09-14,TSG Hoffenheim,Bayer Leverkusen,1,4,A,2024-25
Bundesliga,2024-09-14,VfL Wolfsburg,Eintracht Frankfurt,1,2,A,2024-25
Bundesliga,2024-09-15,FC Augsburg,St. Pauli,3,1,H,2024-25
Bundesliga,2024-09-15,Mainz,Werder Bremen,1,2,A,2024-25
Bundesliga,2024-09-20,FC Augsburg,Mainz,2,3,A,2024-25
Bundesliga,2024-09-21,1. FC Heidenheim 1846,SC Freiburg,0,3,A,2024-25
Bundesliga,2024-09-21,1. FC Union Berlin,TSG Hoffenheim,2,1,H,2024-25
Bundesliga,2024-09-21,Eintracht Frankfurt,Borussia Mönchengladbach,2,0,H,2024-25
Bundesliga,2024-09-21,VfL Bochum,Holstein Kiel,2,2,D,2024-25
Bundesliga,2024-09-21,Werder Bremen,Bayern Munich,0,5,A,2024-25
Bundesliga,2024-09-22,Bayer Leverkusen,VfL Wolfsburg,4,3,H,2024-25
Bundesliga,2024-09-22,St. Pauli,RB Leipzig,0,0,D,2024-25
Bundesliga,2024-09-22,VfB Stuttgart,Borussia Dortmund,5,1,H,2024-25
Bundesliga,2024-09-27,Borussia Dortmund,VfL Bochum,4,2,H,2024-25
Bundesliga,2024-09-28,Bayern Munich,Bayer Leverkusen,1,1,D,2024-25
Bundesliga,2024-09-28,Borussia Mönchengladbach,1. FC Union Berlin,1,0,H,2024-25
Bundesliga,2024-09-28,Mainz,1. FC Heidenheim 1846,0,2,A,2024-25
Bundesliga,2024-09-28,RB Leipzig,FC Augsburg,4,0,H,2024-25
Bundesliga,2024-09-28,SC Freiburg,St. Pauli,0,3,A,2024-25
Bundesliga,2024-09-28,VfL Wolfsburg,VfB Stuttgart,2,2,D,2024-25
Bundesliga,2024-09-29,Holstein Kiel,Eintracht Frankfurt,2,4,A,2024-25
Bundesliga,2024-09-29,TSG Hoffenheim,Werder Bremen,3,4,A,2024-25
Bundesliga,2024-10-04,FC Augsburg,Borussia Mönchengladbach,2,1,H,2024-25
Bundesliga,2024-10-05,1. FC Union Berlin,Borussia Dortmund,2,1,H,2024-25
Bundesliga,2024-10-05,Bayer Leverkusen,Holstein Kiel,2,2,D,2024-25
Bundesliga,2024-10-05,St. Pauli,Mainz,0,3,A,2024-25
Bundesliga,2024-10-05,VfL Bochum,VfL Wolfsburg,1,3,A,2024-25
Bundesliga,2024-10-05,Werder Bremen,SC Freiburg,0,1,A,2024-25
Bundesliga,2024-10-06,1. FC Heidenheim 1846,RB Leipzig,0,1,A,2024-25
Bundesliga,2024-10-06,Eintracht Frankfurt,Bayern Munich,3,3,D,2024-25
Bundesliga,2024-10-06,VfB Stuttgart,TSG Hoffenheim,1,1,D,2024-25
Bundesliga,2024-10-18,Borussia Dortmund,St. Pauli,2,1,H,2024-25
Bundesliga,2024-10-19,Bayer Leverkusen,Eintracht Frankfurt,2,1,H,2024-25
Bundesliga,2024-10-19,Bayern Munich,VfB Stuttgart,4,0,H,2024-25
Bundesliga,2024-10-19,Borussia Mönchengladbach,1. FC Heidenheim 1846,3,2,H,2024-25
Bundesliga,2024-10-19,Mainz,RB Leipzig,0,2,A,2024-25
Bundesliga,2024-10-19,SC Freiburg,FC Augsburg,3,1,H,2024-25
Bundesliga,2024-10-19,TSG Hoffenheim,VfL Bochum,3,1,H,2024-25
Bundesliga,2024-10-20,Holstein Kiel,1. FC Union Berlin,0,2,A,2024-25
Bundesliga,2024-10-20,VfL Wolfsburg,Werder Bremen,2,4,A,2024-25
Bundesliga,2024-10-25,Mainz,Borussia Mönchengladbach,1,1,D,2024-25
Bundesliga,2024-10-26,FC Augsburg,Borussia Dortmund,2,1,H,2024-25
Bundesliga,2024-10-26,RB Leipzig,SC Freiburg,3,1,H,2024-25
Bundesliga,2024-10-26,St. Pauli,VfL Wolfsburg,0,0,D,2024-25
Bundesliga,2024-10-26,VfB Stuttgart,Holstein Kiel,2,1,H,2024-25
Bundesliga,2024-10-26,Werder Bremen,Bayer Leverkusen,2,2,D,2024-25
Bundesliga,2024-10-27,1. FC Heidenheim 1846,TSG Hoffenheim,0,0,D,2024-25
Bundesliga,2024-10-27,1. FC Union Berlin,Eintracht Frankfurt,1,1,D,2024-25
Bundesliga,2024-10-27,VfL Bochum,Bayern Munich,0,5,A,2024-25
Bundesliga,2024-11-01,Bayer Leverkusen,VfB Stuttgart,0,0,D,2024-25
Bundesliga,2024-11-02,Bayern Munich,1. FC Union Berlin,3,0,H,2024-25
Bundesliga,2024-11-02,Borussia Dortmund,RB Leipzig,2,1,H,2024-25
Bundesliga,2024-11-02,Eintracht Frankfurt,VfL Bochum,7,2,H,2024-25
Bundesliga,2024-11-02,Holstein Kiel,1. FC Heidenheim 1846,1,0,H,2024-25
Bundesliga,2024-11-02,TSG Hoffenheim,St. Pauli,0,2,A,2024-25
Bundesliga,2024-11-02,VfL Wolfsburg,FC Augsburg,1,1,D,2024-25
Bundesliga,2024-11-03,Borussia Mönchengladbach,Werder Bremen,4,1,H,2024-25
Bundesliga,2024-11-03,SC Freiburg,Mainz,0,0,D,2024-25
Bundesliga,2024-11-08,1. FC Union Berlin,SC Freiburg,0,0,D,2024-25
Bundesliga,2024-11-09,Mainz,Borussia Dortmund,3,1,H,2024-25
Bundesliga,2024-11-09,RB Leipzig,Borussia Mönchengladbach,0,0,D,2024-25
Bundesliga,2024-11-09,St. Pauli,Bayern Munich,0,1,A,2024-25
Bundesliga,2024-11-09,VfL Bochum,Bayer Leverkusen,1,1,D,2024-25
Bundesliga,2024-11-09,Werder Bremen,Holstein Kiel,2,1,H,2024-25
Bundesliga,2024-11-10,1. FC Heidenheim 1846,VfL Wolfsburg,1,3,A,2024-25
Bundesliga,2024-11-10,FC Augsburg,TSG Hoffenheim,0,0,D,2024-25
Bundesliga,2024-11-10,VfB Stuttgart,Eintracht Frankfurt,2,3,A,2024-25
Bundesliga,2024-11-22,Bayern Munich,FC Augsburg,3,0,H,2024-25
Bundesliga,2024-11-23,Bayer Leverkusen,1. FC Heidenheim 1846,5,2,H,2024-25
Bundesliga,2024-11-23,Borussia Dortmund,SC Freiburg,4,0,H,2024-25
Bundesliga,2024-11-23,Eintracht Frankfurt,Werder Bremen,1,0,H,2024-25
Bundesliga,2024-11-23,TSG Hoffenheim,RB Leipzig,4,3,H,2024-25
Bundesliga,2024-11-23,VfB Stuttgart,VfL Bochum,2,0,H,2024-25
Bundesliga,2024-11-23,VfL Wolfsburg,1. FC Union Berlin,1,0,H,2024-25
Bundesliga,2024-11-24,Borussia Mönchengladbach,St. Pauli,2,0,H,2024-25
Bundesliga,2024-11-24,Holstein Kiel,Mainz,0,3,A,2024-25
Bundesliga,2024-11-29,St. Pauli,Holstein Kiel,3,1,H,2024-25
Bundesliga,2024-11-30,1. FC Union Berlin,Bayer Leverkusen,1,2,A,2024-25
Bundesliga,2024-11-30,Borussia Dortmund,Bayern Munich,1,1,D,2024-25
Bundesliga,2024-11-30,FC Augsburg,VfL Bochum,1,0,H,2024-25
Bundesliga,2024-11-30,RB Leipzig,VfL Wolfsburg,1,5,A,2024-25
Bundesliga,2024-11-30,SC Freiburg,Borussia Mönchengladbach,3,1,H,2024-25
Bundesliga,2024-11-30,Werder Bremen,VfB Stuttgart,2,2,D,2024-25
Bundesliga,2024-12-01,1. FC Heidenheim 1846,Eintracht Frankfurt,0,4,A,2024-25
Bundesliga,2024-12-01,Mainz,TSG Hoffenheim,2,0,H,2024-25
Bundesliga,2024-12-06,VfB Stuttgart,1. FC Union Berlin,3,2,H,2024-25
Bundesliga,2024-12-07,Bayer Leverkusen,St. Pauli,2,1,H,2024-25
Bundesliga,2024-12-07,Bayern Munich,1. FC Heidenheim 1846,4,2,H,2024-25
Bundesliga,2024-12-07,Borussia Mönchengladbach,Borussia Dortmund,1,1,D,2024-25
Bundesliga,2024-12-07,Eintracht Frankfurt,FC Augsburg,2,2,D,2024-25
Bundesliga,2024-12-07,Holstein Kiel,RB Leipzig,0,2,A,2024-25
Bundesliga,2024-12-07,VfL Bochum,Werder Bremen,0,1,A,2024-25
Bundesliga,2024-12-08,TSG Hoffenheim,SC Freiburg,1,1,D,2024-25
Bundesliga,2024-12-08,VfL Wolfsburg,Mainz,4,3,H,2024-25
Bundesliga,2024-12-13,SC Freiburg,VfL Wolfsburg,3,2,H,2024-25
Bundesliga,2024-12-14,1. FC Union Berlin,VfL Bochum,0,2,A,2024-25
Bundesliga,2024-12-14,Borussia Mönchengladbach,Holstein Kiel,4,1,H,2024-25
Bundesliga,2024-12-14,FC Augsburg,Bayer Leverkusen,0,2,A,2024-25
Bundesliga,2024-12-14,Mainz,Bayern Munich,2,1,H,2024-25
Bundesliga,2024-12-14,St. Pauli,Werder Bremen,0,2,A,2024-25
Bundesliga,2024-12-15,1. FC Heidenheim 1846,VfB Stuttgart,1,3,A,2024-25
Bundesliga,2024-12-15,Borussia Dortmund,TSG Hoffenheim,1,1,D,2024-25
Bundesliga,2024-12-15,RB Leipzig,Eintracht Frankfurt,2,1,H,2024-25
Bundesliga,2024-12-20,Bayern Munich,RB Leipzig,5,1,H,2024-25
Bundesliga,2024-12-21,Bayer Leverkusen,SC Freiburg,5,1,H,2024-25
Bundesliga,2024-12-21,Eintracht Frankfurt,Mainz,1,3,A,2024-25
Bundesliga,2024-12-21,Holstein Kiel,FC Augsburg,5,1,H,2024-25
Bundesliga,2024-12-21,TSG Hoffenheim,Borussia Mönchengladbach,1,2,A,2024-25
Bundesliga,2024-12-21,VfB Stuttgart,St. Pauli,0,1,A,2024-25
Bundesliga,2024-12-21,Werder Bremen,1. FC Union Berlin,4,1,H,2024-25
Bundesliga,2024-12-22,VfL Bochum,1. FC Heidenheim 1846,2,0,H,2024-25
Bundesliga,2024-12-22,VfL Wolfsburg,Borussia Dortmund,1,3,A,2024-25
Bundesliga,2025-01-10,Borussia Dortmund,Bayer Leverkusen,2,3,A,2024-25
Bundesliga,2025-01-11,1. FC Heidenheim 1846,1. FC Union Berlin,2,0,H,2024-25
Bundesliga,2025-01-11,Borussia Mönchengladbach,Bayern Munich,0,1,A,2024-25
Bundesliga,2025-01-11,Mainz,VfL Bochum,2,0,H,2024-25
Bundesliga,2025-01-11,SC Freiburg,Holstein Kiel,3,2,H,2024-25
Bundesliga,2025-01-11,St. Pauli,Eintracht Frankfurt,0,1,A,2024-25
Bundesliga,2025-01-11,TSG Hoffenheim,VfL Wolfsburg,0,1,A,2024-25
Bundesliga,2025-01-12,FC Augsburg,VfB Stuttgart,0,1,A,2024-25
Bundesliga,2025-01-12,RB Leipzig,Werder Bremen,4,2,H,2024-25
Bundesliga,2025-01-14,Bayer Leverkusen,Mainz,1,0,H,2024-25
Bundesliga,2025-01-14,Eintracht Frankfurt,SC Freiburg,4,1,H,2024-25
Bundesliga,2025-01-14,Holstein Kiel,Borussia Dortmund,4,2,H,2024-25
Bundesliga,2025-01-14,VfL Wolfsburg,Borussia Mönchengladbach,5,1,H,2024-25
Bundesliga,2025-01-15,1. FC Union Berlin,FC Augsburg,0,2,A,2024-25
Bundesliga,2025-01-15,Bayern Munich,TSG Hoffenheim,5,0,H,2024-25
Bundesliga,2025-01-15,VfB Stuttgart,RB Leipzig,2,1,H,2024-25
Bundesliga,2025-01-15,VfL Bochum,St. Pauli,1,0,H,2024-25
Bundesliga,2025-01-15,Werder Bremen,1. FC Heidenheim 1846,3,3,D,2024-25
Bundesliga,2025-01-17,Eintracht Frankfurt,Borussia Dortmund,2,0,H,2024-25
Bundesliga,2025-01-18,1. FC Heidenheim 1846,St. Pauli,0,2,A,2024-25
Bundesliga,2025-01-18,Bayer Leverkusen,Borussia Mönchengladbach,3,1,H,2024-25
Bundesliga,2025-01-18,Bayern Munich,VfL Wolfsburg,3,2,H,2024-25
Bundesliga,2025-01-18,Holstein Kiel,TSG Hoffenheim,1,3,A,2024-25
Bundesliga,2025-01-18,VfB Stuttgart,SC Freiburg,4,0,H,2024-25
Bundesliga,2025-01-18,VfL Bochum,RB Leipzig,3,3,D,2024-25
Bundesliga,2025-01-19,1. FC Union Berlin,Mainz,2,1,H,2024-25
Bundesliga,2025-01-19,Werder Bremen,FC Augsburg,0,2,A,2024-25
Bundesliga,2025-01-24,VfL Wolfsburg,Holstein Kiel,2,2,D,2024-25
Bundesliga,2025-01-25,Borussia Dortmund,Werder Bremen,2,2,D,2024-25
Bundesliga,2025-01-25,Borussia Mönchengladbach,VfL Bochum,3,0,H,2024-25
Bundesliga,2025-01-25,FC Augsburg,1. FC Heidenheim 1846,2,1,H,2024-25
Bundesliga,2025-01-25,Mainz,VfB Stuttgart,2,0,H,2024-25
Bundesliga,2025-01-25,RB Leipzig,Bayer Leverkusen,2,2,D,2024-25
Bundesliga,2025-01-25,SC Freiburg,Bayern Munich,1,2,A,2024-25
Bundesliga,2025-01-26,St. Pauli,1. FC Union Berlin,3,0,H,2024-25
Bundesliga,2025-01-26,TSG Hoffenheim,Eintracht Frankfurt,2,2,D,2024-25
Bundesliga,2025-01-31,Werder Bremen,Mainz,1,0,H,2024-25
Bundesliga,2025-02-01,1. FC Heidenheim 1846,Borussia Dortmund,1,2,A,2024-25
Bundesliga,2025-02-01,1. FC Union Berlin,RB Leipzig,0,0,D,2024-25
Bundesliga,2025-02-01,Bayern Munich,Holstein Kiel,4,3,H,2024-25
Bundesliga,2025-02-01,St. Pauli,FC Augsburg,1,1,D,2024-25
Bundesliga,2025-02-01,VfB Stuttgart,Borussia Mönchengladbach,1,2,A,2024-25
Bundesliga,2025-02-01,VfL Bochum,SC Freiburg,0,1,A,2024-25
Bundesliga,2025-02-02,Bayer Leverkusen,TSG Hoffenheim,3,1,H,2024-25
Bundesliga,2025-02-02,Eintracht Frankfurt,VfL Wolfsburg,1,1,D,2024-25
Bundesliga,2025-02-07,Bayern Munich,Werder Bremen,3,0,H,2024-25
Bundesliga,2025-02-08,Borussia Dortmund,VfB Stuttgart,1,2,A,2024-25
Bundesliga,2025-02-08,Borussia Mönchengladbach,Eintracht Frankfurt,1,1,D,2024-25
Bundesliga,2025-02-08,Mainz,FC Augsburg,0,0,D,2024-25
Bundesliga,2025-02-08,SC Freiburg,1. FC Heidenheim 1846,1,0,H,2024-25
Bundesliga,2025-02-08,TSG Hoffenheim,1. FC Union Berlin,0,4,A,2024-25
Bundesliga,2025-02-08,VfL Wolfsburg,Bayer Leverkusen,0,0,D,2024-25
Bundesliga,2025-02-09,Holstein Kiel,VfL Bochum,2,2,D,2024-25
Bundesliga,2025-02-09,RB Leipzig,St. Pauli,2,0,H,2024-25
Bundesliga,2025-02-14,FC Augsburg,RB Leipzig,0,0,D,2024-25
Bundesliga,2025-02-15,1. FC Union Berlin,Borussia Mönchengladbach,1,2,A,2024-25
Bundesliga,2025-02-15,Bayer Leverkusen,Bayern Munich,0,0,D,2024-25
Bundesliga,2025-02-15,St. Pauli,SC Freiburg,0,1,A,2024-25
Bundesliga,2025-02-15,VfB Stuttgart,VfL Wolfsburg,1,2,A,2024-25
Bundesliga,2025-02-15,VfL Bochum,Borussia Dortmund,2,0,H,2024-25
Bundesliga,2025-02-16,1. FC Heidenheim 1846,Mainz,0,2,A,2024-25
Bundesliga,2025-02-16,Eintracht Frankfurt,Holstein Kiel,3,1,H,2024-25
Bundesliga,2025-02-16,Werder Bremen,TSG Hoffenheim,1,3,A,2024-25
Bundesliga,2025-02-21,SC Freiburg,Werder Bremen,5,0,H,2024-25
Bundesliga,2025-02-22,Borussia Dortmund,1. FC Union Berlin,6,0,H,2024-25
Bundesliga,2025-02-22,Borussia Mönchengladbach,FC Augsburg,0,3,A,2024-25
Bundesliga,2025-02-22,Holstein Kiel,Bayer Leverkusen,0,2,A,2024-25
Bundesliga,2025-02-22,Mainz,St. Pauli,2,0,H,2024-25
Bundesliga,2025-02-22,VfL Wolfsburg,VfL Bochum,1,1,D,2024-25
Bundesliga,2025-02-23,Bayern Munich,Eintracht Frankfurt,4,0,H,2024-25
Bundesliga,2025-02-23,RB Leipzig,1. FC Heidenheim 1846,2,2,D,2024-25
Bundesliga,2025-02-23,TSG Hoffenheim,VfB Stuttgart,1,1,D,2024-25
Bundesliga,2025-02-28,VfB Stuttgart,Bayern Munich,1,3,A,2024-25
Bundesliga,2025-03-01,1. FC Heidenheim 1846,Borussia Mönchengladbach,0,3,A,2024-25
Bundesliga,2025-03-01,Eintracht Frankfurt,Bayer Leverkusen,1,4,A,2024-25
Bundesliga,2025-03-01,RB Leipzig,Mainz,1,2,A,2024-25
Bundesliga,2025-03-01,St. Pauli,Borussia Dortmund,0,2,A,2024-25
Bundesliga,2025-03-01,VfL Bochum,TSG Hoffenheim,0,1,A,2024-25
Bundesliga,2025-03-01,Werder Bremen,VfL Wolfsburg,1,2,A,2024-25
Bundesliga,2025-03-02,1. FC Union Berlin,Holstein Kiel,0,1,A,2024-25
Bundesliga,2025-03-02,FC Augsburg,SC Freiburg,0,0,D,2024-25
Bundesliga,2025-03-07,Borussia Mönchengladbach,Mainz,1,3,A,2024-25
Bundesliga,2025-03-08,Bayer Leverkusen,Werder Bremen,0,2,A,2024-25
Bundesliga,2025-03-08,Bayern Munich,VfL Bochum,2,3,A,2024-25
Bundesliga,2025-03-08,Borussia Dortmund,FC Augsburg,0,1,A,2024-25
Bundesliga,2025-03-08,Holstein Kiel,VfB Stuttgart,2,2,D,2024-25
Bundesliga,2025-03-08,SC Freiburg,RB Leipzig,0,0,D,2024-25
Bundesliga,2025-03-08,VfL Wolfsburg,St. Pauli,1,1,D,2024-25
Bundesliga,2025-03-09,Eintracht Frankfurt,1. FC Union Berlin,1,2,A,2024-25
Bundesliga,2025-03-09,TSG Hoffenheim,1. FC Heidenheim 1846,1,1,D,2024-25
Bundesliga,2025-03-14,St. Pauli,TSG Hoffenheim,1,0,H,2024-25
Bundesliga,2025-03-15,1. FC Union Berlin,Bayern Munich,1,1,D,2024-25
Bundesliga,2025-03-15,FC Augsburg,VfL Wolfsburg,1,0,H,2024-25
Bundesliga,2025-03-15,Mainz,SC Freiburg,2,2,D,2024-25
Bundesliga,2025-03-15,RB Leipzig,Borussia Dortmund,2,0,H,2024-25
Bundesliga,2025-03-15,Werder Bremen,Borussia Mönchengladbach,2,4,A,2024-25
Bundesliga,2025-03-16,1. FC Heidenheim 1846,Holstein Kiel,3,1,H,2024-25
Bundesliga,2025-03-16,VfB Stuttgart,Bayer Leverkusen,3,4,A,2024-25
Bundesliga,2025-03-16,VfL Bochum,Eintracht Frankfurt,1,3,A,2024-25
Bundesliga,2025-03-28,Bayer Leverkusen,VfL Bochum,3,1,H,2024-25
Bundesliga,2025-03-29,Bayern Munich,St. Pauli,3,2,H,2024-25
Bundesliga,2025-03-29,Borussia Mönchengladbach,RB Leipzig,1,0,H,2024-25
Bundesliga,2025-03-29,Eintracht Frankfurt,VfB Stuttgart,1,0,H,2024-25
Bundesliga,2025-03-29,Holstein Kiel,Werder Bremen,0,3,A,2024-25
Bundesliga,2025-03-29,TSG Hoffenheim,FC Augsburg,1,1,D,2024-25
Bundesliga,2025-03-29,VfL Wolfsburg,1. FC Heidenheim 1846,0,1,A,2024-25
Bundesliga,2025-03-30,Borussia Dortmund,Mainz,3,1,H,2024-25
Bundesliga,2025-03-30,SC Freiburg,1. FC Union Berlin,1,2,A,2024-25
Bundesliga,2025-04-04,FC Augsburg,Bayern Munich,1,3,A,2024-25
Bundesliga,2025-04-05,1. FC Heidenheim 1846,Bayer Leverkusen,0,1,A,2024-25
Bundesliga,2025-04-05,Mainz,Holstein Kiel,1,1,D,2024-25
Bundesliga,2025-04-05,RB Leipzig,TSG Hoffenheim,3,1,H,2024-25
Bundesliga,2025-04-05,SC Freiburg,Borussia Dortmund,1,4,A,2024-25
Bundesliga,2025-04-05,VfL Bochum,VfB Stuttgart,0,4,A,2024-25
Bundesliga,2025-04-05,Werder Bremen,Eintracht Frankfurt,2,0,H,2024-25
Bundesliga,2025-04-06,1. FC Union Berlin,VfL Wolfsburg,1,0,H,2024-25
Bundesliga,2025-04-06,St. Pauli,Borussia Mönchengladbach,1,1,D,2024-25
Bundesliga,2025-04-11,VfL Wolfsburg,RB Leipzig,2,3,A,2024-25
Bundesliga,2025-04-12,Bayer Leverkusen,1. FC Union Berlin,0,0,D,2024-25
Bundesliga,2025-04-12,Bayern Munich,Borussia Dortmund,2,2,D,2024-25
Bundesliga,2025-04-12,Borussia Mönchengladbach,SC Freiburg,1,2,A,2024-25
Bundesliga,2025-04-12,Holstein Kiel,St. Pauli,1,2,A,2024-25
Bundesliga,2025-04-12,TSG Hoffenheim,Mainz,2,0,H,2024-25
Bundesliga,2025-04-12,VfL Bochum,FC Augsburg,1,2,A,2024-25
Bundesliga,2025-04-13,Eintracht Frankfurt,1. FC Heidenheim 1846,3,0,H,2024-25
Bundesliga,2025-04-13,VfB Stuttgart,Werder Bremen,1,2,A,2024-25
Bundesliga,2025-04-19,1. FC Heidenheim 1846,Bayern Munich,0,4,A,2024-25
Bundesliga,2025-04-19,1. FC Union Berlin,VfB Stuttgart,4,4,D,2024-25
Bundesliga,2025-04-19,Mainz,VfL Wolfsburg,2,2,D,2024-25
Bundesliga,2025-04-19,RB Leipzig,Holstein Kiel,1,1,D,2024-25
Bundesliga,2025-04-19,SC Freiburg,TSG Hoffenheim,3,2,H,2024-25
Bundesliga,2025-04-19,Werder Bremen,VfL Bochum,1,0,H,2024-25
Bundesliga,2025-04-20,Borussia Dortmund,Borussia Mönchengladbach,3,2,H,2024-25
Bundesliga,2025-04-20,FC Augsburg,Eintracht Frankfurt,0,0,D,2024-25
Bundesliga,2025-04-20,St. Pauli,Bayer Leverkusen,1,1,D,2024-25
Bundesliga,2025-04-25,VfB Stuttgart,1. FC Heidenheim 1846,0,1,A,2024-25
Bundesliga,2025-04-26,Bayer Leverkusen,FC Augsburg,2,0,H,2024-25
Bundesliga,2025-04-26,Bayern Munich,Mainz,3,0,H,2024-25
Bundesliga,2025-04-26,Eintracht Frankfurt,RB Leipzig,4,0,H,2024-25
Bundesliga,2025-04-26,Holstein Kiel,Borussia Mönchengladbach,4,3,H,2024-25
Bundesliga,2025-04-26,TSG Hoffenheim,Borussia Dortmund,2,3,A,2024-25
Bundesliga,2025-04-26,VfL Wolfsburg,SC Freiburg,0,1,A,2024-25
Bundesliga,2025-04-27,VfL Bochum,1. FC Union Berlin,1,1,D,2024-25
Bundesliga,2025-04-27,Werder Bremen,St. Pauli,0,0,D,2024-25
Bundesliga,2025-05-02,1. FC Heidenheim 1846,VfL Bochum,0,0,D,2024-25
Bundesliga,2025-05-03,1. FC Union Berlin,Werder Bremen,2,2,D,2024-25
Bundesliga,2025-05-03,Borussia Dortmund,VfL Wolfsburg,4,0,H,2024-25
Bundesliga,2025-05-03,Borussia Mönchengladbach,TSG Hoffenheim,4,4,D,2024-25
Bundesliga,2025-05-03,RB Leipzig,Bayern Munich,3,3,D,2024-25
Bundesliga,2025-05-03,St. Pauli,VfB Stuttgart,0,1,A,2024-25
Bundesliga,2025-05-04,FC Augsburg,Holstein Kiel,1,3,A,2024-25
Bundesliga,2025-05-04,Mainz,Eintracht Frankfurt,1,1,D,2024-25
Bundesliga,2025-05-04,SC Freiburg,Bayer Leverkusen,2,2,D,2024-25
Bundesliga,2025-05-09,VfL Wolfsburg,TSG Hoffenheim,2,2,D,2024-25
Bundesliga,2025-05-10,1. FC Union Berlin,1. FC Heidenheim 1846,0,3,A,2024-25
Bundesliga,2025-05-10,Bayern Munich,Borussia Mönchengladbach,2,0,H,2024-25
Bundesliga,2025-05-10,Holstein Kiel,SC Freiburg,1,2,A,2024-25
Bundesliga,2025-05-10,VfL Bochum,Mainz,1,4,A,2024-25
Bundesliga,2025-05-10,Werder Bremen,RB Leipzig,0,0,D,2024-25
Bundesliga,2025-05-11,Bayer Leverkusen,Borussia Dortmund,2,4,A,2024-25
Bundesliga,2025-05-11,Eintracht Frankfurt,St. Pauli,2,2,D,2024-25
Bundesliga,2025-05-11,VfB Stuttgart,FC Augsburg,4,0,H,2024-25
Bundesliga,2025-05-17,1. FC Heidenheim 1846,Werder Bremen,1,4,A,2024-25
Bundesliga,2025-05-17,Borussia Dortmund,Holstein Kiel,3,0,H,2024-25
Bundesliga,2025-05-17,Borussia Mönchengladbach,VfL Wolfsburg,0,1,A,2024-25
Bundesliga,2025-05-17,FC Augsburg,1. FC Union Berlin,1,2,A,2024-25
Bundesliga,2025-05-17,Mainz,Bayer Leverkusen,2,2,D,2024-25
Bundesliga,2025-05-17,RB Leipzig,VfB Stuttgart,2,3,A,2024-25
Bundesliga,2025-05-17,SC Freiburg,Eintracht Frankfurt,1,3,A,2024-25
Bundesliga,2025-05-17,St. Pauli,VfL Bochum,0,2,A,2024-25
Bundesliga,2025-05-17,TSG Hoffenheim,Bayern Munich,0,4,A,2024-25
Bundesliga,2025-08-22,Bayern Munich,RB Leipzig,6,0,H,2025-26
Bundesliga,2025-08-23,1. FC Heidenheim 1846,VfL Wolfsburg,1,3,A,2025-26
Bundesliga,2025-08-23,1. FC Union Berlin,VfB Stuttgart,2,1,H,2025-26
Bundesliga,2025-08-23,Bayer Leverkusen,TSG Hoffenheim,1,2,A,2025-26
Bundesliga,2025-08-23,Eintracht Frankfurt,Werder Bremen,4,1,H,2025-26
Bundesliga,2025-08-23,SC Freiburg,FC Augsburg,1,3,A,2025-26
Bundesliga,2025-08-23,St. Pauli,Borussia Dortmund,3,3,D,2025-26
Bundesliga,2025-08-24,Borussia Mönchengladbach,Hamburg SV,0,0,D,2025-26
Bundesliga,2025-08-24,Mainz,FC Cologne,0,1,A,2025-26
Bundesliga,2025-08-29,Hamburg SV,St. Pauli,0,2,A,2025-26
Bundesliga,2025-08-30,FC Augsburg,Bayern Munich,2,3,A,2025-26
Bundesliga,2025-08-30,RB Leipzig,1. FC Heidenheim 1846,2,0,H,2025-26
Bundesliga,2025-08-30,TSG Hoffenheim,Eintracht Frankfurt,1,3,A,2025-26
Bundesliga,2025-08-30,VfB Stuttgart,Borussia Mönchengladbach,1,0,H,2025-26
Bundesliga,2025-08-30,Werder Bremen,Bayer Leverkusen,3,3,D,2025-26
Bundesliga,2025-08-31,Borussia Dortmund,1. FC Union Berlin,3,0,H,2025-26
Bundesliga,2025-08-31,FC Cologne,SC Freiburg,4,1,H,2025-26
Bundesliga,2025-08-31,VfL Wolfsburg,Mainz,1,1,D,2025-26
Bundesliga,2025-09-12,Bayer Leverkusen,Eintracht Frankfurt,3,1,H,2025-26
Bundesliga,2025-09-13,1. FC Heidenheim 1846,Borussia Dortmund,0,2,A,2025-26
Bundesliga,2025-09-13,1. FC Union Berlin,TSG Hoffenheim,2,4,A,2025-26
Bundesliga,2025-09-13,Bayern Munich,Hamburg SV,5,0,H,2025-26
Bundesliga,2025-09-13,Mainz,RB Leipzig,0,1,A,2025-26
Bundesliga,2025-09-13,SC Freiburg,VfB Stuttgart,3,1,H,2025-26
Bundesliga,2025-09-13,VfL Wolfsburg,FC Cologne,3,3,D,2025-26
Bundesliga,2025-09-14,Borussia Mönchengladbach,Werder Bremen,0,4,A,2025-26
Bundesliga,2025-09-14,St. Pauli,FC Augsburg,2,1,H,2025-26
Bundesliga,2025-09-19,VfB Stuttgart,St. Pauli,2,0,H,2025-26
Bundesliga,2025-09-20,FC Augsburg,Mainz,1,4,A,2025-26
Bundesliga,2025-09-20,Hamburg SV,1. FC Heidenheim 1846,2,1,H,2025-26
Bundesliga,2025-09-20,RB Leipzig,FC Cologne,3,1,H,2025-26
Bundesliga,2025-09-20,TSG Hoffenheim,Bayern Munich,1,4,A,2025-26
Bundesliga,2025-09-20,Werder Bremen,SC Freiburg,0,3,A,2025-26
Bundesliga,2025-09-21,Bayer Leverkusen,Borussia Mönchengladbach,1,1,D,2025-26
Bundesliga,2025-09-21,Borussia Dortmund,VfL Wolfsburg,1,0,H,2025-26
Bundesliga,2025-09-21,Eintracht Frankfurt,1. FC Union Berlin,3,4,A,2025-26
Bundesliga,2025-09-26,Bayern Munich,Werder Bremen,4,0,H,2025-26
Bundesliga,2025-09-27,1. FC Heidenheim 1846,FC Augsburg,2,1,H,2025-26
Bundesliga,2025-09-27,Borussia Mönchengladbach,Eintracht Frankfurt,4,6,A,2025-26
Bundesliga,2025-09-27,Mainz,Borussia Dortmund,0,2,A,2025-26
Bundesliga,2025-09-27,St. Pauli,Bayer Leverkusen,1,2,A,2025-26
Bundesliga,2025-09-27,VfL Wolfsburg,RB Leipzig,0,1,A,2025-26
Bundesliga,2025-09-28,1. FC Union Berlin,Hamburg SV,0,0,D,2025-26
Bundesliga,2025-09-28,FC Cologne,VfB Stuttgart,1,2,A,2025-26
Bundesliga,2025-09-28,SC Freiburg,TSG Hoffenheim,1,1,D,2025-26
Bundesliga,2025-10-03,TSG Hoffenheim,FC Cologne,0,1,A,2025-26
Bundesliga,2025-10-04,Bayer Leverkusen,1. FC Union Berlin,2,0,H,2025-26
Bundesliga,2025-10-04,Borussia Dortmund,RB Leipzig,1,1,D,2025-26
Bundesliga,2025-10-04,Eintracht Frankfurt,Bayern Munich,0,3,A,2025-26
Bundesliga,2025-10-04,FC Augsburg,VfL Wolfsburg,3,1,H,2025-26
Bundesliga,2025-10-04,Werder Bremen,St. Pauli,1,0,H,2025-26
Bundesliga,2025-10-05,Borussia Mönchengladbach,SC Freiburg,0,0,D,2025-26
Bundesliga,2025-10-05,Hamburg SV,Mainz,4,0,H,2025-26
Bundesliga,2025-10-05,VfB Stuttgart,1. FC Heidenheim 1846,1,0,H,2025-26
Bundesliga,2025-10-17,1. FC Union Berlin,Borussia Mönchengladbach,3,1,H,2025-26
Bundesliga,2025-10-18,1. FC Heidenheim 1846,Werder Bremen,2,2,D,2025-26
Bundesliga,2025-10-18,Bayern Munich,Borussia Dortmund,2,1,H,2025-26
Bundesliga,2025-10-18,FC Cologne,FC Augsburg,1,1,D,2025-26
Bundesliga,2025-10-18,Mainz,Bayer Leverkusen,3,4,A,2025-26
Bundesliga,2025-10-18,RB Leipzig,Hamburg SV,2,1,H,2025-26
Bundesliga,2025-10-18,VfL Wolfsburg,VfB Stuttgart,0,3,A,2025-26
Bundesliga,2025-10-19,SC Freiburg,Eintracht Frankfurt,2,2,D,2025-26
Bundesliga,2025-10-19,St. Pauli,TSG Hoffenheim,0,3,A,2025-26
Bundesliga,2025-10-24,Werder Bremen,1. FC Union Berlin,1,0,H,2025-26
Bundesliga,2025-10-25,Borussia Dortmund,FC Cologne,1,0,H,2025-26
Bundesliga,2025-10-25,Borussia Mönchengladbach,Bayern Munich,0,3,A,2025-26
Bundesliga,2025-10-25,Eintracht Frankfurt,St. Pauli,2,0,H,2025-26
Bundesliga,2025-10-25,FC Augsburg,RB Leipzig,0,6,A,2025-26
Bundesliga,2025-10-25,Hamburg SV,VfL Wolfsburg,0,1,A,2025-26
Bundesliga,2025-10-25,TSG Hoffenheim,1. FC Heidenheim 1846,3,1,H,2025-26
Bundesliga,2025-10-26,Bayer Leverkusen,SC Freiburg,2,0,H,2025-26
Bundesliga,2025-10-26,VfB Stuttgart,Mainz,2,1,H,2025-26
Bundesliga,2025-10-31,FC Augsburg,Borussia Dortmund,0,1,A,2025-26
Bundesliga,2025-11-01,1. FC Heidenheim 1846,Eintracht Frankfurt,1,1,D,2025-26
Bundesliga,2025-11-01,1. FC Union Berlin,SC Freiburg,0,0,D,2025-26
Bundesliga,2025-11-01,Bayern Munich,Bayer Leverkusen,3,0,H,2025-26
Bundesliga,2025-11-01,Mainz,Werder Bremen,1,1,D,2025-26
Bundesliga,2025-11-01,RB Leipzig,VfB Stuttgart,3,1,H,2025-26
Bundesliga,2025-11-01,St. Pauli,Borussia Mönchengladbach,0,4,A,2025-26
Bundesliga,2025-11-02,FC Cologne,Hamburg SV,4,1,H,2025-26
Bundesliga,2025-11-02,VfL Wolfsburg,TSG Hoffenheim,2,3,A,2025-26
Bundesliga,2025-11-07,Werder Bremen,VfL Wolfsburg,2,1,H,2025-26
Bundesliga,2025-11-08,1. FC Union Berlin,Bayern Munich,2,2,D,2025-26
Bundesliga,2025-11-08,Bayer Leverkusen,1. FC Heidenheim 1846,6,0,H,2025-26
Bundesliga,2025-11-08,Borussia Mönchengladbach,FC Cologne,3,1,H,2025-26
Bundesliga,2025-11-08,Hamburg SV,Borussia Dortmund,1,1,D,2025-26
Bundesliga,2025-11-08,TSG Hoffenheim,RB Leipzig,3,1,H,2025-26
Bundesliga,2025-11-09,Eintracht Frankfurt,Mainz,1,0,H,2025-26
Bundesliga,2025-11-09,SC Freiburg,St. Pauli,2,1,H,2025-26
Bundesliga,2025-11-09,VfB Stuttgart,FC Augsburg,3,2,H,2025-26
Bundesliga,2025-11-21,Mainz,TSG Hoffenheim,1,1,D,2025-26
Bundesliga,2025-11-22,1. FC Heidenheim 1846,Borussia Mönchengladbach,0,3,A,2025-26
Bundesliga,2025-11-22,Bayern Munich,SC Freiburg,6,2,H,2025-26
Bundesliga,2025-11-22,Borussia Dortmund,VfB Stuttgart,3,3,D,2025-26
Bundesliga,2025-11-22,FC Augsburg,Hamburg SV,1,0,H,2025-26
Bundesliga,2025-11-22,FC Cologne,Eintracht Frankfurt,3,4,A,2025-26
Bundesliga,2025-11-22,VfL Wolfsburg,Bayer Leverkusen,1,3,A,2025-26
Bundesliga,2025-11-23,RB Leipzig,Werder Bremen,2,0,H,2025-26
Bundesliga,2025-11-23,St. Pauli,1. FC Union Berlin,0,1,A,2025-26
Bundesliga,2025-11-28,Borussia Mönchengladbach,RB Leipzig,0,0,D,2025-26
Bundesliga,2025-11-29,1. FC Union Berlin,1. FC Heidenheim 1846,1,2,A,2025-26
Bundesliga,2025-11-29,Bayer Leverkusen,Borussia Dortmund,1,2,A,2025-26
Bundesliga,2025-11-29,Bayern Munich,St. Pauli,3,1,H,2025-26
Bundesliga,2025-11-29,TSG Hoffenheim,FC Augsburg,3,0,H,2025-26
Bundesliga,2025-11-29,Werder Bremen,FC Cologne,1,1,D,2025-26
Bundesliga,2025-11-30,Eintracht Frankfurt,VfL Wolfsburg,1,1,D,2025-26
Bundesliga,2025-11-30,Hamburg SV,VfB Stuttgart,2,1,H,2025-26
Bundesliga,2025-11-30,SC Freiburg,Mainz,4,0,H,2025-26
Bundesliga,2025-12-05,Mainz,Borussia Mönchengladbach,0,1,A,2025-26
Bundesliga,2025-12-06,1. FC Heidenheim 1846,SC Freiburg,2,1,H,2025-26
Bundesliga,2025-12-06,FC Augsburg,Bayer Leverkusen,2,0,H,2025-26
Bundesliga,2025-12-06,FC Cologne,St. Pauli,1,1,D,2025-26
Bundesliga,2025-12-06,RB Leipzig,Eintracht Frankfurt,6,0,H,2025-26
Bundesliga,2025-12-06,VfB Stuttgart,Bayern Munich,0,5,A,2025-26
Bundesliga,2025-12-06,VfL Wolfsburg,1. FC Union Berlin,3,1,H,2025-26
Bundesliga,2025-12-07,Borussia Dortmund,TSG Hoffenheim,2,0,H,2025-26
Bundesliga,2025-12-07,Hamburg SV,Werder Bremen,3,2,H,2025-26
Bundesliga,2025-12-12,1. FC Union Berlin,RB Leipzig,3,1,H,2025-26
Bundesliga,2025-12-13,Bayer Leverkusen,FC Cologne,2,0,H,2025-26
Bundesliga,2025-12-13,Borussia Mönchengladbach,VfL Wolfsburg,1,3,A,2025-26
Bundesliga,2025-12-13,Eintracht Frankfurt,FC Augsburg,1,0,H,2025-26
Bundesliga,2025-12-13,St. Pauli,1. FC Heidenheim 1846,2,1,H,2025-26
Bundesliga,2025-12-13,TSG Hoffenheim,Hamburg SV,4,1,H,2025-26
Bundesliga,2025-12-14,Bayern Munich,Mainz,2,2,D,2025-26
Bundesliga,2025-12-14,SC Freiburg,Borussia Dortmund,1,1,D,2025-26
Bundesliga,2025-12-14,Werder Bremen,VfB Stuttgart,0,4,A,2025-26
Bundesliga,2025-12-19,Borussia Dortmund,Borussia Mönchengladbach,2,0,H,2025-26
Bundesliga,2025-12-20,FC Augsburg,Werder Bremen,0,0,D,2025-26
Bundesliga,2025-12-20,FC Cologne,1. FC Union Berlin,0,1,A,2025-26
Bundesliga,2025-12-20,Hamburg SV,Eintracht Frankfurt,1,1,D,2025-26
Bundesliga,2025-12-20,RB Leipzig,Bayer Leverkusen,1,3,A,2025-26
Bundesliga,2025-12-20,VfB Stuttgart,TSG Hoffenheim,0,0,D,2025-26
Bundesliga,2025-12-20,VfL Wolfsburg,SC Freiburg,3,4,A,2025-26
Bundesliga,2025-12-21,1. FC Heidenheim 1846,Bayern Munich,0,4,A,2025-26
Bundesliga,2025-12-21,Mainz,St. Pauli,0,0,D,2025-26
Bundesliga,2026-01-09,Eintracht Frankfurt,Borussia Dortmund,3,3,D,2025-26
Bundesliga,2026-01-10,1. FC Heidenheim 1846,FC Cologne,2,2,D,2025-26
Bundesliga,2026-01-10,1. FC Union Berlin,Mainz,2,2,D,2025-26
Bundesliga,2026-01-10,Bayer Leverkusen,VfB Stuttgart,1,4,A,2025-26
Bundesliga,2026-01-10,SC Freiburg,Hamburg SV,2,1,H,2025-26
Bundesliga,2026-01-11,Bayern Munich,VfL Wolfsburg,8,1,H,2025-26
Bundesliga,2026-01-11,Borussia Mönchengladbach,FC Augsburg,4,0,H,2025-26
Bundesliga,2026-01-13,Borussia Dortmund,Werder Bremen,3,0,H,2025-26
Bundesliga,2026-01-13,Mainz,1. FC Heidenheim 1846,2,1,H,2025-26
Bundesliga,2026-01-13,VfB Stuttgart,Eintracht Frankfurt,3,2,H,2025-26
Bundesliga,2026-01-14,FC Cologne,Bayern Munich,1,3,A,2025-26
Bundesliga,2026-01-14,RB Leipzig,SC Freiburg,2,0,H,2025-26
Bundesliga,2026-01-14,TSG Hoffenheim,Borussia Mönchengladbach,5,1,H,2025-26
Bundesliga,2026-01-14,VfL Wolfsburg,St. Pauli,2,1,H,2025-26
Bundesliga,2026-01-15,FC Augsburg,1. FC Union Berlin,1,1,D,2025-26
Bundesliga,2026-01-16,Werder Bremen,Eintracht Frankfurt,3,3,D,2025-26
Bundesliga,2026-01-17,Borussia Dortmund,St. Pauli,3,2,H,2025-26
Bundesliga,2026-01-17,FC Cologne,Mainz,2,1,H,2025-26
Bundesliga,2026-01-17,Hamburg SV,Borussia Mönchengladbach,0,0,D,2025-26
Bundesliga,2026-01-17,RB Leipzig,Bayern Munich,1,5,A,2025-26
Bundesliga,2026-01-17,TSG Hoffenheim,Bayer Leverkusen,1,0,H,2025-26
Bundesliga,2026-01-17,VfL Wolfsburg,1. FC Heidenheim 1846,1,1,D,2025-26
Bundesliga,2026-01-18,FC Augsburg,SC Freiburg,2,2,D,2025-26
Bundesliga,2026-01-18,VfB Stuttgart,1. FC Union Berlin,1,1,D,2025-26
Bundesliga,2026-01-23,St. Pauli,Hamburg SV,0,0,D,2025-26
Bundesliga,2026-01-24,1. FC Heidenheim 1846,RB Leipzig,0,3,A,2025-26
Bundesliga,2026-01-24,1. FC Union Berlin,Borussia Dortmund,0,3,A,2025-26
Bundesliga,2026-01-24,Bayer Leverkusen,Werder Bremen,1,0,H,2025-26
Bundesliga,2026-01-24,Bayern Munich,FC Augsburg,1,2,A,2025-26
Bundesliga,2026-01-24,Eintracht Frankfurt,TSG Hoffenheim,1,3,A,2025-26
Bundesliga,2026-01-24,Mainz,VfL Wolfsburg,3,1,H,2025-26
Bundesliga,2026-01-25,Borussia Mönchengladbach,VfB Stuttgart,0,3,A,2025-26
Bundesliga,2026-01-25,SC Freiburg,FC Cologne,2,1,H,2025-26
Bundesliga,2026-01-27,St. Pauli,RB Leipzig,1,1,D,2025-26
Bundesliga,2026-01-27,Werder Bremen,TSG Hoffenheim,0,2,A,2025-26
Bundesliga,2026-01-30,FC Cologne,VfL Wolfsburg,1,0,H,2025-26
Bundesliga,2026-01-31,Eintracht Frankfurt,Bayer Leverkusen,1,3,A,2025-26
Bundesliga,2026-01-31,FC Augsburg,St. Pauli,2,1,H,2025-26
Bundesliga,2026-01-31,Hamburg SV,Bayern Munich,2,2,D,2025-26
Bundesliga,2026-01-31,RB Leipzig,Mainz,1,2,A,2025-26
Bundesliga,2026-01-31,TSG Hoffenheim,1. FC Union Berlin,3,1,H,2025-26
Bundesliga,2026-01-31,Werder Bremen,Borussia Mönchengladbach,1,1,D,2025-26
Bundesliga,2026-02-01,Borussia Dortmund,1. FC Heidenheim 1846,3,2,H,2025-26
Bundesliga,2026-02-01,VfB Stuttgart,SC Freiburg,1,0,H,2025-26
Bundesliga,2026-02-06,1. FC Union Berlin,Eintracht Frankfurt,1,1,D,2025-26
Bundesliga,2026-02-07,1. FC Heidenheim 1846,Hamburg SV,0,2,A,2025-26
Bundesliga,2026-02-07,Borussia Mönchengladbach,Bayer Leverkusen,1,1,D,2025-26
Bundesliga,2026-02-07,Mainz,FC Augsburg,2,0,H,2025-26
Bundesliga,2026-02-07,SC Freiburg,Werder Bremen,1,0,H,2025-26
Bundesliga,2026-02-07,St. Pauli,VfB Stuttgart,2,1,H,2025-26
Bundesliga,2026-02-07,VfL Wolfsburg,Borussia Dortmund,1,2,A,2025-26
Bundesliga,2026-02-08,Bayern Munich,TSG Hoffenheim,5,1,H,2025-26
Bundesliga,2026-02-08,FC Cologne,RB Leipzig,1,2,A,2025-26
Bundesliga,2026-02-13,Borussia Dortmund,Mainz,4,0,H,2025-26
Bundesliga,2026-02-14,Bayer Leverkusen,St. Pauli,4,0,H,2025-26
Bundesliga,2026-02-14,Eintracht Frankfurt,Borussia Mönchengladbach,3,0,H,2025-26
Bundesliga,2026-02-14,Hamburg SV,1. FC Union Berlin,3,2,H,2025-26
Bundesliga,2026-02-14,TSG Hoffenheim,SC Freiburg,3,0,H,2025-26
Bundesliga,2026-02-14,VfB Stuttgart,FC Cologne,3,1,H,2025-26
Bundesliga,2026-02-14,Werder Bremen,Bayern Munich,0,3,A,2025-26
Bundesliga,2026-02-15,FC Augsburg,1. FC Heidenheim 1846,1,0,H,2025-26
Bundesliga,2026-02-15,RB Leipzig,VfL Wolfsburg,2,2,D,2025-26
Bundesliga,2026-02-20,Mainz,Hamburg SV,1,1,D,2025-26
Bundesliga,2026-02-21,1. FC Union Berlin,Bayer Leverkusen,1,0,H,2025-26
Bundesliga,2026-02-21,Bayern Munich,Eintracht Frankfurt,3,2,H,2025-26
Bundesliga,2026-02-21,FC Cologne,TSG Hoffenheim,2,2,D,2025-26
Bundesliga,2026-02-21,RB Leipzig,Borussia Dortmund,2,2,D,2025-26
Bundesliga,2026-02-21,VfL Wolfsburg,FC Augsburg,2,3,A,2025-26
Bundesliga,2026-02-22,1. FC Heidenheim 1846,VfB Stuttgart,3,3,D,2025-26
Bundesliga,2026-02-22,SC Freiburg,Borussia Mönchengladbach,2,1,H,2025-26
Bundesliga,2026-02-22,St. Pauli,Werder Bremen,2,1,H,2025-26
Bundesliga,2026-02-27,FC Augsburg,FC Cologne,2,0,H,2025-26
Bundesliga,2026-02-28,Bayer Leverkusen,Mainz,1,1,D,2025-26
Bundesliga,2026-02-28,Borussia Dortmund,Bayern Munich,2,3,A,2025-26
Bundesliga,2026-02-28,Borussia Mönchengladbach,1. FC Union Berlin,1,0,H,2025-26
Bundesliga,2026-02-28,TSG Hoffenheim,St. Pauli,0,1,A,2025-26
Bundesliga,2026-02-28,Werder Bremen,1. FC Heidenheim 1846,2,0,H,2025-26
Bundesliga,2026-03-01,Eintracht Frankfurt,SC Freiburg,2,0,H,2025-26
Bundesliga,2026-03-01,Hamburg SV,RB Leipzig,1,2,A,2025-26
Bundesliga,2026-03-01,VfB Stuttgart,VfL Wolfsburg,4,0,H,2025-26
Bundesliga,2026-03-04,Hamburg SV,Bayer Leverkusen,0,1,A,2025-26
Bundesliga,2026-03-06,Bayern Munich,Borussia Mönchengladbach,4,1,H,2025-26
Bundesliga,2026-03-07,1. FC Heidenheim 1846,TSG Hoffenheim,2,4,A,2025-26
Bundesliga,2026-03-07,FC Cologne,Borussia Dortmund,1,2,A,2025-26
Bundesliga,2026-03-07,Mainz,VfB Stuttgart,2,2,D,2025-26
Bundesliga,2026-03-07,RB Leipzig,FC Augsburg,2,1,H,2025-26
Bundesliga,2026-03-07,SC Freiburg,Bayer Leverkusen,3,3,D,2025-26
Bundesliga,2026-03-07,VfL Wolfsburg,Hamburg SV,1,2,A,2025-26
Bundesliga,2026-03-08,1. FC Union Berlin,Werder Bremen,1,4,A,2025-26
Bundesliga,2026-03-08,St. Pauli,Eintracht Frankfurt,0,0,D,2025-26
Bundesliga,2026-03-13,Borussia Mönchengladbach,St. Pauli,2,0,H,2025-26
Bundesliga,2026-03-14,Bayer Leverkusen,Bayern Munich,1,1,D,2025-26
Bundesliga,2026-03-14,Borussia Dortmund,FC Augsburg,2,0,H,2025-26
Bundesliga,2026-03-14,Eintracht Frankfurt,1. FC Heidenheim 1846,1,0,H,2025-26
Bundesliga,2026-03-14,Hamburg SV,FC Cologne,1,1,D,2025-26
Bundesliga,2026-03-14,TSG Hoffenheim,VfL Wolfsburg,1,1,D,2025-26
Bundesliga,2026-03-15,SC Freiburg,1. FC Union Berlin,0,1,A,2025-26
Bundesliga,2026-03-15,VfB Stuttgart,RB Leipzig,1,0,H,2025-26
Bundesliga,2026-03-15,Werder Bremen,Mainz,0,2,A,2025-26
Bundesliga,2026-03-20,RB Leipzig,TSG Hoffenheim,5,0,H,2025-26
Bundesliga,2026-03-21,1. FC Heidenheim 1846,Bayer Leverkusen,3,3,D,2025-26
Bundesliga,2026-03-21,Bayern Munich,1. FC Union Berlin,4,0,H,2025-26
Bundesliga,2026-03-21,Borussia Dortmund,Hamburg SV,3,2,H,2025-26
Bundesliga,2026-03-21,FC Cologne,Borussia Mönchengladbach,3,3,D,2025-26
Bundesliga,2026-03-21,VfL Wolfsburg,Werder Bremen,0,1,A,2025-26
Bundesliga,2026-03-22,FC Augsburg,VfB Stuttgart,2,5,A,2025-26
Bundesliga,2026-03-22,Mainz,Eintracht Frankfurt,2,1,H,2025-26
Bundesliga,2026-03-22,St. Pauli,SC Freiburg,1,2,A,2025-26
Bundesliga,2026-04-04,Bayer Leverkusen,VfL Wolfsburg,6,3,H,2025-26
Bundesliga,2026-04-04,Borussia Mönchengladbach,1. FC Heidenheim 1846,2,2,D,2025-26
Bundesliga,2026-04-04,Hamburg SV,FC Augsburg,1,1,D,2025-26
Bundesliga,2026-04-04,SC Freiburg,Bayern Munich,2,3,A,2025-26
Bundesliga,2026-04-04,TSG Hoffenheim,Mainz,1,2,A,2025-26
Bundesliga,2026-04-04,VfB Stuttgart,Borussia Dortmund,0,2,A,2025-26
Bundesliga,2026-04-04,Werder Bremen,RB Leipzig,1,2,A,2025-26
Bundesliga,2026-04-05,1. FC Union Berlin,St. Pauli,1,1,D,2025-26
Bundesliga,2026-04-05,Eintracht Frankfurt,FC Cologne,2,2,D,2025-26
Bundesliga,2026-04-10,FC Augsburg,TSG Hoffenheim,2,2,D,2025-26
Bundesliga,2026-04-11,1. FC Heidenheim 1846,1. FC Union Berlin,3,1,H,2025-26
Bundesliga,2026-04-11,Borussia Dortmund,Bayer Leverkusen,0,1,A,2025-26
Bundesliga,2026-04-11,RB Leipzig,Borussia Mönchengladbach,1,0,H,2025-26
Bundesliga,2026-04-11,St. Pauli,Bayern Munich,0,5,A,2025-26
Bundesliga,2026-04-11,VfL Wolfsburg,Eintracht Frankfurt,1,2,A,2025-26
Bundesliga,2026-04-12,FC Cologne,Werder Bremen,3,1,H,2025-26
Bundesliga,2026-04-12,Mainz,SC Freiburg,0,1,A,2025-26
Bundesliga,2026-04-12,VfB Stuttgart,Hamburg SV,4,0,H,2025-26
Bundesliga,2026-04-17,St. Pauli,FC Cologne,1,1,D,2025-26
Bundesliga,2026-04-18,1. FC Union Berlin,VfL Wolfsburg,1,2,A,2025-26
Bundesliga,2026-04-18,Bayer Leverkusen,FC Augsburg,1,2,A,2025-26
Bundesliga,2026-04-18,Eintracht Frankfurt,RB Leipzig,1,3,A,2025-26
Bundesliga,2026-04-18,TSG Hoffenheim,Borussia Dortmund,2,1,H,2025-26
Bundesliga,2026-04-18,Werder Bremen,Hamburg SV,3,1,H,2025-26
Bundesliga,2026-04-19,Bayern Munich,VfB Stuttgart,4,2,H,2025-26
Bundesliga,2026-04-19,Borussia Mönchengladbach,Mainz,1,1,D,2025-26
Bundesliga,2026-04-19,SC Freiburg,1. FC Heidenheim 1846,2,1,H,2025-26
Bundesliga,2026-04-24,RB Leipzig,1. FC Union Berlin,3,1,H,2025-26
Bundesliga,2026-04-25,1. FC Heidenheim 1846,St. Pauli,2,0,H,2025-26
Bundesliga,2026-04-25,FC Augsburg,Eintracht Frankfurt,1,1,D,2025-26
Bundesliga,2026-04-25,FC Cologne,Bayer Leverkusen,1,2,A,2025-26
Bundesliga,2026-04-25,Hamburg SV,TSG Hoffenheim,1,2,A,2025-26
Bundesliga,2026-04-25,Mainz,Bayern Munich,3,4,A,2025-26
Bundesliga,2026-04-25,VfL Wolfsburg,Borussia Mönchengladbach,0,0,D,2025-26
Bundesliga,2026-04-26,Borussia Dortmund,SC Freiburg,4,0,H,2025-26
Bundesliga,2026-04-26,VfB Stuttgart,Werder Bremen,1,1,D,2025-26
Bundesliga,2026-05-02,1. FC Union Berlin,FC Cologne,2,2,D,2025-26
Bundesliga,2026-05-02,Bayer Leverkusen,RB Leipzig,4,1,H,2025-26
Bundesliga,2026-05-02,Bayern Munich,1. FC Heidenheim 1846,3,3,D,2025-26
Bundesliga,2026-05-02,Eintracht Frankfurt,Hamburg SV,1,2,A,2025-26
Bundesliga,2026-05-02,TSG Hoffenheim,VfB Stuttgart,3,3,D,2025-26
Bundesliga,2026-05-02,Werder Bremen,FC Augsburg,1,3,A,2025-26
Bundesliga,2026-05-03,Borussia Mönchengladbach,Borussia Dortmund,1,0,H,2025-26
Bundesliga,2026-05-03,SC Freiburg,VfL Wolfsburg,1,1,D,2025-26
Bundesliga,2026-05-03,St. Pauli,Mainz,1,2,A,2025-26
Bundesliga,2026-05-08,Borussia Dortmund,Eintracht Frankfurt,3,2,H,2025-26
Bundesliga,2026-05-09,FC Augsburg,Borussia Mönchengladbach,3,1,H,2025-26
Bundesliga,2026-05-09,RB Leipzig,St. Pauli,2,1,H,2025-26
Bundesliga,2026-05-09,TSG Hoffenheim,Werder Bremen,1,0,H,2025-26
Bundesliga,2026-05-09,VfB Stuttgart,Bayer Leverkusen,3,1,H,2025-26
Bundesliga,2026-05-09,VfL Wolfsburg,Bayern Munich,0,1,A,2025-26
Bundesliga,2026-05-10,FC Cologne,1. FC Heidenheim 1846,1,3,A,2025-26
Bundesliga,2026-05-10,Hamburg SV,SC Freiburg,3,2,H,2025-26
Bundesliga,2026-05-10,Mainz,1. FC Union Berlin,1,3,A,2025-26
Bundesliga,2026-05-16,1. FC Heidenheim 1846,Mainz,0,2,A,2025-26
Bundesliga,2026-05-16,1. FC Union Berlin,FC Augsburg,4,0,H,2025-26
Bundesliga,2026-05-16,Bayer Leverkusen,Hamburg SV,1,1,D,2025-26
Bundesliga,2026-05-16,Bayern Munich,FC Cologne,5,1,H,2025-26
Bundesliga,2026-05-16,Borussia Mönchengladbach,TSG Hoffenheim,4,0,H,2025-26
Bundesliga,2026-05-16,Eintracht Frankfurt,VfB Stuttgart,2,2,D,2025-26
Bundesliga,2026-05-16,SC Freiburg,RB Leipzig,4,1,H,2025-26
Bundesliga,2026-05-16,St. Pauli,VfL Wolfsburg,1,3,A,2025-26
Bundesliga,2026-05-16,Werder Bremen,Borussia Dortmund,0,2,A,2025-26
