season,player_code,player_name,goals,assists,minutes,starts,xg,xa
2016-17,48844,David Ospina,0,0,143,0.0,0.0,0.0
2016-17,11334,Petr Cech,0,0,3097,0.0,0.0,0.0
2016-17,51507,Laurent Koscielny,2,1,2821,0.0,0.0,0.0
2016-17,17127,Per Mertesacker,0,0,38,0.0,0.0,0.0
2016-17,158074,Gabriel Armando de Abreu,0,0,1517,0.0,0.0,0.0
2016-17,98745,Héctor Bellerín,1,5,2503,0.0,0.0,0.0
2016-17,42427,Kieran Gibbs,0,1,702,0.0,0.0,0.0
2016-17,27334,Mathieu Debuchy,0,0,15,0.0,0.0,0.0
2016-17,80254,Carl Jenkinson,0,0,82,0.0,0.0,0.0
2016-17,38411,Nacho Monreal,0,3,3153,0.0,0.0,0.0
2016-17,101184,Calum Chambers,2,1,2250,0.0,0.0,0.0
2016-17,37265,Alexis Sánchez,24,11,3217,0.0,0.0,0.0
2016-17,20467,Theo Walcott,10,3,1916,0.0,0.0,0.0
2016-17,37605,Mesut Özil,8,11,2841,0.0,0.0,0.0
2016-17,19524,Santiago Cazorla,2,2,618,0.0,0.0,0.0
2016-17,41792,Aaron Ramsey,1,4,1236,0.0,0.0,0.0
2016-17,54102,Jack Wilshere,0,3,1950,0.0,0.0,0.0
2016-17,81880,Alex Oxlade-Chamberlain,2,7,1564,0.0,0.0,0.0
2016-17,133798,Serge Gnabry,0,0,0,0.0,0.0,0.0
2016-17,56864,Francis Coquelin,0,1,1779,0.0,0.0,0.0
2016-17,153133,Alex Iwobi,3,5,1456,0.0,0.0,0.0
2016-17,153256,Mohamed Elneny,0,1,694,0.0,0.0,0.0
2016-17,99127,Joel Campbell,0,0,0,0.0,0.0,0.0
2016-17,84450,Granit Xhaka,2,3,2483,0.0,0.0,0.0
2016-17,44346,Olivier Giroud,12,5,1206,0.0,0.0,0.0
2016-17,50175,Danny Welbeck,2,2,748,0.0,0.0,0.0
2016-17,80711,Yaya Sanogo,0,0,0,0.0,0.0,0.0
2016-17,154998,Takuma Asano,0,0,0,0.0,0.0,0.0
2016-17,18726,Artur Boruc,0,0,3150,0.0,0.0,0.0
2016-17,15885,Adam Federici,0,0,180,0.0,0.0,0.0
2016-17,15149,Simon Francis,0,1,2938,0.0,0.0,0.0
2016-17,56917,Steve Cook,2,0,3420,0.0,0.0,0.0
2016-17,41320,Charlie Daniels,4,3,3060,0.0,0.0,0.0
2016-17,54469,Adam Smith,1,5,3101,0.0,0.0,0.0
2016-17,149484,Tyrone Mings,0,0,506,0.0,0.0,0.0
2016-17,126184,Nathan Aké,3,1,834,0.0,0.0,0.0
2016-17,48615,Harry Arter,1,4,2956,0.0,0.0,0.0
2016-17,20037,Marc Pugh,2,3,1329,0.0,0.0,0.0
2016-17,15237,Andrew Surman,0,1,1800,0.0,0.0,0.0
2016-17,80498,Eunan O'Kane,0,0,0,0.0,0.0,0.0
2016-17,20669,Shaun MacDonald,0,0,0,0.0,0.0,0.0
2016-17,56872,Junior Stanislas,7,6,1467,0.0,0.0,0.0
2016-17,40387,Dan Gosling,2,0,1366,0.0,0.0,0.0
2016-17,59741,Max Gradel,0,0,134,0.0,0.0,0.0
2016-17,122342,Emerson Hyndman,0,0,0,0.0,0.0,0.0
2016-17,103912,Jordon Ibe,0,0,1055,0.0,0.0,0.0
2016-17,155408,Lewis Cook,0,2,432,0.0,0.0,0.0
2016-17,78007,Joshua King,16,3,2714,0.0,0.0,0.0
2016-17,75115,Callum Wilson,6,1,1361,0.0,0.0,0.0
2016-17,126468,Tokelo Rantie,0,0,0,0.0,0.0,0.0
2016-17,21246,Lewis Grabban,0,1,60,0.0,0.0,0.0
2016-17,88498,Benik Afobe,6,5,1458,0.0,0.0,0.0
2016-17,178304,Lys Mousset,0,1,270,0.0,0.0,0.0
2016-17,21205,Tom Heaton,0,0,3150,0.0,0.0,0.0
2016-17,68983,Matthew Lowton,0,2,3240,0.0,0.0,0.0
2016-17,51927,Ben Mee,1,2,3015,0.0,0.0,0.0
2016-17,40616,Stephen Ward,1,1,3230,0.0,0.0,0.0
2016-17,106611,Michael Keane,2,1,3150,0.0,0.0,0.0
2016-17,17761,James Tarkowski,0,0,568,0.0,0.0,0.0
2016-17,85017,Tendayi Darikwa,0,0,0,0.0,0.0,0.0
2016-17,19556,David Jones,0,0,86,0.0,0.0,0.0
2016-17,28244,George Boyd,2,2,2837,0.0,0.0,0.0
2016-17,39158,Scott Arfield,1,2,2103,0.0,0.0,0.0
2016-17,15982,Dean Marney,1,2,1764,0.0,0.0,0.0
2016-17,95508,Fredrik Ulvestad,0,0,0,0.0,0.0,0.0
2016-17,15944,Michael Kightly,0,0,104,0.0,0.0,0.0
2016-17,40399,Sam Vokes,10,4,2064,0.0,0.0,0.0
2016-17,73426,Andre Gray,9,3,2260,0.0,0.0,0.0
2016-17,34654,Lukas Jutkiewicz,0,0,13,0.0,0.0,0.0
2016-17,44699,Ashley Barnes,6,3,1774,0.0,0.0,0.0
2016-17,37002,Rouwen Hennings,0,0,0,0.0,0.0,0.0
2016-17,153678,Chris Long,0,0,0,0.0,0.0,0.0
2016-17,60772,Thibaut Courtois,0,0,3240,0.0,0.0,0.0
2016-17,40349,Asmir Begovic,0,0,180,0.0,0.0,0.0
2016-17,1718,John Terry,1,0,496,0.0,0.0,0.0
2016-17,41135,Branislav Ivanovic,0,1,589,0.0,0.0,0.0
2016-17,41328,César Azpilicueta,1,5,3420,0.0,0.0,0.0
2016-17,19419,Gary Cahill,6,0,3296,0.0,0.0,0.0
2016-17,103192,Kurt Zouma,0,1,250,0.0,0.0,0.0
2016-17,118335,Abdul Rahman Baba,0,0,0,0.0,0.0,0.0
2016-17,163793,Matt Miazga,0,0,0,0.0,0.0,0.0
2016-17,42786,Eden Hazard,16,9,2985,0.0,0.0,0.0
2016-17,17878,Cesc Fàbregas,5,15,1340,0.0,0.0,0.0
2016-17,61262,Oscar dos Santos Emboaba Junior,0,1,455,0.0,0.0,0.0
2016-17,66733,Juan Cuadrado,0,0,0,0.0,0.0,0.0
2016-17,47431,Willian Borges Da Silva,8,3,1534,0.0,0.0,0.0
2016-17,62398,Nemanja Matic,1,8,2694,0.0,0.0,0.0
2016-17,126187,Ruben Loftus-Cheek,0,0,35,0.0,0.0,0.0
2016-17,28495,John Obi Mikel,0,0,0,0.0,0.0,0.0
2016-17,49579,Pedro Rodríguez Ledesma,9,10,2140,0.0,0.0,0.0
2016-17,110504,Bertrand Traore,0,0,0,0.0,0.0,0.0
2016-17,49013,Victor Moses,3,3,2485,0.0,0.0,0.0
2016-17,82660,Marco Van Ginkel,0,0,0,0.0,0.0,0.0
2016-17,167767,Robert Kenedy Nunes do Nascimento,0,0,90,0.0,0.0,0.0
2016-17,116594,N'Golo Kanté,1,1,3138,0.0,0.0,0.0
2016-17,94245,Michy Batshuayi,5,1,254,0.0,0.0,0.0
2016-17,18507,Diego Da Silva Costa,20,11,3083,0.0,0.0,0.0
2016-17,38419,Loïc Remy,0,0,134,0.0,0.0,0.0
2016-17,11554,Julian Speroni,0,0,0,0.0,0.0,0.0
2016-17,20066,Wayne Hennessey,0,0,2610,0.0,0.0,0.0
2016-17,58376,Alex McCarthy,0,0,0,0.0,0.0,0.0
2016-17,44413,Steve Mandanda,0,0,810,0.0,0.0,0.0
2016-17,49413,James Tomkins,3,0,1974,0.0,0.0,0.0
2016-17,19188,Scott Dann,3,1,1752,0.0,0.0,0.0
2016-17,55494,Joel Ward,0,1,3417,0.0,0.0,0.0
2016-17,58786,Martin Kelly,0,2,2124,0.0,0.0,0.0
2016-17,7906,Damien Delaney,0,2,2014,0.0,0.0,0.0
2016-17,79228,Pape Souaré,0,0,270,0.0,0.0,0.0
2016-17,55452,Yannick Bolasie,1,4,1048,0.0,0.0,0.0
2016-17,19197,Jason Puncheon,0,6,3093,0.0,0.0,0.0
2016-17,82403,Wilfried Zaha,7,11,3019,0.0,0.0,0.0
2016-17,59115,Mile Jedinak,0,0,90,0.0,0.0,0.0
2016-17,18805,Joe Ledley,1,1,1160,0.0,0.0,0.0
2016-17,50471,James McArthur,5,3,1999,0.0,0.0,0.0
2016-17,49438,Jordon Mutch,0,0,53,0.0,0.0,0.0
2016-17,103100,Jonathan Williams,0,0,0,0.0,0.0,0.0
2016-17,75773,Chung-yong Lee,0,1,471,0.0,0.0,0.0
2016-17,27341,Yohan Cabaye,4,4,2125,0.0,0.0,0.0
2016-17,44343,Bakary Sako,0,0,142,0.0,0.0,0.0
2016-17,60252,Andros Townsend,3,7,2520,0.0,0.0,0.0
2016-17,28541,Fraizer Campbell,1,0,165,0.0,0.0,0.0
2016-17,59125,Connor Wickham,2,0,412,0.0,0.0,0.0
2016-17,78315,Joel Robles,0,1,1737,0.0,0.0,0.0
2016-17,10318,Maarten Stekelenburg,0,0,1683,0.0,0.0,0.0
2016-17,12745,Leighton Baines,2,5,2819,0.0,0.0,0.0
2016-17,59949,Seamus Coleman,4,4,2316,0.0,0.0,0.0
2016-17,7645,Phil Jagielka,3,3,2251,0.0,0.0,0.0
2016-17,97299,John Stones,0,0,2014,0.0,0.0,0.0
2016-17,108824,Brendan Galloway,0,0,247,0.0,0.0,0.0
2016-17,149468,Tyias Browning,0,0,0,0.0,0.0,0.0
2016-17,114093,Matthew Pennington,1,0,180,0.0,0.0,0.0
2016-17,121221,Ramiro Funes Mori,0,1,1543,0.0,0.0,0.0
2016-17,26901,Kevin Mirallas,4,8,2074,0.0,0.0,0.0
2016-17,88894,Ross Barkley,5,11,2900,0.0,0.0,0.0
2016-17,43250,Tom Cleverley,0,3,1848,0.0,0.0,0.0
2016-17,50472,James McCarthy,1,1,613,0.0,0.0,0.0
2016-17,1632,Gareth Barry,2,1,2109,0.0,0.0,0.0
2016-17,27707,Darron Gibson,0,0,640,0.0,0.0,0.0
2016-17,87447,Muhamed Besic,0,0,0,0.0,0.0,0.0
2016-17,77762,Bryan Oviedo,0,0,1323,0.0,0.0,0.0
2016-17,94924,Gerard Deulofeu,0,0,460,0.0,0.0,0.0
2016-17,17349,Aaron Lennon,0,1,509,0.0,0.0,0.0
2016-17,66749,Romelu Lukaku,25,6,3266,0.0,0.0,0.0
2016-17,26921,Arouna Koné,0,0,78,0.0,0.0,0.0
2016-17,113688,Oumar Niasse,4,1,1096,0.0,0.0,0.0
2016-17,12390,Allan McGregor,0,0,0,0.0,0.0,0.0
2016-17,11974,Eldin Jakupovic,0,0,1980,0.0,0.0,0.0
2016-17,171982,Brian Lenihan,0,0,0,0.0,0.0,0.0
2016-17,19115,Curtis Davies,0,2,2135,0.0,0.0,0.0
2016-17,12679,Michael Dawson,3,0,1722,0.0,0.0,0.0
2016-17,88898,Moses Odubajo,0,0,0,0.0,0.0,0.0
2016-17,122798,Andrew Robertson,1,2,2736,0.0,0.0,0.0
2016-17,95658,Harry Maguire,2,3,2307,0.0,0.0,0.0
2016-17,19687,Alex Bruce,0,0,0,0.0,0.0,0.0
2016-17,18987,Robert Snodgrass,7,6,2548,0.0,0.0,0.0
2016-17,74033,Sam Clucas,3,1,3186,0.0,0.0,0.0
2016-17,49944,Jake Livermore,1,1,2970,0.0,0.0,0.0
2016-17,37339,Ahmed Elmohamady,0,2,2523,0.0,0.0,0.0
2016-17,28147,Mohamed Diamé,0,0,0,0.0,0.0,0.0
2016-17,15109,Tom Huddlestone,1,2,2025,0.0,0.0,0.0
2016-17,53371,David Meyler,1,0,962,0.0,0.0,0.0
2016-17,9110,Shaun Maloney,1,2,283,0.0,0.0,0.0
2016-17,59856,Abel Hernández,4,4,1425,0.0,0.0,0.0
2016-17,111847,Adama Diomande,2,0,1171,0.0,0.0,0.0
2016-17,17745,Kasper Schmeichel,0,0,2666,0.0,0.0,0.0
2016-17,51934,Ron-Robert Zieler,0,0,754,0.0,0.0,0.0
2016-17,15033,Wes Morgan,1,1,2430,0.0,0.0,0.0
2016-17,37402,Christian Fuchs,2,4,3103,0.0,0.0,0.0
2016-17,86417,Jeffrey Schlupp,0,2,1139,0.0,0.0,0.0
2016-17,37388,Marcin Wasilewski,0,0,90,0.0,0.0,0.0
2016-17,46695,Ritchie de Laet,0,0,0,0.0,0.0,0.0
2016-17,40725,Danny Simpson,0,3,2988,0.0,0.0,0.0
2016-17,12413,Robert Huth,2,2,2926,0.0,0.0,0.0
2016-17,41321,Yohan Benalouane,0,0,917,0.0,0.0,0.0
2016-17,130025,Luis Hernández,0,0,327,0.0,0.0,0.0
2016-17,103025,Riyad Mahrez,6,4,2826,0.0,0.0,0.0
2016-17,51938,Marc Albrighton,2,6,2412,0.0,0.0,0.0
2016-17,13152,Andy King,1,0,1446,0.0,0.0,0.0
2016-17,61603,Daniel Drinkwater,1,1,2466,0.0,0.0,0.0
2016-17,40772,Gökhan Inler,0,0,0,0.0,0.0,0.0
2016-17,172632,Demarai Gray,1,4,1049,0.0,0.0,0.0
2016-17,155569,Daniel Amartey,1,1,1673,0.0,0.0,0.0
2016-17,86881,Nampalys Mendy,0,0,269,0.0,0.0,0.0
2016-17,101668,Jamie Vardy,13,8,2801,0.0,0.0,0.0
2016-17,54316,Leonardo Ulloa,1,0,447,0.0,0.0,0.0
2016-17,78412,Shinji Okazaki,3,1,1565,0.0,0.0,0.0
2016-17,90714,Ahmed Musa,2,0,761,0.0,0.0,0.0
2016-17,66797,Simon Mignolet,0,0,2520,0.0,0.0,0.0
2016-17,104542,Loris Karius,0,0,900,0.0,0.0,0.0
2016-17,40784,Mamadou Sakho,0,0,686,0.0,0.0,0.0
2016-17,38454,Dejan Lovren,2,1,2553,0.0,0.0,0.0
2016-17,100059,Alberto Moreno,0,1,305,0.0,0.0,0.0
2016-17,57328,Nathaniel Clyne,0,2,3323,0.0,0.0,0.0
2016-17,91979,Jon Flanagan,0,0,360,0.0,0.0,0.0
2016-17,171287,Joseph Gomez,0,0,0,0.0,0.0,0.0
2016-17,134383,Connor Randall,0,0,0,0.0,0.0,0.0
2016-17,120447,Bradley Smith,0,0,269,0.0,0.0,0.0
2016-17,106449,Kevin Stewart,0,0,20,0.0,0.0,0.0
2016-17,60914,Joel Matip,1,0,2457,0.0,0.0,0.0
2016-17,43191,Leiva Lucas,0,3,1112,0.0,0.0,0.0
2016-17,56979,Jordan Henderson,1,4,2116,0.0,0.0,0.0
2016-17,40555,Joe Allen,6,3,2930,0.0,0.0,0.0
2016-17,84583,Philippe Coutinho,13,8,2228,0.0,0.0,0.0
2016-17,112338,Emre Can,5,2,2371,0.0,0.0,0.0
2016-17,39155,Adam Lallana,8,7,2338,0.0,0.0,0.0
2016-17,99323,Lazar Markovic,2,0,1005,0.0,0.0,0.0
2016-17,141921,Oluwaseyi Ojo,0,0,0,0.0,0.0,0.0
2016-17,15157,James Milner,7,4,3154,0.0,0.0,0.0
2016-17,92217,Roberto Firmino,11,11,3062,0.0,0.0,0.0
2016-17,147668,Cameron Brannagan,0,0,0,0.0,0.0,0.0
2016-17,174254,Pedro Chirivella,0,0,0,0.0,0.0,0.0
2016-17,110979,Sadio Mané,13,7,2242,0.0,0.0,0.0
2016-17,54861,Christian Benteke,15,2,3131,0.0,0.0,0.0
2016-17,40755,Daniel Sturridge,3,5,775,0.0,0.0,0.0
2016-17,42493,Mario Balotelli,0,0,0,0.0,0.0,0.0
2016-17,84939,Danny Ings,0,0,0,0.0,0.0,0.0
2016-17,152760,Divock Origi,7,4,1469,0.0,0.0,0.0
2016-17,15749,Joe Hart,0,0,0,0.0,0.0,0.0
2016-17,20310,Willy Caballero,0,0,1452,0.0,0.0,0.0
2016-17,42593,Aleksandar Kolarov,1,1,2535,0.0,0.0,0.0
2016-17,20658,Pablo Zabaleta,1,1,1065,0.0,0.0,0.0
2016-17,17476,Vincent Kompany,3,0,820,0.0,0.0,0.0
2016-17,17336,Gaël Clichy,1,0,2123,0.0,0.0,0.0
2016-17,37748,Bacary Sagna,0,1,1346,0.0,0.0,0.0
2016-17,57112,Eliaquim Mangala,0,0,0,0.0,0.0,0.0
2016-17,57410,Nicolás Otamendi,1,2,2592,0.0,0.0,0.0
2016-17,41823,Fabian Delph,1,0,224,0.0,0.0,0.0
2016-17,103955,Raheem Sterling,7,14,2509,0.0,0.0,0.0
2016-17,28554,Samir Nasri,0,0,16,0.0,0.0,0.0
2016-17,20664,David Silva,4,9,2760,0.0,0.0,0.0
2016-17,14664,Gnegneri Yaya Touré,5,0,1941,0.0,0.0,0.0
2016-17,17740,Jesús Navas,0,3,1064,0.0,0.0,0.0
2016-17,27789,Fernando Luiz Rosa,2,1,2755,0.0,0.0,0.0
2016-17,52538,Fernando Francisco Reges,0,0,568,0.0,0.0,0.0
2016-17,61366,Kevin De Bruyne,6,21,2877,0.0,0.0,0.0
2016-17,59859,Ilkay Gündogan,3,1,704,0.0,0.0,0.0
2016-17,86173,Manuel Agudo Durán,4,3,777,0.0,0.0,0.0
2016-17,206325,Oleksandr Zinchenko,0,0,0,0.0,0.0,0.0
2016-17,37572,Sergio Agüero,20,5,2404,0.0,0.0,0.0
2016-17,57001,Wilfried Bony,2,0,684,0.0,0.0,0.0
2016-17,173515,Kelechi Iheanacho,4,3,537,0.0,0.0,0.0
2016-17,51940,David de Gea,0,0,3150,0.0,0.0,0.0
2016-17,42899,Sergio Romero,0,0,180,0.0,0.0,0.0
2016-17,55909,Chris Smalling,1,1,1217,0.0,0.0,0.0
2016-17,76359,Phil Jones,0,0,1584,0.0,0.0,0.0
2016-17,152015,Guillermo Varela,0,0,0,0.0,0.0,0.0
2016-17,106760,Luke Shaw,0,3,688,0.0,0.0,0.0
2016-17,58893,Marcos Rojo,1,0,1663,0.0,0.0,0.0
2016-17,160817,Patrick McNair,0,0,353,0.0,0.0,0.0
2016-17,20695,Antonio Valencia,1,3,2483,0.0,0.0,0.0
2016-17,40002,Matteo Darmian,0,0,1333,0.0,0.0,0.0
2016-17,171273,Cameron Borthwick-Jackson,0,0,0,0.0,0.0,0.0
2016-17,201084,Timothy Fosu-Mensah,0,0,97,0.0,0.0,0.0
2016-17,58877,Daley Blind,1,2,1830,0.0,0.0,0.0
2016-17,197365,Eric Bailly,0,0,2058,0.0,0.0,0.0
2016-17,43670,Juan Mata,6,3,1614,0.0,0.0,0.0
2016-17,41184,Marouane Fellaini,1,0,1604,0.0,0.0,0.0
2016-17,106824,Memphis Depay,0,0,24,0.0,0.0,0.0
2016-17,2404,Michael Carrick,0,0,1601,0.0,0.0,0.0
2016-17,18892,Ashley Young,0,1,760,0.0,0.0,0.0
2016-17,154976,Adnan Januzaj,0,3,1628,0.0,0.0,0.0
2016-17,59846,Ander Herrera,1,6,2465,0.0,0.0,0.0
2016-17,156689,Andreas Pereira,0,0,0,0.0,0.0,0.0
2016-17,42774,Morgan Schneiderlin,1,0,1073,0.0,0.0,0.0
2016-17,15208,Bastian Schweinsteiger,0,0,0,0.0,0.0,0.0
2016-17,109322,Jesse Lingard,1,3,1360,0.0,0.0,0.0
2016-17,148225,Anthony Martial,4,6,1553,0.0,0.0,0.0
2016-17,57249,Henrikh Mkhitaryan,4,1,1348,0.0,0.0,0.0
2016-17,13017,Wayne Rooney,5,5,1540,0.0,0.0,0.0
2016-17,112139,James Wilson,0,0,0,0.0,0.0,0.0
2016-17,176297,Marcus Rashford,5,3,1712,0.0,0.0,0.0
2016-17,9808,Zlatan Ibrahimovic,17,7,2438,0.0,0.0,0.0
2016-17,19101,Dimitrios Konstantopoulos,0,0,0,0.0,0.0,0.0
2016-17,12496,Víctor Valdés,0,0,2520,0.0,0.0,0.0
2016-17,75880,Daniel Ayala,1,0,918,0.0,0.0,0.0
2016-17,40202,George Friend,0,3,1964,0.0,0.0,0.0
2016-17,169061,Dael Fry,0,0,0,0.0,0.0,0.0
2016-17,83312,Ben Gibson,1,1,3420,0.0,0.0,0.0
2016-17,48771,Emilio Nsue Lopez,0,0,320,0.0,0.0,0.0
2016-17,55317,Bernardo Espinosa Zúñiga,0,0,975,0.0,0.0,0.0
2016-17,49773,Albert Adomah,0,0,122,0.0,0.0,0.0
2016-17,12002,Stewart Downing,1,3,2214,0.0,0.0,0.0
2016-17,59044,Adam Clayton,0,2,2804,0.0,0.0,0.0
2016-17,10460,Grant Leadbitter,1,0,710,0.0,0.0,0.0
2016-17,96778,Adam Reach,0,0,0,0.0,0.0,0.0
2016-17,80179,Adam Forshaw,0,2,2695,0.0,0.0,0.0
2016-17,153601,Carlos De Pena,0,0,0,0.0,0.0,0.0
2016-17,169535,Julien de Sart,0,0,0,0.0,0.0,0.0
2016-17,123125,Viktor Fischer,0,3,438,0.0,0.0,0.0
2016-17,82428,Marten de Roon,4,1,2773,0.0,0.0,0.0
2016-17,12744,David Nugent,0,0,43,0.0,0.0,0.0
2016-17,20047,Jordan Rhodes,0,0,211,0.0,0.0,0.0
2016-17,49464,Cristhian Stuani,4,0,1355,0.0,0.0,0.0
2016-17,40383,Fraser Forster,0,0,3420,0.0,0.0,0.0
2016-17,102884,Paulo Gazzaniga,0,0,0,0.0,0.0,0.0
2016-17,40146,Ryan Bertrand,2,5,2507,0.0,0.0,0.0
2016-17,38580,Jose Fonte,0,0,2934,0.0,0.0,0.0
2016-17,80447,Maya Yoshida,1,1,2070,0.0,0.0,0.0
2016-17,169359,Matt Targett,0,0,373,0.0,0.0,0.0
2016-17,84395,Florin Gardos,0,0,0,0.0,0.0,0.0
2016-17,58822,Cédric Soares,0,3,2515,0.0,0.0,0.0
2016-17,56192,Cuco Martina,0,0,592,0.0,0.0,0.0
2016-17,97032,Virgil van Dijk,1,0,1852,0.0,0.0,0.0
2016-17,83283,Nathan Redmond,7,1,2898,0.0,0.0,0.0
2016-17,17339,Steven Davis,0,3,2643,0.0,0.0,0.0
2016-17,101178,James Ward-Prowse,4,4,1883,0.0,0.0,0.0
2016-17,153366,Harrison Reed,0,0,64,0.0,0.0,0.0
2016-17,62399,Dusan Tadic,3,7,2411,0.0,0.0,0.0
2016-17,85654,Jordy Clasie,1,1,1022,0.0,0.0,0.0
2016-17,78056,Oriol Romeu Vidal,1,0,3071,0.0,0.0,0.0
2016-17,44683,Jay Rodriguez,5,2,893,0.0,0.0,0.0
2016-17,132015,Pierre-Emile Højbjerg,0,0,1300,0.0,0.0,0.0
2016-17,20452,Shane Long,3,2,1262,0.0,0.0,0.0
2016-17,78356,Charlie Austin,6,1,934,0.0,0.0,0.0
2016-17,1822,Shay Given,0,0,450,0.0,0.0,0.0
2016-17,105666,Jack Butland,0,0,450,0.0,0.0,0.0
2016-17,112316,Jakob Haugaard,0,0,0,0.0,0.0,0.0
2016-17,37869,Ryan Shawcross,1,2,3150,0.0,0.0,0.0
2016-17,32318,Marc Wilson,0,0,255,0.0,0.0,0.0
2016-17,50089,Geoff Cameron,0,1,1629,0.0,0.0,0.0
2016-17,39487,Erik Pieters,0,2,3151,0.0,0.0,0.0
2016-17,61595,Marc Muniesa,1,0,650,0.0,0.0,0.0
2016-17,17997,Phil Bardsley,0,0,1168,0.0,0.0,0.0
2016-17,69960,Philipp Wollscheid,0,0,180,0.0,0.0,0.0
2016-17,9047,Glen Johnson,0,0,1957,0.0,0.0,0.0
2016-17,155706,Dionatan do Nascimento Teixeira,0,0,0,0.0,0.0,0.0
2016-17,20481,Stephen Ireland,0,0,0,0.0,0.0,0.0
2016-17,20208,Charlie Adam,1,4,1491,0.0,0.0,0.0
2016-17,12150,Glenn Whelan,0,1,2276,0.0,0.0,0.0
2016-17,12813,Jonathan Walters,4,3,1304,0.0,0.0,0.0
2016-17,41464,Marko Arnautovic,6,7,2713,0.0,0.0,0.0
2016-17,19568,Ibrahim Afellay,0,0,384,0.0,0.0,0.0
2016-17,68312,Xherdan Shaqiri,4,2,1699,0.0,0.0,0.0
2016-17,102738,Giannelli Imbula,0,1,796,0.0,0.0,0.0
2016-17,40276,Bojan Krkic,3,0,475,0.0,0.0,0.0
2016-17,3773,Peter Crouch,7,3,1343,0.0,0.0,0.0
2016-17,61858,Mame Biram Diouf,1,2,1385,0.0,0.0,0.0
2016-17,61316,Jose Luis Mato Sanmartín,0,0,0,0.0,0.0,0.0
2016-17,20487,Vito Mannone,0,0,810,0.0,0.0,0.0
2016-17,111234,Jordan Pickford,0,0,2610,0.0,0.0,0.0
2016-17,37742,Younes Kaboul,2,0,1910,0.0,0.0,0.0
2016-17,3736,John O'Shea,0,1,2158,0.0,0.0,0.0
2016-17,11467,Billy Jones,1,0,2270,0.0,0.0,0.0
2016-17,74230,Patrick van Aanholt,5,1,2498,0.0,0.0,0.0
2016-17,60794,Adam Matthews,0,0,0,0.0,0.0,0.0
2016-17,45076,Lamine Koné,1,0,2545,0.0,0.0,0.0
2016-17,57736,Jan Kirchhoff,0,1,433,0.0,0.0,0.0
2016-17,28448,Lee Cattermole,0,0,633,0.0,0.0,0.0
2016-17,19057,Sebastian Larsson,0,3,1468,0.0,0.0,0.0
2016-17,49384,Jack Rodwell,0,1,1492,0.0,0.0,0.0
2016-17,39187,Jeremain Lens,0,0,69,0.0,0.0,0.0
2016-17,60165,Wahbi Khazri,1,0,849,0.0,0.0,0.0
2016-17,115854,Duncan Watmore,0,5,1025,0.0,0.0,0.0
2016-17,77454,Fabio Borini,2,0,1742,0.0,0.0,0.0
2016-17,7958,Jermain Defoe,15,3,3322,0.0,0.0,0.0
2016-17,37096,Lukasz Fabianski,0,0,3330,0.0,0.0,0.0
2016-17,61760,Kristoffer Nordfeldt,0,0,90,0.0,0.0,0.0
2016-17,49539,Kyle Naughton,1,0,2714,0.0,0.0,0.0
2016-17,19159,Ashley Williams,1,3,3160,0.0,0.0,0.0
2016-17,47390,Neil Taylor,0,1,920,0.0,0.0,0.0
2016-17,42996,Angel Rangel,1,0,831,0.0,0.0,0.0
2016-17,80789,Jordi Amat,0,0,1409,0.0,0.0,0.0
2016-17,57145,Federico Fernández,0,1,2430,0.0,0.0,0.0
2016-17,55313,Franck Tabanou,0,0,0,0.0,0.0,0.0
2016-17,96306,Stephen Kingsley,0,0,1036,0.0,0.0,0.0
2016-17,97615,Mike van der Hoorn,1,0,662,0.0,0.0,0.0
2016-17,40145,Jack Cork,0,1,2232,0.0,0.0,0.0
2016-17,55422,Gylfi Sigurdsson,9,13,3327,0.0,0.0,0.0
2016-17,11829,Wayne Routledge,3,2,1917,0.0,0.0,0.0
2016-17,15114,Leon Britton,0,0,1163,0.0,0.0,0.0
2016-17,96305,Jay Fulton,0,0,690,0.0,0.0,0.0
2016-17,76542,Sung-yueng Ki,0,1,1291,0.0,0.0,0.0
2016-17,49195,Jefferson Montero,0,1,380,0.0,0.0,0.0
2016-17,45124,André Ayew,6,3,1439,0.0,0.0,0.0
2016-17,49277,Leroy Fer,6,2,2405,0.0,0.0,0.0
2016-17,21083,Nathan Dyer,0,1,214,0.0,0.0,0.0
2016-17,37998,Bafétimbi Gomis,0,0,0,0.0,0.0,0.0
2016-17,39270,Marvin Emnes,0,0,0,0.0,0.0,0.0
2016-17,111787,Modou Barrow,0,2,1145,0.0,0.0,0.0
2016-17,37915,Hugo Lloris,0,0,3004,0.0,0.0,0.0
2016-17,39215,Michel Vorm,0,0,416,0.0,0.0,0.0
2016-17,55605,Toby Alderweireld,1,0,2601,0.0,0.0,0.0
2016-17,38290,Danny Rose,2,3,1530,0.0,0.0,0.0
2016-17,58621,Kyle Walker,0,6,2701,0.0,0.0,0.0
2016-17,39194,Jan Vertonghen,0,0,2894,0.0,0.0,0.0
2016-17,115556,Ben Davies,1,3,1739,0.0,0.0,0.0
2016-17,77794,Kieran Trippier,0,5,568,0.0,0.0,0.0
2016-17,97485,Kevin Wimmer,0,0,357,0.0,0.0,0.0
2016-17,151119,DeAndre Yedlin,0,0,0,0.0,0.0,0.0
2016-17,93264,Eric Dier,2,0,3043,0.0,0.0,0.0
2016-17,39104,Mousa Dembélé,1,2,2056,0.0,0.0,0.0
2016-17,54908,Nacer Chadli,5,6,2135,0.0,0.0,0.0
2016-17,62974,Erik Lamela,1,1,595,0.0,0.0,0.0
2016-17,80607,Christian Eriksen,8,20,3159,0.0,0.0,0.0
2016-17,126407,Nabil Bentaleb,0,0,0,0.0,0.0,0.0
2016-17,58791,Ryan Mason,1,0,927,0.0,0.0,0.0
2016-17,93464,Tom Carroll,1,2,1389,0.0,0.0,0.0
2016-17,108823,Bamidele Alli,18,11,3036,0.0,0.0,0.0
2016-17,168765,Joshua Onomah,0,0,22,0.0,0.0,0.0
2016-17,54756,Victor Wanyama,4,2,3012,0.0,0.0,0.0
2016-17,106450,Alex Pritchard,0,0,0,0.0,0.0,0.0
2016-17,85971,Heung-Min Son,14,9,2063,0.0,0.0,0.0
2016-17,78830,Harry Kane,29,7,2523,0.0,0.0,0.0
2016-17,145212,Clinton N'Jie,0,0,0,0.0,0.0,0.0
2016-17,165990,Vincent Janssen,2,3,845,0.0,0.0,0.0
2016-17,56827,Costel Pantilimon,0,0,83,0.0,0.0,0.0
2016-17,18656,Heurelho Gomes,0,0,3337,0.0,0.0,0.0
2016-17,41338,Craig Cathcart,0,1,1162,0.0,0.0,0.0
2016-17,41945,Sebastian Prödl,1,2,2770,0.0,0.0,0.0
2016-17,98780,Juan Carlos Paredes,0,0,0,0.0,0.0,0.0
2016-17,40868,José Holebas,2,4,2905,0.0,0.0,0.0
2016-17,67527,Allan-Roméo Nyom,0,2,2638,0.0,0.0,0.0
2016-17,52153,Miguel Britos,1,2,2280,0.0,0.0,0.0
2016-17,85624,Christian Kabasele,2,0,771,0.0,0.0,0.0
2016-17,44302,Adlène Guédioura,0,1,861,0.0,0.0,0.0
2016-17,38439,Etienne Capoue,7,2,3204,0.0,0.0,0.0
2016-17,41926,Almen Abdi,0,0,0,0.0,0.0,0.0
2016-17,16045,Ben Watson,0,0,54,0.0,0.0,0.0
2016-17,19342,Ikechi Anya,0,0,10,0.0,0.0,0.0
2016-17,21123,Valon Behrami,0,0,2030,0.0,0.0,0.0
2016-17,88935,Steven Berghuis,0,0,0,0.0,0.0,0.0
2016-17,44604,Nordin Amrabat,0,3,2091,0.0,0.0,0.0
2016-17,28160,Mario Suárez,0,0,0,0.0,0.0,0.0
2016-17,173514,Isaac Success,1,1,519,0.0,0.0,0.0
2016-17,41725,Troy Deeney,10,4,2944,0.0,0.0,0.0
2016-17,58498,Odion Ighalo,1,1,1291,0.0,0.0,0.0
2016-17,179620,Mamadou Obbi Oularé,0,0,0,0.0,0.0,0.0
2016-17,133801,Jerome Sinclair,0,0,116,0.0,0.0,0.0
2016-17,12086,Boaz Myhill,0,0,0,0.0,0.0,0.0
2016-17,9089,Ben Foster,0,0,3420,0.0,0.0,0.0
2016-17,37642,Jonny Evans,2,1,2637,0.0,0.0,0.0
2016-17,39253,Jonas Olsson,0,0,590,0.0,0.0,0.0
2016-17,60232,Craig Dawson,4,0,3276,0.0,0.0,0.0
2016-17,42583,Sébastien Pocognoli,0,0,0,0.0,0.0,0.0
2016-17,77760,Cristian Gamboa,0,0,0,0.0,0.0,0.0
2016-17,19272,Gareth McAuley,6,1,3140,0.0,0.0,0.0
2016-17,43252,James Chester,0,0,0,0.0,0.0,0.0
2016-17,19151,Chris Brunt,3,4,2477,0.0,0.0,0.0
2016-17,14295,Darren Fletcher,2,3,3231,0.0,0.0,0.0
2016-17,28468,Craig Gardner,0,1,218,0.0,0.0,0.0
2016-17,18008,James Morrison,5,2,1741,0.0,0.0,0.0
2016-17,55829,Claudio Yacob,0,0,2418,0.0,0.0,0.0
2016-17,61538,Callum McManaman,0,0,0,0.0,0.0,0.0
2016-17,63370,James McClean,1,3,1477,0.0,0.0,0.0
2016-17,173809,Jonathan Leko,0,1,118,0.0,0.0,0.0
2016-17,50229,Matt Phillips,4,9,2181,0.0,0.0,0.0
2016-17,11037,Rickie Lambert,0,0,13,0.0,0.0,0.0
2016-17,91972,Saido Berahino,0,0,963,0.0,0.0,0.0
2016-17,57134,Salomón Rondón,8,3,2892,0.0,0.0,0.0
2016-17,60706,Adrián San Miguel del Castillo,0,0,1440,0.0,0.0,0.0
2016-17,32259,Darren Randolph,0,0,1980,0.0,0.0,0.0
2016-17,8380,James Collins,2,0,1655,0.0,0.0,0.0
2016-17,48717,Winston Reid,2,3,2587,0.0,0.0,0.0
2016-17,55459,Aaron Cresswell,0,2,2115,0.0,0.0,0.0
2016-17,173792,Reece Oxford,0,0,0,0.0,0.0,0.0
2016-17,40669,Angelo Ogbonna,0,0,1755,0.0,0.0,0.0
2016-17,113564,Sam Byram,0,1,1249,0.0,0.0,0.0
2016-17,18073,Mark Noble,3,0,2389,0.0,0.0,0.0
2016-17,55037,Cheikhou Kouyaté,1,1,2723,0.0,0.0,0.0
2016-17,59779,Pedro Obiang,1,2,1763,0.0,0.0,0.0
2016-17,37901,Dimitri Payet,2,8,1513,0.0,0.0,0.0
2016-17,86934,Manuel Lanzini,8,3,2708,0.0,0.0,0.0
2016-17,172567,Josh Cullen,0,0,0,0.0,0.0,0.0
2016-17,57531,Michail Antonio,9,8,2433,0.0,0.0,0.0
2016-17,43626,Håvard Nordtveit,0,1,957,0.0,0.0,0.0
2016-17,44336,Sofiane Feghouli,3,3,1042,0.0,0.0,0.0
2016-17,59796,Gökhan Töre,0,1,240,0.0,0.0,0.0
2016-17,40142,Andy Carroll,7,2,1312,0.0,0.0,0.0
2016-17,148179,Enner Valencia,3,3,927,0.0,0.0,0.0
2016-17,73889,Diafra Sakho,1,0,181,0.0,0.0,0.0
2016-17,98747,Nick Pope,0,0,0,0.0,0.0,0.0
2016-17,1801,Paul Robinson,0,0,270,0.0,0.0,0.0
2016-17,60586,Johann Berg Gudmundsson,1,3,999,0.0,0.0,0.0
2016-17,33871,Ragnar Klavan,0,0,1410,0.0,0.0,0.0
2016-17,210237,Marko Grujic,0,0,43,0.0,0.0,0.0
2016-17,160729,Jason Denayer,0,0,1878,0.0,0.0,0.0
2016-17,20399,Antonio Barragán,0,0,2193,0.0,0.0,0.0
2016-17,42892,Álvaro Negredo,9,5,2872,0.0,0.0,0.0
2016-17,42738,Juan Zuñiga,1,1,823,0.0,0.0,0.0
2016-17,97296,Tommie Hoban,0,0,0,0.0,0.0,0.0
2016-17,86431,Brice Dja Djédjé,0,0,0,0.0,0.0,0.0
2016-17,121599,Abdoulaye Doucouré,1,0,1352,0.0,0.0,0.0
2016-17,81183,Matej Vydra,0,0,3,0.0,0.0,0.0
2016-17,156074,Rob Holding,0,0,810,0.0,0.0,0.0
2016-17,41733,Georginio Wijnaldum,6,9,2974,0.0,0.0,0.0
2016-17,205102,Ramadan Sobhi,0,2,855,0.0,0.0,0.0
2016-17,159506,Ola Aina,0,0,26,0.0,0.0,0.0
2016-17,80801,Idrissa Gueye,1,2,2681,0.0,0.0,0.0
2016-17,182156,Leroy Sané,5,7,1781,0.0,0.0,0.0
2016-17,41705,Bradley Guzan,0,0,900,0.0,0.0,0.0
2016-17,78091,Gastón Ramírez,2,3,1539,0.0,0.0,0.0
2016-17,40833,Jérémy Pied,0,0,129,0.0,0.0,0.0
2016-17,147675,Chuba Akpom,0,0,0,0.0,0.0,0.0
2016-17,138009,Sullay Kaikai,0,0,24,0.0,0.0,0.0
2016-17,194164,Mason Holgate,0,1,1372,0.0,0.0,0.0
2016-17,172850,Benjamin Chilwell,1,0,699,0.0,0.0,0.0
2016-17,165911,Bartosz Kapustka,0,0,0,0.0,0.0,0.0
2016-17,145235,Jose Angel Esmoris Tasende,0,0,0,0.0,0.0,0.0
2016-17,80935,Papy Djilobodji,0,0,1577,0.0,0.0,0.0
2016-17,19760,Fernando Llorente,15,3,2442,0.0,0.0,0.0
2016-17,168763,Cameron Carter-Vickers,0,0,0,0.0,0.0,0.0
2016-17,80788,Daniel Lafferty,0,0,0,0.0,0.0,0.0
2016-17,74208,Paul Pogba,5,4,2608,0.0,0.0,0.0
2016-17,88900,Jack Stephens,0,1,1471,0.0,0.0,0.0
2016-17,105717,Arthur Masuaku,0,1,972,0.0,0.0,0.0
2016-17,160816,Donald Love,0,1,611,0.0,0.0,0.0
2016-17,83091,Borja Bastón,1,2,561,0.0,0.0,0.0
2016-17,94926,Olayinka Fredrick Oladotun Ladapo,0,0,0,0.0,0.0,0.0
2016-17,204216,Keshi Anderson,0,0,0,0.0,0.0,0.0
2016-17,215457,Kane Wilson,0,0,0,0.0,0.0,0.0
2016-17,195864,Sam Field,0,0,275,0.0,0.0,0.0
2016-17,173807,Tom Davies,2,3,1544,0.0,0.0,0.0
2016-17,157668,Harry Winks,1,1,494,0.0,0.0,0.0
2016-17,155509,Greg Olley,0,0,0,0.0,0.0,0.0
2016-17,213384,Josh Clackstone,0,0,0,0.0,0.0,0.0
2016-17,178186,Jarrod Bowen,0,0,181,0.0,0.0,0.0
2016-17,19812,Dusan Kuciak,0,0,0,0.0,0.0,0.0
2016-17,202174,Greg Luer,0,0,0,0.0,0.0,0.0
2016-17,221267,Josh Tymon,0,0,323,0.0,0.0,0.0
2016-17,149016,Lynden Gooch,0,0,366,0.0,0.0,0.0
2016-17,219727,Joel Asoro,0,0,10,0.0,0.0,0.0
2016-17,15633,Alex Baptiste,0,0,0,0.0,0.0,0.0
2016-17,169187,Trent Alexander-Arnold,0,0,167,0.0,0.0,0.0
2016-17,1616,Alexander Manninger,0,0,0,0.0,0.0,0.0
2016-17,39847,Steven Defour,1,3,1068,0.0,0.0,0.0
2016-17,168287,Jonathan Calleri,1,0,540,0.0,0.0,0.0
2016-17,54771,Fabio Pereira da Silva,0,0,1847,0.0,0.0,0.0
2016-17,170154,Pablo Maffeo,0,0,0,0.0,0.0,0.0
2016-17,153772,Luke McGee,0,0,0,0.0,0.0,0.0
2016-17,89085,Nathaniel Chalobah,0,1,167,0.0,0.0,0.0
2016-17,234483,Aiden O'Neill,0,0,85,0.0,0.0,0.0
2016-17,170851,Josh Robson,0,0,0,0.0,0.0,0.0
2016-17,7525,Steven Pienaar,0,0,802,0.0,0.0,0.0
2016-17,156658,Reece Burke,0,0,0,0.0,0.0,0.0
2016-17,176296,Ashley Fletcher,0,0,367,0.0,0.0,0.0
2016-17,90105,Ryan Fraser,3,9,1764,0.0,0.0,0.0
2016-17,154558,Thomas Robson,0,0,0,0.0,0.0,0.0
2016-17,109528,Javier Manquillo,1,0,1430,0.0,0.0,0.0
2016-17,61566,Roberto Pereyra,2,3,1036,0.0,0.0,0.0
2016-17,52940,Daryl Janmaat,2,1,1614,0.0,0.0,0.0
2016-17,33148,Claudio Bravo,0,0,1968,0.0,0.0,0.0
2016-17,163526,Edimilson Fernandes,0,1,1002,0.0,0.0,0.0
2016-17,130103,Hiram Boateng,0,0,0,0.0,0.0,0.0
2016-17,200455,Julien Ngoy,0,0,49,0.0,0.0,0.0
2016-17,221268,Ben Hinchcliffe,0,0,0,0.0,0.0,0.0
2016-17,169432,Oliver McBurnie,0,0,82,0.0,0.0,0.0
2016-17,168717,Maksymilian Stryjek,0,0,0,0.0,0.0,0.0
2016-17,112507,Jack Rose,0,0,0,0.0,0.0,0.0
2016-17,155851,Lucas Pérez,1,1,272,0.0,0.0,0.0
2016-17,60270,Simone Zaza,0,0,459,0.0,0.0,0.0
2016-17,128198,Sofiane Boufal,1,1,1104,0.0,0.0,0.0
2016-17,20046,Stefano Okaka,4,0,959,0.0,0.0,0.0
2016-17,106617,Patrick Bamford,1,0,326,0.0,0.0,0.0
2016-17,15144,David Marshall,0,0,1440,0.0,0.0,0.0
2016-17,69140,Shkodran Mustafi,2,2,2274,0.0,0.0,0.0
2016-17,20145,Adrian Mariappa,0,0,562,0.0,0.0,0.0
2016-17,91126,Will Keane,0,0,280,0.0,0.0,0.0
2016-17,149266,Alfie Mawson,4,0,2430,0.0,0.0,0.0
2016-17,144660,Didier Ndong,1,1,2520,0.0,0.0,0.0
2016-17,83314,Jeff Hendrick,2,1,2691,0.0,0.0,0.0
2016-17,82263,Marcos Alonso,6,5,2693,0.0,0.0,0.0
2016-17,85352,Bruno Martins Indi,1,0,3146,0.0,0.0,0.0
2016-17,159533,Adama Traoré,0,1,1543,0.0,0.0,0.0
2016-17,182960,Pau López Sabata,0,0,0,0.0,0.0,0.0
2016-17,168566,Georges-Kévin Nkoudou,0,0,54,0.0,0.0,0.0
2016-17,156686,James Weir,0,0,0,0.0,0.0,0.0
2016-17,149828,Islam Slimani,7,4,1281,0.0,0.0,0.0
2016-17,18759,Álvaro Arbeloa,0,0,258,0.0,0.0,0.0
2016-17,39472,Dieumerci Mbokani,0,2,764,0.0,0.0,0.0
2016-17,41270,David Luiz Moreira Marinho,1,1,2954,0.0,0.0,0.0
2016-17,49440,Hal Robson-Kanu,3,2,701,0.0,0.0,0.0
2016-17,45268,Moussa Sissoko,0,3,909,0.0,0.0,0.0
2016-17,82771,Markus Henriksen,0,0,638,0.0,0.0,0.0
2016-17,6744,Lee Grant,0,0,2520,0.0,0.0,0.0
2016-17,28593,Victor Anichebe,3,1,1219,0.0,0.0,0.0
2016-17,18155,Mathieu Flamini,0,0,274,0.0,0.0,0.0
2016-17,81061,Michael Simões Domingues,0,0,0,0.0,0.0,0.0
2016-17,178871,Aleix García Serrano,0,0,77,0.0,0.0,0.0
2016-17,191769,Jonathan Benteke,0,0,7,0.0,0.0,0.0
2016-17,106603,Ezekiel Fryers,0,1,188,0.0,0.0,0.0
2016-17,221275,Luke Dreher,0,0,0,0.0,0.0,0.0
2016-17,154051,Oviemuno Ejaria,0,0,8,0.0,0.0,0.0
2016-17,38038,Ben Hamer,0,0,0,0.0,0.0,0.0
2016-17,101179,Lloyd Isgrove,0,0,0,0.0,0.0,0.0
2016-17,221271,Ben Wynter,0,0,0,0.0,0.0,0.0
2016-17,158544,Jake Hesketh,0,0,0,0.0,0.0,0.0
2016-17,114000,George Honeyman,0,0,235,0.0,0.0,0.0
2016-17,208987,Jeff Reine-Adelaide,0,0,0,0.0,0.0,0.0
2016-17,154050,Olufela Olomola,0,0,0,0.0,0.0,0.0
2016-17,154566,Dominic Solanke,0,0,0,0.0,0.0,0.0
2016-17,82257,Raphael Spiegel,0,0,0,0.0,0.0,0.0
2016-17,153373,Sam McQueen,0,1,616,0.0,0.0,0.0
2016-17,154043,Ainsley Maitland-Niles,0,0,2,0.0,0.0,0.0
2016-17,41674,Kevin Long,0,0,270,0.0,0.0,0.0
2016-17,177815,Dominic Calvert-Lewin,1,0,347,0.0,0.0,0.0
2016-17,185056,Mateusz Hewelt,0,0,0,0.0,0.0,0.0
2016-17,3201,Stuart Taylor,0,0,0,0.0,0.0,0.0
2016-17,200617,Daniel James,0,0,0,0.0,0.0,0.0
2016-17,220650,Thibaud Verlinden,0,0,0,0.0,0.0,0.0
2016-17,61302,Ryan Allsop,0,0,90,0.0,0.0,0.0
2016-17,112520,Alex Palmer,0,0,0,0.0,0.0,0.0
2016-17,61604,Matthew James,0,0,1,0.0,0.0,0.0
2016-17,182436,Ben Woodburn,0,0,86,0.0,0.0,0.0
2016-17,153379,Joshua Sims,0,1,211,0.0,0.0,0.0
2016-17,243531,Andrew Eleftheriou,0,0,52,0.0,0.0,0.0
2016-17,215885,Michael Phillips,0,0,0,0.0,0.0,0.0
2016-17,109646,Oluwatosin Adarabioyo,0,0,0,0.0,0.0,0.0
2016-17,181489,Alex Pike,0,0,0,0.0,0.0,0.0
2016-17,195859,Marcus Browne,0,0,0,0.0,0.0,0.0
2016-17,216058,Domingos Quina,0,0,0,0.0,0.0,0.0
2016-17,169735,Noor Husin,0,0,0,0.0,0.0,0.0
2016-17,214590,Aaron Wan-Bissaka,0,0,0,0.0,0.0,0.0
2016-17,195480,Josh Maja,0,0,0,0.0,0.0,0.0
2016-17,232427,Rekeem Harper,0,0,0,0.0,0.0,0.0
2016-17,149051,Ethan Robson,0,0,0,0.0,0.0,0.0
2016-17,153673,Jonjoe Kenny,0,0,13,0.0,0.0,0.0
2016-17,204819,Elliot Embleton,0,0,0,0.0,0.0,0.0
2016-17,204480,Declan Rice,0,0,1,0.0,0.0,0.0
2016-17,221286,Charlie Rowan,0,0,0,0.0,0.0,0.0
2016-17,204760,Michael Folivi,0,0,10,0.0,0.0,0.0
2016-17,231172,Brandon Mason,0,0,113,0.0,0.0,0.0
2016-17,179725,Carl Stewart,0,0,0,0.0,0.0,0.0
2016-17,198044,Harry Lewis,0,0,0,0.0,0.0,0.0
2016-17,154559,Michael Ledger,0,0,0,0.0,0.0,0.0
2016-17,205651,Gabriel Fernando de Jesus,7,4,651,0.0,0.0,0.0
2016-17,15276,Joey Barton,1,2,1105,0.0,0.0,0.0
2016-17,219352,Ademola Lookman,1,0,289,0.0,0.0,0.0
2016-17,203341,Wilfred Ndidi,2,3,1521,0.0,0.0,0.0
2016-17,49207,Rudy Gestede,1,0,533,0.0,0.0,0.0
2016-17,52287,Evandro Goebel,0,0,576,0.0,0.0,0.0
2016-17,169130,Joel Taylor,0,0,0,0.0,0.0,0.0
2016-17,57586,Luciano Narsingh,0,3,416,0.0,0.0,0.0
2016-17,28654,Martin Olsson,2,0,1252,0.0,0.0,0.0
2016-17,92293,Omar Elabdellaoui,0,0,615,0.0,0.0,0.0
2016-17,7551,Joleon Lescott,0,0,124,0.0,0.0,0.0
2016-17,49696,Mauro Zárate,0,1,204,0.0,0.0,0.0
2016-17,96764,M'Baye Niang,2,2,1246,0.0,0.0,0.0
2016-17,39167,Andrea Ranocchia,2,2,1330,0.0,0.0,0.0
2016-17,57187,Giedrius Arlauskis,0,0,0,0.0,0.0,0.0
2016-17,90517,Robbie Brady,1,3,719,0.0,0.0,0.0
2016-17,60551,Ashley Westwood,0,0,551,0.0,0.0,0.0
2016-17,80146,Jordan Ayew,1,4,867,0.0,0.0,0.0
2016-17,61548,Manolo Gabbiadini,4,1,724,0.0,0.0,0.0
2016-17,49688,Alfred N'Diaye,1,0,1273,0.0,0.0,0.0
2016-17,103127,Molla Wagué,0,0,0,0.0,0.0,0.0
2016-17,66975,Luka Milivojevic,2,0,1224,0.0,0.0,0.0
2016-17,49957,Kamil Grosicki,0,5,1143,0.0,0.0,0.0
2016-17,209212,Thomas Edwards,0,0,0,0.0,0.0,0.0
2016-17,167789,Baily Cargill,0,0,13,0.0,0.0,0.0
2016-17,115357,Mouez Hassen,0,0,0,0.0,0.0,0.0
2016-17,207725,Daniel Agyei,0,0,25,0.0,0.0,0.0
2016-17,43693,Martín Cáceres,0,0,90,0.0,0.0,0.0
2016-17,153682,Harry Wilson,0,0,0,0.0,0.0,0.0
2016-17,192290,Connor Roberts,0,0,0,0.0,0.0,0.0
2016-17,176295,Matthew Willock,0,0,0,0.0,0.0,0.0
2016-17,180804,Axel Tuanzebe,0,0,303,0.0,0.0,0.0
2016-17,98980,Damian Emiliano Martinez,0,0,180,0.0,0.0,0.0
2016-17,169527,Joe Williams,0,0,0,0.0,0.0,0.0
2016-17,243532,Dion Pereira,0,0,25,0.0,0.0,0.0
2016-17,113534,Matt Macey,0,0,0,0.0,0.0,0.0
2016-17,90263,James Husband,0,0,58,0.0,0.0,0.0
2016-17,168196,Joel Dinis Castro Pereira,0,0,90,0.0,0.0,0.0
2016-17,41251,Eduardo Dos Reis Carvalho,0,0,0,0.0,0.0,0.0
2016-17,156660,Moses Makasi,0,0,0,0.0,0.0,0.0
2016-17,183487,Nathan Holland,0,0,0,0.0,0.0,0.0
2016-17,195473,Rhian Brewster,0,0,0,0.0,0.0,0.0
2016-17,195851,Scott McTominay,0,0,97,0.0,0.0,0.0
2016-17,107265,Angus Gunn,0,0,0,0.0,0.0,0.0
2016-17,171277,Demetri Mitchell,0,0,90,0.0,0.0,0.0
2016-17,179596,Elliott Moore,0,0,0,0.0,0.0,0.0
2016-17,157665,Filip Lesniak,0,1,5,0.0,0.0,0.0
2016-17,205135,Samuel Shashoua,0,0,0,0.0,0.0,0.0
2016-17,179261,Zachary Dearnley,0,0,0,0.0,0.0,0.0
2016-17,156690,Joshua Harrop,1,0,90,0.0,0.0,0.0
2016-17,221568,Daniel Kemp,0,0,0,0.0,0.0,0.0
2016-17,240499,Daniel Batty,0,0,0,0.0,0.0,0.0
2016-17,225321,Aaron Ramsdale,0,0,0,0.0,0.0,0.0
2016-17,224946,Matthew Worthington,0,0,17,0.0,0.0,0.0
2016-17,217331,Sam Surridge,0,0,0,0.0,0.0,0.0
2016-17,209041,Angel Gomes,0,0,3,0.0,0.0,0.0
2016-17,192182,Kieran O'Hara,0,0,0,0.0,0.0,0.0
2016-17,5288,Gerhard Tremmel,0,0,0,0.0,0.0,0.0
2016-17,26719,Rene Gilmartin,0,0,0,0.0,0.0,0.0
2017-18,48844,David Ospina,0,0,380,0.0,0.0,0.0
2017-18,11334,Petr Cech,0,0,3039,0.0,0.0,0.0
2017-18,98980,Damian Emiliano Martinez,0,0,0,0.0,0.0,0.0
2017-18,51507,Laurent Koscielny,2,0,2225,0.0,0.0,0.0
2017-18,17127,Per Mertesacker,1,0,364,0.0,0.0,0.0
2017-18,158074,Gabriel Armando de Abreu,0,0,0,0.0,0.0,0.0
2017-18,98745,Héctor Bellerín,2,4,3050,0.0,0.0,0.0
2017-18,80254,Carl Jenkinson,0,0,0,0.0,0.0,0.0
2017-18,38411,Nacho Monreal,5,2,2241,0.0,0.0,0.0
2017-18,156074,Rob Holding,0,1,819,0.0,0.0,0.0
2017-18,69140,Shkodran Mustafi,3,1,2272,0.0,0.0,0.0
2017-18,111457,Sead Kolasinac,2,4,2146,0.0,0.0,0.0
2017-18,37605,Mesut Özil,4,9,2161,0.0,0.0,0.0
2017-18,19524,Santiago Cazorla,0,0,0,0.0,0.0,0.0
2017-18,41792,Aaron Ramsey,7,10,1844,0.0,0.0,0.0
2017-18,56864,Francis Coquelin,0,0,164,0.0,0.0,0.0
2017-18,153133,Alex Iwobi,3,5,1827,0.0,0.0,0.0
2017-18,153256,Mohamed Elneny,0,1,865,0.0,0.0,0.0
2017-18,84450,Granit Xhaka,1,8,3259,0.0,0.0,0.0
2017-18,54102,Jack Wilshere,1,3,1185,0.0,0.0,0.0
2017-18,50175,Danny Welbeck,5,2,1178,0.0,0.0,0.0
2017-18,155851,Lucas Pérez,0,0,0,0.0,0.0,0.0
2017-18,59966,Alexandre Lacazette,14,5,2197,0.0,0.0,0.0
2017-18,57249,Henrikh Mkhitaryan,3,9,1712,0.0,0.0,0.0
2017-18,101184,Calum Chambers,0,0,864,0.0,0.0,0.0
2017-18,200641,Reiss Nelson,0,0,144,0.0,0.0,0.0
2017-18,154043,Ainsley Maitland-Niles,0,0,908,0.0,0.0,0.0
2017-18,113534,Matt Macey,0,0,0,0.0,0.0,0.0
2017-18,205533,Edward Nketiah,0,0,17,0.0,0.0,0.0
2017-18,27334,Mathieu Debuchy,0,0,0,0.0,0.0,0.0
2017-18,233963,Konstantinos Mavropanos,0,0,194,0.0,0.0,0.0
2017-18,54694,Pierre-Emerick Aubameyang,10,4,1056,0.0,0.0,0.0
2017-18,200089,Joseph Willock,0,0,81,0.0,0.0,0.0
2017-18,209413,Jordi Osei-Tutu,0,0,0,0.0,0.0,0.0
2017-18,40349,Asmir Begovic,0,0,3420,0.0,0.0,0.0
2017-18,18726,Artur Boruc,0,0,0,0.0,0.0,0.0
2017-18,15885,Adam Federici,0,0,0,0.0,0.0,0.0
2017-18,15149,Simon Francis,0,1,2708,0.0,0.0,0.0
2017-18,56917,Steve Cook,2,1,2764,0.0,0.0,0.0
2017-18,41320,Charlie Daniels,1,3,3001,0.0,0.0,0.0
2017-18,54469,Adam Smith,1,3,2067,0.0,0.0,0.0
2017-18,149484,Tyrone Mings,0,0,201,0.0,0.0,0.0
2017-18,120447,Bradley Smith,0,0,0,0.0,0.0,0.0
2017-18,126184,Nathan Aké,2,3,3352,0.0,0.0,0.0
2017-18,48615,Harry Arter,1,0,959,0.0,0.0,0.0
2017-18,20037,Marc Pugh,0,0,974,0.0,0.0,0.0
2017-18,15237,Andrew Surman,2,5,1851,0.0,0.0,0.0
2017-18,56872,Junior Stanislas,5,3,1285,0.0,0.0,0.0
2017-18,40387,Dan Gosling,2,1,1941,0.0,0.0,0.0
2017-18,59741,Max Gradel,0,0,0,0.0,0.0,0.0
2017-18,103912,Jordon Ibe,2,6,1988,0.0,0.0,0.0
2017-18,155408,Lewis Cook,0,2,2234,0.0,0.0,0.0
2017-18,90105,Ryan Fraser,5,3,2003,0.0,0.0,0.0
2017-18,75115,Callum Wilson,8,2,1981,0.0,0.0,0.0
2017-18,88498,Benik Afobe,0,1,534,0.0,0.0,0.0
2017-18,178304,Lys Mousset,2,0,581,0.0,0.0,0.0
2017-18,78007,Joshua King,8,4,2450,0.0,0.0,0.0
2017-18,7958,Jermain Defoe,4,2,1075,0.0,0.0,0.0
2017-18,225321,Aaron Ramsdale,0,0,0,0.0,0.0,0.0
2017-18,222434,Jack Simpson,0,0,71,0.0,0.0,0.0
2017-18,122342,Emerson Hyndman,0,0,58,0.0,0.0,0.0
2017-18,169743,Connor Mahoney,0,0,0,0.0,0.0,0.0
2017-18,200370,Matt Butcher,0,0,0,0.0,0.0,0.0
2017-18,431774,Kyle Taylor,0,0,0,0.0,0.0,0.0
2017-18,48860,Niki Mäenpää,0,0,0,0.0,0.0,0.0
2017-18,131897,Mathew Ryan,0,0,3420,0.0,0.0,0.0
2017-18,83299,Lewis Dunk,1,1,3420,0.0,0.0,0.0
2017-18,61933,Shane Duffy,0,2,3292,0.0,0.0,0.0
2017-18,19071,Uwe Hünemeier,0,0,17,0.0,0.0,0.0
2017-18,11352,Bruno Saltor Grau,0,0,2014,0.0,0.0,0.0
2017-18,42748,Gaëtan Bong,0,0,2237,0.0,0.0,0.0
2017-18,15137,Liam Rosenior,0,0,163,0.0,0.0,0.0
2017-18,85128,Connor Goldson,0,0,199,0.0,0.0,0.0
2017-18,83543,Anthony Knockaert,3,1,2415,0.0,0.0,0.0
2017-18,40845,Dale Stephens,0,3,3240,0.0,0.0,0.0
2017-18,38490,Beram Kayal,0,0,735,0.0,0.0,0.0
2017-18,11735,Steve Sidwell,0,0,0,0.0,0.0,0.0
2017-18,109345,Solomon March,1,3,1838,0.0,0.0,0.0
2017-18,88170,Jiri Skalak,0,0,0,0.0,0.0,0.0
2017-18,79934,Oliver Norwood,0,0,0,0.0,0.0,0.0
2017-18,2513,Jamie Murphy,0,0,166,0.0,0.0,0.0
2017-18,60307,Pascal Groß,7,8,2928,0.0,0.0,0.0
2017-18,20529,Glenn Murray,12,0,2184,0.0,0.0,0.0
2017-18,38499,Tomer Hemed,2,2,842,0.0,0.0,0.0
2017-18,28462,Sam Baldock,0,0,30,0.0,0.0,0.0
2017-18,54316,Leonardo Ulloa,1,0,279,0.0,0.0,0.0
2017-18,43808,Markus Suttner,0,0,1178,0.0,0.0,0.0
2017-18,112516,Isaiah Brown,0,0,302,0.0,0.0,0.0
2017-18,66242,Davy Pröpper,0,4,3118,0.0,0.0,0.0
2017-18,167473,José Heriberto Izquierdo Mena,5,5,1976,0.0,0.0,0.0
2017-18,74375,Ezequiel Schelotto,0,0,1313,0.0,0.0,0.0
2017-18,20480,Tim Krul,0,0,0,0.0,0.0,0.0
2017-18,220738,Jayson Molumby,0,0,0,0.0,0.0,0.0
2017-18,106757,Jürgen Locadia,1,1,221,0.0,0.0,0.0
2017-18,21205,Tom Heaton,0,0,305,0.0,0.0,0.0
2017-18,1801,Paul Robinson,0,0,0,0.0,0.0,0.0
2017-18,68983,Matthew Lowton,0,3,2295,0.0,0.0,0.0
2017-18,51927,Ben Mee,0,0,2610,0.0,0.0,0.0
2017-18,40616,Stephen Ward,1,1,2460,0.0,0.0,0.0
2017-18,17761,James Tarkowski,0,1,2790,0.0,0.0,0.0
2017-18,41674,Kevin Long,1,2,1440,0.0,0.0,0.0
2017-18,103914,Charlie Taylor,0,0,949,0.0,0.0,0.0
2017-18,39158,Scott Arfield,2,2,1330,0.0,0.0,0.0
2017-18,15982,Dean Marney,0,0,0,0.0,0.0,0.0
2017-18,60586,Johann Berg Gudmundsson,2,9,2831,0.0,0.0,0.0
2017-18,39847,Steven Defour,1,1,1998,0.0,0.0,0.0
2017-18,83314,Jeff Hendrick,2,2,2326,0.0,0.0,0.0
2017-18,90517,Robbie Brady,1,4,1277,0.0,0.0,0.0
2017-18,60551,Ashley Westwood,0,1,1105,0.0,0.0,0.0
2017-18,12813,Jonathan Walters,0,0,36,0.0,0.0,0.0
2017-18,40145,Jack Cork,2,1,3420,0.0,0.0,0.0
2017-18,40399,Sam Vokes,4,2,977,0.0,0.0,0.0
2017-18,44699,Ashley Barnes,9,0,2150,0.0,0.0,0.0
2017-18,17349,Aaron Lennon,0,4,1906,0.0,0.0,0.0
2017-18,92383,Nahki Wells,0,0,46,0.0,0.0,0.0
2017-18,17997,Phil Bardsley,0,0,1125,0.0,0.0,0.0
2017-18,168566,Georges-Kévin Nkoudou,0,0,223,0.0,0.0,0.0
2017-18,98747,Nick Pope,0,0,3114,0.0,0.0,0.0
2017-18,60689,Chris Wood,10,1,1621,0.0,0.0,0.0
2017-18,28609,Adam Legzdins,0,0,0,0.0,0.0,0.0
2017-18,39725,Anders Lindegaard,0,0,0,0.0,0.0,0.0
2017-18,95508,Fredrik Ulvestad,0,0,0,0.0,0.0,0.0
2017-18,234483,Aiden O'Neill,0,0,0,0.0,0.0,0.0
2017-18,433154,Dwight McNeil,0,0,1,0.0,0.0,0.0
2017-18,44346,Olivier Giroud,7,1,981,0.0,0.0,0.0
2017-18,60772,Thibaut Courtois,0,0,3150,0.0,0.0,0.0
2017-18,41251,Eduardo dos Reis Carvalho,0,0,0,0.0,0.0,0.0
2017-18,20310,Willy Caballero,0,0,270,0.0,0.0,0.0
2017-18,41328,César Azpilicueta,2,6,3330,0.0,0.0,0.0
2017-18,19419,Gary Cahill,0,0,2082,0.0,0.0,0.0
2017-18,82263,Marcos Alonso,7,2,2855,0.0,0.0,0.0
2017-18,41270,David Luiz Moreira Marinho,1,2,838,0.0,0.0,0.0
2017-18,49013,Victor Moses,3,6,2109,0.0,0.0,0.0
2017-18,102380,Antonio Rüdiger,2,1,2336,0.0,0.0,0.0
2017-18,42786,Eden Hazard,12,6,2417,0.0,0.0,0.0
2017-18,17878,Cesc Fàbregas,2,4,2300,0.0,0.0,0.0
2017-18,47431,Willian Borges Da Silva,6,8,1874,0.0,0.0,0.0
2017-18,49579,Pedro Rodríguez Ledesma,4,2,1511,0.0,0.0,0.0
2017-18,116594,N'Golo Kanté,1,2,2994,0.0,0.0,0.0
2017-18,94245,Michy Batshuayi,2,1,351,0.0,0.0,0.0
2017-18,18507,Diego Da Silva Costa,0,0,0,0.0,0.0,0.0
2017-18,88894,Ross Barkley,0,0,129,0.0,0.0,0.0
2017-18,160190,Kasey Palmer,0,0,168,0.0,0.0,0.0
2017-18,61603,Daniel Drinkwater,1,0,520,0.0,0.0,0.0
2017-18,169102,Tiemoué Bakayoko,2,2,2121,0.0,0.0,0.0
2017-18,135363,Andreas Christensen,0,0,2067,0.0,0.0,0.0
2017-18,171162,Charly Musonda,0,1,35,0.0,0.0,0.0
2017-18,88482,Álvaro Morata,11,6,2055,0.0,0.0,0.0
2017-18,194794,Fikayo Tomori,0,0,0,0.0,0.0,0.0
2017-18,181911,Kyle Scott,0,0,0,0.0,0.0,0.0
2017-18,135365,Jeremie Boga,0,0,17,0.0,0.0,0.0
2017-18,105700,Davide Zappacosta,1,1,1087,0.0,0.0,0.0
2017-18,199598,Ethan Ampadu,0,0,10,0.0,0.0,0.0
2017-18,209046,Callum Hudson-Odoi,0,0,27,0.0,0.0,0.0
2017-18,199583,Dujon Sterling,0,0,0,0.0,0.0,0.0
2017-18,109533,Emerson Palmieri dos Santos,0,1,278,0.0,0.0,0.0
2017-18,180736,Trevoh Chalobah,0,0,0,0.0,0.0,0.0
2017-18,126187,Ruben Loftus-Cheek,2,5,1871,0.0,0.0,0.0
2017-18,20066,Wayne Hennessey,0,0,2430,0.0,0.0,0.0
2017-18,11554,Julian Speroni,0,0,990,0.0,0.0,0.0
2017-18,49413,James Tomkins,3,0,2386,0.0,0.0,0.0
2017-18,19188,Scott Dann,1,0,1434,0.0,0.0,0.0
2017-18,55494,Joel Ward,0,1,1613,0.0,0.0,0.0
2017-18,58786,Martin Kelly,0,0,1193,0.0,0.0,0.0
2017-18,7906,Damien Delaney,0,0,95,0.0,0.0,0.0
2017-18,79228,Pape Souaré,0,0,8,0.0,0.0,0.0
2017-18,86417,Jeffrey Schlupp,0,2,1742,0.0,0.0,0.0
2017-18,74230,Patrick van Aanholt,5,1,2182,0.0,0.0,0.0
2017-18,19197,Jason Puncheon,0,0,574,0.0,0.0,0.0
2017-18,82403,Wilfried Zaha,9,7,2549,0.0,0.0,0.0
2017-18,50471,James McArthur,5,2,2425,0.0,0.0,0.0
2017-18,75773,Chung-yong Lee,0,0,131,0.0,0.0,0.0
2017-18,27341,Yohan Cabaye,0,4,2374,0.0,0.0,0.0
2017-18,44343,Bakary Sako,3,0,466,0.0,0.0,0.0
2017-18,60252,Andros Townsend,2,9,3120,0.0,0.0,0.0
2017-18,66975,Luka Milivojevic,10,2,3079,0.0,0.0,0.0
2017-18,59125,Connor Wickham,0,0,0,0.0,0.0,0.0
2017-18,54861,Christian Benteke,3,7,2234,0.0,0.0,0.0
2017-18,40784,Mamadou Sakho,1,2,1597,0.0,0.0,0.0
2017-18,201084,Timothy Fosu-Mensah,0,0,1592,0.0,0.0,0.0
2017-18,173954,Jairo Riedewald,0,0,435,0.0,0.0,0.0
2017-18,218112,Jason Lokilo,0,0,0,0.0,0.0,0.0
2017-18,94926,Olayinka Fredrick Oladotun Ladapo,0,0,16,0.0,0.0,0.0
2017-18,138009,Sullay Kaikai,0,0,13,0.0,0.0,0.0
2017-18,204216,Keshi Anderson,0,0,0,0.0,0.0,0.0
2017-18,221245,Levi Lumeka,0,0,25,0.0,0.0,0.0
2017-18,49438,Jordon Mutch,0,0,0,0.0,0.0,0.0
2017-18,199806,Dion Henry,0,0,0,0.0,0.0,0.0
2017-18,214590,Aaron Wan-Bissaka,0,0,627,0.0,0.0,0.0
2017-18,185478,Jaroslaw Jach,0,0,0,0.0,0.0,0.0
2017-18,163776,Erdal Rakip,0,0,0,0.0,0.0,0.0
2017-18,143877,Alexander Sørloth,0,0,360,0.0,0.0,0.0
2017-18,209043,Nya Kirby,0,0,0,0.0,0.0,0.0
2017-18,51917,Diego Cavalieri,0,0,0,0.0,0.0,0.0
2017-18,432705,James Daly,0,0,0,0.0,0.0,0.0
2017-18,20467,Theo Walcott,3,3,1214,0.0,0.0,0.0
2017-18,111234,Jordan Pickford,0,0,3420,0.0,0.0,0.0
2017-18,78315,Joel Robles,0,0,0,0.0,0.0,0.0
2017-18,10318,Maarten Stekelenburg,0,0,0,0.0,0.0,0.0
2017-18,12745,Leighton Baines,2,3,1909,0.0,0.0,0.0
2017-18,59949,Seamus Coleman,0,1,1035,0.0,0.0,0.0
2017-18,7645,Phil Jagielka,0,0,2063,0.0,0.0,0.0
2017-18,114093,Matthew Pennington,0,0,0,0.0,0.0,0.0
2017-18,121221,Ramiro Funes Mori,0,0,119,0.0,0.0,0.0
2017-18,19159,Ashley Williams,1,0,1830,0.0,0.0,0.0
2017-18,194164,Mason Holgate,0,0,1183,0.0,0.0,0.0
2017-18,153673,Jonjoe Kenny,0,2,1589,0.0,0.0,0.0
2017-18,106611,Michael Keane,0,1,2559,0.0,0.0,0.0
2017-18,55452,Yannick Bolasie,1,1,848,0.0,0.0,0.0
2017-18,26901,Kevin Mirallas,0,0,135,0.0,0.0,0.0
2017-18,50472,James McCarthy,0,0,204,0.0,0.0,0.0
2017-18,87447,Muhamed Besic,0,0,46,0.0,0.0,0.0
2017-18,42774,Morgan Schneiderlin,0,0,2124,0.0,0.0,0.0
2017-18,80801,Idrissa Gueye,2,2,2749,0.0,0.0,0.0
2017-18,173807,Tom Davies,2,2,1892,0.0,0.0,0.0
2017-18,219352,Ademola Lookman,0,1,153,0.0,0.0,0.0
2017-18,109065,Davy Klaassen,0,0,248,0.0,0.0,0.0
2017-18,177815,Dominic Calvert-Lewin,4,8,1871,0.0,0.0,0.0
2017-18,108438,Sandro Ramírez,0,0,275,0.0,0.0,0.0
2017-18,13017,Wayne Rooney,10,3,2265,0.0,0.0,0.0
2017-18,55422,Gylfi Sigurdsson,4,4,2257,0.0,0.0,0.0
2017-18,56192,Cuco Martina,0,2,1830,0.0,0.0,0.0
2017-18,57112,Eliaquim Mangala,0,0,617,0.0,0.0,0.0
2017-18,180151,Nikola Vlasic,0,0,572,0.0,0.0,0.0
2017-18,113688,Oumar Niasse,8,3,1076,0.0,0.0,0.0
2017-18,195855,Beni Baningime,0,0,192,0.0,0.0,0.0
2017-18,66838,Cenk Tosun,5,0,984,0.0,0.0,0.0
2017-18,80183,Luke Garbutt,0,0,0,0.0,0.0,0.0
2017-18,168977,Joel Coleman,0,0,0,0.0,0.0,0.0
2017-18,57513,Jonas Lössl,0,1,3420,0.0,0.0,0.0
2017-18,85368,Christopher Schindler,0,2,3264,0.0,0.0,0.0
2017-18,54284,Chris Löwe,0,0,1585,0.0,0.0,0.0
2017-18,104545,Tommy Smith,0,1,1902,0.0,0.0,0.0
2017-18,87856,Michael Hefele,0,0,32,0.0,0.0,0.0
2017-18,18006,Martin Cranie,0,0,179,0.0,0.0,0.0
2017-18,192301,Jon Gorenc Stankovic,0,0,0,0.0,0.0,0.0
2017-18,7638,Mark Hudson,0,0,0,0.0,0.0,0.0
2017-18,48760,Mathias Jorgensen,0,3,3420,0.0,0.0,0.0
2017-18,74471,Aaron Mooy,4,3,3066,0.0,0.0,0.0
2017-18,51344,Rajiv van La Parra,3,0,2131,0.0,0.0,0.0
2017-18,79619,Jonathan Hogg,0,0,2396,0.0,0.0,0.0
2017-18,168991,Philip Billing,0,0,755,0.0,0.0,0.0
2017-18,168172,Joe Lolley,1,0,217,0.0,0.0,0.0
2017-18,167541,Jack Payne,0,0,0,0.0,0.0,0.0
2017-18,5589,Dean Whitehead,0,0,68,0.0,0.0,0.0
2017-18,104535,Harry Bunn,0,0,0,0.0,0.0,0.0
2017-18,49202,Sean Scannell,0,0,0,0.0,0.0,0.0
2017-18,87428,Elias Kachunga,1,1,1327,0.0,0.0,0.0
2017-18,86176,Tom Ince,2,1,2450,0.0,0.0,0.0
2017-18,80755,Danny Williams,0,0,1115,0.0,0.0,0.0
2017-18,84112,Collin Quaner,0,4,1268,0.0,0.0,0.0
2017-18,147303,Laurent Depoitre,6,2,1807,0.0,0.0,0.0
2017-18,169141,Steve Mounie,7,2,1849,0.0,0.0,0.0
2017-18,79733,Scott Malone,0,1,1110,0.0,0.0,0.0
2017-18,172246,Florent Hadergjonaj,0,1,1670,0.0,0.0,0.0
2017-18,246878,Abdelhamid Sabiri,0,1,217,0.0,0.0,0.0
2017-18,1243,Robert Green,0,0,0,0.0,0.0,0.0
2017-18,109434,Terence Kongolo,0,0,1047,0.0,0.0,0.0
2017-18,106450,Alex Pritchard,1,2,997,0.0,0.0,0.0
2017-18,17745,Kasper Schmeichel,0,0,2965,0.0,0.0,0.0
2017-18,38038,Ben Hamer,0,0,274,0.0,0.0,0.0
2017-18,15033,Wes Morgan,0,0,2817,0.0,0.0,0.0
2017-18,37402,Christian Fuchs,0,1,1917,0.0,0.0,0.0
2017-18,40725,Danny Simpson,0,0,2306,0.0,0.0,0.0
2017-18,12413,Robert Huth,0,0,0,0.0,0.0,0.0
2017-18,41321,Yohan Benalouane,0,0,90,0.0,0.0,0.0
2017-18,172850,Benjamin Chilwell,0,2,1848,0.0,0.0,0.0
2017-18,95658,Harry Maguire,2,4,3420,0.0,0.0,0.0
2017-18,103025,Riyad Mahrez,12,13,2948,0.0,0.0,0.0
2017-18,51938,Marc Albrighton,2,8,2533,0.0,0.0,0.0
2017-18,172632,Demarai Gray,3,3,1683,0.0,0.0,0.0
2017-18,155569,Daniel Amartey,0,0,486,0.0,0.0,0.0
2017-18,86881,Nampalys Mendy,0,0,0,0.0,0.0,0.0
2017-18,203341,Wilfred Ndidi,0,4,2896,0.0,0.0,0.0
2017-18,90714,Ahmed Musa,0,0,0,0.0,0.0,0.0
2017-18,54513,Vicente Iborra,3,0,1411,0.0,0.0,0.0
2017-18,101668,Jamie Vardy,20,2,3248,0.0,0.0,0.0
2017-18,78412,Shinji Okazaki,6,3,1314,0.0,0.0,0.0
2017-18,173515,Kelechi Iheanacho,3,4,818,0.0,0.0,0.0
2017-18,11974,Eldin Jakupovic,0,0,180,0.0,0.0,0.0
2017-18,61604,Matty James,0,0,991,0.0,0.0,0.0
2017-18,60598,Aleksandar Dragovic,0,0,766,0.0,0.0,0.0
2017-18,197469,Hamza Choudhury,0,1,375,0.0,0.0,0.0
2017-18,174248,George Thomas,0,0,0,0.0,0.0,0.0
2017-18,46483,Adrien Sebastian Perruchet Silva,0,2,760,0.0,0.0,0.0
2017-18,210207,Fousseni Diabaté,0,1,579,0.0,0.0,0.0
2017-18,201666,Harvey Barnes,0,0,8,0.0,0.0,0.0
2017-18,216554,Sam Hughes,0,0,0,0.0,0.0,0.0
2017-18,173804,Layton Ndukwu,0,0,0,0.0,0.0,0.0
2017-18,81880,Alex Oxlade-Chamberlain,3,7,1718,0.0,0.0,0.0
2017-18,66797,Simon Mignolet,0,0,1710,0.0,0.0,0.0
2017-18,104542,Loris Karius,0,0,1710,0.0,0.0,0.0
2017-18,38454,Dejan Lovren,2,1,2124,0.0,0.0,0.0
2017-18,100059,Alberto Moreno,0,1,1264,0.0,0.0,0.0
2017-18,57328,Nathaniel Clyne,0,0,173,0.0,0.0,0.0
2017-18,171287,Joseph Gomez,0,2,1901,0.0,0.0,0.0
2017-18,60914,Joel Matip,1,0,1995,0.0,0.0,0.0
2017-18,33871,Ragnar Klavan,1,0,1449,0.0,0.0,0.0
2017-18,15157,James Milner,0,3,1759,0.0,0.0,0.0
2017-18,169187,Trent Alexander-Arnold,1,2,1573,0.0,0.0,0.0
2017-18,43191,Leiva Lucas,0,0,0,0.0,0.0,0.0
2017-18,56979,Jordan Henderson,1,1,2169,0.0,0.0,0.0
2017-18,84583,Philippe Coutinho,7,7,1109,0.0,0.0,0.0
2017-18,112338,Emre Can,3,6,2089,0.0,0.0,0.0
2017-18,39155,Adam Lallana,0,0,234,0.0,0.0,0.0
2017-18,141921,Oluwaseyi Ojo,0,0,0,0.0,0.0,0.0
2017-18,110979,Sadio Mané,10,8,2189,0.0,0.0,0.0
2017-18,210237,Marko Grujic,0,0,14,0.0,0.0,0.0
2017-18,41733,Georginio Wijnaldum,1,2,2381,0.0,0.0,0.0
2017-18,182436,Ben Woodburn,0,0,6,0.0,0.0,0.0
2017-18,118748,Mohamed Salah,32,12,2905,0.0,0.0,0.0
2017-18,92217,Roberto Firmino,15,8,2760,0.0,0.0,0.0
2017-18,84939,Danny Ings,1,1,262,0.0,0.0,0.0
2017-18,152760,Divock Origi,0,0,9,0.0,0.0,0.0
2017-18,154566,Dominic Solanke,1,2,581,0.0,0.0,0.0
2017-18,97032,Virgil van Dijk,0,0,2253,0.0,0.0,0.0
2017-18,122798,Andrew Robertson,1,5,1940,0.0,0.0,0.0
2017-18,91979,Jon Flanagan,0,0,0,0.0,0.0,0.0
2017-18,95463,Danny Ward,0,0,0,0.0,0.0,0.0
2017-18,153477,Conor Masterson,0,0,0,0.0,0.0,0.0
2017-18,206915,Curtis Jones,0,0,0,0.0,0.0,0.0
2017-18,217989,Rafael Camacho,0,0,0,0.0,0.0,0.0
2017-18,121160,Ederson Santana de Moraes,0,0,3195,0.0,0.0,0.0
2017-18,33148,Claudio Bravo,0,0,224,0.0,0.0,0.0
2017-18,97299,John Stones,0,0,1301,0.0,0.0,0.0
2017-18,42593,Aleksandar Kolarov,0,0,0,0.0,0.0,0.0
2017-18,17476,Vincent Kompany,1,1,1394,0.0,0.0,0.0
2017-18,57410,Nicolás Otamendi,4,0,2966,0.0,0.0,0.0
2017-18,41823,Fabian Delph,1,2,1740,0.0,0.0,0.0
2017-18,103955,Raheem Sterling,18,17,2584,0.0,0.0,0.0
2017-18,20664,David Silva,9,11,2431,0.0,0.0,0.0
2017-18,14664,Gnegneri Yaya Touré,0,2,227,0.0,0.0,0.0
2017-18,27789,Fernando Luiz Rosa,5,4,2880,0.0,0.0,0.0
2017-18,52538,Fernando Francisco Reges,0,0,0,0.0,0.0,0.0
2017-18,61366,Kevin De Bruyne,8,18,3073,0.0,0.0,0.0
2017-18,59859,Ilkay Gündogan,4,2,1504,0.0,0.0,0.0
2017-18,86173,Manuel Agudo Durán,0,0,0,0.0,0.0,0.0
2017-18,182156,Leroy Sané,10,15,2415,0.0,0.0,0.0
2017-18,165809,Bernardo Mota Veiga de Carvalho e Silva,6,5,1514,0.0,0.0,0.0
2017-18,37572,Sergio Agüero,21,6,1960,0.0,0.0,0.0
2017-18,205651,Gabriel Fernando de Jesus,13,7,1660,0.0,0.0,0.0
2017-18,58621,Kyle Walker,0,6,2784,0.0,0.0,0.0
2017-18,100180,Danilo Luiz da Silva,3,2,1340,0.0,0.0,0.0
2017-18,102826,Benjamin Mendy,0,1,360,0.0,0.0,0.0
2017-18,209244,Phil Foden,0,1,45,0.0,0.0,0.0
2017-18,216183,Brahim Diaz,0,0,50,0.0,0.0,0.0
2017-18,206325,Oleksandr Zinchenko,0,0,530,0.0,0.0,0.0
2017-18,109646,Oluwatosin Adarabioyo,0,0,0,0.0,0.0,0.0
2017-18,146941,Aymeric Laporte,0,0,806,0.0,0.0,0.0
2017-18,174594,Lukas Nmecha,0,0,14,0.0,0.0,0.0
2017-18,37265,Alexis Sánchez,9,10,2546,0.0,0.0,0.0
2017-18,62398,Nemanja Matic,1,1,3117,0.0,0.0,0.0
2017-18,51940,David De Gea,0,0,3330,0.0,0.0,0.0
2017-18,42899,Sergio Romero,0,0,90,0.0,0.0,0.0
2017-18,168196,Joel Dinis Castro Pereira,0,0,0,0.0,0.0,0.0
2017-18,55909,Chris Smalling,4,0,2535,0.0,0.0,0.0
2017-18,76359,Phil Jones,0,0,1973,0.0,0.0,0.0
2017-18,106760,Luke Shaw,0,0,787,0.0,0.0,0.0
2017-18,58893,Marcos Rojo,0,0,639,0.0,0.0,0.0
2017-18,20695,Antonio Valencia,3,1,2741,0.0,0.0,0.0
2017-18,40002,Matteo Darmian,0,0,443,0.0,0.0,0.0
2017-18,58877,Daley Blind,0,0,360,0.0,0.0,0.0
2017-18,197365,Eric Bailly,1,0,1000,0.0,0.0,0.0
2017-18,180804,Axel Tuanzebe,0,0,1,0.0,0.0,0.0
2017-18,184667,Victor Lindelöf,0,0,1284,0.0,0.0,0.0
2017-18,43670,Juan Mata,3,5,1919,0.0,0.0,0.0
2017-18,41184,Marouane Fellaini,4,0,611,0.0,0.0,0.0
2017-18,2404,Michael Carrick,0,0,108,0.0,0.0,0.0
2017-18,18892,Ashley Young,2,6,2444,0.0,0.0,0.0
2017-18,59846,Ander Herrera,0,2,1257,0.0,0.0,0.0
2017-18,109322,Jesse Lingard,8,6,1807,0.0,0.0,0.0
2017-18,148225,Anthony Martial,9,6,1572,0.0,0.0,0.0
2017-18,74208,Paul Pogba,6,13,2145,0.0,0.0,0.0
2017-18,195851,Scott McTominay,0,0,629,0.0,0.0,0.0
2017-18,176297,Marcus Rashford,7,5,1799,0.0,0.0,0.0
2017-18,66749,Romelu Lukaku,16,7,2866,0.0,0.0,0.0
2017-18,156689,Andreas Pereira,0,0,0,0.0,0.0,0.0
2017-18,9808,Zlatan Ibrahimovic,0,0,102,0.0,0.0,0.0
2017-18,167767,Robert Kenedy Nunes do Nascimento,2,2,1023,0.0,0.0,0.0
2017-18,149828,Islam Slimani,1,1,369,0.0,0.0,0.0
2017-18,19838,Robert Elliot,0,0,1440,0.0,0.0,0.0
2017-18,59735,Karl Darlow,0,0,900,0.0,0.0,0.0
2017-18,151119,DeAndre Yedlin,0,2,2842,0.0,0.0,0.0
2017-18,58845,Ciaran Clark,2,1,1745,0.0,0.0,0.0
2017-18,101148,Jamaal Lascelles,3,0,2927,0.0,0.0,0.0
2017-18,106618,Paul Dummett,0,0,1602,0.0,0.0,0.0
2017-18,83428,Grant Hanley,0,0,0,0.0,0.0,0.0
2017-18,27462,Jesús Gámez Duarte,0,0,97,0.0,0.0,0.0
2017-18,77359,Florian Lejeune,0,2,2103,0.0,0.0,0.0
2017-18,56983,Matt Ritchie,3,7,2802,0.0,0.0,0.0
2017-18,50232,Jonjo Shelvey,1,4,2264,0.0,0.0,0.0
2017-18,42727,Yoan Gouffran,0,0,0,0.0,0.0,0.0
2017-18,28147,Mohamed Diamé,2,0,2034,0.0,0.0,0.0
2017-18,58771,Jack Colback,0,0,0,0.0,0.0,0.0
2017-18,104953,Christian Atsu,2,4,1776,0.0,0.0,0.0
2017-18,104547,Dwight Gayle,6,3,1946,0.0,0.0,0.0
2017-18,168580,Ayoze Pérez,8,6,2486,0.0,0.0,0.0
2017-18,128389,Aleksandar Mitrovic,1,0,89,0.0,0.0,0.0
2017-18,11854,Daryl Murphy,0,0,0,0.0,0.0,0.0
2017-18,92170,Massadio Haidara,0,0,3,0.0,0.0,0.0
2017-18,48773,Siem de Jong,0,0,0,0.0,0.0,0.0
2017-18,155513,Rolando Aarons,0,0,136,0.0,0.0,0.0
2017-18,109528,Javier Manquillo,0,1,1757,0.0,0.0,0.0
2017-18,114243,Jacob Murphy,1,2,1137,0.0,0.0,0.0
2017-18,61316,Jose Luis Mato Sanmartín,4,1,1703,0.0,0.0,0.0
2017-18,149736,Chancel Mbemba,0,0,670,0.0,0.0,0.0
2017-18,195384,Mikel Merino,1,1,1337,0.0,0.0,0.0
2017-18,153127,Isaac Hayden,1,0,1365,0.0,0.0,0.0
2017-18,43521,Henri Saivet,1,0,83,0.0,0.0,0.0
2017-18,155503,Freddie Woodman,0,0,0,0.0,0.0,0.0
2017-18,67089,Martin Dubravka,0,0,1080,0.0,0.0,0.0
2017-18,58376,Alex McCarthy,0,0,1620,0.0,0.0,0.0
2017-18,40383,Fraser Forster,0,0,1800,0.0,0.0,0.0
2017-18,40146,Ryan Bertrand,0,5,3135,0.0,0.0,0.0
2017-18,80447,Maya Yoshida,2,1,2049,0.0,0.0,0.0
2017-18,169359,Matt Targett,0,0,166,0.0,0.0,0.0
2017-18,58822,Cédric Soares,0,3,2794,0.0,0.0,0.0
2017-18,40833,Jérémy Pied,0,1,180,0.0,0.0,0.0
2017-18,88900,Jack Stephens,2,0,1980,0.0,0.0,0.0
2017-18,153373,Sam McQueen,0,0,142,0.0,0.0,0.0
2017-18,171771,Jan Bednarek,1,0,427,0.0,0.0,0.0
2017-18,17339,Steven Davis,3,2,1515,0.0,0.0,0.0
2017-18,101178,James Ward-Prowse,3,5,1708,0.0,0.0,0.0
2017-18,62399,Dusan Tadic,6,3,2791,0.0,0.0,0.0
2017-18,85654,Jordy Clasie,0,0,0,0.0,0.0,0.0
2017-18,78056,Oriol Romeu Vidal,1,0,2897,0.0,0.0,0.0
2017-18,132015,Pierre-Emile Højbjerg,0,0,1666,0.0,0.0,0.0
2017-18,128198,Sofiane Boufal,2,2,1206,0.0,0.0,0.0
2017-18,153379,Joshua Sims,0,0,160,0.0,0.0,0.0
2017-18,83283,Nathan Redmond,1,3,1938,0.0,0.0,0.0
2017-18,20452,Shane Long,2,2,1570,0.0,0.0,0.0
2017-18,78356,Charlie Austin,7,1,1024,0.0,0.0,0.0
2017-18,61548,Manolo Gabbiadini,5,0,1067,0.0,0.0,0.0
2017-18,151086,Mario Lemina,1,1,1715,0.0,0.0,0.0
2017-18,3201,Stuart Taylor,0,0,0,0.0,0.0,0.0
2017-18,167075,Wesley Hoedt,0,2,2520,0.0,0.0,0.0
2017-18,220598,Michael Obafemi,0,0,8,0.0,0.0,0.0
2017-18,98914,Guido Carrillo,0,1,449,0.0,0.0,0.0
2017-18,103192,Kurt Zouma,1,0,2887,0.0,0.0,0.0
2017-18,105666,Jack Butland,0,0,3150,0.0,0.0,0.0
2017-18,6744,Lee Grant,0,0,270,0.0,0.0,0.0
2017-18,37869,Ryan Shawcross,1,1,2371,0.0,0.0,0.0
2017-18,50089,Geoff Cameron,0,0,1522,0.0,0.0,0.0
2017-18,39487,Erik Pieters,0,1,2717,0.0,0.0,0.0
2017-18,61595,Marc Muniesa,0,0,0,0.0,0.0,0.0
2017-18,9047,Glen Johnson,0,0,546,0.0,0.0,0.0
2017-18,221267,Josh Tymon,0,0,162,0.0,0.0,0.0
2017-18,40555,Joe Allen,2,6,3139,0.0,0.0,0.0
2017-18,20208,Charlie Adam,0,0,405,0.0,0.0,0.0
2017-18,12150,Glenn Whelan,0,0,0,0.0,0.0,0.0
2017-18,19568,Ibrahim Afellay,0,0,162,0.0,0.0,0.0
2017-18,68312,Xherdan Shaqiri,8,9,3039,0.0,0.0,0.0
2017-18,102738,Giannelli Imbula,0,0,0,0.0,0.0,0.0
2017-18,40276,Bojan Krkic Perez,0,0,71,0.0,0.0,0.0
2017-18,205102,Ramadan Sobhi,2,1,1227,0.0,0.0,0.0
2017-18,14295,Darren Fletcher,1,1,2217,0.0,0.0,0.0
2017-18,3773,Peter Crouch,5,2,1551,0.0,0.0,0.0
2017-18,61858,Mame Biram Diouf,6,3,2592,0.0,0.0,0.0
2017-18,91972,Saido Berahino,0,1,483,0.0,0.0,0.0
2017-18,97485,Kevin Wimmer,0,0,1321,0.0,0.0,0.0
2017-18,42564,Eric Maxim Choupo-Moting,5,5,2241,0.0,0.0,0.0
2017-18,93127,Jesé Rodríguez Ruiz,1,1,609,0.0,0.0,0.0
2017-18,85352,Bruno Martins Indi,0,0,1242,0.0,0.0,0.0
2017-18,194190,Harry Souttar,0,0,0,0.0,0.0,0.0
2017-18,209212,Thomas Edwards,0,0,481,0.0,0.0,0.0
2017-18,200455,Julien Ngoy,0,0,19,0.0,0.0,0.0
2017-18,112316,Jakob Haugaard,0,0,0,0.0,0.0,0.0
2017-18,20481,Stephen Ireland,0,0,128,0.0,0.0,0.0
2017-18,102366,Moritz Bauer,0,0,1307,0.0,0.0,0.0
2017-18,93001,Konstantinos Stafylidis,0,0,334,0.0,0.0,0.0
2017-18,163463,Papa Alioune Ndiaye,2,1,1138,0.0,0.0,0.0
2017-18,200884,Tyrese Campbell,0,0,75,0.0,0.0,0.0
2017-18,226029,Lasse Sorenson,0,1,75,0.0,0.0,0.0
2017-18,13152,Andy King,3,1,1247,0.0,0.0,0.0
2017-18,37096,Lukasz Fabianski,0,0,3420,0.0,0.0,0.0
2017-18,61760,Kristoffer Nordfeldt,0,0,0,0.0,0.0,0.0
2017-18,49539,Kyle Naughton,0,2,3030,0.0,0.0,0.0
2017-18,42996,Angel Rangel,0,0,154,0.0,0.0,0.0
2017-18,57145,Federico Fernández,1,1,2676,0.0,0.0,0.0
2017-18,96306,Stephen Kingsley,0,0,0,0.0,0.0,0.0
2017-18,97615,Mike van der Hoorn,1,0,1944,0.0,0.0,0.0
2017-18,149266,Alfie Mawson,2,1,3420,0.0,0.0,0.0
2017-18,28654,Martin Olsson,0,1,3149,0.0,0.0,0.0
2017-18,11829,Wayne Routledge,0,0,420,0.0,0.0,0.0
2017-18,15114,Leon Britton,0,0,301,0.0,0.0,0.0
2017-18,96305,Jay Fulton,0,0,17,0.0,0.0,0.0
2017-18,76542,Sung-yueng Ki,2,2,1865,0.0,0.0,0.0
2017-18,49195,Jefferson Montero,0,0,0,0.0,0.0,0.0
2017-18,49277,Leroy Fer,1,1,1394,0.0,0.0,0.0
2017-18,21083,Nathan Dyer,0,1,1300,0.0,0.0,0.0
2017-18,93464,Tom Carroll,0,4,2562,0.0,0.0,0.0
2017-18,111787,Modou Barrow,0,0,0,0.0,0.0,0.0
2017-18,57586,Luciano Narsingh,1,0,614,0.0,0.0,0.0
2017-18,106899,Roque Mesa,0,0,753,0.0,0.0,0.0
2017-18,169432,Oliver McBurnie,0,1,267,0.0,0.0,0.0
2017-18,80146,Jordan Ayew,7,2,2850,0.0,0.0,0.0
2017-18,173879,Tammy Abraham,5,3,1715,0.0,0.0,0.0
2017-18,45124,André Ayew,3,5,1834,0.0,0.0,0.0
2017-18,59940,Kyle Bartley,0,0,233,0.0,0.0,0.0
2017-18,74033,Sam Clucas,3,1,2039,0.0,0.0,0.0
2017-18,171319,Renato Sanches,0,0,699,0.0,0.0,0.0
2017-18,57001,Wilfried Bony,2,1,701,0.0,0.0,0.0
2017-18,214225,Joe Rodon,0,0,0,0.0,0.0,0.0
2017-18,40346,Erwin Mulder,0,0,0,0.0,0.0,0.0
2017-18,192290,Connor Roberts,0,0,267,0.0,0.0,0.0
2017-18,19760,Fernando Llorente,1,0,224,0.0,0.0,0.0
2017-18,37915,Hugo Lloris,0,0,3240,0.0,0.0,0.0
2017-18,39215,Michel Vorm,0,0,90,0.0,0.0,0.0
2017-18,55605,Toby Alderweireld,0,0,1177,0.0,0.0,0.0
2017-18,38290,Danny Rose,0,2,800,0.0,0.0,0.0
2017-18,39194,Jan Vertonghen,0,1,3203,0.0,0.0,0.0
2017-18,115556,Ben Davies,2,7,2323,0.0,0.0,0.0
2017-18,77794,Kieran Trippier,0,7,1912,0.0,0.0,0.0
2017-18,93264,Eric Dier,0,2,2822,0.0,0.0,0.0
2017-18,39104,Mousa Dembélé,0,0,1875,0.0,0.0,0.0
2017-18,62974,Erik Lamela,2,4,826,0.0,0.0,0.0
2017-18,80607,Christian Eriksen,11,10,3218,0.0,0.0,0.0
2017-18,108823,Bamidele Alli,9,13,2957,0.0,0.0,0.0
2017-18,54756,Victor Wanyama,1,0,837,0.0,0.0,0.0
2017-18,85971,Heung-Min Son,12,8,2292,0.0,0.0,0.0
2017-18,157668,Harry Winks,0,1,768,0.0,0.0,0.0
2017-18,45268,Moussa Sissoko,1,1,1385,0.0,0.0,0.0
2017-18,78830,Harry Kane,29,2,3074,0.0,0.0,0.0
2017-18,165990,Vincent Janssen,0,0,1,0.0,0.0,0.0
2017-18,158534,Kyle Walker-Peters,0,2,188,0.0,0.0,0.0
2017-18,168763,Cameron Carter-Vickers,0,0,0,0.0,0.0,0.0
2017-18,173904,Davinson Sánchez,0,0,2532,0.0,0.0,0.0
2017-18,199404,Tashan Oakley-Boothe,0,0,0,0.0,0.0,0.0
2017-18,80226,Serge Aurier,2,2,1427,0.0,0.0,0.0
2017-18,234908,Juan Foyth,0,0,0,0.0,0.0,0.0
2017-18,102884,Paulo Gazzaniga,0,0,90,0.0,0.0,0.0
2017-18,175941,Alfie Whiteman,0,0,0,0.0,0.0,0.0
2017-18,95715,Lucas Rodrigues Moura da Silva,0,1,206,0.0,0.0,0.0
2017-18,198504,Kazaiah Sterling,0,0,0,0.0,0.0,0.0
2017-18,73426,Andre Gray,5,3,1486,0.0,0.0,0.0
2017-18,89085,Nathaniel Chalobah,0,0,447,0.0,0.0,0.0
2017-18,103127,Molla Wagué,1,0,438,0.0,0.0,0.0
2017-18,56827,Costel Pantilimon,0,0,0,0.0,0.0,0.0
2017-18,18656,Heurelho Gomes,0,0,2128,0.0,0.0,0.0
2017-18,37742,Younes Kaboul,0,0,151,0.0,0.0,0.0
2017-18,41338,Craig Cathcart,0,0,495,0.0,0.0,0.0
2017-18,41945,Sebastian Prödl,0,0,1566,0.0,0.0,0.0
2017-18,40868,José Holebas,0,4,2381,0.0,0.0,0.0
2017-18,52153,Miguel Britos,1,0,795,0.0,0.0,0.0
2017-18,85624,Christian Kabasele,2,0,2329,0.0,0.0,0.0
2017-18,52940,Daryl Janmaat,3,1,1818,0.0,0.0,0.0
2017-18,20145,Adrian Mariappa,0,0,2206,0.0,0.0,0.0
2017-18,231172,Brandon Mason,0,0,0,0.0,0.0,0.0
2017-18,54484,Francisco Femenía Far,1,1,1709,0.0,0.0,0.0
2017-18,43250,Tom Cleverley,1,2,1900,0.0,0.0,0.0
2017-18,38439,Etienne Capoue,1,1,1537,0.0,0.0,0.0
2017-18,21123,Valon Behrami,0,0,0,0.0,0.0,0.0
2017-18,88935,Steven Berghuis,0,0,0,0.0,0.0,0.0
2017-18,44604,Nordin Amrabat,0,0,198,0.0,0.0,0.0
2017-18,173514,Isaac Success,0,0,0,0.0,0.0,0.0
2017-18,121599,Abdoulaye Doucouré,7,4,3324,0.0,0.0,0.0
2017-18,61566,Roberto Pereyra,5,3,1610,0.0,0.0,0.0
2017-18,108413,Will Hughes,2,3,987,0.0,0.0,0.0
2017-18,41725,Troy Deeney,5,2,1836,0.0,0.0,0.0
2017-18,20046,Stefano Okaka,1,1,442,0.0,0.0,0.0
2017-18,49696,Mauro Zárate,0,0,0,0.0,0.0,0.0
2017-18,16045,Ben Watson,0,0,455,0.0,0.0,0.0
2017-18,133801,Jerome Sinclair,0,0,29,0.0,0.0,0.0
2017-18,212319,Richarlison de Andrade,5,8,2817,0.0,0.0,0.0
2017-18,100412,André Carrillo,1,3,1529,0.0,0.0,0.0
2017-18,48332,Orestis Karnezis,0,0,1291,0.0,0.0,0.0
2017-18,66247,Marvin Zeegelaar,0,2,993,0.0,0.0,0.0
2017-18,204760,Michael Folivi,0,0,0,0.0,0.0,0.0
2017-18,154506,Daniel Bachmann,0,0,0,0.0,0.0,0.0
2017-18,94924,Gerard Deulofeu,1,1,433,0.0,0.0,0.0
2017-18,179725,Carl Stewart,0,0,0,0.0,0.0,0.0
2017-18,219002,Dodi Lukebakio,0,0,15,0.0,0.0,0.0
2017-18,144660,Didier Ndong,0,0,0,0.0,0.0,0.0
2017-18,209420,Joy Mukena,0,0,0,0.0,0.0,0.0
2017-18,42427,Kieran Gibbs,0,2,2826,0.0,0.0,0.0
2017-18,1632,Gareth Barry,1,2,1921,0.0,0.0,0.0
2017-18,40755,Daniel Sturridge,2,1,541,0.0,0.0,0.0
2017-18,12086,Boaz Myhill,0,0,90,0.0,0.0,0.0
2017-18,9089,Ben Foster,0,0,3330,0.0,0.0,0.0
2017-18,67527,Allan-Roméo Nyom,0,1,2306,0.0,0.0,0.0
2017-18,37642,Jonny Evans,2,2,2269,0.0,0.0,0.0
2017-18,60232,Craig Dawson,2,1,2510,0.0,0.0,0.0
2017-18,19272,Gareth McAuley,0,0,454,0.0,0.0,0.0
2017-18,49944,Jake Livermore,2,2,2671,0.0,0.0,0.0
2017-18,54908,Nacer Chadli,1,0,213,0.0,0.0,0.0
2017-18,18008,James Morrison,1,0,205,0.0,0.0,0.0
2017-18,55829,Claudio Yacob,0,0,898,0.0,0.0,0.0
2017-18,63370,James McClean,1,0,1391,0.0,0.0,0.0
2017-18,173809,Jonathan Leko,0,0,0,0.0,0.0,0.0
2017-18,50229,Matt Phillips,2,3,2087,0.0,0.0,0.0
2017-18,195864,Sam Field,1,0,534,0.0,0.0,0.0
2017-18,19151,Chris Brunt,0,8,1917,0.0,0.0,0.0
2017-18,57134,Salomón Rondón,7,3,2765,0.0,0.0,0.0
2017-18,49440,Hal Robson-Kanu,2,0,816,0.0,0.0,0.0
2017-18,44683,Jay Rodriguez,7,1,2807,0.0,0.0,0.0
2017-18,77777,Ahmed El-Sayed Hegazi,2,0,3386,0.0,0.0,0.0
2017-18,232427,Rekeem Harper,0,0,20,0.0,0.0,0.0
2017-18,215457,Kane Wilson,0,0,0,0.0,0.0,0.0
2017-18,197937,Oliver Burke,0,2,356,0.0,0.0,0.0
2017-18,73494,Grzegorz Krychowiak,0,3,1634,0.0,0.0,0.0
2017-18,112520,Alex Palmer,0,0,0,0.0,0.0,0.0
2017-18,209419,Max Melbourne,0,0,0,0.0,0.0,0.0
2017-18,220693,Rayhaan Tulloch,0,0,0,0.0,0.0,0.0
2017-18,232423,Nathan Ferguson,0,0,0,0.0,0.0,0.0
2017-18,185431,Ali Gabr,0,0,0,0.0,0.0,0.0
2017-18,247286,Kyle Jameson,0,0,0,0.0,0.0,0.0
2017-18,41464,Marko Arnautovic,11,7,2309,0.0,0.0,0.0
2017-18,60706,Adrián San Miguel del Castillo,0,0,1710,0.0,0.0,0.0
2017-18,32259,Darren Randolph,0,0,0,0.0,0.0,0.0
2017-18,38580,Jose Fonte,0,2,688,0.0,0.0,0.0
2017-18,8380,James Collins,1,0,1049,0.0,0.0,0.0
2017-18,48717,Winston Reid,0,0,1452,0.0,0.0,0.0
2017-18,55459,Aaron Cresswell,1,7,3069,0.0,0.0,0.0
2017-18,40669,Angelo Ogbonna,1,0,2880,0.0,0.0,0.0
2017-18,113564,Sam Byram,0,0,246,0.0,0.0,0.0
2017-18,105717,Arthur Masuaku,0,3,1867,0.0,0.0,0.0
2017-18,20658,Pablo Zabaleta,0,1,3289,0.0,0.0,0.0
2017-18,18987,Robert Snodgrass,0,0,0,0.0,0.0,0.0
2017-18,18073,Mark Noble,4,0,2400,0.0,0.0,0.0
2017-18,55037,Cheikhou Kouyaté,2,3,2798,0.0,0.0,0.0
2017-18,59779,Pedro Obiang,2,0,1562,0.0,0.0,0.0
2017-18,86934,Manuel Lanzini,5,7,2039,0.0,0.0,0.0
2017-18,57531,Michail Antonio,3,2,1350,0.0,0.0,0.0
2017-18,44336,Sofiane Feghouli,0,0,0,0.0,0.0,0.0
2017-18,163526,Edimilson Fernandes,0,2,840,0.0,0.0,0.0
2017-18,40142,Andy Carroll,3,1,742,0.0,0.0,0.0
2017-18,73889,Diafra Sakho,2,1,294,0.0,0.0,0.0
2017-18,176296,Ashley Fletcher,0,0,0,0.0,0.0,0.0
2017-18,148179,Enner Valencia,0,0,0,0.0,0.0,0.0
2017-18,15749,Joe Hart,0,1,1710,0.0,0.0,0.0
2017-18,43020,Javier Hernández Balcázar,8,2,1537,0.0,0.0,0.0
2017-18,204480,Declan Rice,0,0,1421,0.0,0.0,0.0
2017-18,198501,Sead Haksabanovic,0,0,0,0.0,0.0,0.0
2017-18,178867,Antonio Martinez Lopez,0,0,0,0.0,0.0,0.0
2017-18,216058,Domingos Quina,0,0,0,0.0,0.0,0.0
2017-18,222018,Ben Johnson,0,0,0,0.0,0.0,0.0
2017-18,232398,Nathan Trott,0,0,0,0.0,0.0,0.0
2017-18,156660,Moses Makasi,0,0,0,0.0,0.0,0.0
2017-18,156658,Reece Burke,0,0,0,0.0,0.0,0.0
2017-18,172567,Josh Cullen,0,0,6,0.0,0.0,0.0
2017-18,109788,João Mário Naval Costa Eduardo,2,1,1021,0.0,0.0,0.0
2017-18,173792,Reece Oxford,0,0,4,0.0,0.0,0.0
2017-18,167522,Jordan Hugill,0,0,22,0.0,0.0,0.0
2017-18,14075,Patrice Evra,0,0,227,0.0,0.0,0.0
2017-18,195859,Marcus Browne,0,0,0,0.0,0.0,0.0
2017-18,179829,Josh Pask,0,0,0,0.0,0.0,0.0
2017-18,179830,Grady Diangana,0,0,0,0.0,0.0,0.0
2018-19,11334,Petr Cech,0,0,585,0.0,0.0,0.0
2018-19,80201,Bernd Leno,0,0,2835,0.0,0.0,0.0
2018-19,51507,Laurent Koscielny,3,0,1329,0.0,0.0,0.0
2018-19,98745,Héctor Bellerín,0,5,1532,0.0,0.0,0.0
2018-19,38411,Nacho Monreal,1,4,1860,0.0,0.0,0.0
2018-19,156074,Rob Holding,0,0,806,0.0,0.0,0.0
2018-19,69140,Shkodran Mustafi,2,0,2611,0.0,0.0,0.0
2018-19,111457,Sead Kolasinac,0,7,1886,0.0,0.0,0.0
2018-19,233963,Konstantinos Mavropanos,0,0,147,0.0,0.0,0.0
2018-19,27335,Stephan Lichtsteiner,0,0,935,0.0,0.0,0.0
2018-19,39476,Sokratis Papastathopoulos,1,2,2198,0.0,0.0,0.0
2018-19,37605,Mesut Özil,5,3,1732,0.0,0.0,0.0
2018-19,41792,Aaron Ramsey,4,6,1319,0.0,0.0,0.0
2018-19,153133,Alex Iwobi,3,8,1961,0.0,0.0,0.0
2018-19,153256,Mohamed Elneny,0,0,377,0.0,0.0,0.0
2018-19,84450,Granit Xhaka,4,3,2498,0.0,0.0,0.0
2018-19,57249,Henrikh Mkhitaryan,6,4,1637,0.0,0.0,0.0
2018-19,200641,Reiss Nelson,0,0,0,0.0,0.0,0.0
2018-19,154043,Ainsley Maitland-Niles,1,1,983,0.0,0.0,0.0
2018-19,50175,Danny Welbeck,1,1,146,0.0,0.0,0.0
2018-19,59966,Alexandre Lacazette,13,12,2497,0.0,0.0,0.0
2018-19,54694,Pierre-Emerick Aubameyang,22,7,2722,0.0,0.0,0.0
2018-19,198849,Lucas Torreira,2,4,2377,0.0,0.0,0.0
2018-19,242166,Matteo Guendouzi,0,0,2140,0.0,0.0,0.0
2018-19,98980,Emiliano Martínez,0,0,0,0.0,0.0,0.0
2018-19,209289,Emile Smith-Rowe,0,0,0,0.0,0.0,0.0
2018-19,209037,Zech Medley,0,0,0,0.0,0.0,0.0
2018-19,205533,Edward Nketiah,1,0,63,0.0,0.0,0.0
2018-19,223340,Bukayo Saka,0,0,7,0.0,0.0,0.0
2018-19,200089,Joseph Willock,0,0,63,0.0,0.0,0.0
2018-19,80254,Carl Jenkinson,0,0,165,0.0,0.0,0.0
2018-19,89572,Denis Suárez,0,0,67,0.0,0.0,0.0
2018-19,40349,Asmir Begovic,0,0,2160,0.0,0.0,0.0
2018-19,18726,Artur Boruc,0,0,1080,0.0,0.0,0.0
2018-19,15149,Simon Francis,0,2,1227,0.0,0.0,0.0
2018-19,56917,Steve Cook,1,1,2786,0.0,0.0,0.0
2018-19,41320,Charlie Daniels,1,0,1583,0.0,0.0,0.0
2018-19,54469,Adam Smith,1,1,2067,0.0,0.0,0.0
2018-19,149484,Tyrone Mings,0,0,141,0.0,0.0,0.0
2018-19,126184,Nathan Aké,4,1,3411,0.0,0.0,0.0
2018-19,222434,Jack Simpson,0,0,401,0.0,0.0,0.0
2018-19,20037,Marc Pugh,0,0,0,0.0,0.0,0.0
2018-19,15237,Andrew Surman,0,0,1438,0.0,0.0,0.0
2018-19,56872,Junior Stanislas,2,3,1021,0.0,0.0,0.0
2018-19,40387,Dan Gosling,2,2,1734,0.0,0.0,0.0
2018-19,103912,Jordon Ibe,1,1,789,0.0,0.0,0.0
2018-19,155408,Lewis Cook,0,0,719,0.0,0.0,0.0
2018-19,90105,Ryan Fraser,7,14,3165,0.0,0.0,0.0
2018-19,122342,Emerson Hyndman,0,0,37,0.0,0.0,0.0
2018-19,111317,David Brooks,7,6,2263,0.0,0.0,0.0
2018-19,75115,Callum Wilson,14,12,2528,0.0,0.0,0.0
2018-19,178304,Lys Mousset,1,0,350,0.0,0.0,0.0
2018-19,78007,Joshua King,12,3,2963,0.0,0.0,0.0
2018-19,7958,Jermain Defoe,0,0,22,0.0,0.0,0.0
2018-19,57328,Nathaniel Clyne,0,1,1250,0.0,0.0,0.0
2018-19,154566,Dominic Solanke,0,1,340,0.0,0.0,0.0
2018-19,171129,Diego Rico,0,0,606,0.0,0.0,0.0
2018-19,152551,Jefferson Lerma,2,2,2505,0.0,0.0,0.0
2018-19,223911,Chris Mepham,0,1,848,0.0,0.0,0.0
2018-19,217331,Sam Surridge,0,0,11,0.0,0.0,0.0
2018-19,431774,Kyle Taylor,0,0,0,0.0,0.0,0.0
2018-19,444181,Nnamdi Ofoborh,0,0,0,0.0,0.0,0.0
2018-19,229600,Mark Travers,0,0,180,0.0,0.0,0.0
2018-19,200370,Matt Butcher,0,0,0,0.0,0.0,0.0
2018-19,131897,Mathew Ryan,0,0,3060,0.0,0.0,0.0
2018-19,83299,Lewis Dunk,2,1,3151,0.0,0.0,0.0
2018-19,61933,Shane Duffy,5,2,3087,0.0,0.0,0.0
2018-19,11352,Bruno Saltor Grau,0,1,1131,0.0,0.0,0.0
2018-19,42748,Gaëtan Bong,0,0,1805,0.0,0.0,0.0
2018-19,43808,Markus Suttner,0,0,0,0.0,0.0,0.0
2018-19,74375,Ezequiel Schelotto,0,0,0,0.0,0.0,0.0
2018-19,52484,Leon Balogun,1,0,591,0.0,0.0,0.0
2018-19,83543,Anthony Knockaert,2,6,1828,0.0,0.0,0.0
2018-19,40845,Dale Stephens,1,1,2484,0.0,0.0,0.0
2018-19,38490,Beram Kayal,1,1,935,0.0,0.0,0.0
2018-19,109345,Solomon March,1,6,2459,0.0,0.0,0.0
2018-19,60307,Pascal Groß,3,3,1864,0.0,0.0,0.0
2018-19,66242,Davy Pröpper,1,1,2546,0.0,0.0,0.0
2018-19,167473,José Heriberto Izquierdo Mena,0,2,789,0.0,0.0,0.0
2018-19,20529,Glenn Murray,13,1,2501,0.0,0.0,0.0
2018-19,38499,Tomer Hemed,0,0,0,0.0,0.0,0.0
2018-19,28462,Sam Baldock,0,0,0,0.0,0.0,0.0
2018-19,106757,Jürgen Locadia,2,0,1225,0.0,0.0,0.0
2018-19,93284,Florin Andone,3,0,866,0.0,0.0,0.0
2018-19,50093,David Button,0,0,360,0.0,0.0,0.0
2018-19,49262,Jason Steele,0,0,0,0.0,0.0,0.0
2018-19,209362,Bernardo Fernandes da Silva Junior,0,1,1749,0.0,0.0,0.0
2018-19,227127,Yves Bissouma,0,0,1764,0.0,0.0,0.0
2018-19,165210,Alireza Jahanbakhsh,0,0,1014,0.0,0.0,0.0
2018-19,86153,Martín Montoya,0,1,2166,0.0,0.0,0.0
2018-19,224117,Viktor Gyokeres,0,0,0,0.0,0.0,0.0
2018-19,198869,Ben White,0,0,0,0.0,0.0,0.0
2018-19,215062,Max Sanders,0,0,0,0.0,0.0,0.0
2018-19,78916,Dan Burn,0,0,0,0.0,0.0,0.0
2018-19,220738,Jayson Molumby,0,0,0,0.0,0.0,0.0
2018-19,21205,Tom Heaton,0,0,1710,0.0,0.0,0.0
2018-19,98747,Nick Pope,0,0,0,0.0,0.0,0.0
2018-19,68983,Matthew Lowton,0,0,1748,0.0,0.0,0.0
2018-19,51927,Ben Mee,0,2,3420,0.0,0.0,0.0
2018-19,40616,Stephen Ward,0,0,228,0.0,0.0,0.0
2018-19,17761,James Tarkowski,3,2,3086,0.0,0.0,0.0
2018-19,41674,Kevin Long,0,1,513,0.0,0.0,0.0
2018-19,103914,Charlie Taylor,0,1,3240,0.0,0.0,0.0
2018-19,17997,Phil Bardsley,0,0,1670,0.0,0.0,0.0
2018-19,60586,Johann Berg Gudmundsson,3,7,1743,0.0,0.0,0.0
2018-19,39847,Steven Defour,0,0,449,0.0,0.0,0.0
2018-19,83314,Jeff Hendrick,2,2,2058,0.0,0.0,0.0
2018-19,90517,Robbie Brady,0,1,714,0.0,0.0,0.0
2018-19,60551,Ashley Westwood,2,8,2821,0.0,0.0,0.0
2018-19,12813,Jonathan Walters,0,0,0,0.0,0.0,0.0
2018-19,40145,Jack Cork,1,2,3312,0.0,0.0,0.0
2018-19,17349,Aaron Lennon,1,1,1214,0.0,0.0,0.0
2018-19,40399,Sam Vokes,3,0,907,0.0,0.0,0.0
2018-19,44699,Ashley Barnes,12,3,2378,0.0,0.0,0.0
2018-19,92383,Nahki Wells,0,0,0,0.0,0.0,0.0
2018-19,60689,Chris Wood,10,3,2580,0.0,0.0,0.0
2018-19,39725,Anders Lindegaard,0,0,0,0.0,0.0,0.0
2018-19,15749,Joe Hart,0,0,1710,0.0,0.0,0.0
2018-19,83312,Ben Gibson,1,0,62,0.0,0.0,0.0
2018-19,81183,Matej Vydra,1,1,310,0.0,0.0,0.0
2018-19,433154,Dwight McNeil,3,4,1590,0.0,0.0,0.0
2018-19,432793,Abd-Al-Ali Morakinyo Olaposi Koiki,0,0,0,0.0,0.0,0.0
2018-19,217401,Josh Benson,0,0,0,0.0,0.0,0.0
2018-19,3773,Peter Crouch,0,1,86,0.0,0.0,0.0
2018-19,195471,Anthony Driscoll-Glennon,0,0,0,0.0,0.0,0.0
2018-19,48615,Harry Arter,0,1,1999,0.0,0.0,0.0
2018-19,88734,Neil Etheridge,0,0,3420,0.0,0.0,0.0
2018-19,45220,Alex Smithies,0,0,0,0.0,0.0,0.0
2018-19,49982,Sean Morrison,1,4,3039,0.0,0.0,0.0
2018-19,19523,Sol Bamba,4,1,2475,0.0,0.0,0.0
2018-19,49382,Bruno Ecuele Manga,0,1,3375,0.0,0.0,0.0
2018-19,27698,Matthew Connolly,0,0,0,0.0,0.0,0.0
2018-19,56981,Joe Bennett,0,1,2639,0.0,0.0,0.0
2018-19,38716,Lee Peltier,0,0,1542,0.0,0.0,0.0
2018-19,73459,Ashley Darel Jazz Richards,0,0,129,0.0,0.0,0.0
2018-19,14927,Greg Halford,0,0,0,0.0,0.0,0.0
2018-19,104073,Joe Ralls,0,0,1954,0.0,0.0,0.0
2018-19,49806,David Junior Hoilett,3,2,2134,0.0,0.0,0.0
2018-19,76360,Nathaniel Mendez-Laing,4,1,978,0.0,0.0,0.0
2018-19,122797,Callum Paterson,4,2,1993,0.0,0.0,0.0
2018-19,49845,Aron Gunnarsson,1,1,2266,0.0,0.0,0.0
2018-19,40451,Anthony Pilkington,0,0,0,0.0,0.0,0.0
2018-19,54527,Loïc Damour,0,0,21,0.0,0.0,0.0
2018-19,75826,Danny Ward,1,0,435,0.0,0.0,0.0
2018-19,114245,Josh Murphy,3,2,1810,0.0,0.0,0.0
2018-19,82078,Kenneth Zohore,1,1,741,0.0,0.0,0.0
2018-19,114054,Omar Bogle,0,0,0,0.0,0.0,0.0
2018-19,45196,Gary Madine,0,0,32,0.0,0.0,0.0
2018-19,96994,Bobby Reid,5,3,1413,0.0,0.0,0.0
2018-19,113688,Oumar Niasse,0,0,988,0.0,0.0,0.0
2018-19,80792,Greg Cunninghamm,0,0,630,0.0,0.0,0.0
2018-19,175946,Víctor Camarasa,5,4,2569,0.0,0.0,0.0
2018-19,78911,Kadeem Harris,1,1,365,0.0,0.0,0.0
2018-19,10589,Brian Murphy,0,0,0,0.0,0.0,0.0
2018-19,131403,Rhys Healey,0,0,49,0.0,0.0,0.0
2018-19,74297,Leandro Bacuna,0,1,554,0.0,0.0,0.0
2018-19,60772,Thibaut Courtois,0,0,0,0.0,0.0,0.0
2018-19,20310,Willy Caballero,0,0,180,0.0,0.0,0.0
2018-19,41328,César Azpilicueta,1,6,3402,0.0,0.0,0.0
2018-19,19419,Gary Cahill,0,0,22,0.0,0.0,0.0
2018-19,82263,Marcos Alonso,2,8,2759,0.0,0.0,0.0
2018-19,41270,David Luiz Moreira Marinho,3,2,3238,0.0,0.0,0.0
2018-19,49013,Victor Moses,0,0,26,0.0,0.0,0.0
2018-19,102380,Antonio Rüdiger,1,2,2871,0.0,0.0,0.0
2018-19,135363,Andreas Christensen,0,0,615,0.0,0.0,0.0
2018-19,105700,Davide Zappacosta,0,0,125,0.0,0.0,0.0
2018-19,109533,Emerson Palmieri dos Santos,0,0,660,0.0,0.0,0.0
2018-19,42786,Eden Hazard,16,15,2918,0.0,0.0,0.0
2018-19,17878,Cesc Fàbregas,0,0,175,0.0,0.0,0.0
2018-19,47431,Willian Borges Da Silva,3,7,2091,0.0,0.0,0.0
2018-19,49579,Pedro Rodríguez Ledesma,8,2,1768,0.0,0.0,0.0
2018-19,116594,N'Golo Kanté,4,4,3092,0.0,0.0,0.0
2018-19,88894,Ross Barkley,3,5,1231,0.0,0.0,0.0
2018-19,61603,Daniel Drinkwater,0,0,0,0.0,0.0,0.0
2018-19,169102,Tiemoué Bakayoko,0,0,0,0.0,0.0,0.0
2018-19,199598,Ethan Ampadu,0,0,0,0.0,0.0,0.0
2018-19,209046,Callum Hudson-Odoi,0,1,388,0.0,0.0,0.0
2018-19,126187,Ruben Loftus-Cheek,6,2,980,0.0,0.0,0.0
2018-19,44346,Olivier Giroud,2,4,828,0.0,0.0,0.0
2018-19,88482,Álvaro Morata,5,0,936,0.0,0.0,0.0
2018-19,85955,Jorge Luiz Frello Filho,2,0,3156,0.0,0.0,0.0
2018-19,173879,Tammy Abraham,0,0,0,0.0,0.0,0.0
2018-19,109745,Kepa Arrizabalaga,0,0,3240,0.0,0.0,0.0
2018-19,91651,Mateo Kovacic,0,2,1725,0.0,0.0,0.0
2018-19,40232,Gonzalo Higuaín,5,0,1084,0.0,0.0,0.0
2018-19,209036,Addji Keaninkin Marc-Israel Guehi,0,0,0,0.0,0.0,0.0
2018-19,20066,Wayne Hennessey,0,0,1575,0.0,0.0,0.0
2018-19,11554,Julian Speroni,0,0,90,0.0,0.0,0.0
2018-19,40836,Vicente Guaita,0,0,1754,0.0,0.0,0.0
2018-19,49413,James Tomkins,1,1,2561,0.0,0.0,0.0
2018-19,19188,Scott Dann,0,1,661,0.0,0.0,0.0
2018-19,58786,Martin Kelly,0,0,1110,0.0,0.0,0.0
2018-19,86417,Jeffrey Schlupp,4,3,1660,0.0,0.0,0.0
2018-19,74230,Patrick van Aanholt,3,2,3196,0.0,0.0,0.0
2018-19,40784,Mamadou Sakho,0,0,2416,0.0,0.0,0.0
2018-19,173954,Jairo Riedewald,0,0,0,0.0,0.0,0.0
2018-19,214590,Aaron Wan-Bissaka,0,3,3134,0.0,0.0,0.0
2018-19,50471,James McArthur,3,7,3057,0.0,0.0,0.0
2018-19,44343,Bakary Sako,0,0,26,0.0,0.0,0.0
2018-19,60252,Andros Townsend,6,5,3007,0.0,0.0,0.0
2018-19,66975,Luka Milivojevic,12,2,3420,0.0,0.0,0.0
2018-19,82403,Wilfried Zaha,10,11,3037,0.0,0.0,0.0
2018-19,54861,Christian Benteke,1,1,807,0.0,0.0,0.0
2018-19,143877,Alexander Sørloth,0,0,173,0.0,0.0,0.0
2018-19,55037,Cheikhou Kouyaté,0,3,1889,0.0,0.0,0.0
2018-19,55494,Joel Ward,1,0,551,0.0,0.0,0.0
2018-19,185478,Jaroslaw Jach,0,0,0,0.0,0.0,0.0
2018-19,79228,Pape Souaré,0,0,1,0.0,0.0,0.0
2018-19,59125,Connor Wickham,0,1,61,0.0,0.0,0.0
2018-19,138009,Sullay Kaikai,0,0,0,0.0,0.0,0.0
2018-19,141020,Max Meyer,1,3,1405,0.0,0.0,0.0
2018-19,80146,Jordan Ayew,1,3,1176,0.0,0.0,0.0
2018-19,209411,Joe Tupper,0,0,0,0.0,0.0,0.0
2018-19,201595,Lucas Perri,0,0,0,0.0,0.0,0.0
2018-19,94245,Michy Batshuayi,5,1,748,0.0,0.0,0.0
2018-19,221272,Sam Woods,0,0,0,0.0,0.0,0.0
2018-19,221275,Luke Dreher,0,0,1,0.0,0.0,0.0
2018-19,235599,Nikola Tavares,0,0,0,0.0,0.0,0.0
2018-19,111234,Jordan Pickford,0,0,3420,0.0,0.0,0.0
2018-19,10318,Maarten Stekelenburg,0,0,0,0.0,0.0,0.0
2018-19,12745,Leighton Baines,0,0,374,0.0,0.0,0.0
2018-19,59949,Seamus Coleman,2,2,2558,0.0,0.0,0.0
2018-19,7645,Phil Jagielka,1,0,329,0.0,0.0,0.0
2018-19,19159,Ashley Williams,0,0,0,0.0,0.0,0.0
2018-19,194164,Mason Holgate,0,0,407,0.0,0.0,0.0
2018-19,153673,Jonjoe Kenny,0,1,789,0.0,0.0,0.0
2018-19,106611,Michael Keane,1,2,2970,0.0,0.0,0.0
2018-19,56192,Cuco Martina,0,0,0,0.0,0.0,0.0
2018-19,20467,Theo Walcott,5,3,2108,0.0,0.0,0.0
2018-19,55452,Yannick Bolasie,0,0,0,0.0,0.0,0.0
2018-19,50472,James McCarthy,0,0,14,0.0,0.0,0.0
2018-19,42774,Morgan Schneiderlin,0,1,832,0.0,0.0,0.0
2018-19,80801,Idrissa Gueye,0,2,2821,0.0,0.0,0.0
2018-19,173807,Tom Davies,0,0,975,0.0,0.0,0.0
2018-19,219352,Ademola Lookman,0,3,600,0.0,0.0,0.0
2018-19,109065,Davy Klaassen,0,0,0,0.0,0.0,0.0
2018-19,55422,Gylfi Sigurdsson,13,6,3122,0.0,0.0,0.0
2018-19,180151,Nikola Vlasic,0,0,0,0.0,0.0,0.0
2018-19,195855,Beni Baningime,0,0,0,0.0,0.0,0.0
2018-19,177815,Dominic Calvert-Lewin,6,5,1769,0.0,0.0,0.0
2018-19,66838,Cenk Tosun,3,3,1044,0.0,0.0,0.0
2018-19,212319,Richarlison de Andrade,13,3,2662,0.0,0.0,0.0
2018-19,26901,Kevin Mirallas,0,0,0,0.0,0.0,0.0
2018-19,108438,Sandro Ramírez,0,0,0,0.0,0.0,0.0
2018-19,101188,Lucas Digne,4,5,2964,0.0,0.0,0.0
2018-19,164511,Yerry Mina,1,0,891,0.0,0.0,0.0
2018-19,100649,Bernard Anício Caldeira Duarte,1,4,2108,0.0,0.0,0.0
2018-19,120250,André Filipe Tavares Gomes,1,2,1977,0.0,0.0,0.0
2018-19,103192,Kurt Zouma,2,2,2613,0.0,0.0,0.0
2018-19,171270,Kieran Dowell,0,0,0,0.0,0.0,0.0
2018-19,149468,Tyias Browning,0,0,0,0.0,0.0,0.0
2018-19,101184,Calum Chambers,2,0,2586,0.0,0.0,0.0
2018-19,122074,Marcus Bettinelli,0,0,630,0.0,0.0,0.0
2018-19,82514,Tim Ream,0,0,2046,0.0,0.0,0.0
2018-19,72681,Denis Odoi,0,1,2593,0.0,0.0,0.0
2018-19,76357,Tom Cairney,1,1,2188,0.0,0.0,0.0
2018-19,55038,Kevin McDonald,0,0,837,0.0,0.0,0.0
2018-19,184349,Ryan Sessegnon,2,7,2291,0.0,0.0,0.0
2018-19,61916,Stefan Johansen,0,0,409,0.0,0.0,0.0
2018-19,54421,Floyd Ayité,1,0,466,0.0,0.0,0.0
2018-19,92259,Neeskens Kebano,0,0,101,0.0,0.0,0.0
2018-19,58476,Rui Pedro da Rocha Fonte,0,0,0,0.0,0.0,0.0
2018-19,197030,Aboubakar Kamara,3,0,688,0.0,0.0,0.0
2018-19,61739,Maxime Le Marchand,0,1,2250,0.0,0.0,0.0
2018-19,170271,Jean Michael Seri,1,3,2239,0.0,0.0,0.0
2018-19,87107,Cyrus Christie,0,1,1941,0.0,0.0,0.0
2018-19,40559,Fabricio Agosto Ramírez,0,0,180,0.0,0.0,0.0
2018-19,66842,André Schürrle,6,0,1638,0.0,0.0,0.0
2018-19,128389,Aleksandar Mitrovic,11,4,3280,0.0,0.0,0.0
2018-19,149266,Alfie Mawson,0,0,1130,0.0,0.0,0.0
2018-19,94248,Sergio Rico,0,0,2610,0.0,0.0,0.0
2018-19,101105,Joe Bryan,0,1,2344,0.0,0.0,0.0
2018-19,201084,Timothy Fosu-Mensah,0,0,791,0.0,0.0,0.0
2018-19,203325,André-Frank Zambo Anguissa,0,0,1512,0.0,0.0,0.0
2018-19,108093,Luciano Vietto,1,4,980,0.0,0.0,0.0
2018-19,109999,Ibrahima Cissé,0,0,86,0.0,0.0,0.0
2018-19,208998,Zeze Steven Sessegnon,0,0,0,0.0,0.0,0.0
2018-19,19520,Ryan Babel,5,4,1250,0.0,0.0,0.0
2018-19,43626,Håvard Nordtveit,0,1,361,0.0,0.0,0.0
2018-19,99323,Lazar Markovic,0,0,45,0.0,0.0,0.0
2018-19,444884,Harvey Elliott,0,0,18,0.0,0.0,0.0
2018-19,176414,Luca De La Torre,0,0,0,0.0,0.0,0.0
2018-19,19197,Jason Puncheon,0,0,392,0.0,0.0,0.0
2018-19,38038,Ben Hamer,0,0,552,0.0,0.0,0.0
2018-19,57513,Jonas Lössl,0,1,2777,0.0,0.0,0.0
2018-19,85368,Christopher Schindler,1,1,3260,0.0,0.0,0.0
2018-19,54284,Chris Löwe,0,4,2052,0.0,0.0,0.0
2018-19,104545,Tommy Smith,0,0,1141,0.0,0.0,0.0
2018-19,48760,Mathias Jorgensen,3,1,2147,0.0,0.0,0.0
2018-19,79733,Scott Malone,0,0,0,0.0,0.0,0.0
2018-19,172246,Florent Hadergjonaj,0,0,1837,0.0,0.0,0.0
2018-19,109434,Terence Kongolo,1,1,2716,0.0,0.0,0.0
2018-19,74471,Aaron Mooy,3,1,2326,0.0,0.0,0.0
2018-19,51344,Rajiv van La Parra,0,0,405,0.0,0.0,0.0
2018-19,79619,Jonathan Hogg,0,1,2369,0.0,0.0,0.0
2018-19,168991,Philip Billing,2,0,2187,0.0,0.0,0.0
2018-19,86176,Tom Ince,0,0,0,0.0,0.0,0.0
2018-19,80755,Danny Williams,0,0,94,0.0,0.0,0.0
2018-19,246878,Abdelhamid Sabiri,0,0,48,0.0,0.0,0.0
2018-19,106450,Alex Pritchard,2,0,2079,0.0,0.0,0.0
2018-19,205102,Ramadan Sobhi,0,0,75,0.0,0.0,0.0
2018-19,204380,Juninho Bacuna,1,0,1410,0.0,0.0,0.0
2018-19,84112,Collin Quaner,0,0,37,0.0,0.0,0.0
2018-19,147303,Laurent Depoitre,0,1,1058,0.0,0.0,0.0
2018-19,169141,Steve Mounie,2,4,1767,0.0,0.0,0.0
2018-19,87428,Elias Kachunga,0,0,1175,0.0,0.0,0.0
2018-19,118884,Erik Durm,0,1,2049,0.0,0.0,0.0
2018-19,233497,Adama Diakhaby,0,1,548,0.0,0.0,0.0
2018-19,204454,Isaac Mbenza,1,1,977,0.0,0.0,0.0
2018-19,192301,Jon Gorenc Stankovic,1,0,715,0.0,0.0,0.0
2018-19,241791,Ryan Schofield,0,0,0,0.0,0.0,0.0
2018-19,180294,Karlan Grant,3,2,873,0.0,0.0,0.0
2018-19,168977,Joel Coleman,0,0,90,0.0,0.0,0.0
2018-19,175351,Demeaco Duhaney,0,0,45,0.0,0.0,0.0
2018-19,450314,Matthew Daly,0,0,73,0.0,0.0,0.0
2018-19,440113,Aaron Rowe,0,0,68,0.0,0.0,0.0
2018-19,17745,Kasper Schmeichel,0,0,3420,0.0,0.0,0.0
2018-19,11974,Eldin Jakupovic,0,0,0,0.0,0.0,0.0
2018-19,15033,Wes Morgan,3,0,1924,0.0,0.0,0.0
2018-19,37402,Christian Fuchs,0,0,206,0.0,0.0,0.0
2018-19,40725,Danny Simpson,0,0,289,0.0,0.0,0.0
2018-19,41321,Yohan Benalouane,0,0,0,0.0,0.0,0.0
2018-19,172850,Benjamin Chilwell,0,5,3240,0.0,0.0,0.0
2018-19,95658,Harry Maguire,3,1,2596,0.0,0.0,0.0
2018-19,111931,Ricardo Domingos Barbosa Pereira,2,8,3123,0.0,0.0,0.0
2018-19,37642,Jonny Evans,1,0,1993,0.0,0.0,0.0
2018-19,51938,Marc Albrighton,2,2,1617,0.0,0.0,0.0
2018-19,172632,Demarai Gray,4,1,1978,0.0,0.0,0.0
2018-19,155569,Daniel Amartey,0,0,639,0.0,0.0,0.0
2018-19,203341,Wilfred Ndidi,2,0,3295,0.0,0.0,0.0
2018-19,54513,Vicente Iborra,0,0,224,0.0,0.0,0.0
2018-19,61604,Matty James,0,0,0,0.0,0.0,0.0
2018-19,197469,Hamza Choudhury,0,0,593,0.0,0.0,0.0
2018-19,46483,Adrien Sebastian Perruchet Silva,0,0,87,0.0,0.0,0.0
2018-19,210207,Fousseni Diabaté,0,0,54,0.0,0.0,0.0
2018-19,172780,James Maddison,7,7,2831,0.0,0.0,0.0
2018-19,101668,Jamie Vardy,18,5,2726,0.0,0.0,0.0
2018-19,78412,Shinji Okazaki,0,1,269,0.0,0.0,0.0
2018-19,173515,Kelechi Iheanacho,1,5,924,0.0,0.0,0.0
2018-19,95463,Danny Ward,0,0,0,0.0,0.0,0.0
2018-19,115858,Rachid Ghezzal,1,0,733,0.0,0.0,0.0
2018-19,213405,Filip Benkovic,0,0,0,0.0,0.0,0.0
2018-19,218031,Çaglar Söyüncü,0,0,371,0.0,0.0,0.0
2018-19,86881,Nampalys Mendy,0,1,2085,0.0,0.0,0.0
2018-19,201667,Josh Knight,0,0,0,0.0,0.0,0.0
2018-19,201666,Harvey Barnes,1,3,1001,0.0,0.0,0.0
2018-19,166989,Youri Tielemans,3,5,1087,0.0,0.0,0.0
2018-19,66797,Simon Mignolet,0,0,0,0.0,0.0,0.0
2018-19,104542,Loris Karius,0,0,0,0.0,0.0,0.0
2018-19,38454,Dejan Lovren,1,1,986,0.0,0.0,0.0
2018-19,100059,Alberto Moreno,0,0,154,0.0,0.0,0.0
2018-19,171287,Joseph Gomez,0,0,1059,0.0,0.0,0.0
2018-19,60914,Joel Matip,1,0,1535,0.0,0.0,0.0
2018-19,33871,Ragnar Klavan,0,0,0,0.0,0.0,0.0
2018-19,169187,Trent Alexander-Arnold,1,13,2460,0.0,0.0,0.0
2018-19,97032,Virgil van Dijk,4,4,3384,0.0,0.0,0.0
2018-19,122798,Andrew Robertson,0,12,3216,0.0,0.0,0.0
2018-19,81880,Alex Oxlade-Chamberlain,0,0,19,0.0,0.0,0.0
2018-19,56979,Jordan Henderson,1,3,1976,0.0,0.0,0.0
2018-19,39155,Adam Lallana,0,1,460,0.0,0.0,0.0
2018-19,110979,Sadio Mané,22,3,3076,0.0,0.0,0.0
2018-19,41733,Georginio Wijnaldum,3,1,2723,0.0,0.0,0.0
2018-19,118748,Mohamed Salah,22,12,3254,0.0,0.0,0.0
2018-19,15157,James Milner,5,5,1778,0.0,0.0,0.0
2018-19,116643,Fabio Henrique Tavares,1,2,2011,0.0,0.0,0.0
2018-19,175592,Naby Keita,2,1,1385,0.0,0.0,0.0
2018-19,92217,Roberto Firmino,12,8,2606,0.0,0.0,0.0
2018-19,68312,Xherdan Shaqiri,6,5,1052,0.0,0.0,0.0
2018-19,116535,Alisson Ramses Becker,0,0,3420,0.0,0.0,0.0
2018-19,40755,Daniel Sturridge,2,1,498,0.0,0.0,0.0
2018-19,152760,Divock Origi,3,1,364,0.0,0.0,0.0
2018-19,217989,Rafael Camacho,0,0,1,0.0,0.0,0.0
2018-19,206915,Curtis Jones,0,0,0,0.0,0.0,0.0
2018-19,103025,Riyad Mahrez,7,4,1331,0.0,0.0,0.0
2018-19,121160,Ederson Santana de Moraes,0,1,3420,0.0,0.0,0.0
2018-19,33148,Claudio Bravo,0,0,0,0.0,0.0,0.0
2018-19,97299,John Stones,0,0,1761,0.0,0.0,0.0
2018-19,17476,Vincent Kompany,1,0,1220,0.0,0.0,0.0
2018-19,57410,Nicolás Otamendi,0,0,1233,0.0,0.0,0.0
2018-19,58621,Kyle Walker,1,1,2776,0.0,0.0,0.0
2018-19,100180,Danilo Luiz da Silva,1,0,805,0.0,0.0,0.0
2018-19,102826,Benjamin Mendy,0,6,900,0.0,0.0,0.0
2018-19,146941,Aymeric Laporte,3,3,3056,0.0,0.0,0.0
2018-19,41823,Fabian Delph,0,1,722,0.0,0.0,0.0
2018-19,103955,Raheem Sterling,17,15,2770,0.0,0.0,0.0
2018-19,20664,David Silva,6,8,2399,0.0,0.0,0.0
2018-19,27789,Fernando Luiz Rosa,1,3,2375,0.0,0.0,0.0
2018-19,61366,Kevin De Bruyne,2,3,968,0.0,0.0,0.0
2018-19,59859,Ilkay Gündogan,6,3,2129,0.0,0.0,0.0
2018-19,182156,Leroy Sané,10,12,1857,0.0,0.0,0.0
2018-19,165809,Bernardo Mota Veiga de Carvalho e Silva,7,8,2849,0.0,0.0,0.0
2018-19,209244,Phil Foden,1,0,328,0.0,0.0,0.0
2018-19,216183,Brahim Diaz,0,0,0,0.0,0.0,0.0
2018-19,206325,Oleksandr Zinchenko,0,3,1151,0.0,0.0,0.0
2018-19,37572,Sergio Agüero,21,11,2457,0.0,0.0,0.0
2018-19,205651,Gabriel Fernando de Jesus,7,3,1017,0.0,0.0,0.0
2018-19,232917,Arijanet Muric,0,0,0,0.0,0.0,0.0
2018-19,230428,Philippe Sandler,0,0,0,0.0,0.0,0.0
2018-19,51940,David de Gea,0,0,3420,0.0,0.0,0.0
2018-19,42899,Sergio Romero,0,0,0,0.0,0.0,0.0
2018-19,55909,Chris Smalling,1,0,2127,0.0,0.0,0.0
2018-19,76359,Phil Jones,0,1,1261,0.0,0.0,0.0
2018-19,106760,Luke Shaw,1,5,2591,0.0,0.0,0.0
2018-19,58893,Marcos Rojo,0,0,209,0.0,0.0,0.0
2018-19,20695,Antonio Valencia,0,0,466,0.0,0.0,0.0
2018-19,40002,Matteo Darmian,0,0,443,0.0,0.0,0.0
2018-19,58877,Daley Blind,0,0,0,0.0,0.0,0.0
2018-19,197365,Eric Bailly,0,0,636,0.0,0.0,0.0
2018-19,184667,Victor Lindelöf,1,1,2600,0.0,0.0,0.0
2018-19,18892,Ashley Young,2,3,2568,0.0,0.0,0.0
2018-19,216051,José Diogo Dalot Teixeira,0,2,1009,0.0,0.0,0.0
2018-19,37265,Alexis Sánchez,1,5,869,0.0,0.0,0.0
2018-19,62398,Nemanja Matic,1,0,2437,0.0,0.0,0.0
2018-19,43670,Juan Mata,3,4,1284,0.0,0.0,0.0
2018-19,41184,Marouane Fellaini,0,2,746,0.0,0.0,0.0
2018-19,59846,Ander Herrera,2,3,1397,0.0,0.0,0.0
2018-19,109322,Jesse Lingard,4,3,1657,0.0,0.0,0.0
2018-19,148225,Anthony Martial,10,4,1613,0.0,0.0,0.0
2018-19,74208,Paul Pogba,13,10,3007,0.0,0.0,0.0
2018-19,195851,Scott McTominay,2,0,862,0.0,0.0,0.0
2018-19,101582,Frederico Rodrigues de Paula Santos,1,2,1039,0.0,0.0,0.0
2018-19,176297,Marcus Rashford,10,7,2331,0.0,0.0,0.0
2018-19,66749,Romelu Lukaku,12,1,2126,0.0,0.0,0.0
2018-19,156689,Andreas Pereira,1,1,590,0.0,0.0,0.0
2018-19,6744,Lee Grant,0,0,0,0.0,0.0,0.0
2018-19,209041,Angel Gomes,0,0,25,0.0,0.0,0.0
2018-19,232928,James Garner,0,0,1,0.0,0.0,0.0
2018-19,222677,Tahith Chong,0,0,37,0.0,0.0,0.0
2018-19,220688,Mason Greenwood,0,0,115,0.0,0.0,0.0
2018-19,19838,Robert Elliot,0,0,0,0.0,0.0,0.0
2018-19,59735,Karl Darlow,0,0,0,0.0,0.0,0.0
2018-19,67089,Martin Dubravka,0,0,3420,0.0,0.0,0.0
2018-19,151119,DeAndre Yedlin,1,2,2472,0.0,0.0,0.0
2018-19,58845,Ciaran Clark,3,0,857,0.0,0.0,0.0
2018-19,101148,Jamaal Lascelles,0,1,2745,0.0,0.0,0.0
2018-19,106618,Paul Dummett,0,0,1986,0.0,0.0,0.0
2018-19,77359,Florian Lejeune,0,0,1054,0.0,0.0,0.0
2018-19,109528,Javier Manquillo,0,3,1098,0.0,0.0,0.0
2018-19,149736,Chancel Mbemba,0,0,0,0.0,0.0,0.0
2018-19,56983,Matt Ritchie,2,8,2927,0.0,0.0,0.0
2018-19,50232,Jonjo Shelvey,1,1,943,0.0,0.0,0.0
2018-19,28147,Mohamed Diamé,0,0,2162,0.0,0.0,0.0
2018-19,104953,Christian Atsu,1,1,1481,0.0,0.0,0.0
2018-19,114243,Jacob Murphy,0,1,296,0.0,0.0,0.0
2018-19,195384,Mikel Merino,0,0,0,0.0,0.0,0.0
2018-19,153127,Isaac Hayden,1,4,1857,0.0,0.0,0.0
2018-19,76542,Sung-yueng Ki,0,1,1298,0.0,0.0,0.0
2018-19,104547,Dwight Gayle,0,0,0,0.0,0.0,0.0
2018-19,168580,Ayoze Pérez,12,2,2916,0.0,0.0,0.0
2018-19,61316,Jose Luis Mato Sanmartín,2,0,586,0.0,0.0,0.0
2018-19,167767,Robert Kenedy Nunes do Nascimento,1,1,1337,0.0,0.0,0.0
2018-19,119471,Fabian Schär,4,1,2000,0.0,0.0,0.0
2018-19,196118,Yoshinori Muto,1,0,514,0.0,0.0,0.0
2018-19,57134,Salomón Rondón,11,8,2601,0.0,0.0,0.0
2018-19,57145,Federico Fernández,0,2,1482,0.0,0.0,0.0
2018-19,181397,Jamie Sterry,0,0,0,0.0,0.0,0.0
2018-19,180135,Sean Longstaff,1,1,686,0.0,0.0,0.0
2018-19,155503,Frederick Woodman,0,0,0,0.0,0.0,0.0
2018-19,172551,Callum Roberts,0,0,0,0.0,0.0,0.0
2018-19,179018,Miguel Almirón,0,2,758,0.0,0.0,0.0
2018-19,159039,Antonio Barreca,0,0,4,0.0,0.0,0.0
2018-19,232977,Kelland Watts,0,0,0,0.0,0.0,0.0
2018-19,232960,Lewis Cass,0,0,0,0.0,0.0,0.0
2018-19,84939,Danny Ings,7,3,1650,0.0,0.0,0.0
2018-19,58376,Alex McCarthy,0,0,2250,0.0,0.0,0.0
2018-19,40383,Fraser Forster,0,0,90,0.0,0.0,0.0
2018-19,40146,Ryan Bertrand,1,0,2160,0.0,0.0,0.0
2018-19,80447,Maya Yoshida,0,1,1518,0.0,0.0,0.0
2018-19,58822,Cédric Soares,1,2,1493,0.0,0.0,0.0
2018-19,88900,Jack Stephens,1,0,1697,0.0,0.0,0.0
2018-19,153373,Sam McQueen,0,0,0,0.0,0.0,0.0
2018-19,171771,Jan Bednarek,0,1,2150,0.0,0.0,0.0
2018-19,167075,Wesley Hoedt,0,0,1170,0.0,0.0,0.0
2018-19,17339,Steven Davis,0,1,97,0.0,0.0,0.0
2018-19,101178,James Ward-Prowse,7,0,1940,0.0,0.0,0.0
2018-19,78056,Oriol Romeu Vidal,1,0,2131,0.0,0.0,0.0
2018-19,132015,Pierre-Emile Højbjerg,4,3,2760,0.0,0.0,0.0
2018-19,128198,Sofiane Boufal,0,0,0,0.0,0.0,0.0
2018-19,153379,Joshua Sims,0,1,208,0.0,0.0,0.0
2018-19,83283,Nathan Redmond,6,5,3272,0.0,0.0,0.0
2018-19,151086,Mario Lemina,1,2,1612,0.0,0.0,0.0
2018-19,91047,Stuart Armstrong,3,4,1421,0.0,0.0,0.0
2018-19,96787,Mohamed Elyounoussi,0,0,785,0.0,0.0,0.0
2018-19,20452,Shane Long,5,2,1260,0.0,0.0,0.0
2018-19,78356,Charlie Austin,2,2,970,0.0,0.0,0.0
2018-19,61548,Manolo Gabbiadini,1,0,468,0.0,0.0,0.0
2018-19,98914,Guido Carrillo,0,0,0,0.0,0.0,0.0
2018-19,107265,Angus Gunn,0,0,1080,0.0,0.0,0.0
2018-19,93100,Jannik Vestergaard,0,0,2027,0.0,0.0,0.0
2018-19,169359,Matt Targett,1,3,1185,0.0,0.0,0.0
2018-19,220598,Michael Obafemi,1,1,134,0.0,0.0,0.0
2018-19,213482,Yan Valery,2,1,1709,0.0,0.0,0.0
2018-19,204481,Tyreke Johnson,0,0,1,0.0,0.0,0.0
2018-19,232797,Kayne Ramsay,0,0,90,0.0,0.0,0.0
2018-19,193109,Callum Slattery,0,0,110,0.0,0.0,0.0
2018-19,153371,Sam Gallagher,0,0,32,0.0,0.0,0.0
2018-19,176706,Alfie Jones,0,0,0,0.0,0.0,0.0
2018-19,37915,Hugo Lloris,0,0,2970,0.0,0.0,0.0
2018-19,39215,Michel Vorm,0,0,180,0.0,0.0,0.0
2018-19,55605,Toby Alderweireld,0,0,2921,0.0,0.0,0.0
2018-19,38290,Danny Rose,0,4,1792,0.0,0.0,0.0
2018-19,39194,Jan Vertonghen,1,0,1911,0.0,0.0,0.0
2018-19,115556,Ben Davies,0,0,1837,0.0,0.0,0.0
2018-19,77794,Kieran Trippier,1,5,2275,0.0,0.0,0.0
2018-19,158534,Kyle Walker-Peters,0,3,374,0.0,0.0,0.0
2018-19,173904,Davinson Sánchez,1,2,1941,0.0,0.0,0.0
2018-19,80226,Serge Aurier,0,2,562,0.0,0.0,0.0
2018-19,93264,Eric Dier,3,0,1504,0.0,0.0,0.0
2018-19,39104,Mousa Dembélé,0,0,512,0.0,0.0,0.0
2018-19,62974,Erik Lamela,4,4,965,0.0,0.0,0.0
2018-19,80607,Christian Eriksen,8,12,2770,0.0,0.0,0.0
2018-19,108823,Bamidele Alli,5,4,1822,0.0,0.0,0.0
2018-19,54756,Victor Wanyama,1,0,511,0.0,0.0,0.0
2018-19,85971,Heung-Min Son,12,8,2033,0.0,0.0,0.0
2018-19,157668,Harry Winks,1,0,1589,0.0,0.0,0.0
2018-19,45268,Moussa Sissoko,0,3,2329,0.0,0.0,0.0
2018-19,95715,Lucas Rodrigues Moura da Silva,10,2,2115,0.0,0.0,0.0
2018-19,19760,Fernando Llorente,1,4,681,0.0,0.0,0.0
2018-19,78830,Harry Kane,17,6,2423,0.0,0.0,0.0
2018-19,168566,Georges-Kévin Nkoudou,0,1,4,0.0,0.0,0.0
2018-19,168764,Luke Amos,0,0,2,0.0,0.0,0.0
2018-19,102884,Paulo Gazzaniga,0,0,270,0.0,0.0,0.0
2018-19,175941,Alfie Whiteman,0,0,0,0.0,0.0,0.0
2018-19,209042,Oliver Skipp,0,0,214,0.0,0.0,0.0
2018-19,234908,Juan Foyth,1,0,888,0.0,0.0,0.0
2018-19,209040,Timothy Eyoma,0,0,0,0.0,0.0,0.0
2018-19,198504,Kazaiah Sterling,0,0,0,0.0,0.0,0.0
2018-19,204820,George Marsh,0,0,0,0.0,0.0,0.0
2018-19,165990,Vincent Janssen,0,0,36,0.0,0.0,0.0
2018-19,18656,Heurelho Gomes,0,0,0,0.0,0.0,0.0
2018-19,206882,Pontus Dahlberg,0,0,0,0.0,0.0,0.0
2018-19,37742,Younes Kaboul,0,0,0,0.0,0.0,0.0
2018-19,41338,Craig Cathcart,3,0,3095,0.0,0.0,0.0
2018-19,41945,Sebastian Prödl,0,0,13,0.0,0.0,0.0
2018-19,40868,José Holebas,3,7,2392,0.0,0.0,0.0
2018-19,52153,Miguel Britos,0,0,184,0.0,0.0,0.0
2018-19,85624,Christian Kabasele,0,0,1584,0.0,0.0,0.0
2018-19,52940,Daryl Janmaat,0,2,1520,0.0,0.0,0.0
2018-19,20145,Adrian Mariappa,0,0,1924,0.0,0.0,0.0
2018-19,54484,Francisco Femenía Far,1,1,2043,0.0,0.0,0.0
2018-19,66247,Marvin Zeegelaar,0,0,0,0.0,0.0,0.0
2018-19,220166,Marc Navarro,0,0,84,0.0,0.0,0.0
2018-19,155651,Adam Masina,0,1,1002,0.0,0.0,0.0
2018-19,89085,Nathaniel Chalobah,0,0,265,0.0,0.0,0.0
2018-19,43250,Tom Cleverley,1,0,470,0.0,0.0,0.0
2018-19,38439,Etienne Capoue,1,3,2944,0.0,0.0,0.0
2018-19,121599,Abdoulaye Doucouré,5,7,3061,0.0,0.0,0.0
2018-19,61566,Roberto Pereyra,6,4,2817,0.0,0.0,0.0
2018-19,108413,Will Hughes,2,4,2419,0.0,0.0,0.0
2018-19,94924,Gerard Deulofeu,10,5,2064,0.0,0.0,0.0
2018-19,73426,Andre Gray,7,2,1352,0.0,0.0,0.0
2018-19,41725,Troy Deeney,9,5,2542,0.0,0.0,0.0
2018-19,20046,Stefano Okaka,0,0,22,0.0,0.0,0.0
2018-19,133801,Jerome Sinclair,0,0,0,0.0,0.0,0.0
2018-19,9089,Ben Foster,0,0,3420,0.0,0.0,0.0
2018-19,157775,Ken Sema,1,2,747,0.0,0.0,0.0
2018-19,216058,Domingos Quina,1,0,334,0.0,0.0,0.0
2018-19,173514,Isaac Success Ajayi,1,1,1033,0.0,0.0,0.0
2018-19,241289,Ben Wilmot,0,0,26,0.0,0.0,0.0
2018-19,194401,Adalberto Peñaranda,0,0,0,0.0,0.0,0.0
2018-19,60706,Adrián San Miguel del Castillo,0,0,0,0.0,0.0,0.0
2018-19,37096,Lukasz Fabianski,0,0,3420,0.0,0.0,0.0
2018-19,48717,Winston Reid,0,0,0,0.0,0.0,0.0
2018-19,55459,Aaron Cresswell,0,1,1588,0.0,0.0,0.0
2018-19,40669,Angelo Ogbonna,1,1,1871,0.0,0.0,0.0
2018-19,113564,Sam Byram,0,0,0,0.0,0.0,0.0
2018-19,20658,Pablo Zabaleta,0,1,2089,0.0,0.0,0.0
2018-19,204480,Declan Rice,2,0,3003,0.0,0.0,0.0
2018-19,173792,Reece Oxford,0,0,0,0.0,0.0,0.0
2018-19,81012,Ryan Fredericks,1,0,1084,0.0,0.0,0.0
2018-19,219924,Issa Diop,1,0,2970,0.0,0.0,0.0
2018-19,105717,Arthur Masuaku,0,2,1757,0.0,0.0,0.0
2018-19,18073,Mark Noble,5,5,2289,0.0,0.0,0.0
2018-19,59779,Pedro Obiang,0,2,1116,0.0,0.0,0.0
2018-19,86934,Manuel Lanzini,1,2,685,0.0,0.0,0.0
2018-19,57531,Michail Antonio,6,8,2093,0.0,0.0,0.0
2018-19,163526,Edimilson Fernandes,0,0,0,0.0,0.0,0.0
2018-19,41464,Marko Arnautovic,10,5,1988,0.0,0.0,0.0
2018-19,40142,Andy Carroll,0,0,454,0.0,0.0,0.0
2018-19,43020,Javier Hernández Balcázar,7,4,1326,0.0,0.0,0.0
2018-19,167522,Jordan Hugill,0,0,0,0.0,0.0,0.0
2018-19,54102,Jack Wilshere,0,2,388,0.0,0.0,0.0
2018-19,56377,Andriy Yarmolenko,2,1,456,0.0,0.0,0.0
2018-19,166640,Fabián Balbuena,1,0,2013,0.0,0.0,0.0
2018-19,101537,Felipe Anderson Pereira Gomes,9,6,3045,0.0,0.0,0.0
2018-19,18987,Robert Snodgrass,2,5,2215,0.0,0.0,0.0
2018-19,155851,Lucas Pérez,3,0,465,0.0,0.0,0.0
2018-19,42824,Carlos Sánchez,0,0,240,0.0,0.0,0.0
2018-19,179830,Grady Diangana,0,1,600,0.0,0.0,0.0
2018-19,195860,Joe Powell,0,0,0,0.0,0.0,0.0
2018-19,222017,Conor Coventry,0,0,0,0.0,0.0,0.0
2018-19,209925,Alexandre Nascimento Costa Silva,0,0,17,0.0,0.0,0.0
2018-19,28554,Samir Nasri,0,2,243,0.0,0.0,0.0
2018-19,222018,Ben Johnson,0,0,62,0.0,0.0,0.0
2018-19,183487,Nathan Holland,0,0,0,0.0,0.0,0.0
2018-19,19236,John Ruddy,0,0,90,0.0,0.0,0.0
2018-19,168399,Will Norris,0,0,1,0.0,0.0,0.0
2018-19,90585,Willy Boly,4,0,3168,0.0,0.0,0.0
2018-19,57913,Barry Douglas,0,0,0,0.0,0.0,0.0
2018-19,87835,Matt Doherty,4,7,3141,0.0,0.0,0.0
2018-19,107613,Romain Saïss,2,0,1142,0.0,0.0,0.0
2018-19,41727,Ryan Bennett,1,0,3060,0.0,0.0,0.0
2018-19,77610,Danny Batth,0,0,0,0.0,0.0,0.0
2018-19,67184,Roderick Jefferson Gonçalves Miranda,0,0,0,0.0,0.0,0.0
2018-19,94147,Conor Coady,0,0,3420,0.0,0.0,0.0
2018-19,216054,Rúben Gonçalo Silva Nascimento Vinagre,0,0,703,0.0,0.0,0.0
2018-19,194634,Diogo Jota,9,8,2352,0.0,0.0,0.0
2018-19,171317,Rúben Diogo da Silva Neves,4,3,3006,0.0,0.0,0.0
2018-19,166324,Ivan Cavaleiro,3,1,677,0.0,0.0,0.0
2018-19,165808,Hélder Costa,1,2,1333,0.0,0.0,0.0
2018-19,198847,Bright Enobakhare,0,0,0,0.0,0.0,0.0
2018-19,102057,Raúl Jiménez,13,10,3112,0.0,0.0,0.0
2018-19,141569,Bonatini Lohner Maia Bonatini,0,1,130,0.0,0.0,0.0
2018-19,222531,Morgan Gibbs-White,0,1,645,0.0,0.0,0.0
2018-19,219929,Rafa Mir,0,0,0,0.0,0.0,0.0
2018-19,38533,Rui Pedro dos Santos Patrício,0,0,3330,0.0,0.0,0.0
2018-19,19624,João Filipe Iria Santos Moutinho,1,8,3030,0.0,0.0,0.0
2018-19,114128,Jonathan Castro Otto,1,3,2772,0.0,0.0,0.0
2018-19,159533,Adama Traoré,1,1,884,0.0,0.0,0.0
2018-19,151589,Leander Dendoncker,2,0,1465,0.0,0.0,0.0
2018-19,123354,Kortney Hause,0,0,0,0.0,0.0,0.0
2018-19,232351,Ryan John Giles,0,0,0,0.0,0.0,0.0
2018-19,214048,Max Kilman,0,0,1,0.0,0.0,0.0
2018-19,215409,Cameron John,0,0,0,0.0,0.0,0.0
2019-20,69140,Shkodran Mustafi,0,2,1205,0.0,0.0,0.0
2019-20,98745,Héctor Bellerín,1,0,1156,0.0,0.0,0.0
2019-20,111457,Sead Kolasinac,0,2,1694,0.0,0.0,0.0
2019-20,154043,Ainsley Maitland-Niles,0,2,1382,0.0,0.0,0.0
2019-20,39476,Sokratis Papastathopoulos,2,0,1696,0.0,0.0,0.0
2019-20,38411,Nacho Monreal,0,0,270,0.0,0.0,0.0
2019-20,51507,Laurent Koscielny,0,0,0,0.0,0.0,0.0
2019-20,233963,Konstantinos Mavropanos,0,0,0,0.0,0.0,0.0
2019-20,80254,Carl Jenkinson,0,0,0,0.0,0.0,0.0
2019-20,156074,Rob Holding,0,0,580,0.0,0.0,0.0
2019-20,54694,Pierre-Emerick Aubameyang,22,5,3136,0.0,0.0,0.0
2019-20,59966,Alexandre Lacazette,10,7,1867,0.0,0.0,0.0
2019-20,205533,Edward Nketiah,2,0,628,0.0,0.0,0.0
2019-20,80201,Bernd Leno,0,0,2649,0.0,0.0,0.0
2019-20,37605,Mesut Özil,1,3,1439,0.0,0.0,0.0
2019-20,57249,Henrikh Mkhitaryan,0,0,110,0.0,0.0,0.0
2019-20,84450,Granit Xhaka,1,2,2586,0.0,0.0,0.0
2019-20,198849,Lucas Torreira,1,1,1501,0.0,0.0,0.0
2019-20,153256,Mohamed Elneny,0,0,0,0.0,0.0,0.0
2019-20,242166,Matteo Guendouzi,0,2,1744,0.0,0.0,0.0
2019-20,41270,David Luiz Moreira Marinho,2,1,2809,0.0,0.0,0.0
2019-20,98980,Emiliano Martínez,0,0,770,0.0,0.0,0.0
2019-20,101184,Calum Chambers,1,1,1102,0.0,0.0,0.0
2019-20,182539,Daniel Ceballos Fernández,0,2,1687,0.0,0.0,0.0
2019-20,58822,Cédric Soares,1,1,1553,0.0,0.0,0.0
2019-20,195735,Nicolas Pépé,5,6,2004,0.0,0.0,0.0
2019-20,200641,Reiss Nelson,1,1,622,0.0,0.0,0.0
2019-20,200089,Joseph Willock,1,1,838,0.0,0.0,0.0
2019-20,444145,Gabriel Teodoro Martinelli Silva,3,1,656,0.0,0.0,0.0
2019-20,192895,Kieran Tierney,1,2,986,0.0,0.0,0.0
2019-20,223340,Bukayo Saka,1,6,1746,0.0,0.0,0.0
2019-20,209289,Emile Smith Rowe,0,0,96,0.0,0.0,0.0
2019-20,232233,Tyreece John-Jules,0,0,0,0.0,0.0,0.0
2019-20,92371,Pablo Marí,0,0,113,0.0,0.0,0.0
2019-20,209037,Zech Medley,0,0,0,0.0,0.0,0.0
2019-20,113534,Matt Macey,0,0,0,0.0,0.0,0.0
2019-20,232241,Matthew Smith,0,0,0,0.0,0.0,0.0
2019-20,37339,Ahmed El Mohamady,1,1,1024,0.0,0.0,0.0
2019-20,43252,James Chester,0,0,0,0.0,0.0,0.0
2019-20,47390,Neil Taylor,0,0,1088,0.0,0.0,0.0
2019-20,123354,Kortney Hause,1,0,1544,0.0,0.0,0.0
2019-20,54764,Jonathan Kodjia,0,0,111,0.0,0.0,0.0
2019-20,98770,Ørjan Nyland,0,0,537,0.0,0.0,0.0
2019-20,85242,Conor Hourihane,3,5,1526,0.0,0.0,0.0
2019-20,114283,Jack Grealish,8,7,3233,0.0,0.0,0.0
2019-20,193488,Anwar El Ghazi,4,5,2046,0.0,0.0,0.0
2019-20,122806,John McGinn,3,3,2312,0.0,0.0,0.0
2019-20,174597,Andre Green,0,0,0,0.0,0.0,0.0
2019-20,27770,Birkir Bjarnason,0,0,0,0.0,0.0,0.0
2019-20,221239,Keinan Davis,0,1,534,0.0,0.0,0.0
2019-20,40564,Henri Lansbury,0,0,190,0.0,0.0,0.0
2019-20,89274,José Ignacio Peleteiro Romallo,0,1,329,0.0,0.0,0.0
2019-20,21205,Tom Heaton,0,0,1794,0.0,0.0,0.0
2019-20,61603,Daniel Drinkwater,0,0,317,0.0,0.0,0.0
2019-20,169359,Matt Targett,1,3,2291,0.0,0.0,0.0
2019-20,213345,Wesley Moraes,5,1,1782,0.0,0.0,0.0
2019-20,79852,Jed Steer,0,0,7,0.0,0.0,0.0
2019-20,149484,Tyrone Mings,2,2,2902,0.0,0.0,0.0
2019-20,199798,Ezri Konsa Ngoyo,1,2,2038,0.0,0.0,0.0
2019-20,108156,Bjorn Engels,1,0,1446,0.0,0.0,0.0
2019-20,203368,Frédéric Guilbert,0,2,2038,0.0,0.0,0.0
2019-20,148508,Mahmoud Ahmed Ibrahim Hassan,6,2,1936,0.0,0.0,0.0
2019-20,230046,Douglas Luiz Soares de Paulo,3,2,2604,0.0,0.0,0.0
2019-20,88175,Lovre Kalinic,0,0,0,0.0,0.0,0.0
2019-20,184704,Marvelous Nakamba,0,0,1826,0.0,0.0,0.0
2019-20,223349,Indiana Vassilev,0,0,47,0.0,0.0,0.0
2019-20,8432,José Reina,0,0,1080,0.0,0.0,0.0
2019-20,217487,Mbwana Samatta,1,0,940,0.0,0.0,0.0
2019-20,83091,Borja González Tomás,0,0,16,0.0,0.0,0.0
2019-20,490098,Kaine Hayden,0,0,0,0.0,0.0,0.0
2019-20,56917,Steve Cook,1,0,2427,0.0,0.0,0.0
2019-20,126184,Nathan Aké,2,2,2503,0.0,0.0,0.0
2019-20,41320,Charlie Daniels,0,0,126,0.0,0.0,0.0
2019-20,223911,Chris Mepham,1,0,911,0.0,0.0,0.0
2019-20,15149,Simon Francis,0,0,964,0.0,0.0,0.0
2019-20,54469,Adam Smith,0,1,2055,0.0,0.0,0.0
2019-20,235530,Lloyd Kelly,0,0,638,0.0,0.0,0.0
2019-20,171129,Diego Rico,0,5,2333,0.0,0.0,0.0
2019-20,222434,Jack Simpson,0,0,238,0.0,0.0,0.0
2019-20,75115,Callum Wilson,8,6,2906,0.0,0.0,0.0
2019-20,78007,Joshua King,6,5,2010,0.0,0.0,0.0
2019-20,154566,Dominic Solanke,3,2,1637,0.0,0.0,0.0
2019-20,217331,Sam Surridge,0,0,25,0.0,0.0,0.0
2019-20,40349,Asmir Begovic,0,0,0,0.0,0.0,0.0
2019-20,18726,Artur Boruc,0,0,0,0.0,0.0,0.0
2019-20,229600,Mark Travers,0,0,90,0.0,0.0,0.0
2019-20,90105,Ryan Fraser,1,5,2061,0.0,0.0,0.0
2019-20,111317,David Brooks,1,0,505,0.0,0.0,0.0
2019-20,56872,Junior Stanislas,3,1,706,0.0,0.0,0.0
2019-20,103912,Jordon Ibe,0,0,48,0.0,0.0,0.0
2019-20,155408,Lewis Cook,0,1,1340,0.0,0.0,0.0
2019-20,15237,Andrew Surman,0,0,234,0.0,0.0,0.0
2019-20,40387,Dan Gosling,3,1,1254,0.0,0.0,0.0
2019-20,152551,Jefferson Lerma,1,2,2702,0.0,0.0,0.0
2019-20,154131,Jack Stacey,0,2,1547,0.0,0.0,0.0
2019-20,168991,Philip Billing,1,1,2526,0.0,0.0,0.0
2019-20,220307,Arnaut Danjuma Groeneveld,0,1,625,0.0,0.0,0.0
2019-20,225321,Aaron Ramsdale,0,1,3330,0.0,0.0,0.0
2019-20,153682,Harry Wilson,7,1,1637,0.0,0.0,0.0
2019-20,461017,Christian Saydee,0,0,0,0.0,0.0,0.0
2019-20,444183,Gavin Kilkenny,0,0,0,0.0,0.0,0.0
2019-20,207300,Mihai-Alexandru Dobre,0,0,0,0.0,0.0,0.0
2019-20,61933,Shane Duffy,1,0,1232,0.0,0.0,0.0
2019-20,86153,Martín Montoya,0,1,1892,0.0,0.0,0.0
2019-20,209362,Bernardo Fernandes da Silva Junior,0,0,675,0.0,0.0,0.0
2019-20,52484,Leon Balogun,0,0,0,0.0,0.0,0.0
2019-20,42748,Gaëtan Bong,0,0,57,0.0,0.0,0.0
2019-20,83299,Lewis Dunk,3,3,3230,0.0,0.0,0.0
2019-20,178173,Matthew Clarke,0,0,0,0.0,0.0,0.0
2019-20,20529,Glenn Murray,1,1,785,0.0,0.0,0.0
2019-20,106757,Jürgen Locadia,0,0,85,0.0,0.0,0.0
2019-20,93284,Florin Andone,1,0,71,0.0,0.0,0.0
2019-20,131897,Mathew Ryan,0,0,3420,0.0,0.0,0.0
2019-20,50093,David Button,0,0,0,0.0,0.0,0.0
2019-20,60307,Pascal Groß,2,5,1791,0.0,0.0,0.0
2019-20,165210,Alireza Jahanbakhsh,2,1,305,0.0,0.0,0.0
2019-20,167473,José Heriberto Izquierdo Mena,0,0,0,0.0,0.0,0.0
2019-20,83543,Anthony Knockaert,0,0,0,0.0,0.0,0.0
2019-20,227127,Yves Bissouma,1,0,1253,0.0,0.0,0.0
2019-20,66242,Davy Pröpper,1,2,2826,0.0,0.0,0.0
2019-20,109345,Solomon March,0,1,1139,0.0,0.0,0.0
2019-20,38490,Beram Kayal,0,0,0,0.0,0.0,0.0
2019-20,40845,Dale Stephens,0,1,2525,0.0,0.0,0.0
2019-20,116216,Leandro Trossard,5,5,2004,0.0,0.0,0.0
2019-20,78916,Dan Burn,0,0,2879,0.0,0.0,0.0
2019-20,110735,Adam Webster,3,1,2668,0.0,0.0,0.0
2019-20,115382,Neal Maupay,10,3,2763,0.0,0.0,0.0
2019-20,74471,Aaron Mooy,2,2,2079,0.0,0.0,0.0
2019-20,233425,Aaron Connolly,3,3,1250,0.0,0.0,0.0
2019-20,213056,Tudor Baluta,0,0,0,0.0,0.0,0.0
2019-20,235382,Steven Alzate,0,0,1181,0.0,0.0,0.0
2019-20,74375,Ezequiel Schelotto,0,0,357,0.0,0.0,0.0
2019-20,232792,Tariq Lamptey,0,1,619,0.0,0.0,0.0
2019-20,243016,Alexis Mac Allister,0,0,348,0.0,0.0,0.0
2019-20,215066,Alex Cochrane,0,0,0,0.0,0.0,0.0
2019-20,51927,Ben Mee,1,2,2880,0.0,0.0,0.0
2019-20,17761,James Tarkowski,2,3,3420,0.0,0.0,0.0
2019-20,68983,Matthew Lowton,0,1,1530,0.0,0.0,0.0
2019-20,17997,Phil Bardsley,0,2,1890,0.0,0.0,0.0
2019-20,103914,Charlie Taylor,0,1,1944,0.0,0.0,0.0
2019-20,41674,Kevin Long,0,0,562,0.0,0.0,0.0
2019-20,83312,Ben Gibson,0,0,0,0.0,0.0,0.0
2019-20,44699,Ashley Barnes,6,0,1350,0.0,0.0,0.0
2019-20,60689,Chris Wood,14,1,2436,0.0,0.0,0.0
2019-20,81183,Matej Vydra,2,1,807,0.0,0.0,0.0
2019-20,98747,Nick Pope,0,0,3420,0.0,0.0,0.0
2019-20,15749,Joe Hart,0,0,0,0.0,0.0,0.0
2019-20,60586,Johann Berg Gudmundsson,1,1,617,0.0,0.0,0.0
2019-20,433154,Dwight McNeil,2,7,3339,0.0,0.0,0.0
2019-20,90517,Robbie Brady,1,2,445,0.0,0.0,0.0
2019-20,39847,Steven Defour,0,0,0,0.0,0.0,0.0
2019-20,83314,Jeff Hendrick,2,2,1930,0.0,0.0,0.0
2019-20,60551,Ashley Westwood,2,7,3150,0.0,0.0,0.0
2019-20,40145,Jack Cork,0,0,2614,0.0,0.0,0.0
2019-20,17349,Aaron Lennon,0,0,485,0.0,0.0,0.0
2019-20,39487,Erik Pieters,0,5,1876,0.0,0.0,0.0
2019-20,44683,Jay Rodriguez,8,2,2002,0.0,0.0,0.0
2019-20,220037,Bailey Peacock-Farrell,0,0,0,0.0,0.0,0.0
2019-20,195064,Mace Goodridge,0,0,0,0.0,0.0,0.0
2019-20,195471,Anthony Driscoll-Glennon,0,0,0,0.0,0.0,0.0
2019-20,432793,Abd-Al-Ali Morakinyo Olaposi Koiki,0,0,0,0.0,0.0,0.0
2019-20,172782,Josh Brownhill,0,0,805,0.0,0.0,0.0
2019-20,218023,Jimmy Dunne,0,0,0,0.0,0.0,0.0
2019-20,461102,Bobby Thomas,0,0,0,0.0,0.0,0.0
2019-20,461450,Max Thompson,0,0,2,0.0,0.0,0.0
2019-20,449974,Lukas Jensen,0,0,0,0.0,0.0,0.0
2019-20,217401,Josh Benson,0,0,0,0.0,0.0,0.0
2019-20,430367,Joel Mumbongo,0,0,0,0.0,0.0,0.0
2019-20,82263,Marcos Alonso,4,4,1429,0.0,0.0,0.0
2019-20,102380,Antonio Rüdiger,2,0,1710,0.0,0.0,0.0
2019-20,41328,César Azpilicueta,2,6,3229,0.0,0.0,0.0
2019-20,109533,Emerson Palmieri dos Santos,0,0,1022,0.0,0.0,0.0
2019-20,135363,Andreas Christensen,0,0,1751,0.0,0.0,0.0
2019-20,105700,Davide Zappacosta,0,0,0,0.0,0.0,0.0
2019-20,44346,Olivier Giroud,8,1,988,0.0,0.0,0.0
2019-20,109745,Kepa Arrizabalaga,0,0,2970,0.0,0.0,0.0
2019-20,20310,Willy Caballero,0,0,450,0.0,0.0,0.0
2019-20,47431,Willian Borges Da Silva,9,9,2595,0.0,0.0,0.0
2019-20,49579,Pedro Rodríguez Ledesma,1,2,659,0.0,0.0,0.0
2019-20,126187,Ruben Loftus-Cheek,0,1,203,0.0,0.0,0.0
2019-20,209046,Callum Hudson-Odoi,1,5,849,0.0,0.0,0.0
2019-20,88894,Ross Barkley,1,5,1095,0.0,0.0,0.0
2019-20,85955,Jorge Luiz Frello Filho,4,3,2376,0.0,0.0,0.0
2019-20,116594,N'Golo Kanté,3,0,1730,0.0,0.0,0.0
2019-20,199598,Ethan Ampadu,0,0,0,0.0,0.0,0.0
2019-20,176413,Christian Pulisic,9,8,1717,0.0,0.0,0.0
2019-20,91651,Mateo Kovacic,1,3,2065,0.0,0.0,0.0
2019-20,103192,Kurt Zouma,0,0,2343,0.0,0.0,0.0
2019-20,173879,Tammy Abraham,15,6,2206,0.0,0.0,0.0
2019-20,94245,Michy Batshuayi,1,2,224,0.0,0.0,0.0
2019-20,167767,Robert Kenedy Nunes do Nascimento,0,0,0,0.0,0.0,0.0
2019-20,184341,Mason Mount,7,6,2865,0.0,0.0,0.0
2019-20,225796,Reece James,0,2,1510,0.0,0.0,0.0
2019-20,194794,Fikayo Tomori,1,0,1291,0.0,0.0,0.0
2019-20,243568,Billy Gilmour,0,0,191,0.0,0.0,0.0
2019-20,209036,Addji Keaninkin Marc-Israel Guehi,0,0,0,0.0,0.0,0.0
2019-20,223332,Faustino Anjorin,0,0,19,0.0,0.0,0.0
2019-20,440323,Armando Broja,0,0,4,0.0,0.0,0.0
2019-20,450529,Lewis Bate,0,0,0,0.0,0.0,0.0
2019-20,74230,Patrick van Aanholt,3,2,2507,0.0,0.0,0.0
2019-20,49413,James Tomkins,1,1,1582,0.0,0.0,0.0
2019-20,40784,Mamadou Sakho,0,0,929,0.0,0.0,0.0
2019-20,55494,Joel Ward,0,1,2380,0.0,0.0,0.0
2019-20,19188,Scott Dann,0,1,1264,0.0,0.0,0.0
2019-20,58786,Martin Kelly,0,1,1547,0.0,0.0,0.0
2019-20,54861,Christian Benteke,2,1,1252,0.0,0.0,0.0
2019-20,59125,Connor Wickham,1,1,90,0.0,0.0,0.0
2019-20,40836,Vicente Guaita,0,0,3150,0.0,0.0,0.0
2019-20,20066,Wayne Hennessey,0,0,270,0.0,0.0,0.0
2019-20,82403,Wilfried Zaha,4,6,3279,0.0,0.0,0.0
2019-20,66975,Luka Milivojevic,3,1,2510,0.0,0.0,0.0
2019-20,60252,Andros Townsend,1,1,1284,0.0,0.0,0.0
2019-20,141020,Max Meyer,0,0,645,0.0,0.0,0.0
2019-20,86417,Jeffrey Schlupp,3,1,1030,0.0,0.0,0.0
2019-20,50471,James McArthur,0,4,3091,0.0,0.0,0.0
2019-20,55037,Cheikhou Kouyaté,1,2,2524,0.0,0.0,0.0
2019-20,221275,Luke Dreher,0,0,0,0.0,0.0,0.0
2019-20,50472,James McCarthy,0,0,1668,0.0,0.0,0.0
2019-20,80146,Jordan Ayew,9,3,3148,0.0,0.0,0.0
2019-20,19419,Gary Cahill,0,1,2167,0.0,0.0,0.0
2019-20,175946,Víctor Camarasa,0,0,5,0.0,0.0,0.0
2019-20,173954,Jairo Riedewald,0,0,761,0.0,0.0,0.0
2019-20,42525,Stephen Henderson,0,0,0,0.0,0.0,0.0
2019-20,221272,Sam Woods,0,0,0,0.0,0.0,0.0
2019-20,244723,Tyrick Mitchell,0,0,193,0.0,0.0,0.0
2019-20,466955,Brandon Pierrick,0,0,13,0.0,0.0,0.0
2019-20,432705,James Daly,0,0,0,0.0,0.0,0.0
2019-20,209043,Nya Kirby,0,0,0,0.0,0.0,0.0
2019-20,234720,Giovanni McGregor,0,0,0,0.0,0.0,0.0
2019-20,235599,Nikola Tavares,0,0,0,0.0,0.0,0.0
2019-20,461382,John-Kymani Gordon,0,0,0,0.0,0.0,0.0
2019-20,153133,Alex Iwobi,1,0,1591,0.0,0.0,0.0
2019-20,101188,Lucas Digne,0,8,3031,0.0,0.0,0.0
2019-20,164511,Yerry Mina,2,1,2281,0.0,0.0,0.0
2019-20,106611,Michael Keane,2,0,2556,0.0,0.0,0.0
2019-20,59949,Seamus Coleman,0,1,1833,0.0,0.0,0.0
2019-20,12745,Leighton Baines,0,1,400,0.0,0.0,0.0
2019-20,66838,Cenk Tosun,2,0,462,0.0,0.0,0.0
2019-20,177815,Dominic Calvert-Lewin,13,1,2621,0.0,0.0,0.0
2019-20,111234,Jordan Pickford,0,0,3420,0.0,0.0,0.0
2019-20,10318,Maarten Stekelenburg,0,0,0,0.0,0.0,0.0
2019-20,212319,Richarlison de Andrade,13,5,3070,0.0,0.0,0.0
2019-20,55422,Gylfi Sigurdsson,2,4,2555,0.0,0.0,0.0
2019-20,100649,Bernard Anício Caldeira Duarte,3,2,1269,0.0,0.0,0.0
2019-20,20467,Theo Walcott,2,4,1281,0.0,0.0,0.0
2019-20,173807,Tom Davies,1,1,2020,0.0,0.0,0.0
2019-20,219352,Ademola Lookman,0,0,0,0.0,0.0,0.0
2019-20,80801,Idrissa Gueye,0,0,0,0.0,0.0,0.0
2019-20,42774,Morgan Schneiderlin,0,0,998,0.0,0.0,0.0
2019-20,41823,Fabian Delph,0,0,1187,0.0,0.0,0.0
2019-20,120250,André Filipe Tavares Gomes,0,1,1457,0.0,0.0,0.0
2019-20,232964,Lewis Gibson,0,0,0,0.0,0.0,0.0
2019-20,194164,Mason Holgate,0,4,2052,0.0,0.0,0.0
2019-20,57513,Jonas Lössl,0,0,0,0.0,0.0,0.0
2019-20,242058,Moise Kean,2,2,830,0.0,0.0,0.0
2019-20,160987,Jean-Philippe Gbamin,0,0,135,0.0,0.0,0.0
2019-20,102747,Djibril Sidibé,0,4,1818,0.0,0.0,0.0
2019-20,195855,Beni Baningime,0,0,0,0.0,0.0,0.0
2019-20,232826,Anthony Gordon,0,1,436,0.0,0.0,0.0
2019-20,113688,Oumar Niasse,0,0,19,0.0,0.0,0.0
2019-20,56192,Rhu-endly Martina,0,0,0,0.0,0.0,0.0
2019-20,222627,João Manuel Neves Virgínia,0,0,0,0.0,0.0,0.0
2019-20,480455,Jarrad Branthwaite,0,0,299,0.0,0.0,0.0
2019-20,218997,Ellis Simms,0,0,0,0.0,0.0,0.0
2019-20,111931,Ricardo Domingos Barbosa Pereira,3,2,2520,0.0,0.0,0.0
2019-20,172850,Benjamin Chilwell,3,3,2374,0.0,0.0,0.0
2019-20,37642,Jonny Evans,1,2,3384,0.0,0.0,0.0
2019-20,37402,Christian Fuchs,0,0,770,0.0,0.0,0.0
2019-20,218031,Çaglar Söyüncü,1,1,3036,0.0,0.0,0.0
2019-20,15033,Wes Morgan,0,0,430,0.0,0.0,0.0
2019-20,101668,Jamie Vardy,23,7,3032,0.0,0.0,0.0
2019-20,173515,Kelechi Iheanacho,5,4,953,0.0,0.0,0.0
2019-20,17745,Kasper Schmeichel,0,0,3420,0.0,0.0,0.0
2019-20,11974,Eldin Jakupovic,0,0,0,0.0,0.0,0.0
2019-20,95463,Danny Ward,0,0,0,0.0,0.0,0.0
2019-20,172780,James Maddison,6,5,2624,0.0,0.0,0.0
2019-20,201666,Harvey Barnes,6,10,2075,0.0,0.0,0.0
2019-20,115858,Rachid Ghezzal,0,0,0,0.0,0.0,0.0
2019-20,51938,Marc Albrighton,0,3,857,0.0,0.0,0.0
2019-20,172632,Demarai Gray,2,4,605,0.0,0.0,0.0
2019-20,203341,Wilfred Ndidi,2,1,2671,0.0,0.0,0.0
2019-20,61604,Matty James,0,0,5,0.0,0.0,0.0
2019-20,155569,Daniel Amartey,0,0,0,0.0,0.0,0.0
2019-20,86881,Nampalys Mendy,0,0,288,0.0,0.0,0.0
2019-20,197469,Hamza Choudhury,1,1,883,0.0,0.0,0.0
2019-20,168580,Ayoze Pérez,8,5,1998,0.0,0.0,0.0
2019-20,41727,Ryan Bennett,0,0,932,0.0,0.0,0.0
2019-20,220627,James Justin,0,1,1010,0.0,0.0,0.0
2019-20,166989,Youri Tielemans,3,6,2823,0.0,0.0,0.0
2019-20,13152,Andy King,0,0,0,0.0,0.0,0.0
2019-20,106837,Dennis Praet,1,3,1122,0.0,0.0,0.0
2019-20,213405,Filip Benkovic,0,0,0,0.0,0.0,0.0
2019-20,244619,Luke Thomas,0,1,267,0.0,0.0,0.0
2019-20,222625,George Hirst,0,0,9,0.0,0.0,0.0
2019-20,173810,Darnell Johnson,0,0,0,0.0,0.0,0.0
2019-20,122798,Andrew Robertson,2,12,3111,0.0,0.0,0.0
2019-20,169187,Trent Alexander-Arnold,4,15,3173,0.0,0.0,0.0
2019-20,97032,Virgil van Dijk,5,2,3420,0.0,0.0,0.0
2019-20,171287,Joseph Gomez,0,0,1999,0.0,0.0,0.0
2019-20,60914,Joel Matip,1,0,703,0.0,0.0,0.0
2019-20,38454,Dejan Lovren,0,1,776,0.0,0.0,0.0
2019-20,92217,Roberto Firmino,9,9,2985,0.0,0.0,0.0
2019-20,152760,Divock Origi,4,3,699,0.0,0.0,0.0
2019-20,116535,Alisson Ramses Becker,0,1,2543,0.0,0.0,0.0
2019-20,66797,Simon Mignolet,0,0,0,0.0,0.0,0.0
2019-20,118748,Mohamed Salah,19,10,2879,0.0,0.0,0.0
2019-20,110979,Sadio Mané,18,10,2745,0.0,0.0,0.0
2019-20,81880,Alex Oxlade-Chamberlain,4,1,1475,0.0,0.0,0.0
2019-20,68312,Xherdan Shaqiri,1,0,181,0.0,0.0,0.0
2019-20,39155,Adam Lallana,1,1,371,0.0,0.0,0.0
2019-20,175592,Naby Keita,2,3,806,0.0,0.0,0.0
2019-20,116643,Fabio Henrique Tavares,2,3,2073,0.0,0.0,0.0
2019-20,56979,Jordan Henderson,4,5,2234,0.0,0.0,0.0
2019-20,41733,Georginio Wijnaldum,4,0,2933,0.0,0.0,0.0
2019-20,15157,James Milner,2,2,924,0.0,0.0,0.0
2019-20,217989,Rafael Camacho,0,0,0,0.0,0.0,0.0
2019-20,195473,Rhian Brewster,0,0,0,0.0,0.0,0.0
2019-20,60706,Adrián San Miguel del Castillo,0,0,873,0.0,0.0,0.0
2019-20,11948,Andy Lonergan,0,0,0,0.0,0.0,0.0
2019-20,200720,Caoimhin Kelleher,0,0,0,0.0,0.0,0.0
2019-20,444884,Harvey Elliott,0,0,7,0.0,0.0,0.0
2019-20,206915,Curtis Jones,1,0,121,0.0,0.0,0.0
2019-20,215136,Neco Williams,0,0,228,0.0,0.0,0.0
2019-20,197464,Nathaniel Phillips,0,0,0,0.0,0.0,0.0
2019-20,157882,Takumi Minamino,0,0,241,0.0,0.0,0.0
2019-20,441271,Ki-Jana Hoever,0,0,0,0.0,0.0,0.0
2019-20,146941,Aymeric Laporte,1,0,1096,0.0,0.0,0.0
2019-20,58621,Kyle Walker,1,4,2392,0.0,0.0,0.0
2019-20,102826,Benjamin Mendy,0,2,1491,0.0,0.0,0.0
2019-20,206325,Oleksandr Zinchenko,0,0,1271,0.0,0.0,0.0
2019-20,97299,John Stones,0,0,1118,0.0,0.0,0.0
2019-20,57410,Nicolás Otamendi,2,1,1710,0.0,0.0,0.0
2019-20,100180,Danilo Luiz da Silva,0,0,0,0.0,0.0,0.0
2019-20,37572,Sergio Agüero,16,6,1449,0.0,0.0,0.0
2019-20,205651,Gabriel Fernando de Jesus,14,8,2018,0.0,0.0,0.0
2019-20,121160,Ederson Santana de Moraes,0,0,3071,0.0,0.0,0.0
2019-20,33148,Claudio Bravo,0,0,346,0.0,0.0,0.0
2019-20,103955,Raheem Sterling,20,6,2651,0.0,0.0,0.0
2019-20,61366,Kevin De Bruyne,13,23,2790,0.0,0.0,0.0
2019-20,182156,Leroy Sané,0,0,11,0.0,0.0,0.0
2019-20,103025,Riyad Mahrez,11,14,1934,0.0,0.0,0.0
2019-20,165809,Bernardo Mota Veiga de Carvalho e Silva,6,7,2021,0.0,0.0,0.0
2019-20,20664,David Silva,6,12,1821,0.0,0.0,0.0
2019-20,209244,Phil Foden,5,2,888,0.0,0.0,0.0
2019-20,27789,Fernando Luiz Rosa,0,1,2394,0.0,0.0,0.0
2019-20,59859,Ilkay Gündogan,2,1,2012,0.0,0.0,0.0
2019-20,145235,José Ángel Esmorís Tasende,0,1,422,0.0,0.0,0.0
2019-20,220566,Rodrigo Hernandez,3,2,2480,0.0,0.0,0.0
2019-20,121145,João Pedro Cavaco Cancelo,0,0,1205,0.0,0.0,0.0
2019-20,432656,Eric Garcia,0,0,790,0.0,0.0,0.0
2019-20,17601,Scott Carson,0,0,0,0.0,0.0,0.0
2019-20,245719,Taylor Harwood-Bellis,0,0,0,0.0,0.0,0.0
2019-20,244851,Cole Palmer,0,0,0,0.0,0.0,0.0
2019-20,220394,Tommy Doyle,0,0,15,0.0,0.0,0.0
2019-20,214590,Aaron Wan-Bissaka,0,4,3070,0.0,0.0,0.0
2019-20,95658,Harry Maguire,1,0,3420,0.0,0.0,0.0
2019-20,55909,Chris Smalling,0,0,0,0.0,0.0,0.0
2019-20,18892,Ashley Young,0,0,953,0.0,0.0,0.0
2019-20,184667,Victor Lindelöf,1,0,3092,0.0,0.0,0.0
2019-20,106760,Luke Shaw,0,0,1730,0.0,0.0,0.0
2019-20,58893,Marcos Rojo,0,0,121,0.0,0.0,0.0
2019-20,197365,Eric Bailly,0,0,148,0.0,0.0,0.0
2019-20,216051,José Diogo Dalot Teixeira,0,0,65,0.0,0.0,0.0
2019-20,40002,Matteo Darmian,0,0,0,0.0,0.0,0.0
2019-20,76359,Phil Jones,0,0,135,0.0,0.0,0.0
2019-20,66749,Romelu Lukaku,0,0,0,0.0,0.0,0.0
2019-20,176297,Marcus Rashford,17,8,2645,0.0,0.0,0.0
2019-20,220688,Mason Greenwood,10,1,1303,0.0,0.0,0.0
2019-20,51940,David de Gea,0,0,3420,0.0,0.0,0.0
2019-20,42899,Sergio Romero,0,0,0,0.0,0.0,0.0
2019-20,6744,Lee Grant,0,0,0,0.0,0.0,0.0
2019-20,74208,Paul Pogba,1,4,1202,0.0,0.0,0.0
2019-20,148225,Anthony Martial,17,9,2625,0.0,0.0,0.0
2019-20,37265,Alexis Sánchez,0,0,0,0.0,0.0,0.0
2019-20,109322,Jesse Lingard,1,0,923,0.0,0.0,0.0
2019-20,43670,Juan Mata,0,2,747,0.0,0.0,0.0
2019-20,200617,Daniel James,3,6,2281,0.0,0.0,0.0
2019-20,101582,Frederico Rodrigues de Paula Santos,0,0,2157,0.0,0.0,0.0
2019-20,209041,Angel Gomes,0,0,19,0.0,0.0,0.0
2019-20,156689,Andreas Pereira,1,3,1478,0.0,0.0,0.0
2019-20,62398,Nemanja Matic,0,2,1578,0.0,0.0,0.0
2019-20,195851,Scott McTominay,3,2,1765,0.0,0.0,0.0
2019-20,222677,Tahith Chong,0,0,34,0.0,0.0,0.0
2019-20,232928,James Garner,0,0,8,0.0,0.0,0.0
2019-20,180804,Axel Tuanzebe,0,0,187,0.0,0.0,0.0
2019-20,232937,Brandon Williams,1,1,1003,0.0,0.0,0.0
2019-20,141746,Bruno Miguel Borges Fernandes,8,8,1187,0.0,0.0,0.0
2019-20,58498,Odion Ighalo,0,0,92,0.0,0.0,0.0
2019-20,201084,Timothy Fosu-Mensah,0,0,136,0.0,0.0,0.0
2019-20,56983,Matt Ritchie,2,1,1312,0.0,0.0,0.0
2019-20,119471,Fabian Schär,2,1,1669,0.0,0.0,0.0
2019-20,151119,DeAndre Yedlin,1,0,934,0.0,0.0,0.0
2019-20,57145,Federico Fernández,2,3,2617,0.0,0.0,0.0
2019-20,106618,Paul Dummett,0,0,1227,0.0,0.0,0.0
2019-20,109528,Javier Manquillo,0,1,1597,0.0,0.0,0.0
2019-20,77359,Florian Lejeune,2,0,440,0.0,0.0,0.0
2019-20,101148,Jamaal Lascelles,1,0,2076,0.0,0.0,0.0
2019-20,58845,Ciaran Clark,2,0,1186,0.0,0.0,0.0
2019-20,196118,Yoshinori Muto,0,0,207,0.0,0.0,0.0
2019-20,61316,Jose Luis Mato Sanmartín,0,0,0,0.0,0.0,0.0
2019-20,67089,Martin Dubravka,0,0,3420,0.0,0.0,0.0
2019-20,59735,Karl Darlow,0,0,0,0.0,0.0,0.0
2019-20,155503,Frederick Woodman,0,0,0,0.0,0.0,0.0
2019-20,179018,Miguel Almirón,4,2,3020,0.0,0.0,0.0
2019-20,104953,Christian Atsu,0,3,738,0.0,0.0,0.0
2019-20,76542,Sung-yueng Ki,0,0,135,0.0,0.0,0.0
2019-20,50232,Jonjo Shelvey,6,2,2118,0.0,0.0,0.0
2019-20,180135,Sean Longstaff,1,2,1370,0.0,0.0,0.0
2019-20,153127,Isaac Hayden,1,4,2220,0.0,0.0,0.0
2019-20,38290,Danny Rose,0,0,1753,0.0,0.0,0.0
2019-20,180974,Joelinton Cássio Apolinário de Lira,2,2,2678,0.0,0.0,0.0
2019-20,58771,Jack Colback,0,0,0,0.0,0.0,0.0
2019-20,114243,Jacob Murphy,0,0,0,0.0,0.0,0.0
2019-20,92159,Jetro Willems,2,2,1492,0.0,0.0,0.0
2019-20,155513,Rolando Aarons,0,0,0,0.0,0.0,0.0
2019-20,170137,Allan Saint-Maximin,3,5,1860,0.0,0.0,0.0
2019-20,111773,Emil Krafth,0,1,1015,0.0,0.0,0.0
2019-20,40142,Andy Carroll,0,4,617,0.0,0.0,0.0
2019-20,223175,Matthew Longstaff,2,0,572,0.0,0.0,0.0
2019-20,104547,Dwight Gayle,4,2,842,0.0,0.0,0.0
2019-20,19838,Robert Elliot,0,0,0,0.0,0.0,0.0
2019-20,232957,Thomas Allan,0,0,0,0.0,0.0,0.0
2019-20,232977,Kelland Watts,0,0,16,0.0,0.0,0.0
2019-20,156069,Liam Gibson,0,0,0,0.0,0.0,0.0
2019-20,126407,Nabil Bentaleb,0,0,747,0.0,0.0,0.0
2019-20,116543,Valentino Lazaro,1,0,472,0.0,0.0,0.0
2019-20,232979,Jack Young,0,0,0,0.0,0.0,0.0
2019-20,84384,Timm Klose,0,0,585,0.0,0.0,0.0
2019-20,198826,Ben Godfrey,0,0,2644,0.0,0.0,0.0
2019-20,232980,Maximillian Aarons,0,2,3240,0.0,0.0,0.0
2019-20,192303,Christoph Zimmermann,0,1,1430,0.0,0.0,0.0
2019-20,194799,Jamal Lewis,1,0,2301,0.0,0.0,0.0
2019-20,83428,Grant Hanley,0,0,1261,0.0,0.0,0.0
2019-20,57127,Teemu Pukki,11,3,2884,0.0,0.0,0.0
2019-20,179587,Dennis Srbeny,1,0,41,0.0,0.0,0.0
2019-20,20480,Tim Krul,0,0,3240,0.0,0.0,0.0
2019-20,18499,Michael McGovern,0,0,158,0.0,0.0,0.0
2019-20,37614,Mario Vrancic,1,0,624,0.0,0.0,0.0
2019-20,195546,Emiliano Buendía,1,7,2458,0.0,0.0,0.0
2019-20,89470,Onel Hernández,1,2,1374,0.0,0.0,0.0
2019-20,71738,Marco Stiepermann,0,0,1173,0.0,0.0,0.0
2019-20,78607,Kenny McLean,1,1,2965,0.0,0.0,0.0
2019-20,193111,Todd Cantwell,6,2,2484,0.0,0.0,0.0
2019-20,87396,Moritz Leitner,0,0,683,0.0,0.0,0.0
2019-20,18665,Alexander Tettey,1,1,2339,0.0,0.0,0.0
2019-20,90440,Tom Trybull,0,0,1128,0.0,0.0,0.0
2019-20,81048,Josip Drmic,1,0,636,0.0,0.0,0.0
2019-20,124165,Patrick Roberts,0,0,24,0.0,0.0,0.0
2019-20,28082,Ralf Fahrmann,0,0,21,0.0,0.0,0.0
2019-20,113564,Sam Byram,0,0,1292,0.0,0.0,0.0
2019-20,101061,Philip Heise,0,0,0,0.0,0.0,0.0
2019-20,128348,Ibrahim Amadou,0,0,756,0.0,0.0,0.0
2019-20,432735,Adam Idah,0,0,219,0.0,0.0,0.0
2019-20,233849,Archie Mair,0,0,0,0.0,0.0,0.0
2019-20,232667,Akin Famewo,0,0,1,0.0,0.0,0.0
2019-20,139110,Ondrej Duda,0,1,723,0.0,0.0,0.0
2019-20,76306,Lukas Rupp,0,0,692,0.0,0.0,0.0
2019-20,439485,Josh Martin,0,0,32,0.0,0.0,0.0
2019-20,444253,Jordan Thomas,0,0,1,0.0,0.0,0.0
2019-20,431924,Daniel Adshead,0,0,0,0.0,0.0,0.0
2019-20,178304,Lys Mousset,6,4,1223,0.0,0.0,0.0
2019-20,63426,Enda Stevens,2,4,3345,0.0,0.0,0.0
2019-20,87121,Kieron Freeman,0,0,6,0.0,0.0,0.0
2019-20,146610,Jack O'Connell,0,1,2915,0.0,0.0,0.0
2019-20,82691,George Baldock,2,4,3420,0.0,0.0,0.0
2019-20,108416,John Egan,2,1,3187,0.0,0.0,0.0
2019-20,18832,Richard Stearman,0,0,0,0.0,0.0,0.0
2019-20,153723,John Lundstram,5,4,2452,0.0,0.0,0.0
2019-20,18867,Billy Sharp,3,2,1037,0.0,0.0,0.0
2019-20,213280,Jake Eastwood,0,0,0,0.0,0.0,0.0
2019-20,59614,Mark Duffy,0,0,0,0.0,0.0,0.0
2019-20,47247,John Fleck,5,2,2515,0.0,0.0,0.0
2019-20,79934,Oliver Norwood,1,3,3089,0.0,0.0,0.0
2019-20,27436,David McGoldrick,2,2,1810,0.0,0.0,0.0
2019-20,40386,Chris Basham,0,1,3242,0.0,0.0,0.0
2019-20,74854,Simon Moore,0,0,180,0.0,0.0,0.0
2019-20,49083,Luke Freeman,0,0,360,0.0,0.0,0.0
2019-20,7645,Phil Jagielka,0,0,240,0.0,0.0,0.0
2019-20,171975,Callum Robinson,1,2,669,0.0,0.0,0.0
2019-20,90518,Ravel Morrison,0,0,12,0.0,0.0,0.0
2019-20,172649,Dean Henderson,0,1,3240,0.0,0.0,0.0
2019-20,167878,Ben Osborn,0,0,590,0.0,0.0,0.0
2019-20,169432,Oliver McBurnie,6,1,2105,0.0,0.0,0.0
2019-20,194126,Michael Verrips,0,0,0,0.0,0.0,0.0
2019-20,87447,Muhamed Bešić,0,0,243,0.0,0.0,0.0
2019-20,18440,Leon Clarke,0,0,33,0.0,0.0,0.0
2019-20,49384,Jack Rodwell,0,0,15,0.0,0.0,0.0
2019-20,83427,Jack Robinson,0,0,504,0.0,0.0,0.0
2019-20,207189,Sander Berge,1,1,943,0.0,0.0,0.0
2019-20,147612,Richairo Zivkovic,0,0,107,0.0,0.0,0.0
2019-20,222786,Panagiotis Retsos,0,0,0,0.0,0.0,0.0
2019-20,93100,Jannik Vestergaard,1,0,1496,0.0,0.0,0.0
2019-20,40146,Ryan Bertrand,1,1,2742,0.0,0.0,0.0
2019-20,213482,Yan Valery,0,1,778,0.0,0.0,0.0
2019-20,171771,Jan Bednarek,1,1,3057,0.0,0.0,0.0
2019-20,88900,Jack Stephens,1,3,2451,0.0,0.0,0.0
2019-20,80447,Maya Yoshida,0,0,558,0.0,0.0,0.0
2019-20,232797,Kayne Ramsay,0,0,0,0.0,0.0,0.0
2019-20,78356,Charlie Austin,0,0,0,0.0,0.0,0.0
2019-20,84939,Danny Ings,22,2,2800,0.0,0.0,0.0
2019-20,220598,Michael Obafemi,3,2,655,0.0,0.0,0.0
2019-20,20452,Shane Long,2,3,1386,0.0,0.0,0.0
2019-20,153371,Sam Gallagher,0,0,0,0.0,0.0,0.0
2019-20,40383,Fraser Forster,0,0,0,0.0,0.0,0.0
2019-20,58376,Alex McCarthy,0,0,2520,0.0,0.0,0.0
2019-20,107265,Angus Gunn,0,0,900,0.0,0.0,0.0
2019-20,83283,Nathan Redmond,4,4,2763,0.0,0.0,0.0
2019-20,101178,James Ward-Prowse,5,4,3420,0.0,0.0,0.0
2019-20,96787,Mohamed Elyounoussi,0,0,0,0.0,0.0,0.0
2019-20,91047,Stuart Armstrong,5,4,1706,0.0,0.0,0.0
2019-20,151086,Mario Lemina,0,0,0,0.0,0.0,0.0
2019-20,132015,Pierre-Emile Højbjerg,0,3,2750,0.0,0.0,0.0
2019-20,204481,Tyreke Johnson,0,0,0,0.0,0.0,0.0
2019-20,193109,Callum Slattery,0,0,0,0.0,0.0,0.0
2019-20,78056,Oriol Romeu Vidal,0,0,1855,0.0,0.0,0.0
2019-20,158534,Kyle Walker-Peters,0,1,944,0.0,0.0,0.0
2019-20,200439,Che Adams,4,4,1095,0.0,0.0,0.0
2019-20,431131,Moussa Djenepo,2,2,920,0.0,0.0,0.0
2019-20,167075,Wesley Hoedt,0,0,0,0.0,0.0,0.0
2019-20,128198,Sofiane Boufal,0,3,753,0.0,0.0,0.0
2019-20,135720,Kevin Danso,0,1,275,0.0,0.0,0.0
2019-20,200088,Daniel N'Lundulu,0,0,0,0.0,0.0,0.0
2019-20,198044,Harry Lewis,0,0,0,0.0,0.0,0.0
2019-20,214466,William Smallbone,0,2,389,0.0,0.0,0.0
2019-20,203389,Nathan Tella,0,0,2,0.0,0.0,0.0
2019-20,214470,Jake Vokins,0,0,90,0.0,0.0,0.0
2019-20,449781,Alexandre Jankewitz,0,0,0,0.0,0.0,0.0
2019-20,422306,Will Ferry,0,0,0,0.0,0.0,0.0
2019-20,174590,Jacob Maddox,0,0,0,0.0,0.0,0.0
2019-20,115556,Ben Davies,0,0,1430,0.0,0.0,0.0
2019-20,39194,Jan Vertonghen,1,1,1644,0.0,0.0,0.0
2019-20,55605,Toby Alderweireld,2,2,2957,0.0,0.0,0.0
2019-20,173904,Davinson Sánchez,0,2,2431,0.0,0.0,0.0
2019-20,77794,Kieran Trippier,0,0,0,0.0,0.0,0.0
2019-20,234908,Juan Foyth,0,0,66,0.0,0.0,0.0
2019-20,80226,Serge Aurier,1,7,2699,0.0,0.0,0.0
2019-20,78830,Harry Kane,18,2,2588,0.0,0.0,0.0
2019-20,165990,Vincent Janssen,0,0,0,0.0,0.0,0.0
2019-20,37915,Hugo Lloris,0,0,1808,0.0,0.0,0.0
2019-20,102884,Paulo Gazzaniga,0,0,1612,0.0,0.0,0.0
2019-20,85971,Heung-Min Son,11,13,2478,0.0,0.0,0.0
2019-20,80607,Christian Eriksen,2,2,1090,0.0,0.0,0.0
2019-20,108823,Bamidele Alli,8,6,1845,0.0,0.0,0.0
2019-20,95715,Lucas Rodrigues Moura da Silva,4,5,2235,0.0,0.0,0.0
2019-20,62974,Erik Lamela,2,5,1203,0.0,0.0,0.0
2019-20,157668,Harry Winks,0,0,2223,0.0,0.0,0.0
2019-20,54756,Victor Wanyama,0,0,24,0.0,0.0,0.0
2019-20,45268,Moussa Sissoko,2,1,2451,0.0,0.0,0.0
2019-20,93264,Eric Dier,0,2,1340,0.0,0.0,0.0
2019-20,168764,Luke Amos,0,0,0,0.0,0.0,0.0
2019-20,209042,Oliver Skipp,0,0,74,0.0,0.0,0.0
2019-20,231372,Tanguy Ndombele,2,2,1002,0.0,0.0,0.0
2019-20,447235,Troy Parrott,0,0,6,0.0,0.0,0.0
2019-20,200826,Giovani Lo Celso,0,3,1482,0.0,0.0,0.0
2019-20,184349,Ryan Sessegnon,0,0,341,0.0,0.0,0.0
2019-20,168566,Georges-Kévin Nkoudou,0,0,2,0.0,0.0,0.0
2019-20,175941,Alfie Whiteman,0,0,0,0.0,0.0,0.0
2019-20,39215,Michel Vorm,0,0,0,0.0,0.0,0.0
2019-20,214572,Brandon Austin,0,0,0,0.0,0.0,0.0
2019-20,199584,Japhet Tanganga,0,0,525,0.0,0.0,0.0
2019-20,195774,Gedson Carvalho Fernandes,0,0,62,0.0,0.0,0.0
2019-20,194252,Steven Bergwijn,3,1,699,0.0,0.0,0.0
2019-20,448791,Harvey White,0,0,0,0.0,0.0,0.0
2019-20,461195,Dennis Cirkin,0,0,0,0.0,0.0,0.0
2019-20,40868,José Holebas,0,1,1022,0.0,0.0,0.0
2019-20,85624,Christian Kabasele,0,2,2250,0.0,0.0,0.0
2019-20,155651,Adam Masina,1,0,1815,0.0,0.0,0.0
2019-20,20145,Adrian Mariappa,0,0,1509,0.0,0.0,0.0
2019-20,54484,Francisco Femenía Far,0,1,2236,0.0,0.0,0.0
2019-20,41338,Craig Cathcart,0,0,2488,0.0,0.0,0.0
2019-20,52940,Daryl Janmaat,0,1,606,0.0,0.0,0.0
2019-20,220166,Marc Navarro,0,0,0,0.0,0.0,0.0
2019-20,41945,Sebastian Prödl,0,0,56,0.0,0.0,0.0
2019-20,41725,Troy Deeney,10,2,2224,0.0,0.0,0.0
2019-20,94924,Gerard Deulofeu,4,5,2097,0.0,0.0,0.0
2019-20,73426,Andre Gray,2,1,741,0.0,0.0,0.0
2019-20,173514,Isaac Success Ajayi,0,0,65,0.0,0.0,0.0
2019-20,9089,Ben Foster,0,0,3420,0.0,0.0,0.0
2019-20,206882,Pontus Dahlberg,0,0,0,0.0,0.0,0.0
2019-20,121599,Abdoulaye Doucouré,4,4,3156,0.0,0.0,0.0
2019-20,61566,Roberto Pereyra,3,0,1641,0.0,0.0,0.0
2019-20,108413,Will Hughes,1,1,2249,0.0,0.0,0.0
2019-20,43250,Tom Cleverley,1,0,964,0.0,0.0,0.0
2019-20,157775,Ken Sema,0,0,0,0.0,0.0,0.0
2019-20,38439,Etienne Capoue,0,4,2627,0.0,0.0,0.0
2019-20,89085,Nathaniel Chalobah,0,1,919,0.0,0.0,0.0
2019-20,216058,Domingos Quina,0,0,18,0.0,0.0,0.0
2019-20,60232,Craig Dawson,2,0,2359,0.0,0.0,0.0
2019-20,50175,Danny Welbeck,2,1,813,0.0,0.0,0.0
2019-20,18656,Heurelho da Silva Gomes,0,0,0,0.0,0.0,0.0
2019-20,232185,Ismaïla Sarr,5,7,2023,0.0,0.0,0.0
2019-20,96767,Dimitri Foulquier,0,0,57,0.0,0.0,0.0
2019-20,175353,Ayotomiwa Dele-Bashiru,0,0,0,0.0,0.0,0.0
2019-20,475168,João Pedro Junqueira de Jesus,0,0,22,0.0,0.0,0.0
2019-20,168290,Ignacio Pussetto,0,0,67,0.0,0.0,0.0
2019-20,194401,Adalberto Peñaranda,0,0,0,0.0,0.0,0.0
2019-20,55459,Aaron Cresswell,3,0,2727,0.0,0.0,0.0
2019-20,40669,Angelo Ogbonna,2,0,2786,0.0,0.0,0.0
2019-20,105717,Arthur Masuaku,0,1,930,0.0,0.0,0.0
2019-20,20658,Pablo Zabaleta,0,0,588,0.0,0.0,0.0
2019-20,81012,Ryan Fredericks,0,3,2235,0.0,0.0,0.0
2019-20,219924,Issa Diop,3,1,2765,0.0,0.0,0.0
2019-20,166640,Fabián Balbuena,1,0,1176,0.0,0.0,0.0
2019-20,48717,Winston Reid,0,0,0,0.0,0.0,0.0
2019-20,222018,Ben Johnson,0,0,270,0.0,0.0,0.0
2019-20,41464,Marko Arnautovic,0,0,0,0.0,0.0,0.0
2019-20,43020,Javier Hernández Balcázar,1,0,106,0.0,0.0,0.0
2019-20,209925,Alexandre Nascimento Costa Silva,0,0,0,0.0,0.0,0.0
2019-20,37096,Lukasz Fabianski,0,0,2117,0.0,0.0,0.0
2019-20,57531,Michail Antonio,10,4,1767,0.0,0.0,0.0
2019-20,101537,Felipe Anderson Pereira Gomes,1,4,1493,0.0,0.0,0.0
2019-20,86934,Manuel Lanzini,0,3,1370,0.0,0.0,0.0
2019-20,56377,Andriy Yarmolenko,5,1,981,0.0,0.0,0.0
2019-20,18987,Robert Snodgrass,5,5,1504,0.0,0.0,0.0
2019-20,54102,Jack Wilshere,0,0,209,0.0,0.0,0.0
2019-20,204480,Declan Rice,1,5,3420,0.0,0.0,0.0
2019-20,18073,Mark Noble,4,4,2675,0.0,0.0,0.0
2019-20,42824,Carlos Sánchez,0,0,112,0.0,0.0,0.0
2019-20,179830,Grady Diangana,0,0,0,0.0,0.0,0.0
2019-20,217593,Pablo Fornals,2,6,2167,0.0,0.0,0.0
2019-20,59779,Pedro Obiang,0,0,0,0.0,0.0,0.0
2019-20,40694,Roberto Jimenez Gago,0,0,686,0.0,0.0,0.0
2019-20,103123,Sébastien Haller,7,3,2259,0.0,0.0,0.0
2019-20,181008,Albian Ajeti,0,0,132,0.0,0.0,0.0
2019-20,19194,David Martin,0,0,435,0.0,0.0,0.0
2019-20,183487,Nathan Holland,0,0,31,0.0,0.0,0.0
2019-20,447879,Joseph Anang,0,0,0,0.0,0.0,0.0
2019-20,232391,Jeremy Ngakia,0,0,440,0.0,0.0,0.0
2019-20,459373,Gonçalo Bento Soares Cardoso,0,0,0,0.0,0.0,0.0
2019-20,243710,Bernardo Costa Da Rosa,0,0,0,0.0,0.0,0.0
2019-20,32259,Darren Randolph,0,0,180,0.0,0.0,0.0
2019-20,215439,Tomas Soucek,3,0,1039,0.0,0.0,0.0
2019-20,178186,Jarrod Bowen,1,4,916,0.0,0.0,0.0
2019-20,215407,Alfie Lewis,0,0,0,0.0,0.0,0.0
2019-20,222017,Conor Coventry,0,0,0,0.0,0.0,0.0
2019-20,87835,Matt Doherty,4,8,2836,0.0,0.0,0.0
2019-20,114128,Jonathan Castro Otto,2,3,2885,0.0,0.0,0.0
2019-20,94147,Conor Coady,0,0,3420,0.0,0.0,0.0
2019-20,90585,Willy Boly,0,1,1980,0.0,0.0,0.0
2019-20,216054,Rúben Gonçalo Silva Nascimento Vinagre,0,0,644,0.0,0.0,0.0
2019-20,107613,Romain Saïss,2,2,2703,0.0,0.0,0.0
2019-20,214048,Max Kilman,0,0,184,0.0,0.0,0.0
2019-20,102057,Raúl Jiménez,17,7,3241,0.0,0.0,0.0
2019-20,194634,Diogo Jota,7,3,2278,0.0,0.0,0.0
2019-20,38533,Rui Pedro dos Santos Patrício,0,0,3420,0.0,0.0,0.0
2019-20,19236,John Ruddy,0,0,0,0.0,0.0,0.0
2019-20,168399,Will Norris,0,0,0,0.0,0.0,0.0
2019-20,171317,Rúben Diogo da Silva Neves,2,2,3053,0.0,0.0,0.0
2019-20,19624,João Filipe Iria Santos Moutinho,1,7,3105,0.0,0.0,0.0
2019-20,222531,Morgan Gibbs-White,0,1,125,0.0,0.0,0.0
2019-20,159533,Adama Traoré,4,9,2599,0.0,0.0,0.0
2019-20,165808,Hélder Costa,0,0,0,0.0,0.0,0.0
2019-20,166324,Ivan Cavaleiro,0,0,0,0.0,0.0,0.0
2019-20,151589,Leander Dendoncker,4,0,2790,0.0,0.0,0.0
2019-20,178876,Jesús Vallejo Lázaro,0,0,162,0.0,0.0,0.0
2019-20,209353,Patrick Cutrone,2,0,292,0.0,0.0,0.0
2019-20,247632,Pedro Lomba Neto,3,3,920,0.0,0.0,0.0
2019-20,194798,Bernard Ashley-Seal,0,0,0,0.0,0.0,0.0
2019-20,232361,Taylor Perry,0,0,0,0.0,0.0,0.0
2019-20,250604,Owen Otasowie,0,0,0,0.0,0.0,0.0
2019-20,245923,Luke Cundle,0,0,0,0.0,0.0,0.0
2019-20,179456,Oskar Buur,0,0,0,0.0,0.0,0.0
2019-20,232351,Ryan Giles,0,0,0,0.0,0.0,0.0
2019-20,428610,Bruno André Cavaco Jordao,0,0,6,0.0,0.0,0.0
2019-20,200600,Daniel Castelo Podence,1,1,285,0.0,0.0,0.0
2019-20,474003,Leonardo Campana,0,0,0,0.0,0.0,0.0
2020-21,37605,Mesut Özil,0,0,0,0.0,0.0,0.0
2020-21,39476,Sokratis Papastathopoulos,0,0,0,0.0,0.0,0.0
2020-21,41270,David Luiz Moreira Marinho,1,0,1396,0.0,0.0,0.0
2020-21,54694,Pierre-Emerick Aubameyang,10,3,2330,0.0,0.0,0.0
2020-21,58822,Cédric Soares,0,1,744,0.0,0.0,0.0
2020-21,59966,Alexandre Lacazette,13,3,1916,0.0,0.0,0.0
2020-21,69140,Shkodran Mustafi,0,0,45,0.0,0.0,0.0
2020-21,80201,Bernd Leno,0,0,3131,0.0,0.0,0.0
2020-21,84450,Granit Xhaka,1,2,2519,0.0,0.0,0.0
2020-21,92371,Pablo Marí,0,0,900,0.0,0.0,0.0
2020-21,98745,Héctor Bellerín,1,3,2089,0.0,0.0,0.0
2020-21,101184,Calum Chambers,0,3,751,0.0,0.0,0.0
2020-21,111457,Sead Kolasinac,0,0,90,0.0,0.0,0.0
2020-21,156074,Rob Holding,0,1,2557,0.0,0.0,0.0
2020-21,192895,Kieran Tierney,1,4,2299,0.0,0.0,0.0
2020-21,195735,Nicolas Pépé,10,3,1606,0.0,0.0,0.0
2020-21,198849,Lucas Torreira,0,0,0,0.0,0.0,0.0
2020-21,200641,Reiss Nelson,0,0,70,0.0,0.0,0.0
2020-21,205533,Edward Nketiah,2,1,411,0.0,0.0,0.0
2020-21,209289,Emile Smith Rowe,2,5,1438,0.0,0.0,0.0
2020-21,223340,Bukayo Saka,5,5,2554,0.0,0.0,0.0
2020-21,242166,Matteo Guendouzi,0,0,0,0.0,0.0,0.0
2020-21,444145,Gabriel Teodoro Martinelli Silva,2,1,582,0.0,0.0,0.0
2020-21,462424,William Saliba,0,0,0,0.0,0.0,0.0
2020-21,131897,Mathew Ryan,0,0,1260,0.0,0.0,0.0
2020-21,47431,Willian Borges Da Silva,1,7,1398,0.0,0.0,0.0
2020-21,226597,Gabriel Magalhães,2,0,1996,0.0,0.0,0.0
2020-21,182539,Daniel Ceballos Fernández,0,4,1609,0.0,0.0,0.0
2020-21,153256,Mohamed Naser El Sayed Elneny,1,0,1538,0.0,0.0,0.0
2020-21,113534,Matt Macey,0,0,0,0.0,0.0,0.0
2020-21,115918,Rúnar Alex Rúnarsson,0,0,15,0.0,0.0,0.0
2020-21,167199,Thomas Partey,0,2,1529,0.0,0.0,0.0
2020-21,184029,Martin Ødegaard,1,2,861,0.0,0.0,0.0
2020-21,439482,Miguel Azeez,0,0,0,0.0,0.0,0.0
2020-21,98980,Emiliano Martínez,0,0,3420,0.0,0.0,0.0
2020-21,21205,Tom Heaton,0,0,0,0.0,0.0,0.0
2020-21,37339,Ahmed El Mohamady,0,0,833,0.0,0.0,0.0
2020-21,40564,Henri Lansbury,0,0,0,0.0,0.0,0.0
2020-21,47390,Neil Taylor,0,0,15,0.0,0.0,0.0
2020-21,79852,Jed Steer,0,0,0,0.0,0.0,0.0
2020-21,85242,Conor Hourihane,1,1,225,0.0,0.0,0.0
2020-21,89274,José Ignacio Peleteiro Romallo,0,0,0,0.0,0.0,0.0
2020-21,98770,Ørjan Nyland,0,0,0,0.0,0.0,0.0
2020-21,108156,Bjorn Engels,0,0,0,0.0,0.0,0.0
2020-21,114283,Jack Grealish,6,12,2183,0.0,0.0,0.0
2020-21,122806,John McGinn,3,7,3330,0.0,0.0,0.0
2020-21,123354,Kortney Hause,1,0,630,0.0,0.0,0.0
2020-21,148508,Mahmoud Ahmed Ibrahim Hassan,2,1,1157,0.0,0.0,0.0
2020-21,149484,Tyrone Mings,2,2,3194,0.0,0.0,0.0
2020-21,169359,Matt Targett,0,4,3404,0.0,0.0,0.0
2020-21,184386,James Bree,0,0,0,0.0,0.0,0.0
2020-21,184704,Marvelous Nakamba,0,1,747,0.0,0.0,0.0
2020-21,193488,Anwar El Ghazi,10,0,1604,0.0,0.0,0.0
2020-21,199798,Ezri Konsa Ngoyo,2,0,3195,0.0,0.0,0.0
2020-21,203368,Frédéric Guilbert,0,0,0,0.0,0.0,0.0
2020-21,213345,Wesley Moraes,0,0,15,0.0,0.0,0.0
2020-21,217487,Mbwana Samatta,0,0,0,0.0,0.0,0.0
2020-21,221239,Keinan Davis,1,1,265,0.0,0.0,0.0
2020-21,223349,Indiana Vassilev,0,0,0,0.0,0.0,0.0
2020-21,230046,Douglas Luiz Soares de Paulo,0,2,2781,0.0,0.0,0.0
2020-21,88894,Ross Barkley,3,2,1566,0.0,0.0,0.0
2020-21,199796,Matthew Cash,0,2,2373,0.0,0.0,0.0
2020-21,178301,Ollie Watkins,14,9,3328,0.0,0.0,0.0
2020-21,110504,Bertrand Traoré,7,7,2315,0.0,0.0,0.0
2020-21,232653,Jacob Ramsey,0,0,611,0.0,0.0,0.0
2020-21,122775,Morgan Sanson,0,0,288,0.0,0.0,0.0
2020-21,465390,Kaine Hayden,0,0,0,0.0,0.0,0.0
2020-21,478912,Carney Chukwuemeka,0,0,18,0.0,0.0,0.0
2020-21,481624,Jaden Philogene-Bidace,0,0,1,0.0,0.0,0.0
2020-21,20529,Glenn Murray,0,0,0,0.0,0.0,0.0
2020-21,39155,Adam Lallana,1,1,1584,0.0,0.0,0.0
2020-21,60307,Pascal Groß,3,8,2479,0.0,0.0,0.0
2020-21,61933,Shane Duffy,0,0,0,0.0,0.0,0.0
2020-21,66242,Davy Pröpper,0,0,209,0.0,0.0,0.0
2020-21,74471,Aaron Mooy,0,0,0,0.0,0.0,0.0
2020-21,78916,Dan Burn,1,0,2057,0.0,0.0,0.0
2020-21,83299,Lewis Dunk,5,0,2932,0.0,0.0,0.0
2020-21,86153,Martín Montoya,0,0,0,0.0,0.0,0.0
2020-21,93284,Florin Andone,0,0,0,0.0,0.0,0.0
2020-21,109345,Solomon March,2,2,1670,0.0,0.0,0.0
2020-21,110735,Adam Webster,1,0,2594,0.0,0.0,0.0
2020-21,111478,Joël Veltman,1,1,2280,0.0,0.0,0.0
2020-21,115382,Neal Maupay,8,2,2508,0.0,0.0,0.0
2020-21,116216,Leandro Trossard,5,6,2602,0.0,0.0,0.0
2020-21,165210,Alireza Jahanbakhsh,0,1,520,0.0,0.0,0.0
2020-21,167473,José Izquierdo,0,0,8,0.0,0.0,0.0
2020-21,178173,Matthew Clarke,0,0,0,0.0,0.0,0.0
2020-21,198869,Ben White,0,0,3192,0.0,0.0,0.0
2020-21,209362,Bernardo Fernandes da Silva Junior,0,0,205,0.0,0.0,0.0
2020-21,227127,Yves Bissouma,1,0,3112,0.0,0.0,0.0
2020-21,232792,Tariq Lamptey,1,3,887,0.0,0.0,0.0
2020-21,233425,Aaron Connolly,2,1,783,0.0,0.0,0.0
2020-21,235382,Steven Alzate,1,0,892,0.0,0.0,0.0
2020-21,243016,Alexis Mac Allister,1,1,1108,0.0,0.0,0.0
2020-21,108813,Christian Walton,0,0,0,0.0,0.0,0.0
2020-21,49262,Jason Steele,0,0,0,0.0,0.0,0.0
2020-21,220738,Jayson Molumby,0,0,1,0.0,0.0,0.0
2020-21,204676,Andi Zeqiri,0,0,164,0.0,0.0,0.0
2020-21,50175,Danny Welbeck,6,4,1541,0.0,0.0,0.0
2020-21,215059,Robert Sánchez,0,0,2430,0.0,0.0,0.0
2020-21,230127,Percy Tau,0,1,101,0.0,0.0,0.0
2020-21,243505,Jakub Moder,0,0,643,0.0,0.0,0.0
2020-21,465572,Reda Khadra,0,0,4,0.0,0.0,0.0
2020-21,244848,Teddy Jenks,0,0,0,0.0,0.0,0.0
2020-21,215062,Max Sanders,0,0,0,0.0,0.0,0.0
2020-21,440241,Jensen Weir,0,0,0,0.0,0.0,0.0
2020-21,209288,Thomas McGill,0,0,0,0.0,0.0,0.0
2020-21,442229,Michal Karbownik,0,0,0,0.0,0.0,0.0
2020-21,486672,Moisés Caicedo,0,0,0,0.0,0.0,0.0
2020-21,40845,Dale Stephens,0,0,257,0.0,0.0,0.0
2020-21,17761,James Tarkowski,1,0,3240,0.0,0.0,0.0
2020-21,17997,Phil Bardsley,0,0,273,0.0,0.0,0.0
2020-21,39487,Erik Pieters,0,3,1260,0.0,0.0,0.0
2020-21,40145,Jack Cork,0,0,1350,0.0,0.0,0.0
2020-21,41674,Kevin Long,0,0,636,0.0,0.0,0.0
2020-21,44683,Jay Rodriguez,1,3,1248,0.0,0.0,0.0
2020-21,44699,Ashley Barnes,3,0,1324,0.0,0.0,0.0
2020-21,51927,Ben Mee,2,0,2693,0.0,0.0,0.0
2020-21,60551,Ashley Westwood,3,4,3410,0.0,0.0,0.0
2020-21,60586,Johann Berg Gudmundsson,2,0,1358,0.0,0.0,0.0
2020-21,60689,Chris Wood,12,3,2741,0.0,0.0,0.0
2020-21,68983,Matthew Lowton,1,1,3060,0.0,0.0,0.0
2020-21,81183,Matej Vydra,3,2,1359,0.0,0.0,0.0
2020-21,83312,Ben Gibson,0,0,0,0.0,0.0,0.0
2020-21,90517,Robbie Brady,1,1,1047,0.0,0.0,0.0
2020-21,98747,Nick Pope,0,0,2880,0.0,0.0,0.0
2020-21,103914,Charlie Taylor,0,2,2425,0.0,0.0,0.0
2020-21,172782,Josh Brownhill,0,1,2812,0.0,0.0,0.0
2020-21,220037,Bailey Peacock-Farrell,0,0,360,0.0,0.0,0.0
2020-21,433154,Dwight McNeil,2,5,3068,0.0,0.0,0.0
2020-21,218023,Jimmy Dunne,1,0,270,0.0,0.0,0.0
2020-21,461102,Bobby Thomas,0,0,0,0.0,0.0,0.0
2020-21,217401,Josh Benson,0,0,260,0.0,0.0,0.0
2020-21,195471,Anthony Driscoll-Glennon,0,0,0,0.0,0.0,0.0
2020-21,195064,Mace Goodridge,0,0,0,0.0,0.0,0.0
2020-21,168399,Will Norris,0,0,180,0.0,0.0,0.0
2020-21,461450,Max Thompson,0,0,0,0.0,0.0,0.0
2020-21,461096,Lewis Richardson,0,0,3,0.0,0.0,0.0
2020-21,465299,Anthony Mancini,0,0,0,0.0,0.0,0.0
2020-21,430367,Joel Mumbongo,0,0,37,0.0,0.0,0.0
2020-21,184259,Richard Nartey,0,0,0,0.0,0.0,0.0
2020-21,20310,Willy Caballero,0,0,90,0.0,0.0,0.0
2020-21,41328,César Azpilicueta,1,2,2187,0.0,0.0,0.0
2020-21,44346,Olivier Giroud,4,0,740,0.0,0.0,0.0
2020-21,82263,Marcos Alonso,2,1,958,0.0,0.0,0.0
2020-21,85955,Jorge Luiz Frello Filho,7,2,2006,0.0,0.0,0.0
2020-21,91651,Mateo Kovacic,0,1,1809,0.0,0.0,0.0
2020-21,102380,Antonio Rüdiger,1,0,1710,0.0,0.0,0.0
2020-21,103192,Kurt Zouma,5,0,2027,0.0,0.0,0.0
2020-21,109533,Emerson Palmieri dos Santos,0,0,88,0.0,0.0,0.0
2020-21,109745,Kepa Arrizabalaga,0,0,585,0.0,0.0,0.0
2020-21,116594,N'Golo Kanté,0,2,2140,0.0,0.0,0.0
2020-21,124183,Hakim Ziyech,2,3,1164,0.0,0.0,0.0
2020-21,135363,Andreas Christensen,0,0,1371,0.0,0.0,0.0
2020-21,165153,Timo Werner,6,12,2598,0.0,0.0,0.0
2020-21,173879,Tammy Abraham,6,2,1031,0.0,0.0,0.0
2020-21,176413,Christian Pulisic,4,3,1731,0.0,0.0,0.0
2020-21,184341,Mason Mount,6,7,2887,0.0,0.0,0.0
2020-21,194794,Fikayo Tomori,0,0,45,0.0,0.0,0.0
2020-21,209046,Callum Hudson-Odoi,2,3,1050,0.0,0.0,0.0
2020-21,225796,Reece James,1,3,2367,0.0,0.0,0.0
2020-21,243568,Billy Gilmour,0,0,259,0.0,0.0,0.0
2020-21,172850,Benjamin Chilwell,3,6,2286,0.0,0.0,0.0
2020-21,51090,Thiago Thiago,2,0,1935,0.0,0.0,0.0
2020-21,219847,Kai Havertz,4,6,1512,0.0,0.0,0.0
2020-21,228286,Edouard Mendy,0,0,2745,0.0,0.0,0.0
2020-21,431019,Karlo Ziger,0,0,0,0.0,0.0,0.0
2020-21,223332,Faustino Anjorin,0,0,0,0.0,0.0,0.0
2020-21,441191,Valentino Livramento,0,0,0,0.0,0.0,0.0
2020-21,94245,Michy Batshuayi,2,2,717,0.0,0.0,0.0
2020-21,19419,Gary Cahill,1,1,1800,0.0,0.0,0.0
2020-21,20066,Wayne Hennessey,0,0,0,0.0,0.0,0.0
2020-21,40784,Mamadou Sakho,0,0,275,0.0,0.0,0.0
2020-21,40836,Vicente Guaita,0,0,3330,0.0,0.0,0.0
2020-21,49413,James Tomkins,0,0,551,0.0,0.0,0.0
2020-21,50471,James McArthur,0,2,1465,0.0,0.0,0.0
2020-21,50472,James McCarthy,0,0,816,0.0,0.0,0.0
2020-21,54861,Christian Benteke,10,2,1808,0.0,0.0,0.0
2020-21,55037,Cheikhou Kouyaté,1,0,3121,0.0,0.0,0.0
2020-21,55494,Joel Ward,0,1,2255,0.0,0.0,0.0
2020-21,58786,Martin Kelly,0,0,1,0.0,0.0,0.0
2020-21,59125,Connor Wickham,0,0,0,0.0,0.0,0.0
2020-21,60252,Andros Townsend,1,5,2250,0.0,0.0,0.0
2020-21,66975,Luka Milivojevic,1,1,2357,0.0,0.0,0.0
2020-21,74230,Patrick van Aanholt,0,2,1775,0.0,0.0,0.0
2020-21,80146,Jordan Ayew,1,4,2086,0.0,0.0,0.0
2020-21,82403,Wilfried Zaha,11,4,2612,0.0,0.0,0.0
2020-21,86417,Jeffrey Schlupp,2,3,1415,0.0,0.0,0.0
2020-21,141020,Max Meyer,0,0,0,0.0,0.0,0.0
2020-21,173954,Jairo Riedewald,2,0,1810,0.0,0.0,0.0
2020-21,232423,Nathan Ferguson,0,0,0,0.0,0.0,0.0
2020-21,244723,Tyrick Mitchell,1,2,1710,0.0,0.0,0.0
2020-21,466955,Brandon Pierrick,0,0,0,0.0,0.0,0.0
2020-21,19188,Scott Dann,1,1,1350,0.0,0.0,0.0
2020-21,232413,Eberechi Eze,4,8,2555,0.0,0.0,0.0
2020-21,221272,Sam Woods,0,0,0,0.0,0.0,0.0
2020-21,114536,Ryan Inniss,0,0,0,0.0,0.0,0.0
2020-21,57328,Nathaniel Clyne,0,1,1145,0.0,0.0,0.0
2020-21,42525,Stephen Henderson,0,0,0,0.0,0.0,0.0
2020-21,105666,Jack Butland,0,0,90,0.0,0.0,0.0
2020-21,231747,Jean-Philippe Mateta,1,0,215,0.0,0.0,0.0
2020-21,223824,Reece Hannam,0,0,0,0.0,0.0,0.0
2020-21,450542,Jesurun Rak-Sakyi,0,0,0,0.0,0.0,0.0
2020-21,41823,Fabian Delph,0,0,260,0.0,0.0,0.0
2020-21,55422,Gylfi Sigurdsson,6,5,2244,0.0,0.0,0.0
2020-21,57513,Jonas Lössl,0,0,0,0.0,0.0,0.0
2020-21,59949,Seamus Coleman,0,3,1607,0.0,0.0,0.0
2020-21,66838,Cenk Tosun,0,0,44,0.0,0.0,0.0
2020-21,100649,Bernard Anício Caldeira Duarte,1,0,447,0.0,0.0,0.0
2020-21,101188,Lucas Digne,0,9,2681,0.0,0.0,0.0
2020-21,106611,Michael Keane,3,1,2989,0.0,0.0,0.0
2020-21,111234,Jordan Pickford,0,0,2742,0.0,0.0,0.0
2020-21,120250,André Filipe Tavares Gomes,0,1,1559,0.0,0.0,0.0
2020-21,153133,Alex Iwobi,1,3,1530,0.0,0.0,0.0
2020-21,153673,Jonjoe Kenny,0,0,78,0.0,0.0,0.0
2020-21,160987,Jean-Philippe Gbamin,0,0,11,0.0,0.0,0.0
2020-21,164511,Yerry Mina,2,0,1936,0.0,0.0,0.0
2020-21,173807,Tom Davies,0,1,1417,0.0,0.0,0.0
2020-21,177815,Dominic Calvert-Lewin,16,6,2871,0.0,0.0,0.0
2020-21,194164,Mason Holgate,1,0,2286,0.0,0.0,0.0
2020-21,212319,Richarlison de Andrade,7,6,2862,0.0,0.0,0.0
2020-21,222627,João Virgínia,0,0,47,0.0,0.0,0.0
2020-21,232826,Anthony Gordon,0,0,87,0.0,0.0,0.0
2020-21,242058,Moise Kean,0,0,13,0.0,0.0,0.0
2020-21,480455,Jarrad Branthwaite,0,0,0,0.0,0.0,0.0
2020-21,119765,Allan Marques Loureiro,0,0,2050,0.0,0.0,0.0
2020-21,60025,James Rodríguez,6,5,1763,0.0,0.0,0.0
2020-21,121599,Abdoulaye Doucouré,2,3,2443,0.0,0.0,0.0
2020-21,495542,Niels Nkounkou,0,0,80,0.0,0.0,0.0
2020-21,198826,Ben Godfrey,0,2,2683,0.0,0.0,0.0
2020-21,111782,Robin Olsen,0,0,630,0.0,0.0,0.0
2020-21,218997,Ellis Simms,0,0,0,0.0,0.0,0.0
2020-21,461446,Tyler Onyango,0,0,0,0.0,0.0,0.0
2020-21,78007,Joshua King,0,0,138,0.0,0.0,0.0
2020-21,232829,Kyle John,0,0,0,0.0,0.0,0.0
2020-21,173818,Nathan Broadhead,0,0,2,0.0,0.0,0.0
2020-21,422612,Ryan Astley,0,0,0,0.0,0.0,0.0
2020-21,447325,Harry Tyrer,0,0,0,0.0,0.0,0.0
2020-21,474907,Reece Welch,0,0,0,0.0,0.0,0.0
2020-21,491559,Isaac Price,0,0,0,0.0,0.0,0.0
2020-21,126187,Ruben Loftus-Cheek,1,0,1962,0.0,0.0,0.0
2020-21,40559,Fabricio Agosto Ramírez,0,0,0,0.0,0.0,0.0
2020-21,55038,Kevin McDonald,0,0,0,0.0,0.0,0.0
2020-21,61739,Maxime Le Marchand,0,0,122,0.0,0.0,0.0
2020-21,61916,Stefan Johansen,0,0,0,0.0,0.0,0.0
2020-21,76357,Tom Cairney,1,1,758,0.0,0.0,0.0
2020-21,82514,Tim Ream,0,0,630,0.0,0.0,0.0
2020-21,83543,Anthony Knockaert,0,0,0,0.0,0.0,0.0
2020-21,84915,Michael Hector,0,0,262,0.0,0.0,0.0
2020-21,87107,Cyrus Christie,0,0,0,0.0,0.0,0.0
2020-21,92259,Neeskens Kebano,0,0,116,0.0,0.0,0.0
2020-21,96994,Bobby Decordova-Reid,5,3,2367,0.0,0.0,0.0
2020-21,101105,Joe Bryan,1,1,663,0.0,0.0,0.0
2020-21,122074,Marcus Bettinelli,0,0,0,0.0,0.0,0.0
2020-21,128389,Aleksandar Mitrović,3,3,1389,0.0,0.0,0.0
2020-21,149266,Alfie Mawson,0,0,0,0.0,0.0,0.0
2020-21,155529,Marek Rodák,0,0,180,0.0,0.0,0.0
2020-21,166324,Ivan Ricardo Neves Abreu Cavaleiro,3,0,2465,0.0,0.0,0.0
2020-21,168765,Josh Onomah,0,0,369,0.0,0.0,0.0
2020-21,170271,Jean Michaël Seri,0,0,0,0.0,0.0,0.0
2020-21,197030,Aboubakar Kamara,0,0,307,0.0,0.0,0.0
2020-21,203325,André-Frank Zambo Anguissa,0,3,2581,0.0,0.0,0.0
2020-21,208998,Zeze Steven Sessegnon,0,0,0,0.0,0.0,0.0
2020-21,153366,Harrison Reed,0,3,2243,0.0,0.0,0.0
2020-21,169528,Antonee Robinson,0,0,2159,0.0,0.0,0.0
2020-21,151086,Mario Lemina,1,1,1696,0.0,0.0,0.0
2020-21,84182,Alphonse Areola,0,0,3240,0.0,0.0,0.0
2020-21,167074,Kenny Tete,0,1,1477,0.0,0.0,0.0
2020-21,72681,Denis Odoi,0,0,270,0.0,0.0,0.0
2020-21,219352,Ademola Lookman,4,4,2746,0.0,0.0,0.0
2020-21,159506,Ola Aina,2,1,2664,0.0,0.0,0.0
2020-21,174874,Joachim Andersen,1,1,2729,0.0,0.0,0.0
2020-21,109646,Tosin Adarabioyo,0,1,2953,0.0,0.0,0.0
2020-21,109434,Terence Kongolo,0,0,90,0.0,0.0,0.0
2020-21,195480,Josh Maja,3,0,804,0.0,0.0,0.0
2020-21,244858,Fabio Carvalho,1,0,254,0.0,0.0,0.0
2020-21,223335,Sylvester Jasper,0,0,0,0.0,0.0,0.0
2020-21,432931,Tyrese Francois,0,0,14,0.0,0.0,0.0
2020-21,15033,Wes Morgan,0,0,16,0.0,0.0,0.0
2020-21,17745,Kasper Schmeichel,0,0,3420,0.0,0.0,0.0
2020-21,37402,Christian Fuchs,0,0,701,0.0,0.0,0.0
2020-21,37642,Jonny Evans,2,2,2473,0.0,0.0,0.0
2020-21,46483,Adrien Silva,0,0,0,0.0,0.0,0.0
2020-21,51938,Marc Albrighton,1,7,1735,0.0,0.0,0.0
2020-21,61604,Matty James,0,0,0,0.0,0.0,0.0
2020-21,95463,Danny Ward,0,0,0,0.0,0.0,0.0
2020-21,101668,Jamie Vardy,15,14,2838,0.0,0.0,0.0
2020-21,106837,Dennis Praet,1,2,714,0.0,0.0,0.0
2020-21,111931,Ricardo Domingos Barbosa Pereira,0,1,954,0.0,0.0,0.0
2020-21,155569,Daniel Amartey,1,0,718,0.0,0.0,0.0
2020-21,166989,Youri Tielemans,6,4,3356,0.0,0.0,0.0
2020-21,168580,Ayoze Pérez,2,1,1322,0.0,0.0,0.0
2020-21,172632,Demarai Gray,0,0,18,0.0,0.0,0.0
2020-21,172780,James Maddison,8,7,2093,0.0,0.0,0.0
2020-21,173515,Kelechi Iheanacho,12,2,1452,0.0,0.0,0.0
2020-21,197469,Hamza Choudhury,0,0,311,0.0,0.0,0.0
2020-21,201666,Harvey Barnes,9,5,1944,0.0,0.0,0.0
2020-21,203341,Wilfred Ndidi,1,4,2175,0.0,0.0,0.0
2020-21,213405,Filip Benkovic,0,0,0,0.0,0.0,0.0
2020-21,218031,Çaglar Söyüncü,1,0,1816,0.0,0.0,0.0
2020-21,220627,James Justin,2,2,2070,0.0,0.0,0.0
2020-21,244619,Luke Thomas,1,0,968,0.0,0.0,0.0
2020-21,166477,Timothy Castagne,2,4,2345,0.0,0.0,0.0
2020-21,86881,Nampalys Mendy,0,1,1452,0.0,0.0,0.0
2020-21,228798,Cengiz Ünder,0,2,275,0.0,0.0,0.0
2020-21,444463,Wesley Fofana,0,1,2260,0.0,0.0,0.0
2020-21,149828,Islam Slimani,0,0,19,0.0,0.0,0.0
2020-21,232229,Vontae Daley-Campbell,0,0,0,0.0,0.0,0.0
2020-21,232881,Thakgalo Leshabela,0,0,9,0.0,0.0,0.0
2020-21,421796,Sidnei Tavares,0,0,84,0.0,0.0,0.0
2020-21,447373,Shane Flynn,0,0,0,0.0,0.0,0.0
2020-21,513789,Thanawat Suengchitthawon,0,0,0,0.0,0.0,0.0
2020-21,461585,Tawanda Maswanhise,0,0,0,0.0,0.0,0.0
2020-21,28690,Pablo Hernández Domínguez,0,3,414,0.0,0.0,0.0
2020-21,39790,Francisco Casilla Cortés,0,0,270,0.0,0.0,0.0
2020-21,55914,Liam Cooper,1,0,2186,0.0,0.0,0.0
2020-21,57913,Barry Douglas,0,0,0,0.0,0.0,0.0
2020-21,66588,Luke Ayling,0,0,3399,0.0,0.0,0.0
2020-21,72222,Mateusz Klich,4,5,2386,0.0,0.0,0.0
2020-21,80179,Adam Forshaw,0,0,0,0.0,0.0,0.0
2020-21,87873,Stuart Dallas,8,3,3410,0.0,0.0,0.0
2020-21,105377,Ezgjan Alioski,2,3,2456,0.0,0.0,0.0
2020-21,106617,Patrick Bamford,17,11,3052,0.0,0.0,0.0
2020-21,221399,Jack Harrison,8,10,2846,0.0,0.0,0.0
2020-21,155405,Kalvin Phillips,1,2,2428,0.0,0.0,0.0
2020-21,165808,Hélder Wander Sousa de Azevedo e Costa,3,4,1150,0.0,0.0,0.0
2020-21,173821,Tyler Roberts,1,2,1330,0.0,0.0,0.0
2020-21,204642,Jay-Roy Grot,0,0,0,0.0,0.0,0.0
2020-21,214987,Kamil Miazek,0,0,0,0.0,0.0,0.0
2020-21,215460,Ian Carlo Poveda-Ocampo,0,0,344,0.0,0.0,0.0
2020-21,221610,Jamie Shackleton,0,0,454,0.0,0.0,0.0
2020-21,222694,Pascal Struijk,1,0,2072,0.0,0.0,0.0
2020-21,434138,Jordan Stevens,0,0,0,0.0,0.0,0.0
2020-21,437495,Illan Meslier,0,0,3150,0.0,0.0,0.0
2020-21,455084,Leif Davis,0,0,31,0.0,0.0,0.0
2020-21,467114,Oliver Casey,0,0,0,0.0,0.0,0.0
2020-21,193645,Robin Koch,0,0,1130,0.0,0.0,0.0
2020-21,80954,Rodrigo Moreno,7,4,1279,0.0,0.0,0.0
2020-21,463912,Elia Caprile,0,0,0,0.0,0.0,0.0
2020-21,480216,Mateusz Bogusz,0,0,0,0.0,0.0,0.0
2020-21,149915,Diego Llorente,1,0,1203,0.0,0.0,0.0
2020-21,219961,Raphael Dias Belloli,6,10,2358,0.0,0.0,0.0
2020-21,492374,Jack Jenkins,0,0,0,0.0,0.0,0.0
2020-21,492066,Niall Huggins,0,0,37,0.0,0.0,0.0
2020-21,492373,Charlie Cresswell,0,0,0,0.0,0.0,0.0
2020-21,462635,Joe Gelhardt,0,0,0,0.0,0.0,0.0
2020-21,38588,Gaetano Berardi,0,0,113,0.0,0.0,0.0
2020-21,248937,Sam Greenwood,0,0,0,0.0,0.0,0.0
2020-21,450070,Crysencio Summerville,0,0,0,0.0,0.0,0.0
2020-21,433590,Cody Drameh,0,0,0,0.0,0.0,0.0
2020-21,15157,James Milner,0,2,1056,0.0,0.0,0.0
2020-21,214285,Konstantinos Tsimikas,0,0,6,0.0,0.0,0.0
2020-21,41733,Georginio Wijnaldum,2,1,2938,0.0,0.0,0.0
2020-21,56979,Jordan Henderson,1,2,1704,0.0,0.0,0.0
2020-21,60706,Adrián San Miguel del Castillo,0,0,270,0.0,0.0,0.0
2020-21,60914,Joel Matip,1,2,690,0.0,0.0,0.0
2020-21,68312,Xherdan Shaqiri,0,2,548,0.0,0.0,0.0
2020-21,81880,Alex Oxlade-Chamberlain,1,1,243,0.0,0.0,0.0
2020-21,92217,Roberto Firmino,9,8,2837,0.0,0.0,0.0
2020-21,97032,Virgil van Dijk,1,0,370,0.0,0.0,0.0
2020-21,110979,Sadio Mané,11,11,2808,0.0,0.0,0.0
2020-21,116535,Alisson Ramses Becker,1,0,2970,0.0,0.0,0.0
2020-21,116643,Fabio Henrique Tavares,0,2,2566,0.0,0.0,0.0
2020-21,118748,Mohamed Salah,22,6,3077,0.0,0.0,0.0
2020-21,122798,Andrew Robertson,1,8,3384,0.0,0.0,0.0
2020-21,152760,Divock Origi,0,0,180,0.0,0.0,0.0
2020-21,153682,Harry Wilson,0,0,0,0.0,0.0,0.0
2020-21,169187,Trent Alexander-Arnold,2,8,3029,0.0,0.0,0.0
2020-21,171287,Joseph Gomez,0,0,589,0.0,0.0,0.0
2020-21,175592,Naby Keita,0,0,517,0.0,0.0,0.0
2020-21,206915,Curtis Jones,1,2,1169,0.0,0.0,0.0
2020-21,215136,Neco Williams,0,0,247,0.0,0.0,0.0
2020-21,444884,Harvey Elliott,0,0,0,0.0,0.0,0.0
2020-21,194634,Diogo Jota,9,0,1106,0.0,0.0,0.0
2020-21,61558,Thiago Alcántara do Nascimento,1,0,1851,0.0,0.0,0.0
2020-21,200720,Caoimhin Kelleher,0,0,180,0.0,0.0,0.0
2020-21,197464,Nathaniel Phillips,1,1,1455,0.0,0.0,0.0
2020-21,219937,Rhys Williams,0,0,659,0.0,0.0,0.0
2020-21,233489,Leighton Clarkson,0,0,0,0.0,0.0,0.0
2020-21,243343,Jake Cain,0,0,0,0.0,0.0,0.0
2020-21,438277,Ozan Kabak,0,0,801,0.0,0.0,0.0
2020-21,152898,Ben Davies,0,0,0,0.0,0.0,0.0
2020-21,433019,Liam Hughes,0,0,0,0.0,0.0,0.0
2020-21,490138,Jakub Ojrzynski,0,0,0,0.0,0.0,0.0
2020-21,182436,Ben Woodburn,0,0,0,0.0,0.0,0.0
2020-21,480818,Billy Koumetio,0,0,0,0.0,0.0,0.0
2020-21,27789,Fernando Luiz Rosa,0,2,1182,0.0,0.0,0.0
2020-21,33148,Claudio Bravo,0,0,0,0.0,0.0,0.0
2020-21,37572,Sergio Agüero,4,1,554,0.0,0.0,0.0
2020-21,57410,Nicolás Otamendi,0,0,0,0.0,0.0,0.0
2020-21,58621,Kyle Walker,1,1,1944,0.0,0.0,0.0
2020-21,59859,Ilkay Gündogan,13,4,2025,0.0,0.0,0.0
2020-21,61366,Kevin De Bruyne,6,12,1995,0.0,0.0,0.0
2020-21,97299,John Stones,4,0,1933,0.0,0.0,0.0
2020-21,102826,Benjamin Mendy,2,1,951,0.0,0.0,0.0
2020-21,103025,Riyad Mahrez,9,8,1945,0.0,0.0,0.0
2020-21,103955,Raheem Sterling,10,9,2534,0.0,0.0,0.0
2020-21,121145,João Pedro Cavaco Cancelo,2,4,2298,0.0,0.0,0.0
2020-21,121160,Ederson Santana de Moraes,0,1,3240,0.0,0.0,0.0
2020-21,126184,Nathan Aké,1,0,797,0.0,0.0,0.0
2020-21,146941,Aymeric Laporte,0,0,1343,0.0,0.0,0.0
2020-21,165809,Bernardo Mota Veiga de Carvalho e Silva,2,7,2063,0.0,0.0,0.0
2020-21,205651,Gabriel Fernando de Jesus,9,5,2056,0.0,0.0,0.0
2020-21,206325,Oleksandr Zinchenko,0,0,1473,0.0,0.0,0.0
2020-21,209244,Phil Foden,9,8,1607,0.0,0.0,0.0
2020-21,220394,Tommy Doyle,0,0,0,0.0,0.0,0.0
2020-21,220566,Rodrigo Hernandez,2,2,2747,0.0,0.0,0.0
2020-21,224444,Ferran Torres,7,4,1297,0.0,0.0,0.0
2020-21,432656,Eric Garcia,0,0,380,0.0,0.0,0.0
2020-21,449926,Adrián Bernabé,0,0,0,0.0,0.0,0.0
2020-21,164484,Zack Steffen,0,0,90,0.0,0.0,0.0
2020-21,463034,Liam Delap,0,0,39,0.0,0.0,0.0
2020-21,244851,Cole Palmer,0,0,0,0.0,0.0,0.0
2020-21,171314,Rúben Santos Gato Alves Dias,1,1,2843,0.0,0.0,0.0
2020-21,432720,James Trafford,0,0,0,0.0,0.0,0.0
2020-21,17601,Scott Carson,0,0,90,0.0,0.0,0.0
2020-21,219265,Felix Nmecha,0,0,0,0.0,0.0,0.0
2020-21,439510,Luke Mbete,0,0,0,0.0,0.0,0.0
2020-21,245719,Taylor Harwood-Bellis,0,0,0,0.0,0.0,0.0
2020-21,219291,Claudio Gomes,0,0,0,0.0,0.0,0.0
2020-21,42899,Sergio Romero,0,0,0,0.0,0.0,0.0
2020-21,43670,Juan Mata,1,3,507,0.0,0.0,0.0
2020-21,51940,David de Gea,0,0,2295,0.0,0.0,0.0
2020-21,55909,Chris Smalling,0,0,0,0.0,0.0,0.0
2020-21,58498,Odion Ighalo,0,0,9,0.0,0.0,0.0
2020-21,58893,Marcos Rojo,0,0,0,0.0,0.0,0.0
2020-21,62398,Nemanja Matic,0,1,1101,0.0,0.0,0.0
2020-21,74208,Paul Pogba,3,6,1892,0.0,0.0,0.0
2020-21,76359,Phil Jones,0,0,0,0.0,0.0,0.0
2020-21,95658,Harry Maguire,2,2,3047,0.0,0.0,0.0
2020-21,101582,Frederico Rodrigues de Paula Santos,1,0,2389,0.0,0.0,0.0
2020-21,106760,Luke Shaw,1,5,2653,0.0,0.0,0.0
2020-21,141746,Bruno Miguel Borges Fernandes,18,14,3101,0.0,0.0,0.0
2020-21,148225,Anthony Martial,4,7,1477,0.0,0.0,0.0
2020-21,156689,Andreas Pereira,0,0,0,0.0,0.0,0.0
2020-21,172649,Dean Henderson,0,0,1125,0.0,0.0,0.0
2020-21,176297,Marcus Rashford,11,11,2917,0.0,0.0,0.0
2020-21,180804,Axel Tuanzebe,0,0,402,0.0,0.0,0.0
2020-21,184667,Victor Lindelöf,1,1,2585,0.0,0.0,0.0
2020-21,195851,Scott McTominay,4,2,2124,0.0,0.0,0.0
2020-21,197365,Eric Bailly,0,0,915,0.0,0.0,0.0
2020-21,200617,Daniel James,3,1,907,0.0,0.0,0.0
2020-21,201084,Timothy Fosu-Mensah,0,0,80,0.0,0.0,0.0
2020-21,214590,Aaron Wan-Bissaka,2,5,3060,0.0,0.0,0.0
2020-21,216051,José Diogo Dalot Teixeira,0,0,0,0.0,0.0,0.0
2020-21,220688,Mason Greenwood,7,2,1813,0.0,0.0,0.0
2020-21,222677,Tahith Chong,0,0,0,0.0,0.0,0.0
2020-21,232928,James Garner,0,0,0,0.0,0.0,0.0
2020-21,232937,Brandon Williams,0,0,187,0.0,0.0,0.0
2020-21,244856,Teden Mengi,0,0,0,0.0,0.0,0.0
2020-21,180184,Donny van de Beek,1,2,511,0.0,0.0,0.0
2020-21,152590,Alex Nicolao Telles,0,2,689,0.0,0.0,0.0
2020-21,40720,Edinson Cavani,10,4,1364,0.0,0.0,0.0
2020-21,488404,Facundo Pellistri,0,0,0,0.0,0.0,0.0
2020-21,6744,Lee Grant,0,0,0,0.0,0.0,0.0
2020-21,493250,Amad Diallo,0,1,165,0.0,0.0,0.0
2020-21,472464,Shola Shoretire,0,0,9,0.0,0.0,0.0
2020-21,250370,Nathan Bishop,0,0,0,0.0,0.0,0.0
2020-21,449434,Anthony Elanga,1,0,155,0.0,0.0,0.0
2020-21,465527,Hannibal Mejbri,0,0,8,0.0,0.0,0.0
2020-21,461566,William Fish,0,0,1,0.0,0.0,0.0
2020-21,200089,Joseph Willock,8,0,1210,0.0,0.0,0.0
2020-21,40142,Andy Carroll,1,1,380,0.0,0.0,0.0
2020-21,50232,Jonjo Shelvey,1,3,2616,0.0,0.0,0.0
2020-21,56983,Matt Ritchie,0,5,1347,0.0,0.0,0.0
2020-21,57145,Federico Fernández,0,0,2080,0.0,0.0,0.0
2020-21,58845,Ciaran Clark,1,0,1890,0.0,0.0,0.0
2020-21,59735,Karl Darlow,0,0,2250,0.0,0.0,0.0
2020-21,67089,Martin Dubravka,0,0,1170,0.0,0.0,0.0
2020-21,77359,Florian Lejeune,0,0,0,0.0,0.0,0.0
2020-21,101148,Jamaal Lascelles,2,0,1625,0.0,0.0,0.0
2020-21,104547,Dwight Gayle,1,1,501,0.0,0.0,0.0
2020-21,104953,Christian Atsu,0,0,0,0.0,0.0,0.0
2020-21,106618,Paul Dummett,1,0,1254,0.0,0.0,0.0
2020-21,109528,Javier Manquillo,0,0,822,0.0,0.0,0.0
2020-21,111773,Emil Krafth,1,1,1286,0.0,0.0,0.0
2020-21,119471,Fabian Schär,1,0,1255,0.0,0.0,0.0
2020-21,151119,DeAndre Yedlin,0,0,435,0.0,0.0,0.0
2020-21,153127,Isaac Hayden,0,0,1942,0.0,0.0,0.0
2020-21,155513,Rolando Aarons,0,0,0,0.0,0.0,0.0
2020-21,170137,Allan Saint-Maximin,3,5,1554,0.0,0.0,0.0
2020-21,179018,Miguel Almirón,4,2,2426,0.0,0.0,0.0
2020-21,180974,Joelinton Cássio Apolinário de Lira,4,2,1979,0.0,0.0,0.0
2020-21,196118,Yoshinori Muto,0,0,0,0.0,0.0,0.0
2020-21,232977,Kelland Watts,0,0,0,0.0,0.0,0.0
2020-21,180135,Sean Longstaff,0,1,1405,0.0,0.0,0.0
2020-21,83314,Jeff Hendrick,2,1,1418,0.0,0.0,0.0
2020-21,223175,Matthew Longstaff,0,0,376,0.0,0.0,0.0
2020-21,81441,Mark Gillespie,0,0,0,0.0,0.0,0.0
2020-21,114243,Jacob Murphy,2,3,1617,0.0,0.0,0.0
2020-21,75115,Callum Wilson,12,6,2081,0.0,0.0,0.0
2020-21,90105,Ryan Fraser,0,4,922,0.0,0.0,0.0
2020-21,194799,Jamal Lewis,0,1,1833,0.0,0.0,0.0
2020-21,215379,Elliot Anderson,0,0,3,0.0,0.0,0.0
2020-21,432927,Daniel Langley,0,0,0,0.0,0.0,0.0
2020-21,195473,Rhian Brewster,0,0,1113,0.0,0.0,0.0
2020-21,18867,Billy Sharp,3,0,725,0.0,0.0,0.0
2020-21,27436,David McGoldrick,8,1,2391,0.0,0.0,0.0
2020-21,40386,Chris Basham,0,1,2576,0.0,0.0,0.0
2020-21,47247,John Fleck,0,3,2573,0.0,0.0,0.0
2020-21,63426,Enda Stevens,0,1,2700,0.0,0.0,0.0
2020-21,74854,Simon Moore,0,0,0,0.0,0.0,0.0
2020-21,79934,Oliver Norwood,0,0,2214,0.0,0.0,0.0
2020-21,82143,Wes Foderingham,0,0,0,0.0,0.0,0.0
2020-21,82691,George Baldock,0,2,2787,0.0,0.0,0.0
2020-21,83427,Jack Robinson,0,2,875,0.0,0.0,0.0
2020-21,108416,John Egan,0,1,2628,0.0,0.0,0.0
2020-21,146610,Jack O'Connell,0,0,180,0.0,0.0,0.0
2020-21,153723,John Lundstram,0,2,2027,0.0,0.0,0.0
2020-21,167878,Ben Osborn,1,0,1599,0.0,0.0,0.0
2020-21,169432,Oliver McBurnie,1,2,1316,0.0,0.0,0.0
2020-21,178304,Lys Mousset,0,0,287,0.0,0.0,0.0
2020-21,207189,Sander Berge,1,1,1119,0.0,0.0,0.0
2020-21,197937,Oliver Burke,1,2,1260,0.0,0.0,0.0
2020-21,49083,Luke Freeman,0,0,0,0.0,0.0,0.0
2020-21,225321,Aaron Ramsdale,0,0,3420,0.0,0.0,0.0
2020-21,199598,Ethan Ampadu,0,0,2087,0.0,0.0,0.0
2020-21,226182,Jayden Bogle,2,0,1107,0.0,0.0,0.0
2020-21,155197,Max Lowe,0,0,549,0.0,0.0,0.0
2020-21,7645,Phil Jagielka,0,0,524,0.0,0.0,0.0
2020-21,194126,Michael Verrips,0,0,0,0.0,0.0,0.0
2020-21,109638,Kean Bryan,1,0,1003,0.0,0.0,0.0
2020-21,487836,Antwoine Hackford,0,0,10,0.0,0.0,0.0
2020-21,478449,Kyron Gordon,0,0,0,0.0,0.0,0.0
2020-21,440993,Iliman Ndiaye,0,0,11,0.0,0.0,0.0
2020-21,481371,Zak Brunt,0,0,0,0.0,0.0,0.0
2020-21,531076,Frankie Maguire,0,0,0,0.0,0.0,0.0
2020-21,523700,Daniel Jebbison,1,0,283,0.0,0.0,0.0
2020-21,235640,Harry Boyes,0,0,0,0.0,0.0,0.0
2020-21,471848,Femi Seriki,0,0,1,0.0,0.0,0.0
2020-21,538207,William Osula,0,0,0,0.0,0.0,0.0
2020-21,20467,Theo Walcott,3,4,1629,0.0,0.0,0.0
2020-21,157882,Takumi Minamino,3,0,999,0.0,0.0,0.0
2020-21,20452,Shane Long,0,0,201,0.0,0.0,0.0
2020-21,40146,Ryan Bertrand,0,2,2598,0.0,0.0,0.0
2020-21,58376,Alex McCarthy,0,0,2700,0.0,0.0,0.0
2020-21,78056,Oriol Romeu Vidal,1,1,1762,0.0,0.0,0.0
2020-21,83283,Nathan Redmond,2,3,1727,0.0,0.0,0.0
2020-21,84939,Danny Ings,12,4,2172,0.0,0.0,0.0
2020-21,88900,Jack Stephens,0,0,1537,0.0,0.0,0.0
2020-21,91047,Stuart Armstrong,4,7,2764,0.0,0.0,0.0
2020-21,93100,Jannik Vestergaard,3,1,2574,0.0,0.0,0.0
2020-21,101178,James Ward-Prowse,8,7,3420,0.0,0.0,0.0
2020-21,107265,Angus Gunn,0,0,0,0.0,0.0,0.0
2020-21,128198,Sofiane Boufal,0,0,0,0.0,0.0,0.0
2020-21,153379,Josh Sims,0,0,0,0.0,0.0,0.0
2020-21,158534,Kyle Walker-Peters,0,3,2646,0.0,0.0,0.0
2020-21,171771,Jan Bednarek,1,1,3100,0.0,0.0,0.0
2020-21,200439,Che Adams,9,7,2662,0.0,0.0,0.0
2020-21,213482,Yan Valery,0,0,101,0.0,0.0,0.0
2020-21,214466,William Smallbone,0,0,171,0.0,0.0,0.0
2020-21,214470,Jake Vokins,0,0,66,0.0,0.0,0.0
2020-21,220598,Michael Obafemi,0,0,57,0.0,0.0,0.0
2020-21,431131,Moussa Djenepo,1,2,1229,0.0,0.0,0.0
2020-21,450527,Mohammed Salisu,0,0,841,0.0,0.0,0.0
2020-21,40383,Fraser Forster,0,0,720,0.0,0.0,0.0
2020-21,203389,Nathan Tella,1,2,735,0.0,0.0,0.0
2020-21,240143,Ibrahima Diallo,0,0,1010,0.0,0.0,0.0
2020-21,200088,Daniel N'Lundulu,0,0,102,0.0,0.0,0.0
2020-21,232797,Kayne Ramsay,0,0,90,0.0,0.0,0.0
2020-21,445896,Kgaogelo Chauke,0,0,0,0.0,0.0,0.0
2020-21,198044,Harry Lewis,0,0,0,0.0,0.0,0.0
2020-21,422306,Will Ferry,0,0,0,0.0,0.0,0.0
2020-21,447093,Allan Tchaptchet,0,0,12,0.0,0.0,0.0
2020-21,456966,Caleb Watts,0,0,36,0.0,0.0,0.0
2020-21,449781,Alexandre Jankewitz,0,0,2,0.0,0.0,0.0
2020-21,447372,Ryan Finnigan,0,0,0,0.0,0.0,0.0
2020-21,37915,Hugo Lloris,0,0,3420,0.0,0.0,0.0
2020-21,38290,Danny Rose,0,0,0,0.0,0.0,0.0
2020-21,45268,Moussa Sissoko,0,0,1576,0.0,0.0,0.0
2020-21,55605,Toby Alderweireld,1,0,2240,0.0,0.0,0.0
2020-21,62974,Erik Lamela,1,1,700,0.0,0.0,0.0
2020-21,78830,Harry Kane,23,14,3083,0.0,0.0,0.0
2020-21,80226,Serge Aurier,2,3,1605,0.0,0.0,0.0
2020-21,85971,Heung-Min Son,17,11,3119,0.0,0.0,0.0
2020-21,93264,Eric Dier,0,0,2520,0.0,0.0,0.0
2020-21,95715,Lucas Rodrigues Moura da Silva,3,5,1397,0.0,0.0,0.0
2020-21,102884,Paulo Gazzaniga,0,0,0,0.0,0.0,0.0
2020-21,108823,Bamidele Alli,0,2,613,0.0,0.0,0.0
2020-21,115556,Ben Davies,0,2,1340,0.0,0.0,0.0
2020-21,132015,Pierre-Emile Højbjerg,2,4,3420,0.0,0.0,0.0
2020-21,157668,Harry Winks,0,0,856,0.0,0.0,0.0
2020-21,173904,Davinson Sánchez,0,0,1486,0.0,0.0,0.0
2020-21,184349,Ryan Sessegnon,0,0,0,0.0,0.0,0.0
2020-21,194252,Steven Bergwijn,1,4,1202,0.0,0.0,0.0
2020-21,195774,Gedson Carvalho Fernandes,0,0,0,0.0,0.0,0.0
2020-21,199584,Japhet Tanganga,0,0,487,0.0,0.0,0.0
2020-21,200826,Giovani Lo Celso,1,1,939,0.0,0.0,0.0
2020-21,209042,Oliver Skipp,0,0,0,0.0,0.0,0.0
2020-21,231372,Tanguy Ndombele,3,3,2086,0.0,0.0,0.0
2020-21,234908,Juan Foyth,0,0,0,0.0,0.0,0.0
2020-21,87835,Matt Doherty,0,2,1238,0.0,0.0,0.0
2020-21,15749,Joe Hart,0,0,0,0.0,0.0,0.0
2020-21,168763,Cameron Carter-Vickers,0,0,0,0.0,0.0,0.0
2020-21,199249,Sergio Reguilón,0,6,2244,0.0,0.0,0.0
2020-21,36903,Gareth Bale,11,3,912,0.0,0.0,0.0
2020-21,245824,Carlos Vinicius Alves Morais,1,0,305,0.0,0.0,0.0
2020-21,214225,Joe Rodon,0,0,732,0.0,0.0,0.0
2020-21,496179,Alfie Devine,0,0,0,0.0,0.0,0.0
2020-21,490145,Dane Scarlett,0,0,1,0.0,0.0,0.0
2020-21,461212,Nile John,0,0,0,0.0,0.0,0.0
2020-21,154043,Ainsley Maitland-Niles,0,2,1714,0.0,0.0,0.0
2020-21,50093,David Button,0,0,90,0.0,0.0,0.0
2020-21,171975,Callum Robinson,5,3,1552,0.0,0.0,0.0
2020-21,42427,Kieran Gibbs,0,0,810,0.0,0.0,0.0
2020-21,49440,Hal Robson-Kanu,2,0,544,0.0,0.0,0.0
2020-21,49944,Jake Livermore,0,0,1241,0.0,0.0,0.0
2020-21,49957,Kamil Grosicki,0,1,147,0.0,0.0,0.0
2020-21,50229,Matt Phillips,2,1,1815,0.0,0.0,0.0
2020-21,59940,Kyle Bartley,3,1,2583,0.0,0.0,0.0
2020-21,61600,Romaine Sawyers,0,0,1486,0.0,0.0,0.0
2020-21,77777,Ahmed El-Sayed Hegazy,0,0,90,0.0,0.0,0.0
2020-21,78356,Charlie Austin,0,0,135,0.0,0.0,0.0
2020-21,82078,Kenneth Zohore,0,0,0,0.0,0.0,0.0
2020-21,101982,Sam Johnstone,0,1,3330,0.0,0.0,0.0
2020-21,108053,Conor Townsend,0,2,2234,0.0,0.0,0.0
2020-21,146426,Oluwasemilogo Adesewo Ibidapo Ajayi,2,1,2779,0.0,0.0,0.0
2020-21,173809,Jonathan Leko,0,0,0,0.0,0.0,0.0
2020-21,174593,Kyle Edwards,0,0,114,0.0,0.0,0.0
2020-21,176420,Darnell Furlong,1,3,2931,0.0,0.0,0.0
2020-21,195864,Sam Field,0,0,61,0.0,0.0,0.0
2020-21,216616,Dara O'Shea,0,0,2099,0.0,0.0,0.0
2020-21,232427,Rekeem Harper,0,0,30,0.0,0.0,0.0
2020-21,18987,Robert Snodgrass,0,0,528,0.0,0.0,0.0
2020-21,179830,Grady Diangana,1,0,1230,0.0,0.0,0.0
2020-21,210407,Matheus Pereira,11,7,2574,0.0,0.0,0.0
2020-21,183015,Cedric Kipre,0,0,0,0.0,0.0,0.0
2020-21,41135,Branislav Ivanovic,0,0,764,0.0,0.0,0.0
2020-21,232787,Conor Gallagher,2,2,2530,0.0,0.0,0.0
2020-21,200878,Filip Krovinovic,0,0,541,0.0,0.0,0.0
2020-21,180294,Karlan Grant,1,0,1120,0.0,0.0,0.0
2020-21,38716,Lee Peltier,0,0,228,0.0,0.0,0.0
2020-21,505265,Cheikh Diaby,0,0,0,0.0,0.0,0.0
2020-21,11948,Andy Lonergan,0,0,0,0.0,0.0,0.0
2020-21,164011,Mbaye Diagne,3,5,1188,0.0,0.0,0.0
2020-21,101394,Okay Yokuslu,0,1,1316,0.0,0.0,0.0
2020-21,470255,Caleb Taylor,0,0,0,0.0,0.0,0.0
2020-21,439242,Taylor Gardner-Hickman,0,0,0,0.0,0.0,0.0
2020-21,444575,Toby King,0,0,0,0.0,0.0,0.0
2020-21,490094,Tim Iroegbunam,0,0,0,0.0,0.0,0.0
2020-21,109322,Jesse Lingard,9,5,1423,0.0,0.0,0.0
2020-21,18073,Mark Noble,0,0,701,0.0,0.0,0.0
2020-21,19194,David Martin,0,0,0,0.0,0.0,0.0
2020-21,32259,Darren Randolph,0,0,270,0.0,0.0,0.0
2020-21,37096,Lukasz Fabianski,0,0,3150,0.0,0.0,0.0
2020-21,40669,Angelo Ogbonna,3,0,2492,0.0,0.0,0.0
2020-21,40694,Roberto Jimenez Gago,0,0,0,0.0,0.0,0.0
2020-21,54102,Jack Wilshere,0,0,0,0.0,0.0,0.0
2020-21,55459,Aaron Cresswell,0,11,3170,0.0,0.0,0.0
2020-21,56377,Andriy Yarmolenko,0,1,362,0.0,0.0,0.0
2020-21,57531,Michail Antonio,10,5,1972,0.0,0.0,0.0
2020-21,81012,Ryan Fredericks,1,1,564,0.0,0.0,0.0
2020-21,86934,Manuel Lanzini,1,1,556,0.0,0.0,0.0
2020-21,101537,Felipe Anderson Pereira Gomes,0,0,2,0.0,0.0,0.0
2020-21,103123,Sébastien Haller,3,0,932,0.0,0.0,0.0
2020-21,105717,Arthur Masuaku,0,2,1006,0.0,0.0,0.0
2020-21,166640,Fabián Balbuena,1,0,1197,0.0,0.0,0.0
2020-21,167522,Jordan Hugill,0,0,0,0.0,0.0,0.0
2020-21,178186,Jarrod Bowen,8,6,2556,0.0,0.0,0.0
2020-21,181008,Albian Ajeti,0,0,0,0.0,0.0,0.0
2020-21,204480,Declan Rice,2,1,2880,0.0,0.0,0.0
2020-21,215439,Tomas Soucek,10,2,3420,0.0,0.0,0.0
2020-21,217593,Pablo Fornals,5,7,2571,0.0,0.0,0.0
2020-21,219924,Issa Diop,2,0,1379,0.0,0.0,0.0
2020-21,222018,Ben Johnson,1,0,516,0.0,0.0,0.0
2020-21,164555,Vladimir Coufal,0,9,3054,0.0,0.0,0.0
2020-21,60232,Craig Dawson,3,0,1925,0.0,0.0,0.0
2020-21,172841,Saïd Benrahma,1,6,1376,0.0,0.0,0.0
2020-21,486870,Frederik Alves,0,0,0,0.0,0.0,0.0
2020-21,461533,Ademipo Odubeko,0,0,0,0.0,0.0,0.0
2020-21,222017,Conor Coventry,0,0,0,0.0,0.0,0.0
2020-21,462384,Jamal Baptiste,0,0,0,0.0,0.0,0.0
2020-21,232398,Nathan Trott,0,0,0,0.0,0.0,0.0
2020-21,19236,John Ruddy,0,0,91,0.0,0.0,0.0
2020-21,19624,João Filipe Iria Santos Moutinho,1,1,2526,0.0,0.0,0.0
2020-21,38533,Rui Pedro dos Santos Patrício,0,0,3330,0.0,0.0,0.0
2020-21,41727,Ryan Bennett,0,0,0,0.0,0.0,0.0
2020-21,90585,Willy Boly,1,1,1879,0.0,0.0,0.0
2020-21,94147,Conor Coady,1,0,3303,0.0,0.0,0.0
2020-21,102057,Raúl Jiménez,4,1,824,0.0,0.0,0.0
2020-21,107613,Romain Saïss,3,0,2407,0.0,0.0,0.0
2020-21,114128,Jonathan Castro Otto,0,0,496,0.0,0.0,0.0
2020-21,141569,Léo Bonatini,0,0,0,0.0,0.0,0.0
2020-21,151589,Leander Dendoncker,1,2,2498,0.0,0.0,0.0
2020-21,159533,Adama Traoré,2,4,2640,0.0,0.0,0.0
2020-21,171317,Rúben Diogo da Silva Neves,5,1,2670,0.0,0.0,0.0
2020-21,179456,Oskar Buur,0,0,22,0.0,0.0,0.0
2020-21,200600,Daniel Castelo Podence,3,2,1661,0.0,0.0,0.0
2020-21,214048,Max Kilman,0,1,1307,0.0,0.0,0.0
2020-21,216054,Rúben Gonçalo Silva Nascimento Vinagre,0,0,172,0.0,0.0,0.0
2020-21,216208,Matija Sarkic,0,0,0,0.0,0.0,0.0
2020-21,222531,Morgan Gibbs-White,1,0,407,0.0,0.0,0.0
2020-21,247632,Pedro Lomba Neto,5,8,2549,0.0,0.0,0.0
2020-21,428610,Bruno André Cavaco Jordao,0,0,0,0.0,0.0,0.0
2020-21,474003,Leonardo Campana,0,0,0,0.0,0.0,0.0
2020-21,449988,Fabio Silva,4,3,1352,0.0,0.0,0.0
2020-21,111291,Fernando Marçal,0,0,618,0.0,0.0,0.0
2020-21,437858,Vitor Ferreira,0,1,509,0.0,0.0,0.0
2020-21,441271,Ki-Jana Hoever,0,0,573,0.0,0.0,0.0
2020-21,200402,Nélson Cabral Semedo,1,3,2983,0.0,0.0,0.0
2020-21,225368,Meritan Shabani,0,0,0,0.0,0.0,0.0
2020-21,448514,Rayan Ait Nouri,1,1,1400,0.0,0.0,0.0
2020-21,250604,Owen Otasowie,0,1,185,0.0,0.0,0.0
2020-21,443296,Theo Corbeanu,0,0,8,0.0,0.0,0.0
2020-21,232361,Taylor Perry,0,0,0,0.0,0.0,0.0
2020-21,245923,Luke Cundle,0,0,0,0.0,0.0,0.0
2020-21,437688,Lewis Richards,0,0,0,0.0,0.0,0.0
2020-21,481626,Christian Marques,0,0,0,0.0,0.0,0.0
2020-21,448487,Andreas Söndergaard,0,0,0,0.0,0.0,0.0
2020-21,209353,Patrick Cutrone,0,0,23,0.0,0.0,0.0
2020-21,465551,Nigel Lonwijk,0,0,0,0.0,0.0,0.0
2020-21,73314,Willian José Da Silva,1,1,1106,0.0,0.0,0.0
2020-21,490721,Hugo Bueno,0,0,0,0.0,0.0,0.0
2021-22,80201,Bernd Leno,0,0,360,0.0,0.0,0.0
2021-22,115918,Rúnar Alex Rúnarsson,0,0,0,0.0,0.0,0.0
2021-22,47431,Willian Borges Da Silva,0,0,0,0.0,0.0,0.0
2021-22,54694,Pierre-Emerick Aubameyang,4,1,1036,0.0,0.0,0.0
2021-22,58822,Cédric Soares,1,1,1481,0.0,0.0,0.0
2021-22,59966,Alexandre Lacazette,4,8,1773,0.0,0.0,0.0
2021-22,84450,Granit Xhaka,1,2,2327,0.0,0.0,0.0
2021-22,92371,Pablo Marí,0,0,180,0.0,0.0,0.0
2021-22,98745,Héctor Bellerín,0,0,0,0.0,0.0,0.0
2021-22,111457,Sead Kolasinac,0,0,91,0.0,0.0,0.0
2021-22,153256,Mohamed Naser El Sayed Elneny,0,2,801,0.0,0.0,0.0
2021-22,154043,Ainsley Maitland-Niles,0,0,263,0.0,0.0,0.0
2021-22,156074,Rob Holding,1,0,840,0.0,0.0,0.0
2021-22,167199,Thomas Partey,2,2,2027,0.0,0.0,0.0
2021-22,192895,Kieran Tierney,1,3,1916,0.0,0.0,0.0
2021-22,195735,Nicolas Pépé,1,4,681,0.0,0.0,0.0
2021-22,198849,Lucas Torreira,0,0,0,0.0,0.0,0.0
2021-22,205533,Edward Nketiah,5,1,823,0.0,0.0,0.0
2021-22,209289,Emile Smith Rowe,10,2,1909,0.0,0.0,0.0
2021-22,223340,Bukayo Saka,11,9,2978,0.0,0.0,0.0
2021-22,226597,Gabriel Magalhães,5,0,3063,0.0,0.0,0.0
2021-22,233963,Konstantinos Mavropanos,0,0,0,0.0,0.0,0.0
2021-22,242166,Mattéo Guendouzi,0,0,0,0.0,0.0,0.0
2021-22,444145,Gabriel Teodoro Martinelli Silva,6,7,1855,0.0,0.0,0.0
2021-22,462424,William Saliba,0,0,0,0.0,0.0,0.0
2021-22,198869,Ben White,0,0,2880,0.0,0.0,0.0
2021-22,437626,Nuno Varela Tavares,1,1,1169,0.0,0.0,0.0
2021-22,437742,Albert Sambi Lokonga,0,0,1129,0.0,0.0,0.0
2021-22,232223,Folarin Balogun,0,0,69,0.0,0.0,0.0
2021-22,200641,Reiss Nelson,0,0,19,0.0,0.0,0.0
2021-22,463748,Karl Hein,0,0,0,0.0,0.0,0.0
2021-22,184029,Martin Ødegaard,7,4,2782,0.0,0.0,0.0
2021-22,225321,Aaron Ramsdale,0,0,3060,0.0,0.0,0.0
2021-22,220682,Arthur Okonkwo,0,0,0,0.0,0.0,0.0
2021-22,223723,Takehiro Tomiyasu,0,1,1680,0.0,0.0,0.0
2021-22,450544,Charlie Patino,0,0,0,0.0,0.0,0.0
2021-22,503301,Omari Hutchinson,0,0,0,0.0,0.0,0.0
2021-22,498046,Salah-Eddine Oulad M'hand,0,0,0,0.0,0.0,0.0
2021-22,444880,Mika Biereth,0,0,0,0.0,0.0,0.0
2021-22,461023,Ryan Alebiosu,0,0,0,0.0,0.0,0.0
2021-22,490887,Zach Awe,0,0,0,0.0,0.0,0.0
2021-22,232245,Zak Swanson,0,0,0,0.0,0.0,0.0
2021-22,449444,Mazeed Ogungbo,0,0,0,0.0,0.0,0.0
2021-22,493928,Marcelo Flores,0,0,0,0.0,0.0,0.0
2021-22,439482,Miguel Azeez,0,0,0,0.0,0.0,0.0
2021-22,450553,Alex Kirk,0,0,0,0.0,0.0,0.0
2021-22,101184,Calum Chambers,1,0,999,0.0,0.0,0.0
2021-22,79852,Jed Steer,0,0,90,0.0,0.0,0.0
2021-22,85242,Conor Hourihane,0,0,0,0.0,0.0,0.0
2021-22,98980,Emiliano Martínez,0,0,3240,0.0,0.0,0.0
2021-22,108156,Björn Engels,0,0,0,0.0,0.0,0.0
2021-22,110504,Bertrand Traoré,0,1,212,0.0,0.0,0.0
2021-22,122775,Morgan Sanson,0,0,349,0.0,0.0,0.0
2021-22,122806,John McGinn,3,4,3090,0.0,0.0,0.0
2021-22,123354,Kortney Hause,1,0,397,0.0,0.0,0.0
2021-22,148508,Mahmoud Ahmed Ibrahim Hassan,0,0,10,0.0,0.0,0.0
2021-22,149484,Tyrone Mings,1,4,3188,0.0,0.0,0.0
2021-22,178301,Ollie Watkins,11,3,2950,0.0,0.0,0.0
2021-22,184704,Marvelous Nakamba,0,0,899,0.0,0.0,0.0
2021-22,195546,Emiliano Buendía Stati,4,6,1887,0.0,0.0,0.0
2021-22,199796,Matthew Cash,4,3,3377,0.0,0.0,0.0
2021-22,199798,Ezri Konsa Ngoyo,2,0,2477,0.0,0.0,0.0
2021-22,203368,Frédéric Guilbert,0,0,0,0.0,0.0,0.0
2021-22,213345,Wesley Moraes,0,0,1,0.0,0.0,0.0
2021-22,217487,Mbwana Ally Samatta,0,0,0,0.0,0.0,0.0
2021-22,221239,Keinan Davis,0,0,11,0.0,0.0,0.0
2021-22,230046,Douglas Luiz Soares de Paulo,2,3,2715,0.0,0.0,0.0
2021-22,232653,Jacob Ramsey,6,1,2465,0.0,0.0,0.0
2021-22,18892,Ashley Young,0,2,1234,0.0,0.0,0.0
2021-22,101188,Lucas Digne,0,4,2440,0.0,0.0,0.0
2021-22,84939,Danny Ings,7,6,1891,0.0,0.0,0.0
2021-22,215711,Leon Bailey,1,3,750,0.0,0.0,0.0
2021-22,447715,Aaron Ramsey,0,0,0,0.0,0.0,0.0
2021-22,481624,Jaden Philogene-Bidace,0,0,4,0.0,0.0,0.0
2021-22,478912,Carney Chukwuemeka,0,1,291,0.0,0.0,0.0
2021-22,433979,Cameron Archer,0,0,24,0.0,0.0,0.0
2021-22,248164,Viljami Sinisalo,0,0,0,0.0,0.0,0.0
2021-22,515597,Lamare Bogarde,0,0,0,0.0,0.0,0.0
2021-22,490094,Tim Iroegbunam,0,0,90,0.0,0.0,0.0
2021-22,462381,Filip Marschall,0,0,0,0.0,0.0,0.0
2021-22,536110,Josh Feeney,0,0,0,0.0,0.0,0.0
2021-22,84583,Philippe Coutinho Correia,5,3,1327,0.0,0.0,0.0
2021-22,465390,Kaine Hayden,0,0,0,0.0,0.0,0.0
2021-22,111782,Robin Olsen,0,0,90,0.0,0.0,0.0
2021-22,487835,Benjamin Chrisene,0,0,0,0.0,0.0,0.0
2021-22,515599,Tommi O'Reilly,0,0,0,0.0,0.0,0.0
2021-22,61810,Pontus Jansson,3,4,3321,0.0,0.0,0.0
2021-22,128295,Christian Nørgaard,3,4,3054,0.0,0.0,0.0
2021-22,144485,Ivan Toney,12,5,2908,0.0,0.0,0.0
2021-22,154138,Tariqe Fosu-Henry,0,0,16,0.0,0.0,0.0
2021-22,154561,David Raya Martin,0,0,2160,0.0,0.0,0.0
2021-22,174932,Sergi Canós,3,3,2077,0.0,0.0,0.0
2021-22,183656,Pelenda Joshua Dasilva,0,0,250,0.0,0.0,0.0
2021-22,194010,Rico Henry,3,0,2775,0.0,0.0,0.0
2021-22,204580,Vitaly Janelt,4,0,2295,0.0,0.0,0.0
2021-22,205836,Saman Ghoddos,1,2,524,0.0,0.0,0.0
2021-22,207283,Mathias Jensen,0,1,1590,0.0,0.0,0.0
2021-22,213687,Charlie Goode,0,0,448,0.0,0.0,0.0
2021-22,216620,Marcus Forss,0,1,203,0.0,0.0,0.0
2021-22,226956,Mads Roerslev Rasmussen,1,1,1232,0.0,0.0,0.0
2021-22,228044,Mads Bech Sørensen,0,0,833,0.0,0.0,0.0
2021-22,231065,Ethan Pinnock,1,1,2694,0.0,0.0,0.0
2021-22,235448,Ellery Balcombe,0,0,0,0.0,0.0,0.0
2021-22,420922,Jan Zamburek,0,0,0,0.0,0.0,0.0
2021-22,434024,Patrik Gunnarsson,0,0,0,0.0,0.0,0.0
2021-22,434662,Halil Dervişoğlu,0,0,0,0.0,0.0,0.0
2021-22,446008,Bryan Mbeumo,4,7,2905,0.0,0.0,0.0
2021-22,481405,Mads Bidstrup,0,0,36,0.0,0.0,0.0
2021-22,428580,Frank Onyeka,0,2,1040,0.0,0.0,0.0
2021-22,191866,Kristoffer Ajer,1,3,1995,0.0,0.0,0.0
2021-22,232247,Dominic Thompson,0,0,146,0.0,0.0,0.0
2021-22,432160,Shandon Baptiste,1,0,898,0.0,0.0,0.0
2021-22,216646,Yoane Wissa,7,2,1268,0.0,0.0,0.0
2021-22,240796,Álvaro Fernández,0,0,1080,0.0,0.0,0.0
2021-22,450550,Finley Stevens,0,0,14,0.0,0.0,0.0
2021-22,48760,Mathias Jorgensen,1,0,516,0.0,0.0,0.0
2021-22,220695,Paris Maghoma,0,0,0,0.0,0.0,0.0
2021-22,503300,Matthew Cox,0,0,0,0.0,0.0,0.0
2021-22,461558,Maxwell Haygarth,0,0,0,0.0,0.0,0.0
2021-22,460029,Nathan Young-Coombes,0,0,3,0.0,0.0,0.0
2021-22,450539,Myles Peart-Harris,0,0,0,0.0,0.0,0.0
2021-22,57513,Jonas Lössl,0,0,180,0.0,0.0,0.0
2021-22,80607,Christian Eriksen,1,4,938,0.0,0.0,0.0
2021-22,121570,Julian Jeanvier,0,0,0,0.0,0.0,0.0
2021-22,39155,Adam Lallana,0,1,1559,0.0,0.0,0.0
2021-22,49262,Jason Steele,0,0,90,0.0,0.0,0.0
2021-22,60307,Pascal Groß,2,5,2033,0.0,0.0,0.0
2021-22,61933,Shane Duffy,1,1,1434,0.0,0.0,0.0
2021-22,66242,Davy Pröpper,0,0,0,0.0,0.0,0.0
2021-22,83299,Lewis Dunk,1,0,2573,0.0,0.0,0.0
2021-22,109345,Solomon March,0,2,1733,0.0,0.0,0.0
2021-22,110735,Adam Webster,2,0,1429,0.0,0.0,0.0
2021-22,111478,Joël Veltman,1,1,2874,0.0,0.0,0.0
2021-22,115382,Neal Maupay,8,3,2269,0.0,0.0,0.0
2021-22,116216,Leandro Trossard,8,4,2803,0.0,0.0,0.0
2021-22,131897,Mathew Ryan,0,0,0,0.0,0.0,0.0
2021-22,165210,Alireza Jahanbakhsh,0,0,0,0.0,0.0,0.0
2021-22,209362,Bernardo Fernandes Da Silva Junior,0,0,0,0.0,0.0,0.0
2021-22,215059,Robert Sánchez,0,0,3330,0.0,0.0,0.0
2021-22,227127,Yves Bissouma,1,2,2110,0.0,0.0,0.0
2021-22,232792,Tariq Lamptey,0,2,1547,0.0,0.0,0.0
2021-22,233425,Aaron Connolly,0,0,154,0.0,0.0,0.0
2021-22,235382,Steven Alzate,0,0,401,0.0,0.0,0.0
2021-22,243016,Alexis Mac Allister,5,2,2112,0.0,0.0,0.0
2021-22,243505,Jakub Moder,0,3,1694,0.0,0.0,0.0
2021-22,50175,Danny Welbeck,6,4,1469,0.0,0.0,0.0
2021-22,423649,Enock Mwepu,2,5,990,0.0,0.0,0.0
2021-22,240514,Kjell Scherpen,0,0,0,0.0,0.0,0.0
2021-22,93284,Florin Andone,0,0,0,0.0,0.0,0.0
2021-22,204676,Andi Zeqiri,0,0,0,0.0,0.0,0.0
2021-22,442229,Michal Karbownik,0,0,0,0.0,0.0,0.0
2021-22,209045,Taylor Richards,0,0,23,0.0,0.0,0.0
2021-22,486672,Moisés Caicedo,1,1,660,0.0,0.0,0.0
2021-22,433589,Haydon Roberts,0,0,0,0.0,0.0,0.0
2021-22,179268,Marc Cucurella,1,1,3089,0.0,0.0,0.0
2021-22,106757,Jürgen Locadia,0,0,22,0.0,0.0,0.0
2021-22,441192,Jeremy Sarmiento,0,0,44,0.0,0.0,0.0
2021-22,448496,Ed Turns,0,0,0,0.0,0.0,0.0
2021-22,433138,Marc Leonard,0,0,0,0.0,0.0,0.0
2021-22,487117,Evan Ferguson,0,0,22,0.0,0.0,0.0
2021-22,209288,Thomas McGill,0,0,0,0.0,0.0,0.0
2021-22,445548,Odeluga Offiah,0,0,0,0.0,0.0,0.0
2021-22,17761,James Tarkowski,1,2,3106,0.0,0.0,0.0
2021-22,17997,Phil Bardsley,0,0,0,0.0,0.0,0.0
2021-22,39487,Erik Pieters,0,1,726,0.0,0.0,0.0
2021-22,40145,Jack Cork,1,0,1670,0.0,0.0,0.0
2021-22,40845,Dale Stephens,0,0,123,0.0,0.0,0.0
2021-22,41674,Kevin Long,0,0,408,0.0,0.0,0.0
2021-22,44683,Jay Rodriguez,2,3,1365,0.0,0.0,0.0
2021-22,44699,Ashley Barnes,1,0,793,0.0,0.0,0.0
2021-22,51927,Ben Mee,3,0,1839,0.0,0.0,0.0
2021-22,60551,Ashley Westwood,0,4,2286,0.0,0.0,0.0
2021-22,60586,Johann Berg Gudmundsson,0,1,1097,0.0,0.0,0.0
2021-22,68983,Matthew Lowton,1,3,1771,0.0,0.0,0.0
2021-22,81183,Matej Vydra,2,3,665,0.0,0.0,0.0
2021-22,98747,Nick Pope,0,0,3240,0.0,0.0,0.0
2021-22,103914,Charlie Taylor,0,3,2730,0.0,0.0,0.0
2021-22,168399,Will Norris,0,0,0,0.0,0.0,0.0
2021-22,172782,Josh Brownhill,2,3,2952,0.0,0.0,0.0
2021-22,217401,Josh Benson,0,0,0,0.0,0.0,0.0
2021-22,220037,Bailey Peacock-Farrell,0,0,0,0.0,0.0,0.0
2021-22,433154,Dwight McNeil,0,1,3104,0.0,0.0,0.0
2021-22,432830,Nathan Collins,2,0,1670,0.0,0.0,0.0
2021-22,20066,Wayne Hennessey,0,0,180,0.0,0.0,0.0
2021-22,461096,Lewis Richardson,0,0,0,0.0,0.0,0.0
2021-22,461102,Bobby Thomas,0,0,0,0.0,0.0,0.0
2021-22,461567,Owen Dodgson,0,0,0,0.0,0.0,0.0
2021-22,17349,Aaron Lennon,2,1,1541,0.0,0.0,0.0
2021-22,149519,Maxwel Cornet,9,2,1764,0.0,0.0,0.0
2021-22,192290,Connor Roberts,1,1,1689,0.0,0.0,0.0
2021-22,120202,Wout Weghorst,2,3,1448,0.0,0.0,0.0
2021-22,514229,Sam Waller,0,0,0,0.0,0.0,0.0
2021-22,530873,Dara Costelloe,0,0,0,0.0,0.0,0.0
2021-22,461080,Joseph McGlynn,0,0,0,0.0,0.0,0.0
2021-22,465299,Anthony Mancini,0,0,0,0.0,0.0,0.0
2021-22,41328,César Azpilicueta,1,3,2067,0.0,0.0,0.0
2021-22,44346,Olivier Giroud,0,0,0,0.0,0.0,0.0
2021-22,51090,Thiago Emiliano da Silva,3,1,2649,0.0,0.0,0.0
2021-22,82263,Marcos Alonso,4,5,2164,0.0,0.0,0.0
2021-22,85955,Jorge Luiz Frello Filho,6,2,2271,0.0,0.0,0.0
2021-22,88894,Ross Barkley,1,0,174,0.0,0.0,0.0
2021-22,91651,Mateo Kovacic,2,5,1552,0.0,0.0,0.0
2021-22,94245,Michy Batshuayi,0,0,0,0.0,0.0,0.0
2021-22,102380,Antonio Rüdiger,3,3,3035,0.0,0.0,0.0
2021-22,109745,Kepa Arrizabalaga,0,0,360,0.0,0.0,0.0
2021-22,116594,N'Golo Kanté,2,5,1769,0.0,0.0,0.0
2021-22,124183,Hakim Ziyech,4,3,1311,0.0,0.0,0.0
2021-22,126187,Ruben Loftus-Cheek,0,3,1384,0.0,0.0,0.0
2021-22,135363,Andreas Christensen,0,0,1494,0.0,0.0,0.0
2021-22,165153,Timo Werner,4,2,1278,0.0,0.0,0.0
2021-22,172850,Benjamin Chilwell,3,1,541,0.0,0.0,0.0
2021-22,173879,Tammy Abraham,0,0,0,0.0,0.0,0.0
2021-22,176413,Christian Pulisic,6,2,1282,0.0,0.0,0.0
2021-22,184341,Mason Mount,11,11,2358,0.0,0.0,0.0
2021-22,199598,Ethan Ampadu,0,0,0,0.0,0.0,0.0
2021-22,209046,Callum Hudson-Odoi,1,4,958,0.0,0.0,0.0
2021-22,219847,Kai Havertz,8,4,1802,0.0,0.0,0.0
2021-22,225796,Reece James,5,9,1863,0.0,0.0,0.0
2021-22,228286,Edouard Mendy,0,0,3060,0.0,0.0,0.0
2021-22,204727,Malang Sarr,0,0,544,0.0,0.0,0.0
2021-22,180736,Trevoh Chalobah,3,1,1447,0.0,0.0,0.0
2021-22,66749,Romelu Lukaku,8,1,1583,0.0,0.0,0.0
2021-22,109533,Emerson Palmieri dos Santos,0,0,4,0.0,0.0,0.0
2021-22,89335,Saúl Ñíguez,0,1,478,0.0,0.0,0.0
2021-22,122074,Marcus Bettinelli,0,0,0,0.0,0.0,0.0
2021-22,487838,Lewis Hall,0,0,0,0.0,0.0,0.0
2021-22,491785,Harvey Vale,0,0,0,0.0,0.0,0.0
2021-22,167767,Robert Kenedy Nunes do Nascimento,0,1,58,0.0,0.0,0.0
2021-22,232787,Conor Gallagher,8,6,2843,0.0,0.0,0.0
2021-22,40836,Vicente Guaita,0,0,2655,0.0,0.0,0.0
2021-22,49413,James Tomkins,1,0,545,0.0,0.0,0.0
2021-22,50471,James McArthur,0,4,1434,0.0,0.0,0.0
2021-22,54861,Christian Benteke,4,1,1132,0.0,0.0,0.0
2021-22,55037,Cheikhou Kouyaté,0,1,1970,0.0,0.0,0.0
2021-22,58786,Martin Kelly,0,0,0,0.0,0.0,0.0
2021-22,66975,Luka Milivojevic,0,0,767,0.0,0.0,0.0
2021-22,80146,Jordan Ayew,3,4,2012,0.0,0.0,0.0
2021-22,82403,Wilfried Zaha,14,2,2759,0.0,0.0,0.0
2021-22,86417,Jeffrey Schlupp,4,2,1840,0.0,0.0,0.0
2021-22,105666,Jack Butland,0,0,765,0.0,0.0,0.0
2021-22,173954,Jairo Riedewald,0,0,116,0.0,0.0,0.0
2021-22,185478,Jarosław Jach,0,0,0,0.0,0.0,0.0
2021-22,231747,Jean-Philippe Mateta,5,1,1138,0.0,0.0,0.0
2021-22,232413,Eberechi Eze,1,1,599,0.0,0.0,0.0
2021-22,232423,Nathan Ferguson,0,0,8,0.0,0.0,0.0
2021-22,244723,Tyrick Mitchell,0,2,3101,0.0,0.0,0.0
2021-22,108413,Will Hughes,0,2,1050,0.0,0.0,0.0
2021-22,443661,Michael Olise,2,6,1127,0.0,0.0,0.0
2021-22,55494,Joel Ward,0,0,2486,0.0,0.0,0.0
2021-22,209036,Marc Guéhi,2,1,3222,0.0,0.0,0.0
2021-22,174874,Joachim Andersen,0,4,2914,0.0,0.0,0.0
2021-22,57328,Nathaniel Clyne,0,1,1351,0.0,0.0,0.0
2021-22,223824,Reece Hannam,0,0,0,0.0,0.0,0.0
2021-22,450542,Jesurun Rak-Sakyi,0,0,79,0.0,0.0,0.0
2021-22,448482,Robert Street,0,0,0,0.0,0.0,0.0
2021-22,462831,Scott Banks,0,0,0,0.0,0.0,0.0
2021-22,169593,Remi Matthews,0,0,0,0.0,0.0,0.0
2021-22,199670,Odsonne Edouard,6,4,1554,0.0,0.0,0.0
2021-22,501468,Tayo Adaramola,0,0,0,0.0,0.0,0.0
2021-22,193488,Anwar El Ghazi,1,1,392,0.0,0.0,0.0
2021-22,41823,Fabian Delph,0,0,660,0.0,0.0,0.0
2021-22,55422,Gylfi Sigurdsson,0,0,0,0.0,0.0,0.0
2021-22,59949,Seamus Coleman,1,1,2656,0.0,0.0,0.0
2021-22,60025,James Rodríguez,0,0,0,0.0,0.0,0.0
2021-22,100649,Bernard Anício Caldeira Duarte,0,0,0,0.0,0.0,0.0
2021-22,106611,Michael Keane,3,2,2791,0.0,0.0,0.0
2021-22,111234,Jordan Pickford,0,0,3150,0.0,0.0,0.0
2021-22,119765,Allan Marques Loureiro,0,3,2181,0.0,0.0,0.0
2021-22,120250,André Filipe Tavares Gomes,0,1,614,0.0,0.0,0.0
2021-22,121599,Abdoulaye Doucouré,2,5,2536,0.0,0.0,0.0
2021-22,153133,Alex Iwobi,2,2,2029,0.0,0.0,0.0
2021-22,164511,Yerry Mina,0,0,844,0.0,0.0,0.0
2021-22,173807,Tom Davies,1,0,230,0.0,0.0,0.0
2021-22,177815,Dominic Calvert-Lewin,5,2,1281,0.0,0.0,0.0
2021-22,194164,Mason Holgate,2,2,2133,0.0,0.0,0.0
2021-22,198826,Ben Godfrey,0,0,2029,0.0,0.0,0.0
2021-22,212319,Richarlison de Andrade,10,6,2522,0.0,0.0,0.0
2021-22,222627,João Virgínia,0,0,0,0.0,0.0,0.0
2021-22,180184,Donny van de Beek,2,0,550,0.0,0.0,0.0
2021-22,108823,Bamidele Alli,1,0,985,0.0,0.0,0.0
2021-22,40349,Asmir Begović,0,0,270,0.0,0.0,0.0
2021-22,60252,Andros Townsend,3,2,1452,0.0,0.0,0.0
2021-22,172632,Demarai Gray,5,5,2336,0.0,0.0,0.0
2021-22,153673,Jonjoe Kenny,0,1,1015,0.0,0.0,0.0
2021-22,232826,Anthony Gordon,4,3,2277,0.0,0.0,0.0
2021-22,160987,Jean-Philippe Gbamin,0,0,65,0.0,0.0,0.0
2021-22,480455,Jarrad Branthwaite,1,0,387,0.0,0.0,0.0
2021-22,173818,Nathan Broadhead,0,0,0,0.0,0.0,0.0
2021-22,242058,Moise Kean,0,0,1,0.0,0.0,0.0
2021-22,495542,Niels Nkounkou,0,0,0,0.0,0.0,0.0
2021-22,11948,Andy Lonergan,0,0,0,0.0,0.0,0.0
2021-22,57134,Salomón Rondón,1,1,779,0.0,0.0,0.0
2021-22,218997,Ellis Simms,0,0,61,0.0,0.0,0.0
2021-22,461421,Lewis Dobbin,0,0,30,0.0,0.0,0.0
2021-22,491556,Charlie Whitaker,0,0,0,0.0,0.0,0.0
2021-22,447325,Harry Tyrer,0,0,0,0.0,0.0,0.0
2021-22,66838,Cenk Tosun,0,0,5,0.0,0.0,0.0
2021-22,474907,Reece Welch,0,0,0,0.0,0.0,0.0
2021-22,461446,Tyler Onyango,0,0,27,0.0,0.0,0.0
2021-22,243571,Nathan Patterson,0,0,0,0.0,0.0,0.0
2021-22,224967,Vitalii Mykolenko,1,1,1054,0.0,0.0,0.0
2021-22,491559,Isaac Price,0,0,13,0.0,0.0,0.0
2021-22,17745,Kasper Schmeichel,0,0,3330,0.0,0.0,0.0
2021-22,37642,Jonny Evans,1,1,1346,0.0,0.0,0.0
2021-22,51938,Marc Albrighton,1,2,1127,0.0,0.0,0.0
2021-22,86881,Nampalys Mendy,0,0,1032,0.0,0.0,0.0
2021-22,95463,Danny Ward,0,0,90,0.0,0.0,0.0
2021-22,101668,Jamie Vardy,15,3,1801,0.0,0.0,0.0
2021-22,106837,Dennis Praet,0,0,0,0.0,0.0,0.0
2021-22,111931,Ricardo Domingos Barbosa Pereira,1,3,990,0.0,0.0,0.0
2021-22,155569,Daniel Amartey,0,0,2118,0.0,0.0,0.0
2021-22,166477,Timothy Castagne,1,0,2124,0.0,0.0,0.0
2021-22,166989,Youri Tielemans,6,4,2629,0.0,0.0,0.0
2021-22,168580,Ayoze Pérez,2,3,438,0.0,0.0,0.0
2021-22,172780,James Maddison,12,11,2454,0.0,0.0,0.0
2021-22,173515,Kelechi Iheanacho,4,6,1253,0.0,0.0,0.0
2021-22,197469,Hamza Choudhury,0,0,284,0.0,0.0,0.0
2021-22,201666,Harvey Barnes,6,12,2095,0.0,0.0,0.0
2021-22,203341,Wilfred Ndidi,0,1,1617,0.0,0.0,0.0
2021-22,218031,Çaglar Söyüncü,1,0,2497,0.0,0.0,0.0
2021-22,220627,James Justin,0,0,996,0.0,0.0,0.0
2021-22,244619,Luke Thomas,0,1,1911,0.0,0.0,0.0
2021-22,444463,Wesley Fofana,0,0,630,0.0,0.0,0.0
2021-22,93100,Jannik Vestergaard,0,0,563,0.0,0.0,0.0
2021-22,245419,Patson Daka,5,3,1152,0.0,0.0,0.0
2021-22,225902,Boubakary Soumaré,0,1,1095,0.0,0.0,0.0
2021-22,40146,Ryan Bertrand,0,0,337,0.0,0.0,0.0
2021-22,215413,Kiernan Dewsbury-Hall,1,2,2101,0.0,0.0,0.0
2021-22,11974,Eldin Jakupovic,0,0,0,0.0,0.0,0.0
2021-22,219352,Ademola Lookman,6,0,1446,0.0,0.0,0.0
2021-22,232229,Vontae Daley-Campbell,0,0,0,0.0,0.0,0.0
2021-22,501770,Ben Nelson,0,0,0,0.0,0.0,0.0
2021-22,232620,Lewis Brunt,0,0,23,0.0,0.0,0.0
2021-22,461587,Kasey McAteer,0,0,2,0.0,0.0,0.0
2021-22,28690,Pablo Hernández Domínguez,0,0,0,0.0,0.0,0.0
2021-22,39790,Francisco Casilla Cortés,0,0,0,0.0,0.0,0.0
2021-22,55914,Liam Cooper,0,2,1814,0.0,0.0,0.0
2021-22,66588,Luke Ayling,2,3,2272,0.0,0.0,0.0
2021-22,72222,Mateusz Klich,1,2,2071,0.0,0.0,0.0
2021-22,80954,Rodrigo Moreno,6,2,2263,0.0,0.0,0.0
2021-22,87873,Stuart Dallas,1,1,2920,0.0,0.0,0.0
2021-22,106617,Patrick Bamford,2,2,557,0.0,0.0,0.0
2021-22,149915,Diego Llorente,3,0,2341,0.0,0.0,0.0
2021-22,155405,Kalvin Phillips,0,1,1594,0.0,0.0,0.0
2021-22,165808,Hélder Wander Sousa de Azevedo e Costa,0,0,21,0.0,0.0,0.0
2021-22,173821,Tyler Roberts,1,1,976,0.0,0.0,0.0
2021-22,193645,Robin Koch,0,0,1572,0.0,0.0,0.0
2021-22,215460,Ian Carlo Poveda-Ocampo,0,0,0,0.0,0.0,0.0
2021-22,219961,Raphael Dias Belloli,11,4,2916,0.0,0.0,0.0
2021-22,221610,Jamie Shackleton,0,1,704,0.0,0.0,0.0
2021-22,222694,Pascal Struijk,1,1,2050,0.0,0.0,0.0
2021-22,437495,Illan Meslier,0,0,3384,0.0,0.0,0.0
2021-22,221399,Jack Harrison,8,1,2638,0.0,0.0,0.0
2021-22,200617,Daniel James,4,5,2489,0.0,0.0,0.0
2021-22,443967,Héctor Junior Firpo Adames,0,2,1709,0.0,0.0,0.0
2021-22,223081,Kristoffer Klaesson,0,0,35,0.0,0.0,0.0
2021-22,248937,Sam Greenwood,0,2,231,0.0,0.0,0.0
2021-22,450070,Crysencio Summerville,0,0,126,0.0,0.0,0.0
2021-22,80179,Adam Forshaw,0,1,1526,0.0,0.0,0.0
2021-22,433590,Cody Drameh,0,0,126,0.0,0.0,0.0
2021-22,492373,Charlie Cresswell,0,0,140,0.0,0.0,0.0
2021-22,464618,Liam McCarron,0,0,9,0.0,0.0,0.0
2021-22,462635,Joe Gelhardt,2,4,733,0.0,0.0,0.0
2021-22,469249,Nohan Kenneh,0,0,0,0.0,0.0,0.0
2021-22,473342,Stuart McKinstry,0,0,3,0.0,0.0,0.0
2021-22,477547,Leo Fuhr Hjelde,0,0,148,0.0,0.0,0.0
2021-22,450529,Lewis Bate,0,0,145,0.0,0.0,0.0
2021-22,492374,Jack Jenkins,0,0,0,0.0,0.0,0.0
2021-22,513852,Kris Moore,0,0,0,0.0,0.0,0.0
2021-22,547701,Archie Gray,0,0,0,0.0,0.0,0.0
2021-22,15157,James Milner,0,1,844,0.0,0.0,0.0
2021-22,56979,Jordan Henderson,2,5,2592,0.0,0.0,0.0
2021-22,60706,Adrián San Miguel del Castillo,0,0,0,0.0,0.0,0.0
2021-22,60914,Joel Matip,3,3,2790,0.0,0.0,0.0
2021-22,61558,Thiago Alcántara do Nascimento,1,4,1527,0.0,0.0,0.0
2021-22,68312,Xherdan Shaqiri,0,0,0,0.0,0.0,0.0
2021-22,81880,Alex Oxlade-Chamberlain,2,1,777,0.0,0.0,0.0
2021-22,92217,Roberto Firmino,5,4,980,0.0,0.0,0.0
2021-22,97032,Virgil van Dijk,3,3,3060,0.0,0.0,0.0
2021-22,110979,Sadio Mané,16,5,2818,0.0,0.0,0.0
2021-22,116535,Alisson Ramses Becker,0,1,3240,0.0,0.0,0.0
2021-22,116643,Fabio Henrique Tavares,5,1,2311,0.0,0.0,0.0
2021-22,118748,Mohamed Salah,23,14,2758,0.0,0.0,0.0
2021-22,122798,Andrew Robertson,3,11,2537,0.0,0.0,0.0
2021-22,152760,Divock Origi,3,0,126,0.0,0.0,0.0
2021-22,157882,Takumi Minamino,3,0,178,0.0,0.0,0.0
2021-22,169187,Trent Alexander-Arnold,2,12,2853,0.0,0.0,0.0
2021-22,171287,Joseph Gomez,0,1,330,0.0,0.0,0.0
2021-22,175592,Naby Keita,3,2,1169,0.0,0.0,0.0
2021-22,194634,Diogo Jota,15,7,2357,0.0,0.0,0.0
2021-22,197464,Nathaniel Phillips,0,0,0,0.0,0.0,0.0
2021-22,200720,Caoimhin Kelleher,0,0,180,0.0,0.0,0.0
2021-22,204716,Ibrahima Konaté,0,0,990,0.0,0.0,0.0
2021-22,206915,Curtis Jones,1,1,849,0.0,0.0,0.0
2021-22,214285,Konstantinos Tsimikas,0,2,874,0.0,0.0,0.0
2021-22,215136,Neco Williams,0,1,7,0.0,0.0,0.0
2021-22,219937,Rhys Williams,0,0,0,0.0,0.0,0.0
2021-22,152898,Ben Davies,0,0,0,0.0,0.0,0.0
2021-22,444884,Harvey Elliott,0,0,344,0.0,0.0,0.0
2021-22,182436,Ben Woodburn,0,0,0,0.0,0.0,0.0
2021-22,440148,Tyler Morton,0,0,65,0.0,0.0,0.0
2021-22,496185,Kaide Gordon,0,0,8,0.0,0.0,0.0
2021-22,492777,Conor Bradley,0,0,0,0.0,0.0,0.0
2021-22,430992,Owen Beck,0,0,0,0.0,0.0,0.0
2021-22,443629,Marcelo de Araújo Pitaluga Filho,0,0,0,0.0,0.0,0.0
2021-22,441428,Jarell Quansah,0,0,0,0.0,0.0,0.0
2021-22,244731,Luis Díaz,4,3,957,0.0,0.0,0.0
2021-22,114283,Jack Grealish,3,3,1910,0.0,0.0,0.0
2021-22,58621,Kyle Walker,0,2,1755,0.0,0.0,0.0
2021-22,59859,Ilkay Gündogan,8,5,1851,0.0,0.0,0.0
2021-22,61366,Kevin De Bruyne,15,8,2196,0.0,0.0,0.0
2021-22,97299,John Stones,1,0,1117,0.0,0.0,0.0
2021-22,102826,Benjamin Mendy,0,0,78,0.0,0.0,0.0
2021-22,103025,Riyad Mahrez,11,7,1485,0.0,0.0,0.0
2021-22,103955,Raheem Sterling,13,7,2121,0.0,0.0,0.0
2021-22,121145,João Pedro Cavaco Cancelo,1,11,3227,0.0,0.0,0.0
2021-22,121160,Ederson Santana de Moraes,0,0,3330,0.0,0.0,0.0
2021-22,126184,Nathan Aké,2,0,919,0.0,0.0,0.0
2021-22,146941,Aymeric Laporte,4,2,2830,0.0,0.0,0.0
2021-22,164484,Zack Steffen,0,0,90,0.0,0.0,0.0
2021-22,165809,Bernardo Mota Veiga de Carvalho e Silva,8,8,2856,0.0,0.0,0.0
2021-22,171314,Rúben Santos Gato Alves Dias,2,5,2401,0.0,0.0,0.0
2021-22,205651,Gabriel Fernando de Jesus,8,8,1871,0.0,0.0,0.0
2021-22,206325,Oleksandr Zinchenko,0,4,1044,0.0,0.0,0.0
2021-22,209244,Phil Foden,9,6,2125,0.0,0.0,0.0
2021-22,220566,Rodrigo Hernandez,7,2,2884,0.0,0.0,0.0
2021-22,224444,Ferran Torres,2,1,303,0.0,0.0,0.0
2021-22,27789,Fernando Luiz Rosa,2,1,956,0.0,0.0,0.0
2021-22,244851,Cole Palmer,0,1,121,0.0,0.0,0.0
2021-22,490503,Samuel Edozie,0,0,0,0.0,0.0,0.0
2021-22,220394,Tommy Doyle,0,0,0,0.0,0.0,0.0
2021-22,17601,Scott Carson,0,0,0,0.0,0.0,0.0
2021-22,439510,Luke Mbete,0,0,0,0.0,0.0,0.0
2021-22,447880,Joshua Wilson-Esbrand,0,0,0,0.0,0.0,0.0
2021-22,514356,Romeo Lavia,0,0,0,0.0,0.0,0.0
2021-22,434044,Cieran Slicker,0,0,0,0.0,0.0,0.0
2021-22,432714,James McAtee,0,0,18,0.0,0.0,0.0
2021-22,432711,Conrad Egan-Riley,0,0,3,0.0,0.0,0.0
2021-22,478028,Kayky da Silva Chagas,0,0,6,0.0,0.0,0.0
2021-22,463034,Liam Delap,0,0,8,0.0,0.0,0.0
2021-22,40720,Edinson Cavani,2,1,760,0.0,0.0,0.0
2021-22,51940,David de Gea,0,0,3420,0.0,0.0,0.0
2021-22,62398,Nemanja Matic,0,4,1375,0.0,0.0,0.0
2021-22,74208,Paul Pogba,1,9,1347,0.0,0.0,0.0
2021-22,95658,Harry Maguire,1,0,2513,0.0,0.0,0.0
2021-22,101582,Frederico Rodrigues de Paula Santos,4,5,2026,0.0,0.0,0.0
2021-22,106760,Luke Shaw,0,3,1600,0.0,0.0,0.0
2021-22,109322,Jesse Lingard,2,0,354,0.0,0.0,0.0
2021-22,141746,Bruno Miguel Borges Fernandes,10,7,3110,0.0,0.0,0.0
2021-22,148225,Anthony Martial,1,0,207,0.0,0.0,0.0
2021-22,152590,Alex Nicolao Telles,0,4,1658,0.0,0.0,0.0
2021-22,172649,Dean Henderson,0,0,0,0.0,0.0,0.0
2021-22,176297,Marcus Rashford,4,2,1224,0.0,0.0,0.0
2021-22,180804,Axel Tuanzebe,0,0,505,0.0,0.0,0.0
2021-22,184667,Victor Lindelöf,0,2,2353,0.0,0.0,0.0
2021-22,195851,Scott McTominay,1,2,2386,0.0,0.0,0.0
2021-22,197365,Eric Bailly,0,0,216,0.0,0.0,0.0
2021-22,214590,Aaron Wan-Bissaka,0,0,1793,0.0,0.0,0.0
2021-22,220688,Mason Greenwood,5,2,1269,0.0,0.0,0.0
2021-22,43670,Juan Mata,0,0,230,0.0,0.0,0.0
2021-22,209243,Jadon Sancho,3,4,1894,0.0,0.0,0.0
2021-22,21205,Tom Heaton,0,0,0,0.0,0.0,0.0
2021-22,216051,José Diogo Dalot Teixeira,0,0,1797,0.0,0.0,0.0
2021-22,156689,Andreas Pereira,0,0,0,0.0,0.0,0.0
2021-22,449434,Anthony Elanga,2,3,1208,0.0,0.0,0.0
2021-22,90152,Raphaël Varane,1,1,1829,0.0,0.0,0.0
2021-22,14937,Cristiano Ronaldo dos Santos Aveiro,18,3,2454,0.0,0.0,0.0
2021-22,76359,Phil Jones,0,0,161,0.0,0.0,0.0
2021-22,493250,Amad Diallo,0,0,0,0.0,0.0,0.0
2021-22,465527,Hannibal Mejbri,0,0,67,0.0,0.0,0.0
2021-22,493105,Alejandro Garnacho Ferreyra,0,0,12,0.0,0.0,0.0
2021-22,472464,Shola Shoretire,0,0,15,0.0,0.0,0.0
2021-22,515501,Álvaro Fernández,0,0,0,0.0,0.0,0.0
2021-22,461529,Charlie Savage,0,0,0,0.0,0.0,0.0
2021-22,200089,Joseph Willock,2,3,2037,0.0,0.0,0.0
2021-22,169359,Matt Targett,1,2,2871,0.0,0.0,0.0
2021-22,78916,Dan Burn,1,1,2461,0.0,0.0,0.0
2021-22,60689,Chris Wood,5,0,2694,0.0,0.0,0.0
2021-22,50232,Jonjo Shelvey,2,1,1981,0.0,0.0,0.0
2021-22,56983,Matt Ritchie,0,2,1333,0.0,0.0,0.0
2021-22,58845,Ciaran Clark,0,1,1012,0.0,0.0,0.0
2021-22,59735,Karl Darlow,0,0,720,0.0,0.0,0.0
2021-22,67089,Martin Dubravka,0,0,2340,0.0,0.0,0.0
2021-22,75115,Callum Wilson,8,0,1386,0.0,0.0,0.0
2021-22,83314,Jeff Hendrick,1,0,69,0.0,0.0,0.0
2021-22,90105,Ryan Fraser,2,5,1459,0.0,0.0,0.0
2021-22,101148,Jamaal Lascelles,1,1,2055,0.0,0.0,0.0
2021-22,104547,Dwight Gayle,0,0,34,0.0,0.0,0.0
2021-22,106618,Paul Dummett,0,0,197,0.0,0.0,0.0
2021-22,109528,Javier Manquillo,1,3,1258,0.0,0.0,0.0
2021-22,111773,Emil Krafth,0,1,1636,0.0,0.0,0.0
2021-22,114243,Jacob Murphy,1,4,1457,0.0,0.0,0.0
2021-22,119471,Fabian Schär,2,2,2158,0.0,0.0,0.0
2021-22,153127,Isaac Hayden,1,0,1000,0.0,0.0,0.0
2021-22,170137,Allan Saint-Maximin,5,7,2804,0.0,0.0,0.0
2021-22,179018,Miguel Almirón,1,0,1706,0.0,0.0,0.0
2021-22,180135,Sean Longstaff,1,1,1458,0.0,0.0,0.0
2021-22,180974,Joelinton Cássio Apolinário de Lira,4,2,2554,0.0,0.0,0.0
2021-22,194799,Jamal Lewis,0,0,261,0.0,0.0,0.0
2021-22,223175,Matthew Longstaff,0,0,0,0.0,0.0,0.0
2021-22,57145,Federico Fernández,0,1,521,0.0,0.0,0.0
2021-22,155503,Freddie Woodman,0,0,360,0.0,0.0,0.0
2021-22,81441,Mark Gillespie,0,0,0,0.0,0.0,0.0
2021-22,461484,Joe White,0,0,0,0.0,0.0,0.0
2021-22,215379,Elliot Anderson,0,0,0,0.0,0.0,0.0
2021-22,77794,Kieran Trippier,2,0,429,0.0,0.0,0.0
2021-22,208706,Bruno Guimarães Rodriguez Moura,5,1,1031,0.0,0.0,0.0
2021-22,461508,Lucas De Bolle,0,0,0,0.0,0.0,0.0
2021-22,243568,Billy Gilmour,0,1,1852,0.0,0.0,0.0
2021-22,232937,Brandon Williams,0,1,2119,0.0,0.0,0.0
2021-22,18499,Michael McGovern,0,0,0,0.0,0.0,0.0
2021-22,20480,Tim Krul,0,0,2610,0.0,0.0,0.0
2021-22,57127,Teemu Pukki,11,3,3253,0.0,0.0,0.0
2021-22,71738,Marco Stiepermann,0,0,0,0.0,0.0,0.0
2021-22,76306,Lukas Rupp,0,0,759,0.0,0.0,0.0
2021-22,78607,Kenny McLean,1,0,2707,0.0,0.0,0.0
2021-22,83428,Grant Hanley,1,0,2897,0.0,0.0,0.0
2021-22,89470,Onel Hernández,0,0,0,0.0,0.0,0.0
2021-22,113564,Sam Byram,0,0,1023,0.0,0.0,0.0
2021-22,167522,Jordan Hugill,0,0,0,0.0,0.0,0.0
2021-22,171270,Kieran Dowell,1,1,905,0.0,0.0,0.0
2021-22,192303,Christoph Zimmermann,0,0,156,0.0,0.0,0.0
2021-22,193111,Todd Cantwell,0,0,438,0.0,0.0,0.0
2021-22,232980,Max Aarons,0,2,2879,0.0,0.0,0.0
2021-22,235546,Jacob Sørensen,0,0,600,0.0,0.0,0.0
2021-22,428626,Przemyslaw Placheta,0,0,499,0.0,0.0,0.0
2021-22,432735,Adam Idah,1,2,617,0.0,0.0,0.0
2021-22,439485,Josh Martin,0,0,0,0.0,0.0,0.0
2021-22,466404,Andrew Omobamidele,1,0,381,0.0,0.0,0.0
2021-22,107265,Angus Gunn,0,0,810,0.0,0.0,0.0
2021-22,212723,Milot Rashica,1,2,2228,0.0,0.0,0.0
2021-22,83312,Ben Gibson,0,0,2494,0.0,0.0,0.0
2021-22,189627,Dimitris Giannoulis,0,1,1165,0.0,0.0,0.0
2021-22,212325,Pierre Lees-Melou,1,2,2261,0.0,0.0,0.0
2021-22,220686,Bali Mumba,0,0,45,0.0,0.0,0.0
2021-22,215476,Joshua Sargent,2,2,1566,0.0,0.0,0.0
2021-22,439509,Christos Tzolis,0,0,326,0.0,0.0,0.0
2021-22,438277,Ozan Kabak,0,0,923,0.0,0.0,0.0
2021-22,179276,Mathias Normann,1,2,1643,0.0,0.0,0.0
2021-22,451310,Jonathan Tomkinson,0,0,0,0.0,0.0,0.0
2021-22,483365,Jonathan Rowe,0,1,208,0.0,0.0,0.0
2021-22,445550,Thomas Dickson-Peters,0,0,0,0.0,0.0,0.0
2021-22,229415,Jon McCracken,0,0,0,0.0,0.0,0.0
2021-22,497605,Liam Gibbs,0,0,0,0.0,0.0,0.0
2021-22,490161,Abu Kamara,0,0,0,0.0,0.0,0.0
2021-22,446281,Tony Springett,0,0,140,0.0,0.0,0.0
2021-22,20467,Theo Walcott,0,0,376,0.0,0.0,0.0
2021-22,40383,Fraser Forster,0,0,1710,0.0,0.0,0.0
2021-22,58376,Alex McCarthy,0,0,1530,0.0,0.0,0.0
2021-22,78056,Oriol Romeu Vidal,2,2,2890,0.0,0.0,0.0
2021-22,83283,Nathan Redmond,1,6,1827,0.0,0.0,0.0
2021-22,88900,Jack Stephens,0,0,810,0.0,0.0,0.0
2021-22,91047,Stuart Armstrong,2,1,1465,0.0,0.0,0.0
2021-22,101178,James Ward-Prowse,10,5,3215,0.0,0.0,0.0
2021-22,158534,Kyle Walker-Peters,1,3,2630,0.0,0.0,0.0
2021-22,171771,Jan Bednarek,4,0,2629,0.0,0.0,0.0
2021-22,200088,Daniel N'Lundulu,0,0,0,0.0,0.0,0.0
2021-22,200439,Che Adams,7,4,2034,0.0,0.0,0.0
2021-22,203389,Nathan Tella,0,2,802,0.0,0.0,0.0
2021-22,214466,William Smallbone,0,0,132,0.0,0.0,0.0
2021-22,220598,Michael Obafemi,0,0,0,0.0,0.0,0.0
2021-22,240143,Ibrahima Diallo,0,3,1016,0.0,0.0,0.0
2021-22,431131,Moussa Djenepo,0,0,452,0.0,0.0,0.0
2021-22,450527,Mohammed Salisu,0,0,2971,0.0,0.0,0.0
2021-22,244560,Romain Perraud,0,1,1621,0.0,0.0,0.0
2021-22,441191,Tino Livramento,1,2,2200,0.0,0.0,0.0
2021-22,96787,Mohamed Elyounoussi,4,3,2039,0.0,0.0,0.0
2021-22,440323,Armando Broja,6,2,1969,0.0,0.0,0.0
2021-22,20452,Shane Long,1,0,300,0.0,0.0,0.0
2021-22,155511,Adam Armstrong,2,3,1409,0.0,0.0,0.0
2021-22,213482,Yan Valery,0,0,369,0.0,0.0,0.0
2021-22,212721,Lyanco Evangelista Silveira Neves Vojnovic,0,0,906,0.0,0.0,0.0
2021-22,198044,Harry Lewis,0,0,0,0.0,0.0,0.0
2021-22,20310,Willy Caballero,0,0,180,0.0,0.0,0.0
2021-22,248853,Dynel Simeu,0,0,0,0.0,0.0,0.0
2021-22,491551,Thierry Small,0,0,0,0.0,0.0,0.0
2021-22,445896,Kgaogelo Chauke,0,0,0,0.0,0.0,0.0
2021-22,496661,Tyler Dibling,0,0,0,0.0,0.0,0.0
2021-22,15749,Joe Hart,0,0,0,0.0,0.0,0.0
2021-22,37915,Hugo Lloris,0,0,3420,0.0,0.0,0.0
2021-22,55605,Toby Alderweireld,0,0,0,0.0,0.0,0.0
2021-22,62974,Erik Lamela,0,0,0,0.0,0.0,0.0
2021-22,78830,Harry Kane,17,11,3231,0.0,0.0,0.0
2021-22,80226,Serge Aurier,0,0,0,0.0,0.0,0.0
2021-22,85971,Heung-Min Son,23,10,3009,0.0,0.0,0.0
2021-22,87835,Matt Doherty,2,5,871,0.0,0.0,0.0
2021-22,93264,Eric Dier,0,1,3071,0.0,0.0,0.0
2021-22,95715,Lucas Rodrigues Moura da Silva,2,6,1763,0.0,0.0,0.0
2021-22,115556,Ben Davies,1,2,2537,0.0,0.0,0.0
2021-22,132015,Pierre-Emile Højbjerg,2,3,3196,0.0,0.0,0.0
2021-22,157668,Harry Winks,0,2,904,0.0,0.0,0.0
2021-22,173904,Davinson Sánchez,2,1,1626,0.0,0.0,0.0
2021-22,184349,Ryan Sessegnon,0,3,1046,0.0,0.0,0.0
2021-22,194252,Steven Bergwijn,3,2,548,0.0,0.0,0.0
2021-22,199249,Sergio Reguilón,2,4,1914,0.0,0.0,0.0
2021-22,199584,Japhet Tanganga,0,0,735,0.0,0.0,0.0
2021-22,200826,Giovani Lo Celso,0,0,231,0.0,0.0,0.0
2021-22,209042,Oliver Skipp,0,0,1346,0.0,0.0,0.0
2021-22,214225,Joe Rodon,0,0,87,0.0,0.0,0.0
2021-22,231372,Tanguy Ndombele,1,1,481,0.0,0.0,0.0
2021-22,156683,Pierluigi Gollini,0,0,0,0.0,0.0,0.0
2021-22,436234,Bryan Gil Salvatierra,0,0,86,0.0,0.0,0.0
2021-22,221632,Cristian Romero,1,0,1844,0.0,0.0,0.0
2021-22,490145,Dane Scarlett,0,0,3,0.0,0.0,0.0
2021-22,241157,Emerson Aparecido Leite de Souza Junior,1,1,2282,0.0,0.0,0.0
2021-22,232456,Dilan Markanday,0,0,0,0.0,0.0,0.0
2021-22,209418,Tobi Omole,0,0,0,0.0,0.0,0.0
2021-22,214572,Brandon Austin,0,0,0,0.0,0.0,0.0
2021-22,448791,Harvey White,0,0,0,0.0,0.0,0.0
2021-22,445044,Dejan Kulusevski,5,9,1259,0.0,0.0,0.0
2021-22,202993,Rodrigo Bentancur,0,4,1360,0.0,0.0,0.0
2021-22,496179,Alfie Devine,0,0,0,0.0,0.0,0.0
2021-22,223337,Jamie Bowden,0,0,0,0.0,0.0,0.0
2021-22,215610,Marcel Lavinier,0,0,0,0.0,0.0,0.0
2021-22,461201,Matthew Craig,0,0,0,0.0,0.0,0.0
2021-22,45268,Moussa Sissoko,2,1,3220,0.0,0.0,0.0
2021-22,9089,Ben Foster,0,1,2340,0.0,0.0,0.0
2021-22,38290,Danny Rose,0,0,688,0.0,0.0,0.0
2021-22,40387,Dan Gosling,1,0,164,0.0,0.0,0.0
2021-22,41338,Craig Cathcart,0,1,2394,0.0,0.0,0.0
2021-22,41725,Troy Deeney,0,0,23,0.0,0.0,0.0
2021-22,43250,Tom Cleverley,0,2,1611,0.0,0.0,0.0
2021-22,54484,Francisco Femenía Far,0,5,2143,0.0,0.0,0.0
2021-22,73426,Andre Gray,0,0,0,0.0,0.0,0.0
2021-22,85624,Christian Kabasele,0,0,1190,0.0,0.0,0.0
2021-22,89085,Nathaniel Chalobah,0,0,0,0.0,0.0,0.0
2021-22,131304,William Troost-Ekong,0,0,1388,0.0,0.0,0.0
2021-22,140941,Stipe Perica,0,0,0,0.0,0.0,0.0
2021-22,154506,Daniel Bachmann,0,0,1080,0.0,0.0,0.0
2021-22,155651,Adam Masina,0,1,1075,0.0,0.0,0.0
2021-22,157775,Ken Sema,0,0,844,0.0,0.0,0.0
2021-22,162344,Philip Zinckernagel,0,0,0,0.0,0.0,0.0
2021-22,173514,Isaac Success Ajayi,0,0,0,0.0,0.0,0.0
2021-22,175353,Ayotomiwa Dele-Bashiru,0,0,0,0.0,0.0,0.0
2021-22,176296,Ashley Fletcher,0,0,28,0.0,0.0,0.0
2021-22,208973,Francisco Sierralta,0,0,427,0.0,0.0,0.0
2021-22,216058,Domingos Quina,0,0,0,0.0,0.0,0.0
2021-22,220166,Marc Navarro,0,0,0,0.0,0.0,0.0
2021-22,232185,Ismaila Sarr,5,2,1862,0.0,0.0,0.0
2021-22,232391,Jeremy Ngakia,0,0,896,0.0,0.0,0.0
2021-22,241289,Ben Wilmot,0,0,0,0.0,0.0,0.0
2021-22,244890,Joseph Hungbo,0,0,0,0.0,0.0,0.0
2021-22,471471,Imrân Louza,0,0,1415,0.0,0.0,0.0
2021-22,475168,João Pedro Junqueira de Jesus,3,1,1634,0.0,0.0,0.0
2021-22,493934,Kwadwo Baah,0,0,0,0.0,0.0,0.0
2021-22,230251,Emmanuel Dennis,10,7,2579,0.0,0.0,0.0
2021-22,467311,Matthew Pollock,0,0,0,0.0,0.0,0.0
2021-22,227560,Oghenekaro Peter Etebo,0,0,396,0.0,0.0,0.0
2021-22,78007,Joshua King,5,4,2244,0.0,0.0,0.0
2021-22,243569,Adedapo Awokoya-Mebude,0,0,0,0.0,0.0,0.0
2021-22,244716,Juan Camilo Hernández Suárez,5,2,1138,0.0,0.0,0.0
2021-22,69143,Juraj Kucka,1,2,1917,0.0,0.0,0.0
2021-22,130036,Ozan Tufan,0,0,334,0.0,0.0,0.0
2021-22,19838,Robert Elliot,0,0,0,0.0,0.0,0.0
2021-22,52775,Nicolas Nkoulou,0,0,167,0.0,0.0,0.0
2021-22,242183,James Morris,0,0,0,0.0,0.0,0.0
2021-22,563883,Vincent Angelini,0,0,0,0.0,0.0,0.0
2021-22,468243,Kamil Conteh,0,0,0,0.0,0.0,0.0
2021-22,171099,Hassane Kamara,1,0,1622,0.0,0.0,0.0
2021-22,162651,Samir Caetano de Souza Santos,0,0,1674,0.0,0.0,0.0
2021-22,442335,Edo Kayembe,0,0,795,0.0,0.0,0.0
2021-22,225702,Samuel Kalu,0,0,221,0.0,0.0,0.0
2021-22,524196,Shaqai Forde,0,0,0,0.0,0.0,0.0
2021-22,535339,Tiago Çukur,0,0,0,0.0,0.0,0.0
2021-22,533719,Adrian Blake,0,0,0,0.0,0.0,0.0
2021-22,573808,Jack Grieves,0,0,0,0.0,0.0,0.0
2021-22,103192,Kurt Zouma,1,0,2078,0.0,0.0,0.0
2021-22,18073,Mark Noble,1,0,325,0.0,0.0,0.0
2021-22,32259,Darren Randolph,0,0,0,0.0,0.0,0.0
2021-22,37096,Lukasz Fabianski,0,0,3330,0.0,0.0,0.0
2021-22,40669,Angelo Ogbonna,1,0,921,0.0,0.0,0.0
2021-22,48717,Winston Reid,0,0,0,0.0,0.0,0.0
2021-22,55459,Aaron Cresswell,2,4,2726,0.0,0.0,0.0
2021-22,56377,Andriy Yarmolenko,1,0,303,0.0,0.0,0.0
2021-22,57531,Michail Antonio,10,10,2975,0.0,0.0,0.0
2021-22,60232,Craig Dawson,2,3,2752,0.0,0.0,0.0
2021-22,81012,Ryan Fredericks,0,0,303,0.0,0.0,0.0
2021-22,86934,Manuel Lanzini,5,3,1777,0.0,0.0,0.0
2021-22,105717,Arthur Masuaku,1,1,645,0.0,0.0,0.0
2021-22,164555,Vladimir Coufal,0,4,2207,0.0,0.0,0.0
2021-22,172841,Saïd Benrahma,8,6,2162,0.0,0.0,0.0
2021-22,178186,Jarrod Bowen,12,17,2987,0.0,0.0,0.0
2021-22,204480,Declan Rice,1,4,3178,0.0,0.0,0.0
2021-22,215439,Tomas Soucek,5,1,3061,0.0,0.0,0.0
2021-22,217593,Pablo Fornals,6,4,2795,0.0,0.0,0.0
2021-22,219924,Issa Diop,0,1,961,0.0,0.0,0.0
2021-22,222018,Ben Johnson,1,0,1397,0.0,0.0,0.0
2021-22,84182,Alphonse Areola,0,0,90,0.0,0.0,0.0
2021-22,486870,Frederik Alves,0,0,0,0.0,0.0,0.0
2021-22,222017,Conor Coventry,0,0,0,0.0,0.0,0.0
2021-22,462384,Jamal Baptiste,0,0,0,0.0,0.0,0.0
2021-22,180151,Nikola Vlasic,1,0,549,0.0,0.0,0.0
2021-22,195728,Alex Kral,0,0,1,0.0,0.0,0.0
2021-22,441024,Harrison Ashby,0,0,6,0.0,0.0,0.0
2021-22,496228,Sonny Perkins,0,0,3,0.0,0.0,0.0
2021-22,220684,Ajibola Alese,0,0,0,0.0,0.0,0.0
2021-22,248865,Armstrong Oko-Flex,0,0,0,0.0,0.0,0.0
2021-22,458297,Pierre Ekwah,0,0,0,0.0,0.0,0.0
2021-22,440120,Daniel Chesters,0,0,1,0.0,0.0,0.0
2021-22,19624,João Filipe Iria Santos Moutinho,2,1,2970,0.0,0.0,0.0
2021-22,38533,Rui Pedro dos Santos Patrício,0,0,0,0.0,0.0,0.0
2021-22,90585,Willy Boly,0,0,900,0.0,0.0,0.0
2021-22,94147,Conor Coady,4,0,3361,0.0,0.0,0.0
2021-22,102057,Raúl Jiménez,6,5,2630,0.0,0.0,0.0
2021-22,107613,Romain Saïss,2,0,2706,0.0,0.0,0.0
2021-22,111291,Fernando Marçal,0,3,1448,0.0,0.0,0.0
2021-22,114128,Jonathan Castro Otto,2,0,1022,0.0,0.0,0.0
2021-22,151589,Leander Dendoncker,2,3,1945,0.0,0.0,0.0
2021-22,159533,Adama Traoré,1,1,1069,0.0,0.0,0.0
2021-22,171317,Rúben Diogo da Silva Neves,4,2,2659,0.0,0.0,0.0
2021-22,200402,Nélson Cabral Semedo,0,1,2131,0.0,0.0,0.0
2021-22,200600,Daniel Castelo Podence,2,3,1475,0.0,0.0,0.0
2021-22,214048,Max Kilman,1,1,2688,0.0,0.0,0.0
2021-22,222531,Morgan Gibbs-White,0,0,7,0.0,0.0,0.0
2021-22,247632,Pedro Lomba Neto,1,1,459,0.0,0.0,0.0
2021-22,250604,Owen Otasowie,0,0,0,0.0,0.0,0.0
2021-22,441271,Ki-Jana Hoever,0,0,306,0.0,0.0,0.0
2021-22,448487,Andreas Söndergaard,0,0,0,0.0,0.0,0.0
2021-22,449988,Fabio Silva,0,1,562,0.0,0.0,0.0
2021-22,501837,Yerson Mosquera Valdelamar,0,0,0,0.0,0.0,0.0
2021-22,19236,John Ruddy,0,0,135,0.0,0.0,0.0
2021-22,222564,Francisco Machado Mota de Castro Trincão,2,1,1328,0.0,0.0,0.0
2021-22,448514,Rayan Ait Nouri,1,4,1826,0.0,0.0,0.0
2021-22,149065,José Malheiro de Sá,0,1,3285,0.0,0.0,0.0
2021-22,209353,Patrick Cutrone,0,0,0,0.0,0.0,0.0
2021-22,245923,Luke Cundle,0,0,179,0.0,0.0,0.0
2021-22,461026,Chem Campbell,0,0,12,0.0,0.0,0.0
2021-22,481626,Christian Marques,0,0,0,0.0,0.0,0.0
2021-22,184754,Hee-Chan Hwang,5,1,1811,0.0,0.0,0.0
2021-22,242510,Louie Moulden,0,0,0,0.0,0.0,0.0
2021-22,518504,James Storer,0,0,0,0.0,0.0,0.0
2021-22,490721,Hugo Bueno,0,0,0,0.0,0.0,0.0
2021-22,428610,Bruno André Cavaco Jordão,0,0,0,0.0,0.0,0.0
2021-22,510362,Toti António Gomes,0,0,360,0.0,0.0,0.0
2021-22,225000,Dion Sanderson,0,0,0,0.0,0.0,0.0
2021-22,232351,Ryan Giles,0,0,0,0.0,0.0,0.0
2021-22,510363,Francisco Jorge Tomás Oliveira,0,3,203,0.0,0.0,0.0
2022-23,84450,Granit Xhaka,7,8,2992,36.0,4.65,3.89
2022-23,153256,Mohamed Elneny,0,0,111,1.0,0.0,0.04
2022-23,156074,Rob Holding,1,0,562,6.0,0.32,0.15
2022-23,167199,Thomas Partey,3,0,2480,28.0,2.59,2.17
2022-23,184029,Martin Ødegaard,15,8,3132,37.0,9.75,8.02
2022-23,192895,Kieran Tierney,0,1,774,6.0,0.38,0.43
2022-23,195735,Nicolas Pépé,0,0,0,0.0,0.0,0.0
2022-23,198869,Benjamin White,2,5,3054,36.0,1.25,3.6
2022-23,205533,Eddie Nketiah,4,2,1071,9.0,7.89,1.26
2022-23,209289,Emile Smith Rowe,0,2,161,0.0,0.25,0.55
2022-23,223340,Bukayo Saka,14,12,3183,37.0,11.49,5.97
2022-23,223723,Takehiro Tomiyasu,0,1,651,6.0,0.24,0.23
2022-23,225321,Aaron Ramsdale,0,0,3420,38.0,0.0,0.02
2022-23,226597,Gabriel dos Santos Magalhães,3,0,3409,38.0,5.04,0.66
2022-23,437626,Nuno Varela Tavares,0,0,0,0.0,0.0,0.0
2022-23,444145,Gabriel Martinelli Silva,15,9,2789,34.0,9.15,6.98
2022-23,92371,Pablo Marí Villar,0,0,0,0.0,0.0,0.0
2022-23,198849,Lucas Torreira di Pascua,0,0,0,0.0,0.0,0.0
2022-23,200641,Reiss Nelson,3,3,202,0.0,1.09,0.99
2022-23,224068,Matt Turner,0,0,0,0.0,0.0,0.0
2022-23,438098,Fábio Ferreira Vieira,1,2,500,3.0,0.86,1.39
2022-23,462424,William Saliba,2,1,2415,27.0,0.91,0.32
2022-23,479683,Marcus Oliveira Alencar,0,0,1,0.0,0.0,0.0
2022-23,205651,Gabriel Fernando de Jesus,11,7,2064,24.0,14.24,2.91
2022-23,116216,Leandro Trossard,8,13,2237,26.0,6.37,6.02
2022-23,85955,Jorge Luiz Frello Filho,2,2,2127,24.0,1.89,0.96
2022-23,206325,Oleksandr Zinchenko,1,2,2122,26.0,1.32,2.39
2022-23,232241,Matthew Smith,0,0,0,0.0,0.0,0.0
2022-23,499175,Ethan Nwaneri,0,0,1,0.0,0.0,0.0
2022-23,514315,Lino Sousa,0,0,0,0.0,0.0,0.0
2022-23,463748,Karl Hein,0,0,0,0.0,0.0,0.0
2022-23,519324,Amario Cozier-Duberry,0,0,0,0.0,0.0,0.0
2022-23,461025,Nathan Butler-Oyedeji,0,0,0,0.0,0.0,0.0
2022-23,440854,Jakub Kiwior,1,0,425,5.0,0.1,0.01
2022-23,535262,Reuell Walters,0,0,0,0.0,0.0,0.0
2022-23,504751,Mauro Bandeira,0,0,0,0.0,0.0,0.0
2022-23,84583,Philippe Coutinho Correia,1,0,777,7.0,1.37,0.65
2022-23,98980,Emiliano Martínez Romero,0,0,3139,36.0,0.0,0.21
2022-23,101184,Calum Chambers,0,0,345,2.0,0.14,0.19
2022-23,101188,Lucas Digne,1,0,1492,18.0,0.43,1.9
2022-23,110504,Bertrand Traoré,2,0,226,1.0,0.75,0.12
2022-23,111782,Robin Olsen,0,0,280,2.0,0.0,0.0
2022-23,122775,Morgan Sanson,0,0,10,0.0,0.0,0.0
2022-23,122806,John McGinn,1,5,2692,30.0,2.4,3.33
2022-23,123354,Kortney Hause,0,0,0,0.0,0.0,0.0
2022-23,149484,Tyrone Mings,1,3,3150,35.0,0.96,0.95
2022-23,178301,Ollie Watkins,15,8,3129,36.0,16.15,2.66
2022-23,184704,Marvelous Nakamba,0,0,0,0.0,0.0,0.0
2022-23,195546,Emiliano Buendía Stati,5,3,2404,27.0,6.32,3.95
2022-23,199796,Matty Cash,0,2,1817,20.0,0.2,0.95
2022-23,199798,Ezri Konsa Ngoyo,0,0,3322,37.0,1.08,0.71
2022-23,215711,Leon Bailey,4,5,1964,26.0,5.34,4.77
2022-23,230046,Douglas Luiz Soares de Paulo,6,7,2922,33.0,2.79,2.92
2022-23,232653,Jacob Ramsey,6,8,2634,31.0,5.07,2.89
2022-23,490094,Tim Iroegbunam,0,0,0,0.0,0.0,0.0
2022-23,165659,Diego Carlos Santos Silva,0,0,205,2.0,0.36,0.11
2022-23,193488,Anwar El Ghazi,0,0,0,0.0,0.0,0.0
2022-23,221239,Keinan Davis,0,0,0,0.0,0.0,0.0
2022-23,226944,Boubacar Kamara,0,1,1773,21.0,0.15,0.92
2022-23,433979,Cameron Archer,0,0,43,0.0,0.0,0.01
2022-23,481624,Jaden Philogene-Bidace,0,0,0,0.0,0.0,0.0
2022-23,203368,Frédéric Guilbert,0,0,0,0.0,0.0,0.0
2022-23,151589,Leander Dendoncker,0,0,897,9.0,0.72,0.14
2022-23,155561,Ludwig Augustinsson,0,0,76,1.0,0.08,0.01
2022-23,537043,Kaine Kesler Hayden,0,0,0,0.0,0.0,0.0
2022-23,18892,Ashley Young,1,0,2031,23.0,0.46,0.78
2022-23,515597,Lamare Bogarde,0,0,0,0.0,0.0,0.0
2022-23,462381,Filip Marschall,0,0,0,0.0,0.0,0.0
2022-23,537403,Kadan Young,0,0,0,0.0,0.0,0.0
2022-23,106468,Alexandre Moreno Lopera,0,3,1325,14.0,0.59,2.57
2022-23,248164,Viljami Sinisalo,0,0,0,0.0,0.0,0.0
2022-23,476344,Jhon Durán,0,0,126,0.0,0.59,0.02
2022-23,514287,Sil Swinkels,0,0,0,0.0,0.0,0.0
2022-23,516159,Oliwier Zych,0,0,0,0.0,0.0,0.0
2022-23,481283,James Wright,0,0,0,0.0,0.0,0.0
2022-23,479641,Sebastian Revan,0,0,0,0.0,0.0,0.0
2022-23,534836,Travis Patterson,0,0,0,0.0,0.0,0.0
2022-23,515599,Tommi O'Reilly,0,0,0,0.0,0.0,0.0
2022-23,54469,Adam Smith,0,1,2940,34.0,0.5,1.57
2022-23,56872,Junior Stanislas,0,0,58,0.0,0.04,0.18
2022-23,81012,Ryan Fredericks,0,0,527,5.0,0.0,0.29
2022-23,111317,David Brooks,0,0,170,2.0,0.33,0.2
2022-23,128309,Jamal Lowe,0,0,11,0.0,0.0,0.01
2022-23,128340,Kieffer Moore,4,0,1269,12.0,4.18,0.5
2022-23,133845,Emiliano Marcondes,0,0,8,0.0,0.0,0.0
2022-23,152551,Jefferson Lerma Solís,5,0,3252,37.0,2.58,3.0
2022-23,154131,Jack Stacey,0,0,293,3.0,0.09,0.03
2022-23,154566,Dominic Solanke,6,10,2865,32.0,9.09,2.3
2022-23,155408,Lewis Cook,0,2,1712,18.0,0.24,2.3
2022-23,156687,Ben Pearson,0,0,282,3.0,0.05,0.02
2022-23,158499,Ryan Christie,1,2,1825,22.0,2.89,2.07
2022-23,168991,Philip Billing,7,2,2766,34.0,4.6,2.56
2022-23,223911,Chris Mepham,0,0,2197,24.0,0.96,0.55
2022-23,229600,Mark Travers,0,0,1035,11.0,0.0,0.0
2022-23,235530,Lloyd Kelly,0,2,2040,23.0,0.17,0.7
2022-23,244085,Siriki Dembélé,0,0,104,0.0,0.16,0.21
2022-23,444180,Jaidon Anthony,3,1,1241,11.0,1.69,1.1
2022-23,447932,Jordan Zemura,0,1,1452,17.0,0.47,1.71
2022-23,444172,Will Dennis,0,0,0,0.0,0.0,0.0
2022-23,88900,Jack Stephens,0,0,1218,13.0,0.36,0.23
2022-23,156685,Joe Rothwell,0,1,1010,12.0,0.16,1.47
2022-23,201658,Marcus Tavernier,5,4,1740,19.0,3.13,1.37
2022-23,463981,James Hill,0,0,0,0.0,0.0,0.0
2022-23,32259,Darren Randolph,0,0,0,0.0,0.0,0.0
2022-23,69752,Norberto Murara Neto,0,0,2385,27.0,0.0,0.02
2022-23,221466,Marcos Senesi,2,0,2489,29.0,1.66,0.35
2022-23,461017,Christian Saydee,0,0,0,0.0,0.0,0.0
2022-23,518906,Owen Bevan,0,0,8,0.0,0.0,0.0
2022-23,461012,Cameron Plain,0,0,0,0.0,0.0,0.0
2022-23,590760,Daniel Adu-Adjei,0,0,0,0.0,0.0,0.0
2022-23,596572,Michael Dacosta Gonzalez,0,0,0,0.0,0.0,0.0
2022-23,550596,Dominic Sadi,0,0,0,0.0,0.0,0.0
2022-23,533463,Dango Ouattara,1,3,1239,15.0,3.52,1.68
2022-23,461013,Euan Pollock,0,0,0,0.0,0.0,0.0
2022-23,437730,Antoine Semenyo,1,0,250,2.0,0.36,0.02
2022-23,244704,Matías Viña,2,0,452,5.0,0.86,0.11
2022-23,477580,Illia Zabarnyi,0,0,297,3.0,0.0,0.01
2022-23,424044,Hamed Traorè,0,0,425,5.0,1.04,1.15
2022-23,474772,Ben Greenwood,0,0,0,0.0,0.0,0.0
2022-23,496683,Max Kinsey-Wellings,0,0,0,0.0,0.0,0.0
2022-23,61810,Pontus Jansson,1,0,722,9.0,0.34,0.11
2022-23,128295,Christian Nørgaard,1,6,1763,21.0,1.64,1.74
2022-23,144485,Ivan Toney,20,4,2953,33.0,18.74,3.72
2022-23,154561,David Raya Martin,0,0,3420,38.0,0.11,0.12
2022-23,174932,Sergi Canós Tenés,0,0,73,0.0,0.07,0.04
2022-23,183656,Josh Dasilva,4,2,1371,14.0,1.58,1.62
2022-23,191866,Kristoffer Ajer,0,0,763,9.0,0.04,0.12
2022-23,194010,Rico Henry,0,3,3240,37.0,1.8,2.9
2022-23,204580,Vitaly Janelt,3,1,2201,24.0,2.33,1.56
2022-23,205836,Saman Ghoddos,0,0,124,0.0,0.05,0.29
2022-23,207283,Mathias Jensen,5,7,2805,37.0,2.34,4.79
2022-23,216646,Yoane Wissa,7,4,1587,16.0,5.65,1.08
2022-23,226956,Mads Roerslev Rasmussen,0,0,1101,12.0,0.28,0.82
2022-23,228044,Mads Bech Sørensen,0,0,18,0.0,0.0,0.0
2022-23,231065,Ethan Pinnock,3,0,2700,30.0,2.73,1.11
2022-23,428580,Frank Onyeka,0,3,837,8.0,1.03,0.78
2022-23,432160,Shandon Baptiste,0,2,600,4.0,0.32,0.53
2022-23,446008,Bryan Mbeumo,9,9,2905,36.0,9.48,5.53
2022-23,213687,Charlie Goode,0,0,0,0.0,0.0,0.0
2022-23,216620,Marcus Forss,0,0,0,0.0,0.0,0.0
2022-23,232247,Dominic Thompson,0,0,0,0.0,0.0,0.0
2022-23,481405,Mads Bidstrup,0,0,0,0.0,0.0,0.0
2022-23,235448,Ellery Balcombe,0,0,0,0.0,0.0,0.0
2022-23,472713,Aaron Hickey,0,3,1918,23.0,0.38,0.58
2022-23,249231,Keane Lewis-Potter,0,1,313,3.0,0.49,0.29
2022-23,140200,Thomas Strakosha,0,0,0,0.0,0.0,0.0
2022-23,51927,Ben Mee,3,2,3269,37.0,3.19,0.74
2022-23,450550,Fin Stevens,0,0,0,0.0,0.0,0.0
2022-23,434662,Halil Dervişoğlu,0,1,6,0.0,0.03,0.0
2022-23,440089,Mikkel Damsgaard,0,0,970,9.0,2.31,1.32
2022-23,48760,Mathias Jorgensen,0,1,1097,11.0,1.33,0.15
2022-23,591357,Ryan Trevitt,0,0,0,0.0,0.0,0.0
2022-23,503300,Matthew Cox,0,0,0,0.0,0.0,0.0
2022-23,592661,Tristan Crama,0,0,0,0.0,0.0,0.0
2022-23,601975,Yegor Yarmolyuk,0,0,0,0.0,0.0,0.0
2022-23,513418,Kevin Schade,0,1,723,7.0,2.07,0.67
2022-23,501284,Michael Olakigbe,0,0,0,0.0,0.0,0.0
2022-23,39155,Adam Lallana,2,1,717,12.0,0.88,1.22
2022-23,49262,Jason Steele,0,1,1350,15.0,0.0,0.15
2022-23,50175,Danny Welbeck,6,5,1844,21.0,8.59,1.65
2022-23,60307,Pascal Groß,9,8,3240,37.0,5.19,8.93
2022-23,83299,Lewis Dunk,1,1,3240,36.0,1.67,0.9
2022-23,109345,Solly March,6,10,2719,31.0,7.01,5.9
2022-23,110735,Adam Webster,0,0,1983,23.0,1.72,0.45
2022-23,111478,Joël Veltman,1,1,2183,25.0,1.72,1.02
2022-23,215059,Robert Sánchez,0,0,2070,23.0,0.0,0.01
2022-23,232792,Tariq Lamptey,0,0,439,3.0,0.2,0.64
2022-23,235382,Steven Alzate,0,0,0,0.0,0.0,0.0
2022-23,243016,Alexis Mac Allister,10,2,2882,31.0,12.05,4.27
2022-23,243505,Jakub Moder,0,0,0,0.0,0.0,0.0
2022-23,423649,Enock Mwepu,0,1,209,2.0,0.22,0.24
2022-23,441192,Jeremy Sarmiento Morante,0,2,168,1.0,0.33,0.27
2022-23,486672,Moisés Caicedo Corozo,1,1,3138,34.0,1.67,2.51
2022-23,209045,Taylor Richards,0,0,0,0.0,0.0,0.0
2022-23,433589,Haydon Roberts,0,0,0,0.0,0.0,0.0
2022-23,450434,Deniz Undav,5,2,614,6.0,4.89,1.25
2022-23,451340,Kaoru Mitoma,7,9,2311,24.0,8.29,4.93
2022-23,474120,Julio Enciso,4,3,794,7.0,3.93,1.18
2022-23,484658,Kacper Kozłowski,0,0,0,0.0,0.0,0.0
2022-23,243568,Billy Gilmour,0,1,502,7.0,0.5,0.8
2022-23,240514,Kjell Scherpen,0,0,0,0.0,0.0,0.0
2022-23,178173,Matt Clarke,0,0,0,0.0,0.0,0.0
2022-23,469142,Jan Paul van Hecke,0,0,291,3.0,0.55,0.04
2022-23,460028,Levi Colwill,0,2,1218,13.0,1.41,0.31
2022-23,204214,Pervis Estupiñán,1,7,2674,31.0,1.8,3.88
2022-23,487117,Evan Ferguson,6,2,942,10.0,5.44,0.54
2022-23,448496,Ed Turns,0,0,0,0.0,0.0,0.0
2022-23,513834,Andrew Moran,0,0,11,0.0,0.0,0.0
2022-23,440123,James Furlong,0,0,0,0.0,0.0,0.0
2022-23,532529,Jack Hinshelwood,0,0,1,0.0,0.0,0.0
2022-23,536916,Facundo Buonanotte,1,1,558,6.0,1.3,0.39
2022-23,509416,Yasin Ayari,0,0,65,1.0,0.02,0.3
2022-23,445548,Odeluga Offiah,0,0,23,0.0,0.0,0.02
2022-23,209288,Tom McGill,0,0,0,0.0,0.0,0.0
2022-23,491598,Cameron Peupion,0,0,5,0.0,0.06,0.0
2022-23,447720,Imari Samuels,0,0,0,0.0,0.0,0.0
2022-23,478912,Carney Chukwuemeka,0,0,342,2.0,0.33,0.61
2022-23,179268,Marc Cucurella Saseta,0,2,1669,21.0,0.38,0.96
2022-23,41328,César Azpilicueta,0,0,1521,16.0,0.35,1.25
2022-23,51090,Thiago Emiliano da Silva,0,2,2351,26.0,1.54,1.04
2022-23,82263,Marcos Alonso,0,0,0,0.0,0.0,0.0
2022-23,88894,Ross Barkley,0,0,0,0.0,0.0,0.0
2022-23,91651,Mateo Kovacic,1,2,1699,17.0,1.79,2.04
2022-23,109745,Kepa Arrizabalaga,0,0,2565,29.0,0.0,0.0
2022-23,116594,N'Golo Kanté,0,1,517,6.0,0.32,0.82
2022-23,124183,Hakim Ziyech,0,3,649,6.0,0.65,1.51
2022-23,126187,Ruben Loftus-Cheek,0,1,1530,19.0,0.85,1.75
2022-23,165153,Timo Werner,0,0,0,0.0,0.0,0.0
2022-23,167767,Robert Kenedy Nunes do Nascimento,0,0,0,0.0,0.0,0.0
2022-23,172850,Ben Chilwell,2,3,1402,15.0,1.57,2.49
2022-23,176413,Christian Pulisic,1,1,805,8.0,1.67,0.38
2022-23,180736,Trevoh Chalobah,0,0,1601,18.0,0.82,0.32
2022-23,184341,Mason Mount,3,4,1644,20.0,1.97,2.81
2022-23,204727,Malang Sarr,0,0,0,0.0,0.0,0.0
2022-23,209046,Callum Hudson-Odoi,0,0,0,0.0,0.0,0.0
2022-23,219847,Kai Havertz,7,1,2565,30.0,11.58,2.75
2022-23,225796,Reece James,1,2,1242,14.0,1.06,2.93
2022-23,228286,Edouard Mendy,0,0,855,9.0,0.0,0.0
2022-23,232787,Conor Gallagher,3,1,1608,18.0,2.55,1.73
2022-23,440323,Armando Broja,1,1,285,2.0,0.84,0.06
2022-23,199598,Ethan Ampadu,0,0,0,0.0,0.0,0.0
2022-23,444463,Wesley Fofana,1,0,1362,14.0,0.74,0.29
2022-23,103955,Raheem Sterling,6,4,1886,23.0,6.21,3.22
2022-23,86129,Kalidou Koulibaly,2,1,1798,20.0,0.88,0.43
2022-23,491785,Harvey Vale,0,0,0,0.0,0.0,0.0
2022-23,212701,Denis Zakaria,0,0,409,5.0,0.19,0.05
2022-23,54694,Pierre-Emerick Aubameyang,1,0,546,5.0,1.53,0.18
2022-23,122074,Marcus Bettinelli,0,0,0,0.0,0.0,0.0
2022-23,503301,Omari Hutchinson,0,0,22,0.0,0.0,0.02
2022-23,487838,Lewis Hall,0,0,653,8.0,0.83,1.46
2022-23,461188,Bashir Humphreys,0,0,0,0.0,0.0,0.0
2022-23,520295,David Datro Fofana,0,0,68,1.0,0.57,0.04
2022-23,242880,Benoît Badiashile,1,0,904,10.0,1.26,0.2
2022-23,428399,João Félix Sequeira,4,0,936,11.0,4.62,0.99
2022-23,465920,Mykhailo Mudryk,0,2,650,7.0,1.82,1.26
2022-23,532605,Andrey Nascimento dos Santos,0,0,0,0.0,0.0,0.0
2022-23,248857,Noni Madueke,1,0,639,7.0,0.9,0.72
2022-23,448047,Enzo Fernández,0,2,1547,18.0,0.78,2.64
2022-23,447107,Ethan Wady,0,0,0,0.0,0.0,0.0
2022-23,514280,Alfie Gilchrist,0,0,0,0.0,0.0,0.0
2022-23,437742,Albert Sambi Lokonga,0,0,728,8.0,0.17,0.18
2022-23,40836,Vicente Guaita,0,0,2430,27.0,0.0,0.01
2022-23,49413,James Tomkins,1,0,335,3.0,0.81,0.0
2022-23,50471,James McArthur,0,0,50,0.0,0.0,0.0
2022-23,54861,Christian Benteke,0,0,0,0.0,0.0,0.0
2022-23,55494,Joel Ward,1,0,2253,24.0,1.12,0.83
2022-23,57328,Nathaniel Clyne,0,0,1638,19.0,0.0,0.6
2022-23,66975,Luka Milivojevic,0,0,500,5.0,0.34,0.2
2022-23,80146,Jordan Ayew,4,3,2708,31.0,3.13,2.52
2022-23,82403,Wilfried Zaha,7,2,2289,27.0,6.32,2.95
2022-23,86417,Jeffrey Schlupp,3,2,2528,30.0,2.97,1.11
2022-23,108413,Will Hughes,1,1,822,7.0,0.34,0.63
2022-23,173954,Jairo Riedewald,0,0,60,0.0,0.04,0.01
2022-23,174874,Joachim Andersen,1,0,2782,32.0,1.87,1.04
2022-23,199670,Odsonne Edouard,5,2,1788,20.0,4.14,0.8
2022-23,209036,Marc Guéhi,1,0,3330,37.0,1.46,0.82
2022-23,231747,Jean-Philippe Mateta,2,0,748,6.0,3.44,0.16
2022-23,232413,Eberechi Eze,10,5,2631,30.0,7.25,2.92
2022-23,244723,Tyrick Mitchell,0,2,2889,34.0,0.62,1.25
2022-23,443661,Michael Olise,2,11,2743,31.0,2.87,6.42
2022-23,450542,Jesurun Rak-Sakyi,0,0,0,0.0,0.0,0.0
2022-23,450535,Malcolm Ebiowei,0,0,31,0.0,0.0,0.01
2022-23,232423,Nathan Ferguson,0,0,0,0.0,0.0,0.0
2022-23,101982,Sam Johnstone,0,0,810,9.0,0.0,0.0
2022-23,169593,Remi Matthews,0,0,0,0.0,0.0,0.0
2022-23,450541,Luke Plange,0,0,0,0.0,0.0,0.0
2022-23,438464,Cheick Doucouré,0,3,2770,34.0,1.45,1.22
2022-23,427623,Chris Richards,0,0,443,4.0,0.71,0.05
2022-23,487818,Joseph Whitworth,0,0,180,2.0,0.0,0.0
2022-23,530318,Kaden Rodney,0,0,0,0.0,0.0,0.0
2022-23,532135,Killian Phillips,0,0,0,0.0,0.0,0.0
2022-23,461382,John-Kymani Gordon,0,0,0,0.0,0.0,0.0
2022-23,422287,Kofi Balmer,0,0,0,0.0,0.0,0.0
2022-23,515496,Owen Goodman,0,0,0,0.0,0.0,0.0
2022-23,515503,Jack Wells-Morrison,0,0,0,0.0,0.0,0.0
2022-23,531989,David Ozoh,0,0,1,0.0,0.0,0.0
2022-23,466117,Naouirou Ahamada,0,0,87,0.0,0.15,0.02
2022-23,501468,Tayo Adaramola,0,0,0,0.0,0.0,0.0
2022-23,115382,Neal Maupay,1,0,1104,11.0,4.91,0.24
2022-23,40349,Asmir Begović,0,0,90,1.0,0.0,0.0
2022-23,57134,Salomón Rondón,0,0,103,1.0,0.79,0.14
2022-23,59949,Seamus Coleman,1,0,1654,20.0,0.3,0.92
2022-23,60252,Andros Townsend,0,0,0,0.0,0.0,0.0
2022-23,106611,Michael Keane,1,2,983,10.0,1.29,0.83
2022-23,108823,Dele Alli,0,0,38,0.0,0.0,0.0
2022-23,111234,Jordan Pickford,0,1,3330,37.0,0.0,0.35
2022-23,119765,Allan Marques Loureiro,0,0,0,0.0,0.0,0.0
2022-23,120250,André Tavares Gomes,0,0,0,0.0,0.0,0.0
2022-23,121599,Abdoulaye Doucouré,5,2,1527,17.0,2.61,1.52
2022-23,153133,Alex Iwobi,2,8,3379,38.0,2.56,4.31
2022-23,160987,Jean-Philippe Gbamin,0,0,0,0.0,0.0,0.0
2022-23,164511,Yerry Mina,2,0,594,7.0,1.52,0.15
2022-23,172632,Demarai Gray,4,1,2501,27.0,6.17,3.82
2022-23,173807,Tom Davies,0,0,524,4.0,1.3,0.25
2022-23,177815,Dominic Calvert-Lewin,2,1,1166,15.0,5.9,0.72
2022-23,194164,Mason Holgate,0,0,506,5.0,1.0,0.17
2022-23,198826,Ben Godfrey,0,1,801,10.0,1.24,0.08
2022-23,224967,Vitalii Mykolenko,0,1,2653,30.0,0.54,0.91
2022-23,480455,Jarrad Branthwaite,0,0,0,0.0,0.0,0.0
2022-23,243571,Nathan Patterson,0,0,1274,14.0,0.48,0.71
2022-23,495542,Niels Nkounkou,0,0,0,0.0,0.0,0.0
2022-23,17761,James Tarkowski,1,1,3420,38.0,2.97,1.89
2022-23,94147,Conor Coady,1,1,2094,23.0,0.84,0.49
2022-23,216054,Rúben Nascimento Vinagre,0,0,24,0.0,0.0,0.0
2022-23,433154,Dwight McNeil,7,5,2490,28.0,3.51,5.45
2022-23,510328,Stanley Mills,0,0,0,0.0,0.0,0.0
2022-23,461453,Lewis Warrington,0,0,0,0.0,0.0,0.0
2022-23,232928,James Garner,0,1,796,7.0,0.7,0.5
2022-23,449871,Amadou Onana,1,3,2486,29.0,2.95,1.66
2022-23,474907,Reece Welch,0,0,0,0.0,0.0,0.0
2022-23,80801,Idrissa Gueye,0,1,2577,32.0,0.71,0.83
2022-23,11974,Eldin Jakupovic,0,0,0,0.0,0.0,0.0
2022-23,232829,Kyle John,0,0,0,0.0,0.0,0.0
2022-23,461416,Thomas Cannon,0,0,23,0.0,0.09,0.0
2022-23,491559,Isaac Price,0,0,32,0.0,0.0,0.02
2022-23,218997,Ellis Simms,1,0,219,2.0,0.86,0.15
2022-23,536238,Ishé Samuels-Smith,0,0,0,0.0,0.0,0.0
2022-23,11948,Andy Lonergan,0,0,0,0.0,0.0,0.0
2022-23,486623,Sean McAllister,0,0,0,0.0,0.0,0.0
2022-23,58822,Cédric Alves Soares,0,0,223,2.0,0.06,0.19
2022-23,80201,Bernd Leno,0,0,3240,36.0,0.0,0.0
2022-23,61933,Shane Duffy,0,0,17,0.0,0.16,0.0
2022-23,76357,Tom Cairney,2,1,968,6.0,1.44,1.51
2022-23,82514,Tim Ream,1,0,2898,33.0,0.24,0.27
2022-23,83543,Anthony Knockaert,0,0,0,0.0,0.0,0.0
2022-23,89085,Nathaniel Chalobah,0,0,11,1.0,0.09,0.0
2022-23,92259,Neeskens Kebano,0,4,758,9.0,0.48,0.88
2022-23,96994,Bobby De Cordova-Reid,4,1,2473,29.0,3.91,1.49
2022-23,101105,Joe Bryan,0,0,0,0.0,0.0,0.0
2022-23,102884,Paulo Gazzaniga Farias,0,0,0,0.0,0.0,0.0
2022-23,109434,Terence Kongolo,0,0,0,0.0,0.0,0.0
2022-23,109646,Tosin Adarabioyo,1,0,2084,23.0,0.71,0.47
2022-23,128389,Aleksandar Mitrović,14,2,2010,23.0,15.31,1.31
2022-23,153366,Harrison Reed,3,4,2868,35.0,1.95,2.04
2022-23,153682,Harry Wilson,2,5,1085,13.0,2.03,1.03
2022-23,155529,Marek Rodák,0,0,180,2.0,0.0,0.0
2022-23,166324,Ivan Neves Abreu Cavaleiro,0,0,0,0.0,0.0,0.0
2022-23,167074,Kenny Tete,1,5,2569,29.0,0.74,1.9
2022-23,168765,Josh Onomah,0,0,14,0.0,0.0,0.0
2022-23,169528,Antonee Robinson,0,2,3088,35.0,0.07,1.68
2022-23,244042,Rodrigo Muniz Carvalho,0,0,0,0.0,0.0,0.0
2022-23,490146,Jay Stansfield,0,1,85,1.0,0.25,0.03
2022-23,154296,João Palhinha Gonçalves,3,0,3108,35.0,2.93,0.39
2022-23,200617,Daniel James,2,1,802,7.0,2.02,0.75
2022-23,156689,Andreas Hoelgebaum Pereira,4,10,2696,33.0,7.16,4.26
2022-23,219924,Issa Diop,1,0,2008,21.0,0.29,0.49
2022-23,432931,Tyrese Francois,0,0,1,0.0,0.0,0.0
2022-23,120721,Kevin Mbabu,0,1,141,1.0,0.0,0.42
2022-23,515024,Luke Harris,0,0,10,0.0,0.0,0.0
2022-23,235674,Manor Solomon,4,0,560,4.0,1.21,0.78
2022-23,247664,Terry Ablade,0,0,0,0.0,0.0,0.0
2022-23,89068,Layvin Kurzawa,0,0,136,2.0,0.0,0.03
2022-23,47431,Willian Borges da Silva,5,7,2127,25.0,3.46,2.99
2022-23,245824,Carlos Vinícius Alves Morais,5,2,1098,11.0,3.04,0.72
2022-23,478227,Stefan Parkes,0,0,0,0.0,0.0,0.0
2022-23,573062,Martial Godo,0,0,0,0.0,0.0,0.0
2022-23,511504,Kristian Sekularac,0,0,0,0.0,0.0,0.0
2022-23,212314,Sasa Lukic,0,0,406,4.0,0.13,0.16
2022-23,235449,George Wickens,0,0,0,0.0,0.0,0.0
2022-23,547673,Charlie Robinson,0,0,0,0.0,0.0,0.0
2022-23,515023,Matthew Dibley-Dias,0,0,0,0.0,0.0,0.0
2022-23,17745,Kasper Schmeichel,0,0,0,0.0,0.0,0.0
2022-23,37642,Jonny Evans,0,0,1051,12.0,0.17,0.18
2022-23,40146,Ryan Bertrand,0,0,0,0.0,0.0,0.0
2022-23,51938,Marc Albrighton,1,0,232,1.0,0.37,0.41
2022-23,86881,Nampalys Mendy,1,0,746,7.0,0.13,0.13
2022-23,93100,Jannik Vestergaard,0,0,0,0.0,0.0,0.0
2022-23,95463,Danny Ward,0,0,2340,26.0,0.0,0.0
2022-23,101668,Jamie Vardy,3,5,1841,19.0,6.74,0.7
2022-23,111931,Ricardo Barbosa Pereira,1,1,451,5.0,0.12,0.7
2022-23,155569,Daniel Amartey,0,0,1608,18.0,1.07,0.44
2022-23,166477,Timothy Castagne,2,4,3255,36.0,2.16,2.13
2022-23,166989,Youri Tielemans,3,3,2341,27.0,2.5,2.99
2022-23,168580,Ayoze Pérez,0,2,378,3.0,1.05,0.57
2022-23,172780,James Maddison,10,9,2479,28.0,8.5,5.53
2022-23,173515,Kelechi Iheanacho,5,5,1112,11.0,6.86,1.56
2022-23,197469,Hamza Choudhury,0,0,0,0.0,0.0,0.0
2022-23,201666,Harvey Barnes,13,2,2709,32.0,9.07,2.33
2022-23,203341,Wilfred Ndidi,0,0,1672,19.0,0.22,0.18
2022-23,215413,Kiernan Dewsbury-Hall,2,3,2305,28.0,2.17,2.62
2022-23,218031,Çaglar Söyüncü,1,0,528,6.0,0.42,0.02
2022-23,220627,James Justin,0,2,1252,14.0,0.31,0.49
2022-23,225902,Boubakary Soumaré,0,0,1624,20.0,0.03,0.47
2022-23,244619,Luke Thomas,0,1,1068,11.0,0.09,0.48
2022-23,245419,Patson Daka,4,4,1169,13.0,3.55,1.69
2022-23,232620,Lewis Brunt,0,0,22,0.0,0.0,0.01
2022-23,207270,Daniel Iversen,0,0,1080,12.0,0.0,0.0
2022-23,106837,Dennis Praet,1,1,635,6.0,1.04,0.43
2022-23,45220,Alex Smithies,0,0,0,0.0,0.0,0.0
2022-23,218218,Wout Faes,1,2,2786,31.0,1.2,0.58
2022-23,519223,Sammy Braybrooke,0,0,0,0.0,0.0,0.0
2022-23,514284,Joe Wormleighton,0,0,0,0.0,0.0,0.0
2022-23,461587,Kasey McAteer,0,0,0,0.0,0.0,0.0
2022-23,481510,Victor Kristiansen,0,1,891,11.0,0.12,0.6
2022-23,225295,Mateus Cardoso Lemos Martins,1,0,732,9.0,1.73,0.26
2022-23,194190,Harry Souttar,0,1,991,11.0,1.47,0.1
2022-23,461584,Wanya Marçal-Madivadua,0,0,0,0.0,0.0,0.0
2022-23,55914,Liam Cooper,1,0,1425,16.0,0.9,0.31
2022-23,66588,Luke Ayling,2,1,2048,22.0,2.93,2.24
2022-23,72222,Mateusz Klich,0,0,266,0.0,0.16,0.22
2022-23,80179,Adam Forshaw,0,0,473,5.0,0.03,0.65
2022-23,80954,Rodrigo Moreno,13,2,1928,23.0,8.04,1.24
2022-23,87873,Stuart Dallas,0,0,0,0.0,0.0,0.0
2022-23,106617,Patrick Bamford,4,5,1510,18.0,8.51,0.9
2022-23,149915,Diego Llorente,0,0,648,7.0,0.72,0.03
2022-23,173821,Tyler Roberts,0,0,0,0.0,0.0,0.0
2022-23,193645,Robin Koch,0,0,3175,36.0,1.59,0.47
2022-23,219961,Raphael Dias Belloli,0,0,0,0.0,0.0,0.0
2022-23,221399,Jack Harrison,5,8,2707,34.0,5.44,5.06
2022-23,221610,Jamie Shackleton,0,0,0,0.0,0.0,0.0
2022-23,222694,Pascal Struijk,2,2,2198,26.0,1.35,1.2
2022-23,223081,Kristoffer Klaesson,0,0,0,0.0,0.0,0.0
2022-23,248937,Sam Greenwood,1,2,410,3.0,0.69,1.06
2022-23,437495,Illan Meslier,0,0,3060,34.0,0.12,0.01
2022-23,443967,Junior Firpo Adames,1,2,1364,14.0,0.12,0.75
2022-23,450070,Crysencio Summerville,4,4,1411,12.0,2.83,1.11
2022-23,450529,Lewis Bate,0,0,0,0.0,0.0,0.0
2022-23,462635,Joe Gelhardt,0,2,201,1.0,0.84,0.4
2022-23,477547,Leo Fuhr Hjelde,0,0,0,0.0,0.0,0.0
2022-23,224209,Rasmus Kristensen,3,1,1957,21.0,0.86,0.88
2022-23,234370,Marc Roca Junqué,1,3,2316,29.0,2.1,2.49
2022-23,427637,Brenden Aaronson,1,4,2365,28.0,3.98,2.51
2022-23,470294,Darko Gyabi,0,0,7,0.0,0.06,0.0
2022-23,200785,Tyler Adams,0,0,2156,24.0,0.11,1.05
2022-23,224995,Luis Sinisterra Lucumí,5,0,863,13.0,3.81,0.88
2022-23,433590,Cody Drameh,0,0,70,1.0,0.0,0.01
2022-23,547701,Archie Gray,0,0,0,0.0,0.0,0.0
2022-23,78315,Joel Robles,0,0,360,4.0,0.0,0.01
2022-23,492859,Wilfried Gnonto,2,4,1346,14.0,1.79,2.12
2022-23,565297,Mateo Joseph Fernández,0,0,24,0.0,0.06,0.0
2022-23,496228,Sonny Perkins,0,0,0,0.0,0.0,0.0
2022-23,220087,Maximilian Wöber,0,0,1264,14.0,0.77,0.37
2022-23,463067,Georginio Rutter,0,1,263,1.0,0.41,0.23
2022-23,241519,Weston McKennie,0,1,1434,16.0,0.78,0.56
2022-23,470296,Jeremiah Chilokoa-Mullen,0,0,0,0.0,0.0,0.0
2022-23,491008,Diogo Pinheiro Monteiro,0,0,0,0.0,0.0,0.0
2022-23,15157,James Milner,0,1,889,7.0,0.4,1.63
2022-23,56979,Jordan Henderson,0,3,2060,23.0,1.35,3.59
2022-23,60914,Joel Matip,1,0,1091,12.0,0.87,0.93
2022-23,61558,Thiago Alcántara do Nascimento,0,0,1252,14.0,0.46,1.18
2022-23,81880,Alex Oxlade-Chamberlain,1,0,332,4.0,1.27,0.18
2022-23,92217,Roberto Firmino,11,4,1202,13.0,5.48,2.16
2022-23,97032,Virgil van Dijk,3,1,2835,32.0,2.5,1.09
2022-23,116535,Alisson Ramses Becker,0,1,3330,37.0,0.0,0.02
2022-23,116643,Fabio Henrique Tavares,0,2,2666,31.0,0.7,1.87
2022-23,118748,Mohamed Salah,19,13,3290,37.0,21.01,7.03
2022-23,122798,Andrew Robertson,0,8,2579,29.0,1.24,6.69
2022-23,169187,Trent Alexander-Arnold,2,11,2922,34.0,2.36,9.26
2022-23,171287,Joseph Gomez,0,0,1461,15.0,0.2,0.67
2022-23,175592,Naby Keita,0,0,290,3.0,0.67,0.2
2022-23,194634,Diogo Teixeira da Silva,7,4,1125,12.0,6.38,1.7
2022-23,200720,Caoimhin Kelleher,0,0,90,1.0,0.0,0.0
2022-23,204716,Ibrahima Konaté,0,0,1551,17.0,1.21,0.65
2022-23,206915,Curtis Jones,3,1,1029,12.0,1.15,1.36
2022-23,214285,Konstantinos Tsimikas,0,4,762,9.0,0.68,1.3
2022-23,244731,Luis Díaz,4,2,991,11.0,2.48,1.32
2022-23,444884,Harvey Elliott,1,2,1600,18.0,2.12,4.31
2022-23,244858,Fábio Freitas Gouveia Carvalho,2,1,339,4.0,1.11,0.25
2022-23,447203,Darwin Núñez Ribeiro,9,5,1684,19.0,12.15,2.66
2022-23,489580,Calvin Ramsay,0,0,0,0.0,0.0,0.0
2022-23,60706,Adrián San Miguel del Castillo,0,0,0,0.0,0.0,0.0
2022-23,219937,Rhys Williams,0,0,0,0.0,0.0,0.0
2022-23,152898,Ben Davies,0,0,0,0.0,0.0,0.0
2022-23,444765,Sepp van den Berg,0,0,0,0.0,0.0,0.0
2022-23,197464,Nathaniel Phillips,0,0,65,1.0,0.04,0.01
2022-23,462491,Luke Chambers,0,0,0,0.0,0.0,0.0
2022-23,535928,Stefan Bajcetic,1,0,522,6.0,0.79,0.47
2022-23,491970,Bobby Clark,0,0,7,0.0,0.0,0.09
2022-23,464353,Harvey Davies,0,0,0,0.0,0.0,0.0
2022-23,204043,Arthur Henrique Ramos de Oliveira Melo,0,0,0,0.0,0.0,0.0
2022-23,496208,Ben Doak,0,0,23,0.0,0.0,0.0
2022-23,243298,Cody Gakpo,7,3,1455,17.0,6.43,1.87
2022-23,58621,Kyle Walker,0,0,1953,22.0,0.39,1.32
2022-23,59859,Ilkay Gündogan,8,6,2351,27.0,7.83,4.37
2022-23,61366,Kevin De Bruyne,7,18,2413,28.0,5.34,13.69
2022-23,97299,John Stones,2,2,1844,21.0,1.03,0.97
2022-23,103025,Riyad Mahrez,5,12,1913,22.0,5.4,5.22
2022-23,114283,Jack Grealish,5,10,2051,23.0,4.5,6.74
2022-23,121145,João Cancelo,2,2,1273,16.0,0.83,1.53
2022-23,121160,Ederson Santana de Moraes,0,1,3150,35.0,0.0,0.22
2022-23,126184,Nathan Aké,1,0,1871,22.0,1.55,1.3
2022-23,146941,Aymeric Laporte,0,0,992,11.0,0.49,0.44
2022-23,164484,Zack Steffen,0,0,0,0.0,0.0,0.0
2022-23,165809,Bernardo Veiga de Carvalho e Silva,4,6,2196,24.0,2.09,3.83
2022-23,171314,Rúben Gato Alves Dias,0,0,1997,22.0,1.36,0.34
2022-23,209244,Phil Foden,11,7,1832,22.0,5.75,4.73
2022-23,220566,Rodrigo Hernandez,2,6,2911,34.0,4.53,3.49
2022-23,244851,Cole Palmer,0,1,358,2.0,0.36,0.49
2022-23,432714,James McAtee,0,0,0,0.0,0.0,0.0
2022-23,223094,Erling Haaland,36,9,2767,33.0,28.54,3.11
2022-23,461358,Julián Álvarez,9,3,1448,13.0,6.79,1.63
2022-23,439510,Luke Mbete-Tabu,0,0,0,0.0,0.0,0.0
2022-23,447880,Josh Wilson-Esbrand,0,0,0,0.0,0.0,0.0
2022-23,463034,Liam Delap,0,0,0,0.0,0.0,0.0
2022-23,88248,Stefan Ortega Moreno,0,0,270,3.0,0.0,0.0
2022-23,155405,Kalvin Phillips,0,0,291,2.0,0.28,0.11
2022-23,17601,Scott Carson,0,0,0,0.0,0.0,0.0
2022-23,477064,Rico Lewis,0,0,900,10.0,0.21,1.63
2022-23,437468,Sergio Gómez,0,1,340,2.0,0.37,1.05
2022-23,219291,Claudio Gomes,0,0,0,0.0,0.0,0.0
2022-23,244932,Ben Knight,0,0,0,0.0,0.0,0.0
2022-23,211975,Manuel Akanji,0,1,2284,24.0,1.14,0.99
2022-23,482769,Máximo Perrone,0,0,18,0.0,0.0,0.01
2022-23,434043,Alex Robertson,0,0,0,0.0,0.0,0.0
2022-23,463210,Shea Charles,0,0,27,0.0,0.0,0.0
2022-23,472769,Nico O'Reilly,0,0,0,0.0,0.0,0.0
2022-23,105666,Jack Butland,0,0,0,0.0,0.0,0.0
2022-23,14937,Cristiano Ronaldo dos Santos Aveiro,1,0,519,4.0,1.89,0.25
2022-23,51940,David De Gea Quintana,0,0,3420,38.0,0.0,0.22
2022-23,76359,Phil Jones,0,0,0,0.0,0.0,0.0
2022-23,90152,Raphaël Varane,0,0,1912,22.0,0.75,0.51
2022-23,95658,Harry Maguire,0,0,762,8.0,0.34,0.04
2022-23,101582,Frederico Rodrigues de Paula Santos,2,3,1228,12.0,2.03,1.77
2022-23,106760,Luke Shaw,1,4,2552,30.0,1.09,2.9
2022-23,141746,Bruno Borges Fernandes,8,9,3317,37.0,9.33,10.7
2022-23,152590,Alex Telles,0,0,0,0.0,0.0,0.0
2022-23,176297,Marcus Rashford,17,7,2880,32.0,15.27,2.86
2022-23,180184,Donny van de Beek,0,0,162,2.0,0.1,0.14
2022-23,184667,Victor Lindelöf,0,0,1359,14.0,0.25,0.39
2022-23,195851,Scott McTominay,1,0,1149,10.0,1.96,0.99
2022-23,197365,Eric Bailly,0,0,0,0.0,0.0,0.0
2022-23,209243,Jadon Sancho,6,3,1683,21.0,4.02,4.13
2022-23,214590,Aaron Wan-Bissaka,0,0,1432,16.0,1.19,0.91
2022-23,216051,Diogo Dalot Teixeira,1,2,2152,24.0,2.49,1.53
2022-23,232937,Brandon Williams,0,0,0,0.0,0.0,0.0
2022-23,449434,Anthony Elanga,0,1,417,5.0,0.65,0.98
2022-23,148225,Anthony Martial,6,3,970,11.0,6.03,1.46
2022-23,488404,Facundo Pellistri Rebollo,0,0,60,0.0,0.0,0.02
2022-23,21205,Tom Heaton,0,0,0,0.0,0.0,0.0
2022-23,222690,Tyrell Malacia,0,0,1391,14.0,0.23,0.71
2022-23,80607,Christian Eriksen,1,9,2046,25.0,4.79,3.49
2022-23,221820,Lisandro Martínez,1,0,2113,24.0,0.46,1.02
2022-23,493250,Amad Diallo,0,0,0,0.0,0.0,0.0
2022-23,461548,Zidane Iqbal,0,0,0,0.0,0.0,0.0
2022-23,493105,Alejandro Garnacho,3,2,557,5.0,2.97,0.95
2022-23,61256,Carlos Henrique Casimiro,4,3,2122,24.0,3.49,3.82
2022-23,467169,Antony Matheus dos Santos,4,2,1803,23.0,6.65,2.42
2022-23,446189,Matej Kovár,0,0,0,0.0,0.0,0.0
2022-23,516895,Kobbie Mainoo,0,0,10,0.0,0.0,0.07
2022-23,250370,Nathan Bishop,0,0,0,0.0,0.0,0.0
2022-23,472464,Shola Shoretire,0,0,0,0.0,0.0,0.0
2022-23,515500,Rhys Bennett,0,0,0,0.0,0.0,0.0
2022-23,120202,Wout Weghorst,0,1,790,10.0,2.02,1.16
2022-23,101338,Marcel Sabitzer,0,1,622,7.0,0.74,1.2
2022-23,518467,Marc Jurado Gomez,0,0,0,0.0,0.0,0.0
2022-23,232826,Anthony Gordon,4,0,1574,16.0,4.73,1.29
2022-23,56983,Matt Ritchie,0,0,35,0.0,0.0,0.05
2022-23,57145,Federico Fernández,0,0,0,0.0,0.0,0.0
2022-23,58845,Ciaran Clark,0,0,0,0.0,0.0,0.0
2022-23,59735,Karl Darlow,0,0,0,0.0,0.0,0.0
2022-23,67089,Martin Dubravka,0,0,156,1.0,0.0,0.0
2022-23,75115,Callum Wilson,18,6,1870,21.0,16.43,2.11
2022-23,77794,Kieran Trippier,1,9,3342,38.0,0.85,12.03
2022-23,78916,Dan Burn,1,0,3109,35.0,2.12,1.28
2022-23,90105,Ryan Fraser,0,0,308,3.0,0.31,0.25
2022-23,101148,Jamaal Lascelles,0,0,214,2.0,0.11,0.01
2022-23,104547,Dwight Gayle,0,0,0,0.0,0.0,0.0
2022-23,106618,Paul Dummett,0,0,0,0.0,0.0,0.0
2022-23,109528,Javier Manquillo Gaitán,0,0,34,0.0,0.0,0.01
2022-23,111773,Emil Krafth,0,0,1,0.0,0.0,0.0
2022-23,114243,Jacob Murphy,4,2,1230,14.0,3.46,2.95
2022-23,119471,Fabian Schär,1,3,3207,36.0,4.63,2.05
2022-23,169359,Matt Targett,0,0,600,6.0,0.01,0.67
2022-23,170137,Allan Saint-Maximin,1,6,1109,12.0,1.6,2.59
2022-23,179018,Miguel Almirón Rejala,11,4,2487,29.0,8.03,3.0
2022-23,180135,Sean Longstaff,1,5,2514,28.0,3.3,2.57
2022-23,180974,Joelinton Cássio Apolinário de Lira,6,5,2660,30.0,7.11,1.9
2022-23,194799,Jamal Lewis,0,0,9,0.0,0.0,0.0
2022-23,200089,Joe Willock,3,7,2556,31.0,7.3,4.29
2022-23,208706,Bruno Guimarães Rodriguez Moura,4,5,2727,32.0,2.82,3.72
2022-23,83314,Jeff Hendrick,0,0,0,0.0,0.0,0.0
2022-23,98747,Nick Pope,0,0,3261,37.0,0.0,0.01
2022-23,220237,Sven Botman,0,2,3127,35.0,2.75,1.09
2022-23,215379,Elliot Anderson,0,1,395,3.0,1.14,1.45
2022-23,441024,Harrison Ashby,0,0,0,0.0,0.0,0.0
2022-23,219168,Alexander Isak,10,2,1520,17.0,8.11,1.37
2022-23,104542,Loris Karius,0,0,0,0.0,0.0,0.0
2022-23,564510,Garang Kuol,0,0,0,0.0,0.0,0.0
2022-23,547719,Lewis Miley,0,0,14,0.0,0.08,0.0
2022-23,81441,Mark Gillespie,0,0,0,0.0,0.0,0.0
2022-23,215136,Neco Williams,1,1,1872,20.0,1.24,1.22
2022-23,50232,Jonjo Shelvey,0,0,573,6.0,0.19,0.66
2022-23,60689,Chris Wood,3,0,807,9.0,2.71,0.37
2022-23,48615,Harry Arter,0,0,0,0.0,0.0,0.0
2022-23,56917,Steve Cook,0,0,956,11.0,0.13,0.59
2022-23,57647,Lyle Taylor,0,0,0,0.0,0.0,0.0
2022-23,58771,Jack Colback,0,0,492,4.0,0.0,0.15
2022-23,102836,Brice Samba,0,0,0,0.0,0.0,0.0
2022-23,166325,Carlos Ribeiro Dias,0,0,6,0.0,0.0,0.0
2022-23,168172,Joe Lolley,0,0,0,0.0,0.0,0.0
2022-23,168281,Scott McKenna,0,0,1570,19.0,0.07,0.42
2022-23,173399,Mohamed Dräger,0,0,0,0.0,0.0,0.0
2022-23,204968,Ryan Yates,0,3,1833,21.0,1.99,0.43
2022-23,208912,Joe Worrall,1,0,2215,21.0,0.85,0.55
2022-23,209035,Jonathan Panzo,0,0,0,0.0,0.0,0.0
2022-23,209925,Xande Nascimento da Costa Silva,0,0,0,0.0,0.0,0.0
2022-23,217331,Sam Surridge,1,0,306,1.0,1.71,0.02
2022-23,221403,Richie Laryea,0,0,0,0.0,0.0,0.0
2022-23,242885,Loïc Mbe Soh,0,0,0,0.0,0.0,0.0
2022-23,242898,Brennan Johnson,8,5,2930,33.0,8.39,2.0
2022-23,244930,Alex Mighten,0,0,7,0.0,0.0,0.0
2022-23,437476,Braian Ojeda Rodríguez,0,0,0,0.0,0.0,0.0
2022-23,210156,Taiwo Awoniyi,10,1,1395,17.0,6.86,0.29
2022-23,172649,Dean Henderson,0,0,1620,18.0,0.0,0.01
2022-23,437753,Giulian Biancone,0,0,15,0.0,0.0,0.0
2022-23,90585,Willy Boly,0,1,684,9.0,0.05,0.27
2022-23,222531,Morgan Gibbs-White,5,12,3151,36.0,6.77,6.06
2022-23,199170,Moussa Niakhaté,0,0,1163,14.0,0.66,0.15
2022-23,204822,Omar Richards,0,0,0,0.0,0.0,0.0
2022-23,20066,Wayne Hennessey,0,0,271,3.0,0.0,0.0
2022-23,114241,Harry Toffolo,0,0,933,9.0,0.28,0.93
2022-23,243345,Lewis O'Brien,1,0,578,6.0,0.34,0.19
2022-23,109322,Jesse Lingard,0,1,918,12.0,1.04,0.47
2022-23,179519,Orel Mangala,1,1,1543,20.0,0.57,0.7
2022-23,475492,Oliver Hammond,0,0,0,0.0,0.0,0.0
2022-23,89076,Remo Freuler,0,0,2157,24.0,0.42,0.79
2022-23,55037,Cheikhou Kouyaté,1,0,871,10.0,0.36,0.33
2022-23,230251,Emmanuel Dennis,2,2,709,6.0,1.73,0.4
2022-23,233420,Renan Augusto Lodi dos Santos,0,2,2211,26.0,0.94,1.3
2022-23,500267,Loïc Badé,0,0,0,0.0,0.0,0.0
2022-23,80226,Serge Aurier,1,0,1943,22.0,0.74,0.92
2022-23,524069,Dale Taylor,0,0,0,0.0,0.0,0.0
2022-23,184193,Jordan Smith,0,0,0,0.0,0.0,0.0
2022-23,185253,Gustavo Henrique Furtado Scarpa,0,0,177,2.0,0.23,0.04
2022-23,513046,Danilo dos Santos de Oliveira,3,2,976,12.0,1.58,0.56
2022-23,28411,Keylor Navas,0,0,1530,17.0,0.0,0.01
2022-23,116404,Felipe Augusto de Almeida Monteiro,0,1,1417,15.0,1.2,1.15
2022-23,45124,André Ayew,0,0,306,1.0,1.06,0.03
2022-23,450197,George Shelvey,0,0,0,0.0,0.0,0.0
2022-23,154043,Ainsley Maitland-Niles,0,1,1400,13.0,0.02,0.76
2022-23,514356,Roméo Lavia,1,1,2219,26.0,0.42,0.62
2022-23,20467,Theo Walcott,2,2,1123,13.0,2.39,1.52
2022-23,58376,Alex McCarthy,0,0,540,6.0,0.0,0.0
2022-23,78056,Oriol Romeu Vidal,0,0,74,1.0,0.0,0.2
2022-23,83283,Nathan Redmond,0,0,1,0.0,0.0,0.0
2022-23,91047,Stuart Armstrong,2,2,1391,14.0,2.31,2.73
2022-23,96787,Mohamed Elyounoussi,1,1,2162,27.0,3.52,1.53
2022-23,101178,James Ward-Prowse,9,4,3371,38.0,5.86,5.3
2022-23,155511,Adam Armstrong,2,1,1321,14.0,2.23,0.75
2022-23,158534,Kyle Walker-Peters,1,0,2650,30.0,1.08,2.5
2022-23,171771,Jan Bednarek,0,0,1770,21.0,0.42,0.26
2022-23,200439,Che Adams,5,5,1987,23.0,6.48,2.19
2022-23,203389,Nathan Tella,0,0,0,0.0,0.0,0.0
2022-23,212721,Lyanco Silveira Neves Vojnovic,1,1,1173,11.0,0.58,0.12
2022-23,213482,Yan Valery,0,0,45,1.0,0.0,0.0
2022-23,214466,Will Smallbone,0,0,0,0.0,0.0,0.0
2022-23,240143,Ibrahima Diallo,0,0,813,11.0,0.21,0.12
2022-23,244560,Romain Perraud,2,2,1828,22.0,1.26,1.86
2022-23,431131,Moussa Djenepo,0,2,702,7.0,0.15,0.43
2022-23,441191,Tino Livramento,0,0,26,0.0,0.0,0.0
2022-23,450527,Mohammed Salisu,0,1,1971,21.0,1.4,0.5
2022-23,200428,Mateusz Lis,0,0,0,0.0,0.0,0.0
2022-23,456350,Gavin Bazunu,0,0,2880,32.0,0.0,0.05
2022-23,477386,Armel Bella-Kotchap,0,2,1881,24.0,1.05,0.44
2022-23,20310,Willy Caballero,0,0,0,0.0,0.0,0.0
2022-23,193204,Joe Ayodele-Aribo,2,0,1219,13.0,1.54,0.44
2022-23,476888,Sékou Mara,1,2,538,4.0,1.02,0.31
2022-23,515571,Juan Larios López,0,0,150,2.0,0.0,0.02
2022-23,173271,Duje Caleta-Car,1,0,942,9.0,0.83,0.14
2022-23,490503,Samuel Edozie,0,0,554,5.0,0.88,0.43
2022-23,476161,Lewis Payne,0,0,0,0.0,0.0,0.0
2022-23,447372,Ryan Finnigan,0,0,0,0.0,0.0,0.0
2022-23,493736,Jimmy Morgan,0,0,0,0.0,0.0,0.0
2022-23,81205,Mislav Orsic,0,0,6,0.0,0.0,0.0
2022-23,502697,Carlos Alcaraz,4,2,1024,13.0,1.76,0.71
2022-23,184386,James Bree,0,0,366,4.0,0.03,0.31
2022-23,504783,Kamaldeen Sulemana,2,1,959,10.0,1.76,1.01
2022-23,147611,Paul Onuachu,0,0,401,4.0,1.26,0.07
2022-23,494541,Kamari Doyle,0,0,6,0.0,0.0,0.0
2022-23,494543,Dominic Ballard,0,0,24,0.0,0.0,0.0
2022-23,499724,Samuel Amo-Ameyaw,0,0,3,0.0,0.0,0.0
2022-23,37915,Hugo Lloris,0,0,2205,25.0,0.0,0.0
2022-23,40383,Fraser Forster,0,0,1215,13.0,0.0,0.0
2022-23,78830,Harry Kane,30,9,3406,38.0,20.95,4.01
2022-23,85971,Son Heung-min,10,6,2886,33.0,9.8,4.56
2022-23,87835,Matt Doherty,1,0,663,7.0,0.74,0.27
2022-23,93264,Eric Dier,2,1,2816,31.0,1.76,0.55
2022-23,95715,Lucas Rodrigues Moura da Silva,1,0,145,0.0,0.55,0.46
2022-23,115556,Ben Davies,2,3,2284,26.0,1.01,1.47
2022-23,132015,Pierre-Emile Højbjerg,4,5,3131,35.0,2.02,3.13
2022-23,157668,Harry Winks,0,0,0,0.0,0.0,0.0
2022-23,173904,Davinson Sánchez,0,0,848,8.0,0.65,0.2
2022-23,184349,Ryan Sessegnon,2,1,805,9.0,1.64,1.1
2022-23,194252,Steven Bergwijn,0,0,0,0.0,0.0,0.0
2022-23,199249,Sergio Reguilón,0,0,0,0.0,0.0,0.0
2022-23,199584,Japhet Tanganga,0,0,145,2.0,0.0,0.01
2022-23,202993,Rodrigo Bentancur,5,2,1501,17.0,2.26,0.68
2022-23,209042,Oliver Skipp,1,0,1489,18.0,0.29,0.41
2022-23,214225,Joe Rodon,0,0,0,0.0,0.0,0.0
2022-23,221632,Cristian Romero,0,2,2363,26.0,1.5,1.02
2022-23,227127,Yves Bissouma,0,0,998,10.0,0.17,0.37
2022-23,241157,Emerson Leite de Souza Junior,2,2,1729,20.0,1.61,0.97
2022-23,445044,Dejan Kulusevski,2,7,2062,23.0,2.68,4.76
2022-23,490145,Dane Scarlett,0,0,0,0.0,0.0,0.0
2022-23,45034,Ivan Perišić,1,8,2099,23.0,2.48,5.23
2022-23,448791,Harvey White,0,0,4,0.0,0.0,0.04
2022-23,482442,Pape Matar Sarr,0,1,211,2.0,0.06,0.03
2022-23,214572,Brandon Austin,0,0,0,0.0,0.0,0.0
2022-23,496179,Alfie Devine,0,0,0,0.0,0.0,0.0
2022-23,447235,Troy Parrott,0,0,0,0.0,0.0,0.0
2022-23,212319,Richarlison de Andrade,1,5,995,12.0,3.43,1.46
2022-23,171101,Clément Lenglet,0,2,2018,24.0,0.98,0.78
2022-23,232859,Djed Spence,0,0,5,0.0,0.06,0.0
2022-23,436234,Bryan Gil Salvatierra,0,1,146,2.0,0.1,0.08
2022-23,220307,Arnaut Danjuma,1,0,162,1.0,0.84,0.07
2022-23,441164,Pedro Porro,3,3,1132,13.0,1.81,2.29
2022-23,461199,Romaine Mundle,0,0,0,0.0,0.0,0.0
2022-23,519327,George Abbott,0,0,1,0.0,0.0,0.0
2022-23,461201,Matthew Craig,0,0,13,0.0,0.0,0.0
2022-23,492779,Yago de Santiago Alonso,0,0,0,0.0,0.0,0.0
2022-23,84939,Danny Ings,8,2,1579,15.0,8.43,1.27
2022-23,37096,Lukasz Fabianski,0,0,3111,36.0,0.0,0.0
2022-23,40669,Angelo Ogbonna,0,0,1234,13.0,0.26,0.07
2022-23,55459,Aaron Cresswell,0,1,2235,24.0,0.36,2.85
2022-23,57531,Michail Antonio,5,3,1822,21.0,6.69,0.58
2022-23,86934,Manuel Lanzini,1,0,243,2.0,0.54,0.29
2022-23,103192,Kurt Zouma,2,1,1988,24.0,1.96,0.11
2022-23,105717,Arthur Masuaku,0,0,0,0.0,0.0,0.0
2022-23,164555,Vladimir Coufal,0,2,2135,24.0,0.28,1.71
2022-23,172841,Saïd Benrahma,6,3,2059,22.0,7.04,3.28
2022-23,178186,Jarrod Bowen,6,9,3232,36.0,9.38,6.0
2022-23,180151,Nikola Vlasic,0,0,0,0.0,0.0,0.0
2022-23,204480,Declan Rice,4,3,3272,36.0,2.4,1.85
2022-23,215439,Tomas Soucek,2,4,2811,32.0,4.02,1.03
2022-23,217593,Pablo Fornals Malla,3,1,1493,17.0,2.13,2.01
2022-23,222018,Ben Johnson,0,0,860,9.0,0.06,0.4
2022-23,210494,Nayef Aguerd,2,0,1594,17.0,2.23,0.23
2022-23,84182,Alphonse Areola,0,0,307,2.0,0.0,0.0
2022-23,220585,Flynn Downes,0,0,752,7.0,0.43,0.11
2022-23,195899,Gianluca Scamacca,3,0,921,11.0,2.42,0.51
2022-23,109533,Emerson Palmieri dos Santos,1,0,1317,16.0,0.8,0.77
2022-23,222017,Conor Coventry,0,0,1,0.0,0.0,0.0
2022-23,248865,Armstrong Oko-Flex,0,0,0,0.0,0.0,0.0
2022-23,149519,Maxwel Cornet,0,0,232,2.0,1.26,0.12
2022-23,201057,Thilo Kehrer,0,3,2229,25.0,0.49,0.63
2022-23,224024,Lucas Tolentino Coelho de Lima,4,5,2154,27.0,4.39,2.62
2022-23,487837,Divin Mubama,0,0,36,0.0,0.0,0.01
2022-23,447879,Joseph Anang,0,0,0,0.0,0.0,0.0
2022-23,483364,Krisztián Hegyi,0,0,0,0.0,0.0,0.0
2022-23,518438,Kaelan Casey,0,0,0,0.0,0.0,0.0
2022-23,60232,Craig Dawson,1,1,2134,25.0,1.53,0.27
2022-23,102057,Raúl Jiménez,0,2,839,8.0,2.55,0.55
2022-23,114128,Jonathan Castro Otto,1,0,1257,14.0,0.3,0.83
2022-23,149065,José Malheiro de Sá,0,0,3240,36.0,0.0,0.0
2022-23,171317,Rúben da Silva Neves,6,2,3020,33.0,5.19,1.57
2022-23,184754,Hwang Hee-chan,3,2,1117,12.0,2.97,0.62
2022-23,200402,Nélson Cabral Semedo,0,1,2633,31.0,0.53,0.91
2022-23,200600,Daniel Castelo Podence,6,1,1760,20.0,3.88,2.19
2022-23,214048,Max Kilman,0,1,3307,37.0,1.31,0.5
2022-23,245923,Luke Cundle,0,0,0,0.0,0.0,0.0
2022-23,247632,Pedro Lomba Neto,0,2,962,13.0,1.12,1.64
2022-23,448514,Rayan Aït-Nouri,1,0,1067,9.0,1.26,0.84
2022-23,449988,Fabio Silva,0,0,0,0.0,0.0,0.0
2022-23,510362,Toti António Gomes,1,0,978,10.0,0.35,0.23
2022-23,510363,Francisco Jorge Tomás Oliveira,0,0,0,0.0,0.0,0.0
2022-23,159533,Adama Traoré Diarra,2,4,1477,12.0,1.38,3.22
2022-23,216208,Matija Šarkić,0,0,0,0.0,0.0,0.0
2022-23,501837,Yerson Mosquera Valdelamar,0,0,0,0.0,0.0,0.0
2022-23,19624,João Filipe Iria Santos Moutinho,0,2,1773,20.0,1.3,1.93
2022-23,432830,Nathan Collins,0,0,1811,19.0,0.23,0.21
2022-23,246799,Jackson Smith,0,0,0,0.0,0.0,0.0
2022-23,490721,Hugo Bueno López,0,1,1307,16.0,0.17,1.0
2022-23,240299,Joseph Hodge,0,0,172,1.0,0.28,0.05
2022-23,198842,Connor Ronan,0,0,1,0.0,0.0,0.0
2022-23,461026,Chem Campbell,0,0,68,0.0,0.1,0.0
2022-23,181284,Gonçalo Manuel Ganchinho Guedes,1,1,703,8.0,1.2,0.45
2022-23,465351,Matheus Luiz Nunes,1,1,2467,30.0,2.41,1.38
2022-23,429414,Sasa Kalajdzic,0,0,45,1.0,0.27,0.0
2022-23,18507,Diego Da Silva Costa,1,0,1235,16.0,3.22,0.6
2022-23,476502,Boubacar Traoré,0,1,405,4.0,0.07,0.06
2022-23,531363,Nathan Fraser,0,0,0,0.0,0.0,0.0
2022-23,449133,Harvey Griffiths,0,0,0,0.0,0.0,0.0
2022-23,492776,Dexter Lembikisa,0,0,22,0.0,0.0,0.0
2022-23,430871,Matheus Santos Carneiro Da Cunha,2,0,961,12.0,1.72,0.17
2022-23,151086,Mario Lemina,0,1,1297,17.0,0.25,0.46
2022-23,88484,Pablo Sarabia,1,0,764,9.0,2.99,0.89
2022-23,79602,Daniel Bentley,0,0,180,2.0,0.0,0.0
2022-23,448089,João Victor Gomes da Silva,1,0,649,7.0,0.3,0.11
2023-24,232223,Folarin Balogun,0,0,0,0.0,0.0,0.0
2023-24,58822,Cédric Alves Soares,0,0,59,0.0,0.0,0.02
2023-24,153256,Mohamed Elneny,0,1,25,0.0,0.08,0.01
2023-24,438098,Fábio Ferreira Vieira,1,3,290,2.0,1.25,0.64
2023-24,226597,Gabriel dos Santos Magalhães,3,1,3042,34.0,4.48,0.65
2023-24,219847,Kai Havertz,13,10,2627,30.0,12.36,3.88
2023-24,205651,Gabriel Fernando de Jesus,4,7,1470,17.0,6.27,3.26
2023-24,85955,Jorge Luiz Frello Filho,0,2,913,10.0,0.1,1.77
2023-24,440854,Jakub Kiwior,1,3,942,11.0,0.74,0.6
2023-24,479683,Marcus Oliveira Alencar,0,0,0,0.0,0.0,0.0
2023-24,444145,Gabriel Martinelli Silva,6,5,2010,24.0,6.36,5.18
2023-24,205533,Eddie Nketiah,5,4,1065,10.0,4.65,0.53
2023-24,184029,Martin Ødegaard,8,11,3098,35.0,7.53,10.16
2023-24,167199,Thomas Partey,0,0,785,9.0,0.43,0.58
2023-24,195735,Nicolas Pépé,0,0,0,0.0,0.0,0.0
2023-24,225321,Aaron Ramsdale,0,0,540,6.0,0.0,0.01
2023-24,115918,Rúnar Alex Rúnarsson,0,0,0,0.0,0.0,0.0
2023-24,223340,Bukayo Saka,16,12,2922,35.0,15.4,10.9
2023-24,462424,William Saliba,2,1,3420,38.0,1.7,0.9
2023-24,209289,Emile Smith Rowe,0,2,343,3.0,1.86,0.4
2023-24,192895,Kieran Tierney,0,0,0,0.0,0.0,0.0
2023-24,223723,Takehiro Tomiyasu,2,1,1140,10.0,1.74,0.68
2023-24,116216,Leandro Trossard,12,2,1633,18.0,8.29,2.96
2023-24,198869,Benjamin White,4,5,2987,35.0,1.27,3.66
2023-24,84450,Granit Xhaka,0,0,0,0.0,0.0,0.0
2023-24,206325,Oleksandr Zinchenko,1,2,1717,20.0,0.6,2.65
2023-24,154561,David Raya Martin,0,0,2880,32.0,0.0,0.04
2023-24,204480,Declan Rice,7,9,3225,37.0,3.53,5.09
2023-24,200641,Reiss Nelson,0,0,256,1.0,0.18,0.43
2023-24,445122,Jurriën Timber,0,0,70,1.0,0.0,0.02
2023-24,463748,Karl Hein,0,0,0,0.0,0.0,0.0
2023-24,516874,Charles Sagoe,0,0,0,0.0,0.0,0.0
2023-24,535262,Reuell Walters,0,0,0,0.0,0.0,0.0
2023-24,535264,Bradley Ibrahim,0,0,0,0.0,0.0,0.0
2023-24,499169,Myles Lewis-Skelly,0,0,0,0.0,0.0,0.0
2023-24,499175,Ethan Nwaneri,0,0,13,0.0,0.0,0.05
2023-24,504751,Mauro Bandeira,0,0,0,0.0,0.0,0.0
2023-24,503308,James Sweet,0,0,0,0.0,0.0,0.0
2023-24,106468,Alexandre Moreno Lopera,2,0,1024,11.0,1.11,0.98
2023-24,215711,Leon Bailey,10,11,2063,22.0,6.29,7.17
2023-24,195546,Emiliano Buendía Stati,0,0,0,0.0,0.0,0.0
2023-24,199796,Matty Cash,2,2,2138,23.0,4.41,2.47
2023-24,101184,Calum Chambers,0,1,149,1.0,0.0,0.01
2023-24,84583,Philippe Coutinho Correia,0,0,24,0.0,0.15,0.02
2023-24,221239,Keinan Davis,0,0,0,0.0,0.0,0.0
2023-24,151589,Leander Dendoncker,1,1,118,1.0,0.73,0.01
2023-24,165659,Diego Carlos Santos Silva,0,0,1809,20.0,1.95,0.35
2023-24,101188,Lucas Digne,1,4,2405,27.0,0.99,3.49
2023-24,230046,Douglas Luiz Soares de Paulo,9,5,2994,35.0,6.69,4.86
2023-24,476344,Jhon Durán,5,1,461,3.0,2.04,0.15
2023-24,123354,Kortney Hause,0,0,0,0.0,0.0,0.0
2023-24,490094,Tim Iroegbunam,0,0,157,1.0,0.0,0.0
2023-24,226944,Boubacar Kamara,0,1,1653,20.0,0.13,1.39
2023-24,199798,Ezri Konsa Ngoyo,1,1,3069,35.0,2.56,1.01
2023-24,98980,Emiliano Martínez Romero,0,0,3015,34.0,0.0,0.01
2023-24,122806,John McGinn,6,5,3000,35.0,5.01,4.99
2023-24,149484,Tyrone Mings,0,0,30,1.0,0.01,0.16
2023-24,111782,Robin Olsen,0,0,405,4.0,0.0,0.0
2023-24,481624,Jaden Philogene-Bidace,0,0,3,0.0,0.0,0.0
2023-24,232653,Jacob Ramsey,1,1,848,8.0,2.09,1.38
2023-24,122775,Morgan Sanson,0,0,0,0.0,0.0,0.0
2023-24,248164,Viljami Sinisalo,0,0,0,0.0,0.0,0.0
2023-24,166989,Youri Tielemans,2,6,1613,17.0,1.24,1.98
2023-24,110504,Bertrand Traoré,0,0,10,0.0,0.0,0.0
2023-24,178301,Ollie Watkins,19,18,3222,37.0,16.74,4.02
2023-24,213345,Wesley Moraes Ferreira da Silva,0,0,0,0.0,0.0,0.0
2023-24,244954,Pau Torres,2,0,2462,27.0,0.96,0.71
2023-24,243557,Moussa Diaby,6,11,2168,25.0,7.4,4.24
2023-24,549068,Omari Kellyman,0,0,35,0.0,0.04,0.0
2023-24,462381,Filip Marschall,0,0,0,0.0,0.0,0.0
2023-24,245414,Nicolò Zaniolo,2,0,824,9.0,2.67,0.7
2023-24,516159,Oliwier Zych,0,0,0,0.0,0.0,0.0
2023-24,171101,Clément Lenglet,0,1,1153,14.0,0.81,0.52
2023-24,564505,Sam Proctor,0,0,0,0.0,0.0,0.0
2023-24,515599,Tommi O'Reilly,0,0,0,0.0,0.0,0.0
2023-24,481283,James Wright,0,0,0,0.0,0.0,0.0
2023-24,465390,Kaine Kesler-Hayden,0,0,5,0.0,0.0,0.0
2023-24,244850,Morgan Rogers,3,1,636,8.0,1.35,0.33
2023-24,462492,Joe Gauci,0,0,0,0.0,0.0,0.0
2023-24,521966,Finley Munroe,0,0,3,0.0,0.0,0.0
2023-24,537403,Kadan Young,0,0,0,0.0,0.0,0.0
2023-24,646754,Lander Emery,0,0,0,0.0,0.0,0.0
2023-24,444180,Jaidon Anthony,0,0,151,2.0,0.07,0.02
2023-24,168991,Philip Billing,2,3,1385,13.0,2.53,2.11
2023-24,111317,David Brooks,1,1,271,2.0,2.45,0.47
2023-24,158499,Ryan Christie,0,5,2908,35.0,2.49,5.37
2023-24,155408,Lewis Cook,0,3,2787,32.0,0.42,2.92
2023-24,244085,Siriki Dembélé,0,0,0,0.0,0.0,0.0
2023-24,81012,Ryan Fredericks,0,0,0,0.0,0.0,0.0
2023-24,463981,James Hill,0,0,74,1.0,0.0,0.01
2023-24,235530,Lloyd Kelly,0,1,1553,17.0,0.34,0.77
2023-24,444183,Gavin Kilkenny,0,0,0,0.0,0.0,0.0
2023-24,222683,Justin Kluivert,7,1,1910,26.0,5.76,1.68
2023-24,128309,Jamal Lowe,0,0,0,0.0,0.0,0.0
2023-24,133845,Emiliano Marcondes,0,0,0,0.0,0.0,0.0
2023-24,223911,Chris Mepham,0,1,613,6.0,0.09,0.17
2023-24,128340,Kieffer Moore,1,0,100,0.0,1.44,0.33
2023-24,69752,Norberto Murara Neto,0,0,2880,32.0,0.0,0.01
2023-24,533463,Dango Ouattara,1,2,1214,12.0,2.65,1.1
2023-24,156687,Ben Pearson,0,0,0,0.0,0.0,0.0
2023-24,32259,Darren Randolph,0,0,0,0.0,0.0,0.0
2023-24,156685,Joe Rothwell,0,0,380,3.0,0.06,0.22
2023-24,437730,Antoine Semenyo,8,4,2099,25.0,4.69,2.19
2023-24,221466,Marcos Senesi,4,5,2239,26.0,1.98,2.27
2023-24,54469,Adam Smith,0,3,2148,25.0,0.05,1.5
2023-24,154566,Dominic Solanke,19,3,3325,37.0,19.64,2.11
2023-24,201658,Marcus Tavernier,3,4,2118,25.0,3.88,4.24
2023-24,424044,Hamed Traorè,0,0,44,0.0,0.17,0.01
2023-24,229600,Mark Travers,0,0,360,4.0,0.0,0.0
2023-24,477580,Illia Zabarnyi,1,0,3330,37.0,1.13,0.55
2023-24,544877,Milos Kerkez,0,2,1966,22.0,1.32,1.06
2023-24,215531,Ionuț Radu,0,0,180,2.0,0.0,0.0
2023-24,474772,Ben Greenwood,0,0,0,0.0,0.0,0.0
2023-24,232980,Max Aarons,0,1,1233,13.0,0.04,0.89
2023-24,503139,Alex Scott,1,1,1003,11.0,0.82,1.06
2023-24,200785,Tyler Adams,0,0,118,1.0,0.0,0.03
2023-24,224995,Luis Sinisterra,2,2,685,7.0,2.62,1.03
2023-24,441240,Romain Faivre,0,0,37,0.0,0.15,0.03
2023-24,496683,Max Kinsey,0,0,0,0.0,0.0,0.0
2023-24,168636,Enes Ünal,2,4,317,2.0,2.84,0.13
2023-24,550596,Dominic Sadi,0,0,1,0.0,0.0,0.0
2023-24,596572,Michael Dacosta Gonzalez,0,0,0,0.0,0.0,0.0
2023-24,568791,Callan McKenna,0,0,0,0.0,0.0,0.0
2023-24,191866,Kristoffer Ajer,2,1,1826,21.0,1.22,2.68
2023-24,235448,Ellery Balcombe,0,0,0,0.0,0.0,0.0
2023-24,432160,Shandon Baptiste,1,1,222,2.0,0.89,0.36
2023-24,228044,Mads Bech Sørensen,0,0,0,0.0,0.0,0.0
2023-24,481405,Mads Bidstrup,0,0,0,0.0,0.0,0.0
2023-24,174932,Sergi Canós Tenés,0,0,0,0.0,0.0,0.0
2023-24,432830,Nathan Collins,1,1,2649,29.0,1.59,0.95
2023-24,503300,Matthew Cox,0,0,0,0.0,0.0,0.0
2023-24,440089,Mikkel Damsgaard,0,4,829,7.0,0.76,0.93
2023-24,183656,Josh Dasilva,0,0,22,0.0,0.0,0.23
2023-24,434662,Halil Dervişoğlu,0,0,0,0.0,0.0,0.0
2023-24,118342,Mark Flekken,0,1,3285,37.0,0.0,0.14
2023-24,213687,Charlie Goode,0,0,0,0.0,0.0,0.0
2023-24,194010,Rico Henry,0,1,401,5.0,0.07,0.9
2023-24,472713,Aaron Hickey,0,0,713,9.0,0.2,0.13
2023-24,204580,Vitaly Janelt,1,4,3054,37.0,1.82,3.44
2023-24,207283,Mathias Jensen,3,4,2201,27.0,0.71,4.89
2023-24,249231,Keane Lewis-Potter,3,2,1428,15.0,6.42,1.66
2023-24,446008,Bryan Mbeumo,9,7,1957,22.0,9.7,5.67
2023-24,51927,Ben Mee,2,1,1272,15.0,1.57,0.78
2023-24,128295,Christian Nørgaard,2,1,2504,30.0,3.61,2.44
2023-24,428580,Frank Onyeka,1,2,1147,11.0,2.09,1.44
2023-24,231065,Ethan Pinnock,2,0,2521,28.0,2.01,0.83
2023-24,226956,Mads Roerslev Rasmussen,1,2,1975,22.0,1.05,1.34
2023-24,513418,Kevin Schade,2,2,327,3.0,1.29,0.72
2023-24,140200,Thomas Strakosha,0,0,135,1.0,0.0,0.01
2023-24,144485,Ivan Toney,4,3,1449,16.0,5.72,1.51
2023-24,591357,Ryan Trevitt,0,0,0,0.0,0.0,0.0
2023-24,216646,Yoane Wissa,12,4,2488,29.0,10.54,1.82
2023-24,508395,Yegor Yarmoliuk,0,0,670,6.0,0.94,1.0
2023-24,48760,Mathias Jorgensen,1,0,1086,12.0,0.74,0.55
2023-24,115382,Neal Maupay,6,3,1417,14.0,6.89,1.99
2023-24,199249,Sergio Reguilón,0,6,1524,18.0,0.94,2.83
2023-24,501284,Michael Olakigbe,0,0,51,0.0,0.14,0.02
2023-24,494041,Ethan Brierley,0,0,0,0.0,0.0,0.0
2023-24,205836,Saman Ghoddos,1,0,728,7.0,0.3,1.05
2023-24,570241,Ji-Soo Kim,0,0,0,0.0,0.0,0.0
2023-24,516432,Valintino Adedokun,0,0,0,0.0,0.0,0.0
2023-24,450539,Myles Peart-Harris,0,0,11,0.0,0.0,0.0
2023-24,563883,Vincent Angelini,0,0,0,0.0,0.0,0.0
2023-24,507433,Hákon Valdimarsson,0,0,0,0.0,0.0,0.0
2023-24,612534,Benjamin Fredrick,0,0,0,0.0,0.0,0.0
2023-24,622536,Benjamin Arthur,0,0,0,0.0,0.0,0.0
2023-24,628204,Yunus Konak,0,0,0,0.0,0.0,0.0
2023-24,535818,Simon Adingra,6,1,2220,25.0,4.19,3.26
2023-24,235382,Steven Alzate,0,0,0,0.0,0.0,0.0
2023-24,509416,Yasin Ayari,0,0,0,0.0,0.0,0.0
2023-24,536916,Facundo Buonanotte,3,1,1356,17.0,2.34,1.16
2023-24,233425,Aaron Connolly,0,0,0,0.0,0.0,0.0
2023-24,168090,Mahmoud Dahoud,0,1,449,6.0,0.22,0.54
2023-24,83299,Lewis Dunk,3,1,2869,33.0,3.15,2.24
2023-24,474120,Julio Enciso,0,2,468,5.0,1.38,1.28
2023-24,204214,Pervis Estupiñán,2,3,1242,15.0,1.0,2.22
2023-24,487117,Evan Ferguson,6,1,1356,15.0,4.49,0.77
2023-24,243568,Billy Gilmour,0,3,2116,24.0,0.98,2.56
2023-24,60307,Pascal Groß,4,11,3112,34.0,6.4,8.89
2023-24,475168,João Pedro Junqueira de Jesus,9,3,2037,19.0,12.01,4.64
2023-24,442229,Michał Karbownik,0,0,0,0.0,0.0,0.0
2023-24,484658,Kacper Kozłowski,0,0,0,0.0,0.0,0.0
2023-24,39155,Adam Lallana,0,1,839,13.0,0.83,1.6
2023-24,232792,Tariq Lamptey,0,3,908,10.0,0.34,0.9
2023-24,109345,Solly March,3,1,555,7.0,2.1,0.97
2023-24,209288,Tom McGill,0,0,0,0.0,0.0,0.0
2023-24,15157,James Milner,0,2,770,11.0,0.29,2.18
2023-24,451340,Kaoru Mitoma,3,7,1485,15.0,3.49,3.56
2023-24,243505,Jakub Moder,0,0,608,6.0,0.78,0.67
2023-24,441192,Jeremy Sarmiento Morante,0,0,0,0.0,0.0,0.0
2023-24,240514,Kjell Scherpen,0,0,0,0.0,0.0,0.0
2023-24,49262,Jason Steele,0,0,1530,17.0,0.0,0.0
2023-24,450434,Deniz Undav,0,0,0,0.0,0.0,0.0
2023-24,469142,Jan Paul van Hecke,0,0,2368,26.0,1.42,0.93
2023-24,111478,Joël Veltman,1,1,1579,17.0,0.46,0.53
2023-24,489639,Bart Verbruggen,0,0,1890,21.0,0.0,0.0
2023-24,110735,Adam Webster,0,0,1142,13.0,0.5,0.33
2023-24,50175,Danny Welbeck,5,4,1687,21.0,5.09,1.46
2023-24,204676,Andi Zeqiri,0,0,0,0.0,0.0,0.0
2023-24,223434,Igor Julio dos Santos de Paulo,0,0,1631,17.0,0.25,0.5
2023-24,532529,Jack Hinshelwood,3,0,866,8.0,2.1,0.36
2023-24,535301,Carlos Baleba,0,0,1314,15.0,0.85,0.24
2023-24,465607,Anssumane Fati Vieira,2,1,509,3.0,3.51,0.61
2023-24,574402,Mark O’Mahony,0,0,61,1.0,0.06,0.0
2023-24,475480,Benicio Baker-Boaitey,0,0,37,0.0,0.02,0.1
2023-24,514154,Ben Jackson,0,0,0,0.0,0.0,0.0
2023-24,532528,Joshua Duffus,0,0,0,0.0,0.0,0.0
2023-24,513836,Leigh Kavanagh,0,0,0,0.0,0.0,0.0
2023-24,500052,Luca Barrington,0,0,0,0.0,0.0,0.0
2023-24,491598,Cameron Peupion,0,0,0,0.0,0.0,0.0
2023-24,543158,Valentín Barco,0,0,307,3.0,0.2,0.38
2023-24,513840,Samy Chouchane,0,0,0,0.0,0.0,0.0
2023-24,445548,Odeluga Offiah,0,0,126,1.0,0.0,0.03
2023-24,549014,Noël Atom,0,0,0,0.0,0.0,0.0
2023-24,578614,Enock Agyei,0,0,0,0.0,0.0,0.0
2023-24,487968,Ameen Al-Dakhil,1,0,1055,12.0,1.28,0.54
2023-24,189776,Samuel Bastien,0,0,0,0.0,0.0,0.0
2023-24,183751,Manuel Benson Hedilazio,0,0,110,1.0,0.07,0.18
2023-24,241231,Jordan Beyer,0,1,1234,15.0,0.56,0.19
2023-24,172782,Josh Brownhill,4,2,2248,23.0,1.81,2.04
2023-24,250735,Darko Churlinov,0,0,0,0.0,0.0,0.0
2023-24,40145,Jack Cork,0,0,25,0.0,0.0,0.02
2023-24,530873,Dara Costelloe,0,0,0,0.0,0.0,0.0
2023-24,172567,Josh Cullen,2,4,2055,23.0,0.59,2.29
2023-24,432711,CJ Egan-Riley,0,0,0,0.0,0.0,0.0
2023-24,478969,Hjalmar Ekdal,0,0,436,5.0,0.06,0.01
2023-24,435973,Lyle Foster,5,3,1898,22.0,4.36,1.27
2023-24,493347,Denis Franchi,0,0,0,0.0,0.0,0.0
2023-24,60586,Jóhann Berg Gudmundsson,1,3,1185,12.0,1.8,2.53
2023-24,483391,Luke McNally,0,0,0,0.0,0.0,0.0
2023-24,232917,Arijanet Muric,0,0,900,10.0,0.0,0.05
2023-24,216616,Dara O'Shea,3,4,2892,32.0,0.74,0.9
2023-24,220598,Michael Obafemi,0,0,19,0.0,0.11,0.01
2023-24,220037,Bailey Peacock-Farrell,0,0,0,0.0,0.0,0.0
2023-24,192290,Connor Roberts,0,1,817,8.0,0.0,0.35
2023-24,44683,Jay Rodriguez,2,1,811,7.0,3.82,0.08
2023-24,103914,Charlie Taylor,1,1,2329,25.0,0.25,1.66
2023-24,461102,Bobby Thomas,0,0,0,0.0,0.0,0.0
2023-24,226473,Scott Twine,0,0,0,0.0,0.0,0.0
2023-24,133085,Lawrence Vigouroux,0,0,0,0.0,0.0,0.0
2023-24,441455,Victor da Silva,0,3,2311,26.0,1.7,1.13
2023-24,120202,Wout Weghorst,0,0,0,0.0,0.0,0.0
2023-24,511783,Anass Zaroury,0,0,149,1.0,0.16,0.11
2023-24,520295,David Datro Fofana,4,1,876,10.0,4.58,0.3
2023-24,207189,Sander Berge,1,2,3002,34.0,2.04,1.66
2023-24,492831,Zeki Amdouni,5,1,1953,27.0,5.55,1.22
2023-24,432720,James Trafford,0,0,2520,28.0,0.0,0.04
2023-24,83283,Nathan Redmond,0,0,132,0.0,0.03,0.37
2023-24,487702,Luca Koleosho,1,2,972,13.0,1.96,1.07
2023-24,179458,Jacob Bruun Larsen,6,0,1235,16.0,4.65,1.44
2023-24,461567,Owen Dodgson,0,0,0,0.0,0.0,0.0
2023-24,550839,Wilson Odobert,3,4,2095,25.0,2.75,3.32
2023-24,247245,Hannes Delcroix,0,0,584,5.0,0.35,0.12
2023-24,447715,Aaron Ramsey,0,0,522,5.0,0.35,0.48
2023-24,437757,Han-Noah Massengo,0,0,14,0.0,0.0,0.0
2023-24,437748,Mike Trésor,0,0,410,3.0,0.37,0.54
2023-24,503724,Lorenz Assignon,1,2,1235,15.0,0.42,1.55
2023-24,477717,Maxime Esteve,0,0,1310,15.0,0.27,0.16
2023-24,486672,Moisés Caicedo Corozo,1,3,2865,33.0,0.42,2.01
2023-24,215059,Robert Sánchez,0,0,1433,16.0,0.0,0.0
2023-24,199598,Ethan Ampadu,0,0,0,0.0,0.0,0.0
2023-24,532605,Andrey Nascimento dos Santos,0,0,7,0.0,0.06,0.0
2023-24,109745,Kepa Arrizabalaga,0,0,0,0.0,0.0,0.0
2023-24,54694,Pierre-Emerick Aubameyang,0,0,0,0.0,0.0,0.0
2023-24,41328,César Azpilicueta,0,0,0,0.0,0.0,0.0
2023-24,118335,Abdul Rahman Baba,0,0,0,0.0,0.0,0.0
2023-24,242880,Benoît Badiashile,0,1,1337,15.0,0.27,0.92
2023-24,122074,Marcus Bettinelli,0,0,0,0.0,0.0,0.0
2023-24,180736,Trevoh Chalobah,1,0,949,10.0,0.2,0.16
2023-24,172850,Ben Chilwell,0,2,752,9.0,1.11,1.62
2023-24,478912,Carney Chukwuemeka,1,1,222,2.0,0.12,0.29
2023-24,460028,Levi Colwill,1,1,1794,20.0,1.29,0.53
2023-24,179268,Marc Cucurella Saseta,0,3,1783,20.0,1.16,1.01
2023-24,448047,Enzo Fernández,3,3,2208,26.0,5.72,3.78
2023-24,444463,Wesley Fofana,0,0,0,0.0,0.0,0.0
2023-24,232787,Conor Gallagher,5,8,3129,37.0,4.01,3.53
2023-24,482609,Malo Gusto,0,6,1746,19.0,1.01,3.39
2023-24,225796,Reece James,0,2,416,5.0,0.3,1.36
2023-24,66749,Romelu Lukaku Bolingoli,0,0,0,0.0,0.0,0.0
2023-24,248857,Noni Madueke,5,3,1044,13.0,2.51,2.13
2023-24,465920,Mykhailo Mudryk,5,5,1564,18.0,4.77,3.15
2023-24,517052,Nicolas Jackson,14,6,2801,31.0,18.14,3.0
2023-24,213198,Christopher Nkunku,3,0,437,2.0,2.47,0.37
2023-24,176413,Christian Pulisic,0,0,0,0.0,0.0,0.0
2023-24,204727,Malang Sarr,0,0,0,0.0,0.0,0.0
2023-24,471798,Gabriel Słonina,0,0,0,0.0,0.0,0.0
2023-24,103955,Raheem Sterling,8,8,1972,22.0,6.39,4.33
2023-24,51090,Thiago Emiliano da Silva,3,1,2525,28.0,0.73,0.58
2023-24,124183,Hakim Ziyech,0,0,0,0.0,0.0,0.0
2023-24,244851,Cole Palmer,22,13,2617,29.0,17.35,8.17
2023-24,518620,Ângelo Gabriel Borges Damaceno,0,0,0,0.0,0.0,0.0
2023-24,441302,Ian Maatsen,0,0,200,1.0,0.74,0.2
2023-24,220362,Axel Disasi,2,0,2579,29.0,2.35,1.46
2023-24,503714,Lesley Ugochukwu,0,0,296,3.0,0.0,0.14
2023-24,534392,Mason Burstow,0,0,8,0.0,0.0,0.0
2023-24,482158,Lucas Bergström,0,0,0,0.0,0.0,0.0
2023-24,514356,Roméo Lavia,0,0,32,0.0,0.0,0.01
2023-24,461188,Bashir Humphreys,0,0,0,0.0,0.0,0.0
2023-24,617054,Deivid Washington de Souza Eugênio,0,0,11,0.0,0.47,0.0
2023-24,474803,Eddie Beach,0,0,0,0.0,0.0,0.0
2023-24,491011,Diego Manuel Jadon da Silva Moreira,0,0,0,0.0,0.0,0.0
2023-24,457569,Đorđe Petrović,0,0,1986,22.0,0.0,0.0
2023-24,514280,Alfie Gilchrist,1,0,200,2.0,0.32,0.05
2023-24,517996,Ronnie Stutter,0,0,0,0.0,0.0,0.0
2023-24,519198,Alex Matos,0,0,1,0.0,0.0,0.0
2023-24,248854,Josh Brooking,0,0,0,0.0,0.0,0.0
2023-24,517995,Leo Castledine,0,0,0,0.0,0.0,0.0
2023-24,505187,Cesare Casadei,0,0,71,0.0,0.0,0.08
2023-24,536238,Ishé Samuels-Smith,0,0,0,0.0,0.0,0.0
2023-24,597983,Ollie Harrison,0,0,0,0.0,0.0,0.0
2023-24,514277,Jimi Tauriainen,0,0,1,0.0,0.0,0.0
2023-24,577016,Josh Acheampong,0,0,5,0.0,0.0,0.0
2023-24,499857,Teddy Sharman-Lowe,0,0,0,0.0,0.0,0.0
2023-24,550615,Tyrique George,0,0,0,0.0,0.0,0.0
2023-24,559963,Kiano Dyer,0,0,0,0.0,0.0,0.0
2023-24,518892,Ted Curd,0,0,0,0.0,0.0,0.0
2023-24,496222,Zak Sturge,0,0,0,0.0,0.0,0.0
2023-24,156074,Rob Holding,0,0,0,0.0,0.0,0.0
2023-24,466117,Naouirou Ahamada,0,0,332,0.0,0.4,0.12
2023-24,174874,Joachim Andersen,2,3,3416,38.0,1.75,2.08
2023-24,80146,Jordan Ayew,4,7,2540,30.0,3.97,2.55
2023-24,57328,Nathaniel Clyne,0,1,1335,14.0,0.21,0.21
2023-24,438464,Cheick Doucouré,0,0,920,11.0,0.28,0.76
2023-24,450535,Malcolm Ebiowei,0,0,0,0.0,0.0,0.0
2023-24,199670,Odsonne Edouard,7,0,1545,17.0,6.33,0.86
2023-24,232413,Eberechi Eze,11,5,2054,24.0,9.12,5.66
2023-24,40836,Vicente Guaita,0,0,0,0.0,0.0,0.0
2023-24,209036,Marc Guéhi,0,1,2020,23.0,0.58,1.0
2023-24,108413,Will Hughes,0,2,1886,23.0,0.31,1.7
2023-24,101982,Sam Johnstone,0,0,1796,20.0,0.0,0.0
2023-24,152551,Jefferson Lerma Solís,1,1,2399,27.0,2.61,1.78
2023-24,231747,Jean-Philippe Mateta,16,7,2274,25.0,10.84,1.3
2023-24,169593,Remi Matthews,0,0,3,0.0,0.0,0.0
2023-24,244723,Tyrick Mitchell,2,3,3204,37.0,1.27,2.39
2023-24,512462,Jake O'Brien,0,0,0,0.0,0.0,0.0
2023-24,443661,Michael Olise,10,6,1272,14.0,5.32,4.96
2023-24,450541,Luke Plange,0,0,0,0.0,0.0,0.0
2023-24,427623,Chris Richards,1,1,2091,23.0,0.6,0.17
2023-24,173954,Jairo Riedewald,0,0,228,2.0,0.04,0.07
2023-24,86417,Jeffrey Schlupp,2,2,1340,17.0,1.7,1.41
2023-24,49413,James Tomkins,0,0,8,0.0,0.0,0.0
2023-24,55494,Joel Ward,0,1,1978,23.0,0.88,0.25
2023-24,487818,Joe Whitworth,0,0,0,0.0,0.0,0.0
2023-24,172649,Dean Henderson,0,0,1620,18.0,0.0,0.01
2023-24,536694,Matheus França de Oliveira,0,2,224,1.0,0.33,0.46
2023-24,450542,Jesurun Rak-Sakyi,0,0,132,0.0,0.41,0.14
2023-24,461382,John-Kymani Gordon,0,0,0,0.0,0.0,0.0
2023-24,531993,Ademola Ola-Adebomi,0,0,0,0.0,0.0,0.0
2023-24,531989,David Ozoh,0,0,148,0.0,0.0,0.01
2023-24,474908,Jadan Raymond,0,0,0,0.0,0.0,0.0
2023-24,501468,Tayo Adaramola,0,0,0,0.0,0.0,0.0
2023-24,247348,Daniel Muñoz,0,4,1440,16.0,1.26,1.26
2023-24,496221,Adam Wharton,0,3,1296,15.0,0.38,1.5
2023-24,574398,Franco Umeh-Chibueze,0,0,0,0.0,0.0,0.0
2023-24,530318,Kaden Rodney,0,0,0,0.0,0.0,0.0
2023-24,493121,Roshaun Mathurin,0,0,0,0.0,0.0,0.0
2023-24,120250,André Tavares Gomes,1,0,505,3.0,0.32,0.43
2023-24,480455,Jarrad Branthwaite,3,1,3116,35.0,1.62,1.29
2023-24,177815,Dominic Calvert-Lewin,7,3,2166,26.0,12.86,1.58
2023-24,59949,Seamus Coleman,0,0,661,7.0,0.0,0.7
2023-24,108823,Dele Alli,0,0,0,0.0,0.0,0.0
2023-24,121599,Abdoulaye Doucouré,7,3,2632,32.0,8.7,1.51
2023-24,232928,James Garner,1,2,3001,34.0,2.62,3.75
2023-24,160987,Jean-Philippe Gbamin,0,0,0,0.0,0.0,0.0
2023-24,198826,Ben Godfrey,0,0,1120,13.0,1.76,0.55
2023-24,172632,Demarai Gray,0,0,0,0.0,0.0,0.0
2023-24,80801,Idrissa Gueye,4,0,1885,24.0,1.25,0.82
2023-24,106611,Michael Keane,1,0,437,4.0,0.56,0.06
2023-24,433154,Dwight McNeil,3,8,2891,33.0,3.26,7.9
2023-24,224967,Vitalii Mykolenko,2,1,2469,28.0,1.49,1.07
2023-24,449871,Amadou Onana,2,0,2085,23.0,2.22,1.39
2023-24,243571,Nathan Patterson,0,2,1000,9.0,0.34,1.03
2023-24,111234,Jordan Pickford,0,0,3420,38.0,0.0,0.46
2023-24,218997,Ellis Simms,0,0,0,0.0,0.0,0.0
2023-24,17761,James Tarkowski,1,1,3420,38.0,2.55,2.66
2023-24,222627,João Neves Virgínia,0,0,0,0.0,0.0,0.0
2023-24,11948,Andy Lonergan,0,0,0,0.0,0.0,0.0
2023-24,18892,Ashley Young,0,1,2277,27.0,0.67,1.51
2023-24,220307,Arnaut Danjuma Groeneveld,1,0,587,5.0,2.63,0.42
2023-24,461421,Lewis Dobbin,1,0,226,1.0,0.34,0.12
2023-24,491012,Youssef Ramalho Chermiti,0,0,196,1.0,0.74,0.3
2023-24,461416,Thomas Cannon,0,0,1,0.0,0.0,0.0
2023-24,461446,Tyler Onyango,0,0,1,0.0,0.0,0.0
2023-24,221399,Jack Harrison,3,3,2212,25.0,3.68,3.02
2023-24,486385,Norberto Bercique Gomes Betuncal,3,0,943,9.0,6.46,0.3
2023-24,447261,Mackenzie Hunt,0,0,0,0.0,0.0,0.0
2023-24,491557,Jenson Metcalfe,0,0,0,0.0,0.0,0.0
2023-24,491745,Elijah Campbell,0,0,0,0.0,0.0,0.0
2023-24,461453,Lewis Warrington,0,0,1,0.0,0.0,0.0
2023-24,438405,Billy Crellin,0,0,0,0.0,0.0,0.0
2023-24,440323,Armando Broja,1,2,529,6.0,2.24,0.23
2023-24,153133,Alex Iwobi,5,2,2331,27.0,5.23,4.2
2023-24,156689,Andreas Hoelgebaum Pereira,3,9,2611,34.0,4.52,5.72
2023-24,76357,Tom Cairney,1,6,1472,14.0,1.03,2.58
2023-24,166324,Ivan Neves Abreu Cavaleiro,0,0,0,0.0,0.0,0.0
2023-24,96994,Bobby De Cordova-Reid,6,3,1410,17.0,4.55,1.12
2023-24,219924,Issa Diop,0,0,1423,16.0,0.26,0.42
2023-24,432931,Tyrese Francois,0,0,0,0.0,0.0,0.0
2023-24,83543,Anthony Knockaert,0,0,0,0.0,0.0,0.0
2023-24,109434,Terence Kongolo,0,0,0,0.0,0.0,0.0
2023-24,80201,Bernd Leno,0,0,3420,38.0,0.0,0.0
2023-24,212314,Saša Lukić,1,0,1113,13.0,1.49,0.46
2023-24,120721,Kevin Mbabu,0,0,0,0.0,0.0,0.0
2023-24,128389,Aleksandar Mitrović,0,0,32,0.0,0.16,0.02
2023-24,244042,Rodrigo Muniz Carvalho,9,2,1589,18.0,8.76,0.94
2023-24,154296,João Palhinha Gonçalves,4,1,2698,31.0,3.39,0.99
2023-24,82514,Tim Ream,1,0,1503,17.0,0.96,0.16
2023-24,153366,Harrison Reed,0,2,1317,15.0,0.29,1.49
2023-24,169528,Antonee Robinson,0,6,3266,37.0,0.68,3.75
2023-24,155529,Marek Rodák,0,0,0,0.0,0.0,0.0
2023-24,167074,Kenny Tete,1,0,863,10.0,0.86,0.46
2023-24,109646,Tosin Adarabioyo,2,0,1616,18.0,0.78,0.32
2023-24,245824,Carlos Vinícius Alves Morais,2,0,306,2.0,1.59,0.11
2023-24,153682,Harry Wilson,4,7,1603,16.0,3.45,2.63
2023-24,102057,Raúl Jiménez,7,0,1390,18.0,5.37,0.96
2023-24,47431,Willian Borges da Silva,4,3,2048,24.0,5.09,4.68
2023-24,232892,Calvin Bassey,1,0,2299,25.0,0.37,0.16
2023-24,547686,Luc De Fougerolles,0,0,0,0.0,0.0,0.0
2023-24,490146,Jay Stansfield,0,0,0,0.0,0.0,0.0
2023-24,515023,Matthew Dibley-Dias,0,0,0,0.0,0.0,0.0
2023-24,159533,Adama Traoré,2,3,363,1.0,1.49,0.88
2023-24,515024,Luke Harris,0,0,74,0.0,0.28,0.01
2023-24,166477,Timothy Castagne,1,3,2630,29.0,1.29,2.06
2023-24,428971,Steven Benda,0,0,0,0.0,0.0,0.0
2023-24,225897,Fodé Ballo-Touré,0,0,65,0.0,0.0,0.0
2023-24,487693,Devan Tanton,0,0,0,0.0,0.0,0.0
2023-24,511504,Kristian Sekularac,0,0,0,0.0,0.0,0.0
2023-24,577725,Joshua King,0,0,0,0.0,0.0,0.0
2023-24,60706,Adrián San Miguel del Castillo,0,0,0,0.0,0.0,0.0
2023-24,169187,Trent Alexander-Arnold,3,5,2153,25.0,2.78,5.84
2023-24,116535,Alisson Ramses Becker,0,0,2520,28.0,0.0,0.0
2023-24,535928,Stefan Bajcetic,0,0,25,0.0,0.0,0.0
2023-24,447203,Darwin Núñez Ribeiro,11,11,2033,22.0,16.23,4.37
2023-24,194634,Diogo Teixeira da Silva,10,7,1141,14.0,5.24,1.75
2023-24,444884,Harvey Elliott,3,9,1330,11.0,2.72,4.68
2023-24,116643,Fabio Henrique Tavares,0,0,0,0.0,0.0,0.0
2023-24,243298,Cody Gakpo,8,5,1633,17.0,9.07,2.71
2023-24,171287,Joe Gomez,0,2,1772,17.0,1.02,1.07
2023-24,56979,Jordan Henderson,0,0,0,0.0,0.0,0.0
2023-24,206915,Curtis Jones,1,1,1156,14.0,2.74,1.04
2023-24,200720,Caoimhin Kelleher,0,0,900,10.0,0.0,0.01
2023-24,204716,Ibrahima Konaté,0,0,1570,17.0,0.7,0.47
2023-24,244731,Luis Díaz,8,7,2625,32.0,12.08,4.73
2023-24,243016,Alexis Mac Allister,5,5,2600,31.0,3.59,4.89
2023-24,60914,Joel Matip,0,0,779,9.0,0.48,0.11
2023-24,197464,Nathaniel Phillips,0,0,0,0.0,0.0,0.0
2023-24,122798,Andrew Robertson,3,2,1689,18.0,1.9,4.4
2023-24,118748,Mohamed Salah,18,12,2531,28.0,20.89,7.47
2023-24,424876,Dominik Szoboszlai,3,4,2102,25.0,3.64,5.13
2023-24,61558,Thiago Alcántara do Nascimento,0,0,5,0.0,0.0,0.0
2023-24,214285,Konstantinos Tsimikas,0,3,675,8.0,0.09,1.26
2023-24,444765,Sepp van den Berg,0,0,0,0.0,0.0,0.0
2023-24,97032,Virgil van Dijk,2,2,3177,36.0,2.88,1.04
2023-24,441428,Jarell Quansah,2,0,1188,13.0,1.04,0.19
2023-24,491970,Bobby Clark,0,0,86,1.0,0.14,0.01
2023-24,496208,Ben Doak,0,0,13,0.0,0.0,0.0
2023-24,491501,James McConnell,0,0,3,0.0,0.0,0.0
2023-24,158983,Wataru Endo,1,0,1714,20.0,0.51,1.53
2023-24,441266,Ryan Gravenberch,1,0,1110,12.0,2.08,1.35
2023-24,462491,Luke Chambers,0,0,0,0.0,0.0,0.0
2023-24,519328,Callum Scanlon,0,0,0,0.0,0.0,0.0
2023-24,591386,Treymaurice Nyoni,0,0,0,0.0,0.0,0.0
2023-24,443629,Marcelo de Araújo Pitaluga Filho,0,0,0,0.0,0.0,0.0
2023-24,492777,Conor Bradley,1,3,752,10.0,0.91,1.24
2023-24,430992,Owen Beck,0,0,7,0.0,0.0,0.0
2023-24,496185,Kaide Gordon,0,0,1,0.0,0.0,0.0
2023-24,514514,Lewis Koumas,0,0,0,0.0,0.0,0.0
2023-24,518199,Fabian Mrozek,0,0,0,0.0,0.0,0.0
2023-24,500058,Jayden Danns,0,0,7,0.0,0.0,0.01
2023-24,611926,Amara Nallo,0,0,0,0.0,0.0,0.0
2023-24,437742,Albert Sambi Lokonga,1,3,1304,16.0,0.55,0.79
2023-24,184704,Marvelous Nakamba,0,0,1131,13.0,0.18,0.49
2023-24,174310,Elijah Adebayo,10,1,1405,16.0,5.47,0.44
2023-24,208904,Mads Juel Andersen,1,0,397,4.0,0.26,0.0
2023-24,165183,Amari'i Bell,0,0,1720,21.0,0.38,0.43
2023-24,82738,Luke Berry,2,1,309,2.0,0.99,0.15
2023-24,156658,Reece Burke,0,4,1659,20.0,1.86,0.92
2023-24,193195,Allan Campbell,0,0,0,0.0,0.0,0.0
2023-24,96784,Jordan Clark,1,1,1297,14.0,1.1,1.19
2023-24,244262,Alfie Doughty,2,10,2923,34.0,1.39,5.55
2023-24,49083,Luke Freeman,0,0,0,0.0,0.0,0.0
2023-24,113534,Matt Macey,0,0,0,0.0,0.0,0.0
2023-24,422303,John McAtee,0,0,0,0.0,0.0,0.0
2023-24,453537,Carlos Mendes Gomes,0,0,0,0.0,0.0,0.0
2023-24,156700,Carlton Morris,11,6,2859,32.0,11.53,1.52
2023-24,174595,Admiral Muskwe,0,0,0,0.0,0.0,0.0
2023-24,229164,Chiedozie Ogbene,4,4,1987,20.0,4.47,3.5
2023-24,168035,Fred Onyedinma,0,0,403,4.0,0.15,0.42
2023-24,199056,Gabriel Osho,2,0,1846,21.0,1.09,0.16
2023-24,490180,Aribim Pepple,0,0,0,0.0,0.0,0.0
2023-24,243532,Dion Pereira,0,0,0,0.0,0.0,0.0
2023-24,108411,Dan Potts,0,0,0,0.0,0.0,0.0
2023-24,165152,Glen Rea,0,0,0,0.0,0.0,0.0
2023-24,77818,James Shea,0,0,14,0.0,0.0,0.0
2023-24,242500,Joe Taylor,0,0,0,0.0,0.0,0.0
2023-24,232477,Elliot Thorpe,0,0,0,0.0,0.0,0.0
2023-24,207722,Jack Walton,0,0,0,0.0,0.0,0.0
2023-24,223333,Louie Watson,0,0,0,0.0,0.0,0.0
2023-24,91046,Cauley Woodrow,1,1,406,2.0,1.32,0.85
2023-24,244856,Teden Mengi,1,0,2467,28.0,0.54,0.56
2023-24,232351,Ryan Giles,0,0,498,5.0,0.12,0.56
2023-24,108796,Tom Lockyer,1,1,1169,14.0,0.99,0.29
2023-24,104047,Pelly Ruddock Mpanzu,0,0,1085,11.0,0.6,1.41
2023-24,222677,Tahith Chong,4,2,1972,20.0,2.7,1.33
2023-24,476369,Issa Kaboré,0,3,1727,21.0,0.22,1.87
2023-24,54738,Thomas Kaminski,0,0,3405,38.0,0.0,0.04
2023-24,88894,Ross Barkley,5,5,2616,30.0,3.91,2.73
2023-24,242453,Jacob Brown,2,1,1013,12.0,2.81,0.44
2023-24,552030,Aidan Francis-Clarke,0,0,0,0.0,0.0,0.0
2023-24,20480,Tim Krul,0,0,0,0.0,0.0,0.0
2023-24,611011,Joseph Johnson,0,0,75,0.0,0.0,0.0
2023-24,60252,Andros Townsend,1,4,1197,14.0,1.48,1.8
2023-24,608060,Jayden Luker,0,0,0,0.0,0.0,0.0
2023-24,589114,Zack Nelson,0,0,4,0.0,0.0,0.0
2023-24,209293,Daiki Hashioka,0,0,592,6.0,0.1,0.26
2023-24,547668,Axel Piesold,0,0,0,0.0,0.0,0.0
2023-24,647597,Dominic Dos Santos Martins,0,0,0,0.0,0.0,0.0
2023-24,634640,Christian Chigozie,0,0,0,0.0,0.0,0.0
2023-24,551995,Taylan Harris,0,0,0,0.0,0.0,0.0
2023-24,211975,Manuel Akanji,2,0,2512,28.0,1.77,1.79
2023-24,126184,Nathan Aké,2,3,2039,24.0,2.47,1.14
2023-24,461358,Julián Álvarez,11,11,2644,31.0,13.07,6.28
2023-24,165809,Bernardo Veiga de Carvalho e Silva,6,9,2576,29.0,3.54,8.05
2023-24,477555,Oscar Bobb,1,2,294,2.0,1.5,1.1
2023-24,121145,João Cancelo,0,0,0,0.0,0.0,0.0
2023-24,17601,Scott Carson,0,0,0,0.0,0.0,0.0
2023-24,463210,Shea Charles,0,0,0,0.0,0.0,0.0
2023-24,61366,Kevin De Bruyne,4,10,1219,15.0,2.4,6.9
2023-24,171314,Rúben Gato Alves Dias,0,0,2557,28.0,1.38,1.93
2023-24,121160,Ederson Santana de Moraes,0,0,2785,33.0,0.0,0.03
2023-24,209244,Phil Foden,19,8,2860,33.0,10.17,6.95
2023-24,114283,Jack Grealish,3,1,998,10.0,2.17,2.69
2023-24,223094,Erling Haaland,27,8,2553,29.0,29.57,2.18
2023-24,91651,Mateo Kovačić,1,0,1539,16.0,1.24,1.66
2023-24,146941,Aymeric Laporte,0,0,11,0.0,0.12,0.0
2023-24,477064,Rico Lewis,2,0,804,8.0,0.63,1.25
2023-24,103025,Riyad Mahrez,0,0,0,0.0,0.0,0.0
2023-24,88248,Stefan Ortega Moreno,0,0,632,5.0,0.0,0.0
2023-24,482769,Máximo Perrone,0,0,0,0.0,0.0,0.0
2023-24,220566,Rodrigo Hernandez,8,10,2931,34.0,3.99,6.15
2023-24,437468,Sergio Gómez,0,1,48,0.0,0.32,0.19
2023-24,164484,Zack Steffen,0,0,0,0.0,0.0,0.0
2023-24,97299,John Stones,1,0,1061,12.0,1.06,0.4
2023-24,58621,Kyle Walker,0,5,2766,30.0,0.4,3.2
2023-24,465351,Matheus Luiz Nunes,0,2,831,9.0,0.89,1.71
2023-24,477424,Joško Gvardiol,4,2,2327,26.0,3.14,2.09
2023-24,248875,Jérémy Doku,3,10,1585,18.0,2.57,5.85
2023-24,496283,Mahamadou Susoho,0,0,0,0.0,0.0,0.0
2023-24,462438,Micah Hamilton,0,0,0,0.0,0.0,0.0
2023-24,516250,Jacob Wright,0,0,0,0.0,0.0,0.0
2023-24,184341,Mason Mount,1,0,509,5.0,0.37,0.37
2023-24,152590,Alex Telles,0,0,0,0.0,0.0,0.0
2023-24,493250,Amad Diallo,1,1,385,3.0,0.53,0.47
2023-24,467169,Antony Matheus dos Santos,1,1,1311,15.0,3.38,1.83
2023-24,141746,Bruno Borges Fernandes,10,9,3118,35.0,9.73,10.23
2023-24,232937,Brandon Williams,0,0,0,0.0,0.0,0.0
2023-24,197365,Eric Bailly,0,0,0,0.0,0.0,0.0
2023-24,61256,Carlos Henrique Casimiro,1,3,1981,24.0,3.64,1.2
2023-24,216051,Diogo Dalot Teixeira,2,3,3174,35.0,1.67,2.38
2023-24,80607,Christian Eriksen,1,2,1134,12.0,0.97,2.46
2023-24,515501,Álvaro Fernández Carreras,0,0,0,0.0,0.0,0.0
2023-24,101582,Frederico Rodrigues de Paula Santos,0,0,0,0.0,0.0,0.0
2023-24,493105,Alejandro Garnacho,7,7,2564,30.0,8.23,2.81
2023-24,465527,Hannibal Mejbri,1,0,131,1.0,0.03,0.48
2023-24,21205,Tom Heaton,0,0,0,0.0,0.0,0.0
2023-24,184667,Victor Lindelöf,1,1,1328,14.0,0.69,0.43
2023-24,95658,Harry Maguire,2,4,1650,18.0,1.94,0.97
2023-24,516895,Kobbie Mainoo,3,1,1927,24.0,0.87,1.35
2023-24,222690,Tyrell Malacia,0,0,0,0.0,0.0,0.0
2023-24,148225,Anthony Martial,1,1,439,5.0,1.24,0.14
2023-24,221820,Lisandro Martínez,0,1,643,8.0,0.0,0.08
2023-24,195851,Scott McTominay,7,1,1891,18.0,6.0,0.41
2023-24,488404,Facundo Pellistri Rebollo,0,1,164,1.0,0.51,0.39
2023-24,90152,Raphaël Varane,1,0,1370,16.0,0.81,0.36
2023-24,176297,Marcus Rashford,7,3,2264,26.0,7.13,2.8
2023-24,209243,Jadon Sancho,0,0,76,0.0,0.0,0.07
2023-24,106760,Luke Shaw,0,1,960,12.0,0.05,0.89
2023-24,472464,Shola Shoretire,0,0,0,0.0,0.0,0.0
2023-24,180184,Donny van de Beek,0,0,2,0.0,0.04,0.03
2023-24,214590,Aaron Wan-Bissaka,0,2,1778,20.0,0.11,1.47
2023-24,202641,André Onana,0,0,3420,38.0,0.0,0.08
2023-24,497894,Rasmus Højlund,10,2,2156,25.0,6.97,0.96
2023-24,487828,Omari Forson,0,1,67,1.0,0.03,0.02
2023-24,477733,Radek Vítek,0,0,0,0.0,0.0,0.0
2023-24,504598,Daniel Gore,0,0,1,0.0,0.0,0.0
2023-24,451302,Altay Bayindir,0,0,0,0.0,0.0,0.0
2023-24,37642,Jonny Evans,0,1,1389,15.0,0.06,0.27
2023-24,172912,Sofyan Amrabat,0,0,929,10.0,0.07,0.36
2023-24,515504,Joe Hugill,0,0,0,0.0,0.0,0.0
2023-24,518466,Willy Kambwala,0,0,325,3.0,0.0,0.01
2023-24,515500,Rhys Bennett,0,0,0,0.0,0.0,0.0
2023-24,490881,Toby Collyer,0,0,0,0.0,0.0,0.0
2023-24,519325,Habeeb Ogunneye,0,0,0,0.0,0.0,0.0
2023-24,461537,Dermot Mee,0,0,0,0.0,0.0,0.0
2023-24,577974,Harry Amass,0,0,0,0.0,0.0,0.0
2023-24,575034,Ethan Wheatley,0,0,13,0.0,0.0,0.0
2023-24,530117,Louis Jackson,0,0,0,0.0,0.0,0.0
2023-24,487838,Lewis Hall,1,0,773,8.0,0.35,0.72
2023-24,179018,Miguel Almirón Rejala,3,1,1930,23.0,4.57,2.39
2023-24,215379,Elliot Anderson,0,2,1018,10.0,1.63,1.25
2023-24,441024,Harrison Ashby,0,0,0,0.0,0.0,0.0
2023-24,220237,Sven Botman,2,2,1375,15.0,0.62,0.54
2023-24,208706,Bruno Guimarães Rodriguez Moura,7,9,3264,37.0,4.91,6.2
2023-24,78916,Dan Burn,2,2,2725,32.0,3.35,1.12
2023-24,59735,Karl Darlow,0,0,0,0.0,0.0,0.0
2023-24,67089,Martin Dubravka,0,0,1984,22.0,0.0,0.0
2023-24,90105,Ryan Fraser,0,0,0,0.0,0.0,0.0
2023-24,81441,Mark Gillespie,0,0,0,0.0,0.0,0.0
2023-24,232826,Anthony Gordon,11,16,2896,34.0,10.03,5.4
2023-24,153127,Isaac Hayden,0,0,0,0.0,0.0,0.0
2023-24,83314,Jeff Hendrick,0,0,0,0.0,0.0,0.0
2023-24,219168,Alexander Isak,21,4,2253,27.0,20.22,2.68
2023-24,180974,Joelinton Cássio Apolinário de Lira,2,1,1276,15.0,2.82,1.09
2023-24,111773,Emil Krafth,0,0,909,8.0,0.2,0.76
2023-24,564510,Garang Kuol,0,0,0,0.0,0.0,0.0
2023-24,101148,Jamaal Lascelles,1,0,1077,13.0,0.74,0.12
2023-24,194799,Jamal Lewis,0,0,0,0.0,0.0,0.0
2023-24,180135,Sean Longstaff,6,3,2742,30.0,6.76,2.8
2023-24,109528,Javier Manquillo Gaitán,0,0,0,0.0,0.0,0.0
2023-24,114243,Jacob Murphy,3,8,1184,14.0,2.23,3.35
2023-24,98747,Nick Pope,0,0,1345,15.0,0.02,0.0
2023-24,56983,Matt Ritchie,1,0,120,0.0,0.98,0.07
2023-24,170137,Allan Saint-Maximin,0,0,0,0.0,0.0,0.0
2023-24,119471,Fabian Schär,4,3,3055,35.0,2.47,1.41
2023-24,169359,Matt Targett,0,0,77,1.0,0.0,0.01
2023-24,432422,Sandro Tonali,1,0,437,5.0,0.62,0.47
2023-24,77794,Kieran Trippier,1,10,2235,26.0,0.65,6.97
2023-24,232977,Kell Watts,0,0,0,0.0,0.0,0.0
2023-24,200089,Joe Willock,1,0,415,5.0,0.88,0.57
2023-24,75115,Callum Wilson,9,1,981,9.0,8.96,0.54
2023-24,104542,Loris Karius,0,0,90,1.0,0.0,0.0
2023-24,106618,Paul Dummett,0,0,18,0.0,0.02,0.0
2023-24,201666,Harvey Barnes,5,3,788,7.0,3.78,1.9
2023-24,441191,Tino Livramento,1,0,1302,12.0,0.38,0.83
2023-24,545477,Alex Murphy,0,0,11,0.0,0.0,0.0
2023-24,547719,Lewis Miley,1,3,1203,14.0,1.22,1.08
2023-24,248859,Amadou Diallo,0,0,1,0.0,0.0,0.0
2023-24,547716,Ben Parkinson,0,0,24,0.0,0.0,0.0
2023-24,490150,Michael Ndiweni,0,0,1,0.0,0.0,0.0
2023-24,461484,Joe White,0,0,12,0.0,0.0,0.0
2023-24,592436,Travis Hernes,0,0,0,0.0,0.0,0.0
2023-24,437626,Nuno Varela Tavares,0,0,454,5.0,0.16,0.38
2023-24,224068,Matt Turner,0,0,1530,17.0,0.0,0.0
2023-24,209046,Callum Hudson-Odoi,8,2,1846,20.0,2.65,2.02
2023-24,449434,Anthony Elanga,5,9,2424,25.0,6.2,4.04
2023-24,461682,Brandon Aguilera Zamora,0,0,4,0.0,0.0,0.0
2023-24,48615,Harry Arter,0,0,0,0.0,0.0,0.0
2023-24,80226,Serge Aurier,0,2,831,10.0,0.16,0.45
2023-24,210156,Taiwo Awoniyi,6,3,1036,12.0,4.85,0.9
2023-24,437753,Giulian Biancone,0,0,0,0.0,0.0,0.0
2023-24,90585,Willy Boly,2,1,1437,18.0,1.56,0.77
2023-24,245830,Josh Bowler,0,0,0,0.0,0.0,0.0
2023-24,56917,Steve Cook,0,0,0,0.0,0.0,0.0
2023-24,513046,Danilo dos Santos de Oliveira,2,2,1787,20.0,1.82,0.94
2023-24,230251,Emmanuel Dennis,0,0,0,0.0,0.0,0.0
2023-24,173399,Mohamed Dräger,0,0,0,0.0,0.0,0.0
2023-24,116404,Felipe Augusto de Almeida Monteiro,0,0,372,4.0,0.12,0.03
2023-24,89076,Remo Freuler,0,0,0,0.0,0.0,0.0
2023-24,222531,Morgan Gibbs-White,5,12,3156,35.0,6.65,6.79
2023-24,20066,Wayne Hennessey,0,0,0,0.0,0.0,0.0
2023-24,168547,Ethan Horvath,0,0,0,0.0,0.0,0.0
2023-24,55037,Cheikhou Kouyaté,0,0,206,2.0,0.25,0.04
2023-24,221403,Richie Laryea,0,0,0,0.0,0.0,0.0
2023-24,179519,Orel Mangala,1,0,1562,19.0,0.77,0.28
2023-24,242885,Loïc Mbe Soh,0,0,0,0.0,0.0,0.0
2023-24,168281,Scott McKenna,0,0,416,5.0,0.21,0.17
2023-24,244930,Alex Mighten,0,0,0,0.0,0.0,0.0
2023-24,199170,Moussa Niakhaté,1,0,1456,15.0,1.3,0.25
2023-24,243345,Lewis O'Brien,0,0,0,0.0,0.0,0.0
2023-24,437476,Braian Ojeda Rodríguez,0,0,0,0.0,0.0,0.0
2023-24,209035,Jonathan Panzo,0,0,0,0.0,0.0,0.0
2023-24,204822,Omar Richards,0,0,0,0.0,0.0,0.0
2023-24,185253,Gustavo Henrique Furtado Scarpa,0,0,0,0.0,0.0,0.0
2023-24,50232,Jonjo Shelvey,0,0,0,0.0,0.0,0.0
2023-24,217331,Sam Surridge,0,0,0,0.0,0.0,0.0
2023-24,114241,Harry Toffolo,1,3,1452,15.0,1.1,1.14
2023-24,201440,Hwang Ui-jo,0,0,0,0.0,0.0,0.0
2023-24,215136,Neco Williams,0,1,1630,18.0,0.74,1.54
2023-24,60689,Chris Wood,14,1,1801,20.0,11.71,0.92
2023-24,208912,Joe Worrall,0,0,438,5.0,0.1,0.31
2023-24,204968,Ryan Yates,1,1,1979,21.0,2.78,0.59
2023-24,159506,Olu Aina,1,1,1690,20.0,0.34,1.01
2023-24,450197,George Shelvey,0,0,0,0.0,0.0,0.0
2023-24,547659,Josh Powell,0,0,0,0.0,0.0,0.0
2023-24,218430,Gonzalo Montiel,0,2,796,8.0,0.11,0.79
2023-24,575476,Murillo Santiago Costa dos Santos,0,2,2790,32.0,1.78,0.64
2023-24,111452,Odysseas Vlachodimos,0,0,450,5.0,0.0,0.01
2023-24,466404,Andrew Omobamidele,0,0,782,8.0,0.14,0.02
2023-24,250199,Nicolás Domínguez,2,2,1489,19.0,1.3,1.14
2023-24,210462,Ibrahim Sangaré,0,0,1031,13.0,0.67,0.4
2023-24,152760,Divock Origi,0,1,594,6.0,1.22,0.82
2023-24,524070,Jamie McDonnell,0,0,0,0.0,0.0,0.0
2023-24,536677,Detlef Esapa Osong,0,0,0,0.0,0.0,0.0
2023-24,536681,Joe Gardner,0,0,0,0.0,0.0,0.0
2023-24,427420,Giovanni Reyna,0,1,228,2.0,0.36,0.36
2023-24,85633,Matz Sels,0,0,1440,16.0,0.0,0.09
2023-24,551232,Rodrigo Duarte Ribeiro,0,0,14,0.0,0.0,0.0
2023-24,201410,Auston Trusty,0,0,2568,28.0,0.38,0.76
2023-24,433979,Cameron Archer,4,3,1829,21.0,5.28,1.39
2023-24,194164,Mason Holgate,0,0,711,9.0,0.55,0.2
2023-24,432714,James McAtee,3,4,1815,20.0,2.98,2.16
2023-24,233821,Anel Ahmedhodžić,2,0,2649,29.0,3.03,0.58
2023-24,538206,Jordan Amissah,0,0,0,0.0,0.0,0.0
2023-24,82691,George Baldock,0,2,968,11.0,0.03,0.63
2023-24,40386,Chris Basham,0,0,316,3.0,0.12,0.07
2023-24,226182,Jayden Bogle,3,3,2787,32.0,2.36,1.14
2023-24,195473,Rhian Brewster,0,0,338,3.0,0.33,0.08
2023-24,476938,Ismaila Coulibaly,0,0,0,0.0,0.0,0.0
2023-24,102549,Adam Davies,0,0,0,0.0,0.0,0.0
2023-24,108416,John Egan,0,0,482,6.0,0.17,0.0
2023-24,47247,John Fleck,0,0,89,1.0,0.0,0.35
2023-24,82143,Wes Foderingham,0,0,2648,29.0,0.0,0.05
2023-24,523700,Daniel Jebbison,0,0,20,0.0,0.0,0.0
2023-24,155197,Max Lowe,0,1,498,4.0,0.58,0.09
2023-24,169432,Oliver McBurnie,6,3,1279,15.0,6.91,1.98
2023-24,440993,Iliman Ndiaye,0,0,0,0.0,0.0,0.0
2023-24,443211,Rhys Norrington-Davies,0,0,109,2.0,0.0,0.0
2023-24,79934,Oliver Norwood,1,0,1429,16.0,1.1,1.23
2023-24,167878,Ben Osborn,0,2,1359,14.0,0.22,0.93
2023-24,538207,William Osula,0,1,778,9.0,1.64,0.15
2023-24,83427,Jack Robinson,1,1,2883,31.0,1.13,0.93
2023-24,504198,Anis Slimane,0,0,409,4.0,0.97,0.13
2023-24,432990,Yasser Larouci,0,0,527,6.0,0.24,0.05
2023-24,523957,Bénie Traoré,0,0,383,3.0,0.27,0.46
2023-24,424001,Vini de Souza Costa,1,1,2664,29.0,0.61,0.46
2023-24,471848,Femi Seriki,0,0,0,0.0,0.0,0.0
2023-24,532377,Louie Marsh,0,0,0,0.0,0.0,0.0
2023-24,538210,Andre Brooks,0,0,932,12.0,0.49,0.24
2023-24,487836,Antwoine Hackford,0,0,11,0.0,0.0,0.0
2023-24,196100,Gustavo Hamer,4,7,2908,34.0,3.0,4.59
2023-24,173807,Tom Davies,0,0,214,2.0,0.34,0.06
2023-24,244619,Luke Thomas,0,0,916,11.0,0.53,0.18
2023-24,585472,Ryan Oné,0,0,7,0.0,0.0,0.0
2023-24,601496,Jili Buyabu,0,0,0,0.0,0.0,0.0
2023-24,552425,Sydie Peck,0,0,9,0.0,0.0,0.0
2023-24,204814,Ben Brereton,6,1,1105,14.0,5.52,1.07
2023-24,173268,Ivo Grbic,0,0,771,9.0,0.0,0.01
2023-24,591539,Billy Blacker,0,0,0,0.0,0.0,0.0
2023-24,532372,Oliver Arblaster,0,0,942,11.0,0.02,0.82
2023-24,616094,Dovydas Sasnauskas,0,0,0,0.0,0.0,0.0
2023-24,549344,Sam Curtis,0,0,27,0.0,0.0,0.0
2023-24,591538,Owen Hampson,0,0,0,0.0,0.0,0.0
2023-24,242898,Brennan Johnson,5,12,2317,26.0,10.36,4.3
2023-24,214572,Brandon Austin,0,0,0,0.0,0.0,0.0
2023-24,202993,Rodrigo Bentancur,1,1,997,13.0,2.01,1.05
2023-24,227127,Yves Bissouma,0,0,2070,26.0,1.18,1.67
2023-24,436234,Bryan Gil Salvatierra,0,0,200,2.0,0.67,0.24
2023-24,115556,Ben Davies,1,2,1085,12.0,2.34,0.57
2023-24,93264,Eric Dier,0,0,199,1.0,0.0,0.03
2023-24,241157,Emerson Leite de Souza Junior,1,0,1152,11.0,0.22,0.86
2023-24,40383,Fraser Forster,0,0,0,0.0,0.0,0.0
2023-24,132015,Pierre-Emile Højbjerg,0,0,1289,8.0,0.68,1.57
2023-24,78830,Harry Kane,0,0,0,0.0,0.0,0.0
2023-24,445044,Dejan Kulusevski,8,3,2759,31.0,4.95,6.37
2023-24,37915,Hugo Lloris,0,0,0,0.0,0.0,0.0
2023-24,200826,Giovani Lo Celso,2,2,491,4.0,0.54,1.79
2023-24,172780,James Maddison,4,11,2137,26.0,6.53,6.21
2023-24,231372,Tanguy Ndombélé Alvaro,0,0,0,0.0,0.0,0.0
2023-24,441164,Pedro Porro,3,8,3090,35.0,2.92,6.18
2023-24,45034,Ivan Perišić,0,1,98,0.0,0.12,0.8
2023-24,212319,Richarlison de Andrade,11,4,1481,18.0,9.49,1.42
2023-24,214225,Joe Rodon,0,0,0,0.0,0.0,0.0
2023-24,221632,Cristian Romero,5,0,2790,33.0,3.25,1.41
2023-24,173904,Davinson Sánchez,0,0,76,0.0,0.12,0.03
2023-24,482442,Pape Matar Sarr,3,3,2063,27.0,3.17,2.09
2023-24,184349,Ryan Sessegnon,0,0,0,0.0,0.0,0.0
2023-24,209042,Oliver Skipp,0,0,691,5.0,0.77,0.5
2023-24,85971,Son Heung-min,17,10,2934,34.0,11.49,7.87
2023-24,232859,Djed Spence,0,0,0,0.0,0.0,0.0
2023-24,199584,Japhet Tanganga,0,0,0,0.0,0.0,0.0
2023-24,487053,Destiny Udogie,2,3,2391,28.0,2.42,2.36
2023-24,184254,Guglielmo Vicario,0,0,3420,38.0,0.0,0.0
2023-24,175941,Alfie Whiteman,0,0,0,0.0,0.0,0.0
2023-24,235674,Manor Solomon,0,2,196,2.0,0.41,0.75
2023-24,491279,Micky van de Ven,3,0,2341,27.0,0.61,0.33
2023-24,490145,Dane Scarlett,0,0,19,0.0,0.0,0.0
2023-24,536908,Alejo Véliz,1,0,45,0.0,0.42,0.0
2023-24,548308,Ashley Phillips,0,0,0,0.0,0.0,0.0
2023-24,513588,Jamie Donley,0,0,3,0.0,0.0,0.0
2023-24,519321,Alfie Dorrington,0,0,0,0.0,0.0,0.0
2023-24,492779,Yago de Santiago Alonso,0,0,0,0.0,0.0,0.0
2023-24,165153,Timo Werner,2,4,808,10.0,3.81,2.93
2023-24,493125,Radu Dragusin,0,0,424,4.0,0.14,0.01
2023-24,499721,Mikey Moore,0,0,3,0.0,0.0,0.0
2023-24,563934,Tyrese Hall,0,0,0,0.0,0.0,0.0
2023-24,155405,Kalvin Phillips,0,0,394,3.0,0.22,0.11
2023-24,210494,Nayef Aguerd,1,0,1857,21.0,1.37,0.41
2023-24,57531,Michail Antonio,6,2,1692,21.0,5.45,1.28
2023-24,84182,Alphonse Areola,0,0,2700,31.0,0.0,0.0
2023-24,172841,Saïd Benrahma,0,1,611,5.0,1.91,0.77
2023-24,178186,Jarrod Bowen,16,6,3020,34.0,11.96,4.9
2023-24,149519,Maxwel Cornet,1,0,109,1.0,0.4,0.02
2023-24,164555,Vladimír Coufal,0,7,3135,36.0,0.35,3.01
2023-24,222017,Conor Coventry,0,0,0,0.0,0.0,0.0
2023-24,55459,Aaron Cresswell,0,0,431,4.0,0.0,0.44
2023-24,220585,Flynn Downes,0,0,0,0.0,0.0,0.0
2023-24,109533,Emerson Palmieri dos Santos,1,4,3138,35.0,1.64,2.07
2023-24,37096,Lukasz Fabianski,0,0,721,7.0,0.0,0.0
2023-24,217593,Pablo Fornals Malla,0,0,418,4.0,0.31,0.34
2023-24,84939,Danny Ings,1,2,389,3.0,1.18,0.26
2023-24,222018,Ben Johnson,0,0,538,4.0,0.25,0.11
2023-24,201057,Thilo Kehrer,0,0,19,0.0,0.0,0.0
2023-24,487837,Divin Mubama,0,0,75,0.0,0.16,0.01
2023-24,224024,Lucas Tolentino Coelho de Lima,4,6,2627,31.0,5.19,4.93
2023-24,195899,Gianluca Scamacca,0,0,0,0.0,0.0,0.0
2023-24,215439,Tomáš Souček,7,2,2867,34.0,6.69,1.14
2023-24,180151,Nikola Vlašić,0,0,0,0.0,0.0,0.0
2023-24,103192,Kurt Zouma,3,0,2838,32.0,1.9,0.07
2023-24,40669,Angelo Ogbonna,0,0,634,7.0,0.04,0.06
2023-24,213999,Edson Álvarez Velázquez,1,1,2375,28.0,1.37,0.81
2023-24,447879,Joseph Anang,0,0,0,0.0,0.0,0.0
2023-24,101178,James Ward-Prowse,7,7,3000,34.0,6.23,6.3
2023-24,233963,Konstantinos Mavropanos,1,0,1500,16.0,1.19,0.09
2023-24,460842,Mohammed Kudus,8,9,2485,27.0,5.06,3.48
2023-24,518442,Lewis Orford,0,0,0,0.0,0.0,0.0
2023-24,518438,Kaelan Casey,0,0,1,0.0,0.0,0.0
2023-24,536109,Oliver Scarles,0,0,0,0.0,0.0,0.0
2023-24,565431,Callum Marshall,0,0,0,0.0,0.0,0.0
2023-24,490885,George Earthy,1,0,33,0.0,0.35,0.0
2023-24,220394,Tommy Doyle,0,0,1209,11.0,0.42,0.87
2023-24,448514,Rayan Aït-Nouri,2,3,2327,29.0,3.12,1.81
2023-24,79602,Daniel Bentley,0,0,382,3.0,0.0,0.0
2023-24,431960,Bendegúz Bolla,0,0,0,0.0,0.0,0.0
2023-24,490721,Hugo Bueno López,0,0,727,7.0,0.31,0.68
2023-24,510363,Francisco Jorge Tomás Oliveira,0,0,0,0.0,0.0,0.0
2023-24,245923,Luke Cundle,0,0,0,0.0,0.0,0.0
2023-24,60232,Craig Dawson,1,1,2209,25.0,1.58,0.42
2023-24,449988,Fábio Silva,0,0,259,3.0,1.12,0.09
2023-24,181284,Gonçalo Manuel Ganchinho Guedes,0,0,0,0.0,0.0,0.0
2023-24,240299,Joe Hodge,0,0,0,0.0,0.0,0.0
2023-24,441271,Ki-Jana Hoever,0,0,0,0.0,0.0,0.0
2023-24,184754,Hwang Hee-chan,12,3,2116,25.0,7.53,2.84
2023-24,448089,João Victor Gomes da Silva,2,2,2646,32.0,1.82,1.76
2023-24,114128,Jonathan Castro Otto,0,0,4,0.0,0.0,0.0
2023-24,428610,Bruno Cavaco Jordão,0,0,0,0.0,0.0,0.0
2023-24,429414,Sasa Kalajdzic,2,0,158,1.0,1.01,0.26
2023-24,214048,Max Kilman,2,0,3420,38.0,1.78,1.12
2023-24,138001,Tom King,0,0,0,0.0,0.0,0.0
2023-24,151086,Mario Lemina,4,1,2969,34.0,4.6,1.26
2023-24,247632,Pedro Lomba Neto,2,11,1516,18.0,3.17,3.69
2023-24,200600,Daniel Castelo Podence,0,0,0,0.0,0.0,0.0
2023-24,149065,José Malheiro de Sá,0,1,3037,35.0,0.0,0.0
2023-24,88484,Pablo Sarabia,4,7,1737,20.0,5.52,5.0
2023-24,216208,Matija Šarkić,0,0,0,0.0,0.0,0.0
2023-24,200402,Nélson Cabral Semedo,0,2,3084,36.0,0.97,1.69
2023-24,510362,Toti António Gomes,1,4,2771,31.0,1.62,0.63
2023-24,476502,Boubacar Traoré,0,0,802,7.0,0.28,0.33
2023-24,430871,Matheus Santos Carneiro Da Cunha,12,7,2438,29.0,9.49,2.97
2023-24,87835,Matt Doherty,1,0,1136,9.0,0.89,0.86
2023-24,231480,Santiago Bueno,0,0,819,9.0,0.0,0.01
2023-24,593001,Enso González,0,0,1,0.0,0.0,0.0
2023-24,531363,Nathan Fraser,0,0,183,1.0,0.32,0.06
2023-24,231057,Jean-Ricner Bellegarde,2,2,948,10.0,1.35,0.76
2023-24,483398,Matthew Whittingham,0,0,0,0.0,0.0,0.0
2023-24,497606,Tawanda Chirewa,0,0,138,1.0,0.16,0.07
2023-24,504750,Justin Hubner,0,0,0,0.0,0.0,0.0
2023-24,432712,Owen Hesketh,0,0,0,0.0,0.0,0.0
2023-24,490095,Ty Barnett,0,0,0,0.0,0.0,0.0
2023-24,449133,Harvey Griffiths,0,0,0,0.0,0.0,0.0
2023-24,501837,Yerson Mosquera,0,0,0,0.0,0.0,0.0
2023-24,550833,Noha Lemina,0,0,0,0.0,0.0,0.0
2023-24,613467,Wesley Okoduwa,0,0,0,0.0,0.0,0.0
2023-24,589507,Leon Chiwome,0,0,173,2.0,0.1,0.02
2023-24,602934,Fletcher Holman,0,0,0,0.0,0.0,0.0
2023-24,514362,Temple Ojinnaka,0,0,0,0.0,0.0,0.0
2024-25,438098,Fábio Ferreira Vieira,0,0,0,0.0,0.0,0.0
2024-25,205651,Gabriel Fernando de Jesus,3,2,600,6.0,3.05,0.52
2024-25,226597,Gabriel dos Santos Magalhães,3,2,2363,28.0,2.7,1.21
2024-25,219847,Kai Havertz,9,3,1872,21.0,9.53,1.65
2024-25,463748,Karl Hein,0,0,0,0.0,0.0,0.0
2024-25,445122,Jurriën Timber,1,3,2415,27.0,1.23,1.3
2024-25,85955,Jorge Luiz Frello Filho,0,0,701,9.0,0.06,0.59
2024-25,440854,Jakub Kiwior,1,0,1117,10.0,0.17,0.29
2024-25,444145,Gabriel Martinelli Silva,8,4,2284,25.0,7.13,4.46
2024-25,499175,Ethan Nwaneri,4,2,882,11.0,1.19,1.78
2024-25,184029,Martin Ødegaard,3,9,2321,26.0,4.85,6.68
2024-25,154561,David Raya Martin,0,0,3420,38.0,0.0,0.03
2024-25,204480,Declan Rice,4,7,2823,33.0,3.51,5.64
2024-25,223340,Bukayo Saka,6,11,1724,20.0,6.87,7.78
2024-25,462424,William Saliba,2,0,3039,35.0,2.42,1.28
2024-25,167199,Thomas Partey,4,3,2793,31.0,2.27,2.64
2024-25,192895,Kieran Tierney,1,0,250,2.0,0.38,0.54
2024-25,223723,Tomiyasu Takehiro,0,0,6,0.0,0.18,0.0
2024-25,116216,Leandro Trossard,8,8,2546,28.0,6.74,4.12
2024-25,198869,Benjamin White,0,2,1195,13.0,0.46,1.3
2024-25,206325,Oleksandr Zinchenko,0,1,518,5.0,0.65,0.52
2024-25,69752,Norberto Murara Neto,0,0,180,2.0,0.0,0.0
2024-25,103955,Raheem Sterling,0,2,490,7.0,1.43,0.48
2024-25,466075,Riccardo Calafiori,2,1,978,11.0,0.86,0.69
2024-25,499169,Myles Lewis-Skelly,1,0,1362,15.0,0.16,0.51
2024-25,195384,Mikel Merino,7,2,1575,17.0,5.75,1.18
2024-25,498046,Salah-Eddine Oulad M'hand,0,0,0,0.0,0.0,0.0
2024-25,551221,Tommy Setford,0,0,0,0.0,0.0,0.0
2024-25,588793,Maldini Kacurri,0,0,0,0.0,0.0,0.0
2024-25,588796,Ismeal Kabia,0,0,0,0.0,0.0,0.0
2024-25,499167,Josh Nichols,0,0,0,0.0,0.0,0.0
2024-25,461025,Nathan Butler-Oyedeji,0,0,6,0.0,0.07,0.0
2024-25,100051017,Mikel Arteta,0,0,0,0.0,0.0,0.0
2024-25,616059,Jack Porter,0,0,0,0.0,0.0,0.0
2024-25,538182,Jimi Gower,0,0,0,0.0,0.0,0.0
2024-25,514307,Jack Henry-Francis,0,0,0,0.0,0.0,0.0
2024-25,563324,Brayden Clarke,0,0,0,0.0,0.0,0.0
2024-25,215711,Leon Bailey,1,2,1132,14.0,1.73,2.92
2024-25,88894,Ross Barkley,3,1,567,3.0,1.79,0.43
2024-25,491287,Enzo Barrenechea,0,0,0,0.0,0.0,0.0
2024-25,195546,Emiliano Buendía Stati,0,0,89,0.0,0.65,0.03
2024-25,199796,Matty Cash,1,1,2069,24.0,0.48,1.23
2024-25,151589,Leander Dendoncker,0,0,0,0.0,0.0,0.0
2024-25,243557,Moussa Diaby,0,0,0,0.0,0.0,0.0
2024-25,165659,Diego Carlos Santos Silva,0,0,828,8.0,0.64,0.08
2024-25,101188,Lucas Digne,0,5,2348,28.0,0.8,3.97
2024-25,461421,Lewis Dobbin,0,0,0,0.0,0.0,0.0
2024-25,476344,Jhon Durán,7,0,622,4.0,5.11,0.24
2024-25,462492,Joe Gauci,0,0,0,0.0,0.0,0.0
2024-25,123354,Kortney Hause,0,0,0,0.0,0.0,0.0
2024-25,469247,Samuel Iling-Junior,0,0,0,0.0,0.0,0.0
2024-25,226944,Boubacar Kamara,1,0,1720,20.0,0.82,0.83
2024-25,465390,Kaine Kesler-Hayden,0,0,0,0.0,0.0,0.0
2024-25,199798,Ezri Konsa Ngoyo,2,0,2936,33.0,1.29,0.61
2024-25,441302,Ian Maatsen,1,2,1125,10.0,0.87,2.43
2024-25,462381,Filip Marschall,0,0,0,0.0,0.0,0.0
2024-25,98980,Emiliano Martínez Romero,0,0,3195,37.0,0.0,0.02
2024-25,122806,John McGinn,1,4,2217,27.0,3.1,2.7
2024-25,149484,Tyrone Mings,0,1,1119,12.0,0.88,0.23
2024-25,578545,Kosta Nedeljković,0,0,121,0.0,0.0,0.02
2024-25,111782,Robin Olsen,0,0,225,1.0,0.0,0.0
2024-25,244954,Pau Torres,0,0,2019,23.0,0.51,0.43
2024-25,232653,Jacob Ramsey,1,4,1616,19.0,1.59,2.18
2024-25,244850,Morgan Rogers,8,11,3115,37.0,6.49,5.24
2024-25,248164,Viljami Sinisalo,0,0,0,0.0,0.0,0.0
2024-25,514315,Lino da Cruz Sousa,0,0,0,0.0,0.0,0.0
2024-25,166989,Youri Tielemans,3,7,3025,35.0,3.31,5.83
2024-25,178301,Ollie Watkins,16,8,2593,31.0,15.12,2.07
2024-25,220362,Axel Disasi,1,0,851,9.0,0.37,0.37
2024-25,449871,Amadou Onana,3,0,1613,20.0,2.12,0.84
2024-25,176297,Marcus Rashford,6,4,1414,16.0,4.67,3.43
2024-25,515597,Lamare Bogarde,0,0,473,5.0,0.04,0.13
2024-25,514287,Sil Swinkels,0,0,0,0.0,0.0,0.0
2024-25,516159,Oliwier Zych,0,0,0,0.0,0.0,0.0
2024-25,537403,Kadan Young,0,0,0,0.0,0.0,0.0
2024-25,577731,Ben Broggio,0,0,0,0.0,0.0,0.0
2024-25,559962,Jamaldeen Jimoh,0,0,0,0.0,0.0,0.0
2024-25,204646,Donyell Malen,3,0,296,2.0,2.15,0.15
2024-25,606798,Andrés García,0,0,316,5.0,0.04,0.49
2024-25,100037568,Unai Emery,0,0,0,0.0,0.0,0.0
2024-25,174292,Marco Asensio,3,2,740,9.0,4.43,1.16
2024-25,232980,Max Aarons,0,0,84,1.0,0.0,0.01
2024-25,200785,Tyler Adams,0,3,1959,21.0,1.33,0.76
2024-25,444180,Jaidon Anthony,0,0,0,0.0,0.0,0.0
2024-25,111317,David Brooks,2,1,941,9.0,2.58,2.02
2024-25,158499,Ryan Christie,2,3,2114,27.0,2.14,2.9
2024-25,155408,Lewis Cook,1,4,2976,32.0,0.94,3.76
2024-25,168636,Enes Ünal,2,1,330,2.0,2.73,0.26
2024-25,441240,Romain Faivre,0,0,0,0.0,0.0,0.0
2024-25,424044,Hamed Traorè,0,0,0,0.0,0.0,0.0
2024-25,463981,James Hill,0,1,443,6.0,0.29,0.25
2024-25,523700,Daniel Jebbison,1,0,105,0.0,1.05,0.12
2024-25,544877,Milos Kerkez,2,6,3336,38.0,0.6,2.57
2024-25,222683,Justin Kluivert,12,6,2339,29.0,10.05,3.66
2024-25,223911,Chris Mepham,0,0,0,0.0,0.0,0.0
2024-25,533463,Dango Ouattara,7,4,1998,21.0,8.42,3.24
2024-25,495145,Alex Paulsen,0,0,0,0.0,0.0,0.0
2024-25,168991,Philip Billing,0,0,176,1.0,0.55,0.97
2024-25,503139,Alex Scott,0,0,745,8.0,0.73,1.0
2024-25,437730,Antoine Semenyo,11,7,3202,36.0,9.51,4.43
2024-25,221466,Marcos Senesi,0,0,1103,13.0,0.84,0.48
2024-25,224995,Luis Sinisterra,1,1,229,1.0,1.18,1.29
2024-25,54469,Adam Smith,0,0,1586,19.0,0.65,0.68
2024-25,201658,Marcus Tavernier,3,7,1932,20.0,5.51,3.65
2024-25,229600,Mark Travers,0,0,450,5.0,0.0,0.01
2024-25,477580,Illia Zabarnyi,0,1,3109,35.0,1.2,0.76
2024-25,109745,Kepa Arrizabalaga,0,0,2790,31.0,0.06,0.03
2024-25,554605,Dean Huijsen,3,2,2422,26.0,1.82,1.57
2024-25,436893,Julián Araujo Zúñiga,0,0,492,7.0,0.0,0.1
2024-25,444172,Will Dennis,0,0,0,0.0,0.0,0.0
2024-25,444102,Francisco Evanilson de Lima Barbosa,10,5,2317,28.0,12.47,1.74
2024-25,496683,Max Kinsey,0,0,0,0.0,0.0,0.0
2024-25,606775,Ben Winterburn,0,0,22,0.0,0.0,0.0
2024-25,632822,Archie Harris,0,0,0,0.0,0.0,0.0
2024-25,606774,Remy Rees-Dottin,0,0,1,0.0,0.0,0.0
2024-25,541462,Matai Akinmboni,0,0,0,0.0,0.0,0.0
2024-25,575901,Julio Soler,0,0,9,0.0,0.0,0.0
2024-25,590760,Daniel Adu-Adjei,0,0,0,0.0,0.0,0.0
2024-25,550596,Dominic Sadi,0,0,0,0.0,0.0,0.0
2024-25,568791,Callan McKenna,0,0,0,0.0,0.0,0.0
2024-25,530121,Zain Silcott-Duberry,0,0,1,0.0,0.0,0.0
2024-25,100050427,Andoni Iraola,0,0,0,0.0,0.0,0.0
2024-25,191866,Kristoffer Ajer,0,0,1433,17.0,0.97,0.48
2024-25,494041,Ethan Brierley,0,0,0,0.0,0.0,0.0
2024-25,432830,Nathan Collins,2,7,3420,38.0,2.44,1.57
2024-25,440089,Mikkel Damsgaard,2,10,2911,34.0,2.91,7.01
2024-25,183656,Josh Dasilva,0,0,0,0.0,0.0,0.0
2024-25,118342,Mark Flekken,0,2,3275,37.0,0.0,0.11
2024-25,194010,Rico Henry,0,0,94,0.0,0.0,0.01
2024-25,472713,Aaron Hickey,0,0,0,0.0,0.0,0.0
2024-25,204580,Vitaly Janelt,1,3,2251,27.0,0.83,2.38
2024-25,207283,Mathias Jensen,0,2,846,8.0,0.23,1.75
2024-25,570241,Kim Ji-soo,0,0,28,0.0,0.0,0.0
2024-25,628204,Yunus Emre Konak,0,0,53,0.0,0.15,0.0
2024-25,249231,Keane Lewis-Potter,1,5,3092,36.0,2.96,4.94
2024-25,446008,Bryan Mbeumo,20,9,3415,38.0,12.52,9.24
2024-25,51927,Ben Mee,0,0,180,2.0,0.0,0.02
2024-25,128295,Christian Nørgaard,5,5,2820,34.0,4.23,1.38
2024-25,428580,Frank Onyeka,0,0,23,0.0,0.0,0.02
2024-25,450539,Myles Peart-Harris,0,0,0,0.0,0.0,0.0
2024-25,231065,Ethan Pinnock,2,0,1912,21.0,1.08,0.64
2024-25,226956,Mads Roerslev Rasmussen,0,2,1100,11.0,0.2,2.09
2024-25,513418,Kevin Schade,11,4,2281,26.0,8.45,1.75
2024-25,502500,Igor Thiago Nascimento Rodrigues,0,0,167,1.0,0.13,0.04
2024-25,144485,Ivan Toney,0,0,0,0.0,0.0,0.0
2024-25,507433,Hákon Valdimarsson,0,0,144,1.0,0.0,0.0
2024-25,216646,Yoane Wissa,18,6,2921,34.0,18.58,2.2
2024-25,508395,Yehor Yarmoliuk,0,0,1435,15.0,0.62,0.91
2024-25,48760,Mathias Jorgensen,0,0,0,0.0,0.0,0.0
2024-25,244858,Fábio Freitas Gouveia Carvalho,2,1,443,3.0,2.49,0.54
2024-25,444765,Sepp van den Berg,0,1,2584,29.0,2.09,0.52
2024-25,591357,Ryan Trevitt,0,0,3,0.0,0.0,0.0
2024-25,626464,Gustavo Nunes Fernandes Gomes,0,0,11,0.0,0.0,0.0
2024-25,499717,Jayden Meghoma,0,0,4,0.0,0.0,0.0
2024-25,592662,Tony Yogane,0,0,0,0.0,0.0,0.0
2024-25,220695,Paris Maghoma,0,0,112,0.0,0.12,0.04
2024-25,622536,Benjamin Arthur,0,0,0,0.0,0.0,0.0
2024-25,100042830,Thomas Frank,0,0,0,0.0,0.0,0.0
2024-25,607464,Michael Kayode,0,1,523,6.0,0.19,0.7
2024-25,535017,Julian Eyestone,0,0,0,0.0,0.0,0.0
2024-25,533710,Iwan Morgan,0,0,0,0.0,0.0,0.0
2024-25,612534,Benjamin Fredrick,0,0,0,0.0,0.0,0.0
2024-25,535818,Simon Adingra,2,3,1081,12.0,2.47,2.73
2024-25,475480,Benicio Baker-Boaitey,0,0,0,0.0,0.0,0.0
2024-25,535301,Carlos Baleba,3,1,2660,31.0,3.1,1.21
2024-25,543158,Valentín Barco,0,0,0,0.0,0.0,0.0
2024-25,519324,Amario Cozier-Duberry,0,0,0,0.0,0.0,0.0
2024-25,168090,Mahmoud Dahoud,0,0,0,0.0,0.0,0.0
2024-25,83299,Lewis Dunk,0,1,2081,23.0,0.81,1.02
2024-25,204214,Pervis Estupiñán,1,1,2399,26.0,1.09,2.43
2024-25,243568,Billy Gilmour,0,0,97,1.0,0.08,0.04
2024-25,60307,Pascal Groß,0,0,0,0.0,0.0,0.0
2024-25,532529,Jack Hinshelwood,5,3,1839,22.0,2.74,1.5
2024-25,612855,Ibrahim Osman,0,0,0,0.0,0.0,0.0
2024-25,223434,Igor Julio dos Santos de Paulo,0,0,959,10.0,0.05,0.25
2024-25,475168,João Pedro Junqueira de Jesus,10,6,1946,23.0,8.96,3.1
2024-25,484658,Kacper Kozłowski,0,0,0,0.0,0.0,0.0
2024-25,232792,Tariq Lamptey,2,2,856,10.0,0.38,0.8
2024-25,109345,Solly March,0,0,161,1.0,0.09,0.32
2024-25,550141,Adrian Mazilu,0,0,0,0.0,0.0,0.0
2024-25,15157,James Milner,0,0,170,3.0,0.16,0.15
2024-25,592031,Yankuba Minteh,6,5,1831,20.0,4.13,4.99
2024-25,451340,Mitoma Kaoru,10,5,2597,28.0,9.19,4.03
2024-25,243505,Jakub Moder,0,0,9,0.0,0.0,0.53
2024-25,574402,Mark O’Mahony,0,0,0,0.0,0.0,0.0
2024-25,445548,Odeluga Offiah,0,0,0,0.0,0.0,0.0
2024-25,491598,Cameron Peupion,0,0,0,0.0,0.0,0.0
2024-25,441192,Jeremy Sarmiento Morante,0,0,8,0.0,0.0,0.0
2024-25,49262,Jason Steele,0,0,180,2.0,0.0,0.0
2024-25,450434,Deniz Undav,0,0,0,0.0,0.0,0.0
2024-25,469142,Jan Paul van Hecke,1,1,2960,33.0,1.32,1.41
2024-25,111478,Joël Veltman,0,0,1694,19.0,0.47,1.31
2024-25,489639,Bart Verbruggen,0,1,3240,36.0,0.0,0.01
2024-25,110735,Adam Webster,0,1,885,11.0,0.25,0.28
2024-25,50175,Danny Welbeck,10,5,2109,24.0,9.58,1.36
2024-25,467779,Mats Wieffer,1,5,1003,10.0,0.8,1.0
2024-25,513433,Brajan Gruda,1,4,676,8.0,1.15,1.93
2024-25,509416,Yasin Ayari,2,1,1958,22.0,2.51,2.62
2024-25,513834,Andrew Moran,0,0,0,0.0,0.0,0.0
2024-25,472739,Carl Rushworth,0,0,0,0.0,0.0,0.0
2024-25,463067,Georginio Rutter,5,6,1651,19.0,4.57,1.67
2024-25,231416,Ferdi Kadioglu,1,0,385,5.0,0.44,0.31
2024-25,219249,Matt O'Riley,2,3,929,11.0,2.76,2.04
2024-25,447720,Imari Samuels,0,0,0,0.0,0.0,0.0
2024-25,565858,Killian Cahill,0,0,0,0.0,0.0,0.0
2024-25,539721,Ruairi McConville,0,0,0,0.0,0.0,0.0
2024-25,589100,Jacob Slater,0,0,0,0.0,0.0,0.0
2024-25,514254,Diego Gómez,1,1,507,4.0,0.82,1.16
2024-25,100053901,Fabian Hürzeler,0,0,0,0.0,0.0,0.0
2024-25,567121,Joe Knight,0,0,0,0.0,0.0,0.0
2024-25,439135,Eiran Cashin,0,0,19,0.0,0.0,0.0
2024-25,547720,Charlie Tasker,0,0,0,0.0,0.0,0.0
2024-25,604988,Freddie Simmonds,0,0,0,0.0,0.0,0.0
2024-25,597320,Harry Howell,0,0,6,0.0,0.0,0.05
2024-25,532605,Andrey Nascimento dos Santos,0,0,0,0.0,0.0,0.0
2024-25,518620,Ângelo Gabriel Borges Damaceno,0,0,0,0.0,0.0,0.0
2024-25,242880,Benoît Badiashile,0,0,332,3.0,0.0,0.08
2024-25,482158,Lucas Bergström,0,0,0,0.0,0.0,0.0
2024-25,122074,Marcus Bettinelli,0,0,0,0.0,0.0,0.0
2024-25,486672,Moisés Caicedo Corozo,1,4,3351,38.0,0.81,2.82
2024-25,505187,Cesare Casadei,0,0,0,0.0,0.0,0.0
2024-25,180736,Trevoh Chalobah,3,1,1969,23.0,1.98,0.64
2024-25,478912,Carney Chukwuemeka,0,0,0,0.0,0.0,0.0
2024-25,460028,Levi Colwill,2,1,3150,35.0,1.92,1.31
2024-25,179268,Marc Cucurella Saseta,5,2,2988,33.0,2.79,2.39
2024-25,520295,David Datro Fofana,0,0,0,0.0,0.0,0.0
2024-25,617054,Deivid Washington de Souza Eugênio,0,0,0,0.0,0.0,0.0
2024-25,215413,Kiernan Dewsbury-Hall,0,1,257,2.0,0.22,0.22
2024-25,448047,Enzo Fernández,6,8,2943,32.0,6.23,6.11
2024-25,232787,Conor Gallagher,0,0,0,0.0,0.0,0.0
2024-25,514280,Alfie Gilchrist,0,0,0,0.0,0.0,0.0
2024-25,482609,Malo Gusto,0,1,1853,19.0,1.44,1.91
2024-25,225796,Reece James,1,2,1057,12.0,0.45,1.15
2024-25,549068,Omari Kellyman,0,0,0,0.0,0.0,0.0
2024-25,514356,Roméo Lavia,0,1,792,11.0,0.25,0.38
2024-25,66749,Romelu Lukaku Bolingoli,0,0,0,0.0,0.0,0.0
2024-25,204727,Malang Sarr,0,0,0,0.0,0.0,0.0
2024-25,248857,Noni Madueke,7,5,2028,27.0,9.62,2.86
2024-25,499309,Marc Guiu Paz,0,0,71,0.0,0.0,0.02
2024-25,465920,Mykhailo Mudryk,0,0,145,1.0,0.24,0.66
2024-25,517052,Nicolas Jackson,10,6,2220,28.0,11.68,1.9
2024-25,213198,Christopher Nkunku,3,2,904,9.0,5.11,1.01
2024-25,244851,Cole Palmer,15,10,3193,36.0,16.79,9.53
2024-25,457569,Đorđe Petrović,0,0,0,0.0,0.0,0.0
2024-25,551230,Renato Palma Veiga,0,0,176,1.0,0.16,0.15
2024-25,215059,Robert Sánchez,0,0,2880,32.0,0.0,0.02
2024-25,109646,Tosin Adarabioyo,1,1,1403,15.0,0.93,0.23
2024-25,444463,Wesley Fofana,0,0,1172,14.0,0.44,0.18
2024-25,209243,Jadon Sancho,3,5,1754,19.0,2.13,3.1
2024-25,247632,Pedro Lomba Neto,4,6,2262,24.0,3.48,4.47
2024-25,488464,Caleb Wiley,0,0,0,0.0,0.0,0.0
2024-25,508479,Filip Jørgensen,0,0,540,6.0,0.0,0.0
2024-25,428399,João Félix Sequeira,1,2,362,3.0,2.3,0.45
2024-25,547692,Samuel Rak-Sakyi,0,0,0,0.0,0.0,0.0
2024-25,550615,Tyrique George,1,1,177,1.0,0.2,0.26
2024-25,577016,Josh Acheampong,0,0,168,2.0,0.22,0.01
2024-25,100048548,Enzo Maresca,0,0,0,0.0,0.0,0.0
2024-25,609640,Mathis Amougou,0,0,7,0.0,0.0,0.0
2024-25,622758,Aaron Anselmino,0,0,0,0.0,0.0,0.0
2024-25,567119,Shumaira Mheuka,0,0,1,0.0,0.06,0.0
2024-25,536238,Ishé Samuels-Smith,0,0,0,0.0,0.0,0.0
2024-25,591382,Genesis Antwi,0,0,0,0.0,0.0,0.0
2024-25,205533,Eddie Nketiah,3,2,1018,9.0,5.94,0.83
2024-25,172850,Ben Chilwell,1,0,254,1.0,0.25,0.88
2024-25,466117,Naouirou Ahamada,0,0,0,0.0,0.0,0.0
2024-25,438464,Cheick Doucouré,0,1,443,4.0,0.4,0.11
2024-25,427623,Chris Richards,1,1,1921,22.0,1.33,0.6
2024-25,515621,Chadi Riad Dnanou,0,0,90,1.0,0.0,0.02
2024-25,57328,Nathaniel Clyne,0,0,477,5.0,0.02,0.24
2024-25,450535,Malcolm Ebiowei,0,0,0,0.0,0.0,0.0
2024-25,232413,Eberechi Eze,8,8,2588,31.0,10.39,4.67
2024-25,209036,Marc Guéhi,3,2,3059,34.0,1.87,2.01
2024-25,172649,Dean Henderson,0,0,3420,38.0,0.01,0.02
2024-25,156074,Rob Holding,0,0,0,0.0,0.0,0.0
2024-25,108413,Will Hughes,0,4,2100,24.0,1.09,2.64
2024-25,209400,Daichi Kamada,0,0,1545,15.0,1.12,1.55
2024-25,152551,Jefferson Lerma Solís,0,1,2270,26.0,1.07,1.75
2024-25,231747,Jean-Philippe Mateta,14,2,2642,33.0,13.77,2.28
2024-25,536694,Matheus França de Oliveira,1,0,52,0.0,0.28,0.18
2024-25,169593,Remi Matthews,0,0,0,0.0,0.0,0.0
2024-25,244723,Tyrick Mitchell,0,6,3090,37.0,1.31,3.67
2024-25,247348,Daniel Muñoz,4,6,3229,37.0,4.92,3.46
2024-25,531989,David Ozoh,0,0,0,0.0,0.0,0.0
2024-25,450542,Jesurun Rak-Sakyi,0,0,0,0.0,0.0,0.0
2024-25,86417,Jeffrey Schlupp,0,0,95,0.0,0.17,0.14
2024-25,55494,Joel Ward,0,0,71,1.0,0.0,0.01
2024-25,496221,Adam Wharton,0,2,1314,16.0,0.38,2.17
2024-25,224068,Matt Turner,0,0,0,0.0,0.0,0.0
2024-25,232185,Ismaïla Sarr,8,7,2708,30.0,10.82,6.82
2024-25,574398,Franco Umeh-Chibueze,0,0,0,0.0,0.0,0.0
2024-25,489706,Justin Devenny,1,1,494,4.0,0.77,0.41
2024-25,579075,Asher Agbinone,0,0,4,0.0,0.02,0.01
2024-25,530318,Kaden Rodney,0,0,0,0.0,0.0,0.0
2024-25,437499,Maxence Lacroix,1,2,3116,35.0,3.5,1.01
2024-25,590012,Caleb Kporha,0,0,11,0.0,0.0,0.02
2024-25,576980,Zach Marsh,0,0,0,0.0,0.0,0.0
2024-25,606921,Romain Esse,1,2,138,1.0,0.32,0.39
2024-25,100044409,Oliver Glasner,0,0,0,0.0,0.0,0.0
2024-25,440323,Armando Broja,0,0,327,4.0,0.11,0.11
2024-25,121599,Abdoulaye Doucouré,3,2,2563,31.0,4.15,1.41
2024-25,486385,Norberto Bercique Gomes Betuncal,8,0,1521,15.0,7.89,0.44
2024-25,480455,Jarrad Branthwaite,0,1,2509,28.0,1.2,0.61
2024-25,177815,Dominic Calvert-Lewin,3,2,1602,19.0,6.53,0.63
2024-25,59949,Séamus Coleman,0,0,214,3.0,0.62,0.03
2024-25,80801,Idrissa Gueye,0,3,3063,35.0,1.15,1.99
2024-25,232928,James Garner,0,1,1590,17.0,0.67,1.37
2024-25,221399,Jack Harrison,1,3,2068,24.0,3.54,3.12
2024-25,194164,Mason Holgate,0,0,5,0.0,0.0,0.0
2024-25,490094,Tim Iroegbunam,0,1,562,5.0,0.23,0.14
2024-25,222627,João Neves Virgínia,0,0,0,0.0,0.0,0.0
2024-25,106611,Michael Keane,3,0,1046,11.0,0.61,0.02
2024-25,115382,Neal Maupay,0,0,0,0.0,0.0,0.0
2024-25,433154,Dwight McNeil,4,8,1366,15.0,1.05,4.49
2024-25,224967,Vitalii Mykolenko,1,3,3082,35.0,0.48,2.12
2024-25,440993,Iliman Ndiaye,9,0,2426,29.0,6.23,1.36
2024-25,243571,Nathan Patterson,0,1,342,3.0,0.07,0.38
2024-25,111234,Jordan Pickford,0,1,3420,38.0,0.0,0.22
2024-25,17761,James Tarkowski,1,1,2922,33.0,1.32,2.33
2024-25,491012,Youssef Ramalho Chermiti,0,0,42,0.0,0.11,0.0
2024-25,18892,Ashley Young,1,4,1864,19.0,0.27,2.87
2024-25,502697,Carlos Alcaraz Durán,2,3,766,7.0,1.78,0.68
2024-25,463903,Jesper Lindstrøm,0,1,1229,15.0,2.15,1.96
2024-25,512462,Jake O'Brien,2,0,1568,17.0,0.77,0.31
2024-25,609873,Harrison Armstrong,0,0,47,0.0,0.37,0.0
2024-25,491557,Jenson Metcalfe,0,0,0,0.0,0.0,0.0
2024-25,40349,Asmir Begovic,0,0,0,0.0,0.0,0.0
2024-25,496178,Roman Dixon,0,0,90,1.0,0.0,0.0
2024-25,179519,Orel Mangala,1,0,1257,14.0,1.13,0.59
2024-25,547801,Callum Bates,0,0,0,0.0,0.0,0.0
2024-25,536241,Martin Sherif,0,0,0,0.0,0.0,0.0
2024-25,100000084,David Moyes,0,0,0,0.0,0.0,0.0
2024-25,496279,Isaac Heath,0,0,0,0.0,0.0,0.0
2024-25,504296,Coby Ebere,0,0,0,0.0,0.0,0.0
2024-25,474907,Reece Welch,0,0,0,0.0,0.0,0.0
2024-25,200641,Reiss Nelson,1,1,483,5.0,1.07,0.96
2024-25,209289,Emile Smith Rowe,6,3,2036,25.0,4.45,2.04
2024-25,174874,Joachim Andersen,0,0,2673,30.0,1.04,0.57
2024-25,159533,Adama Traoré,2,8,1756,18.0,4.11,4.61
2024-25,156689,Andreas Hoelgebaum Pereira,2,6,2004,25.0,4.24,4.63
2024-25,232892,Calvin Bassey,1,0,3074,34.0,1.02,0.42
2024-25,428971,Steven Benda,0,0,0,0.0,0.0,0.0
2024-25,76357,Tom Cairney,2,0,610,3.0,0.73,1.14
2024-25,166477,Timothy Castagne,0,1,1642,17.0,0.38,0.56
2024-25,219924,Issa Diop,0,0,1334,15.0,0.51,0.07
2024-25,515024,Luke Harris,0,0,0,0.0,0.0,0.0
2024-25,153133,Alex Iwobi,9,6,2981,35.0,4.33,6.9
2024-25,80201,Bernd Leno,0,2,3420,38.0,0.0,0.03
2024-25,212314,Saša Lukić,0,2,2348,28.0,1.16,1.4
2024-25,120721,Kevin Mbabu,0,0,0,0.0,0.0,0.0
2024-25,244042,Rodrigo Muniz Carvalho,8,1,943,8.0,5.91,0.2
2024-25,102057,Raúl Jiménez,12,3,2486,30.0,11.97,2.07
2024-25,82514,Tim Ream,0,0,0,0.0,0.0,0.0
2024-25,153366,Harrison Reed,0,0,100,0.0,0.23,0.09
2024-25,169528,Antonee Robinson,0,10,3166,35.0,0.7,4.17
2024-25,490146,Jay Stansfield,0,0,1,0.0,0.0,0.0
2024-25,167074,Kenny Tete,0,2,1773,21.0,1.37,0.65
2024-25,245824,Carlos Vinícius Alves Morais,0,0,13,0.0,0.06,0.0
2024-25,153682,Harry Wilson,6,2,1148,12.0,4.19,1.17
2024-25,184349,Ryan Sessegnon,4,2,574,7.0,1.64,1.12
2024-25,246301,Jorge Cuenca Barreno,0,0,349,4.0,0.02,0.01
2024-25,577725,Josh King,0,0,126,1.0,0.28,0.67
2024-25,573062,Martial Godo,0,0,21,0.0,0.0,0.07
2024-25,207189,Sander Berge,0,0,2221,26.0,0.45,0.63
2024-25,591385,Samuel Amissah,0,0,0,0.0,0.0,0.0
2024-25,100041800,Marco Alexandre Saraiva da Silva,0,0,0,0.0,0.0,0.0
2024-25,47431,Willian Borges da Silva,0,0,251,2.0,0.28,0.72
2024-25,474120,Julio Enciso,2,3,1155,14.0,2.82,1.32
2024-25,462387,Ali Al-Hamadi,0,0,125,0.0,0.35,0.04
2024-25,517178,Elkan Baggott,0,0,0,0.0,0.0,0.0
2024-25,173818,Nathan Broadhead,2,0,690,7.0,1.74,1.05
2024-25,122411,Cameron Burgess,0,2,1540,16.0,1.08,0.34
2024-25,149929,Wes Burns,0,1,922,12.0,0.5,1.17
2024-25,196411,Conor Chaplin,1,2,845,10.0,1.52,0.61
2024-25,232228,Harry Clarke,0,0,377,4.0,0.08,0.1
2024-25,455084,Leif Davis,1,2,2742,32.0,0.98,4.74
2024-25,463034,Liam Delap,12,2,2587,32.0,9.44,1.38
2024-25,214964,George Edmundson,0,0,1,0.0,0.0,0.0
2024-25,449429,Jacob Greaves,1,0,2205,25.0,1.31,0.21
2024-25,167191,Marcus Myers-Harness,0,0,43,0.0,0.0,0.05
2024-25,222625,George Hirst,3,1,645,5.0,2.14,0.24
2024-25,524180,Cameron Humphreys,0,0,0,0.0,0.0,0.0
2024-25,503301,Omari Giraud-Hutchinson,3,3,2585,30.0,2.93,2.46
2024-25,222018,Ben Johnson,1,2,1346,14.0,1.06,0.83
2024-25,94926,Freddie Ladapo,0,0,0,0.0,0.0,0.0
2024-25,106606,Massimo Luongo,0,0,195,2.0,0.0,0.01
2024-25,74944,Sam Morsy,1,1,2749,31.0,0.45,1.51
2024-25,246265,Corrie Ndaba,0,0,0,0.0,0.0,0.0
2024-25,434044,Cieran Slicker,0,0,0,0.0,0.0,0.0
2024-25,231899,Jack Taylor,1,0,837,4.0,0.75,0.77
2024-25,180804,Axel Tuanzebe,0,1,1710,20.0,0.21,0.26
2024-25,108813,Christian Walton,0,0,630,7.0,0.0,0.0
2024-25,220583,Luke Woolfenden,0,0,1187,12.0,0.03,0.02
2024-25,155405,Kalvin Phillips,0,0,1231,14.0,0.45,0.46
2024-25,232917,Arijanet Muric,0,0,1620,18.0,0.0,0.01
2024-25,481624,Jaden Philogene,2,0,796,7.0,2.43,0.34
2024-25,108053,Conor Townsend,0,1,334,3.0,0.03,0.24
2024-25,172453,Sam Szmodics,4,0,988,13.0,3.44,0.45
2024-25,454667,Jens Cajuste,1,1,1960,25.0,0.68,0.73
2024-25,216616,Dara O'Shea,0,2,3122,35.0,1.29,0.67
2024-25,443261,Jack Clarke,0,4,1161,12.0,1.17,1.11
2024-25,229164,Chiedozie Ogbene,0,0,237,3.0,0.0,0.05
2024-25,198826,Ben Godfrey,0,0,158,2.0,0.0,0.02
2024-25,100047417,Kieran McKenna,0,0,0,0.0,0.0,0.0
2024-25,112520,Alex Palmer,0,0,1170,13.0,0.0,0.0
2024-25,547693,Somto Boniface,0,0,0,0.0,0.0,0.0
2024-25,592712,Tom Taylor,0,0,0,0.0,0.0,0.0
2024-25,536916,Facundo Buonanotte,5,2,1508,14.0,4.01,2.29
2024-25,80146,Jordan Ayew,5,0,1649,19.0,3.72,1.5
2024-25,199670,Odsonne Edouard,0,0,141,1.0,0.39,0.07
2024-25,225902,Boubakary Soumaré,0,0,2165,25.0,0.29,0.94
2024-25,461416,Tom Cannon,0,0,0,0.0,0.0,0.0
2024-25,197469,Hamza Choudhury,0,0,129,1.0,0.0,0.19
2024-25,94147,Conor Coady,1,0,1712,19.0,0.52,0.48
2024-25,245419,Patson Daka,1,0,717,6.0,1.25,0.06
2024-25,96994,Bobby De Cordova-Reid,1,4,734,9.0,0.79,0.14
2024-25,218218,Wout Faes,1,0,2812,30.0,1.52,0.4
2024-25,549640,Michael Golding,0,0,1,0.0,0.0,0.0
2024-25,467189,Mads Hermansen,0,0,2385,27.0,0.0,0.02
2024-25,207270,Daniel Iversen,0,0,0,0.0,0.0,0.0
2024-25,220627,James Justin,2,2,2912,34.0,1.47,0.8
2024-25,481510,Victor Kristiansen,0,1,2481,29.0,0.13,1.74
2024-25,461584,Wanya Marçal-Madivádua,0,0,0,0.0,0.0,0.0
2024-25,154048,Stephy Mavididi,4,1,1606,16.0,1.85,3.25
2024-25,461587,Kasey McAteer,1,1,846,9.0,0.99,0.63
2024-25,203341,Wilfred Ndidi,0,5,2325,28.0,2.12,1.53
2024-25,473341,Caleb Okoli,1,0,1122,12.0,0.62,0.17
2024-25,111931,Ricardo Barbosa Pereira,0,0,382,4.0,0.09,0.07
2024-25,194190,Harry Souttar,0,0,0,0.0,0.0,0.0
2024-25,436680,Jakub Stolarczyk,0,0,900,10.0,0.0,0.0
2024-25,244619,Luke Thomas,0,0,1109,13.0,0.36,0.49
2024-25,101668,Jamie Vardy,9,5,2825,35.0,11.23,2.55
2024-25,93100,Jannik Vestergaard,0,0,1390,16.0,0.11,0.08
2024-25,95463,Danny Ward,0,0,135,1.0,0.0,0.0
2024-25,157668,Harry Winks,0,2,1536,17.0,0.23,1.53
2024-25,209042,Oliver Skipp,0,0,1118,10.0,0.37,0.32
2024-25,531442,Abdul Fatawu,0,2,576,6.0,0.41,1.42
2024-25,532534,Will Alves,0,0,1,0.0,0.0,0.0
2024-25,501770,Ben Nelson,0,0,0,0.0,0.0,0.0
2024-25,513527,Bilal El Khannouss,2,4,2179,27.0,1.29,2.85
2024-25,531997,Henry Cartwright,0,0,0,0.0,0.0,0.0
2024-25,532535,Thomas Wilson-Brown,0,0,0,0.0,0.0,0.0
2024-25,488439,Woyo Coulibaly,0,0,107,1.0,0.04,0.04
2024-25,100050995,Ruud van Nistelrooij,0,0,0,0.0,0.0,0.0
2024-25,649208,Jeremy Monga,0,0,105,0.0,0.17,0.02
2024-25,619146,Olabade Aluko,0,0,1,0.0,0.0,0.0
2024-25,630664,Jake Evans,0,0,21,0.0,0.0,0.0
2024-25,519223,Sammy Braybrooke,0,0,0,0.0,0.0,0.0
2024-25,116535,Alisson Ramses Becker,0,0,2508,28.0,0.0,0.2
2024-25,169187,Trent Alexander-Arnold,3,7,2362,28.0,1.81,7.2
2024-25,535928,Stefan Bajčetić Maquieira,0,0,0,0.0,0.0,0.0
2024-25,492777,Conor Bradley,0,2,744,7.0,0.7,1.43
2024-25,491970,Bobby Clark,0,0,0,0.0,0.0,0.0
2024-25,447203,Darwin Núñez Ribeiro,5,3,1113,8.0,5.76,0.51
2024-25,194634,Diogo Teixeira da Silva,6,4,1182,14.0,7.98,1.09
2024-25,496208,Ben Doak,0,0,0,0.0,0.0,0.0
2024-25,444884,Harvey Elliott,1,2,359,2.0,1.78,0.64
2024-25,158983,Endo Wataru,0,0,259,1.0,0.0,0.09
2024-25,243298,Cody Gakpo,10,5,1921,23.0,7.12,3.76
2024-25,171287,Joe Gomez,0,0,517,6.0,0.33,0.09
2024-25,441266,Ryan Gravenberch,0,4,3160,37.0,1.13,3.5
2024-25,206915,Curtis Jones,3,5,1702,19.0,4.34,1.46
2024-25,200720,Caoimhin Kelleher,0,0,900,10.0,0.0,0.0
2024-25,204716,Ibrahima Konaté,1,2,2561,30.0,1.8,0.91
2024-25,244731,Luis Díaz,13,7,2393,28.0,11.9,4.34
2024-25,118748,Mohamed Salah,29,18,3374,38.0,24.7,8.99
2024-25,243016,Alexis Mac Allister,5,6,2597,30.0,2.89,5.57
2024-25,491501,James McConnell,0,0,0,0.0,0.0,0.0
2024-25,440148,Tyler Morton,0,0,0,0.0,0.0,0.0
2024-25,197464,Nathaniel Phillips,0,0,0,0.0,0.0,0.0
2024-25,441428,Jarell Quansah,0,0,488,4.0,0.1,0.18
2024-25,219937,Rhys Williams,0,0,0,0.0,0.0,0.0
2024-25,122798,Andrew Robertson,0,1,2479,29.0,1.12,4.27
2024-25,424876,Dominik Szoboszlai,6,10,2485,29.0,6.94,6.06
2024-25,214285,Konstantinos Tsimikas,0,1,829,9.0,0.39,2.32
2024-25,97032,Virgil van Dijk,3,1,3330,37.0,2.22,0.98
2024-25,223541,Federico Chiesa,0,0,103,1.0,0.34,0.15
2024-25,432987,Vítezslav Jaros,0,0,11,0.0,0.0,0.0
2024-25,464353,Harvey Davies,0,0,0,0.0,0.0,0.0
2024-25,591386,Treymaurice Nyoni,0,0,0,0.0,0.0,0.0
2024-25,611926,Amara Nallo,0,0,0,0.0,0.0,0.0
2024-25,500058,Jayden Danns,0,0,10,0.0,0.0,0.01
2024-25,100052173,Arne Slot,0,0,0,0.0,0.0,0.0
2024-25,211975,Manuel Akanji,0,0,2012,23.0,1.57,1.3
2024-25,126184,Nathan Aké,0,0,677,8.0,0.22,0.17
2024-25,165809,Bernardo Veiga de Carvalho e Silva,4,4,2667,29.0,3.84,4.56
2024-25,477555,Oscar Bobb,0,0,14,0.0,0.0,0.02
2024-25,17601,Scott Carson,0,0,0,0.0,0.0,0.0
2024-25,61366,Kevin De Bruyne,4,9,1694,19.0,5.17,6.75
2024-25,248875,Jérémy Doku,3,6,1506,16.0,1.32,3.81
2024-25,121160,Ederson Santana de Moraes,0,4,2320,26.0,0.0,0.16
2024-25,209244,Phil Foden,7,3,1771,20.0,5.17,5.33
2024-25,114283,Jack Grealish,1,1,710,7.0,1.13,1.67
2024-25,477424,Joško Gvardiol,5,0,3278,36.0,4.6,2.92
2024-25,223094,Erling Haaland,22,3,2736,31.0,21.9,2.04
2024-25,461358,Julián Álvarez,0,0,0,0.0,0.0,0.0
2024-25,121145,João Cavaco Cancelo,0,0,0,0.0,0.0,0.0
2024-25,91651,Mateo Kovačić,6,3,2194,25.0,1.91,3.21
2024-25,477064,Rico Lewis,1,2,1888,21.0,1.32,1.01
2024-25,465351,Matheus Luiz Nunes,1,7,1670,19.0,1.11,3.32
2024-25,432714,James McAtee,3,0,340,3.0,2.8,0.8
2024-25,88248,Stefan Ortega Moreno,0,0,1099,12.0,0.0,0.0
2024-25,220566,Rodrigo 'Rodri' Hernandez,0,0,72,1.0,0.0,0.09
2024-25,171314,Rúben Gato Alves Dias,0,0,2269,25.0,1.54,1.2
2024-25,97299,John Stones,2,0,544,6.0,0.6,0.17
2024-25,58621,Kyle Walker,0,0,966,9.0,0.12,1.34
2024-25,510281,Sávio 'Savinho' Moreira de Oliveira,1,11,1760,21.0,5.02,6.1
2024-25,472769,Nico O'Reilly,2,0,525,6.0,1.28,0.68
2024-25,59859,Ilkay Gündogan,1,7,2218,25.0,3.21,4.43
2024-25,476369,Issa Kaboré,0,0,0,0.0,0.0,0.0
2024-25,516250,Jacob Wright,0,0,0,0.0,0.0,0.0
2024-25,554194,Jahmai Simpson-Pusey,0,0,95,1.0,0.0,0.01
2024-25,447880,Josh Wilson-Esbrand,0,0,0,0.0,0.0,0.0
2024-25,487837,Divin Mubama,0,0,27,0.0,0.04,0.0
2024-25,494307,Max Alleyne,0,0,0,0.0,0.0,0.0
2024-25,613120,Spike Brits,0,0,0,0.0,0.0,0.0
2024-25,578153,Abdukodir Khusanov,0,0,503,6.0,0.02,0.09
2024-25,616222,Vitor de Oliveira Nunes dos Reis,0,0,1,0.0,0.0,0.0
2024-25,100037973,Pep Guardiola,0,0,0,0.0,0.0,0.0
2024-25,438234,Omar Marmoush,7,1,1174,14.0,5.41,1.71
2024-25,465694,Nico González,1,1,760,9.0,0.45,0.48
2024-25,575204,Claudio Echeverri,0,0,5,0.0,0.0,0.01
2024-25,493250,Amad Diallo,8,8,1898,20.0,4.71,3.98
2024-25,467169,Antony Matheus dos Santos,0,0,135,0.0,0.6,0.21
2024-25,141746,Bruno Borges Fernandes,8,12,3017,35.0,9.93,7.89
2024-25,451302,Altay Bayindir,0,0,360,4.0,0.0,0.0
2024-25,61256,Carlos Henrique Casimiro,1,0,1489,18.0,1.8,1.99
2024-25,216051,Diogo Dalot Teixeira,0,4,2812,31.0,1.96,2.35
2024-25,80607,Christian Eriksen,1,2,1052,11.0,1.31,2.6
2024-25,37642,Jonny Evans,0,0,312,3.0,0.11,0.02
2024-25,493105,Alejandro Garnacho,6,4,2188,23.0,7.4,2.76
2024-25,465527,Hannibal Mejbri,0,0,0,0.0,0.0,0.0
2024-25,21205,Tom Heaton,0,0,0,0.0,0.0,0.0
2024-25,497894,Rasmus Højlund,4,1,1998,23.0,5.1,1.14
2024-25,184667,Victor Lindelöf,0,0,695,6.0,0.0,0.09
2024-25,95658,Harry Maguire,1,0,1751,19.0,1.82,0.25
2024-25,516895,Kobbie Mainoo,0,0,1646,19.0,0.84,1.78
2024-25,222690,Tyrell Malacia,0,0,99,2.0,0.0,0.02
2024-25,221820,Lisandro Martínez,2,1,1751,20.0,1.33,1.21
2024-25,195851,Scott McTominay,0,0,17,0.0,0.07,0.0
2024-25,184341,Mason Mount,1,0,613,8.0,3.37,0.57
2024-25,202641,André Onana,0,0,3060,34.0,0.0,0.2
2024-25,488404,Facundo Pellistri Rebollo,0,0,0,0.0,0.0,0.0
2024-25,106760,Luke Shaw,0,0,346,4.0,0.03,0.77
2024-25,458249,Joshua Zirkzee,3,2,1385,14.0,4.64,1.04
2024-25,550864,Leny Yoro,0,0,1160,12.0,0.7,0.15
2024-25,209365,Matthijs de Ligt,2,0,2119,25.0,2.48,0.25
2024-25,230001,Noussair Mazraoui,0,1,2836,34.0,0.69,1.87
2024-25,490881,Toby Collyer,0,0,174,0.0,0.08,0.37
2024-25,575034,Ethan Wheatley,0,0,0,0.0,0.0,0.0
2024-25,232112,Manuel Ugarte,1,2,1777,22.0,1.0,0.67
2024-25,606745,Ayden Heaven,0,0,169,2.0,0.12,0.01
2024-25,547037,Jack Fletcher,0,0,0,0.0,0.0,0.0
2024-25,577974,Harry Amass,0,0,345,4.0,0.07,0.07
2024-25,556639,Jayce Fitzgerald,0,0,0,0.0,0.0,0.0
2024-25,576637,Godwill Kukonki,0,0,0,0.0,0.0,0.0
2024-25,100053636,Ruben Filipe Marques Diogo Amorim,0,0,0,0.0,0.0,0.0
2024-25,588555,Elyh Harrison,0,0,0,0.0,0.0,0.0
2024-25,596777,Patrick Dorgu,0,0,840,10.0,0.43,1.27
2024-25,596047,Chido Obi-Martin,0,0,160,1.0,0.66,0.03
2024-25,547676,Tyler Fredricson,0,0,166,2.0,0.0,0.02
2024-25,559684,Jack Moorhouse,0,0,0,0.0,0.0,0.0
2024-25,618873,Sékou Koné,0,0,0,0.0,0.0,0.0
2024-25,439483,Hubert Graczyk,0,0,0,0.0,0.0,0.0
2024-25,461537,Dermot Mee,0,0,0,0.0,0.0,0.0
2024-25,545477,Alex Murphy,0,0,0,0.0,0.0,0.0
2024-25,179018,Miguel Almirón Rejala,0,0,150,1.0,0.52,0.19
2024-25,201666,Harvey Barnes,9,5,1746,17.0,6.45,4.4
2024-25,220237,Sven Botman,0,0,412,6.0,0.59,0.22
2024-25,208706,Bruno Guimarães Rodriguez Moura,5,6,3273,38.0,4.34,5.32
2024-25,78916,Dan Burn,1,1,3330,37.0,1.97,1.09
2024-25,67089,Martin Dúbravka,0,0,900,10.0,0.0,0.0
2024-25,232826,Anthony Gordon,6,6,2428,28.0,8.19,4.8
2024-25,487838,Lewis Hall,0,7,2188,24.0,0.43,3.73
2024-25,153127,Isaac Hayden,0,0,0,0.0,0.0,0.0
2024-25,219168,Alexander Isak,23,6,2758,34.0,20.33,3.59
2024-25,114243,Jacob Murphy,8,13,2356,31.0,5.89,6.14
2024-25,180974,Joelinton Cássio Apolinário de Lira,4,4,2394,29.0,3.74,2.17
2024-25,235530,Lloyd Kelly,0,1,299,4.0,0.41,0.11
2024-25,111773,Emil Krafth,0,0,334,2.0,0.04,0.04
2024-25,564510,Garang Kuol,0,0,0,0.0,0.0,0.0
2024-25,101148,Jamaal Lascelles,0,0,0,0.0,0.0,0.0
2024-25,194799,Jamal Lewis,0,0,0,0.0,0.0,0.0
2024-25,441191,Tino Livramento,0,1,2835,32.0,0.33,2.7
2024-25,180135,Sean Longstaff,0,1,783,8.0,0.6,0.22
2024-25,547719,Lewis Miley,1,0,304,1.0,0.57,0.3
2024-25,111452,Odysseas Vlachodimos,0,0,0,0.0,0.0,0.0
2024-25,98747,Nick Pope,0,0,2520,28.0,0.0,0.0
2024-25,19236,John Ruddy,0,0,0,0.0,0.0,0.0
2024-25,119471,Fabian Schär,4,2,2935,33.0,3.94,1.01
2024-25,169359,Matt Targett,0,0,20,0.0,0.0,0.07
2024-25,432422,Sandro Tonali,4,2,2625,28.0,4.46,2.77
2024-25,77794,Kieran Trippier,0,3,1299,14.0,0.12,1.44
2024-25,461484,Joe White,0,0,0,0.0,0.0,0.0
2024-25,200089,Joe Willock,0,2,1065,11.0,1.65,0.93
2024-25,75115,Callum Wilson,0,0,355,2.0,0.36,0.09
2024-25,578512,Miodrag Pivaš,0,0,0,0.0,0.0,0.0
2024-25,538207,William Osula,1,0,124,0.0,0.16,0.05
2024-25,100038215,Eddie Howe,0,0,0,0.0,0.0,0.0
2024-25,599303,Sean Neave,0,0,0,0.0,0.0,0.0
2024-25,106468,Álex Moreno Lopera,0,1,952,11.0,0.17,1.1
2024-25,159506,Ola Aina,2,1,2996,35.0,0.63,2.25
2024-25,215379,Elliot Anderson,2,6,2726,33.0,2.04,3.51
2024-25,210156,Taiwo Awoniyi,1,0,398,3.0,2.15,0.12
2024-25,90585,Willy Boly,0,0,146,1.0,0.07,0.0
2024-25,245830,Josh Bowler,0,0,0,0.0,0.0,0.0
2024-25,475123,Carlos Miguel dos Santos Pereira,0,0,0,0.0,0.0,0.0
2024-25,569014,Eric da Silva Moreira,0,0,28,0.0,0.0,0.0
2024-25,513046,Danilo dos Santos de Oliveira,0,0,270,5.0,0.0,0.01
2024-25,230251,Emmanuel Dennis,0,0,0,0.0,0.0,0.0
2024-25,250199,Nicolás Domínguez,0,1,1954,23.0,1.58,1.58
2024-25,449434,Anthony Elanga,6,11,2496,31.0,4.81,5.12
2024-25,222531,Morgan Gibbs-White,7,11,2806,34.0,6.31,4.68
2024-25,209046,Callum Hudson-Odoi,5,3,2190,25.0,2.52,2.54
2024-25,244930,Alex Mighten,0,0,0,0.0,0.0,0.0
2024-25,575476,Murillo Santiago Costa dos Santos,2,0,3188,36.0,1.47,1.15
2024-25,215136,Neco Williams,1,3,2588,28.0,2.29,1.54
2024-25,204822,Omar Richards,0,0,0,0.0,0.0,0.0
2024-25,243345,Lewis O'Brien,0,0,0,0.0,0.0,0.0
2024-25,466404,Andrew Omobamidele,0,0,0,0.0,0.0,0.0
2024-25,209035,Jonathan Panzo,0,0,0,0.0,0.0,0.0
2024-25,210462,Ibrahim Sangaré,0,1,584,7.0,0.02,0.21
2024-25,85633,Matz Sels,0,1,3420,38.0,0.0,0.26
2024-25,114241,Harry Toffolo,0,0,135,1.0,0.02,0.01
2024-25,201440,Hwang Ui-jo,0,0,0,0.0,0.0,0.0
2024-25,60689,Chris Wood,20,3,2958,35.0,13.42,1.59
2024-25,208912,Joe Worrall,0,0,0,0.0,0.0,0.0
2024-25,204968,Ryan Yates,2,2,1901,18.0,2.41,0.47
2024-25,227444,Nikola Milenković,5,2,3330,37.0,4.05,0.73
2024-25,510500,João Pedro Ferreira Silva,3,2,835,5.0,2.13,1.87
2024-25,502222,Ramón Sosa,1,0,280,1.0,1.11,0.36
2024-25,485047,Felipe Rodrigues da Silva,0,0,891,6.0,0.18,0.03
2024-25,549067,Zach Abbott,0,0,0,0.0,0.0,0.0
2024-25,20066,Wayne Hennessey,0,0,0,0.0,0.0,0.0
2024-25,100041808,Nuno Herlander Simões Espírito Santo,0,0,0,0.0,0.0,0.0
2024-25,225321,Aaron Ramsdale,0,0,2700,30.0,0.0,0.04
2024-25,433979,Cameron Archer,2,0,1421,13.0,5.71,0.72
2024-25,503714,Lesley Ugochukwu,1,1,1652,18.0,0.85,0.62
2024-25,90105,Ryan Fraser,0,0,303,4.0,0.02,0.1
2024-25,499724,Samuel Amo-Ameyaw,0,0,26,0.0,0.02,0.13
2024-25,193204,Joe Aribo,3,0,2007,21.0,2.69,1.23
2024-25,155511,Adam Armstrong,2,3,1246,15.0,3.28,0.56
2024-25,456350,Gavin Bazunu,0,0,0,0.0,0.0,0.0
2024-25,171771,Jan Bednarek,2,0,2531,30.0,0.65,0.84
2024-25,477386,Armel Bella-Kotchap,0,0,329,2.0,0.32,0.01
2024-25,184386,James Bree,0,1,1070,13.0,0.11,0.71
2024-25,463210,Shea Charles,0,0,0,0.0,0.0,0.0
2024-25,490503,Samuel Edozie,0,0,64,0.0,0.0,0.15
2024-25,500926,Ronnie Edwards,0,0,12,0.0,0.0,0.0
2024-25,245719,Taylor Harwood-Bellis,1,0,2824,32.0,1.78,0.68
2024-25,504783,Kamaldeen Sulemana,1,2,1394,17.0,1.39,0.85
2024-25,39155,Adam Lallana,0,2,352,5.0,0.15,0.48
2024-25,515571,Juan Larios López,0,0,0,0.0,0.0,0.0
2024-25,200428,Mateusz Lis,0,0,0,0.0,0.0,0.0
2024-25,167888,Joe Lumley,0,0,270,3.0,0.0,0.0
2024-25,204863,Ryan Manning,0,2,1458,18.0,0.34,2.8
2024-25,476888,Sékou Mara,0,0,0,0.0,0.0,0.0
2024-25,58376,Alex McCarthy,0,0,450,5.0,0.0,0.0
2024-25,147611,Paul Onuachu,4,1,1038,11.0,3.61,0.26
2024-25,214466,Will Smallbone,1,0,679,6.0,0.57,0.89
2024-25,88900,Jack Stephens,1,0,1389,17.0,0.58,0.26
2024-25,230348,Ross Stewart,1,0,382,4.0,1.15,0.04
2024-25,219279,Sugawara Yukinari,1,1,1548,16.0,0.48,2.47
2024-25,103914,Charlie Taylor,0,0,353,3.0,0.0,0.14
2024-25,158534,Kyle Walker-Peters,0,3,2918,33.0,0.85,2.3
2024-25,244845,Nathan Wood-Gordon,0,0,771,9.0,0.23,0.04
2024-25,149519,Maxwel Cornet,0,0,71,1.0,0.16,0.0
2024-25,220585,Flynn Downes,1,0,2149,25.0,0.64,1.41
2024-25,204814,Ben Brereton Díaz,0,0,446,4.0,0.9,0.15
2024-25,496661,Tyler Dibling,2,2,1863,20.0,2.6,1.47
2024-25,551226,Mateus Gonçalo Espanha Fernandes,2,4,2911,34.0,4.12,3.62
2024-25,545508,Joseph O'Brien-Whitmarsh,0,0,0,0.0,0.0,0.0
2024-25,500016,Welington Damascena Santos,0,0,478,6.0,0.04,0.16
2024-25,620408,Joachim Kayi-Sanda,0,0,12,0.0,0.0,0.0
2024-25,494779,Albert Grønbæk,0,0,141,2.0,0.12,0.01
2024-25,100047426,Simon Rusk,0,0,0,0.0,0.0,0.0
2024-25,495024,Jay Robinson,0,0,134,1.0,0.07,0.53
2024-25,494551,Jayden Moore,0,0,0,0.0,0.0,0.0
2024-25,154566,Dominic Solanke-Mitchell,9,5,2199,25.0,10.89,1.13
2024-25,548308,Ashley Phillips,0,0,0,0.0,0.0,0.0
2024-25,214572,Brandon Austin,0,0,90,1.0,0.0,0.0
2024-25,202993,Rodrigo Bentancur,2,0,1640,21.0,1.36,1.02
2024-25,570526,Lucas Bergvall,0,2,1200,11.0,0.71,0.82
2024-25,227127,Yves Bissouma,2,0,1396,16.0,0.64,0.48
2024-25,436234,Bryan Gil Salvatierra,0,0,0,0.0,0.0,0.0
2024-25,115556,Ben Davies,0,0,1329,14.0,0.27,0.5
2024-25,496179,Alfie Devine,0,0,0,0.0,0.0,0.0
2024-25,493125,Radu Drăgușin,0,0,1250,14.0,0.13,0.16
2024-25,241157,Emerson Leite de Souza Junior,0,0,0,0.0,0.0,0.0
2024-25,40383,Fraser Forster,0,0,630,7.0,0.0,0.0
2024-25,547701,Archie Gray,0,0,1750,19.0,0.03,0.19
2024-25,132015,Pierre-Emile Højbjerg,0,0,0,0.0,0.0,0.0
2024-25,242898,Brennan Johnson,11,6,2171,24.0,10.75,1.99
2024-25,445044,Dejan Kulusevski,7,4,2386,27.0,4.06,4.03
2024-25,200826,Giovani Lo Celso,0,0,0,0.0,0.0,0.0
2024-25,172780,James Maddison,9,8,1799,21.0,5.54,5.92
2024-25,441164,Pedro Porro,2,6,2606,28.0,1.63,4.71
2024-25,199249,Sergio Reguilón,0,0,194,1.0,0.12,0.24
2024-25,212319,Richarlison de Andrade,4,1,497,4.0,3.71,0.6
2024-25,221632,Cristian Romero,1,1,1416,18.0,1.52,0.81
2024-25,482442,Pape Matar Sarr,3,2,1901,22.0,3.72,0.78
2024-25,490145,Dane Scarlett,0,1,31,0.0,0.04,0.0
2024-25,235674,Manor Solomon,0,0,0,0.0,0.0,0.0
2024-25,85971,Son Heung-min,7,10,2106,24.0,7.25,4.97
2024-25,232859,Djed Spence,1,2,1790,19.0,0.58,1.41
2024-25,487053,Destiny Udogie,0,1,1923,24.0,0.31,1.22
2024-25,491279,Micky van de Ven,0,2,1014,12.0,0.54,0.7
2024-25,536908,Alejo Véliz,0,0,0,0.0,0.0,0.0
2024-25,184254,Guglielmo Vicario,0,0,2160,24.0,0.0,0.0
2024-25,165153,Timo Werner,0,3,504,4.0,1.04,1.55
2024-25,175941,Alfie Whiteman,0,0,0,0.0,0.0,0.0
2024-25,552427,Will Lankshear,0,0,10,0.0,0.0,0.0
2024-25,499721,Mikey Moore,0,2,359,3.0,0.2,0.56
2024-25,550839,Wilson Odobert,1,0,843,9.0,1.63,0.76
2024-25,499726,Callum Olusesi,0,0,0,0.0,0.0,0.0
2024-25,611920,Malachi Hardy,0,0,0,0.0,0.0,0.0
2024-25,611917,Luca Williams-Barnett,0,0,0,0.0,0.0,0.0
2024-25,519321,Alfie Dorrington,0,0,13,0.0,0.0,0.0
2024-25,592736,Maeson King,0,0,0,0.0,0.0,0.0
2024-25,485055,Antonín Kinsky,0,0,540,6.0,0.0,0.01
2024-25,623095,Min-Hyeok Yang,0,0,0,0.0,0.0,0.0
2024-25,574799,Damola Ajayi,0,0,0,0.0,0.0,0.0
2024-25,100041880,Ange Postecoglou,0,0,0,0.0,0.0,0.0
2024-25,501620,Dante Cassanova,0,0,0,0.0,0.0,0.0
2024-25,135720,Kevin Danso,0,0,842,9.0,0.4,0.12
2024-25,511499,Mathys Tel,2,2,908,11.0,2.96,1.55
2024-25,487117,Evan Ferguson,1,0,385,3.0,1.13,0.66
2024-25,214590,Aaron Wan-Bissaka,2,6,3154,35.0,1.18,2.75
2024-25,213999,Edson Álvarez Velázquez,0,1,1769,20.0,0.39,0.89
2024-25,57531,Michail Antonio,1,4,834,11.0,2.2,0.91
2024-25,84182,Alphonse Areola,0,0,2259,25.0,0.0,0.0
2024-25,178186,Jarrod Bowen,13,11,2974,34.0,8.6,6.47
2024-25,164555,Vladimír Coufal,0,0,1056,11.0,0.37,0.89
2024-25,55459,Aaron Cresswell,0,0,818,10.0,0.23,1.89
2024-25,490885,George Earthy,0,0,0,0.0,0.0,0.0
2024-25,109533,Emerson Palmieri dos Santos,2,1,2108,26.0,1.95,2.19
2024-25,37096,Łukasz Fabiański,0,0,1160,13.0,0.0,0.0
2024-25,82143,Wes Foderingham,0,0,0,0.0,0.0,0.0
2024-25,84939,Danny Ings,1,3,270,1.0,2.25,0.06
2024-25,214048,Max Kilman,0,1,3348,38.0,1.55,1.19
2024-25,460842,Mohammed Kudus,5,4,2589,31.0,6.97,2.67
2024-25,577114,Luis Guilherme Lira dos Santos,0,0,139,1.0,0.42,0.13
2024-25,224024,Lucas Tolentino Coelho de Lima,4,1,2374,27.0,5.36,3.36
2024-25,233963,Konstantinos Mavropanos,0,0,2035,21.0,1.61,0.39
2024-25,210494,Nayef Aguerd,0,0,0,0.0,0.0,0.0
2024-25,215439,Tomáš Souček,9,2,2563,30.0,6.6,1.27
2024-25,101178,James Ward-Prowse,1,2,1433,17.0,1.59,2.68
2024-25,103192,Kurt Zouma,0,0,0,0.0,0.0,0.0
2024-25,229384,Andy Irving,0,0,161,1.0,0.13,0.12
2024-25,450070,Crysencio Summerville,1,1,776,7.0,1.61,1.71
2024-25,197024,Guido Rodríguez,0,1,1147,16.0,0.22,0.17
2024-25,91889,Niclas Füllkrug,3,2,783,6.0,2.14,0.47
2024-25,462116,Jean-Clair Todibo,0,0,1824,20.0,0.36,0.06
2024-25,518438,Kaelan Casey,0,0,1,0.0,0.0,0.0
2024-25,224860,Carlos Soler,1,1,1394,14.0,1.85,1.93
2024-25,536109,Ollie Scarles,0,0,659,7.0,0.11,0.18
2024-25,602903,Ezra Mayers,0,0,0,0.0,0.0,0.0
2024-25,518442,Lewis Orford,0,0,47,0.0,0.03,0.04
2024-25,100046435,Graham Potter,0,0,0,0.0,0.0,0.0
2024-25,101982,Sam Johnstone,0,0,630,7.0,0.0,0.0
2024-25,448514,Rayan Aït-Nouri,4,7,3112,37.0,2.69,3.98
2024-25,476502,Boubacar Traoré,0,0,1,0.0,0.0,0.0
2024-25,231057,Jean-Ricner Bellegarde,2,7,1666,20.0,1.46,2.74
2024-25,79602,Daniel Bentley,0,0,180,2.0,0.0,0.0
2024-25,510363,Francisco Jorge Tomás Oliveira,0,0,6,0.0,0.0,0.05
2024-25,497606,Tawanda Chirewa,0,0,0,0.0,0.0,0.0
2024-25,589507,Leon Chiwome,0,0,0,0.0,0.0,0.0
2024-25,245923,Luke Cundle,0,0,0,0.0,0.0,0.0
2024-25,430871,Matheus Santos Carneiro Da Cunha,15,7,2596,29.0,8.73,5.29
2024-25,60232,Craig Dawson,0,1,969,10.0,0.5,0.07
2024-25,87835,Matt Doherty,2,1,2105,25.0,1.12,1.24
2024-25,220394,Tommy Doyle,0,1,474,3.0,0.55,0.35
2024-25,449988,Fábio Silva,0,0,0,0.0,0.0,0.0
2024-25,531363,Nathan Fraser,0,0,0,0.0,0.0,0.0
2024-25,593001,Enso González,0,0,0,0.0,0.0,0.0
2024-25,181284,Gonçalo Manuel Ganchinho Guedes,2,4,979,10.0,3.28,0.92
2024-25,490721,Hugo Bueno López,0,0,0,0.0,0.0,0.0
2024-25,184754,Hwang Hee-chan,2,1,646,5.0,0.79,0.35
2024-25,240299,Joe Hodge,0,0,0,0.0,0.0,0.0
2024-25,441271,Ki-Jana Hoever,0,0,0,0.0,0.0,0.0
2024-25,448089,João Victor Gomes da Silva,3,1,2975,35.0,2.94,2.61
2024-25,149065,José Malheiro de Sá,0,0,2610,29.0,0.0,0.01
2024-25,429414,Saša Kalajdžić,0,0,0,0.0,0.0,0.0
2024-25,138001,Tom King,0,0,1,0.0,0.0,0.0
2024-25,151086,Mario Lemina,1,3,1363,15.0,1.3,0.87
2024-25,501837,Yerson Mosquera,0,0,441,5.0,0.33,0.03
2024-25,200402,Nélson Cabral Semedo,0,4,2889,32.0,1.05,1.71
2024-25,641221,Pedro Cardoso de Lima,0,0,69,1.0,0.06,0.1
2024-25,200600,Daniel Castelo Podence,0,0,46,0.0,0.04,0.01
2024-25,483081,Rodrigo Martins Gomes,2,0,794,7.0,0.72,0.87
2024-25,231480,Santiago Bueno,0,0,1678,18.0,0.45,0.1
2024-25,88484,Pablo Sarabia,3,2,800,7.0,2.88,1.9
2024-25,247412,Jørgen Strand Larsen,14,4,2587,30.0,10.14,1.0
2024-25,510362,Toti António Gomes,0,1,2613,30.0,0.73,0.6
2024-25,560248,Bastien Meupiyou,0,0,0,0.0,0.0,0.0
2024-25,509291,André Trindade da Costa Neto,0,0,2472,31.0,0.41,0.52
2024-25,463212,Carlos Roberto Forbs Borges,0,0,236,1.0,0.15,0.1
2024-25,517179,Alfie Pond,0,0,1,0.0,0.0,0.0
2024-25,596054,Tom Edozie,0,0,0,0.0,0.0,0.0
2024-25,613467,Wes Okoduwa,0,0,0,0.0,0.0,0.0
2024-25,516939,Emmanuel Agbadou,1,0,1410,16.0,0.9,0.32
2024-25,100040854,Vítor Manuel de Oliveira Lopes Pereira,0,0,0,0.0,0.0,0.0
2024-25,531170,Nasser Djiga,0,0,65,1.0,0.0,0.01
2024-25,433312,Marshall Munetsi,2,2,1077,12.0,3.32,1.08
2024-25,647671,Mateus Mané,0,0,1,0.0,0.0,0.0
2025-26,154561,David Raya Martín,0,0,3330,37.0,0.0,0.07
2025-26,109745,Kepa Arrizabalaga Revuelta,0,0,90,1.0,0.0,0.0
2025-26,463748,Karl Hein,0,0,0,0.0,0.0,0.0
2025-26,551221,Tommy Setford,0,0,0,0.0,0.0,0.0
2025-26,226597,Gabriel dos Santos Magalhães,3,5,2750,30.0,2.94,1.75
2025-26,462424,William Saliba,1,0,2614,30.0,0.88,1.21
2025-26,466075,Riccardo Calafiori,1,2,1697,22.0,3.36,0.76
2025-26,445122,Jurriën Timber,3,6,2452,28.0,4.71,1.53
2025-26,440854,Jakub Kiwior,0,0,0,0.0,0.0,0.0
2025-26,499169,Myles Lewis-Skelly,0,0,697,5.0,0.1,0.2
2025-26,198869,Benjamin White,0,1,699,9.0,0.45,0.69
2025-26,563324,Brayden Clarke,0,0,0,0.0,0.0,0.0
2025-26,588793,Maldini Kacurri,0,0,0,0.0,0.0,0.0
2025-26,499167,Josh Nichols,0,0,0,0.0,0.0,0.0
2025-26,223340,Bukayo Saka,7,10,2218,25.0,7.57,7.16
2025-26,184029,Martin Ødegaard,1,7,1363,16.0,1.25,3.65
2025-26,248857,Noni Madueke,3,1,1205,16.0,1.23,2.86
2025-26,444145,Gabriel Martinelli Silva,1,5,1065,11.0,4.12,1.27
2025-26,116216,Leandro Trossard,6,6,1997,21.0,5.6,3.59
2025-26,204480,Declan Rice,4,9,3093,35.0,3.15,7.32
2025-26,195384,Mikel Merino Zazón,4,3,1024,10.0,3.36,1.45
2025-26,438098,Fábio Ferreira Vieira,0,0,0,0.0,0.0,0.0
2025-26,128295,Christian Nørgaard,0,0,101,1.0,0.08,0.04
2025-26,499175,Ethan Nwaneri,0,0,165,0.0,0.23,0.08
2025-26,481655,Martín Zubimendi Ibáñez,5,1,2991,34.0,2.84,2.27
2025-26,588796,Ismeal Kabia,0,0,0,0.0,0.0,0.0
2025-26,437742,Albert Sambi Lokonga,0,0,0,0.0,0.0,0.0
2025-26,219847,Kai Havertz,2,3,577,7.0,3.31,0.64
2025-26,205651,Gabriel Fernando de Jesus,3,0,418,3.0,2.71,0.26
2025-26,232413,Eberechi Eze,7,3,1885,22.0,5.18,2.66
2025-26,500040,Cristhian Mosquera,0,0,986,9.0,0.1,0.63
2025-26,224117,Viktor Gyökeres,14,1,2217,26.0,12.26,1.94
2025-26,616077,Max Dowman,1,1,152,1.0,1.19,0.3
2025-26,646243,Andre Harriman-Annous,0,0,0,0.0,0.0,0.0
2025-26,448104,Piero Hincapié,1,2,1787,20.0,0.36,1.67
2025-26,616065,Marli Salmon,0,0,0,0.0,0.0,0.0
2025-26,98980,Emiliano Martínez Romero,0,1,2835,32.0,0.0,0.08
2025-26,72147,Marco Bizot,0,0,585,6.0,0.0,0.0
2025-26,462492,Joe Gauci,0,0,0,0.0,0.0,0.0
2025-26,462381,Filip Marschall,0,0,0,0.0,0.0,0.0
2025-26,199796,Matty Cash,3,3,3016,34.0,1.14,2.94
2025-26,101188,Lucas Digne,0,7,1842,21.0,0.67,3.28
2025-26,199798,Ezri Konsa Ngoyo,0,1,3035,34.0,1.27,0.59
2025-26,441302,Ian Maatsen,0,1,1590,17.0,1.26,2.39
2025-26,149484,Tyrone Mings,0,1,1322,15.0,1.3,0.42
2025-26,244954,Pau Torres,0,2,1673,18.0,1.33,0.39
2025-26,606798,Andrés García,0,0,83,1.0,0.0,0.01
2025-26,106468,Álex Moreno Lopera,0,0,0,0.0,0.0,0.0
2025-26,515597,Lamare Bogarde,0,0,1042,11.0,0.0,0.2
2025-26,514315,Lino da Cruz Sousa,0,0,0,0.0,0.0,0.0
2025-26,587178,Yasin Özcan,0,0,0,0.0,0.0,0.0
2025-26,244850,Morgan Rogers,10,8,3280,37.0,6.84,4.32
2025-26,166989,Youri Tielemans,0,4,1857,21.0,1.14,3.26
2025-26,215711,Leon Bailey,0,2,450,3.0,0.5,1.46
2025-26,195546,Emiliano Buendía Stati,6,2,1753,21.0,3.38,2.23
2025-26,469247,Samuel Iling-Junior,0,0,0,0.0,0.0,0.0
2025-26,204646,Donyell Malen,4,2,640,5.0,4.03,0.35
2025-26,122806,John McGinn,5,4,2136,28.0,3.0,4.11
2025-26,88894,Ross Barkley,3,2,844,7.0,1.58,1.26
2025-26,491287,Enzo Barrenechea,0,0,0,0.0,0.0,0.0
2025-26,461421,Lewis Dobbin,0,0,0,0.0,0.0,0.0
2025-26,226944,Boubacar Kamara,1,3,1410,17.0,0.53,0.84
2025-26,449871,Amadou Onana,2,0,1755,21.0,1.68,0.69
2025-26,577731,Ben Broggio,0,0,0,0.0,0.0,0.0
2025-26,151589,Leander Dendoncker,0,0,0,0.0,0.0,0.0
2025-26,559962,Jamaldeen Jimoh-Aloba,0,0,8,0.0,0.0,0.0
2025-26,537403,Kadan Young,0,0,0,0.0,0.0,0.0
2025-26,178301,Ollie Watkins,16,4,2833,33.0,15.4,1.18
2025-26,576756,Zépiqueno Redmond,0,0,0,0.0,0.0,0.0
2025-26,444884,Harvey Elliott,0,0,110,1.0,0.29,0.08
2025-26,209243,Jadon Sancho,0,2,863,9.0,0.61,1.87
2025-26,481283,James Wright,0,0,0,0.0,0.0,0.0
2025-26,230046,Douglas Luiz Soares de Paulo,1,1,913,12.0,0.53,1.42
2025-26,569577,Triston Rowe,0,0,0,0.0,0.0,0.0
2025-26,645618,Bradley Burrowes,0,0,16,0.0,0.0,0.0
2025-26,564505,Sam Proctor,0,0,0,0.0,0.0,0.0
2025-26,534836,Travis Patterson,0,0,0,0.0,0.0,0.0
2025-26,184667,Victor Lindelöf,0,1,942,11.0,0.28,0.1
2025-26,577285,George Hemmings,0,0,25,0.0,0.04,0.01
2025-26,516875,Ronnie Hollingshead,0,0,0,0.0,0.0,0.0
2025-26,664015,Leon Routh,0,0,0,0.0,0.0,0.0
2025-26,618027,TJ Carroll,0,0,0,0.0,0.0,0.0
2025-26,653481,Alysson Edward Franco da Rocha dos Santos,0,0,47,0.0,0.05,0.05
2025-26,173879,Tammy Abraham,2,0,278,2.0,2.05,0.36
2025-26,518030,Max Weiß,0,0,270,3.0,0.0,0.0
2025-26,489571,Etienne Green,0,0,0,0.0,0.0,0.0
2025-26,51943,Václav Hladký,0,0,0,0.0,0.0,0.0
2025-26,192290,Connor Roberts,0,0,0,0.0,0.0,0.0
2025-26,58621,Kyle Walker,0,2,3095,35.0,0.15,1.29
2025-26,247245,Hannes Delcroix,0,0,0,0.0,0.0,0.0
2025-26,461567,Owen Dodgson,0,0,0,0.0,0.0,0.0
2025-26,478969,Hjalmar Ekdal,0,0,1539,17.0,0.25,0.32
2025-26,477717,Maxime Estève,0,0,2933,34.0,0.73,0.59
2025-26,494960,Quilindschy Hartman,0,6,1825,21.0,0.32,1.98
2025-26,461188,Bashir Humphreys,0,2,1574,17.0,0.42,0.68
2025-26,241231,Jordan Beyer,0,0,0,0.0,0.0,0.0
2025-26,549329,Lucas Pires Silva,0,0,1405,15.0,0.6,1.46
2025-26,450072,Shurandy Sambo,0,0,0,0.0,0.0,0.0
2025-26,519895,Oliver Sonne,1,0,164,1.0,0.55,0.08
2025-26,180804,Axel Tuanzebe,1,0,1201,14.0,0.61,0.12
2025-26,208912,Joe Worrall,0,0,496,5.0,0.08,0.02
2025-26,444180,Jaidon Anthony,8,4,2717,32.0,5.11,2.85
2025-26,183751,Manuel Benson Hedilazio,0,0,0,0.0,0.0,0.0
2025-26,179458,Jacob Bruun Larsen,0,1,1014,10.0,1.37,1.16
2025-26,578614,Enock Agyei,0,0,0,0.0,0.0,0.0
2025-26,250735,Darko Churlinov,0,0,0,0.0,0.0,0.0
2025-26,172567,Josh Cullen,2,2,1513,18.0,0.94,1.36
2025-26,174592,Marcus Edwards,1,3,1058,11.0,1.49,1.84
2025-26,465527,Hannibal Mejbri,1,5,1219,15.0,0.91,2.08
2025-26,487702,Luca Koleosho,0,0,0,0.0,0.0,0.0
2025-26,167887,Josh Laurent,1,0,1752,18.0,0.87,0.48
2025-26,469272,Loum Tchaouna,2,2,1259,14.0,1.27,0.91
2025-26,447715,Aaron Ramsey,0,0,0,0.0,0.0,0.0
2025-26,576323,Oluwaseun Adewumi,0,0,0,0.0,0.0,0.0
2025-26,551206,Jaydon Banel,0,0,9,0.0,0.0,0.0
2025-26,437748,Mike Trésor Ndayishimiye,0,0,37,0.0,0.0,0.0
2025-26,431639,Zian Flemming,11,0,1764,21.0,7.94,0.41
2025-26,492831,Zeki Amdouni,0,0,69,0.0,0.24,0.02
2025-26,435973,Lyle Foster,3,2,1361,15.0,3.22,0.37
2025-26,44699,Ashley Barnes,0,0,40,0.0,0.25,0.04
2025-26,220598,Michael Obafemi,0,0,0,0.0,0.0,0.0
2025-26,67089,Martin Dúbravka,0,0,3150,35.0,0.0,0.04
2025-26,101178,James Ward-Prowse,0,1,1092,12.0,0.24,1.87
2025-26,503714,Lesley Ugochukwu,3,3,2330,27.0,2.5,0.41
2025-26,440323,Armando Broja,1,1,843,8.0,2.14,0.22
2025-26,216055,Florentino Ibrain Morris Luís,0,2,2100,25.0,0.64,0.52
2025-26,647960,Oliver Pimlott,0,0,0,0.0,0.0,0.0
2025-26,704232,George Brierley,0,0,0,0.0,0.0,0.0
2025-26,644593,Kian McMahon-Brown,0,0,0,0.0,0.0,0.0
2025-26,69752,Norberto Murara Neto,0,0,0,0.0,0.0,0.0
2025-26,457569,Đorđe Petrović,0,0,3420,38.0,0.0,0.0
2025-26,444172,Will Dennis,0,0,0,0.0,0.0,0.0
2025-26,568791,Callan McKenna,0,0,0,0.0,0.0,0.0
2025-26,495145,Alex Paulsen,0,0,0,0.0,0.0,0.0
2025-26,477580,Illia Zabarnyi,0,0,0,0.0,0.0,0.0
2025-26,221466,Marcos Senesi Barón,0,6,3288,37.0,1.53,4.72
2025-26,54469,Adam Smith,0,2,1073,14.0,0.0,0.23
2025-26,494521,Adrien Truffert,1,6,3378,38.0,1.35,3.07
2025-26,541462,Matai Akinmboni,0,0,0,0.0,0.0,0.0
2025-26,518906,Owen Bevan,0,0,0,0.0,0.0,0.0
2025-26,463981,James Hill,0,3,2102,22.0,0.89,1.16
2025-26,436893,Julián Araujo Zúñiga,0,0,0,0.0,0.0,0.0
2025-26,223911,Chris Mepham,0,0,0,0.0,0.0,0.0
2025-26,575901,Julio Soler Barreto,0,0,34,0.0,0.0,0.0
2025-26,222683,Justin Kluivert,2,0,945,10.0,2.31,1.55
2025-26,201658,Marcus Tavernier,7,4,2732,31.0,9.06,4.6
2025-26,200785,Tyler Adams,2,2,1769,21.0,0.63,0.63
2025-26,111317,David Brooks,1,3,1188,13.0,5.81,3.4
2025-26,158499,Ryan Christie,2,1,978,9.0,1.81,0.79
2025-26,155408,Lewis Cook,0,1,872,8.0,0.07,0.52
2025-26,168991,Philip Billing,0,0,0,0.0,0.0,0.0
2025-26,503139,Alex Scott,3,2,2848,34.0,3.8,2.94
2025-26,224995,Luis Sinisterra Lucumí,0,0,0,0.0,0.0,0.0
2025-26,441240,Romain Faivre,0,0,0,0.0,0.0,0.0
2025-26,424044,Hamed Traorè,0,1,16,0.0,0.0,0.0
2025-26,550596,Dominic Sadi,0,0,0,0.0,0.0,0.0
2025-26,530121,Zain Silcott-Duberry,0,0,0,0.0,0.0,0.0
2025-26,606775,Ben Winterburn,0,0,6,0.0,0.0,0.0
2025-26,444102,Francisco Evanilson de Lima Barbosa,6,7,2741,32.0,10.64,1.48
2025-26,168636,Enes Ünal,1,0,214,0.0,2.0,0.07
2025-26,590760,Daniel Adu-Adjei,0,0,0,0.0,0.0,0.0
2025-26,560262,Junior Kroupi,13,0,1663,21.0,8.31,1.51
2025-26,496208,Ben Gannon-Doak,0,1,105,0.0,0.26,0.13
2025-26,242882,Bafodé Diakité,0,0,1275,15.0,0.02,0.19
2025-26,606774,Remy Rees-Dottin,0,0,0,0.0,0.0,0.0
2025-26,489888,Amine Adli,3,2,1074,10.0,2.6,1.62
2025-26,551483,Álex Jiménez Sánchez,1,2,2315,26.0,1.09,1.73
2025-26,620487,Veljko Milosavljevic,0,0,367,4.0,0.15,0.19
2025-26,678552,Malcom DaCosta,0,0,0,0.0,0.0,0.0
2025-26,40383,Fraser Forster,0,0,0,0.0,0.0,0.0
2025-26,658013,Charlie Stevens,0,0,0,0.0,0.0,0.0
2025-26,614574,Alex Tóth,0,0,135,2.0,0.11,0.33
2025-26,436416,Christos Mandas,0,0,0,0.0,0.0,0.0
2025-26,499604,Rayan Vitor Simplício Rocha,5,2,1110,13.0,2.67,1.84
2025-26,200641,Reiss Nelson,0,1,118,0.0,0.71,0.11
2025-26,533463,Dango Ouattara,7,8,2271,25.0,7.94,4.12
2025-26,200720,Caoimhín Kelleher,0,0,3330,37.0,0.0,0.22
2025-26,235448,Ellery Balcombe,0,0,0,0.0,0.0,0.0
2025-26,503300,Matthew Cox,0,0,0,0.0,0.0,0.0
2025-26,535017,Julian Eyestone,0,0,0,0.0,0.0,0.0
2025-26,507433,Hákon Rafn Valdimarsson,0,0,90,1.0,0.0,0.0
2025-26,432830,Nathan Collins,1,2,2971,32.0,2.24,1.71
2025-26,249231,Keane Lewis-Potter,3,4,1960,22.0,3.01,2.51
2025-26,191866,Kristoffer Ajer,0,2,1805,20.0,0.69,0.73
2025-26,194010,Rico Henry,0,2,1322,14.0,0.18,0.54
2025-26,607464,Michael Kayode,1,2,3258,37.0,1.28,2.89
2025-26,231065,Ethan Pinnock,0,0,318,4.0,0.01,0.06
2025-26,226956,Mads Roerslev Rasmussen,0,0,0,0.0,0.0,0.0
2025-26,444765,Sepp van den Berg,0,3,2761,30.0,3.36,1.45
2025-26,622536,Benjamin Arthur,0,0,0,0.0,0.0,0.0
2025-26,612534,Benjamin Fredrick,0,0,0,0.0,0.0,0.0
2025-26,472713,Aaron Hickey,0,0,679,8.0,0.44,0.17
2025-26,570241,Kim Ji-soo,0,0,0,0.0,0.0,0.0
2025-26,499717,Jayden Meghoma,0,0,0,0.0,0.0,0.0
2025-26,513418,Kevin Schade,8,5,2744,32.0,12.08,2.05
2025-26,440089,Mikkel Damsgaard,4,4,2046,24.0,2.61,5.43
2025-26,543295,Antoni Milambo,0,0,45,1.0,0.0,0.01
2025-26,244858,Fábio Freitas Gouveia Carvalho,1,0,100,1.0,0.7,0.03
2025-26,56979,Jordan Henderson,1,3,1911,22.0,0.33,2.31
2025-26,204580,Vitaly Janelt,1,4,1434,15.0,0.82,2.27
2025-26,207283,Mathias Jensen,3,2,2239,26.0,2.21,6.06
2025-26,626464,Gustavo Nunes Fernandes Gomes,0,0,0,0.0,0.0,0.0
2025-26,428580,Frank Onyeka,0,2,88,0.0,0.0,0.36
2025-26,508395,Yehor Yarmoliuk,1,3,2652,30.0,1.22,1.39
2025-26,606689,Romelle Donovan,0,0,38,0.0,0.09,0.01
2025-26,628204,Yunus Emre Konak,0,0,0,0.0,0.0,0.0
2025-26,220695,Paris Maghoma,0,0,0,0.0,0.0,0.0
2025-26,450539,Myles Peart-Harris,0,0,1,0.0,0.0,0.0
2025-26,591357,Ryan Trevitt,0,0,0,0.0,0.0,0.0
2025-26,502500,Igor Thiago Nascimento Rodrigues,22,1,3282,37.0,20.6,1.83
2025-26,533710,Iwan Morgan,0,0,0,0.0,0.0,0.0
2025-26,183656,Josh Dasilva,0,0,2,0.0,0.08,0.0
2025-26,593174,Kaye Furo,0,0,1,0.0,0.0,0.0
2025-26,559610,Luka Bentt,0,0,0,0.0,0.0,0.0
2025-26,494556,Ollie Shield,0,0,0,0.0,0.0,0.0
2025-26,649240,Joshua Stephenson,0,0,0,0.0,0.0,0.0
2025-26,587433,Conor McManus,0,0,0,0.0,0.0,0.0
2025-26,547671,Riley Owen,0,0,0,0.0,0.0,0.0
2025-26,49262,Jason Steele,0,0,0,0.0,0.0,0.0
2025-26,489639,Bart Verbruggen,0,0,3420,38.0,0.0,0.06
2025-26,209288,Tom McGill,0,0,0,0.0,0.0,0.0
2025-26,472739,Carl Rushworth,0,0,0,0.0,0.0,0.0
2025-26,240514,Kjell Scherpen,0,0,0,0.0,0.0,0.0
2025-26,204120,Olivier Boscagli,0,1,799,9.0,0.05,0.47
2025-26,550090,Diego Coppola,0,0,193,2.0,0.0,0.01
2025-26,465730,Maxim De Cuyper,2,3,1404,17.0,1.66,4.08
2025-26,83299,Lewis Dunk,1,1,2837,31.0,1.83,0.56
2025-26,204214,Pervis Estupiñán Tenorio,0,0,0,0.0,0.0,0.0
2025-26,231416,Ferdi Kadıoğlu,1,2,3130,34.0,2.06,3.31
2025-26,223434,Igor Julio dos Santos de Paulo,0,0,103,1.0,0.0,0.0
2025-26,232792,Tariq Lamptey,0,0,0,0.0,0.0,0.0
2025-26,469142,Jan Paul van Hecke,3,3,3210,36.0,3.31,1.57
2025-26,111478,Joël Veltman,1,0,1047,9.0,1.15,0.2
2025-26,110735,Adam Webster,0,0,0,0.0,0.0,0.0
2025-26,439135,Eiran Cashin,0,0,0,0.0,0.0,0.0
2025-26,589100,Jacob Slater,0,0,0,0.0,0.0,0.0
2025-26,547720,Charlie Tasker,0,0,0,0.0,0.0,0.0
2025-26,451340,Mitoma Kaoru,3,1,1714,19.0,4.04,2.74
2025-26,463067,Georginio Rutter,3,5,1776,20.0,2.9,2.9
2025-26,109345,Solly March,0,0,38,0.0,0.04,0.02
2025-26,592031,Yankuba Minteh,3,8,2389,26.0,3.81,5.06
2025-26,474120,Julio Enciso Espínola,0,0,0,0.0,0.0,0.0
2025-26,513433,Brajan Gruda,1,1,708,8.0,1.86,0.88
2025-26,532529,Jack Hinshelwood,4,5,1736,20.0,4.94,2.34
2025-26,219249,Matt O'Riley,1,0,202,2.0,1.21,0.18
2025-26,516211,Abdallah Sima,0,0,0,0.0,0.0,0.0
2025-26,509416,Yasin Ayari,3,4,1921,20.0,2.7,1.15
2025-26,535301,Carlos Baleba,0,0,1646,23.0,0.78,0.72
2025-26,514254,Diego Gómez Amarilla,5,1,2117,26.0,6.24,1.72
2025-26,15157,James Milner,1,1,772,7.0,1.03,0.66
2025-26,441192,Jeremy Sarmiento Morante,0,0,0,0.0,0.0,0.0
2025-26,549074,Tom Watson,0,0,57,0.0,0.04,0.03
2025-26,467779,Mats Wieffer,2,4,1901,23.0,1.92,1.86
2025-26,611695,Malick Yalcouyé,0,0,0,0.0,0.0,0.0
2025-26,567121,Joe Knight,0,0,1,0.0,0.0,0.0
2025-26,550141,Adrian Mazilu,0,0,0,0.0,0.0,0.0
2025-26,513834,Andrew Moran,0,0,0,0.0,0.0,0.0
2025-26,50175,Danny Welbeck,13,1,2249,26.0,12.36,1.4
2025-26,487117,Evan Ferguson,0,0,0,0.0,0.0,0.0
2025-26,608181,Stefanos Tzimas,1,1,132,1.0,0.44,0.11
2025-26,647850,Charalampos Kostoulas,2,1,351,2.0,2.12,0.54
2025-26,556637,Nehemiah Oriola,0,0,1,0.0,0.0,0.0
2025-26,604988,Freddie Simmonds,0,0,0,0.0,0.0,0.0
2025-26,60307,Pascal Groß,1,6,1636,18.0,1.39,3.95
2025-26,597320,Harry Howell,0,0,92,1.0,0.0,0.03
2025-26,215059,Robert Lynch Sánchez,0,1,3040,35.0,0.0,0.04
2025-26,508479,Filip Jörgensen,0,0,378,3.0,0.0,0.0
2025-26,549939,Mike Penders,0,0,0,0.0,0.0,0.0
2025-26,471798,Gabriel Słonina,0,0,0,0.0,0.0,0.0
2025-26,179268,Marc Cucurella Saseta,1,4,2706,31.0,2.34,3.23
2025-26,225796,Reece James,2,6,1957,20.0,1.04,3.2
2025-26,180736,Trevoh Chalobah,3,1,2780,31.0,1.44,1.03
2025-26,460028,Levi Samuels Colwill,0,0,225,2.0,0.0,0.12
2025-26,482609,Malo Gusto,2,3,2255,26.0,1.56,2.97
2025-26,242880,Benoît Badiashile Mukinayi,0,0,470,6.0,0.0,0.06
2025-26,444463,Wesley Fofana,0,2,1718,20.0,0.72,0.6
2025-26,574458,Mamadou Sarr,0,0,100,1.0,0.35,0.0
2025-26,109646,Tosin Adarabioyo,0,0,788,8.0,0.11,0.4
2025-26,577016,Josh Acheampong,1,0,657,8.0,0.62,0.13
2025-26,622758,Aarón Anselmino,0,0,0,0.0,0.0,0.0
2025-26,244851,Cole Palmer,10,2,1954,24.0,10.55,2.49
2025-26,247632,Pedro Lomba Neto,5,7,2629,30.0,4.59,6.84
2025-26,448047,Enzo Fernández,10,5,3114,35.0,11.26,7.26
2025-26,624773,Estêvão Almeida de Oliveira Gonçalves,2,5,839,12.0,2.91,2.14
2025-26,463936,Jamie Bynoe-Gittens,0,2,486,5.0,0.81,0.94
2025-26,213198,Christopher Nkunku,0,0,0,0.0,0.0,0.0
2025-26,486672,Moisés Caicedo Corozo,3,1,2796,32.0,1.45,2.38
2025-26,514356,Roméo Lavia,0,0,374,4.0,0.21,0.55
2025-26,465920,Mykhailo Mudryk,0,0,0,0.0,0.0,0.0
2025-26,532605,Andrey Nascimento dos Santos,1,0,1247,13.0,2.0,0.88
2025-26,491007,Dário Luís Essugo,0,0,26,0.0,0.0,0.01
2025-26,611134,Kendry Páez Andrade,0,0,0,0.0,0.0,0.0
2025-26,475168,João Pedro Junqueira de Jesus,15,9,2658,31.0,14.91,1.96
2025-26,463034,Liam Delap,1,2,1092,12.0,4.54,0.23
2025-26,517052,Nicolas Jackson,0,0,0,0.0,0.0,0.0
2025-26,499309,Marc Guiu Paz,0,1,265,1.0,1.54,0.29
2025-26,493105,Alejandro Garnacho Ferreyra,1,4,1261,14.0,3.44,3.68
2025-26,551210,Jorrel Hato,0,0,1139,12.0,0.3,0.61
2025-26,611912,Landon Emenalo,0,0,0,0.0,0.0,0.0
2025-26,518335,Max Merrick,0,0,0,0.0,0.0,0.0
2025-26,499857,Teddy Sharman-Lowe,0,0,0,0.0,0.0,0.0
2025-26,619734,Jesse Derry,0,0,45,1.0,0.1,0.02
2025-26,671606,Mathis Eboué,0,0,0,0.0,0.0,0.0
2025-26,616286,Ryan Kavuma-McQueen,0,0,0,0.0,0.0,0.0
2025-26,567119,Shumaira Mheuka,0,0,1,0.0,0.0,0.0
2025-26,172649,Dean Henderson,0,0,3330,37.0,0.0,0.11
2025-26,121709,Walter Benítez,0,0,90,1.0,0.0,0.0
2025-26,169593,Remi Matthews,0,0,0,0.0,0.0,0.0
2025-26,247348,Daniel Muñoz Mejía,4,4,2400,29.0,2.45,3.94
2025-26,437499,Maxence Lacroix,1,2,3085,35.0,2.45,0.83
2025-26,244723,Tyrick Mitchell,1,3,3253,36.0,1.59,2.53
2025-26,218364,Borna Sosa,0,0,99,0.0,0.04,0.07
2025-26,427623,Chris Richards,1,0,2825,31.0,2.42,1.56
2025-26,515621,Chadi Riad Dnanou,0,1,550,6.0,0.33,0.13
2025-26,57328,Nathaniel Clyne,0,1,592,7.0,0.43,0.6
2025-26,156074,Rob Holding,0,0,0,0.0,0.0,0.0
2025-26,590012,Caleb Kporha,0,0,0,0.0,0.0,0.0
2025-26,232185,Ismaïla Sarr,9,2,2173,24.0,10.93,1.17
2025-26,438464,Cheick Doucouré,0,0,0,0.0,0.0,0.0
2025-26,606921,Romain Esse,0,0,40,0.0,0.0,0.04
2025-26,108413,Will Hughes,0,1,1560,19.0,1.11,1.94
2025-26,209400,Daichi Kamada,0,2,1899,22.0,1.64,3.24
2025-26,152551,Jefferson Lerma Solís,0,5,1722,18.0,1.84,1.48
2025-26,496221,Adam Wharton,1,6,2552,29.0,1.52,7.47
2025-26,579075,Asher Agbinone,0,0,0,0.0,0.0,0.0
2025-26,466117,Naouirou Ahamada,0,0,0,0.0,0.0,0.0
2025-26,489706,Justin Devenny,1,0,785,7.0,2.38,0.39
2025-26,450535,Malcolm Ebiowei,0,0,0,0.0,0.0,0.0
2025-26,450542,Jesurun Rak-Sakyi,0,0,0,0.0,0.0,0.0
2025-26,536694,Matheus França de Oliveira,0,0,0,0.0,0.0,0.0
2025-26,531989,David Ozoh,0,0,0,0.0,0.0,0.0
2025-26,530318,Kaden Rodney,0,0,3,0.0,0.0,0.0
2025-26,574398,Franco Umeh-Chibueze,0,0,0,0.0,0.0,0.0
2025-26,231747,Jean-Philippe Mateta,12,0,2210,25.0,14.42,1.32
2025-26,205533,Eddie Nketiah,2,0,414,2.0,1.77,0.46
2025-26,199670,Odsonne Édouard,0,0,2,0.0,0.0,0.0
2025-26,576980,Zach Marsh,0,0,0,0.0,0.0,0.0
2025-26,242898,Brennan Johnson,2,1,1710,19.0,2.45,1.31
2025-26,247412,Jørgen Strand Larsen,4,1,2301,26.0,5.3,1.12
2025-26,485337,Evann Guessand,1,3,909,9.0,1.56,0.85
2025-26,590014,Rio Cardines,0,0,90,1.0,0.02,0.16
2025-26,488024,Yéremy Pino Santos,2,2,2074,26.0,4.53,6.12
2025-26,651426,Jaydee Canvot,0,0,1331,14.0,1.48,0.33
2025-26,660392,Christantus Uche,0,1,159,0.0,0.49,0.01
2025-26,672492,Joél Drakes-Thomas,0,0,7,0.0,0.0,0.0
2025-26,643426,Dean Benamar,0,0,0,0.0,0.0,0.0
2025-26,631106,Ben Casey,0,0,0,0.0,0.0,0.0
2025-26,591384,George King,0,0,0,0.0,0.0,0.0
2025-26,502988,Danny Imray,0,0,0,0.0,0.0,0.0
2025-26,215413,Kiernan Dewsbury-Hall,8,7,2629,30.0,4.35,5.34
2025-26,550615,Tyrique George,0,0,351,1.0,0.64,1.19
2025-26,111234,Jordan Pickford,0,0,3420,38.0,0.0,0.2
2025-26,229600,Mark Travers,0,0,0,0.0,0.0,0.0
2025-26,447325,Harry Tyrer,0,0,0,0.0,0.0,0.0
2025-26,480455,Jarrad Branthwaite,1,1,678,7.0,0.34,0.11
2025-26,17761,James Tarkowski,2,3,3330,37.0,2.53,2.1
2025-26,224967,Vitalii Mykolenko,0,1,2959,33.0,0.28,2.46
2025-26,512462,Jake O'Brien,1,3,3118,35.0,1.67,1.0
2025-26,59949,Séamus Coleman,0,0,19,1.0,0.0,0.17
2025-26,106611,Michael Keane,3,1,2588,29.0,2.3,0.49
2025-26,243571,Nathan Patterson,0,0,238,3.0,0.03,0.04
2025-26,496178,Roman Dixon,0,0,0,0.0,0.0,0.0
2025-26,474907,Reece Welch,0,0,0,0.0,0.0,0.0
2025-26,440993,Iliman Ndiaye,6,3,2781,32.0,6.68,4.41
2025-26,433154,Dwight McNeil,0,3,1161,14.0,1.37,1.91
2025-26,502697,Carlos Alcaraz Durán,0,1,679,6.0,1.17,0.54
2025-26,80801,Idrissa Gana Gueye,2,3,2094,25.0,1.99,1.84
2025-26,232928,James Garner,2,7,3413,38.0,2.1,6.18
2025-26,490094,Tim Iroegbunam,0,3,1477,17.0,0.54,0.71
2025-26,609873,Harrison Armstrong,0,0,524,6.0,0.79,0.22
2025-26,547801,Callum Bates,0,0,0,0.0,0.0,0.0
2025-26,504296,Coby Ebere,0,0,0,0.0,0.0,0.0
2025-26,496279,Isaac Heath,0,0,0,0.0,0.0,0.0
2025-26,491557,Jenson Metcalfe,0,0,0,0.0,0.0,0.0
2025-26,586309,Thierno Barry,8,0,1898,21.0,8.17,0.44
2025-26,486385,Norberto Bercique Gomes Betuncal,9,1,1551,17.0,8.9,0.23
2025-26,491012,Youssef Ramalho Chermiti,0,0,0,0.0,0.0,0.0
2025-26,536241,Martin Sherif,0,0,0,0.0,0.0,0.0
2025-26,114283,Jack Grealish,2,6,1627,18.0,2.05,3.37
2025-26,138001,Tom King,0,0,0,0.0,0.0,0.0
2025-26,499300,Adam Aznou,0,0,0,0.0,0.0,0.0
2025-26,461446,Tyler Onyango,0,0,0,0.0,0.0,0.0
2025-26,491745,Elijah Campbell,0,0,0,0.0,0.0,0.0
2025-26,496661,Tyler Dibling,0,0,349,4.0,0.2,0.14
2025-26,513466,Merlin Röhl,1,1,675,6.0,0.67,0.35
2025-26,629068,Braiden Graham,0,0,0,0.0,0.0,0.0
2025-26,80201,Bernd Leno,0,0,3420,38.0,0.0,0.02
2025-26,428971,Steven Benda,0,0,0,0.0,0.0,0.0
2025-26,169528,Antonee Robinson,1,0,1487,17.0,1.07,1.58
2025-26,174874,Joachim Andersen,0,1,2882,33.0,1.43,1.83
2025-26,232892,Calvin Bassey,1,1,2532,28.0,1.71,0.35
2025-26,166477,Timothy Castagne,0,2,1838,20.0,1.5,1.47
2025-26,219924,Issa Diop,1,0,812,8.0,0.8,0.05
2025-26,246301,Jorge Cuenca Barreno,0,0,935,11.0,0.05,0.53
2025-26,167074,Kenny Tete,1,0,1791,21.0,0.92,1.46
2025-26,591385,Samuel Amissah,0,0,0,0.0,0.0,0.0
2025-26,153133,Alex Iwobi,4,3,2420,29.0,1.91,4.7
2025-26,209289,Emile Smith Rowe,3,1,1909,22.0,4.71,1.12
2025-26,156689,Andreas Hoelgebaum Pereira,0,0,0,0.0,0.0,0.0
2025-26,184349,Ryan Sessegnon,3,3,1816,20.0,1.6,1.8
2025-26,153682,Harry Wilson,10,9,2674,32.0,5.88,4.77
2025-26,207189,Sander Berge,0,3,2904,34.0,1.54,1.5
2025-26,76357,Tom Cairney,2,0,756,6.0,1.21,0.81
2025-26,212314,Saša Lukić,1,4,1730,20.0,2.23,1.91
2025-26,573062,Martial Godo,0,0,0,0.0,0.0,0.0
2025-26,515024,Luke Harris,0,0,0,0.0,0.0,0.0
2025-26,577725,Josh King,1,3,1290,15.0,2.47,0.66
2025-26,153366,Harrison Reed,1,0,89,1.0,0.13,0.45
2025-26,102057,Raúl Jiménez Rodríguez,9,5,2183,27.0,11.58,0.9
2025-26,244042,Rodrigo Muniz Carvalho,1,1,987,10.0,3.3,0.15
2025-26,477555,Oscar Bobb,0,2,1030,11.0,1.47,2.1
2025-26,86873,Benjamin Lecomte,0,0,0,0.0,0.0,0.0
2025-26,218328,Samuel Chukwueze,3,4,1067,10.0,2.1,3.36
2025-26,560552,Kevin Santos Lopes de Macedo,1,3,1030,9.0,1.21,1.47
2025-26,631786,Jonah Kusi-Asare,0,0,49,0.0,0.0,0.07
2025-26,619536,Seth Ridgeon,0,0,0,0.0,0.0,0.0
2025-26,505079,Alfie McNally,0,0,0,0.0,0.0,0.0
2025-26,536916,Facundo Buonanotte,0,0,81,1.0,0.06,0.28
2025-26,437495,Illan Meslier,0,0,0,0.0,0.0,0.0
2025-26,97846,Alex Cairns,0,0,0,0.0,0.0,0.0
2025-26,59735,Karl Darlow,0,0,1980,22.0,0.0,0.05
2025-26,226182,Jayden Bogle,1,5,2795,32.0,2.08,3.11
2025-26,222694,Pascal Struijk,0,1,2935,33.0,3.06,0.76
2025-26,434752,Jaka Bijol,1,3,1888,21.0,0.9,0.75
2025-26,437738,Sebastiaan Bornauw,0,0,429,5.0,0.2,0.01
2025-26,113564,Sam Byram,0,0,8,0.0,0.0,0.0
2025-26,243526,Gabriel Gudmundsson,0,0,2637,31.0,1.1,2.89
2025-26,214225,Joe Rodon,2,0,2952,33.0,1.4,0.56
2025-26,492368,Isaac Schmidt,0,0,0,0.0,0.0,0.0
2025-26,427637,Brenden Aaronson,4,8,2449,30.0,4.53,3.6
2025-26,492859,Wilfried Gnonto,0,3,521,4.0,0.4,0.77
2025-26,221399,Jack Harrison,0,0,262,1.0,0.28,0.23
2025-26,200617,Daniel James,0,0,547,6.0,0.91,0.71
2025-26,199598,Ethan Ampadu,1,4,3119,35.0,2.47,2.2
2025-26,248937,Sam Greenwood,0,0,0,0.0,0.0,0.0
2025-26,486520,Ilia Gruev,0,4,1318,15.0,0.49,0.86
2025-26,433952,Largie Ramazani,0,0,0,0.0,0.0,0.0
2025-26,248056,Tanaka Ao,2,1,1307,14.0,1.44,1.39
2025-26,536119,Charlie Crew,0,0,0,0.0,0.0,0.0
2025-26,462635,Joe Gelhardt,0,0,0,0.0,0.0,0.0
2025-26,470294,Darko Gyabi,0,0,0,0.0,0.0,0.0
2025-26,235826,Joël Piroe,0,0,244,2.0,0.9,0.13
2025-26,106617,Patrick Bamford,0,0,0,0.0,0.0,0.0
2025-26,565297,Mateo Joseph Fernández-Regatillo,0,0,0,0.0,0.0,0.0
2025-26,174594,Lukas Nmecha,6,1,1065,10.0,7.25,1.58
2025-26,180135,Sean Longstaff,2,2,1003,10.0,1.23,1.87
2025-26,466525,Anton Stach,5,6,2369,28.0,2.88,4.47
2025-26,201595,Lucas Estella Perri,0,0,1440,16.0,0.0,0.0
2025-26,177815,Dominic Calvert-Lewin,14,2,2721,30.0,15.57,1.06
2025-26,435997,Noah Okafor,8,3,1553,19.0,5.25,1.32
2025-26,220627,James Justin,2,1,1893,21.0,1.83,1.16
2025-26,600882,Harry Gray,0,0,0,0.0,0.0,0.0
2025-26,565863,Sam Chambers,0,0,0,0.0,0.0,0.0
2025-26,643970,Jayden Lienou,0,0,0,0.0,0.0,0.0
2025-26,577978,Rhys Chadwick,0,0,0,0.0,0.0,0.0
2025-26,592740,Alfie Cresswell,0,0,0,0.0,0.0,0.0
2025-26,116535,Alisson Becker,0,0,2340,26.0,0.0,0.03
2025-26,449027,Giorgi Mamardashvili,0,0,867,10.0,0.0,0.0
2025-26,586268,Ármin Pécsi,0,0,0,0.0,0.0,0.0
2025-26,155503,Freddie Woodman,0,0,212,2.0,0.0,0.0
2025-26,216094,Jeremie Frimpong,0,5,1032,12.0,0.5,1.55
2025-26,544877,Milos Kerkez,2,1,2251,27.0,1.5,0.69
2025-26,122798,Andrew Robertson,1,0,1165,11.0,1.1,1.4
2025-26,97032,Virgil van Dijk,6,1,3420,38.0,3.77,1.44
2025-26,204716,Ibrahima Konaté,1,0,3090,36.0,1.19,0.98
2025-26,492777,Conor Bradley,0,2,928,12.0,0.18,0.84
2025-26,171287,Joe Gomez,0,2,594,7.0,0.28,0.64
2025-26,214285,Konstantinos Tsimikas,0,0,0,0.0,0.0,0.0
2025-26,611926,Amara Nallo,0,0,0,0.0,0.0,0.0
2025-26,219937,Rhys Williams,0,0,0,0.0,0.0,0.0
2025-26,489580,Calvin Ramsay,0,0,0,0.0,0.0,0.0
2025-26,118748,Mohamed Salah,7,7,2144,23.0,8.23,5.44
2025-26,494595,Florian Wirtz,5,4,2374,27.0,6.83,5.14
2025-26,244731,Luis Díaz Marulanda,0,0,0,0.0,0.0,0.0
2025-26,243298,Cody Gakpo,7,5,2736,32.0,8.35,4.67
2025-26,223541,Federico Chiesa,2,1,317,1.0,1.45,0.61
2025-26,243016,Alexis Mac Allister,2,5,2654,31.0,3.89,1.69
2025-26,424876,Dominik Szoboszlai,6,7,3232,36.0,4.76,6.83
2025-26,206915,Curtis Jones,1,3,1923,18.0,2.21,2.77
2025-26,441266,Ryan Gravenberch,5,5,2991,34.0,1.89,2.26
2025-26,158983,Endo Wataru,0,1,170,1.0,0.04,0.05
2025-26,535928,Stefan Bajčetić Maquieira,0,0,0,0.0,0.0,0.0
2025-26,491501,James McConnell,0,0,0,0.0,0.0,0.0
2025-26,440148,Tyler Morton,0,0,0,0.0,0.0,0.0
2025-26,591386,Trey Nyoni,0,0,21,0.0,0.37,0.02
2025-26,447203,Darwin Núñez Ribeiro,0,0,0,0.0,0.0,0.0
2025-26,500058,Jayden Danns,0,0,0,0.0,0.0,0.0
2025-26,219168,Alexander Isak,3,1,694,8.0,2.59,0.08
2025-26,510663,Hugo Ekitiké,11,4,1797,21.0,10.1,2.45
2025-26,611922,Rio Ngumoha,2,1,547,5.0,1.34,2.01
2025-26,647681,Giovanni Leoni,0,0,0,0.0,0.0,0.0
2025-26,596042,Kieran Morrison,0,0,0,0.0,0.0,0.0
2025-26,519440,Wellity Lucky,0,0,0,0.0,0.0,0.0
2025-26,677945,Will Wright,0,0,0,0.0,0.0,0.0
2025-26,718875,Talla Ndiaye,0,0,0,0.0,0.0,0.0
2025-26,437730,Antoine Semenyo,17,6,3200,37.0,11.1,3.12
2025-26,432720,James Trafford,0,0,360,4.0,0.0,0.0
2025-26,209036,Marc Guéhi,3,5,3150,35.0,4.05,2.37
2025-26,121160,Ederson Santana de Moraes,0,0,0,0.0,0.0,0.0
2025-26,122074,Marcus Bettinelli,0,0,0,0.0,0.0,0.0
2025-26,448514,Rayan Aït-Nouri,0,2,971,12.0,0.53,2.01
2025-26,477424,Joško Gvardiol,2,2,1370,16.0,2.25,0.7
2025-26,211975,Manuel Akanji,0,0,0,0.0,0.0,0.0
2025-26,126184,Nathan Aké,0,0,686,6.0,0.72,0.53
2025-26,578153,Abdukodir Khusanov,0,0,1427,15.0,0.65,1.21
2025-26,465351,Matheus Nunes,1,8,2861,32.0,0.34,2.23
2025-26,171314,Rúben dos Santos Gato Alves Dias,2,0,2139,24.0,0.57,0.65
2025-26,97299,John Stones,0,0,436,5.0,0.0,0.09
2025-26,477064,Rico Lewis,0,1,401,4.0,0.19,1.39
2025-26,472769,Nico O'Reilly,5,4,2643,29.0,6.12,2.67
2025-26,616222,Vitor de Oliveira Nunes dos Reis,0,0,0,0.0,0.0,0.0
2025-26,438234,Omar Marmoush,3,3,691,8.0,2.78,0.77
2025-26,209244,Phil Foden,7,5,2078,23.0,6.03,4.76
2025-26,510281,Sávio Moreira de Oliveira,1,2,817,7.0,2.5,1.59
2025-26,165809,Bernardo Mota Veiga de Carvalho e Silva,2,4,2869,34.0,2.71,4.11
2025-26,466052,Rayan Cherki,4,13,1772,19.0,4.28,8.87
2025-26,248875,Jérémy Doku,5,8,1773,19.0,2.87,5.86
2025-26,59859,İlkay Gündoğan,0,0,0,0.0,0.0,0.0
2025-26,220566,Rodrigo 'Rodri' Hernandez Cascante,1,1,1510,17.0,1.15,2.45
2025-26,91651,Mateo Kovačić,0,1,125,1.0,0.13,0.42
2025-26,465694,Nico González Iglesias,1,0,1561,17.0,0.68,1.12
2025-26,575204,Claudio Echeverri,0,0,0,0.0,0.0,0.0
2025-26,433036,Tijjani Reijnders,5,3,1623,19.0,4.61,2.35
2025-26,566164,Sverre Nypan,0,0,0,0.0,0.0,0.0
2025-26,155405,Kalvin Phillips,0,0,0,0.0,0.0,0.0
2025-26,223094,Erling Haaland,27,8,2953,34.0,25.5,2.67
2025-26,204936,Gianluigi Donnarumma,0,0,3060,34.0,0.0,0.13
2025-26,590039,Divine Mukasa,0,0,25,0.0,0.0,0.21
2025-26,566213,Stephen Mfuni,0,0,0,0.0,0.0,0.0
2025-26,616288,Ryan McAidoo,0,0,0,0.0,0.0,0.0
2025-26,516234,Charlie Gray,0,0,0,0.0,0.0,0.0
2025-26,580921,Reigan Heskey,0,0,0,0.0,0.0,0.0
2025-26,494307,Max Alleyne,0,0,135,2.0,0.26,0.06
2025-26,446008,Bryan Mbeumo,11,3,2611,31.0,11.98,4.99
2025-26,451302,Altay Bayındır,0,0,540,6.0,0.0,0.05
2025-26,202641,André Onana,0,0,0,0.0,0.0,0.0
2025-26,588555,Elyh Harrison,0,0,0,0.0,0.0,0.0
2025-26,21205,Tom Heaton,0,0,0,0.0,0.0,0.0
2025-26,461537,Dermot Mee,0,0,0,0.0,0.0,0.0
2025-26,209365,Matthijs de Ligt,1,0,1170,13.0,1.38,0.83
2025-26,221820,Lisandro Martínez,0,0,1229,13.0,0.15,0.6
2025-26,230001,Noussair Mazraoui,0,0,977,11.0,0.19,0.35
2025-26,661712,Diego León Blanco,0,0,0,0.0,0.0,0.0
2025-26,216051,Diogo Dalot Teixeira,1,6,2609,29.0,1.93,2.57
2025-26,596777,Patrick Dorgu,4,4,1440,15.0,2.39,1.84
2025-26,95658,Harry Maguire,1,2,1649,19.0,1.12,0.5
2025-26,106760,Luke Shaw,1,1,3220,38.0,0.72,1.98
2025-26,550864,Leny Yoro,0,1,1730,18.0,1.34,0.59
2025-26,577974,Harry Amass,0,0,0,0.0,0.0,0.0
2025-26,547676,Tyler Fredricson,0,0,2,0.0,0.0,0.0
2025-26,606745,Ayden Heaven,0,1,920,11.0,0.34,0.18
2025-26,222690,Tyrell Malacia,0,0,15,0.0,0.0,0.0
2025-26,141746,Bruno Borges Fernandes,9,24,3065,35.0,10.79,12.28
2025-26,430871,Matheus Santos Carneiro da Cunha,10,4,2493,29.0,6.9,3.36
2025-26,176297,Marcus Rashford,0,0,0,0.0,0.0,0.0
2025-26,493250,Amad Diallo,2,5,2339,27.0,5.46,4.74
2025-26,467169,Antony dos Santos,0,0,0,0.0,0.0,0.0
2025-26,184341,Mason Mount,3,0,1010,12.0,1.56,1.62
2025-26,61256,Carlos Henrique Casimiro,9,4,2575,33.0,5.44,3.17
2025-26,516895,Kobbie Mainoo,1,2,1653,16.0,0.48,1.27
2025-26,232112,Manuel Ugarte Ribeiro,0,0,876,8.0,0.72,0.16
2025-26,490881,Toby Collyer,0,0,0,0.0,0.0,0.0
2025-26,556639,Jayce Fitzgerald,0,0,0,0.0,0.0,0.0
2025-26,547037,Jack Fletcher,0,0,107,0.0,0.03,0.02
2025-26,618873,Sékou Koné,0,0,0,0.0,0.0,0.0
2025-26,559684,Jack Moorhouse,0,0,0,0.0,0.0,0.0
2025-26,497894,Rasmus Højlund,0,0,0,0.0,0.0,0.0
2025-26,458249,Joshua Zirkzee,2,1,607,5.0,2.74,0.34
2025-26,596047,Chido Obi,0,0,0,0.0,0.0,0.0
2025-26,575034,Ethan Wheatley,0,0,0,0.0,0.0,0.0
2025-26,485711,Benjamin Sesko,11,2,1630,17.0,9.21,0.28
2025-26,465247,Senne Lammens,0,0,2880,32.0,0.0,0.0
2025-26,576628,Shea Lacey,0,0,40,0.0,0.1,0.01
2025-26,576620,Bendito Mantato,0,0,15,0.0,0.0,0.01
2025-26,519913,Tyler Fletcher,0,0,17,0.0,0.0,0.01
2025-26,576637,Godwill Kukonki,0,0,0,0.0,0.0,0.0
2025-26,576634,Jim Thwaites,0,0,0,0.0,0.0,0.0
2025-26,232653,Jacob Ramsey,2,3,1441,15.0,1.2,1.45
2025-26,216646,Yoane Wissa,1,1,517,4.0,3.13,0.54
2025-26,98747,Nick Pope,0,1,2416,27.0,0.16,0.0
2025-26,81441,Mark Gillespie,0,0,0,0.0,0.0,0.0
2025-26,111452,Odysseas Vlachodimos,0,0,0,0.0,0.0,0.0
2025-26,487838,Lewis Hall,1,2,2176,24.0,1.01,2.78
2025-26,119471,Fabian Schär,0,0,1089,11.0,0.97,0.6
2025-26,220237,Sven Botman,1,1,1834,21.0,1.73,0.86
2025-26,78916,Dan Burn,1,3,2195,25.0,1.08,0.36
2025-26,441191,Tino Livramento,0,1,1326,14.0,0.13,0.89
2025-26,77794,Kieran Trippier,0,1,1586,18.0,0.08,2.06
2025-26,111773,Emil Krafth,0,0,45,1.0,0.0,0.0
2025-26,101148,Jamaal Lascelles,0,0,19,0.0,0.04,0.0
2025-26,545477,Alex Murphy,0,0,7,0.0,0.0,0.0
2025-26,441024,Harrison Ashby,0,0,0,0.0,0.0,0.0
2025-26,578512,Miodrag Pivaš,0,0,0,0.0,0.0,0.0
2025-26,169359,Matt Targett,0,0,0,0.0,0.0,0.0
2025-26,232826,Anthony Gordon,6,4,1798,24.0,8.77,3.38
2025-26,449434,Anthony Elanga,0,1,1302,14.0,1.65,1.74
2025-26,201666,Harvey Barnes,7,1,1951,19.0,6.84,2.72
2025-26,208706,Bruno Guimarães Rodriguez Moura,9,7,2456,27.0,5.59,4.96
2025-26,114243,Jacob Murphy,3,2,1606,19.0,3.07,2.66
2025-26,180974,Joelinton Cássio Apolinário de Lira,2,1,1950,23.0,2.36,1.35
2025-26,432422,Sandro Tonali,0,2,2534,31.0,1.75,2.87
2025-26,640108,Antoñito Cordero Campillo,0,0,0,0.0,0.0,0.0
2025-26,200089,Joe Willock,0,2,972,10.0,1.26,1.07
2025-26,153127,Isaac Hayden,0,0,0,0.0,0.0,0.0
2025-26,564510,Garang Kuol,0,0,0,0.0,0.0,0.0
2025-26,547719,Lewis Miley,1,4,1493,15.0,1.36,2.1
2025-26,461484,Joe White,0,0,0,0.0,0.0,0.0
2025-26,538207,William Osula,7,1,805,8.0,4.28,0.62
2025-26,599303,Sean Neave,0,0,13,0.0,0.03,0.0
2025-26,225321,Aaron Ramsdale,0,0,1003,11.0,0.0,0.0
2025-26,465642,Malick Thiaw,4,0,2963,33.0,4.8,0.96
2025-26,623110,Seung-Soo Park,0,0,0,0.0,0.0,0.0
2025-26,470313,Nick Woltemade,8,4,1896,24.0,6.59,1.53
2025-26,19236,John Ruddy,0,0,0,0.0,0.0,0.0
2025-26,553746,Leo Shahar,0,0,0,0.0,0.0,0.0
2025-26,666607,Sam Alabi,0,0,0,0.0,0.0,0.0
2025-26,206325,Oleksandr Zinchenko,0,0,352,4.0,0.07,0.36
2025-26,88248,Stefan Ortega Moreno,0,0,270,3.0,0.0,0.01
2025-26,432714,James McAtee,0,1,288,2.0,0.18,0.37
2025-26,85633,Matz Sels,0,0,2667,30.0,0.0,0.06
2025-26,475123,Carlos Miguel dos Santos Pereira,0,0,0,0.0,0.0,0.0
2025-26,224068,Matt Turner,0,0,0,0.0,0.0,0.0
2025-26,227444,Nikola Milenković,0,1,3375,37.0,0.83,0.68
2025-26,575476,Murillo Costa dos Santos,1,0,2130,25.0,0.73,0.47
2025-26,159506,Ola Aina,0,2,1587,18.0,0.41,0.84
2025-26,215136,Neco Williams,2,3,3203,36.0,2.01,3.97
2025-26,451432,David Mota Veiga Teixeira do Carmo,0,0,0,0.0,0.0,0.0
2025-26,575458,Jair Paula da Cunha Filho,0,0,514,6.0,0.27,0.06
2025-26,485047,Felipe Rodrigues da Silva,1,0,1340,14.0,1.32,0.15
2025-26,204822,Omar Richards,0,0,0,0.0,0.0,0.0
2025-26,549067,Zach Abbott,0,0,165,2.0,0.0,0.01
2025-26,90585,Willy Boly,0,0,0,0.0,0.0,0.0
2025-26,222531,Morgan Gibbs-White,15,4,3101,35.0,10.81,2.91
2025-26,209046,Callum Hudson-Odoi,3,4,1838,21.0,2.77,3.02
2025-26,215379,Elliot Anderson,4,5,3332,37.0,2.94,4.79
2025-26,510500,João Pedro Ferreira da Silva,0,0,11,0.0,0.0,0.0
2025-26,250199,Nicolás Domínguez,1,1,1168,17.0,1.47,0.77
2025-26,243345,Lewis O'Brien,0,0,0,0.0,0.0,0.0
2025-26,210462,Ibrahim Sangaré,2,2,2073,25.0,1.16,1.8
2025-26,204968,Ryan Yates,0,2,602,2.0,0.49,0.37
2025-26,569014,Eric da Silva Moreira,0,0,0,0.0,0.0,0.0
2025-26,495161,Marko Stamenić,0,0,0,0.0,0.0,0.0
2025-26,60689,Chris Wood,3,0,896,11.0,4.29,0.32
2025-26,482973,Igor Jesus Maciel da Cruz,6,6,2293,28.0,6.48,1.26
2025-26,210156,Taiwo Awoniyi,4,2,480,3.0,3.68,0.77
2025-26,456512,Dan Ndoye,1,2,1167,14.0,1.05,1.51
2025-26,107265,Angus Gunn,0,0,45,0.0,0.0,0.0
2025-26,503301,Omari Hutchinson,1,7,1676,17.0,2.01,3.87
2025-26,465680,Arnaud Kalimuendo,0,0,89,0.0,0.44,0.02
2025-26,221389,John Victor Maciel Furtado,0,0,437,5.0,0.0,0.0
2025-26,500151,Nicolò Savona,2,0,1025,11.0,1.34,0.45
2025-26,560441,Luis Eduardo Soares da Silva,0,0,0,0.0,0.0,0.0
2025-26,476887,Dilane Bakwa,0,2,549,6.0,0.54,1.01
2025-26,469130,Lorenzo Lucca,1,0,126,1.0,0.79,0.01
2025-26,470315,Luca Netz,0,0,353,3.0,0.0,0.41
2025-26,568159,Archie Whitehall,0,0,0,0.0,0.0,0.0
2025-26,590040,Jimmy Sinclair,0,0,0,0.0,0.0,0.0
2025-26,687076,Lamin Sillah,0,0,0,0.0,0.0,0.0
2025-26,232571,Anthony Patterson,0,0,0,0.0,0.0,0.0
2025-26,74854,Simon Moore,0,0,0,0.0,0.0,0.0
2025-26,490000,Blondy Nna Noukeu,0,0,0,0.0,0.0,0.0
2025-26,223827,Daniel Ballard,2,2,2144,24.0,2.46,0.63
2025-26,487676,Trai Hume,2,1,3032,34.0,2.27,2.05
2025-26,220684,Aji Alese,0,0,0,0.0,0.0,0.0
2025-26,232820,Joe Anderson,0,0,0,0.0,0.0,0.0
2025-26,461195,Dennis Cirkin,0,0,319,3.0,0.08,0.02
2025-26,477547,Leo Fuhr Hjelde,0,0,0,0.0,0.0,0.0
2025-26,492066,Niall Huggins,0,0,0,0.0,0.0,0.0
2025-26,514613,Zak Johnson,0,0,0,0.0,0.0,0.0
2025-26,167512,Luke O'Nien,0,1,565,5.0,0.15,0.13
2025-26,465702,Timothée Pembélé,0,0,0,0.0,0.0,0.0
2025-26,434399,Reinildo Mandava,0,2,1966,23.0,0.13,0.62
2025-26,519634,Jenson Seelt,0,0,133,1.0,0.0,0.01
2025-26,535818,Simon Adingra,1,1,649,9.0,0.35,0.62
2025-26,547027,Habib Diarra,2,6,1403,15.0,3.27,0.85
2025-26,124165,Patrick Roberts,0,0,27,0.0,0.03,0.02
2025-26,626844,Milan Aleksić,0,0,0,0.0,0.0,0.0
2025-26,484420,Enzo Le Fée,5,6,2930,33.0,5.22,5.95
2025-26,461199,Romaine Mundle,0,0,399,2.0,0.87,0.48
2025-26,223336,Dan Neil,0,0,13,0.0,0.0,0.0
2025-26,215460,Ian Poveda-Ocampo,0,0,0,0.0,0.0,0.0
2025-26,554197,Chris Rigg,1,1,758,11.0,0.86,0.93
2025-26,577669,Noah Sadiki,0,2,2891,33.0,1.43,1.46
2025-26,549912,Chemsdine Talbi,4,2,1553,16.0,2.13,1.18
2025-26,477851,Abdoullah Ba,0,0,0,0.0,0.0,0.0
2025-26,171422,Alan Browne,0,0,0,0.0,0.0,0.0
2025-26,458297,Pierre Ekwah Elimby,0,0,0,0.0,0.0,0.0
2025-26,547410,Harrison Jones,0,0,0,0.0,0.0,0.0
2025-26,493837,Jay Matete,0,0,0,0.0,0.0,0.0
2025-26,500696,Nectarios Triantis,0,0,0,0.0,0.0,0.0
2025-26,437505,Wilson Isidor,6,1,1148,11.0,4.7,0.38
2025-26,564406,Eliezer Mayenda Dossou,2,0,751,8.0,2.13,0.22
2025-26,611975,Ahmed Abdullahi,0,0,0,0.0,0.0,0.0
2025-26,551153,Luís Hemir Silva Semedo,0,0,0,0.0,0.0,0.0
2025-26,440955,Nazarii Rusyn,0,0,0,0.0,0.0,0.0
2025-26,84450,Granit Xhaka,1,6,2901,32.0,1.01,3.73
2025-26,498016,Robin Roefs,0,0,3150,35.0,0.0,0.1
2025-26,105717,Arthur Masuaku,0,0,125,2.0,0.07,0.08
2025-26,201895,Omar Alderete,1,1,2797,32.0,1.62,0.91
2025-26,200834,Nordi Mukiele,3,5,2784,32.0,1.62,2.65
2025-26,247955,Lutsharel Geertruida,0,0,1681,17.0,0.79,0.85
2025-26,441264,Brian Brobbey,7,2,1920,22.0,6.02,0.67
2025-26,110504,Bertrand Traoré,1,1,634,9.0,0.48,0.25
2025-26,232356,Jenson Jones,0,0,0,0.0,0.0,0.0
2025-26,604211,Tymur Tutierov,0,0,0,0.0,0.0,0.0
2025-26,699989,Djiamgone Jocelin Ta Bi,0,0,38,1.0,0.0,0.04
2025-26,515046,Melker Ellborg,0,0,270,3.0,0.0,0.02
2025-26,536661,Nilson Angulo,0,0,401,5.0,0.77,0.12
2025-26,570929,Jack Whittaker,0,0,0,0.0,0.0,0.0
2025-26,571087,Jaydon Jones,0,0,0,0.0,0.0,0.0
2025-26,184254,Guglielmo Vicario,0,0,2790,31.0,0.0,0.04
2025-26,214572,Brandon Austin,0,0,0,0.0,0.0,0.0
2025-26,485055,Antonín Kinský,0,0,630,7.0,0.0,0.0
2025-26,441164,Pedro Porro Sauceda,1,3,2793,32.0,1.05,4.37
2025-26,221632,Cristian Romero,4,1,1869,22.0,1.39,1.25
2025-26,135720,Kevin Danso,0,0,1489,17.0,0.62,0.28
2025-26,115556,Ben Davies,1,0,136,2.0,0.49,0.07
2025-26,493125,Radu Drăgușin,0,0,515,5.0,0.31,0.01
2025-26,232859,Djed Spence,0,0,2049,23.0,0.9,1.77
2025-26,487053,Destiny Udogie,0,1,1335,14.0,0.18,0.72
2025-26,491279,Micky van de Ven,4,1,3041,35.0,2.82,0.38
2025-26,548308,Ashley Phillips,0,0,0,0.0,0.0,0.0
2025-26,553299,Takai Kōta,0,0,0,0.0,0.0,0.0
2025-26,610799,Luka Vušković,0,0,0,0.0,0.0,0.0
2025-26,85971,Son Heung-min,0,0,0,0.0,0.0,0.0
2025-26,172780,James Maddison,0,0,34,0.0,0.21,0.06
2025-26,460842,Mohammed Kudus,2,6,1535,19.0,1.92,2.41
2025-26,445044,Dejan Kulusevski,0,0,0,0.0,0.0,0.0
2025-26,511499,Mathys Tel,4,2,1334,13.0,2.47,2.43
2025-26,202993,Rodrigo Bentancur,1,1,1880,23.0,0.72,0.84
2025-26,570526,Lucas Bergvall,1,3,955,11.0,1.23,0.43
2025-26,227127,Yves Bissouma,0,0,600,7.0,0.36,0.1
2025-26,550839,Wilson Odobert,0,2,972,10.0,1.92,1.21
2025-26,235674,Manor Solomon,0,0,0,0.0,0.0,0.0
2025-26,436234,Bryan Gil Salvatierra,0,0,0,0.0,0.0,0.0
2025-26,547701,Archie Gray,2,2,1471,18.0,1.5,1.29
2025-26,499721,Mikey Moore,0,0,0,0.0,0.0,0.0
2025-26,482442,Pape Matar Sarr,2,4,1388,13.0,1.63,1.11
2025-26,623095,Yang Min-hyeok,0,0,0,0.0,0.0,0.0
2025-26,499726,Callum Olusesi,0,0,14,0.0,0.0,0.01
2025-26,154566,Dominic Solanke-Mitchell,3,0,997,11.0,2.97,0.34
2025-26,212319,Richarlison de Andrade,11,4,1954,20.0,8.64,1.46
2025-26,552427,Will Lankshear,0,0,0,0.0,0.0,0.0
2025-26,490145,Dane Scarlett,0,0,7,0.0,0.0,0.01
2025-26,154296,João Maria Lobo Alves Palhares Costa Palhinha Gonçalves,5,3,2192,23.0,2.72,0.65
2025-26,493362,Xavi Simons,2,5,1747,19.0,3.06,3.85
2025-26,247693,Randal Kolo Muani,1,1,1655,21.0,2.07,1.63
2025-26,640419,Jun'ai Byfield,0,0,1,0.0,0.0,0.0
2025-26,499716,James Rowswell,0,0,1,0.0,0.0,0.0
2025-26,590035,Yusuf Akhamrich,0,0,0,0.0,0.0,0.0
2025-26,611917,Lucá Williams-Barnett,0,0,0,0.0,0.0,0.0
2025-26,232787,Conor Gallagher,1,1,1183,14.0,1.23,0.7
2025-26,616221,João Victor de Souza Menezes,0,0,142,2.0,0.02,0.03
2025-26,536134,Rio Kyerematen,0,0,0,0.0,0.0,0.0
2025-26,613232,James Wilson,0,0,0,0.0,0.0,0.0
2025-26,159533,Adama Traoré Diarra,0,0,376,1.0,0.69,0.57
2025-26,84182,Alphonse Areola,0,1,1800,20.0,0.0,0.0
2025-26,82143,Wes Foderingham,0,0,0,0.0,0.0,0.0
2025-26,483364,Krisztián Hegyi,0,0,0,0.0,0.0,0.0
2025-26,613804,El Hadji Malick Diouf,0,6,2706,30.0,0.57,2.51
2025-26,109533,Emerson Palmieri dos Santos,0,0,0,0.0,0.0,0.0
2025-26,214048,Maximilian Kilman,0,0,1559,17.0,0.56,0.25
2025-26,233963,Konstantinos Mavropanos,3,0,2532,27.0,2.47,0.7
2025-26,210494,Nayef Aguerd,0,0,180,2.0,0.1,0.03
2025-26,536109,Ollie Scarles,0,1,656,9.0,0.18,0.32
2025-26,462116,Jean-Clair Todibo,0,1,1817,22.0,0.25,0.32
2025-26,214590,Aaron Wan-Bissaka,0,3,2080,23.0,0.0,1.0
2025-26,518438,Kaelan Casey,0,0,0,0.0,0.0,0.0
2025-26,224024,Lucas Tolentino Coelho de Lima,4,2,1513,18.0,2.85,2.0
2025-26,215439,Tomáš Souček,5,2,2190,24.0,5.73,0.52
2025-26,450070,Crysencio Summerville,5,4,2470,29.0,5.43,3.35
2025-26,213999,Edson Álvarez Velázquez,0,0,0,0.0,0.0,0.0
2025-26,149519,Maxwel Cornet,0,0,0,0.0,0.0,0.0
2025-26,197024,Guido Rodríguez,0,0,175,2.0,0.03,0.04
2025-26,577114,Luis Guilherme Lira dos Santos,0,0,121,1.0,0.07,0.03
2025-26,490885,George Earthy,0,0,8,0.0,0.0,0.01
2025-26,229384,Andy Irving,0,0,156,2.0,0.0,0.17
2025-26,518442,Lewis Orford,0,0,0,0.0,0.0,0.0
2025-26,490142,Freddie Potts,0,1,1162,12.0,0.21,1.06
2025-26,178186,Jarrod Bowen,9,13,3406,38.0,7.22,5.21
2025-26,91889,Niclas Füllkrug,0,0,407,5.0,0.93,0.21
2025-26,565431,Callum Marshall,0,0,58,0.0,0.13,0.0
2025-26,158534,Kyle Walker-Peters,1,0,1378,15.0,1.13,0.37
2025-26,75115,Callum Wilson,7,2,1234,11.0,7.6,0.54
2025-26,467189,Mads Hermansen,0,1,1620,18.0,0.0,0.01
2025-26,551226,Mateus Gonçalo Espanha Fernandes,3,4,3017,35.0,1.99,2.96
2025-26,564940,Soungoutou Magassa,1,0,971,11.0,0.44,0.32
2025-26,37096,Lukasz Fabianski,0,0,0,0.0,0.0,0.0
2025-26,602903,Ezra Mayers,0,0,113,0.0,0.12,0.49
2025-26,643473,Airidas Golambeckis,0,0,0,0.0,0.0,0.0
2025-26,630699,Mohamadou Kanté,0,0,67,0.0,0.07,0.04
2025-26,530335,Pablo Felipe Pereira de Jesus,0,1,819,10.0,1.05,1.11
2025-26,247670,Valentín Castellanos,6,1,1384,17.0,5.75,0.81
2025-26,572702,Keiber Lamadrid,0,0,0,0.0,0.0,0.0
2025-26,220362,Axel Disasi,0,0,1254,14.0,1.1,0.03
2025-26,553742,Finlay Herrick,0,0,0,0.0,0.0,0.0
2025-26,101982,Sam Johnstone,0,0,1080,12.0,0.0,0.02
2025-26,149065,José Malheiro de Sá,0,0,2070,23.0,0.0,0.04
2025-26,79602,Daniel Bentley,0,0,270,3.0,0.0,0.0
2025-26,516939,Emmanuel Agbadou,0,0,1100,12.0,0.57,0.4
2025-26,87835,Matt Doherty,0,0,786,11.0,0.09,0.19
2025-26,490721,Hugo Bueno López,1,3,2359,26.0,0.86,3.49
2025-26,501837,Yerson Mosquera Valdelamar,0,0,2137,24.0,2.51,0.62
2025-26,483081,Rodrigo Martins Gomes,3,0,954,9.0,2.13,0.39
2025-26,231480,Santiago Ignacio Bueno,3,2,2552,28.0,2.28,1.45
2025-26,510362,Toti Gomes,0,0,1423,17.0,0.53,0.29
2025-26,441271,Ki-Jana Hoever,0,0,423,6.0,0.02,0.36
2025-26,560248,Bastien Meupiyou Menadjou,0,0,0,0.0,0.0,0.0
2025-26,641221,Pedro Cardoso de Lima,0,0,257,3.0,0.35,0.37
2025-26,517179,Alfie Pond,0,0,0,0.0,0.0,0.0
2025-26,184754,Hwang Hee-chan,2,2,1439,18.0,2.37,1.57
2025-26,509291,André Trindade da Costa Neto,1,0,2760,30.0,0.52,0.99
2025-26,231057,Jean-Ricner Bellegarde,1,1,1239,15.0,1.04,1.06
2025-26,643135,Fer López González,0,1,228,2.0,0.16,0.61
2025-26,448089,João Victor Gomes da Silva,1,2,2829,32.0,1.29,2.09
2025-26,181284,Gonçalo Manuel Ganchinho Guedes,0,0,0,0.0,0.0,0.0
2025-26,433312,Marshall Munetsi,1,2,872,9.0,1.64,0.38
2025-26,476502,Boubacar Traoré,0,0,0,0.0,0.0,0.0
2025-26,497606,Tawanda Chirewa,0,0,25,0.0,0.0,0.0
2025-26,596054,Tom Edozie,1,0,12,0.0,0.23,0.0
2025-26,593001,Enso González Medina,0,0,0,0.0,0.0,0.0
2025-26,240299,Joe Hodge,0,0,0,0.0,0.0,0.0
2025-26,449988,Fábio Soares Silva,0,0,0,0.0,0.0,0.0
2025-26,429414,Saša Kalajdžić,0,0,14,0.0,0.0,0.01
2025-26,589507,Leon Chiwome,0,0,0,0.0,0.0,0.0
2025-26,531363,Nathan Fraser,0,0,0,0.0,0.0,0.0
2025-26,230376,Jhon Arias,1,0,1117,14.0,3.38,0.62
2025-26,497949,David Møller Wolfe,0,2,1042,11.0,0.13,1.09
2025-26,523705,Jackson Tchatchoua,0,1,1834,19.0,0.33,1.6
2025-26,431248,Ladislav Krejcí,2,2,2356,27.0,2.23,1.49
2025-26,488213,Tolu Arokodare,3,2,1402,13.0,5.49,0.39
2025-26,647671,Mateus Mané,3,2,1787,19.0,2.01,3.69
2025-26,601956,Saheed Olagunju,0,0,0,0.0,0.0,0.0
2025-26,605319,Luke Rawlings,0,0,0,0.0,0.0,0.0
2025-26,514362,Temple Ojinnaka,0,0,0,0.0,0.0,0.0
2025-26,589121,Ethan Sutherland,0,0,0,0.0,0.0,0.0
2025-26,685628,Jerome Abbey,0,0,16,0.0,0.0,0.0
2025-26,209041,Angel Gomes,0,0,457,7.0,0.25,0.28
2025-26,155511,Adam Armstrong,2,2,1141,14.0,2.77,0.85
2025-26,491460,Alfie Brooks,0,0,0,0.0,0.0,0.0
2025-26,627888,Josh Gracey,0,0,0,0.0,0.0,0.0
