season,player_code,player_name,minutes,goals,assists,appearances,starts,xg,xa
2016-17,200964,Aarón Escandell,0,0.0,0.0,0.0,0.0,0.0,0.0
2016-17,242007,Aarón Martín,0,0.0,0.0,30.0,28.0,0.0,0.0
2016-17,240233,Achraf Hakimi,0,0.0,0.0,0.0,0.0,0.0,0.0
2016-17,192090,Adalberto Peñaranda,0,0.0,0.0,3.0,1.0,0.0,0.0
2016-17,184036,Aderlan Santos,0,0.0,0.0,12.0,11.0,0.0,0.0
2016-17,98688,Adil Rami,0,0.0,0.0,21.0,21.0,0.0,0.0
2016-17,165665,Adrià Ortolá,0,0.0,0.0,2.0,2.0,0.0,0.0
2016-17,86821,Adrián,0,2.0,1.0,15.0,7.0,0.0,0.0
2016-17,93383,Adrián,0,7.0,1.0,28.0,19.0,0.0,0.0
2016-17,210228,Adrián Marín,0,0.0,0.0,13.0,11.0,0.0,0.0
2016-17,70667,Adrián Ramos,0,4.0,1.0,14.0,13.0,0.0,0.0
2016-17,229392,Aitor Cantalapiedra,0,0.0,0.0,1.0,0.0,0.0,0.0
2016-17,251452,Aitor Lorea,0,0.0,0.0,0.0,0.0,0.0,0.0
2016-17,219258,Akram Afif,0,0.0,0.0,9.0,2.0,0.0,0.0
2016-17,169805,Alberto,0,0.0,0.0,16.0,14.0,0.0,0.0
2016-17,104986,Alberto Bueno,0,2.0,3.0,24.0,8.0,0.0,0.0
2016-17,121636,Alberto Lora,0,0.0,0.0,7.0,4.0,0.0,0.0
2016-17,250677,Alberto Rodríguez,0,0.0,0.0,0.0,0.0,0.0,0.0
2016-17,143030,Aleix Vidal,0,2.0,2.0,6.0,5.0,0.0,0.0
2016-17,143641,Alejandro Arribas,0,0.0,0.0,23.0,20.0,0.0,0.0
2016-17,214332,Alejandro García Fernández,0,0.0,0.0,0.0,0.0,0.0,0.0
2016-17,169539,Alejandro Gálvez,0,0.0,0.0,19.0,14.0,0.0,0.0
2016-17,250756,Alejandro Mula,0,0.0,0.0,0.0,0.0,0.0,0.0
2016-17,22315,Alejandro Pozo,0,0.0,0.0,0.0,0.0,0.0,0.0
2016-17,174981,Aleksandar Katai,0,3.0,3.0,20.0,8.0,0.0,0.0
2016-17,179195,Alen Halilovic,0,0.0,2.0,18.0,6.0,0.0,0.0
2016-17,41848,Alessio Cerci,0,0.0,0.0,1.0,0.0,0.0,0.0
2016-17,250669,Alex Guanche,0,0.0,0.0,0.0,0.0,0.0,0.0
2016-17,175071,Alexander Szymanowski,0,8.0,2.0,28.0,24.0,0.0,0.0
2016-17,24903,Alexis,0,2.0,1.0,24.0,19.0,0.0,0.0
2016-17,153978,Alin Tosca,0,0.0,0.0,17.0,17.0,0.0,0.0
2016-17,228561,Aly Mallé,0,0.0,0.0,11.0,6.0,0.0,0.0
2016-17,150806,Anaitz Arbilla,0,0.0,2.0,22.0,17.0,0.0,0.0
2016-17,206475,Ander Bardaji,0,0.0,0.0,0.0,0.0,0.0,0.0
2016-17,180289,Ander Capa,0,0.0,3.0,31.0,29.0,0.0,0.0
2016-17,124635,Ander Iturraspe,0,0.0,1.0,24.0,12.0,0.0,0.0
2016-17,210143,Andreas Pereira,0,5.0,3.0,35.0,34.0,0.0,0.0
2016-17,135294,Andreu Fontàs,0,1.0,1.0,17.0,17.0,0.0,0.0
2016-17,213491,Andrew Hjulsager,0,1.0,0.0,7.0,3.0,0.0,0.0
2016-17,175108,André Gomes,0,3.0,1.0,30.0,17.0,0.0,0.0
2016-17,87043,André Moreira,0,0.0,0.0,0.0,0.0,0.0,0.0
2016-17,87897,Andrés Fernández,0,0.0,0.0,15.0,14.0,0.0,0.0
2016-17,17566,Andrés Iniesta,0,0.0,3.0,23.0,13.0,0.0,0.0
2016-17,176659,Andrés Prieto,0,0.0,0.0,0.0,0.0,0.0,0.0
2016-17,140416,Antoine Griezmann,0,16.0,8.0,36.0,36.0,0.0,0.0
2016-17,101871,Antonio Adán,0,0.0,0.0,37.0,37.0,0.0,0.0
2016-17,255386,Antonio Cristian,0,0.0,0.0,0.0,0.0,0.0,0.0
2016-17,147501,Antonio Luna,0,1.0,5.0,26.0,24.0,0.0,0.0
2016-17,252541,Antonio Moya,0,0.0,0.0,0.0,0.0,0.0,0.0
2016-17,113725,Antonio Rukavina,0,0.0,0.0,4.0,3.0,0.0,0.0
2016-17,192162,Antonio Sanabria,0,4.0,1.0,22.0,16.0,0.0,0.0
2016-17,86565,Arda Turan,0,3.0,3.0,18.0,14.0,0.0,0.0
2016-17,24285,Aritz Aduriz,0,16.0,1.0,32.0,27.0,0.0,0.0
2016-17,214742,Aritz Elustondo,0,0.0,0.0,9.0,4.0,0.0,0.0
2016-17,113123,Artem Kravets,0,5.0,2.0,26.0,16.0,0.0,0.0
2016-17,148614,Asier Illarramendi,0,1.0,2.0,34.0,33.0,0.0,0.0
2016-17,18998,Asier Riesgo,0,0.0,0.0,16.0,16.0,0.0,0.0
2016-17,75887,Augusto Fernández,0,0.0,0.0,3.0,2.0,0.0,0.0
2016-17,135390,Aymen Abdennour,0,0.0,0.0,13.0,9.0,0.0,0.0
2016-17,159317,Aymeric Laporte,0,2.0,0.0,33.0,33.0,0.0,0.0
2016-17,102982,Aythami Artiles,0,0.0,0.0,11.0,8.0,0.0,0.0
2016-17,150451,Aïssa Mandi,0,2.0,1.0,26.0,25.0,0.0,0.0
2016-17,35406,Bakary Koné,0,0.0,0.0,7.0,7.0,0.0,0.0
2016-17,149672,Bebé,0,3.0,2.0,20.0,8.0,0.0,0.0
2016-17,251906,Benito Ramírez,0,0.0,0.0,2.0,0.0,0.0,0.0
2016-17,86209,Benoît Trémoulinas,0,0.0,0.0,0.0,0.0,0.0,0.0
2016-17,62137,Bergara,0,0.0,0.0,6.0,3.0,0.0,0.0
2016-17,49909,Bernabé,0,0.0,0.0,0.0,0.0,0.0,0.0
2016-17,376223,Bernard Mensah,0,0.0,0.0,0.0,0.0,0.0,0.0
2016-17,85300,Beñat ,0,1.0,5.0,32.0,28.0,0.0,0.0
2016-17,236155,Borja Lasso,0,0.0,0.0,0.0,0.0,0.0,0.0
2016-17,179597,Borja López,0,0.0,0.0,0.0,0.0,0.0,0.0
2016-17,135745,Borja Viguera,0,2.0,1.0,17.0,6.0,0.0,0.0
2016-17,158601,Bruno,0,1.0,0.0,16.0,15.0,0.0,0.0
2016-17,87893,Bruno,0,5.0,2.0,34.0,33.0,0.0,0.0
2016-17,101989,Bruno Gama,0,0.0,0.0,23.0,19.0,0.0,0.0
2016-17,186881,Burgui,0,2.0,4.0,32.0,21.0,0.0,0.0
2016-17,219165,Buñuel,0,0.0,0.0,15.0,10.0,0.0,0.0
2016-17,240353,Caio Henrique,0,0.0,0.0,0.0,0.0,0.0,0.0
2016-17,233802,Carles Aleñá,0,0.0,0.0,3.0,0.0,0.0,0.0
2016-17,152168,Carles Gil,0,1.0,4.0,23.0,16.0,0.0,0.0
2016-17,150793,Carles Planas,0,0.0,0.0,12.0,11.0,0.0,0.0
2016-17,45978,Carlos Carmona,0,8.0,2.0,25.0,21.0,0.0,0.0
2016-17,209600,Carlos Castro,0,4.0,1.0,25.0,10.0,0.0,0.0
2016-17,168363,Carlos Clerc,0,1.0,0.0,25.0,22.0,0.0,0.0
2016-17,197906,Carlos Fernández,0,1.0,0.0,3.0,1.0,0.0,0.0
2016-17,21731,Carlos Kameni,0,0.0,0.0,35.0,35.0,0.0,0.0
2016-17,99503,Carlos Martínez,0,0.0,2.0,10.0,10.0,0.0,0.0
2016-17,235072,Carlos Soler,0,3.0,1.0,23.0,19.0,0.0,0.0
2016-17,76098,Carlos Vela,0,9.0,2.0,35.0,31.0,0.0,0.0
2016-17,198721,Carlos Vigaray,0,0.0,3.0,19.0,10.0,0.0,0.0
2016-17,239387,Caro,0,0.0,0.0,0.0,0.0,0.0,0.0
2016-17,173666,Casemiro,0,4.0,0.0,25.0,20.0,0.0,0.0
2016-17,183102,Celso Borges,0,6.0,0.0,34.0,30.0,0.0,0.0
2016-17,150794,Charles,0,3.0,1.0,21.0,11.0,0.0,0.0
2016-17,46423,Chory Castro,0,1.0,3.0,29.0,21.0,0.0,0.0
2016-17,136952,Christian Santos,0,3.0,1.0,21.0,8.0,0.0,0.0
2016-17,96527,Claudio Beauvue,0,1.0,2.0,13.0,5.0,0.0,0.0
2016-17,193917,Clément Lenglet,0,0.0,0.0,17.0,15.0,0.0,0.0
2016-17,240866,Cristian,0,0.0,0.0,0.0,0.0,0.0,0.0
2016-17,222957,Cristian Rivera,0,0.0,0.0,17.0,6.0,0.0,0.0
2016-17,154456,Cristiano Piccini,0,2.0,3.0,23.0,21.0,0.0,0.0
2016-17,22774,Cristiano Ronaldo,0,25.0,6.0,29.0,29.0,0.0,0.0
2016-17,147193,Cédric Bakambu,0,11.0,1.0,26.0,17.0,0.0,0.0
2016-17,168531,Dani Carvajal,0,0.0,4.0,23.0,21.0,0.0,0.0
2016-17,130426,Dani Castellano,0,0.0,1.0,27.0,25.0,0.0,0.0
2016-17,202717,Dani Ceballos,0,2.0,2.0,30.0,24.0,0.0,0.0
2016-17,192734,Dani García,0,1.0,1.0,36.0,36.0,0.0,0.0
2016-17,140313,Dani Giménez,0,0.0,0.0,1.0,1.0,0.0,0.0
2016-17,193063,Dani Iglesias,0,0.0,0.0,0.0,0.0,0.0,0.0
2016-17,211913,Dani Ndi,0,0.0,0.0,6.0,1.0,0.0,0.0
2016-17,121020,Dani Parejo,0,5.0,7.0,36.0,36.0,0.0,0.0
2016-17,253763,Dani Raba,0,0.0,0.0,0.0,0.0,0.0,0.0
2016-17,124198,Daniel Carriço,0,0.0,0.0,6.0,6.0,0.0,0.0
2016-17,188170,Daniel Torres,0,0.0,0.0,21.0,17.0,0.0,0.0
2016-17,153822,Daniel Wass,0,3.0,4.0,32.0,29.0,0.0,0.0
2016-17,10983,Daniele Bonera,0,0.0,0.0,6.0,6.0,0.0,0.0
2016-17,170369,Danilo,0,1.0,2.0,17.0,17.0,0.0,0.0
2016-17,151695,Darko Brasanac,0,1.0,1.0,25.0,19.0,0.0,0.0
2016-17,165517,Darwin Machis,0,1.0,3.0,27.0,10.0,0.0,0.0
2016-17,250929,Darío Poveda,0,0.0,0.0,0.0,0.0,0.0,0.0
2016-17,176189,David Carmona,0,0.0,0.0,0.0,0.0,0.0,0.0
2016-17,196956,David Concha,0,0.0,0.0,8.0,1.0,0.0,0.0
2016-17,125104,David García,0,1.0,1.0,22.0,17.0,0.0,0.0
2016-17,209582,David García,0,1.0,0.0,25.0,23.0,0.0,0.0
2016-17,165644,David Juncà,0,0.0,2.0,9.0,7.0,0.0,0.0
2016-17,113392,David Lombán,0,2.0,0.0,21.0,20.0,0.0,0.0
2016-17,160740,David López,0,3.0,2.0,36.0,36.0,0.0,0.0
2016-17,66822,David Ramírez,0,0.0,0.0,0.0,0.0,0.0,0.0
2016-17,207940,David Simón,0,0.0,1.0,16.0,14.0,0.0,0.0
2016-17,196339,David Soria,0,0.0,0.0,1.0,1.0,0.0,0.0
2016-17,155247,David Timor,0,2.0,1.0,24.0,22.0,0.0,0.0
2016-17,125764,David Zurutuza,0,3.0,1.0,31.0,29.0,0.0,0.0
2016-17,178363,Davy Roef,0,0.0,0.0,1.0,1.0,0.0,0.0
2016-17,163129,Denis Cheryshev,0,0.0,0.0,11.0,2.0,0.0,0.0
2016-17,163068,Denis Suárez,0,1.0,3.0,26.0,12.0,0.0,0.0
2016-17,145094,Denys Boyko,0,0.0,0.0,3.0,3.0,0.0,0.0
2016-17,192710,Deyverson,0,7.0,1.0,32.0,29.0,0.0,0.0
2016-17,88993,Didier Digard,0,0.0,0.0,3.0,3.0,0.0,0.0
2016-17,106154,Diego Alves,0,0.0,0.0,33.0,33.0,0.0,0.0
2016-17,148116,Diego Barrios,0,0.0,0.0,1.0,0.0,0.0,0.0
2016-17,104564,Diego Godín,0,3.0,1.0,31.0,30.0,0.0,0.0
2016-17,231343,Diego González,0,0.0,0.0,3.0,0.0,0.0,0.0
2016-17,181530,Diego Llorente,0,2.0,0.0,25.0,23.0,0.0,0.0
2016-17,40547,Diego López,0,0.0,0.0,35.0,35.0,0.0,0.0
2016-17,140342,Diego Mariño,0,0.0,0.0,2.0,2.0,0.0,0.0
2016-17,83869,Diego Reyes,0,1.0,0.0,34.0,32.0,0.0,0.0
2016-17,193943,Diego Rico,0,1.0,0.0,25.0,25.0,0.0,0.0
2016-17,157739,Dimitri Foulquier,0,0.0,2.0,22.0,21.0,0.0,0.0
2016-17,140886,Dimitrios Siovas,0,1.0,0.0,16.0,16.0,0.0,0.0
2016-17,130673,Douglas,0,3.0,0.0,21.0,20.0,0.0,0.0
2016-17,28609,Duda,0,1.0,2.0,16.0,2.0,0.0,0.0
2016-17,124462,Duje Cop,0,9.0,3.0,31.0,27.0,0.0,0.0
2016-17,255272,Edu Expósito,0,0.0,0.0,1.0,1.0,0.0,0.0
2016-17,192430,Einar Galilea,0,0.0,0.0,0.0,0.0,0.0,0.0
2016-17,113209,Elderson Echiéjilé,0,1.0,0.0,3.0,2.0,0.0,0.0
2016-17,127479,Eliaquim Mangala,0,2.0,0.0,30.0,30.0,0.0,0.0
2016-17,107033,Emmanuel Rivière,0,0.0,1.0,15.0,8.0,0.0,0.0
2016-17,144492,Emre Colak,0,3.0,6.0,33.0,29.0,0.0,0.0
2016-17,134306,Eneko Bóveda,0,0.0,0.0,19.0,18.0,0.0,0.0
2016-17,165184,Enric Saborit,0,0.0,0.0,9.0,5.0,0.0,0.0
2016-17,209580,Enrique Barja,0,0.0,0.0,1.0,0.0,0.0,0.0
2016-17,135422,Enrique García,0,7.0,1.0,24.0,18.0,0.0,0.0
2016-17,127319,Enzo Pérez,0,0.0,1.0,27.0,26.0,0.0,0.0
2016-17,240234,Enzo Zidane,0,0.0,0.0,0.0,0.0,0.0,0.0
2016-17,251905,Eric Curbelo,0,0.0,0.0,0.0,0.0,0.0,0.0
2016-17,251901,Erik Expostio,0,0.0,0.0,2.0,2.0,0.0,0.0
2016-17,180911,Erik Morán,0,0.0,1.0,12.0,11.0,0.0,0.0
2016-17,255271,Erik Ruiz,0,0.0,0.0,0.0,0.0,0.0,0.0
2016-17,106160,Esteban Granero,0,0.0,1.0,19.0,8.0,0.0,0.0
2016-17,172979,Eugeni Valderrama,0,0.0,0.0,0.0,0.0,0.0,0.0
2016-17,68141,Ezequiel Garay,0,4.0,0.0,27.0,27.0,0.0,0.0
2016-17,194553,Ezequiel Ponce,0,2.0,0.0,25.0,10.0,0.0,0.0
2016-17,70076,Fabián Orellana,0,3.0,3.0,23.0,19.0,0.0,0.0
2016-17,99484,Facundo Roncaglia,0,2.0,0.0,32.0,30.0,0.0,0.0
2016-17,184456,Fausto,0,0.0,0.0,19.0,16.0,0.0,0.0
2016-17,163121,Faycal Fajr,0,0.0,2.0,24.0,14.0,0.0,0.0
2016-17,192410,Federico Ricca,0,0.0,1.0,21.0,19.0,0.0,0.0
2016-17,98025,Felipe Caicedo,0,2.0,1.0,27.0,14.0,0.0,0.0
2016-17,50453,Fernando Amorebieta,0,0.0,1.0,27.0,26.0,0.0,0.0
2016-17,14939,Fernando Navarro,0,0.0,0.0,25.0,22.0,0.0,0.0
2016-17,153715,Fernando Pacheco,0,0.0,0.0,36.0,36.0,0.0,0.0
2016-17,24257,Fernando Torres,0,8.0,5.0,31.0,13.0,0.0,0.0
2016-17,52994,Filipe Luís,0,3.0,6.0,34.0,34.0,0.0,0.0
2016-17,140754,Florian Lejeune,0,1.0,1.0,34.0,33.0,0.0,0.0
2016-17,182674,Florin Andone,0,12.0,2.0,37.0,32.0,0.0,0.0
2016-17,92102,Fran Mérida,0,1.0,0.0,15.0,9.0,0.0,0.0
2016-17,164440,Fran Rico,0,2.0,1.0,17.0,13.0,0.0,0.0
2016-17,120771,Franck Tabanou,0,0.0,0.0,6.0,6.0,0.0,0.0
2016-17,118787,Franco Vázquez,0,7.0,3.0,30.0,26.0,0.0,0.0
2016-17,108227,Fábio Coentrão,0,0.0,1.0,3.0,2.0,0.0,0.0
2016-17,41789,Gabi,0,0.0,0.0,34.0,33.0,0.0,0.0
2016-17,155466,Gabriel,0,5.0,2.0,34.0,33.0,0.0,0.0
2016-17,76818,Gabriel Mercado,0,3.0,1.0,29.0,26.0,0.0,0.0
2016-17,121597,Gaizka Toquero,0,1.0,1.0,23.0,15.0,0.0,0.0
2016-17,175902,Ganso,0,2.0,1.0,10.0,5.0,0.0,0.0
2016-17,77653,Gareth Bale,0,7.0,2.0,19.0,17.0,0.0,0.0
2016-17,159035,Gastón Silva,0,0.0,0.0,22.0,19.0,0.0,0.0
2016-17,130545,Gaël Kakuta,0,2.0,1.0,10.0,8.0,0.0,0.0
2016-17,156172,Gerard Moreno,0,13.0,4.0,37.0,37.0,0.0,0.0
2016-17,45931,Gerard Piqué,0,2.0,0.0,25.0,25.0,0.0,0.0
2016-17,102990,Germán Lux,0,0.0,0.0,25.0,25.0,0.0,0.0
2016-17,138341,Germán Pezzella,0,1.0,0.0,36.0,36.0,0.0,0.0
2016-17,167192,Gerónimo Rulli,0,0.0,0.0,38.0,38.0,0.0,0.0
2016-17,46051,Giuseppe Rossi,0,4.0,1.0,18.0,9.0,0.0,0.0
2016-17,184767,Gonzalo Escalante,0,2.0,1.0,30.0,24.0,0.0,0.0
2016-17,179210,Goran Causic,0,1.0,2.0,26.0,22.0,0.0,0.0
2016-17,75870,Gorka Elustondo,0,0.0,0.0,2.0,1.0,0.0,0.0
2016-17,24986,Gorka Iraizoz,0,0.0,0.0,16.0,15.0,0.0,0.0
2016-17,155204,Guilherme,0,2.0,1.0,30.0,26.0,0.0,0.0
2016-17,76104,Guilherme Siqueira,0,0.0,1.0,10.0,7.0,0.0,0.0
2016-17,137038,Guillermo Ochoa,0,0.0,0.0,38.0,38.0,0.0,0.0
2016-17,44473,Gustavo Cabral,0,2.0,1.0,25.0,25.0,0.0,0.0
2016-17,156240,Hernán,0,0.0,0.0,10.0,3.0,0.0,0.0
2016-17,138417,Hernán Pérez,0,3.0,1.0,32.0,20.0,0.0,0.0
2016-17,140271,Hugo Mallo,0,2.0,1.0,23.0,22.0,0.0,0.0
2016-17,180725,Héctor Hernández,0,0.0,2.0,17.0,13.0,0.0,0.0
2016-17,177786,Hélder Lopes,0,0.0,1.0,15.0,13.0,0.0,0.0
2016-17,92800,Iago Aspas,0,19.0,3.0,32.0,25.0,0.0,0.0
2016-17,174959,Iago Herrerín,0,0.0,0.0,21.0,21.0,0.0,0.0
2016-17,148981,Ibai Gómez,0,5.0,2.0,29.0,23.0,0.0,0.0
2016-17,115020,Ignacio Camacho,0,4.0,2.0,35.0,35.0,0.0,0.0
2016-17,235693,Igor Zubeldia,0,0.0,0.0,4.0,3.0,0.0,0.0
2016-17,139419,Iker Muniain,0,7.0,2.0,35.0,28.0,0.0,0.0
2016-17,62138,Imanol Agirretxe,0,0.0,0.0,0.0,0.0,0.0,0.0
2016-17,242005,Imanol García,0,0.0,0.0,8.0,6.0,0.0,0.0
2016-17,251664,Imanol Sarriegui,0,0.0,0.0,0.0,0.0,0.0,0.0
2016-17,161883,Isaac Cuenca,0,2.0,0.0,25.0,18.0,0.0,0.0
2016-17,143564,Isco,0,10.0,8.0,30.0,18.0,0.0,0.0
2016-17,154458,Isma López,0,0.0,3.0,27.0,19.0,0.0,0.0
2016-17,214751,Iu Ranera,0,0.0,0.0,0.0,0.0,0.0,0.0
2016-17,102251,Ivan Rakitić,0,8.0,5.0,32.0,26.0,0.0,0.0
2016-17,32501,Iván Cuéllar,0,0.0,0.0,36.0,36.0,0.0,0.0
2016-17,250659,Iván Márquez,0,0.0,1.0,4.0,4.0,0.0,0.0
2016-17,40546,Iván Ramis,0,3.0,0.0,22.0,20.0,0.0,0.0
2016-17,242580,Iván Villar,0,0.0,0.0,1.0,1.0,0.0,0.0
2016-17,214412,Iñaki Williams,0,5.0,6.0,38.0,31.0,0.0,0.0
2016-17,222369,Iñigo Lekue,0,2.0,1.0,25.0,17.0,0.0,0.0
2016-17,165562,Iñigo Martínez,0,3.0,2.0,34.0,34.0,0.0,0.0
2016-17,125380,Jaime Romero,0,0.0,4.0,19.0,8.0,0.0,0.0
2016-17,82816,James Rodríguez,0,8.0,6.0,22.0,13.0,0.0,0.0
2016-17,149622,Jan Oblak,0,0.0,0.0,30.0,30.0,0.0,0.0
2016-17,137783,Jasper Cillessen,0,0.0,0.0,1.0,1.0,0.0,0.0
2016-17,103897,Jaume Costa,0,1.0,3.0,31.0,30.0,0.0,0.0
2016-17,173750,Jaume Doménech,0,0.0,0.0,3.0,3.0,0.0,0.0
2016-17,119404,Javi Castellano,0,0.0,0.0,5.0,0.0,0.0,0.0
2016-17,68438,Javi Fuego,0,1.0,0.0,31.0,29.0,0.0,0.0
2016-17,251139,Javi Jiménez,0,0.0,0.0,0.0,0.0,0.0,0.0
2016-17,141656,Javi López,0,0.0,1.0,19.0,17.0,0.0,0.0
2016-17,230894,Javi Ontiveros,0,2.0,3.0,18.0,7.0,0.0,0.0
2016-17,85391,Javi Varas,0,0.0,0.0,25.0,25.0,0.0,0.0
2016-17,207718,Javier Eraso,0,0.0,1.0,7.0,4.0,0.0,0.0
2016-17,66183,Javier Flaño,0,0.0,0.0,4.0,2.0,0.0,0.0
2016-17,40380,Javier Mascherano,0,1.0,3.0,25.0,20.0,0.0,0.0
2016-17,256032,Jean Carlos,0,0.0,0.0,1.0,0.0,0.0,0.0
2016-17,121989,Jean-Sylvain Babin,0,1.0,1.0,22.0,20.0,0.0,0.0
2016-17,253738,Jeremies Valerón,0,0.0,0.0,0.0,0.0,0.0,0.0
2016-17,162453,Jesé,0,3.0,1.0,16.0,13.0,0.0,0.0
2016-17,12418,Joaquín,0,3.0,4.0,28.0,19.0,0.0,0.0
2016-17,195638,Joaquín Correa,0,4.0,0.0,26.0,15.0,0.0,0.0
2016-17,146893,John Guidetti,0,4.0,1.0,23.0,14.0,0.0,0.0
2016-17,255721,John Mondragón,0,2.0,0.0,5.0,4.0,0.0,0.0
2016-17,234335,Jon Bautista,0,3.0,0.0,12.0,2.0,0.0,0.0
2016-17,192528,Jon Gaztañaga,0,0.0,0.0,2.0,0.0,0.0,0.0
2016-17,254320,Jon Guridi,0,0.0,0.0,1.0,1.0,0.0,0.0
2016-17,207941,Jon Serantes,0,0.0,0.0,13.0,13.0,0.0,0.0
2016-17,148986,Jonas Martin,0,2.0,0.0,20.0,15.0,0.0,0.0
2016-17,150802,Jonathan Viera,0,7.0,7.0,31.0,30.0,0.0,0.0
2016-17,137439,Jonathan dos Santos,0,2.0,3.0,34.0,22.0,0.0,0.0
2016-17,176312,Jonny,0,0.0,3.0,30.0,23.0,0.0,0.0
2016-17,204672,Jony,0,2.0,1.0,24.0,15.0,0.0,0.0
2016-17,121021,Jordi Alba,0,1.0,6.0,26.0,21.0,0.0,0.0
2016-17,150792,Jordi Masip,0,0.0,0.0,0.0,0.0,0.0,0.0
2016-17,211912,Jorge Meré,0,0.0,0.0,31.0,31.0,0.0,0.0
2016-17,248383,Jose Mena,0,0.0,0.0,0.0,0.0,0.0,0.0
2016-17,193463,Joseba Zaldúa,0,0.0,1.0,14.0,12.0,0.0,0.0
2016-17,134939,Joselu,0,5.0,1.0,20.0,9.0,0.0,0.0
2016-17,214345,Josep Señé,0,0.0,2.0,13.0,8.0,0.0,0.0
2016-17,251845,Josué Dorrio,0,0.0,0.0,0.0,0.0,0.0,0.0
2016-17,12236,José Antonio Reyes,0,3.0,4.0,21.0,10.0,0.0,0.0
2016-17,202603,José Carlos,0,0.0,0.0,6.0,6.0,0.0,0.0
2016-17,178747,José Gayà,0,1.0,2.0,27.0,24.0,0.0,0.0
2016-17,53415,José Manuel Jurado,0,3.0,3.0,31.0,27.0,0.0,0.0
2016-17,188398,José María Giménez,0,0.0,0.0,17.0,12.0,0.0,0.0
2016-17,116863,José Rodríguez,0,0.0,0.0,6.0,6.0,0.0,0.0
2016-17,130213,José Ángel,0,0.0,1.0,7.0,7.0,0.0,0.0
2016-17,182675,Jozabed,0,2.0,2.0,19.0,12.0,0.0,0.0
2016-17,176399,João Cancelo,0,1.0,4.0,35.0,27.0,0.0,0.0
2016-17,227196,Juan Moreno,0,0.0,0.0,0.0,0.0,0.0,0.0
2016-17,218563,Juan Pérez,0,0.0,0.0,0.0,0.0,0.0,0.0
2016-17,141661,Juan Rafael Fuentes,0,0.0,1.0,17.0,16.0,0.0,0.0
2016-17,241966,Juan Rodríguez,0,0.0,0.0,4.0,2.0,0.0,0.0
2016-17,250680,Juanan Entrena,0,0.0,0.0,3.0,1.0,0.0,0.0
2016-17,108619,Juanfran,0,0.0,6.0,34.0,34.0,0.0,0.0
2016-17,53416,Juanfran,0,0.0,2.0,23.0,21.0,0.0,0.0
2016-17,152631,Juankar,0,2.0,4.0,28.0,23.0,0.0,0.0
2016-17,143643,Juanmi,0,11.0,0.0,35.0,19.0,0.0,0.0
2016-17,207279,Juanpi,0,2.0,0.0,22.0,16.0,0.0,0.0
2016-17,227724,Julen López,0,0.0,0.0,0.0,0.0,0.0,0.0
2016-17,206153,Jérémie Boga,0,2.0,1.0,26.0,14.0,0.0,0.0
2016-17,84617,Jérémy Mathieu,0,1.0,0.0,14.0,13.0,0.0,0.0
2016-17,46858,Karim Benzema,0,11.0,5.0,29.0,23.0,0.0,0.0
2016-17,250676,Keidi Bare,0,0.0,0.0,0.0,0.0,0.0,0.0
2016-17,131765,Keko,0,0.0,3.0,22.0,13.0,0.0,0.0
2016-17,208027,Kenan Kodro,0,7.0,1.0,28.0,17.0,0.0,0.0
2016-17,169532,Kepa Arrizabalaga,0,0.0,0.0,23.0,23.0,0.0,0.0
2016-17,101468,Kevin Gameiro,0,12.0,5.0,31.0,21.0,0.0,0.0
2016-17,66880,Kevin-Prince Boateng,0,10.0,4.0,28.0,25.0,0.0,0.0
2016-17,73247,Keylor Navas,0,0.0,0.0,27.0,27.0,0.0,0.0
2016-17,87703,Kiko Casilla,0,0.0,0.0,11.0,11.0,0.0,0.0
2016-17,125749,Kiko Femenía,0,0.0,2.0,31.0,28.0,0.0,0.0
2016-17,140791,Koke,0,4.0,8.0,36.0,36.0,0.0,0.0
2016-17,250658,Kuki Zalazar,0,0.0,0.0,0.0,0.0,0.0,0.0
2016-17,173614,Kévin Rodrigues,0,0.0,0.0,2.0,1.0,0.0,0.0
2016-17,124859,Lacina Traoré,0,2.0,0.0,8.0,5.0,0.0,0.0
2016-17,114162,Laure,0,0.0,0.0,7.0,4.0,0.0,0.0
2016-17,152507,Lazo,0,0.0,0.0,0.0,0.0,0.0,0.0
2016-17,195339,Leo Suárez,0,0.0,0.0,3.0,0.0,0.0,0.0
2016-17,121024,Lillo,0,0.0,0.0,25.0,24.0,0.0,0.0
2016-17,45843,Lionel Messi,0,37.0,9.0,34.0,32.0,0.0,0.0
2016-17,160115,Lucas Digne,0,0.0,0.0,17.0,14.0,0.0,0.0
2016-17,196200,Lucas Hernández,0,0.0,0.0,15.0,13.0,0.0,0.0
2016-17,174967,Lucas Vázquez,0,2.0,7.0,33.0,12.0,0.0,0.0
2016-17,190483,Luciano,0,4.0,2.0,25.0,11.0,0.0,0.0
2016-17,168277,Luciano Vietto,0,6.0,3.0,21.0,14.0,0.0,0.0
2016-17,136291,Luis Hernández,0,1.0,1.0,19.0,19.0,0.0,0.0
2016-17,179292,Luis Muñoz,0,0.0,0.0,6.0,5.0,0.0,0.0
2016-17,255387,Luis Perea,0,0.0,0.0,1.0,0.0,0.0,0.0
2016-17,125088,Luis Suárez,0,29.0,13.0,35.0,34.0,0.0,0.0
2016-17,164745,Luisinho,0,0.0,2.0,26.0,20.0,0.0,0.0
2016-17,76762,Luka Modric,0,1.0,2.0,25.0,22.0,0.0,0.0
2016-17,175010,Léo Baptistão,0,6.0,4.0,21.0,16.0,0.0,0.0
2016-17,167732,Mamadou Koné,0,0.0,0.0,5.0,1.0,0.0,0.0
2016-17,125743,Manu García,0,3.0,1.0,25.0,23.0,0.0,0.0
2016-17,86191,Manu Herrera,0,0.0,0.0,0.0,0.0,0.0,0.0
2016-17,158605,Manu Trigueros,0,5.0,1.0,37.0,35.0,0.0,0.0
2016-17,250678,Marc Cardona,0,0.0,0.0,0.0,0.0,0.0,0.0
2016-17,150251,Marc Navarro,0,2.0,1.0,12.0,10.0,0.0,0.0
2016-17,242008,Marc Roca,0,0.0,1.0,25.0,14.0,0.0,0.0
2016-17,140740,Marc-André ter Stegen,0,0.0,0.0,36.0,36.0,0.0,0.0
2016-17,77641,Marcelo,0,2.0,10.0,30.0,26.0,0.0,0.0
2016-17,168514,Marcelo Díaz,0,1.0,2.0,26.0,17.0,0.0,0.0
2016-17,195821,Marco Asensio,0,3.0,2.0,23.0,11.0,0.0,0.0
2016-17,206474,Marcos Llorente,0,0.0,2.0,32.0,31.0,0.0,0.0
2016-17,198832,Mariano,0,1.0,1.0,8.0,0.0,0.0,0.0
2016-17,101283,Mariano ,0,0.0,2.0,31.0,29.0,0.0,0.0
2016-17,48362,Mariano Barbosa,0,0.0,0.0,0.0,0.0,0.0,0.0
2016-17,133180,Mario,0,0.0,3.0,36.0,36.0,0.0,0.0
2016-17,95826,Mario Fernández,0,0.0,0.0,7.0,7.0,0.0,0.0
2016-17,71067,Mario González,0,0.0,0.0,2.0,0.0,0.0,0.0
2016-17,71983,Mario Suárez,0,3.0,0.0,21.0,17.0,0.0,0.0
2016-17,245922,Markel Areitio,0,0.0,0.0,1.0,0.0,0.0,0.0
2016-17,109294,Markel Susaeta,0,1.0,2.0,26.0,11.0,0.0,0.0
2016-17,165580,Marko Livaja,0,5.0,3.0,25.0,16.0,0.0,0.0
2016-17,200651,Marlon,0,0.0,0.0,2.0,2.0,0.0,0.0
2016-17,197406,Marlos Moreno,0,0.0,0.0,19.0,9.0,0.0,0.0
2016-17,246833,Martin Hongla,0,0.0,0.0,10.0,8.0,0.0,0.0
2016-17,251921,Martín Aguirregabiria,0,0.0,0.0,0.0,0.0,0.0,0.0
2016-17,33885,Martín Demichelis,0,0.0,0.0,12.0,8.0,0.0,0.0
2016-17,207714,Martín Mantovani,0,1.0,0.0,31.0,30.0,0.0,0.0
2016-17,137425,Martín Montoya,0,2.0,1.0,29.0,26.0,0.0,0.0
2016-17,205539,Mateo García,0,2.0,0.0,19.0,8.0,0.0,0.0
2016-17,154595,Mateo Kovacic,0,1.0,3.0,27.0,19.0,0.0,0.0
2016-17,140494,Mateo Musacchio,0,0.0,2.0,23.0,23.0,0.0,0.0
2016-17,223097,Matos,0,0.0,0.0,0.0,0.0,0.0,0.0
2016-17,138408,Matthieu Saunier,0,0.0,1.0,16.0,16.0,0.0,0.0
2016-17,195645,Matías Kranevitter,0,0.0,0.0,21.0,14.0,0.0,0.0
2016-17,199024,Mauricio Lemos,0,5.0,0.0,23.0,21.0,0.0,0.0
2016-17,88235,Mauro dos Santos,0,0.0,0.0,11.0,8.0,0.0,0.0
2016-17,140197,Mehdi Carcela-González,0,5.0,1.0,22.0,20.0,0.0,0.0
2016-17,83408,Michael Krohn-Dehli,0,0.0,0.0,2.0,2.0,0.0,0.0
2016-17,131758,Michael Santos,0,3.0,0.0,14.0,8.0,0.0,0.0
2016-17,44677,Miguel Flaño,0,1.0,0.0,12.0,12.0,0.0,0.0
2016-17,150790,Miguel Guerrero,0,5.0,1.0,31.0,25.0,0.0,0.0
2016-17,212958,Miguel Olavide,0,1.0,0.0,14.0,4.0,0.0,0.0
2016-17,93382,Miguel Torres,0,0.0,0.0,22.0,18.0,0.0,0.0
2016-17,83753,Miguel de las Cuevas,0,0.0,1.0,28.0,20.0,0.0,0.0
2016-17,32937,Miguel Ángel Moyà,0,0.0,0.0,9.0,8.0,0.0,0.0
2016-17,126441,Mikel Balenziaga,0,1.0,1.0,33.0,33.0,0.0,0.0
2016-17,83509,Mikel González,0,0.0,0.0,9.0,8.0,0.0,0.0
2016-17,229018,Mikel Oyarzabal,0,2.0,7.0,38.0,30.0,0.0,0.0
2016-17,89201,Mikel Rico,0,1.0,0.0,18.0,4.0,0.0,0.0
2016-17,108313,Mikel San José,0,4.0,1.0,35.0,30.0,0.0,0.0
2016-17,222373,Mikel Vesga,0,1.0,1.0,23.0,19.0,0.0,0.0
2016-17,180698,Mikel Villanueva,0,0.0,0.0,15.0,14.0,0.0,0.0
2016-17,169089,Moi Gómez,0,2.0,5.0,26.0,24.0,0.0,0.0
2016-17,30692,Momo,0,3.0,0.0,23.0,12.0,0.0,0.0
2016-17,125372,Mubarak Wakaso,0,1.0,1.0,11.0,10.0,0.0,0.0
2016-17,193782,Munir El Haddadi,0,6.0,3.0,34.0,22.0,0.0,0.0
2016-17,121594,Míchel Macedo,0,0.0,4.0,25.0,24.0,0.0,0.0
2016-17,66174,Nabil El Zhar,0,4.0,4.0,26.0,18.0,0.0,0.0
2016-17,157710,Nacho,0,2.0,3.0,28.0,24.0,0.0,0.0
2016-17,154837,Nacho Cases,0,2.0,1.0,21.0,16.0,0.0,0.0
2016-17,231574,Nacho Gil,0,0.0,0.0,2.0,0.0,0.0,0.0
2016-17,206760,Nacho Monsalve,0,0.0,0.0,0.0,0.0,0.0,0.0
2016-17,240102,Nacho Vidal,0,0.0,0.0,0.0,0.0,0.0,0.0
2016-17,198213,Nahuel,0,0.0,0.0,10.0,0.0,0.0,0.0
2016-17,67716,Nani,0,5.0,7.0,25.0,22.0,0.0,0.0
2016-17,197894,Nano,0,1.0,0.0,6.0,1.0,0.0,0.0
2016-17,142122,Nauzet,0,0.0,0.0,13.0,13.0,0.0,0.0
2016-17,207894,Nemanja Radoja,0,1.0,0.0,31.0,27.0,0.0,0.0
2016-17,125494,Nenad Krsticic,0,2.0,0.0,14.0,9.0,0.0,0.0
2016-17,195726,Nereo Champagne,0,0.0,0.0,4.0,4.0,0.0,0.0
2016-17,132948,Neymar,0,13.0,11.0,30.0,30.0,0.0,0.0
2016-17,149621,Nico Gaitan,0,3.0,2.0,23.0,11.0,0.0,0.0
2016-17,86391,Nico Pareja,0,1.0,1.0,27.0,27.0,0.0,0.0
2016-17,153341,Nicola Sansone,0,8.0,3.0,32.0,25.0,0.0,0.0
2016-17,233547,Nicolás Schiappacase,0,0.0,0.0,0.0,0.0,0.0,0.0
2016-17,122556,Nikola Vujadinovic,0,0.0,0.0,10.0,10.0,0.0,0.0
2016-17,220119,Nili,0,0.0,0.0,0.0,0.0,0.0,0.0
2016-17,225177,Néstor,0,0.0,0.0,0.0,0.0,0.0,0.0
2016-17,127185,Oier,0,0.0,2.0,36.0,36.0,0.0,0.0
2016-17,139547,Ola John,0,0.0,1.0,11.0,3.0,0.0,0.0
2016-17,250683,Olabe,0,0.0,0.0,0.0,0.0,0.0,0.0
2016-17,140362,Omar Ramos,0,0.0,2.0,15.0,11.0,0.0,0.0
2016-17,220779,Omer Atzili,0,0.0,0.0,9.0,3.0,0.0,0.0
2016-17,143933,Oriol Riera,0,4.0,1.0,22.0,18.0,0.0,0.0
2016-17,219166,Otegui,0,0.0,0.0,3.0,0.0,0.0,0.0
2016-17,44407,Pablo Fernández,0,0.0,0.0,2.0,0.0,0.0,0.0
2016-17,227714,Pablo Fornals,0,6.0,2.0,32.0,31.0,0.0,0.0
2016-17,123871,Pablo Hernández,0,1.0,0.0,26.0,20.0,0.0,0.0
2016-17,180847,Pablo Insua,0,1.0,0.0,29.0,20.0,0.0,0.0
2016-17,227348,Pablo Larrea,0,0.0,0.0,0.0,0.0,0.0,0.0
2016-17,90864,Pablo Piatti,0,10.0,10.0,30.0,30.0,0.0,0.0
2016-17,154514,Pablo Sarabia,0,8.0,8.0,34.0,22.0,0.0,0.0
2016-17,150506,Paco Alcácer,0,6.0,3.0,21.0,7.0,0.0,0.0
2016-17,86373,Panagiotis Kone,0,0.0,0.0,2.0,0.0,0.0,0.0
2016-17,215375,Pape Diop,0,1.0,0.0,16.0,5.0,0.0,0.0
2016-17,84905,Pape Diop,0,0.0,0.0,18.0,9.0,0.0,0.0
2016-17,251100,Pau Torres,0,0.0,0.0,0.0,0.0,0.0,0.0
2016-17,167297,Pedro Bigas,0,4.0,1.0,32.0,31.0,0.0,0.0
2016-17,103003,Pedro León,0,10.0,5.0,37.0,34.0,0.0,0.0
2016-17,131771,Pedro Mosquera,0,3.0,0.0,23.0,17.0,0.0,0.0
2016-17,52767,Pepe,0,2.0,1.0,13.0,13.0,0.0,0.0
2016-17,214689,Pervis Estupiñán,0,0.0,0.0,2.0,2.0,0.0,0.0
2016-17,174978,Petros,0,1.0,2.0,32.0,24.0,0.0,0.0
2016-17,186456,Pione Sisto,0,3.0,3.0,30.0,19.0,0.0,0.0
2016-17,125136,Przemyslaw Tyton,0,0.0,0.0,13.0,12.0,0.0,0.0
2016-17,181333,Quique Cebriá,0,0.0,0.0,0.0,0.0,0.0,0.0
2016-17,230974,Rafa Mir,0,0.0,0.0,2.0,0.0,0.0,0.0
2016-17,197052,Rafael Borré,0,2.0,1.0,17.0,2.0,0.0,0.0
2016-17,116396,Rafael Enrique Navarro,0,2.0,2.0,18.0,14.0,0.0,0.0
2016-17,255887,Rafael Muñoz,0,0.0,0.0,0.0,0.0,0.0,0.0
2016-17,154814,Rafinha,0,6.0,2.0,18.0,14.0,0.0,0.0
2016-17,241892,Ramón Bueno,0,0.0,0.0,0.0,0.0,0.0,0.0
2016-17,153300,Raoul Loé,0,0.0,0.0,7.0,6.0,0.0,0.0
2016-17,153053,Raphaël Varane,0,1.0,2.0,23.0,23.0,0.0,0.0
2016-17,148527,Raúl Albentosa,0,1.0,1.0,27.0,26.0,0.0,0.0
2016-17,144589,Raúl García,0,0.0,0.0,18.0,14.0,0.0,0.0
2016-17,45927,Raúl García,0,10.0,4.0,36.0,34.0,0.0,0.0
2016-17,153481,Raúl Lizoain,0,0.0,0.0,13.0,13.0,0.0,0.0
2016-17,135603,Raúl Navas,0,1.0,1.0,32.0,31.0,0.0,0.0
2016-17,153714,Recio,0,3.0,2.0,18.0,16.0,0.0,0.0
2016-17,132066,Rene Krhin,0,0.0,0.0,12.0,11.0,0.0,0.0
2016-17,184423,Ricardo Horta,0,0.0,0.0,0.0,0.0,0.0,0.0
2016-17,159537,Riza Durmisi,0,1.0,4.0,27.0,27.0,0.0,0.0
2016-17,178416,Robert Ibáñez,0,2.0,1.0,5.0,1.0,0.0,0.0
2016-17,95406,Roberto,0,0.0,0.0,4.0,3.0,0.0,0.0
2016-17,101874,Roberto Canella,0,2.0,1.0,20.0,20.0,0.0,0.0
2016-17,231334,Roberto Núñez,0,0.0,0.0,0.0,0.0,0.0,0.0
2016-17,98062,Roberto Rosales,0,1.0,2.0,32.0,32.0,0.0,0.0
2016-17,42042,Roberto Soldado,0,4.0,3.0,10.0,10.0,0.0,0.0
2016-17,131469,Roberto Soriano,0,9.0,5.0,33.0,31.0,0.0,0.0
2016-17,169321,Roberto Torres,0,7.0,3.0,32.0,26.0,0.0,0.0
2016-17,231828,Rodri,0,0.0,1.0,23.0,8.0,0.0,0.0
2016-17,144639,Rodrigo,0,5.0,3.0,19.0,17.0,0.0,0.0
2016-17,155584,Rodrigo Ely,0,1.0,0.0,10.0,8.0,0.0,0.0
2016-17,124876,Roman Zozulya,0,0.0,0.0,6.0,1.0,0.0,0.0
2016-17,167190,Roque Mesa,0,1.0,2.0,35.0,34.0,0.0,0.0
2016-17,97703,Ruben Fernandez,0,0.0,0.0,0.0,0.0,0.0,0.0
2016-17,167069,Rubén Blanco,0,0.0,0.0,11.0,11.0,0.0,0.0
2016-17,68578,Rubén Castro,0,13.0,3.0,35.0,32.0,0.0,0.0
2016-17,177553,Rubén Duarte,0,0.0,0.0,3.0,1.0,0.0,0.0
2016-17,165667,Rubén Pardo,0,1.0,0.0,19.0,17.0,0.0,0.0
2016-17,177803,Rubén Peña,0,1.0,0.0,28.0,9.0,0.0,0.0
2016-17,131766,Rubén Pérez,0,0.0,1.0,30.0,26.0,0.0,0.0
2016-17,174970,Rubén Sobrino,0,2.0,1.0,11.0,5.0,0.0,0.0
2016-17,240631,Rubén Sánchez,0,0.0,0.0,2.0,0.0,0.0,0.0
2016-17,192718,Rubén Yáñez,0,0.0,0.0,0.0,0.0,0.0,0.0
2016-17,177898,Rui Silva,0,0.0,0.0,0.0,0.0,0.0,0.0
2016-17,183560,Ryan Donk,0,0.0,1.0,16.0,9.0,0.0,0.0
2016-17,173401,Rúben Vezo,0,0.0,1.0,19.0,18.0,0.0,0.0
2016-17,222367,Sabin Merino,0,1.0,1.0,13.0,5.0,0.0,0.0
2016-17,112801,Salva Sevilla,0,0.0,0.0,7.0,4.0,0.0,0.0
2016-17,68067,Salvatore Sirigu,0,0.0,0.0,20.0,20.0,0.0,0.0
2016-17,43531,Samir Nasri,0,2.0,3.0,23.0,22.0,0.0,0.0
2016-17,207278,Samu Castillejo,0,2.0,3.0,33.0,24.0,0.0,0.0
2016-17,192531,Samu García,0,0.0,1.0,11.0,5.0,0.0,0.0
2016-17,150051,Samuel Umtiti,0,1.0,0.0,25.0,24.0,0.0,0.0
2016-17,188165,Sandro,0,14.0,3.0,30.0,28.0,0.0,0.0
2016-17,181642,Santi Mina,0,6.0,2.0,29.0,13.0,0.0,0.0
2016-17,172269,Saúl Ñíguez,0,4.0,3.0,33.0,29.0,0.0,0.0
2016-17,192192,Sebastián Cristóforo,0,0.0,0.0,0.0,0.0,0.0,0.0
2016-17,144480,Sergi Enrich,0,11.0,7.0,38.0,31.0,0.0,0.0
2016-17,120708,Sergi Gómez,0,0.0,0.0,25.0,21.0,0.0,0.0
2016-17,150225,Sergi Roberto,0,0.0,6.0,32.0,26.0,0.0,0.0
2016-17,185223,Sergi Samper,0,0.0,1.0,22.0,13.0,0.0,0.0
2016-17,250660,Sergi Segura,0,0.0,0.0,0.0,0.0,0.0,0.0
2016-17,250861,Sergio Arribas,0,0.0,0.0,0.0,0.0,0.0,0.0
2016-17,111613,Sergio Asenjo,0,0.0,0.0,24.0,24.0,0.0,0.0
2016-17,121893,Sergio Busquets,0,0.0,3.0,33.0,33.0,0.0,0.0
2016-17,125383,Sergio Canales,0,0.0,4.0,31.0,7.0,0.0,0.0
2016-17,135914,Sergio Escudero,0,0.0,3.0,26.0,25.0,0.0,0.0
2016-17,111440,Sergio León,0,10.0,0.0,33.0,27.0,0.0,0.0
2016-17,180171,Sergio Llamas,0,0.0,0.0,0.0,0.0,0.0,0.0
2016-17,41579,Sergio Ramos,0,7.0,0.0,28.0,28.0,0.0,0.0
2016-17,169293,Sergio Rico,0,0.0,0.0,35.0,35.0,0.0,0.0
2016-17,85308,Sergio Álvarez,0,0.0,1.0,26.0,26.0,0.0,0.0
2016-17,87963,Sergio Álvarez,0,2.0,1.0,36.0,34.0,0.0,0.0
2016-17,124008,Sidnei,0,1.0,0.0,29.0,29.0,0.0,0.0
2016-17,152412,Sime Vrsaljko,0,0.0,0.0,14.0,11.0,0.0,0.0
2016-17,132580,Simone Zaza,0,6.0,1.0,20.0,15.0,0.0,0.0
2016-17,236275,Sito,0,0.0,0.0,1.0,0.0,0.0,0.0
2016-17,150541,Stefan Savic,0,1.0,1.0,32.0,30.0,0.0,0.0
2016-17,119612,Stevan Jovetic,0,6.0,4.0,21.0,12.0,0.0,0.0
2016-17,113290,Steven N'Zonzi,0,2.0,3.0,35.0,34.0,0.0,0.0
2016-17,191124,Sverrir Ingason,0,1.0,0.0,17.0,17.0,0.0,0.0
2016-17,164204,Takashi Inui,0,3.0,2.0,28.0,26.0,0.0,0.0
2016-17,172981,Tana,0,4.0,4.0,32.0,25.0,0.0,0.0
2016-17,251163,Tano,0,0.0,1.0,11.0,9.0,0.0,0.0
2016-17,233621,Theo Hernández,0,1.0,3.0,32.0,30.0,0.0,0.0
2016-17,189972,Thomas Partey,0,1.0,2.0,16.0,6.0,0.0,0.0
2016-17,182337,Théo Bongonda,0,1.0,3.0,30.0,26.0,0.0,0.0
2016-17,9498,Tiago,0,1.0,0.0,12.0,5.0,0.0,0.0
2016-17,140312,Tito,0,0.0,3.0,23.0,21.0,0.0,0.0
2016-17,103173,Toni Kroos,0,3.0,12.0,29.0,28.0,0.0,0.0
2016-17,232275,Toni Lato,0,0.0,1.0,8.0,4.0,0.0,0.0
2016-17,135593,Toño Ramírez,0,0.0,0.0,0.0,0.0,0.0,0.0
2016-17,187642,Uche,0,0.0,0.0,31.0,28.0,0.0,0.0
2016-17,207893,Unai Bustinza,0,0.0,1.0,22.0,21.0,0.0,0.0
2016-17,186820,Unai García,0,0.0,0.0,22.0,20.0,0.0,0.0
2016-17,203711,Unai López,0,2.0,0.0,23.0,12.0,0.0,0.0
2016-17,222375,Unai Simón,0,0.0,0.0,0.0,0.0,0.0,0.0
2016-17,150805,Vicente Gómez,0,2.0,0.0,29.0,28.0,0.0,0.0
2016-17,125206,Vicente Iborra,0,7.0,2.0,31.0,12.0,0.0,0.0
2016-17,236387,Victorien Angban,0,0.0,0.0,10.0,8.0,0.0,0.0
2016-17,150803,Vitolo,0,6.0,6.0,30.0,25.0,0.0,0.0
2016-17,196789,Víctor Camarasa,0,3.0,1.0,31.0,28.0,0.0,0.0
2016-17,125776,Víctor Díaz,0,1.0,1.0,23.0,20.0,0.0,0.0
2016-17,113460,Víctor Laguardia,0,2.0,1.0,26.0,24.0,0.0,0.0
2016-17,178097,Víctor Rodríguez,0,2.0,1.0,25.0,15.0,0.0,0.0
2016-17,121023,Víctor Ruiz,0,1.0,1.0,28.0,27.0,0.0,0.0
2016-17,113187,Víctor Sánchez,0,1.0,1.0,27.0,26.0,0.0,0.0
2016-17,154687,Víctor Álvarez,0,0.0,0.0,4.0,2.0,0.0,0.0
2016-17,195715,Walter Montoya,0,0.0,0.0,4.0,1.0,0.0,0.0
2016-17,198360,Willian José,0,12.0,4.0,28.0,27.0,0.0,0.0
2016-17,148530,Wissam Ben Yedder,0,11.0,4.0,31.0,20.0,0.0,0.0
2016-17,21481,Xabi Prieto,0,8.0,6.0,38.0,32.0,0.0,0.0
2016-17,129419,Xabier Etxeita,0,0.0,0.0,10.0,7.0,0.0,0.0
2016-17,129940,Xavi Torres,0,0.0,0.0,17.0,8.0,0.0,0.0
2016-17,174893,Yannick Carrasco,0,10.0,4.0,35.0,27.0,0.0,0.0
2016-17,217225,Yeray,0,0.0,0.0,26.0,25.0,0.0,0.0
2016-17,106746,Yoel,0,0.0,0.0,25.0,22.0,0.0,0.0
2016-17,242736,Youssef En-Nesyri,0,1.0,1.0,13.0,0.0,0.0,0.0
2016-17,133768,Yuri Berchiche,0,3.0,2.0,35.0,35.0,0.0,0.0
2016-17,184426,Zakaria Bakkali,0,1.0,0.0,18.0,1.0,0.0,0.0
2016-17,255358,Zakaria Boulahia,0,0.0,0.0,0.0,0.0,0.0,0.0
2016-17,95522,Zdravko Kuzmanovic,0,0.0,0.0,4.0,3.0,0.0,0.0
2016-17,170730,Zouhair Feddal,0,2.0,1.0,27.0,27.0,0.0,0.0
2016-17,240532,Àlex Carbonell,0,0.0,0.0,0.0,0.0,0.0,0.0
2016-17,215252,Álex Alegría,0,3.0,2.0,25.0,15.0,0.0,0.0
2016-17,209579,Álex Berenguer,0,1.0,6.0,29.0,22.0,0.0,0.0
2016-17,125790,Álex Bergantiños,0,1.0,0.0,8.0,6.0,0.0,0.0
2016-17,158071,Álex Martínez,0,0.0,0.0,14.0,11.0,0.0,0.0
2016-17,251699,Álex Mozo,0,0.0,0.0,0.0,0.0,0.0,0.0
2016-17,178896,Álex Muñoz,0,0.0,0.0,0.0,0.0,0.0,0.0
2016-17,217319,Álex Remiro,0,0.0,0.0,0.0,0.0,0.0,0.0
2016-17,140305,Álvaro Cejudo,0,1.0,1.0,17.0,6.0,0.0,0.0
2016-17,96060,Álvaro Fernández,0,0.0,0.0,1.0,0.0,0.0,0.0
2016-17,157375,Álvaro González,0,1.0,1.0,25.0,22.0,0.0,0.0
2016-17,222616,Álvaro Lemos,0,1.0,0.0,5.0,5.0,0.0,0.0
2016-17,200986,Álvaro Medrán,0,2.0,0.0,16.0,10.0,0.0,0.0
2016-17,250646,Álvaro Molina,0,0.0,0.0,0.0,0.0,0.0,0.0
2016-17,154446,Álvaro Morata,0,15.0,4.0,26.0,14.0,0.0,0.0
2016-17,236156,Álvaro Odriozola,0,0.0,4.0,15.0,15.0,0.0,0.0
2016-17,231405,Álvaro Tejero,0,0.0,0.0,1.0,0.0,0.0,0.0
2016-17,152574,Álvaro Vázquez,0,0.0,1.0,10.0,2.0,0.0,0.0
2016-17,195681,Ángel Correa,0,4.0,8.0,31.0,10.0,0.0,0.0
2016-17,160722,Ángel Montoro,0,0.0,0.0,17.0,12.0,0.0,0.0
2016-17,180751,Édgar Méndez,0,4.0,1.0,27.0,18.0,0.0,0.0
2016-17,186610,Óscar Duarte,0,0.0,0.0,15.0,13.0,0.0,0.0
2016-17,250375,Óscar Melendo,0,0.0,0.0,11.0,2.0,0.0,0.0
2016-17,231342,Óscar Pinchi,0,0.0,0.0,1.0,0.0,0.0,0.0
2016-17,192234,Óscar Romero,0,0.0,1.0,13.0,4.0,0.0,0.0
2016-17,194182,Óscar Whalley,0,0.0,0.0,0.0,0.0,0.0,0.0
2016-17,130135,Óscar de Marcos,0,1.0,4.0,27.0,24.0,0.0,0.0
2017-18,242007,Aarón Martín,0,0.0,0.0,32.0,31.0,0.0,0.0
2017-18,240233,Achraf Hakimi,0,2.0,0.0,9.0,8.0,0.0,0.0
2017-18,192090,Adalberto Peñaranda,0,0.0,0.0,13.0,11.0,0.0,0.0
2017-18,188192,Aday,0,2.0,0.0,31.0,20.0,0.0,0.0
2017-18,186432,Adnan Januzaj,0,3.0,5.0,28.0,18.0,0.0,0.0
2017-18,165665,Adrià Ortolá,0,0.0,0.0,0.0,0.0,0.0,0.0
2017-18,86821,Adrián,0,9.0,6.0,30.0,26.0,0.0,0.0
2017-18,93383,Adrián,0,3.0,0.0,29.0,27.0,0.0,0.0
2017-18,246276,Adrián Diéguez,0,0.0,0.0,6.0,6.0,0.0,0.0
2017-18,260244,Adrián López,0,0.0,0.0,0.0,0.0,0.0,0.0
2017-18,210228,Adrián Marín,0,0.0,0.0,3.0,2.0,0.0,0.0
2017-18,268601,Aitor Ruibal,0,0.0,0.0,2.0,0.0,0.0,0.0
2017-18,13752,Alberto Aquilani,0,0.0,0.0,21.0,15.0,0.0,0.0
2017-18,104986,Alberto Bueno,0,0.0,0.0,11.0,1.0,0.0,0.0
2017-18,118506,Alberto López,0,0.0,0.0,1.0,0.0,0.0,0.0
2017-18,273287,Alberto Redondo,0,0.0,0.0,1.0,1.0,0.0,0.0
2017-18,267461,Alberto Ródenas,0,0.0,0.0,0.0,0.0,0.0,0.0
2017-18,125352,Alberto de la Bella,0,0.0,1.0,17.0,17.0,0.0,0.0
2017-18,220125,Aldo One,0,0.0,0.0,1.0,1.0,0.0,0.0
2017-18,219294,Aleix García,0,1.0,0.0,20.0,7.0,0.0,0.0
2017-18,143030,Aleix Vidal,0,1.0,1.0,15.0,4.0,0.0,0.0
2017-18,169539,Alejandro Gálvez,0,1.0,0.0,22.0,22.0,0.0,0.0
2017-18,22315,Alejandro Pozo,0,0.0,0.0,0.0,0.0,0.0,0.0
2017-18,260154,Alejandro Robles,0,0.0,0.0,1.0,1.0,0.0,0.0
2017-18,179195,Alen Halilovic,0,2.0,1.0,20.0,16.0,0.0,0.0
2017-18,175071,Alexander Szymanowski,0,2.0,2.0,13.0,13.0,0.0,0.0
2017-18,24903,Alexis,0,1.0,0.0,28.0,25.0,0.0,0.0
2017-18,218439,Alfonso Pedraza,0,3.0,5.0,33.0,27.0,0.0,0.0
2017-18,246784,Aly Abeid,0,0.0,0.0,1.0,1.0,0.0,0.0
2017-18,162264,Amath Ndiaye,0,3.0,3.0,37.0,36.0,0.0,0.0
2017-18,150806,Anaitz Arbilla,0,2.0,1.0,29.0,26.0,0.0,0.0
2017-18,189960,Ander Cantero,0,0.0,0.0,0.0,0.0,0.0,0.0
2017-18,180289,Ander Capa,0,0.0,1.0,33.0,25.0,0.0,0.0
2017-18,260256,Ander Guevara,0,0.0,0.0,0.0,0.0,0.0,0.0
2017-18,124635,Ander Iturraspe,0,0.0,0.0,30.0,20.0,0.0,0.0
2017-18,245839,Andoni Gorosabel,0,0.0,0.0,2.0,1.0,0.0,0.0
2017-18,236593,Andoni López,0,0.0,0.0,1.0,1.0,0.0,0.0
2017-18,271436,Andoni Zubiaurre,0,0.0,0.0,0.0,0.0,0.0,0.0
2017-18,210143,Andreas Pereira,0,1.0,3.0,23.0,12.0,0.0,0.0
2017-18,135294,Andreu Fontàs,0,0.0,1.0,12.0,9.0,0.0,0.0
2017-18,175108,André Gomes,0,0.0,0.0,16.0,6.0,0.0,0.0
2017-18,87897,Andrés Fernández,0,0.0,0.0,3.0,3.0,0.0,0.0
2017-18,76932,Andrés Guardado,0,2.0,8.0,29.0,25.0,0.0,0.0
2017-18,17566,Andrés Iniesta,0,1.0,2.0,30.0,25.0,0.0,0.0
2017-18,176659,Andrés Prieto,0,0.0,0.0,4.0,4.0,0.0,0.0
2017-18,261185,Andrés Solano,0,0.0,0.0,0.0,0.0,0.0,0.0
2017-18,140416,Antoine Griezmann,0,19.0,9.0,32.0,30.0,0.0,0.0
2017-18,101871,Antonio Adán,0,0.0,2.0,30.0,30.0,0.0,0.0
2017-18,66521,Antonio Barragán,0,0.0,6.0,29.0,28.0,0.0,0.0
2017-18,147501,Antonio Luna,0,0.0,2.0,23.0,22.0,0.0,0.0
2017-18,267460,Antonio Montoro,0,0.0,0.0,0.0,0.0,0.0,0.0
2017-18,252541,Antonio Moya,0,0.0,0.0,1.0,0.0,0.0,0.0
2017-18,113725,Antonio Rukavina,0,0.0,0.0,17.0,14.0,0.0,0.0
2017-18,192162,Antonio Sanabria,0,8.0,0.0,17.0,8.0,0.0,0.0
2017-18,200910,Antonio Sivera,0,0.0,0.0,1.0,1.0,0.0,0.0
2017-18,24285,Aritz Aduriz,0,9.0,1.0,33.0,21.0,0.0,0.0
2017-18,214742,Aritz Elustondo,0,3.0,2.0,19.0,18.0,0.0,0.0
2017-18,173659,Armando Sadiku,0,0.0,0.0,6.0,4.0,0.0,0.0
2017-18,272866,Arona Sané,0,0.0,0.0,1.0,0.0,0.0,0.0
2017-18,231902,Artiz Castro,0,0.0,0.0,0.0,0.0,0.0,0.0
2017-18,148614,Asier Illarramendi,0,7.0,5.0,36.0,35.0,0.0,0.0
2017-18,18998,Asier Riesgo,0,0.0,0.0,1.0,1.0,0.0,0.0
2017-18,176808,Axel Werner,0,0.0,0.0,1.0,1.0,0.0,0.0
2017-18,150451,Aïssa Mandi,0,1.0,0.0,34.0,34.0,0.0,0.0
2017-18,267530,Bambo Diaby,0,0.0,0.0,0.0,0.0,0.0,0.0
2017-18,251906,Benito Ramírez,0,0.0,0.0,4.0,1.0,0.0,0.0
2017-18,62137,Bergara,0,4.0,1.0,18.0,18.0,0.0,0.0
2017-18,125777,Bernardo Espinosa,0,0.0,3.0,34.0,32.0,0.0,0.0
2017-18,85300,Beñat ,0,0.0,2.0,24.0,12.0,0.0,0.0
2017-18,268590,Blas Alonso,0,0.0,0.0,0.0,0.0,0.0,0.0
2017-18,92802,Bojan Krkic,0,0.0,0.0,13.0,4.0,0.0,0.0
2017-18,147082,Borja Bastón,0,2.0,0.0,20.0,8.0,0.0,0.0
2017-18,136180,Borja García,0,2.0,5.0,37.0,34.0,0.0,0.0
2017-18,218793,Borja Mayoral,0,3.0,1.0,14.0,3.0,0.0,0.0
2017-18,155700,Borja Valle,0,3.0,2.0,17.0,3.0,0.0,0.0
2017-18,262729,Brais Méndez,0,1.0,1.0,20.0,12.0,0.0,0.0
2017-18,144527,Brown Ideye,0,1.0,0.0,13.0,8.0,0.0,0.0
2017-18,158601,Bruno,0,0.0,0.0,20.0,17.0,0.0,0.0
2017-18,87893,Bruno,0,0.0,0.0,0.0,0.0,0.0,0.0
2017-18,186881,Burgui,0,1.0,0.0,23.0,12.0,0.0,0.0
2017-18,233802,Carles Aleñá,0,0.0,0.0,0.0,0.0,0.0,0.0
2017-18,152168,Carles Gil,0,0.0,1.0,10.0,6.0,0.0,0.0
2017-18,150793,Carles Planas,0,0.0,1.0,5.0,2.0,0.0,0.0
2017-18,121232,Carlos Bacca,0,15.0,6.0,35.0,30.0,0.0,0.0
2017-18,80339,Carlos Calderón,0,0.0,0.0,1.0,0.0,0.0,0.0
2017-18,197906,Carlos Fernández,0,1.0,0.0,2.0,2.0,0.0,0.0
2017-18,99503,Carlos Martínez,0,0.0,0.0,1.0,0.0,0.0,0.0
2017-18,202841,Carlos Muñoz,0,0.0,0.0,1.0,1.0,0.0,0.0
2017-18,235072,Carlos Soler,0,1.0,4.0,33.0,27.0,0.0,0.0
2017-18,101471,Carlos Sánchez,0,0.0,0.0,14.0,13.0,0.0,0.0
2017-18,198721,Carlos Vigaray,0,0.0,0.0,12.0,9.0,0.0,0.0
2017-18,173666,Casemiro,0,5.0,3.0,30.0,30.0,0.0,0.0
2017-18,183102,Celso Borges,0,3.0,3.0,32.0,26.0,0.0,0.0
2017-18,148970,Cenk Gönen,0,0.0,0.0,0.0,0.0,0.0,0.0
2017-18,150794,Charles,0,8.0,1.0,30.0,18.0,0.0,0.0
2017-18,141650,Cheick Doukouré,0,1.0,0.0,19.0,12.0,0.0,0.0
2017-18,192763,Chema,0,1.0,1.0,25.0,23.0,0.0,0.0
2017-18,207205,Choco Lozano,0,1.0,0.0,14.0,4.0,0.0,0.0
2017-18,46423,Chory Castro,0,4.0,2.0,26.0,26.0,0.0,0.0
2017-18,136952,Christian Santos,0,2.0,0.0,10.0,5.0,0.0,0.0
2017-18,260948,Chuca,0,0.0,0.0,4.0,1.0,0.0,0.0
2017-18,96527,Claudio Beauvue,0,2.0,0.0,28.0,17.0,0.0,0.0
2017-18,193917,Clément Lenglet,0,3.0,1.0,35.0,33.0,0.0,0.0
2017-18,125758,Coke,0,3.0,0.0,17.0,16.0,0.0,0.0
2017-18,113737,Cristhian Stuani,0,21.0,0.0,33.0,32.0,0.0,0.0
2017-18,76884,Cristian Rivero,0,0.0,0.0,0.0,0.0,0.0,0.0
2017-18,132709,Cristian Tello,0,4.0,3.0,32.0,16.0,0.0,0.0
2017-18,22774,Cristiano Ronaldo,0,26.0,5.0,27.0,27.0,0.0,0.0
2017-18,209735,Cristo,0,0.0,0.0,0.0,0.0,0.0,0.0
2017-18,104899,Damián Suárez,0,1.0,4.0,33.0,33.0,0.0,0.0
2017-18,168531,Dani Carvajal,0,0.0,2.0,25.0,25.0,0.0,0.0
2017-18,130426,Dani Castellano,0,0.0,2.0,24.0,23.0,0.0,0.0
2017-18,202717,Dani Ceballos,0,2.0,0.0,12.0,4.0,0.0,0.0
2017-18,192734,Dani García,0,0.0,1.0,32.0,32.0,0.0,0.0
2017-18,140313,Dani Giménez,0,0.0,0.0,4.0,4.0,0.0,0.0
2017-18,108314,Dani Pacheco,0,0.0,0.0,11.0,0.0,0.0,0.0
2017-18,121020,Dani Parejo,0,7.0,7.0,34.0,34.0,0.0,0.0
2017-18,253763,Dani Raba,0,2.0,4.0,21.0,14.0,0.0,0.0
2017-18,274016,Dani Vivian,0,0.0,0.0,0.0,0.0,0.0,0.0
2017-18,124198,Daniel Carriço,0,0.0,0.0,6.0,5.0,0.0,0.0
2017-18,229252,Daniel Gallardo,0,0.0,0.0,0.0,0.0,0.0,0.0
2017-18,3261,Daniel Molina,0,0.0,0.0,1.0,0.0,0.0,0.0
2017-18,272915,Daniel Rebollo,0,0.0,0.0,0.0,0.0,0.0,0.0
2017-18,168473,Daniel Sotres,0,0.0,0.0,0.0,0.0,0.0,0.0
2017-18,188170,Daniel Torres,0,0.0,0.0,18.0,14.0,0.0,0.0
2017-18,153822,Daniel Wass,0,4.0,9.0,35.0,34.0,0.0,0.0
2017-18,10983,Daniele Bonera,0,0.0,1.0,15.0,14.0,0.0,0.0
2017-18,151695,Darko Brasanac,0,2.0,0.0,23.0,13.0,0.0,0.0
2017-18,250929,Darío Poveda,0,0.0,0.0,1.0,0.0,0.0,0.0
2017-18,273286,David Alba,0,0.0,0.0,1.0,1.0,0.0,0.0
2017-18,196956,David Concha,0,0.0,0.0,0.0,0.0,0.0,0.0
2017-18,192796,David Costas,0,0.0,0.0,0.0,0.0,0.0,0.0
2017-18,125104,David García,0,1.0,0.0,11.0,9.0,0.0,0.0
2017-18,165644,David Juncà,0,0.0,2.0,15.0,10.0,0.0,0.0
2017-18,113392,David Lombán,0,1.0,0.0,13.0,11.0,0.0,0.0
2017-18,160740,David López,0,1.0,0.0,37.0,37.0,0.0,0.0
2017-18,207940,David Simón,0,0.0,0.0,11.0,6.0,0.0,0.0
2017-18,196339,David Soria,0,0.0,0.0,15.0,15.0,0.0,0.0
2017-18,155247,David Timor,0,2.0,0.0,17.0,10.0,0.0,0.0
2017-18,125764,David Zurutuza,0,0.0,2.0,31.0,26.0,0.0,0.0
2017-18,224421,Dejan Drazic,0,0.0,0.0,0.0,0.0,0.0,0.0
2017-18,163129,Denis Cheryshev,0,2.0,1.0,24.0,9.0,0.0,0.0
2017-18,163068,Denis Suárez,0,2.0,2.0,18.0,4.0,0.0,0.0
2017-18,272489,Dennis Dargahi,0,0.0,0.0,0.0,0.0,0.0,0.0
2017-18,219073,Diego Alende,0,0.0,0.0,0.0,0.0,0.0,0.0
2017-18,95410,Diego Costa,0,3.0,3.0,15.0,13.0,0.0,0.0
2017-18,104564,Diego Godín,0,0.0,0.0,30.0,28.0,0.0,0.0
2017-18,231343,Diego González,0,1.0,0.0,18.0,17.0,0.0,0.0
2017-18,261186,Diego Hernández Barriuso,0,0.0,0.0,2.0,1.0,0.0,0.0
2017-18,181530,Diego Llorente,0,3.0,0.0,27.0,26.0,0.0,0.0
2017-18,40547,Diego López,0,0.0,0.0,10.0,10.0,0.0,0.0
2017-18,264488,Diego Pampín,0,0.0,0.0,0.0,0.0,0.0,0.0
2017-18,193943,Diego Rico,0,2.0,2.0,26.0,26.0,0.0,0.0
2017-18,166318,Diego Rolán,0,5.0,0.0,26.0,21.0,0.0,0.0
2017-18,140886,Dimitrios Siovas,0,1.0,1.0,24.0,24.0,0.0,0.0
2017-18,181355,Djené,0,1.0,0.0,36.0,36.0,0.0,0.0
2017-18,320074,Douglas Luiz,0,0.0,0.0,15.0,1.0,0.0,0.0
2017-18,131292,Dídac Vilà,0,0.0,0.0,14.0,7.0,0.0,0.0
2017-18,255272,Edu Expósito,0,0.0,0.0,3.0,0.0,0.0,0.0
2017-18,264340,Eduard Frías,0,0.0,0.0,0.0,0.0,0.0,0.0
2017-18,174934,Eloi,0,0.0,0.0,2.0,0.0,0.0,0.0
2017-18,158626,Emiliano Martínez,0,0.0,0.0,5.0,5.0,0.0,0.0
2017-18,208401,Emmanuel Boateng,0,6.0,0.0,25.0,10.0,0.0,0.0
2017-18,116259,Emmanuel Emenike,0,0.0,0.0,0.0,0.0,0.0,0.0
2017-18,144492,Emre Colak,0,1.0,1.0,26.0,17.0,0.0,0.0
2017-18,231279,Emre Mor,0,1.0,2.0,23.0,4.0,0.0,0.0
2017-18,134306,Eneko Bóveda,0,0.0,1.0,14.0,13.0,0.0,0.0
2017-18,218122,Enes Ünal,0,6.0,3.0,30.0,18.0,0.0,0.0
2017-18,218104,Enis Bardhi,0,9.0,1.0,26.0,16.0,0.0,0.0
2017-18,165184,Enric Saborit,0,0.0,1.0,19.0,16.0,0.0,0.0
2017-18,135422,Enrique García,0,8.0,1.0,35.0,28.0,0.0,0.0
2017-18,101001,Enrique Sola,0,0.0,0.0,0.0,0.0,0.0,0.0
2017-18,207913,Erick Cabaco,0,0.0,0.0,14.0,12.0,0.0,0.0
2017-18,251901,Erik Expostio,0,1.0,0.0,10.0,4.0,0.0,0.0
2017-18,269136,Ermedin Demirovic,0,1.0,1.0,3.0,2.0,0.0,0.0
2017-18,106160,Esteban Granero,0,1.0,2.0,25.0,11.0,0.0,0.0
2017-18,227730,Esteban Rolón,0,0.0,0.0,8.0,6.0,0.0,0.0
2017-18,68141,Ezequiel Garay,0,0.0,0.0,24.0,23.0,0.0,0.0
2017-18,117843,Ezequiel Muñoz,0,0.0,1.0,19.0,17.0,0.0,0.0
2017-18,179233,Fabian Schär,0,2.0,2.0,25.0,25.0,0.0,0.0
2017-18,261529,Fabio González,0,0.0,0.0,1.0,1.0,0.0,0.0
2017-18,70076,Fabián Orellana,0,3.0,2.0,17.0,13.0,0.0,0.0
2017-18,214596,Fabián Ruiz,0,3.0,6.0,34.0,30.0,0.0,0.0
2017-18,99484,Facundo Roncaglia,0,0.0,0.0,21.0,17.0,0.0,0.0
2017-18,178844,Fahad Al-Muwallad,0,0.0,0.0,2.0,0.0,0.0,0.0
2017-18,163121,Faycal Fajr,0,1.0,4.0,31.0,26.0,0.0,0.0
2017-18,181646,Fede Cartabia,0,2.0,1.0,20.0,16.0,0.0,0.0
2017-18,192410,Federico Ricca,0,0.0,1.0,14.0,13.0,0.0,0.0
2017-18,235818,Federico Valverde,0,0.0,0.0,24.0,12.0,0.0,0.0
2017-18,14939,Fernando Navarro,0,0.0,0.0,15.0,11.0,0.0,0.0
2017-18,153715,Fernando Pacheco,0,0.0,0.0,38.0,37.0,0.0,0.0
2017-18,24257,Fernando Torres,0,5.0,0.0,27.0,7.0,0.0,0.0
2017-18,265869,Ferran Torres,0,0.0,1.0,13.0,2.0,0.0,0.0
2017-18,219533,Filip Manojlovic,0,0.0,0.0,0.0,0.0,0.0,0.0
2017-18,52994,Filipe Luís,0,1.0,2.0,20.0,19.0,0.0,0.0
2017-18,182674,Florin Andone,0,7.0,3.0,29.0,16.0,0.0,0.0
2017-18,164440,Fran Rico,0,0.0,0.0,0.0,0.0,0.0,0.0
2017-18,271914,Fran Vieites,0,0.0,0.0,0.0,0.0,0.0,0.0
2017-18,272490,Francesc Regis,0,0.0,0.0,1.0,0.0,0.0,0.0
2017-18,259840,Franchu,0,0.0,0.0,0.0,0.0,0.0,0.0
2017-18,261111,Francis,0,1.0,0.0,14.0,10.0,0.0,0.0
2017-18,121406,Francis Coquelin,0,1.0,0.0,9.0,7.0,0.0,0.0
2017-18,194669,Francis Uzoho,0,0.0,0.0,2.0,2.0,0.0,0.0
2017-18,144490,Francisco Portillo,0,2.0,3.0,33.0,28.0,0.0,0.0
2017-18,118787,Franco Vázquez,0,4.0,6.0,30.0,22.0,0.0,0.0
2017-18,41789,Gabi,0,0.0,1.0,34.0,25.0,0.0,0.0
2017-18,155466,Gabriel,0,5.0,2.0,29.0,28.0,0.0,0.0
2017-18,76818,Gabriel Mercado,0,0.0,1.0,27.0,26.0,0.0,0.0
2017-18,192226,Gabriel Paulista,0,0.0,0.0,30.0,29.0,0.0,0.0
2017-18,87153,Gabriel Peñalba,0,0.0,0.0,7.0,7.0,0.0,0.0
2017-18,271510,Gabriel Salazar,0,0.0,0.0,0.0,0.0,0.0,0.0
2017-18,157844,Gaku Shibasaki,0,1.0,0.0,22.0,12.0,0.0,0.0
2017-18,175902,Ganso,0,2.0,0.0,8.0,7.0,0.0,0.0
2017-18,77653,Gareth Bale,0,16.0,2.0,26.0,20.0,0.0,0.0
2017-18,152270,Geoffrey Kondogbia,0,4.0,4.0,31.0,30.0,0.0,0.0
2017-18,186181,Gerard Gumbau,0,1.0,0.0,25.0,16.0,0.0,0.0
2017-18,156172,Gerard Moreno,0,16.0,1.0,38.0,38.0,0.0,0.0
2017-18,45931,Gerard Piqué,0,2.0,0.0,30.0,29.0,0.0,0.0
2017-18,222379,Gerard Valentín,0,0.0,0.0,3.0,2.0,0.0,0.0
2017-18,167192,Gerónimo Rulli,0,0.0,0.0,26.0,26.0,0.0,0.0
2017-18,31100,Giampaolo Pazzini,0,1.0,0.0,9.0,5.0,0.0,0.0
2017-18,270328,Giovanni,0,0.0,0.0,0.0,0.0,0.0,0.0
2017-18,184767,Gonzalo Escalante,0,1.0,0.0,28.0,16.0,0.0,0.0
2017-18,273424,Gonzalo Villar,0,0.0,0.0,0.0,0.0,0.0,0.0
2017-18,213141,Gonçalo Guedes,0,5.0,9.0,33.0,27.0,0.0,0.0
2017-18,24986,Gorka Iraizoz,0,0.0,0.0,9.0,8.0,0.0,0.0
2017-18,138333,Guido Pizarro,0,1.0,0.0,24.0,19.0,0.0,0.0
2017-18,155204,Guilherme,0,0.0,0.0,31.0,31.0,0.0,0.0
2017-18,207269,Guilherme Arana,0,0.0,0.0,3.0,2.0,0.0,0.0
2017-18,200562,Guillermo Maripán,0,0.0,0.0,19.0,17.0,0.0,0.0
2017-18,44473,Gustavo Cabral,0,1.0,1.0,26.0,20.0,0.0,0.0
2017-18,251073,Gustavo Quezada,0,0.0,0.0,0.0,0.0,0.0,0.0
2017-18,237193,Hacen ,0,0.0,0.0,2.0,1.0,0.0,0.0
2017-18,138417,Hernán Pérez,0,0.0,0.0,14.0,5.0,0.0,0.0
2017-18,227038,Hernán Toledo,0,0.0,1.0,15.0,6.0,0.0,0.0
2017-18,267477,Hugo Duro,0,0.0,0.0,2.0,0.0,0.0,0.0
2017-18,140271,Hugo Mallo,0,0.0,5.0,34.0,34.0,0.0,0.0
2017-18,180725,Héctor Hernández,0,0.0,0.0,1.0,0.0,0.0,0.0
2017-18,125300,Héctor Moreno,0,1.0,0.0,8.0,8.0,0.0,0.0
2017-18,92800,Iago Aspas,0,22.0,5.0,34.0,33.0,0.0,0.0
2017-18,174959,Iago Herrerín,0,0.0,0.0,8.0,8.0,0.0,0.0
2017-18,266305,Ian Pino,0,0.0,0.0,0.0,0.0,0.0,0.0
2017-18,148981,Ibai Gómez,0,7.0,6.0,34.0,26.0,0.0,0.0
2017-18,153442,Ignasi Miquel,0,0.0,0.0,20.0,20.0,0.0,0.0
2017-18,235693,Igor Zubeldia,0,1.0,2.0,25.0,16.0,0.0,0.0
2017-18,139419,Iker Muniain,0,4.0,2.0,14.0,7.0,0.0,0.0
2017-18,62138,Imanol Agirretxe,0,0.0,0.0,11.0,2.0,0.0,0.0
2017-18,242005,Imanol García,0,0.0,0.0,0.0,0.0,0.0,0.0
2017-18,251664,Imanol Sarriegui,0,0.0,0.0,3.0,0.0,0.0,0.0
2017-18,183079,Imoh Ezekiel,0,0.0,0.0,10.0,5.0,0.0,0.0
2017-18,261528,Ioritz Landeta,0,0.0,0.0,0.0,0.0,0.0,0.0
2017-18,194684,Isaac Success,0,0.0,1.0,9.0,7.0,0.0,0.0
2017-18,143564,Isco,0,7.0,7.0,30.0,21.0,0.0,0.0
2017-18,102251,Ivan Rakitić,0,1.0,5.0,35.0,31.0,0.0,0.0
2017-18,202601,Ivi,0,4.0,3.0,29.0,17.0,0.0,0.0
2017-18,206473,Iván Alejo,0,1.0,3.0,22.0,14.0,0.0,0.0
2017-18,32501,Iván Cuéllar,0,0.0,0.0,35.0,35.0,0.0,0.0
2017-18,165729,Iván López,0,0.0,1.0,3.0,3.0,0.0,0.0
2017-18,40546,Iván Ramis,0,3.0,0.0,16.0,15.0,0.0,0.0
2017-18,208857,Iván Rodríguez,0,0.0,0.0,1.0,0.0,0.0,0.0
2017-18,242580,Iván Villar,0,0.0,0.0,0.0,0.0,0.0,0.0
2017-18,214412,Iñaki Williams,0,7.0,6.0,38.0,31.0,0.0,0.0
2017-18,227414,Iñigo Córdoba,0,1.0,1.0,30.0,18.0,0.0,0.0
2017-18,222369,Iñigo Lekue,0,0.0,1.0,32.0,22.0,0.0,0.0
2017-18,165562,Iñigo Martínez,0,1.0,1.0,28.0,28.0,0.0,0.0
2017-18,267514,Iñigo Muñoz,0,0.0,0.0,0.0,0.0,0.0,0.0
2017-18,157708,Iñigo Ruiz de Galarreta,0,0.0,0.0,0.0,0.0,0.0,0.0
2017-18,268555,Jaime Seoane,0,0.0,0.0,0.0,0.0,0.0,0.0
2017-18,261204,Jaime Sierra,0,0.0,0.0,2.0,0.0,0.0,0.0
2017-18,165679,Jairo Samperio,0,0.0,0.0,11.0,6.0,0.0,0.0
2017-18,149622,Jan Oblak,0,0.0,0.0,37.0,37.0,0.0,0.0
2017-18,186840,Jason,0,1.0,2.0,27.0,22.0,0.0,0.0
2017-18,137783,Jasper Cillessen,0,0.0,0.0,1.0,1.0,0.0,0.0
2017-18,103897,Jaume Costa,0,0.0,0.0,31.0,30.0,0.0,0.0
2017-18,173750,Jaume Doménech,0,0.0,0.0,5.0,5.0,0.0,0.0
2017-18,119404,Javi Castellano,0,0.0,0.0,23.0,17.0,0.0,0.0
2017-18,68438,Javi Fuego,0,0.0,0.0,28.0,23.0,0.0,0.0
2017-18,68489,Javi García,0,1.0,0.0,32.0,27.0,0.0,0.0
2017-18,251139,Javi Jiménez,0,0.0,0.0,0.0,0.0,0.0,0.0
2017-18,141656,Javi López,0,0.0,0.0,14.0,12.0,0.0,0.0
2017-18,207718,Javier Eraso,0,4.0,3.0,34.0,31.0,0.0,0.0
2017-18,197399,Jefferson Lerma,0,0.0,1.0,26.0,25.0,0.0,0.0
2017-18,37449,Jesús Navas,0,1.0,0.0,26.0,20.0,0.0,0.0
2017-18,209592,Jesús Vallejo,0,0.0,0.0,7.0,7.0,0.0,0.0
2017-18,208850,Joan Jordán,0,6.0,4.0,35.0,25.0,0.0,0.0
2017-18,12418,Joaquín,0,4.0,7.0,35.0,29.0,0.0,0.0
2017-18,195638,Joaquín Correa,0,1.0,1.0,22.0,16.0,0.0,0.0
2017-18,166669,Joel Campbell,0,2.0,1.0,8.0,2.0,0.0,0.0
2017-18,173247,Johan Mojica,0,0.0,4.0,30.0,22.0,0.0,0.0
2017-18,153488,Johannes Geis,0,0.0,1.0,14.0,7.0,0.0,0.0
2017-18,146893,John Guidetti,0,3.0,3.0,25.0,15.0,0.0,0.0
2017-18,234335,Jon Bautista,0,1.0,0.0,11.0,1.0,0.0,0.0
2017-18,254320,Jon Guridi,0,0.0,0.0,4.0,0.0,0.0,0.0
2017-18,207941,Jon Serantes,0,0.0,0.0,1.0,1.0,0.0,0.0
2017-18,162558,Jonathan Calleri,0,9.0,3.0,37.0,34.0,0.0,0.0
2017-18,176312,Jonny,0,2.0,1.0,36.0,36.0,0.0,0.0
2017-18,143472,Jonás Ramalho,0,0.0,0.0,26.0,25.0,0.0,0.0
2017-18,121021,Jordi Alba,0,2.0,8.0,33.0,30.0,0.0,0.0
2017-18,144477,Jordi Amat,0,0.0,0.0,25.0,24.0,0.0,0.0
2017-18,252031,Jorge Cuenca,0,0.0,0.0,0.0,0.0,0.0,0.0
2017-18,116111,Jorge Molina,0,7.0,4.0,36.0,31.0,0.0,0.0
2017-18,209744,Jose Alonso,0,0.0,0.0,1.0,0.0,0.0,0.0
2017-18,193463,Joseba Zaldúa,0,1.0,0.0,30.0,29.0,0.0,0.0
2017-18,229522,José Arnaiz,0,0.0,0.0,1.0,0.0,0.0,0.0
2017-18,158259,José Campaña,0,1.0,4.0,35.0,33.0,0.0,0.0
2017-18,260153,José Carlos Sánchez,0,0.0,0.0,0.0,0.0,0.0,0.0
2017-18,178747,José Gayà,0,0.0,3.0,34.0,33.0,0.0,0.0
2017-18,184640,José Luis Morales,0,10.0,8.0,35.0,35.0,0.0,0.0
2017-18,53415,José Manuel Jurado,0,0.0,3.0,29.0,20.0,0.0,0.0
2017-18,188398,José María Giménez,0,1.0,1.0,23.0,17.0,0.0,0.0
2017-18,130213,José Ángel,0,0.0,8.0,30.0,28.0,0.0,0.0
2017-18,182675,Jozabed,0,0.0,4.0,24.0,18.0,0.0,0.0
2017-18,78878,Juan Agüero,0,0.0,0.0,0.0,0.0,0.0,0.0
2017-18,145565,Juan Cruz,0,0.0,0.0,1.0,0.0,0.0,0.0
2017-18,227196,Juan Moreno,0,0.0,0.0,0.0,0.0,0.0,0.0
2017-18,212327,Juan Soriano,0,0.0,0.0,0.0,0.0,0.0,0.0
2017-18,108619,Juanfran,0,0.0,1.0,35.0,34.0,0.0,0.0
2017-18,53416,Juanfran,0,0.0,1.0,17.0,15.0,0.0,0.0
2017-18,152631,Juankar,0,0.0,0.0,10.0,9.0,0.0,0.0
2017-18,143643,Juanmi,0,8.0,2.0,30.0,18.0,0.0,0.0
2017-18,135922,Juanpe,0,5.0,1.0,35.0,34.0,0.0,0.0
2017-18,207279,Juanpi,0,0.0,2.0,16.0,5.0,0.0,0.0
2017-18,268554,Julen Azkue,0,0.0,0.0,0.0,0.0,0.0,0.0
2017-18,227724,Julen López,0,0.0,0.0,0.0,0.0,0.0,0.0
2017-18,261315,Julio Gracia,0,0.0,0.0,2.0,0.0,0.0,0.0
2017-18,269655,Junior Firpo,0,2.0,2.0,14.0,14.0,0.0,0.0
2017-18,46858,Karim Benzema,0,5.0,10.0,32.0,25.0,0.0,0.0
2017-18,250676,Keidi Bare,0,0.0,0.0,0.0,0.0,0.0,0.0
2017-18,131765,Keko,0,0.0,2.0,21.0,15.0,0.0,0.0
2017-18,169532,Kepa Arrizabalaga,0,0.0,0.0,30.0,30.0,0.0,0.0
2017-18,101468,Kevin Gameiro,0,7.0,2.0,25.0,11.0,0.0,0.0
2017-18,73247,Keylor Navas,0,0.0,0.0,27.0,27.0,0.0,0.0
2017-18,87703,Kiko Casilla,0,0.0,0.0,10.0,10.0,0.0,0.0
2017-18,140791,Koke,0,4.0,4.0,35.0,33.0,0.0,0.0
2017-18,202751,Koke Vegas,0,0.0,0.0,1.0,1.0,0.0,0.0
2017-18,173614,Kévin Rodrigues,0,1.0,2.0,20.0,18.0,0.0,0.0
2017-18,215656,Kévin Soni,0,0.0,0.0,2.0,0.0,0.0,0.0
2017-18,133259,Leandro Cabrera,0,0.0,0.0,9.0,8.0,0.0,0.0
2017-18,129881,Leandro Chichizola,0,0.0,0.0,27.0,27.0,0.0,0.0
2017-18,195339,Leo Suárez,0,0.0,0.0,1.0,0.0,0.0,0.0
2017-18,150318,Lionel Carole,0,0.0,1.0,6.0,6.0,0.0,0.0
2017-18,45843,Lionel Messi,0,34.0,12.0,36.0,32.0,0.0,0.0
2017-18,261112,Lorenzo Morón,0,7.0,0.0,15.0,12.0,0.0,0.0
2017-18,84886,Loïc Rémy,0,8.0,0.0,23.0,12.0,0.0,0.0
2017-18,225561,Luca Zidane,0,0.0,0.0,1.0,1.0,0.0,0.0
2017-18,207236,Lucas Boyé,0,0.0,0.0,13.0,2.0,0.0,0.0
2017-18,160115,Lucas Digne,0,0.0,2.0,12.0,8.0,0.0,0.0
2017-18,196200,Lucas Hernández,0,0.0,1.0,27.0,24.0,0.0,0.0
2017-18,184825,Lucas Pérez,0,8.0,6.0,35.0,31.0,0.0,0.0
2017-18,174967,Lucas Vázquez,0,4.0,7.0,33.0,16.0,0.0,0.0
2017-18,168277,Luciano Vietto,0,2.0,1.0,20.0,9.0,0.0,0.0
2017-18,136291,Luis Hernández,0,0.0,1.0,36.0,36.0,0.0,0.0
2017-18,151510,Luis Muriel,0,7.0,1.0,29.0,17.0,0.0,0.0
2017-18,125088,Luis Suárez,0,25.0,12.0,33.0,32.0,0.0,0.0
2017-18,164745,Luisinho,0,1.0,1.0,30.0,29.0,0.0,0.0
2017-18,259843,Luismi Quezada,0,0.0,0.0,0.0,0.0,0.0,0.0
2017-18,76762,Luka Modric,0,1.0,6.0,26.0,23.0,0.0,0.0
2017-18,175010,Léo Baptistão,0,8.0,3.0,36.0,31.0,0.0,0.0
2017-18,153937,Maksym Koval,0,0.0,0.0,2.0,2.0,0.0,0.0
2017-18,259839,Manu,0,0.0,0.0,0.0,0.0,0.0,0.0
2017-18,125743,Manu García,0,3.0,0.0,30.0,27.0,0.0,0.0
2017-18,268753,Manu Morlanes,0,0.0,0.0,0.0,0.0,0.0,0.0
2017-18,158605,Manu Trigueros,0,3.0,4.0,34.0,32.0,0.0,0.0
2017-18,147436,Manuel Iturra,0,0.0,0.0,20.0,18.0,0.0,0.0
2017-18,145078,Marc Bartra,0,1.0,0.0,16.0,16.0,0.0,0.0
2017-18,259910,Marc Cucurella,0,0.0,0.0,0.0,0.0,0.0,0.0
2017-18,135405,Marc Muniesa,0,0.0,1.0,13.0,13.0,0.0,0.0
2017-18,150251,Marc Navarro,0,1.0,0.0,19.0,10.0,0.0,0.0
2017-18,242008,Marc Roca,0,0.0,0.0,8.0,2.0,0.0,0.0
2017-18,140740,Marc-André ter Stegen,0,0.0,0.0,37.0,37.0,0.0,0.0
2017-18,257476,Marcel Lizak,0,0.0,0.0,0.0,0.0,0.0,0.0
2017-18,77641,Marcelo,0,2.0,6.0,28.0,26.0,0.0,0.0
2017-18,195821,Marco Asensio,0,6.0,6.0,32.0,19.0,0.0,0.0
2017-18,206474,Marcos Llorente,0,0.0,0.0,13.0,5.0,0.0,0.0
2017-18,48362,Mariano Barbosa,0,0.0,0.0,13.0,12.0,0.0,0.0
2017-18,133180,Mario,0,2.0,3.0,32.0,31.0,0.0,0.0
2017-18,71067,Mario González,0,0.0,0.0,2.0,0.0,0.0,0.0
2017-18,222529,Mario Hermoso,0,1.0,0.0,22.0,22.0,0.0,0.0
2017-18,245922,Markel Areitio,0,0.0,0.0,0.0,0.0,0.0,0.0
2017-18,109294,Markel Susaeta,0,3.0,2.0,34.0,26.0,0.0,0.0
2017-18,179211,Marko Dmitrovic,0,0.0,0.0,36.0,36.0,0.0,0.0
2017-18,251921,Martín Aguirregabiria,0,0.0,4.0,21.0,20.0,0.0,0.0
2017-18,207714,Martín Mantovani,0,1.0,0.0,14.0,10.0,0.0,0.0
2017-18,137425,Martín Montoya,0,0.0,4.0,25.0,24.0,0.0,0.0
2017-18,154595,Mateo Kovacic,0,0.0,1.0,21.0,10.0,0.0,0.0
2017-18,40501,Mathieu Flamini,0,0.0,0.0,8.0,6.0,0.0,0.0
2017-18,234881,Mathías Olivera,0,1.0,0.0,3.0,1.0,0.0,0.0
2017-18,116102,Matías Aguirre,0,0.0,0.0,15.0,14.0,0.0,0.0
2017-18,199775,Mauro Arambarri,0,1.0,1.0,27.0,26.0,0.0,0.0
2017-18,88235,Mauro dos Santos,0,0.0,0.0,14.0,10.0,0.0,0.0
2017-18,67183,Maxi Gómez,0,17.0,4.0,36.0,35.0,0.0,0.0
2017-18,268526,Maxi Villa,0,0.0,0.0,0.0,0.0,0.0,0.0
2017-18,130115,Maxime Lestienne,0,0.0,1.0,12.0,8.0,0.0,0.0
2017-18,68358,Medhi Lacen,0,0.0,0.0,19.0,12.0,0.0,0.0
2017-18,236604,Merveil Ndockyt,0,0.0,0.0,6.0,0.0,0.0,0.0
2017-18,83408,Michael Krohn-Dehli,0,1.0,1.0,24.0,15.0,0.0,0.0
2017-18,184910,Michael Olunga,0,3.0,1.0,14.0,4.0,0.0,0.0
2017-18,150790,Miguel Guerrero,0,4.0,3.0,22.0,15.0,0.0,0.0
2017-18,138415,Miguel Layún,0,2.0,0.0,16.0,11.0,0.0,0.0
2017-18,273291,Miguel Rubio,0,0.0,0.0,1.0,0.0,0.0,0.0
2017-18,227192,Miguel San Román,0,0.0,0.0,0.0,0.0,0.0,0.0
2017-18,93382,Miguel Torres,0,0.0,0.0,8.0,8.0,0.0,0.0
2017-18,32937,Miguel Ángel Moyà,0,0.0,0.0,9.0,9.0,0.0,0.0
2017-18,126441,Mikel Balenziaga,0,0.0,2.0,18.0,18.0,0.0,0.0
2017-18,229018,Mikel Oyarzabal,0,12.0,5.0,35.0,31.0,0.0,0.0
2017-18,89201,Mikel Rico,0,0.0,0.0,17.0,13.0,0.0,0.0
2017-18,108313,Mikel San José,0,1.0,1.0,26.0,24.0,0.0,0.0
2017-18,222373,Mikel Vesga,0,1.0,1.0,12.0,11.0,0.0,0.0
2017-18,266946,Moha Ramos,0,0.0,0.0,0.0,0.0,0.0,0.0
2017-18,43321,Molinero,0,0.0,0.0,10.0,5.0,0.0,0.0
2017-18,30692,Momo,0,0.0,1.0,13.0,8.0,0.0,0.0
2017-18,125372,Mubarak Wakaso,0,0.0,1.0,21.0,12.0,0.0,0.0
2017-18,265996,Mujaid Sadick,0,0.0,0.0,2.0,1.0,0.0,0.0
2017-18,193782,Munir El Haddadi,0,10.0,6.0,33.0,28.0,0.0,0.0
2017-18,121594,Míchel Macedo,0,0.0,1.0,28.0,26.0,0.0,0.0
2017-18,66174,Nabil El Zhar,0,2.0,2.0,30.0,20.0,0.0,0.0
2017-18,157710,Nacho,0,3.0,0.0,27.0,22.0,0.0,0.0
2017-18,231574,Nacho Gil,0,0.0,1.0,20.0,10.0,0.0,0.0
2017-18,240102,Nacho Vidal,0,1.0,0.0,7.0,5.0,0.0,0.0
2017-18,158293,Naldo,0,0.0,0.0,11.0,10.0,0.0,0.0
2017-18,78682,Naranjo,0,1.0,0.0,16.0,6.0,0.0,0.0
2017-18,219538,Nemanja Maksimovic,0,0.0,0.0,15.0,6.0,0.0,0.0
2017-18,207894,Nemanja Radoja,0,0.0,1.0,26.0,11.0,0.0,0.0
2017-18,195726,Nereo Champagne,0,0.0,0.0,2.0,2.0,0.0,0.0
2017-18,138398,Neto,0,0.0,0.0,33.0,33.0,0.0,0.0
2017-18,86391,Nico Pareja,0,0.0,0.0,5.0,5.0,0.0,0.0
2017-18,153341,Nicola Sansone,0,5.0,1.0,18.0,5.0,0.0,0.0
2017-18,150227,Nolito,0,4.0,5.0,30.0,17.0,0.0,0.0
2017-18,124891,Nordin Amrabat,0,2.0,4.0,30.0,17.0,0.0,0.0
2017-18,222670,Nélson Semedo,0,0.0,0.0,24.0,17.0,0.0,0.0
2017-18,113699,Oier Olazábal,0,0.0,0.0,26.0,26.0,0.0,0.0
2017-18,250683,Olabe,0,0.0,0.0,0.0,0.0,0.0,0.0
2017-18,140362,Omar Ramos,0,0.0,1.0,23.0,18.0,0.0,0.0
2017-18,259911,Oriol Busquets,0,0.0,0.0,0.0,0.0,0.0,0.0
2017-18,229744,Ousmane Dembélé,0,3.0,6.0,17.0,12.0,0.0,0.0
2017-18,227714,Pablo Fornals,0,3.0,12.0,35.0,30.0,0.0,0.0
2017-18,123871,Pablo Hernández,0,3.0,2.0,30.0,18.0,0.0,0.0
2017-18,222661,Pablo Maffeo,0,0.0,1.0,33.0,32.0,0.0,0.0
2017-18,90864,Pablo Piatti,0,2.0,3.0,30.0,22.0,0.0,0.0
2017-18,154514,Pablo Sarabia,0,6.0,5.0,34.0,27.0,0.0,0.0
2017-18,150506,Paco Alcácer,0,4.0,3.0,17.0,8.0,0.0,0.0
2017-18,84905,Pape Diop,0,0.0,0.0,20.0,15.0,0.0,0.0
2017-18,273285,Pape Mbodji,0,0.0,0.0,0.0,0.0,0.0,0.0
2017-18,203061,Pau López,0,0.0,0.0,29.0,28.0,0.0,0.0
2017-18,251100,Pau Torres,0,0.0,0.0,2.0,0.0,0.0,0.0
2017-18,139718,Paulinho,0,9.0,2.0,34.0,21.0,0.0,0.0
2017-18,92335,Paulo Oliveira,0,0.0,0.0,26.0,25.0,0.0,0.0
2017-18,136729,Pedro Alcalá,0,1.0,0.0,8.0,8.0,0.0,0.0
2017-18,167297,Pedro Bigas,0,0.0,0.0,12.0,11.0,0.0,0.0
2017-18,103003,Pedro León,0,0.0,3.0,12.0,10.0,0.0,0.0
2017-18,103012,Pedro López,0,0.0,0.0,21.0,18.0,0.0,0.0
2017-18,183413,Pedro López,0,0.0,0.0,5.0,4.0,0.0,0.0
2017-18,240776,Pedro Martínez,0,0.0,0.0,0.0,0.0,0.0,0.0
2017-18,131771,Pedro Mosquera,0,0.0,2.0,23.0,16.0,0.0,0.0
2017-18,268533,Pedro Porro,0,0.0,0.0,0.0,0.0,0.0,0.0
2017-18,268755,Pepe Castaño,0,0.0,0.0,0.0,0.0,0.0,0.0
2017-18,178565,Pere Pons,0,0.0,2.0,31.0,30.0,0.0,0.0
2017-18,271822,Peru Nolaskoain,0,0.0,0.0,0.0,0.0,0.0,0.0
2017-18,235299,Peter Etebo,0,0.0,1.0,14.0,14.0,0.0,0.0
2017-18,130372,Philippe Coutinho,0,8.0,5.0,18.0,16.0,0.0,0.0
2017-18,186456,Pione Sisto,0,5.0,9.0,34.0,31.0,0.0,0.0
2017-18,152166,Portu,0,11.0,5.0,37.0,35.0,0.0,0.0
2017-18,125136,Przemyslaw Tyton,0,0.0,0.0,2.0,1.0,0.0,0.0
2017-18,268589,Quique Fornos,0,0.0,0.0,0.0,0.0,0.0,0.0
2017-18,116396,Rafael Enrique Navarro,0,0.0,0.0,3.0,1.0,0.0,0.0
2017-18,255887,Rafael Muñoz,0,0.0,0.0,0.0,0.0,0.0,0.0
2017-18,215436,Ramiro Guerra,0,0.0,0.0,4.0,0.0,0.0,0.0
2017-18,153053,Raphaël Varane,0,0.0,1.0,27.0,27.0,0.0,0.0
2017-18,148527,Raúl Albentosa,0,1.0,0.0,20.0,19.0,0.0,0.0
2017-18,113097,Raúl Fernández,0,0.0,0.0,11.0,11.0,0.0,0.0
2017-18,144589,Raúl García,0,0.0,2.0,19.0,15.0,0.0,0.0
2017-18,45927,Raúl García,0,10.0,1.0,34.0,30.0,0.0,0.0
2017-18,153481,Raúl Lizoain,0,0.0,0.0,11.0,11.0,0.0,0.0
2017-18,135603,Raúl Navas,0,0.0,1.0,20.0,20.0,0.0,0.0
2017-18,153714,Recio,0,1.0,2.0,22.0,21.0,0.0,0.0
2017-18,261110,Redru,0,0.0,0.0,0.0,0.0,0.0,0.0
2017-18,159537,Riza Durmisi,0,2.0,3.0,24.0,23.0,0.0,0.0
2017-18,170780,Robert Mazán,0,0.0,0.0,2.0,1.0,0.0,0.0
2017-18,95406,Roberto,0,0.0,0.0,34.0,34.0,0.0,0.0
2017-18,98062,Roberto Rosales,0,1.0,0.0,35.0,35.0,0.0,0.0
2017-18,131469,Roberto Soriano,0,0.0,0.0,22.0,11.0,0.0,0.0
2017-18,231828,Rodri,0,1.0,3.0,37.0,36.0,0.0,0.0
2017-18,144639,Rodrigo,0,16.0,4.0,37.0,31.0,0.0,0.0
2017-18,155584,Rodrigo Ely,0,1.0,0.0,31.0,30.0,0.0,0.0
2017-18,169533,Roger Martí,0,3.0,2.0,17.0,10.0,0.0,0.0
2017-18,192180,Roger Martínez,0,1.0,0.0,8.0,2.0,0.0,0.0
2017-18,167190,Roque Mesa,0,0.0,0.0,7.0,4.0,0.0,0.0
2017-18,140288,Rubén,0,0.0,0.0,28.0,27.0,0.0,0.0
2017-18,167069,Rubén Blanco,0,0.0,0.0,23.0,23.0,0.0,0.0
2017-18,68578,Rubén Castro,0,1.0,1.0,10.0,3.0,0.0,0.0
2017-18,177553,Rubén Duarte,0,0.0,2.0,24.0,24.0,0.0,0.0
2017-18,165667,Rubén Pardo,0,0.0,1.0,6.0,3.0,0.0,0.0
2017-18,177803,Rubén Peña,0,1.0,0.0,28.0,18.0,0.0,0.0
2017-18,131766,Rubén Pérez,0,0.0,0.0,31.0,29.0,0.0,0.0
2017-18,137437,Rubén Rochina,0,1.0,0.0,5.0,1.0,0.0,0.0
2017-18,174970,Rubén Sobrino,0,3.0,2.0,28.0,15.0,0.0,0.0
2017-18,111320,Ryad Boudebouz,0,2.0,3.0,27.0,15.0,0.0,0.0
2017-18,231341,Róber,0,0.0,0.0,25.0,19.0,0.0,0.0
2017-18,194019,Rúben Semedo,0,0.0,0.0,4.0,3.0,0.0,0.0
2017-18,173401,Rúben Vezo,0,0.0,0.0,19.0,17.0,0.0,0.0
2017-18,222367,Sabin Merino,0,0.0,0.0,13.0,4.0,0.0,0.0
2017-18,163850,Salem Al-Dawsari,0,0.0,0.0,1.0,0.0,0.0,0.0
2017-18,207278,Samu Castillejo,0,6.0,5.0,30.0,25.0,0.0,0.0
2017-18,192531,Samu García,0,0.0,1.0,18.0,4.0,0.0,0.0
2017-18,150051,Samuel Umtiti,0,1.0,0.0,25.0,24.0,0.0,0.0
2017-18,188165,Sandro,0,0.0,1.0,13.0,7.0,0.0,0.0
2017-18,181642,Santi Mina,0,12.0,2.0,32.0,17.0,0.0,0.0
2017-18,222300,Sasa Lukic,0,0.0,1.0,16.0,12.0,0.0,0.0
2017-18,172269,Saúl Ñíguez,0,2.0,3.0,36.0,35.0,0.0,0.0
2017-18,165519,Sergi Darder,0,1.0,2.0,35.0,32.0,0.0,0.0
2017-18,144480,Sergi Enrich,0,3.0,1.0,19.0,14.0,0.0,0.0
2017-18,120708,Sergi Gómez,0,1.0,0.0,33.0,31.0,0.0,0.0
2017-18,150225,Sergi Roberto,0,1.0,7.0,30.0,24.0,0.0,0.0
2017-18,250861,Sergio Arribas,0,0.0,0.0,1.0,0.0,0.0,0.0
2017-18,111613,Sergio Asenjo,0,0.0,0.0,23.0,23.0,0.0,0.0
2017-18,121893,Sergio Busquets,0,1.0,4.0,31.0,30.0,0.0,0.0
2017-18,125383,Sergio Canales,0,4.0,5.0,36.0,20.0,0.0,0.0
2017-18,135914,Sergio Escudero,0,0.0,2.0,27.0,26.0,0.0,0.0
2017-18,26704,Sergio García,0,2.0,6.0,34.0,15.0,0.0,0.0
2017-18,229338,Sergio González,0,0.0,0.0,0.0,0.0,0.0,0.0
2017-18,111440,Sergio León,0,11.0,1.0,31.0,23.0,0.0,0.0
2017-18,268751,Sergio Lozano,0,0.0,0.0,0.0,0.0,0.0,0.0
2017-18,151406,Sergio Mora,0,0.0,0.0,26.0,6.0,0.0,0.0
2017-18,169787,Sergio Postigo,0,1.0,0.0,30.0,27.0,0.0,0.0
2017-18,41579,Sergio Ramos,0,4.0,1.0,26.0,26.0,0.0,0.0
2017-18,169293,Sergio Rico,0,0.0,0.0,24.0,23.0,0.0,0.0
2017-18,103080,Sergio Sanchez,0,0.0,0.0,2.0,1.0,0.0,0.0
2017-18,85308,Sergio Álvarez,0,0.0,0.0,17.0,16.0,0.0,0.0
2017-18,219275,Shaq Moore,0,0.0,0.0,6.0,5.0,0.0,0.0
2017-18,124008,Sidnei,0,1.0,1.0,21.0,21.0,0.0,0.0
2017-18,152412,Sime Vrsaljko,0,0.0,4.0,21.0,19.0,0.0,0.0
2017-18,99987,Simon Kjaer,0,2.0,0.0,20.0,18.0,0.0,0.0
2017-18,132580,Simone Zaza,0,13.0,1.0,33.0,23.0,0.0,0.0
2017-18,188412,Stanislav Lobotka,0,0.0,0.0,38.0,34.0,0.0,0.0
2017-18,150541,Stefan Savic,0,0.0,0.0,27.0,26.0,0.0,0.0
2017-18,113290,Steven N'Zonzi,0,1.0,2.0,27.0,26.0,0.0,0.0
2017-18,24977,Sulley Muntari,0,0.0,0.0,8.0,6.0,0.0,0.0
2017-18,132056,Sébastien Corchia,0,0.0,1.0,12.0,9.0,0.0,0.0
2017-18,164204,Takashi Inui,0,5.0,2.0,34.0,31.0,0.0,0.0
2017-18,172981,Tana,0,1.0,1.0,24.0,16.0,0.0,0.0
2017-18,233621,Theo Hernández,0,0.0,0.0,13.0,10.0,0.0,0.0
2017-18,189972,Thomas Partey,0,3.0,0.0,33.0,28.0,0.0,0.0
2017-18,40543,Thomas Vermaelen,0,0.0,1.0,14.0,12.0,0.0,0.0
2017-18,140312,Tito,0,0.0,0.0,9.0,6.0,0.0,0.0
2017-18,144670,Tomás Pina,0,1.0,0.0,30.0,28.0,0.0,0.0
2017-18,103173,Toni Kroos,0,5.0,7.0,27.0,26.0,0.0,0.0
2017-18,232275,Toni Lato,0,0.0,1.0,16.0,9.0,0.0,0.0
2017-18,140593,Toño,0,0.0,1.0,12.0,12.0,0.0,0.0
2017-18,135593,Toño Ramírez,0,0.0,0.0,4.0,3.0,0.0,0.0
2017-18,207893,Unai Bustinza,0,2.0,0.0,20.0,18.0,0.0,0.0
2017-18,260902,Unai Núñez,0,1.0,0.0,33.0,33.0,0.0,0.0
2017-18,222375,Unai Simón,0,0.0,0.0,0.0,0.0,0.0,0.0
2017-18,97429,Vicente Guaita,0,0.0,0.0,33.0,33.0,0.0,0.0
2017-18,150805,Vicente Gómez,0,0.0,0.0,25.0,17.0,0.0,0.0
2017-18,268648,Victor López,0,0.0,1.0,1.0,1.0,0.0,0.0
2017-18,274015,Victor San Bartolomé,0,0.0,0.0,0.0,0.0,0.0,0.0
2017-18,150803,Vitolo,0,2.0,2.0,23.0,16.0,0.0,0.0
2017-18,108203,Vitorino Antunes,0,0.0,2.0,34.0,31.0,0.0,0.0
2017-18,219530,Vukasin Jovanovic,0,0.0,0.0,0.0,0.0,0.0,0.0
2017-18,196789,Víctor Camarasa,0,1.0,0.0,24.0,14.0,0.0,0.0
2017-18,113460,Víctor Laguardia,0,2.0,0.0,17.0,17.0,0.0,0.0
2017-18,215724,Víctor Pastrana,0,0.0,0.0,0.0,0.0,0.0,0.0
2017-18,121023,Víctor Ruiz,0,2.0,1.0,27.0,27.0,0.0,0.0
2017-18,113187,Víctor Sánchez,0,0.0,2.0,30.0,29.0,0.0,0.0
2017-18,205386,Wilfrid Kaptoum,0,0.0,0.0,0.0,0.0,0.0,0.0
2017-18,273394,William De Camargo,0,0.0,0.0,0.0,0.0,0.0,0.0
2017-18,198360,Willian José,0,15.0,4.0,34.0,32.0,0.0,0.0
2017-18,148530,Wissam Ben Yedder,0,9.0,3.0,25.0,18.0,0.0,0.0
2017-18,21481,Xabi Prieto,0,3.0,5.0,26.0,24.0,0.0,0.0
2017-18,129419,Xabier Etxeita,0,1.0,0.0,5.0,5.0,0.0,0.0
2017-18,157568,Ximo Navarro,0,0.0,1.0,31.0,29.0,0.0,0.0
2017-18,243928,Yahya Alshehri,0,0.0,0.0,0.0,0.0,0.0,0.0
2017-18,176757,Yaison Murillo,0,0.0,0.0,17.0,15.0,0.0,0.0
2017-18,175149,Yassine Bounou,0,0.0,0.0,30.0,30.0,0.0,0.0
2017-18,217225,Yeray,0,0.0,0.0,8.0,7.0,0.0,0.0
2017-18,196901,Yerry Mina,0,0.0,1.0,5.0,4.0,0.0,0.0
2017-18,106746,Yoel,0,0.0,0.0,1.0,1.0,0.0,0.0
2017-18,242736,Youssef En-Nesyri,0,4.0,0.0,25.0,16.0,0.0,0.0
2017-18,268557,Youssouf Yalike,0,0.0,0.0,0.0,0.0,0.0,0.0
2017-18,184426,Zakaria Bakkali,0,0.0,0.0,23.0,10.0,0.0,0.0
2017-18,95522,Zdravko Kuzmanovic,0,0.0,1.0,9.0,7.0,0.0,0.0
2017-18,170730,Zouhair Feddal,0,3.0,0.0,15.0,14.0,0.0,0.0
2017-18,215252,Álex Alegría,0,0.0,0.0,9.0,8.0,0.0,0.0
2017-18,271717,Álex Dos Santos,0,0.0,0.0,0.0,0.0,0.0,0.0
2017-18,206230,Álex Granell,0,1.0,7.0,34.0,33.0,0.0,0.0
2017-18,251699,Álex Mozo,0,0.0,0.0,1.0,0.0,0.0,0.0
2017-18,157375,Álvaro González,0,0.0,2.0,33.0,32.0,0.0,0.0
2017-18,241503,Álvaro Jiménez,0,1.0,1.0,13.0,5.0,0.0,0.0
2017-18,200986,Álvaro Medrán,0,2.0,0.0,18.0,10.0,0.0,0.0
2017-18,236156,Álvaro Odriozola,0,0.0,4.0,35.0,32.0,0.0,0.0
2017-18,231405,Álvaro Tejero,0,0.0,0.0,0.0,0.0,0.0,0.0
2017-18,195681,Ángel Correa,0,8.0,4.0,37.0,27.0,0.0,0.0
2017-18,28860,Ángel López,0,0.0,0.0,0.0,0.0,0.0,0.0
2017-18,125203,Ángel Rodríguez,0,13.0,2.0,33.0,26.0,0.0,0.0
2017-18,113734,Éver Banega,0,3.0,3.0,31.0,25.0,0.0,0.0
2017-18,186610,Óscar Duarte,0,0.0,0.0,11.0,11.0,0.0,0.0
2017-18,222376,Óscar Gil,0,0.0,0.0,0.0,0.0,0.0,0.0
2017-18,250375,Óscar Melendo,0,0.0,1.0,18.0,6.0,0.0,0.0
2017-18,231342,Óscar Pinchi,0,0.0,0.0,0.0,0.0,0.0,0.0
2017-18,259842,Óscar Rodríguez,0,0.0,0.0,0.0,0.0,0.0,0.0
2017-18,130135,Óscar de Marcos,0,1.0,2.0,21.0,20.0,0.0,0.0
2018-19,242007,Aarón Martín,0,0.0,0.0,0.0,0.0,0.0,0.0
2018-19,164709,Abdoulaye Ba,0,1.0,0.0,26.0,25.0,0.0,0.0
2018-19,261613,Abel Ruiz,0,0.0,0.0,1.0,0.0,0.0,0.0
2018-19,188192,Aday,0,0.0,2.0,10.0,8.0,0.0,0.0
2018-19,186432,Adnan Januzaj,0,1.0,3.0,20.0,13.0,0.0,0.0
2018-19,193130,Adri Embarba,0,5.0,6.0,36.0,27.0,0.0,0.0
2018-19,277292,Adrià Pedrosa,0,1.0,0.0,12.0,8.0,0.0,0.0
2018-19,246276,Adrián Diéguez,0,0.0,0.0,9.0,8.0,0.0,0.0
2018-19,210228,Adrián Marín,0,0.0,0.0,6.0,2.0,0.0,0.0
2018-19,284423,Adrián Tellado,0,0.0,0.0,0.0,0.0,0.0,0.0
2018-19,276841,Adrián de la Fuente,0,0.0,0.0,0.0,0.0,0.0,0.0
2018-19,283891,Aihen Muñoz,0,0.0,0.0,11.0,11.0,0.0,0.0
2018-19,144759,Aitor Fernández,0,0.0,0.0,16.0,16.0,0.0,0.0
2018-19,109907,Alberto García,0,0.0,0.0,17.0,17.0,0.0,0.0
2018-19,250677,Alberto Rodríguez,0,0.0,0.0,0.0,0.0,0.0,0.0
2018-19,219294,Aleix García,0,2.0,1.0,31.0,20.0,0.0,0.0
2018-19,143030,Aleix Vidal,0,0.0,0.0,11.0,5.0,0.0,0.0
2018-19,264175,Alejandro Catena,0,0.0,0.0,2.0,2.0,0.0,0.0
2018-19,169539,Alejandro Gálvez,0,1.0,0.0,17.0,17.0,0.0,0.0
2018-19,284215,Alejandro Pachón,0,0.0,0.0,0.0,0.0,0.0,0.0
2018-19,206033,Aleksandar Jovanovic,0,0.0,0.0,12.0,12.0,0.0,0.0
2018-19,267515,Alexander Domínguez,0,0.0,0.0,0.0,0.0,0.0,0.0
2018-19,175071,Alexander Szymanowski,0,0.0,0.0,1.0,0.0,0.0,0.0
2018-19,259963,Alfa Semedo,0,0.0,0.0,3.0,0.0,0.0,0.0
2018-19,218439,Alfonso Pedraza,0,3.0,3.0,34.0,22.0,0.0,0.0
2018-19,136945,Allan Nyom,0,1.0,1.0,23.0,20.0,0.0,0.0
2018-19,162264,Amath Ndiaye,0,1.0,2.0,15.0,13.0,0.0,0.0
2018-19,150806,Anaitz Arbilla,0,1.0,2.0,25.0,22.0,0.0,0.0
2018-19,283941,Ander Barrenetxea,0,1.0,0.0,9.0,5.0,0.0,0.0
2018-19,180289,Ander Capa,0,0.0,0.0,25.0,17.0,0.0,0.0
2018-19,260256,Ander Guevara,0,0.0,0.0,1.0,1.0,0.0,0.0
2018-19,124635,Ander Iturraspe,0,0.0,0.0,3.0,1.0,0.0,0.0
2018-19,245839,Andoni Gorosabel,0,0.0,0.0,7.0,6.0,0.0,0.0
2018-19,271436,Andoni Zubiaurre,0,0.0,0.0,0.0,0.0,0.0,0.0
2018-19,280710,Andrei Lupu,0,0.0,0.0,0.0,0.0,0.0,0.0
2018-19,287224,Andrei Ratiu,0,0.0,0.0,0.0,0.0,0.0,0.0
2018-19,213491,Andrew Hjulsager,0,0.0,3.0,15.0,2.0,0.0,0.0
2018-19,257237,Andriy Lunin,0,0.0,0.0,5.0,4.0,0.0,0.0
2018-19,3368,André Silva,0,9.0,0.0,27.0,25.0,0.0,0.0
2018-19,87897,Andrés Fernández,0,0.0,0.0,6.0,6.0,0.0,0.0
2018-19,76932,Andrés Guardado,0,0.0,4.0,31.0,27.0,0.0,0.0
2018-19,176659,Andrés Prieto,0,0.0,0.0,0.0,0.0,0.0,0.0
2018-19,261185,Andrés Solano,0,0.0,0.0,1.0,1.0,0.0,0.0
2018-19,140416,Antoine Griezmann,0,15.0,9.0,37.0,37.0,0.0,0.0
2018-19,101871,Antonio Adán,0,0.0,0.0,1.0,1.0,0.0,0.0
2018-19,66521,Antonio Barragán,0,0.0,0.0,14.0,12.0,0.0,0.0
2018-19,147501,Antonio Luna,0,0.0,2.0,16.0,14.0,0.0,0.0
2018-19,252541,Antonio Moya,0,0.0,0.0,1.0,1.0,0.0,0.0
2018-19,277850,Antonio Perera,0,0.0,0.0,0.0,0.0,0.0,0.0
2018-19,200910,Antonio Sivera,0,0.0,0.0,3.0,3.0,0.0,0.0
2018-19,196963,Antoñito,0,2.0,1.0,30.0,18.0,0.0,0.0
2018-19,213068,Anuar,0,1.0,0.0,19.0,12.0,0.0,0.0
2018-19,24285,Aritz Aduriz,0,2.0,0.0,20.0,10.0,0.0,0.0
2018-19,214742,Aritz Elustondo,0,1.0,0.0,27.0,24.0,0.0,0.0
2018-19,216254,Arthur,0,0.0,1.0,27.0,19.0,0.0,0.0
2018-19,216178,Arturo Molina,0,0.0,0.0,0.0,0.0,0.0,0.0
2018-19,102198,Arturo Vidal,0,3.0,7.0,33.0,22.0,0.0,0.0
2018-19,148614,Asier Illarramendi,0,1.0,1.0,23.0,20.0,0.0,0.0
2018-19,18998,Asier Riesgo,0,0.0,0.0,14.0,14.0,0.0,0.0
2018-19,150451,Aïssa Mandi,0,1.0,1.0,35.0,34.0,0.0,0.0
2018-19,178579,Barbero,0,0.0,0.0,0.0,0.0,0.0,0.0
2018-19,149672,Bebé,0,1.0,1.0,29.0,14.0,0.0,0.0
2018-19,62137,Bergara,0,0.0,0.0,3.0,0.0,0.0,0.0
2018-19,125777,Bernardo Espinosa,0,1.0,1.0,31.0,31.0,0.0,0.0
2018-19,85300,Beñat ,0,1.0,2.0,27.0,25.0,0.0,0.0
2018-19,13805,Borja,0,0.0,0.0,19.0,10.0,0.0,0.0
2018-19,147082,Borja Bastón,0,5.0,1.0,27.0,18.0,0.0,0.0
2018-19,276649,Borja Garcés,0,1.0,0.0,1.0,0.0,0.0,0.0
2018-19,136180,Borja García,0,1.0,3.0,33.0,30.0,0.0,0.0
2018-19,214995,Borja Iglesias,0,17.0,3.0,37.0,35.0,0.0,0.0
2018-19,218793,Borja Mayoral,0,3.0,2.0,29.0,16.0,0.0,0.0
2018-19,246532,Brahim Díaz,0,1.0,1.0,9.0,5.0,0.0,0.0
2018-19,262729,Brais Méndez,0,6.0,7.0,31.0,27.0,0.0,0.0
2018-19,158601,Bruno,0,0.0,1.0,23.0,18.0,0.0,0.0
2018-19,87893,Bruno,0,0.0,0.0,0.0,0.0,0.0,0.0
2018-19,284429,Bryan Gil,0,1.0,1.0,11.0,0.0,0.0,0.0
2018-19,186881,Burgui,0,1.0,0.0,16.0,5.0,0.0,0.0
2018-19,233802,Carles Aleñá,0,2.0,0.0,17.0,6.0,0.0,0.0
2018-19,150793,Carles Planas,0,0.0,1.0,7.0,4.0,0.0,0.0
2018-19,261468,Carles Pérez,0,0.0,0.0,1.0,0.0,0.0,0.0
2018-19,187236,Carlos Akapo,0,0.0,0.0,13.0,12.0,0.0,0.0
2018-19,121232,Carlos Bacca,0,6.0,1.0,33.0,12.0,0.0,0.0
2018-19,240846,Carlos Doncel,0,0.0,0.0,0.0,0.0,0.0,0.0
2018-19,202841,Carlos Muñoz,0,0.0,0.0,1.0,1.0,0.0,0.0
2018-19,235072,Carlos Soler,0,2.0,6.0,31.0,27.0,0.0,0.0
2018-19,198721,Carlos Vigaray,0,0.0,0.0,8.0,7.0,0.0,0.0
2018-19,173666,Casemiro,0,3.0,0.0,29.0,27.0,0.0,0.0
2018-19,150794,Charles,0,14.0,1.0,34.0,17.0,0.0,0.0
2018-19,141650,Cheick Doukouré,0,0.0,0.0,9.0,3.0,0.0,0.0
2018-19,192763,Chema,0,2.0,0.0,19.0,13.0,0.0,0.0
2018-19,217588,Chimy Ávila,0,10.0,2.0,34.0,20.0,0.0,0.0
2018-19,207205,Choco Lozano,0,0.0,0.0,20.0,7.0,0.0,0.0
2018-19,268439,Chumi,0,0.0,0.0,0.0,0.0,0.0,0.0
2018-19,193917,Clément Lenglet,0,1.0,0.0,23.0,22.0,0.0,0.0
2018-19,125758,Coke,0,4.0,0.0,27.0,19.0,0.0,0.0
2018-19,113737,Cristhian Stuani,0,19.0,0.0,32.0,30.0,0.0,0.0
2018-19,222957,Cristian Rivera,0,2.0,0.0,22.0,19.0,0.0,0.0
2018-19,76884,Cristian Rivero,0,0.0,0.0,0.0,0.0,0.0,0.0
2018-19,218264,Cristian Rodríguez,0,0.0,0.0,0.0,0.0,0.0,0.0
2018-19,132709,Cristian Tello,0,4.0,6.0,29.0,13.0,0.0,0.0
2018-19,154456,Cristiano Piccini,0,1.0,0.0,23.0,21.0,0.0,0.0
2018-19,209735,Cristo,0,0.0,0.0,1.0,0.0,0.0,0.0
2018-19,336809,Cucho Hernández,0,4.0,3.0,34.0,25.0,0.0,0.0
2018-19,164231,Damián Musto,0,0.0,0.0,24.0,20.0,0.0,0.0
2018-19,104899,Damián Suárez,0,0.0,3.0,36.0,36.0,0.0,0.0
2018-19,168531,Dani Carvajal,0,1.0,2.0,24.0,23.0,0.0,0.0
2018-19,202717,Dani Ceballos,0,3.0,0.0,23.0,13.0,0.0,0.0
2018-19,192734,Dani García,0,0.0,0.0,29.0,29.0,0.0,0.0
2018-19,121020,Dani Parejo,0,9.0,7.0,36.0,35.0,0.0,0.0
2018-19,253763,Dani Raba,0,0.0,1.0,8.0,2.0,0.0,0.0
2018-19,274016,Dani Vivian,0,0.0,0.0,0.0,0.0,0.0,0.0
2018-19,124198,Daniel Carriço,0,1.0,1.0,24.0,24.0,0.0,0.0
2018-19,153822,Daniel Wass,0,1.0,3.0,32.0,26.0,0.0,0.0
2018-19,10983,Daniele Bonera,0,0.0,0.0,5.0,4.0,0.0,0.0
2018-19,212477,Daniele Verde,0,2.0,0.0,22.0,4.0,0.0,0.0
2018-19,151695,Darko Brasanac,0,0.0,1.0,24.0,17.0,0.0,0.0
2018-19,192796,David Costas,0,0.0,0.0,15.0,13.0,0.0,0.0
2018-19,176743,David Ferreiro,0,1.0,3.0,35.0,23.0,0.0,0.0
2018-19,165644,David Juncà,0,0.0,3.0,21.0,21.0,0.0,0.0
2018-19,160740,David López,0,0.0,0.0,21.0,21.0,0.0,0.0
2018-19,196339,David Soria,0,0.0,0.0,37.0,37.0,0.0,0.0
2018-19,125764,David Zurutuza,0,2.0,0.0,21.0,13.0,0.0,0.0
2018-19,163129,Denis Cheryshev,0,2.0,2.0,27.0,19.0,0.0,0.0
2018-19,282592,Diego Altamirano,0,0.0,0.0,0.0,0.0,0.0,0.0
2018-19,95410,Diego Costa,0,2.0,2.0,16.0,14.0,0.0,0.0
2018-19,104564,Diego Godín,0,3.0,1.0,30.0,28.0,0.0,0.0
2018-19,253830,Diego Lainez,0,0.0,1.0,12.0,3.0,0.0,0.0
2018-19,181530,Diego Llorente,0,0.0,0.0,21.0,20.0,0.0,0.0
2018-19,40547,Diego López,0,0.0,0.0,38.0,38.0,0.0,0.0
2018-19,83869,Diego Reyes,0,0.0,0.0,6.0,4.0,0.0,0.0
2018-19,166318,Diego Rolán,0,0.0,0.0,15.0,5.0,0.0,0.0
2018-19,157739,Dimitri Foulquier,0,3.0,2.0,25.0,23.0,0.0,0.0
2018-19,140886,Dimitrios Siovas,0,1.0,0.0,34.0,34.0,0.0,0.0
2018-19,181355,Djené,0,0.0,0.0,34.0,34.0,0.0,0.0
2018-19,320074,Douglas Luiz,0,0.0,0.0,23.0,16.0,0.0,0.0
2018-19,124462,Duje Cop,0,0.0,0.0,18.0,6.0,0.0,0.0
2018-19,131292,Dídac Vilà,0,0.0,2.0,27.0,27.0,0.0,0.0
2018-19,128669,Edgar González,0,0.0,0.0,0.0,0.0,0.0,0.0
2018-19,246844,Emerson Royal,0,0.0,0.0,6.0,4.0,0.0,0.0
2018-19,193886,Emiliano Velázquez,0,0.0,2.0,18.0,14.0,0.0,0.0
2018-19,261532,Emmanuel Apeh,0,0.0,0.0,2.0,0.0,0.0,0.0
2018-19,231279,Emre Mor,0,0.0,0.0,10.0,4.0,0.0,0.0
2018-19,218122,Enes Ünal,0,6.0,3.0,33.0,24.0,0.0,0.0
2018-19,218104,Enis Bardhi,0,3.0,4.0,36.0,31.0,0.0,0.0
2018-19,276634,Enric Gallego,0,5.0,1.0,19.0,17.0,0.0,0.0
2018-19,135422,Enrique García,0,3.0,0.0,30.0,15.0,0.0,0.0
2018-19,207913,Erick Cabaco,0,2.0,0.0,21.0,20.0,0.0,0.0
2018-19,106160,Esteban Granero,0,3.0,1.0,28.0,24.0,0.0,0.0
2018-19,68141,Ezequiel Garay,0,2.0,0.0,24.0,24.0,0.0,0.0
2018-19,117843,Ezequiel Muñoz,0,0.0,0.0,3.0,2.0,0.0,0.0
2018-19,70076,Fabián Orellana,0,3.0,5.0,33.0,31.0,0.0,0.0
2018-19,51848,Facundo Ferreyra,0,1.0,0.0,9.0,1.0,0.0,0.0
2018-19,99484,Facundo Roncaglia,0,0.0,0.0,19.0,19.0,0.0,0.0
2018-19,235818,Federico Valverde,0,0.0,0.0,16.0,6.0,0.0,0.0
2018-19,261199,Fernando Calero,0,1.0,0.0,36.0,35.0,0.0,0.0
2018-19,153715,Fernando Pacheco,0,0.0,0.0,35.0,35.0,0.0,0.0
2018-19,265869,Ferran Torres,0,2.0,1.0,24.0,8.0,0.0,0.0
2018-19,52994,Filipe Luís,0,2.0,2.0,27.0,24.0,0.0,0.0
2018-19,242383,Fran Beltrán,0,1.0,0.0,30.0,16.0,0.0,0.0
2018-19,213050,Fran García,0,0.0,0.0,0.0,0.0,0.0,0.0
2018-19,276803,Fran Manzanara,0,0.0,0.0,4.0,1.0,0.0,0.0
2018-19,285434,Fran Navarro,0,0.0,0.0,0.0,0.0,0.0,0.0
2018-19,259840,Franchu,0,0.0,0.0,0.0,0.0,0.0,0.0
2018-19,261111,Francis,0,0.0,1.0,22.0,22.0,0.0,0.0
2018-19,121406,Francis Coquelin,0,0.0,1.0,26.0,20.0,0.0,0.0
2018-19,276650,Francisco Montero,0,0.0,0.0,9.0,4.0,0.0,0.0
2018-19,144490,Francisco Portillo,0,1.0,4.0,32.0,19.0,0.0,0.0
2018-19,116366,Franco Di Santo,0,0.0,0.0,6.0,1.0,0.0,0.0
2018-19,118787,Franco Vázquez,0,3.0,4.0,34.0,26.0,0.0,0.0
2018-19,76818,Gabriel Mercado,0,2.0,1.0,23.0,19.0,0.0,0.0
2018-19,192226,Gabriel Paulista,0,0.0,1.0,30.0,30.0,0.0,0.0
2018-19,157844,Gaku Shibasaki,0,0.0,0.0,7.0,5.0,0.0,0.0
2018-19,77653,Gareth Bale,0,8.0,3.0,29.0,21.0,0.0,0.0
2018-19,130545,Gaël Kakuta,0,1.0,0.0,12.0,9.0,0.0,0.0
2018-19,268754,Genís Montolio,0,0.0,0.0,0.0,0.0,0.0,0.0
2018-19,152270,Geoffrey Kondogbia,0,1.0,1.0,19.0,14.0,0.0,0.0
2018-19,186181,Gerard Gumbau,0,1.0,1.0,16.0,13.0,0.0,0.0
2018-19,156172,Gerard Moreno,0,8.0,1.0,35.0,25.0,0.0,0.0
2018-19,45931,Gerard Piqué,0,4.0,2.0,35.0,35.0,0.0,0.0
2018-19,167192,Gerónimo Rulli,0,0.0,0.0,27.0,27.0,0.0,0.0
2018-19,141847,Giannelli Imbula,0,1.0,1.0,22.0,21.0,0.0,0.0
2018-19,207343,Giovani Lo Celso,0,9.0,4.0,32.0,27.0,0.0,0.0
2018-19,184767,Gonzalo Escalante,0,4.0,1.0,32.0,18.0,0.0,0.0
2018-19,119045,Gonzalo Melero,0,2.0,1.0,22.0,14.0,0.0,0.0
2018-19,213141,Gonçalo Guedes,0,5.0,3.0,25.0,18.0,0.0,0.0
2018-19,75870,Gorka Elustondo,0,0.0,0.0,5.0,3.0,0.0,0.0
2018-19,231905,Gorka Guruzeta,0,0.0,0.0,6.0,0.0,0.0,0.0
2018-19,24986,Gorka Iraizoz,0,0.0,0.0,7.0,6.0,0.0,0.0
2018-19,154738,Guido Carrillo,0,6.0,1.0,32.0,23.0,0.0,0.0
2018-19,207269,Guilherme Arana,0,0.0,0.0,9.0,8.0,0.0,0.0
2018-19,283819,Guillem Jaime,0,0.0,0.0,0.0,0.0,0.0,0.0
2018-19,200562,Guillermo Maripán,0,2.0,2.0,23.0,22.0,0.0,0.0
2018-19,287575,Gustavo Assunção,0,0.0,0.0,0.0,0.0,0.0,0.0
2018-19,44473,Gustavo Cabral,0,0.0,0.0,24.0,21.0,0.0,0.0
2018-19,237193,Hacen ,0,0.0,0.0,1.0,0.0,0.0,0.0
2018-19,138417,Hernán Pérez,0,1.0,2.0,19.0,10.0,0.0,0.0
2018-19,278426,Hodei Oleaga,0,0.0,0.0,0.0,0.0,0.0,0.0
2018-19,267477,Hugo Duro,0,0.0,0.0,11.0,5.0,0.0,0.0
2018-19,265985,Hugo Guillamón,0,0.0,0.0,0.0,0.0,0.0,0.0
2018-19,140271,Hugo Mallo,0,1.0,4.0,35.0,35.0,0.0,0.0
2018-19,125300,Héctor Moreno,0,1.0,0.0,25.0,21.0,0.0,0.0
2018-19,92800,Iago Aspas,0,20.0,6.0,27.0,26.0,0.0,0.0
2018-19,174959,Iago Herrerín,0,0.0,1.0,31.0,31.0,0.0,0.0
2018-19,285347,Iago Indias,0,0.0,0.0,0.0,0.0,0.0,0.0
2018-19,148981,Ibai Gómez,0,3.0,4.0,32.0,23.0,0.0,0.0
2018-19,178107,Ibrahim Amadou,0,0.0,0.0,17.0,7.0,0.0,0.0
2018-19,153442,Ignasi Miquel,0,0.0,0.0,7.0,4.0,0.0,0.0
2018-19,235693,Igor Zubeldia,0,0.0,1.0,33.0,29.0,0.0,0.0
2018-19,139419,Iker Muniain,0,7.0,4.0,34.0,27.0,0.0,0.0
2018-19,284943,Irizo,0,0.0,0.0,0.0,0.0,0.0,0.0
2018-19,143564,Isco,0,3.0,2.0,27.0,11.0,0.0,0.0
2018-19,102251,Ivan Rakitić,0,3.0,5.0,34.0,29.0,0.0,0.0
2018-19,32501,Iván Cuéllar,0,0.0,0.0,34.0,34.0,0.0,0.0
2018-19,40546,Iván Ramis,0,0.0,0.0,21.0,20.0,0.0,0.0
2018-19,242580,Iván Villar,0,0.0,0.0,0.0,0.0,0.0,0.0
2018-19,282680,Iñaki Peña,0,0.0,0.0,0.0,0.0,0.0,0.0
2018-19,214412,Iñaki Williams,0,13.0,4.0,38.0,36.0,0.0,0.0
2018-19,227414,Iñigo Córdoba,0,0.0,5.0,23.0,15.0,0.0,0.0
2018-19,222369,Iñigo Lekue,0,0.0,0.0,4.0,2.0,0.0,0.0
2018-19,165562,Iñigo Martínez,0,0.0,0.0,33.0,33.0,0.0,0.0
2018-19,284699,Iñigo Vicente,0,0.0,0.0,0.0,0.0,0.0,0.0
2018-19,283931,Jaime Garijo,0,0.0,0.0,0.0,0.0,0.0,0.0
2018-19,196915,Jaime Mata,0,14.0,6.0,34.0,27.0,0.0,0.0
2018-19,268555,Jaime Seoane,0,0.0,0.0,0.0,0.0,0.0,0.0
2018-19,149622,Jan Oblak,0,0.0,0.0,37.0,37.0,0.0,0.0
2018-19,186840,Jason,0,2.0,5.0,30.0,26.0,0.0,0.0
2018-19,137783,Jasper Cillessen,0,0.0,0.0,3.0,3.0,0.0,0.0
2018-19,103897,Jaume Costa,0,1.0,0.0,21.0,18.0,0.0,0.0
2018-19,173750,Jaume Doménech,0,0.0,0.0,4.0,4.0,0.0,0.0
2018-19,284914,Jaume Grau,0,0.0,0.0,0.0,0.0,0.0,0.0
2018-19,283791,Javi Aparicio,0,0.0,0.0,0.0,0.0,0.0,0.0
2018-19,68438,Javi Fuego,0,0.0,0.0,5.0,3.0,0.0,0.0
2018-19,231838,Javi Galán,0,0.0,2.0,16.0,16.0,0.0,0.0
2018-19,68489,Javi García,0,0.0,0.0,13.0,6.0,0.0,0.0
2018-19,93329,Javi Guerra,0,0.0,1.0,8.0,1.0,0.0,0.0
2018-19,141656,Javi López,0,0.0,0.0,23.0,21.0,0.0,0.0
2018-19,188191,Javi Moyano,0,0.0,0.0,27.0,25.0,0.0,0.0
2018-19,191899,Javi Sánchez,0,0.0,0.0,1.0,0.0,0.0,0.0
2018-19,85391,Javi Varas,0,0.0,0.0,0.0,0.0,0.0,0.0
2018-19,283831,Javier Almerge,0,0.0,0.0,0.0,0.0,0.0,0.0
2018-19,282308,Javier Avilés,0,0.0,0.0,0.0,0.0,0.0,0.0
2018-19,96595,Javier Díaz,0,0.0,0.0,1.0,1.0,0.0,0.0
2018-19,207718,Javier Eraso,0,0.0,0.0,13.0,9.0,0.0,0.0
2018-19,260243,Javier Puado,0,0.0,0.0,15.0,2.0,0.0,0.0
2018-19,266780,Javier Vazquez,0,0.0,0.0,0.0,0.0,0.0,0.0
2018-19,225479,Javito,0,0.0,0.0,0.0,0.0,0.0,0.0
2018-19,277327,Jean-Clair Todibo,0,0.0,0.0,2.0,2.0,0.0,0.0
2018-19,162453,Jesé,0,2.0,0.0,14.0,9.0,0.0,0.0
2018-19,37449,Jesús Navas,0,1.0,5.0,32.0,31.0,0.0,0.0
2018-19,209592,Jesús Vallejo,0,1.0,0.0,5.0,4.0,0.0,0.0
2018-19,208850,Joan Jordán,0,4.0,4.0,36.0,32.0,0.0,0.0
2018-19,12418,Joaquín,0,6.0,0.0,30.0,17.0,0.0,0.0
2018-19,231395,Joaquín,0,1.0,0.0,13.0,9.0,0.0,0.0
2018-19,180444,Joaquín Muñoz,0,0.0,0.0,1.0,0.0,0.0,0.0
2018-19,141624,Joel Robles,0,0.0,0.0,5.0,5.0,0.0,0.0
2018-19,173247,Johan Mojica,0,0.0,0.0,1.0,0.0,0.0,0.0
2018-19,146893,John Guidetti,0,2.0,1.0,22.0,6.0,0.0,0.0
2018-19,209578,Jokin Ezkieta,0,0.0,0.0,0.0,0.0,0.0,0.0
2018-19,234335,Jon Bautista,0,1.0,0.0,18.0,4.0,0.0,0.0
2018-19,162558,Jonathan Calleri,0,9.0,2.0,34.0,33.0,0.0,0.0
2018-19,79997,Jonathan Silva,0,3.0,6.0,30.0,30.0,0.0,0.0
2018-19,204672,Jony,0,5.0,10.0,36.0,34.0,0.0,0.0
2018-19,143472,Jonás Ramalho,0,1.0,0.0,22.0,18.0,0.0,0.0
2018-19,121021,Jordi Alba,0,2.0,8.0,36.0,32.0,0.0,0.0
2018-19,144477,Jordi Amat,0,0.0,0.0,31.0,31.0,0.0,0.0
2018-19,208796,Jordi Calavera,0,0.0,0.0,1.0,0.0,0.0,0.0
2018-19,150792,Jordi Masip,0,0.0,0.0,35.0,35.0,0.0,0.0
2018-19,252031,Jorge Cuenca,0,0.0,0.0,0.0,0.0,0.0,0.0
2018-19,173660,Jorge Miramón,0,1.0,0.0,30.0,30.0,0.0,0.0
2018-19,116111,Jorge Molina,0,14.0,5.0,38.0,28.0,0.0,0.0
2018-19,152557,Jorge Pulido,0,3.0,3.0,32.0,32.0,0.0,0.0
2018-19,228689,Joris Gnagnon,0,0.0,0.0,7.0,4.0,0.0,0.0
2018-19,248383,Jose Mena,0,0.0,0.0,0.0,0.0,0.0,0.0
2018-19,283830,Jose Uche,0,0.0,0.0,0.0,0.0,0.0,0.0
2018-19,193463,Joseba Zaldúa,0,1.0,2.0,26.0,25.0,0.0,0.0
2018-19,229522,José Arnaiz,0,0.0,0.0,6.0,0.0,0.0,0.0
2018-19,158259,José Campaña,0,4.0,9.0,36.0,36.0,0.0,0.0
2018-19,178747,José Gayà,0,1.0,1.0,35.0,35.0,0.0,0.0
2018-19,184640,José Luis Morales,0,12.0,5.0,37.0,35.0,0.0,0.0
2018-19,188398,José María Giménez,0,0.0,0.0,21.0,19.0,0.0,0.0
2018-19,178838,José Pozo,0,3.0,0.0,29.0,16.0,0.0,0.0
2018-19,205768,José Suárez,0,0.0,0.0,0.0,0.0,0.0,0.0
2018-19,130213,José Ángel,0,1.0,1.0,35.0,34.0,0.0,0.0
2018-19,182675,Jozabed,0,0.0,0.0,20.0,14.0,0.0,0.0
2018-19,134973,Juan Aguilera,0,0.0,0.0,6.0,4.0,0.0,0.0
2018-19,262061,Juan Berrocal,0,0.0,0.0,0.0,0.0,0.0,0.0
2018-19,242434,Juan Carlos Lázaro Cervera,0,0.0,0.0,0.0,0.0,0.0,0.0
2018-19,261616,Juan Miranda,0,0.0,0.0,0.0,0.0,0.0,0.0
2018-19,212327,Juan Soriano,0,0.0,0.0,4.0,4.0,0.0,0.0
2018-19,108619,Juanfran,0,1.0,1.0,23.0,17.0,0.0,0.0
2018-19,53416,Juanfran,0,0.0,2.0,22.0,18.0,0.0,0.0
2018-19,54252,Juanjo Camacho,0,0.0,0.0,3.0,0.0,0.0,0.0
2018-19,143643,Juanmi,0,5.0,2.0,30.0,16.0,0.0,0.0
2018-19,135922,Juanpe,0,0.0,0.0,33.0,31.0,0.0,0.0
2018-19,207279,Juanpi,0,2.0,2.0,14.0,8.0,0.0,0.0
2018-19,285282,Julio Alonso,0,0.0,0.0,0.0,0.0,0.0,0.0
2018-19,269655,Junior Firpo,0,3.0,4.0,24.0,22.0,0.0,0.0
2018-19,46858,Karim Benzema,0,21.0,6.0,36.0,35.0,0.0,0.0
2018-19,207040,Karl Toko Ekambi,0,10.0,1.0,34.0,24.0,0.0,0.0
2018-19,131765,Keko,0,2.0,1.0,26.0,20.0,0.0,0.0
2018-19,208027,Kenan Kodro,0,1.0,0.0,11.0,0.0,0.0,0.0
2018-19,163258,Kenneth Omeruo,0,0.0,0.0,28.0,27.0,0.0,0.0
2018-19,101468,Kevin Gameiro,0,6.0,1.0,33.0,16.0,0.0,0.0
2018-19,219074,Kevin Vázquez,0,0.0,0.0,4.0,2.0,0.0,0.0
2018-19,66880,Kevin-Prince Boateng,0,0.0,0.0,3.0,3.0,0.0,0.0
2018-19,73247,Keylor Navas,0,0.0,0.0,10.0,10.0,0.0,0.0
2018-19,129711,Kiko,0,0.0,0.0,35.0,35.0,0.0,0.0
2018-19,140791,Koke,0,3.0,4.0,30.0,29.0,0.0,0.0
2018-19,202751,Koke Vegas,0,0.0,0.0,1.0,1.0,0.0,0.0
2018-19,250658,Kuki Zalazar,0,0.0,0.0,0.0,0.0,0.0,0.0
2018-19,173614,Kévin Rodrigues,0,0.0,0.0,7.0,5.0,0.0,0.0
2018-19,215656,Kévin Soni,0,0.0,0.0,5.0,1.0,0.0,0.0
2018-19,133259,Leandro Cabrera,0,2.0,0.0,32.0,31.0,0.0,0.0
2018-19,129881,Leandro Chichizola,0,0.0,0.0,1.0,1.0,0.0,0.0
2018-19,274197,Lee Kang-In,0,0.0,0.0,3.0,0.0,0.0,0.0
2018-19,45843,Lionel Messi,0,36.0,13.0,34.0,29.0,0.0,0.0
2018-19,236153,Lluis López,0,0.0,0.0,6.0,5.0,0.0,0.0
2018-19,261112,Lorenzo Morón,0,6.0,0.0,33.0,22.0,0.0,0.0
2018-19,260258,Luca Sangalli,0,1.0,3.0,18.0,12.0,0.0,0.0
2018-19,225561,Luca Zidane,0,0.0,0.0,1.0,1.0,0.0,0.0
2018-19,196200,Lucas Hernández,0,1.0,0.0,14.0,13.0,0.0,0.0
2018-19,171508,Lucas Olaza,0,0.0,2.0,10.0,10.0,0.0,0.0
2018-19,174967,Lucas Vázquez,0,1.0,3.0,31.0,15.0,0.0,0.0
2018-19,181709,Luis Advíncula,0,1.0,3.0,28.0,27.0,0.0,0.0
2018-19,230784,Luis García,0,0.0,0.0,0.0,0.0,0.0,0.0
2018-19,282619,Luis Meseguer,0,0.0,0.0,0.0,0.0,0.0,0.0
2018-19,125088,Luis Suárez,0,21.0,6.0,33.0,31.0,0.0,0.0
2018-19,164745,Luisinho,0,0.0,0.0,7.0,6.0,0.0,0.0
2018-19,200024,Luismi,0,0.0,0.0,0.0,0.0,0.0,0.0
2018-19,76762,Luka Modric,0,3.0,6.0,34.0,31.0,0.0,0.0
2018-19,202191,Malcom,0,1.0,2.0,15.0,6.0,0.0,0.0
2018-19,125743,Manu García,0,1.0,1.0,34.0,25.0,0.0,0.0
2018-19,268753,Manu Morlanes,0,0.0,3.0,10.0,7.0,0.0,0.0
2018-19,300985,Manu Sánchez,0,0.0,0.0,0.0,0.0,0.0,0.0
2018-19,158605,Manu Trigueros,0,0.0,0.0,24.0,18.0,0.0,0.0
2018-19,282620,Manuel Navarro,0,0.0,0.0,0.0,0.0,0.0,0.0
2018-19,145078,Marc Bartra,0,1.0,0.0,33.0,33.0,0.0,0.0
2018-19,250678,Marc Cardona,0,3.0,1.0,17.0,6.0,0.0,0.0
2018-19,259910,Marc Cucurella,0,1.0,2.0,31.0,26.0,0.0,0.0
2018-19,135405,Marc Muniesa,0,0.0,0.0,19.0,15.0,0.0,0.0
2018-19,242008,Marc Roca,0,1.0,2.0,35.0,35.0,0.0,0.0
2018-19,119253,Marc Vito,0,0.0,0.0,0.0,0.0,0.0,0.0
2018-19,140740,Marc-André ter Stegen,0,0.0,0.0,35.0,35.0,0.0,0.0
2018-19,77641,Marcelo,0,2.0,2.0,23.0,21.0,0.0,0.0
2018-19,195821,Marco Asensio,0,1.0,4.0,30.0,19.0,0.0,0.0
2018-19,206474,Marcos Llorente,0,0.0,0.0,7.0,6.0,0.0,0.0
2018-19,198832,Mariano,0,3.0,0.0,13.0,3.0,0.0,0.0
2018-19,48362,Mariano Barbosa,0,0.0,0.0,0.0,0.0,0.0,0.0
2018-19,133180,Mario,0,1.0,2.0,31.0,30.0,0.0,0.0
2018-19,222529,Mario Hermoso,0,3.0,0.0,32.0,31.0,0.0,0.0
2018-19,71983,Mario Suárez,0,2.0,0.0,14.0,11.0,0.0,0.0
2018-19,245922,Markel Areitio,0,0.0,0.0,0.0,0.0,0.0,0.0
2018-19,109294,Markel Susaeta,0,1.0,2.0,22.0,15.0,0.0,0.0
2018-19,179211,Marko Dmitrovic,0,0.0,0.0,24.0,24.0,0.0,0.0
2018-19,206357,Marko Rog,0,0.0,0.0,10.0,4.0,0.0,0.0
2018-19,187100,Martin Braithwaite,0,4.0,5.0,19.0,16.0,0.0,0.0
2018-19,251921,Martín Aguirregabiria,0,0.0,0.0,27.0,23.0,0.0,0.0
2018-19,207714,Martín Mantovani,0,2.0,0.0,9.0,6.0,0.0,0.0
2018-19,277518,Martín Merquelanz,0,0.0,0.0,1.0,0.0,0.0,0.0
2018-19,278522,Martín Pascual,0,0.0,0.0,0.0,0.0,0.0,0.0
2018-19,287266,Martín Zubimendi,0,0.0,0.0,1.0,0.0,0.0,0.0
2018-19,227472,Mathias Jensen,0,0.0,0.0,6.0,3.0,0.0,0.0
2018-19,40501,Mathieu Flamini,0,0.0,0.0,10.0,4.0,0.0,0.0
2018-19,234881,Mathías Olivera,0,0.0,1.0,14.0,12.0,0.0,0.0
2018-19,199775,Mauro Arambarri,0,1.0,2.0,33.0,32.0,0.0,0.0
2018-19,67183,Maxi Gómez,0,13.0,5.0,35.0,33.0,0.0,0.0
2018-19,131748,Maxime Gonalons,0,0.0,0.0,10.0,5.0,0.0,0.0
2018-19,231674,Maximilian Wöber,0,0.0,0.0,7.0,6.0,0.0,0.0
2018-19,131758,Michael Santos,0,1.0,3.0,16.0,5.0,0.0,0.0
2018-19,301450,Miguel Marí,0,0.0,0.0,2.0,0.0,0.0,0.0
2018-19,273291,Miguel Rubio,0,0.0,0.0,0.0,0.0,0.0,0.0
2018-19,277717,Miguel de la Fuente,0,0.0,0.0,2.0,0.0,0.0,0.0
2018-19,277615,Miguel Ángel Morro,0,0.0,0.0,0.0,0.0,0.0,0.0
2018-19,32937,Miguel Ángel Moyà,0,0.0,0.0,11.0,11.0,0.0,0.0
2018-19,231416,Miguelón,0,0.0,0.0,8.0,5.0,0.0,0.0
2018-19,126441,Mikel Balenziaga,0,0.0,0.0,11.0,6.0,0.0,0.0
2018-19,276648,Mikel Carro,0,0.0,0.0,0.0,0.0,0.0,0.0
2018-19,209581,Mikel Merino,0,3.0,3.0,29.0,24.0,0.0,0.0
2018-19,229018,Mikel Oyarzabal,0,13.0,2.0,37.0,36.0,0.0,0.0
2018-19,89201,Mikel Rico,0,0.0,0.0,4.0,3.0,0.0,0.0
2018-19,108313,Mikel San José,0,0.0,0.0,33.0,16.0,0.0,0.0
2018-19,222373,Mikel Vesga,0,1.0,1.0,26.0,23.0,0.0,0.0
2018-19,277718,Mohammed Salisu,0,0.0,0.0,0.0,0.0,0.0,0.0
2018-19,169089,Moi Gómez,0,2.0,7.0,36.0,35.0,0.0,0.0
2018-19,196341,Moisés Delgado López,0,0.0,0.0,3.0,3.0,0.0,0.0
2018-19,187647,Moses Simon,0,1.0,1.0,19.0,8.0,0.0,0.0
2018-19,241117,Mouctar Diakhaby,0,2.0,0.0,22.0,16.0,0.0,0.0
2018-19,219526,Moussa Wagué,0,0.0,0.0,3.0,2.0,0.0,0.0
2018-19,125372,Mubarak Wakaso,0,1.0,1.0,29.0,18.0,0.0,0.0
2018-19,193782,Munir El Haddadi,0,6.0,2.0,23.0,13.0,0.0,0.0
2018-19,129871,Míchel,0,1.0,2.0,35.0,27.0,0.0,0.0
2018-19,66174,Nabil El Zhar,0,4.0,0.0,27.0,9.0,0.0,0.0
2018-19,157710,Nacho,0,0.0,1.0,20.0,19.0,0.0,0.0
2018-19,180341,Nacho Martínez,0,1.0,3.0,35.0,35.0,0.0,0.0
2018-19,158293,Naldo,0,1.0,1.0,16.0,16.0,0.0,0.0
2018-19,268437,Nehuén Pérez,0,0.0,0.0,0.0,0.0,0.0,0.0
2018-19,219538,Nemanja Maksimovic,0,1.0,0.0,36.0,36.0,0.0,0.0
2018-19,207894,Nemanja Radoja,0,0.0,0.0,0.0,0.0,0.0,0.0
2018-19,138398,Neto,0,0.0,0.0,34.0,34.0,0.0,0.0
2018-19,111757,Nikola Kalinic,0,2.0,0.0,17.0,7.0,0.0,0.0
2018-19,185110,Nikola Vukcevic,0,0.0,1.0,16.0,9.0,0.0,0.0
2018-19,150227,Nolito,0,0.0,0.0,4.0,1.0,0.0,0.0
2018-19,281113,Näis Djouahra,0,0.0,0.0,0.0,0.0,0.0,0.0
2018-19,222670,Nélson Semedo,0,1.0,0.0,26.0,20.0,0.0,0.0
2018-19,164331,Néstor Araujo,0,3.0,0.0,32.0,30.0,0.0,0.0
2018-19,113699,Oier Olazábal,0,0.0,0.0,21.0,21.0,0.0,0.0
2018-19,169512,Okay Yokuslu,0,2.0,0.0,30.0,26.0,0.0,0.0
2018-19,259911,Oriol Busquets,0,0.0,0.0,0.0,0.0,0.0,0.0
2018-19,229744,Ousmane Dembélé,0,8.0,5.0,29.0,20.0,0.0,0.0
2018-19,227714,Pablo Fornals,0,2.0,3.0,35.0,28.0,0.0,0.0
2018-19,180577,Pablo Hervías,0,0.0,1.0,6.0,4.0,0.0,0.0
2018-19,180847,Pablo Insua,0,0.0,0.0,10.0,10.0,0.0,0.0
2018-19,282671,Pablo Muñoz,0,0.0,0.0,0.0,0.0,0.0,0.0
2018-19,90864,Pablo Piatti,0,1.0,0.0,20.0,6.0,0.0,0.0
2018-19,154514,Pablo Sarabia,0,12.0,13.0,33.0,30.0,0.0,0.0
2018-19,119493,Pablo de Blasis,0,2.0,0.0,24.0,16.0,0.0,0.0
2018-19,150506,Paco Alcácer,0,0.0,0.0,0.0,0.0,0.0,0.0
2018-19,256598,Paik Seung-Ho,0,0.0,0.0,3.0,0.0,0.0,0.0
2018-19,84905,Pape Diop,0,1.0,1.0,28.0,27.0,0.0,0.0
2018-19,194118,Patrick Roberts,0,0.0,0.0,19.0,6.0,0.0,0.0
2018-19,199892,Patrick Twumasi,0,0.0,0.0,11.0,0.0,0.0,0.0
2018-19,203061,Pau López,0,0.0,0.0,33.0,33.0,0.0,0.0
2018-19,284942,Paul Akouokou,0,0.0,0.0,0.0,0.0,0.0,0.0
2018-19,287938,Paulino De La Fuente,0,0.0,0.0,0.0,0.0,0.0,0.0
2018-19,92335,Paulo Oliveira,0,0.0,0.0,28.0,24.0,0.0,0.0
2018-19,136729,Pedro Alcalá,0,1.0,1.0,25.0,20.0,0.0,0.0
2018-19,167297,Pedro Bigas,0,0.0,1.0,10.0,7.0,0.0,0.0
2018-19,103003,Pedro León,0,1.0,0.0,9.0,5.0,0.0,0.0
2018-19,103012,Pedro López,0,0.0,1.0,8.0,4.0,0.0,0.0
2018-19,268533,Pedro Porro,0,0.0,4.0,32.0,25.0,0.0,0.0
2018-19,268755,Pepe Castaño,0,0.0,0.0,0.0,0.0,0.0,0.0
2018-19,231603,Pepelu,0,0.0,0.0,0.0,0.0,0.0,0.0
2018-19,196914,Pere Milla,0,0.0,0.0,5.0,5.0,0.0,0.0
2018-19,178565,Pere Pons,0,1.0,2.0,34.0,32.0,0.0,0.0
2018-19,271822,Peru Nolaskoain,0,2.0,0.0,8.0,4.0,0.0,0.0
2018-19,130372,Philippe Coutinho,0,5.0,2.0,34.0,22.0,0.0,0.0
2018-19,186456,Pione Sisto,0,2.0,1.0,25.0,8.0,0.0,0.0
2018-19,152166,Portu,0,9.0,2.0,34.0,33.0,0.0,0.0
2018-19,144336,Quincy Promes,0,2.0,3.0,33.0,15.0,0.0,0.0
2018-19,154814,Rafinha,0,0.0,0.0,5.0,3.0,0.0,0.0
2018-19,151953,Ramiro Funes Mori,0,2.0,1.0,31.0,29.0,0.0,0.0
2018-19,252375,Raphael Dwamena,0,0.0,1.0,12.0,1.0,0.0,0.0
2018-19,153053,Raphaël Varane,0,2.0,0.0,32.0,31.0,0.0,0.0
2018-19,144589,Raúl García,0,0.0,1.0,15.0,14.0,0.0,0.0
2018-19,45927,Raúl García,0,9.0,3.0,33.0,27.0,0.0,0.0
2018-19,135603,Raúl Navas,0,0.0,0.0,16.0,15.0,0.0,0.0
2018-19,174971,Raúl de Tomás,0,14.0,1.0,33.0,32.0,0.0,0.0
2018-19,153714,Recio,0,0.0,0.0,18.0,15.0,0.0,0.0
2018-19,270611,Ricard Puig,0,0.0,0.0,2.0,2.0,0.0,0.0
2018-19,95406,Roberto,0,0.0,0.0,0.0,0.0,0.0,0.0
2018-19,282670,Roberto Corral,0,0.0,0.0,0.0,0.0,0.0,0.0
2018-19,282682,Roberto González,0,0.0,0.0,0.0,0.0,0.0,0.0
2018-19,308145,Roberto López,0,0.0,0.0,1.0,0.0,0.0,0.0
2018-19,98062,Roberto Rosales,0,3.0,1.0,21.0,20.0,0.0,0.0
2018-19,68590,Roberto Santamaría,0,0.0,0.0,20.0,20.0,0.0,0.0
2018-19,214888,Robin Le Normand,0,0.0,1.0,4.0,3.0,0.0,0.0
2018-19,231828,Rodri,0,3.0,1.0,34.0,32.0,0.0,0.0
2018-19,144639,Rodrigo,0,8.0,6.0,33.0,29.0,0.0,0.0
2018-19,155584,Rodrigo Ely,0,0.0,0.0,5.0,5.0,0.0,0.0
2018-19,219381,Rodrigo Tarín,0,0.0,0.0,18.0,15.0,0.0,0.0
2018-19,169533,Roger Martí,0,13.0,0.0,31.0,23.0,0.0,0.0
2018-19,167190,Roque Mesa,0,2.0,2.0,31.0,20.0,0.0,0.0
2018-19,214317,Rubén Alcaraz,0,3.0,2.0,34.0,34.0,0.0,0.0
2018-19,167069,Rubén Blanco,0,0.0,0.0,25.0,25.0,0.0,0.0
2018-19,177553,Rubén Duarte,0,0.0,0.0,33.0,33.0,0.0,0.0
2018-19,165667,Rubén Pardo,0,1.0,2.0,24.0,16.0,0.0,0.0
2018-19,177803,Rubén Peña,0,1.0,2.0,31.0,30.0,0.0,0.0
2018-19,131766,Rubén Pérez,0,0.0,0.0,31.0,27.0,0.0,0.0
2018-19,137437,Rubén Rochina,0,4.0,5.0,27.0,23.0,0.0,0.0
2018-19,174970,Rubén Sobrino,0,3.0,1.0,24.0,12.0,0.0,0.0
2018-19,192718,Rubén Yáñez,0,0.0,0.0,0.0,0.0,0.0,0.0
2018-19,111320,Ryad Boudebouz,0,1.0,2.0,20.0,14.0,0.0,0.0
2018-19,231341,Róber,0,1.0,0.0,33.0,32.0,0.0,0.0
2018-19,173401,Rúben Vezo,0,2.0,1.0,19.0,17.0,0.0,0.0
2018-19,222367,Sabin Merino,0,0.0,0.0,12.0,2.0,0.0,0.0
2018-19,172664,Samu Sáiz,0,1.0,0.0,10.0,2.0,0.0,0.0
2018-19,228298,Samuel Chukwueze,0,5.0,2.0,26.0,19.0,0.0,0.0
2018-19,251938,Samuel Pérez,0,0.0,0.0,0.0,0.0,0.0,0.0
2018-19,150051,Samuel Umtiti,0,0.0,1.0,14.0,13.0,0.0,0.0
2018-19,188165,Sandro,0,0.0,0.0,24.0,10.0,0.0,0.0
2018-19,167054,Sanjin Prcic,0,0.0,0.0,10.0,6.0,0.0,0.0
2018-19,40202,Santi Cazorla,0,4.0,10.0,35.0,30.0,0.0,0.0
2018-19,240623,Santi Comesaña,0,1.0,1.0,25.0,23.0,0.0,0.0
2018-19,181642,Santi Mina,0,7.0,5.0,30.0,23.0,0.0,0.0
2018-19,164756,Santiago Arias,0,1.0,1.0,25.0,20.0,0.0,0.0
2018-19,246845,Santiago Caseres,0,0.0,1.0,23.0,17.0,0.0,0.0
2018-19,172269,Saúl Ñíguez,0,4.0,1.0,33.0,32.0,0.0,0.0
2018-19,192192,Sebastián Cristóforo,0,0.0,2.0,15.0,4.0,0.0,0.0
2018-19,165519,Sergi Darder,0,4.0,2.0,34.0,32.0,0.0,0.0
2018-19,144480,Sergi Enrich,0,7.0,4.0,35.0,30.0,0.0,0.0
2018-19,222360,Sergi Guardiola,0,3.0,1.0,20.0,17.0,0.0,0.0
2018-19,120708,Sergi Gómez,0,0.0,0.0,32.0,31.0,0.0,0.0
2018-19,150225,Sergi Roberto,0,0.0,7.0,29.0,23.0,0.0,0.0
2018-19,231918,Sergio Akieme,0,0.0,1.0,2.0,2.0,0.0,0.0
2018-19,111613,Sergio Asenjo,0,0.0,0.0,32.0,32.0,0.0,0.0
2018-19,121893,Sergio Busquets,0,0.0,1.0,35.0,30.0,0.0,0.0
2018-19,276652,Sergio Camello,0,1.0,0.0,1.0,0.0,0.0,0.0
2018-19,125383,Sergio Canales,0,7.0,2.0,32.0,30.0,0.0,0.0
2018-19,135914,Sergio Escudero,0,0.0,1.0,21.0,18.0,0.0,0.0
2018-19,26704,Sergio García,0,2.0,1.0,29.0,17.0,0.0,0.0
2018-19,111440,Sergio León,0,0.0,1.0,16.0,6.0,0.0,0.0
2018-19,128333,Sergio Moreno,0,0.0,0.0,1.0,0.0,0.0,0.0
2018-19,169787,Sergio Postigo,0,1.0,1.0,21.0,17.0,0.0,0.0
2018-19,41579,Sergio Ramos,0,6.0,1.0,28.0,28.0,0.0,0.0
2018-19,231241,Sergio Reguilón,0,0.0,2.0,14.0,13.0,0.0,0.0
2018-19,85308,Sergio Álvarez,0,0.0,0.0,13.0,13.0,0.0,0.0
2018-19,87963,Sergio Álvarez,0,0.0,0.0,19.0,12.0,0.0,0.0
2018-19,121158,Seydou Doumbia,0,2.0,0.0,17.0,5.0,0.0,0.0
2018-19,219275,Shaq Moore,0,0.0,0.0,0.0,0.0,0.0,0.0
2018-19,124008,Sidnei,0,1.0,0.0,24.0,20.0,0.0,0.0
2018-19,99987,Simon Kjaer,0,0.0,0.0,26.0,25.0,0.0,0.0
2018-19,236275,Sito,0,0.0,0.0,0.0,0.0,0.0,0.0
2018-19,178056,Sofiane Boufal,0,3.0,3.0,35.0,25.0,0.0,0.0
2018-19,188412,Stanislav Lobotka,0,0.0,1.0,31.0,27.0,0.0,0.0
2018-19,150541,Stefan Savic,0,0.0,2.0,18.0,17.0,0.0,0.0
2018-19,277351,Stiven Plaza,0,0.0,0.0,2.0,0.0,0.0,0.0
2018-19,165334,Stole Dimitrievski,0,0.0,0.0,21.0,21.0,0.0,0.0
2018-19,164204,Takashi Inui,0,2.0,0.0,20.0,15.0,0.0,0.0
2018-19,24293,Tejero Sergio,0,0.0,0.0,0.0,0.0,0.0,0.0
2018-19,233621,Theo Hernández,0,1.0,2.0,24.0,22.0,0.0,0.0
2018-19,134283,Thibaut Courtois,0,0.0,0.0,27.0,27.0,0.0,0.0
2018-19,190291,Thomas Lemar,0,3.0,3.0,31.0,22.0,0.0,0.0
2018-19,189972,Thomas Partey,0,3.0,4.0,32.0,22.0,0.0,0.0
2018-19,40543,Thomas Vermaelen,0,0.0,0.0,9.0,7.0,0.0,0.0
2018-19,140312,Tito,0,0.0,0.0,15.0,12.0,0.0,0.0
2018-19,144670,Tomás Pina,0,2.0,0.0,28.0,27.0,0.0,0.0
2018-19,157206,Tomás Vaclík,0,0.0,0.0,34.0,34.0,0.0,0.0
2018-19,103173,Toni Kroos,0,0.0,4.0,28.0,26.0,0.0,0.0
2018-19,232275,Toni Lato,0,0.0,0.0,4.0,3.0,0.0,0.0
2018-19,248845,Toni Villa,0,2.0,2.0,26.0,21.0,0.0,0.0
2018-19,140593,Toño,0,1.0,2.0,21.0,21.0,0.0,0.0
2018-19,187642,Uche,0,0.0,0.0,6.0,5.0,0.0,0.0
2018-19,207893,Unai Bustinza,0,0.0,1.0,25.0,24.0,0.0,0.0
2018-19,203711,Unai López,0,0.0,0.0,7.0,3.0,0.0,0.0
2018-19,260902,Unai Núñez,0,0.0,0.0,12.0,11.0,0.0,0.0
2018-19,222375,Unai Simón,0,0.0,0.0,7.0,7.0,0.0,0.0
2018-19,282669,Valery Fernández,0,0.0,1.0,17.0,10.0,0.0,0.0
2018-19,252208,Vasyl Kravets,0,0.0,0.0,6.0,6.0,0.0,0.0
2018-19,125206,Vicente Iborra,0,3.0,1.0,19.0,19.0,0.0,0.0
2018-19,261183,Victor Mollejo,0,0.0,0.0,4.0,0.0,0.0,0.0
2018-19,252107,Vinícius Júnior,0,2.0,0.0,18.0,9.0,0.0,0.0
2018-19,150803,Vitolo,0,0.0,1.0,20.0,5.0,0.0,0.0
2018-19,108203,Vitorino Antunes,0,1.0,3.0,28.0,25.0,0.0,0.0
2018-19,284949,Víctor Campuzano,0,0.0,0.0,0.0,0.0,0.0,0.0
2018-19,113460,Víctor Laguardia,0,1.0,2.0,36.0,36.0,0.0,0.0
2018-19,121023,Víctor Ruiz,0,0.0,0.0,22.0,22.0,0.0,0.0
2018-19,113187,Víctor Sánchez,0,0.0,2.0,24.0,13.0,0.0,0.0
2018-19,269583,Waldo Rubio,0,1.0,0.0,8.0,5.0,0.0,0.0
2018-19,190977,Wesley Hoedt,0,0.0,0.0,10.0,9.0,0.0,0.0
2018-19,205386,Wilfrid Kaptoum,0,0.0,0.0,10.0,9.0,0.0,0.0
2018-19,157390,William Carvalho,0,0.0,5.0,30.0,26.0,0.0,0.0
2018-19,198360,Willian José,0,11.0,5.0,31.0,28.0,0.0,0.0
2018-19,148530,Wissam Ben Yedder,0,18.0,9.0,35.0,31.0,0.0,0.0
2018-19,171598,Wu Lei,0,3.0,1.0,16.0,12.0,0.0,0.0
2018-19,129419,Xabier Etxeita,0,4.0,0.0,31.0,30.0,0.0,0.0
2018-19,187232,Xavier Quintillá,0,0.0,0.0,7.0,7.0,0.0,0.0
2018-19,157568,Ximo Navarro,0,2.0,2.0,31.0,28.0,0.0,0.0
2018-19,176757,Yaison Murillo,0,0.0,0.0,3.0,2.0,0.0,0.0
2018-19,236185,Yangel Herrera,0,0.0,0.0,16.0,14.0,0.0,0.0
2018-19,175149,Yassine Bounou,0,0.0,0.0,32.0,32.0,0.0,0.0
2018-19,217225,Yeray,0,0.0,0.0,30.0,30.0,0.0,0.0
2018-19,229690,Yhoan Andzouana,0,0.0,0.0,0.0,0.0,0.0,0.0
2018-19,106746,Yoel,0,0.0,0.0,3.0,3.0,0.0,0.0
2018-19,242736,Youssef En-Nesyri,0,9.0,2.0,31.0,22.0,0.0,0.0
2018-19,133768,Yuri Berchiche,0,2.0,2.0,35.0,35.0,0.0,0.0
2018-19,170730,Zouhair Feddal,0,1.0,1.0,21.0,19.0,0.0,0.0
2018-19,287605,Zourdine Thior,0,0.0,0.0,0.0,0.0,0.0,0.0
2018-19,130030,Áex Blanco,0,0.0,0.0,2.0,0.0,0.0,0.0
2018-19,276348,Álex Centelles,0,0.0,0.0,0.0,0.0,0.0,0.0
2018-19,271901,Álex Collado,0,0.0,0.0,1.0,0.0,0.0,0.0
2018-19,271717,Álex Dos Santos,0,0.0,0.0,0.0,0.0,0.0,0.0
2018-19,213329,Álex Gallar,0,4.0,1.0,25.0,10.0,0.0,0.0
2018-19,206230,Álex Granell,0,0.0,4.0,32.0,26.0,0.0,0.0
2018-19,276063,Álex López,0,0.0,0.0,4.0,1.0,0.0,0.0
2018-19,30377,Álex Moreno,0,1.0,1.0,36.0,36.0,0.0,0.0
2018-19,217319,Álex Remiro,0,0.0,0.0,0.0,0.0,0.0,0.0
2018-19,286167,Álex Sola,0,0.0,0.0,1.0,1.0,0.0,0.0
2018-19,283827,Álvaro Fidalgo,0,0.0,0.0,0.0,0.0,0.0,0.0
2018-19,125200,Álvaro García,0,4.0,2.0,35.0,17.0,0.0,0.0
2018-19,157375,Álvaro González,0,1.0,2.0,33.0,33.0,0.0,0.0
2018-19,200986,Álvaro Medrán,0,3.0,0.0,21.0,12.0,0.0,0.0
2018-19,154446,Álvaro Morata,0,6.0,1.0,15.0,13.0,0.0,0.0
2018-19,236156,Álvaro Odriozola,0,0.0,2.0,14.0,14.0,0.0,0.0
2018-19,283792,Ángel Algobia,0,0.0,0.0,0.0,0.0,0.0,0.0
2018-19,195681,Ángel Correa,0,3.0,2.0,36.0,20.0,0.0,0.0
2018-19,125203,Ángel Rodríguez,0,8.0,3.0,37.0,20.0,0.0,0.0
2018-19,277056,Èric Montes,0,0.0,0.0,0.0,0.0,0.0,0.0
2018-19,113734,Éver Banega,0,3.0,4.0,32.0,32.0,0.0,0.0
2018-19,186610,Óscar Duarte,0,0.0,0.0,11.0,7.0,0.0,0.0
2018-19,250375,Óscar Melendo,0,0.0,5.0,32.0,22.0,0.0,0.0
2018-19,174969,Óscar Plano,0,3.0,4.0,33.0,30.0,0.0,0.0
2018-19,259842,Óscar Rodríguez,0,4.0,3.0,31.0,29.0,0.0,0.0
2018-19,66410,Óscar Trejo,0,1.0,4.0,26.0,22.0,0.0,0.0
2018-19,130135,Óscar de Marcos,0,1.0,2.0,30.0,28.0,0.0,0.0
2019-20,200964,Aarón Escandell,0,0.0,0.0,3.0,3.0,0.0,0.0
2019-20,284068,Abdallahi Mahmoud,0,0.0,0.0,3.0,1.0,0.0,0.0
2019-20,155935,Abdón Prats,0,0.0,0.0,20.0,0.0,0.0,0.0
2019-20,186432,Adnan Januzaj,0,3.0,3.0,24.0,13.0,0.0,0.0
2019-20,193130,Adri Embarba,0,2.0,4.0,18.0,17.0,0.0,0.0
2019-20,277292,Adrià Pedrosa,0,1.0,0.0,20.0,11.0,0.0,0.0
2019-20,86821,Adrián,0,2.0,0.0,26.0,17.0,0.0,0.0
2019-20,300872,Adrián Butzke,0,0.0,0.0,0.0,0.0,0.0,0.0
2019-20,274405,Adrián Guerrero,0,0.0,0.0,2.0,1.0,0.0,0.0
2019-20,260244,Adrián López,0,0.0,0.0,0.0,0.0,0.0,0.0
2019-20,210228,Adrián Marín,0,0.0,0.0,12.0,9.0,0.0,0.0
2019-20,276841,Adrián de la Fuente,0,0.0,0.0,0.0,0.0,0.0,0.0
2019-20,283891,Aihen Muñoz,0,0.0,0.0,15.0,11.0,0.0,0.0
2019-20,288760,Aimar Oroz,0,0.0,0.0,1.0,0.0,0.0,0.0
2019-20,144759,Aitor Fernández,0,0.0,0.0,36.0,36.0,0.0,0.0
2019-20,268601,Aitor Ruibal,0,0.0,0.0,25.0,13.0,0.0,0.0
2019-20,172998,Alberto Moreno,0,0.0,0.0,18.0,17.0,0.0,0.0
2019-20,250677,Alberto Rodríguez,0,0.0,0.0,6.0,2.0,0.0,0.0
2019-20,240235,Aleix Febas,0,0.0,3.0,29.0,22.0,0.0,0.0
2019-20,143030,Aleix Vidal,0,2.0,4.0,29.0,26.0,0.0,0.0
2019-20,298415,Alejandro Blesa,0,0.0,0.0,1.0,0.0,0.0,0.0
2019-20,300952,Alejandro Meléndez,0,0.0,0.0,0.0,0.0,0.0,0.0
2019-20,22315,Alejandro Pozo,0,1.0,2.0,22.0,16.0,0.0,0.0
2019-20,164645,Aleksandar Trajkovski,0,0.0,0.0,14.0,1.0,0.0,0.0
2019-20,236445,Aleksander Sedlar,0,0.0,0.0,12.0,9.0,0.0,0.0
2019-20,158145,Alessandro Florenzi,0,0.0,0.0,12.0,9.0,0.0,0.0
2019-20,235662,Alexander Isak,0,9.0,1.0,37.0,14.0,0.0,0.0
2019-20,175071,Alexander Szymanowski,0,0.0,0.0,0.0,0.0,0.0,0.0
2019-20,265987,Alfonso Pastor,0,0.0,0.0,0.0,0.0,0.0,0.0
2019-20,218439,Alfonso Pedraza,0,1.0,0.0,21.0,15.0,0.0,0.0
2019-20,136945,Allan Nyom,0,2.0,0.0,34.0,31.0,0.0,0.0
2019-20,148987,Alphonse Areola,0,0.0,0.0,4.0,4.0,0.0,0.0
2019-20,268982,Alvaro Aguado,0,0.0,0.0,0.0,0.0,0.0,0.0
2019-20,162264,Amath Ndiaye,0,0.0,0.0,7.0,0.0,0.0,0.0
2019-20,150806,Anaitz Arbilla,0,1.0,0.0,24.0,22.0,0.0,0.0
2019-20,283941,Ander Barrenetxea,0,1.0,0.0,17.0,3.0,0.0,0.0
2019-20,180289,Ander Capa,0,3.0,4.0,35.0,32.0,0.0,0.0
2019-20,260256,Ander Guevara,0,0.0,0.0,14.0,11.0,0.0,0.0
2019-20,301427,Ander Iru,0,0.0,0.0,0.0,0.0,0.0,0.0
2019-20,124635,Ander Iturraspe,0,0.0,0.0,8.0,3.0,0.0,0.0
2019-20,245839,Andoni Gorosabel,0,0.0,0.0,14.0,8.0,0.0,0.0
2019-20,271436,Andoni Zubiaurre,0,0.0,0.0,0.0,0.0,0.0,0.0
2019-20,287224,Andrei Ratiu,0,0.0,0.0,0.0,0.0,0.0,0.0
2019-20,279604,André Grandi,0,0.0,0.0,0.0,0.0,0.0,0.0
2019-20,87897,Andrés Fernández,0,0.0,1.0,4.0,4.0,0.0,0.0
2019-20,76932,Andrés Guardado,0,0.0,3.0,28.0,25.0,0.0,0.0
2019-20,176659,Andrés Prieto,0,0.0,0.0,0.0,0.0,0.0,0.0
2019-20,292957,Ansu Fati,0,7.0,1.0,24.0,11.0,0.0,0.0
2019-20,207288,Ante Budimir,0,13.0,2.0,35.0,33.0,0.0,0.0
2019-20,140416,Antoine Griezmann,0,9.0,4.0,35.0,31.0,0.0,0.0
2019-20,101871,Antonio Adán,0,0.0,0.0,1.0,0.0,0.0,0.0
2019-20,300873,Antonio Aranda,0,0.0,0.0,0.0,0.0,0.0,0.0
2019-20,66521,Antonio Barragán,0,0.0,1.0,12.0,7.0,0.0,0.0
2019-20,267460,Antonio Montoro,0,0.0,0.0,0.0,0.0,0.0,0.0
2019-20,252541,Antonio Moya,0,0.0,0.0,1.0,0.0,0.0,0.0
2019-20,184803,Antonio Puertas,0,7.0,3.0,36.0,27.0,0.0,0.0
2019-20,222333,Antonio Raíllo,0,1.0,0.0,32.0,32.0,0.0,0.0
2019-20,196963,Antoñito,0,0.0,0.0,15.0,11.0,0.0,0.0
2019-20,296307,Antoñín,0,1.0,0.0,8.0,2.0,0.0,0.0
2019-20,222423,Aridane Hernández,0,3.0,0.0,29.0,29.0,0.0,0.0
2019-20,292229,Aritz Arambarri,0,0.0,0.0,0.0,0.0,0.0,0.0
2019-20,214742,Aritz Elustondo,0,0.0,1.0,22.0,17.0,0.0,0.0
2019-20,290043,Arnau Tenas,0,0.0,0.0,0.0,0.0,0.0,0.0
2019-20,216254,Arthur,0,3.0,3.0,21.0,14.0,0.0,0.0
2019-20,231902,Artiz Castro,0,0.0,0.0,0.0,0.0,0.0,0.0
2019-20,102198,Arturo Vidal,0,8.0,2.0,33.0,16.0,0.0,0.0
2019-20,148614,Asier Illarramendi,0,0.0,0.0,3.0,3.0,0.0,0.0
2019-20,222365,Asier Villalibre,0,3.0,0.0,19.0,5.0,0.0,0.0
2019-20,300915,Aymane Mourid,0,0.0,0.0,0.0,0.0,0.0,0.0
2019-20,150451,Aïssa Mandi,0,0.0,0.0,29.0,29.0,0.0,0.0
2019-20,178579,Barbero,0,0.0,0.0,0.0,0.0,0.0,0.0
2019-20,125777,Bernardo Espinosa,0,3.0,0.0,26.0,26.0,0.0,0.0
2019-20,85300,Beñat ,0,0.0,0.0,11.0,3.0,0.0,0.0
2019-20,214995,Borja Iglesias,0,3.0,2.0,35.0,21.0,0.0,0.0
2019-20,218793,Borja Mayoral,0,8.0,2.0,34.0,24.0,0.0,0.0
2019-20,292268,Borja Sainz,0,1.0,0.0,19.0,5.0,0.0,0.0
2019-20,246532,Brahim Díaz,0,0.0,0.0,6.0,0.0,0.0,0.0
2019-20,262729,Brais Méndez,0,0.0,2.0,31.0,15.0,0.0,0.0
2019-20,301435,Brais Rodríguez,0,0.0,0.0,0.0,0.0,0.0,0.0
2019-20,87893,Bruno,0,0.0,0.0,7.0,1.0,0.0,0.0
2019-20,284429,Bryan Gil,0,1.0,0.0,14.0,4.0,0.0,0.0
2019-20,264165,Bryan Reyna,0,0.0,0.0,0.0,0.0,0.0,0.0
2019-20,233802,Carles Aleñá,0,1.0,0.0,21.0,9.0,0.0,0.0
2019-20,121232,Carlos Bacca,0,2.0,1.0,19.0,7.0,0.0,0.0
2019-20,168363,Carlos Clerc,0,0.0,2.0,23.0,20.0,0.0,0.0
2019-20,197906,Carlos Fernández,0,10.0,3.0,34.0,21.0,0.0,0.0
2019-20,240648,Carlos Marín,0,0.0,0.0,0.0,0.0,0.0,0.0
2019-20,283862,Carlos Neva,0,0.0,1.0,26.0,25.0,0.0,0.0
2019-20,235072,Carlos Soler,0,2.0,0.0,28.0,24.0,0.0,0.0
2019-20,239387,Caro,0,0.0,0.0,3.0,3.0,0.0,0.0
2019-20,173666,Casemiro,0,4.0,3.0,35.0,35.0,0.0,0.0
2019-20,150794,Charles,0,6.0,0.0,30.0,13.0,0.0,0.0
2019-20,192763,Chema,0,0.0,0.0,4.0,3.0,0.0,0.0
2019-20,233720,Chidozie Awaziem,0,0.0,0.0,26.0,21.0,0.0,0.0
2019-20,217588,Chimy Ávila,0,9.0,2.0,20.0,18.0,0.0,0.0
2019-20,193917,Clément Lenglet,0,2.0,1.0,28.0,28.0,0.0,0.0
2019-20,125758,Coke,0,1.0,0.0,17.0,11.0,0.0,0.0
2019-20,239722,Cristian Ganea,0,0.0,0.0,0.0,0.0,0.0,0.0
2019-20,76884,Cristian Rivero,0,0.0,0.0,0.0,0.0,0.0,0.0
2019-20,132709,Cristian Tello,0,2.0,0.0,27.0,5.0,0.0,0.0
2019-20,154456,Cristiano Piccini,0,0.0,0.0,2.0,1.0,0.0,0.0
2019-20,336809,Cucho Hernández,0,5.0,1.0,22.0,17.0,0.0,0.0
2019-20,104899,Damián Suárez,0,1.0,4.0,30.0,30.0,0.0,0.0
2019-20,168531,Dani Carvajal,0,1.0,5.0,31.0,31.0,0.0,0.0
2019-20,192734,Dani García,0,0.0,1.0,36.0,33.0,0.0,0.0
2019-20,264077,Dani Martín,0,0.0,0.0,6.0,5.0,0.0,0.0
2019-20,261467,Dani Morer,0,0.0,0.0,0.0,0.0,0.0,0.0
2019-20,121020,Dani Parejo,0,8.0,3.0,35.0,35.0,0.0,0.0
2019-20,144587,Dani Rodríguez,0,5.0,2.0,37.0,36.0,0.0,0.0
2019-20,274016,Dani Vivian,0,0.0,0.0,0.0,0.0,0.0,0.0
2019-20,192893,Daniel Cárdenas,0,0.0,0.0,0.0,0.0,0.0,0.0
2019-20,279687,Daniel Plomer,0,0.0,0.0,0.0,0.0,0.0,0.0
2019-20,272915,Daniel Rebollo,0,0.0,0.0,0.0,0.0,0.0,0.0
2019-20,303968,Daniel Villahermosa,0,0.0,0.0,0.0,0.0,0.0,0.0
2019-20,153822,Daniel Wass,0,1.0,6.0,35.0,30.0,0.0,0.0
2019-20,151695,Darko Brasanac,0,0.0,1.0,31.0,27.0,0.0,0.0
2019-20,165517,Darwin Machis,0,7.0,5.0,36.0,20.0,0.0,0.0
2019-20,250929,Darío Poveda,0,0.0,0.0,1.0,0.0,0.0,0.0
2019-20,209582,David García,0,0.0,0.0,32.0,31.0,0.0,0.0
2019-20,165644,David Juncà,0,0.0,0.0,3.0,3.0,0.0,0.0
2019-20,160740,David López,0,4.0,2.0,32.0,29.0,0.0,0.0
2019-20,260156,David Ramos Guillén,0,0.0,0.0,0.0,0.0,0.0,0.0
2019-20,196339,David Soria,0,0.0,0.0,38.0,38.0,0.0,0.0
2019-20,155247,David Timor,0,3.0,0.0,22.0,10.0,0.0,0.0
2019-20,125764,David Zurutuza,0,0.0,0.0,5.0,2.0,0.0,0.0
2019-20,163129,Denis Cheryshev,0,1.0,2.0,24.0,9.0,0.0,0.0
2019-20,163068,Denis Suárez,0,1.0,5.0,26.0,20.0,0.0,0.0
2019-20,219073,Diego Alende,0,0.0,0.0,0.0,0.0,0.0,0.0
2019-20,290404,Diego Altube,0,0.0,0.0,0.0,0.0,0.0,0.0
2019-20,196860,Diego Carlos,0,2.0,0.0,35.0,35.0,0.0,0.0
2019-20,95410,Diego Costa,0,5.0,4.0,23.0,14.0,0.0,0.0
2019-20,253830,Diego Lainez,0,0.0,0.0,15.0,2.0,0.0,0.0
2019-20,181530,Diego Llorente,0,1.0,1.0,29.0,27.0,0.0,0.0
2019-20,40547,Diego López,0,0.0,0.0,36.0,36.0,0.0,0.0
2019-20,157739,Dimitri Foulquier,0,1.0,0.0,17.0,12.0,0.0,0.0
2019-20,140886,Dimitrios Siovas,0,0.0,0.0,24.0,23.0,0.0,0.0
2019-20,181355,Djené,0,0.0,0.0,34.0,34.0,0.0,0.0
2019-20,219234,Domingos Duarte,0,3.0,1.0,36.0,34.0,0.0,0.0
2019-20,259098,Dragan Rosic,0,0.0,0.0,0.0,0.0,0.0,0.0
2019-20,131292,Dídac Vilà,0,0.0,0.0,30.0,28.0,0.0,0.0
2019-20,101390,Eden Hazard,0,1.0,3.0,16.0,14.0,0.0,0.0
2019-20,128669,Edgar González,0,0.0,0.0,10.0,9.0,0.0,0.0
2019-20,255272,Edu Expósito,0,4.0,1.0,35.0,24.0,0.0,0.0
2019-20,290750,Ekhi Bravo,0,0.0,0.0,0.0,0.0,0.0,0.0
2019-20,127479,Eliaquim Mangala,0,0.0,0.0,8.0,8.0,0.0,0.0
2019-20,242442,Eliseo Falcon,0,0.0,0.0,1.0,1.0,0.0,0.0
2019-20,246844,Emerson Royal,0,3.0,6.0,33.0,32.0,0.0,0.0
2019-20,231279,Emre Mor,0,0.0,0.0,0.0,0.0,0.0,0.0
2019-20,278204,Endika Irigoyen,0,0.0,0.0,0.0,0.0,0.0,0.0
2019-20,218122,Enes Ünal,0,6.0,2.0,35.0,23.0,0.0,0.0
2019-20,218104,Enis Bardhi,0,7.0,2.0,30.0,23.0,0.0,0.0
2019-20,276634,Enric Gallego,0,3.0,0.0,19.0,11.0,0.0,0.0
2019-20,209580,Enrique Barja,0,0.0,1.0,8.0,4.0,0.0,0.0
2019-20,135422,Enrique García,0,5.0,1.0,27.0,20.0,0.0,0.0
2019-20,276636,Enrique Perez,0,0.0,0.0,6.0,2.0,0.0,0.0
2019-20,207913,Erick Cabaco,0,0.0,0.0,15.0,12.0,0.0,0.0
2019-20,188469,Esteban Burgos,0,1.0,0.0,15.0,11.0,0.0,0.0
2019-20,51848,Facundo Ferreyra,0,1.0,0.0,16.0,5.0,0.0,0.0
2019-20,256876,Facundo Garcia,0,0.0,0.0,0.0,0.0,0.0,0.0
2019-20,99484,Facundo Roncaglia,0,1.0,0.0,16.0,15.0,0.0,0.0
2019-20,163121,Faycal Fajr,0,0.0,0.0,10.0,5.0,0.0,0.0
2019-20,208010,Fede San Emeterio,0,0.0,0.0,25.0,20.0,0.0,0.0
2019-20,155580,Fede Vico,0,2.0,1.0,18.0,11.0,0.0,0.0
2019-20,235818,Federico Valverde,0,2.0,5.0,33.0,21.0,0.0,0.0
2019-20,150204,Fedor Smolov,0,2.0,0.0,14.0,10.0,0.0,0.0
2019-20,196843,Felipe,0,1.0,0.0,25.0,23.0,0.0,0.0
2019-20,84144,Felipe Rodríguez,0,0.0,0.0,0.0,0.0,0.0,0.0
2019-20,217475,Ferland Mendy,0,1.0,2.0,25.0,19.0,0.0,0.0
2019-20,124066,Fernando,0,2.0,3.0,34.0,30.0,0.0,0.0
2019-20,261199,Fernando Calero,0,0.0,0.0,15.0,12.0,0.0,0.0
2019-20,301684,Fernando Niño,0,1.0,0.0,5.0,1.0,0.0,0.0
2019-20,153715,Fernando Pacheco,0,0.0,0.0,27.0,27.0,0.0,0.0
2019-20,279904,Ferran Jutglà,0,0.0,0.0,0.0,0.0,0.0,0.0
2019-20,265869,Ferran Torres,0,4.0,5.0,34.0,26.0,0.0,0.0
2019-20,189670,Filip Bradaric,0,0.0,0.0,14.0,7.0,0.0,0.0
2019-20,304256,Filip Jørgensen,0,0.0,0.0,0.0,0.0,0.0,0.0
2019-20,219533,Filip Manojlovic,0,0.0,0.0,0.0,0.0,0.0,0.0
2019-20,298884,Florent Poulolo,0,0.0,0.0,1.0,0.0,0.0,0.0
2019-20,242383,Fran Beltrán,0,1.0,0.0,28.0,22.0,0.0,0.0
2019-20,276637,Fran Gamez,0,0.0,1.0,23.0,18.0,0.0,0.0
2019-20,181842,Fran González,0,0.0,0.0,0.0,0.0,0.0,0.0
2019-20,92102,Fran Mérida,0,0.0,1.0,23.0,12.0,0.0,0.0
2019-20,271914,Fran Vieites,0,0.0,0.0,0.0,0.0,0.0,0.0
2019-20,121406,Francis Coquelin,0,0.0,0.0,26.0,21.0,0.0,0.0
2019-20,144490,Francisco Portillo,0,0.0,2.0,16.0,3.0,0.0,0.0
2019-20,118787,Franco Vázquez,0,3.0,0.0,31.0,11.0,0.0,0.0
2019-20,215721,Frank Anguissa,0,2.0,0.0,36.0,28.0,0.0,0.0
2019-20,219022,Frenkie de Jong,0,2.0,2.0,29.0,24.0,0.0,0.0
2019-20,115447,Gabriel Fernandez,0,1.0,1.0,20.0,5.0,0.0,0.0
2019-20,192226,Gabriel Paulista,0,1.0,1.0,33.0,31.0,0.0,0.0
2019-20,248860,Gaizka Larrazabal,0,0.0,0.0,10.0,2.0,0.0,0.0
2019-20,77653,Gareth Bale,0,2.0,2.0,16.0,12.0,0.0,0.0
2019-20,268860,Genaro Rodríguez,0,0.0,0.0,0.0,0.0,0.0,0.0
2019-20,152270,Geoffrey Kondogbia,0,1.0,1.0,27.0,21.0,0.0,0.0
2019-20,156172,Gerard Moreno,0,18.0,5.0,35.0,33.0,0.0,0.0
2019-20,45931,Gerard Piqué,0,1.0,0.0,35.0,35.0,0.0,0.0
2019-20,160132,Germán,0,2.0,0.0,28.0,26.0,0.0,0.0
2019-20,297358,Germán Valera,0,0.0,0.0,1.0,0.0,0.0,0.0
2019-20,167192,Gerónimo Rulli,0,0.0,0.0,0.0,0.0,0.0,0.0
2019-20,229573,Gil Dias,0,0.0,1.0,12.0,3.0,0.0,0.0
2019-20,258923,Giorgi Kochorashvili,0,0.0,0.0,1.0,0.0,0.0,0.0
2019-20,119045,Gonzalo Melero,0,2.0,1.0,25.0,14.0,0.0,0.0
2019-20,263730,Gonzalo Pereira,0,0.0,0.0,1.0,0.0,0.0,0.0
2019-20,213141,Gonçalo Guedes,0,2.0,2.0,21.0,14.0,0.0,0.0
2019-20,301764,Gorka Zabarte,0,0.0,0.0,0.0,0.0,0.0,0.0
2019-20,154738,Guido Carrillo,0,1.0,2.0,24.0,13.0,0.0,0.0
2019-20,212185,Guido Rodríguez,0,1.0,0.0,14.0,11.0,0.0,0.0
2019-20,303051,Guillem Molina,0,0.0,0.0,0.0,0.0,0.0,0.0
2019-20,43340,Hatem Ben Arfa,0,0.0,0.0,5.0,2.0,0.0,0.0
2019-20,186075,Hernâni,0,2.0,0.0,20.0,5.0,0.0,0.0
2019-20,267477,Hugo Duro,0,1.0,1.0,12.0,4.0,0.0,0.0
2019-20,265985,Hugo Guillamón,0,0.0,0.0,6.0,5.0,0.0,0.0
2019-20,140271,Hugo Mallo,0,0.0,1.0,27.0,22.0,0.0,0.0
2019-20,146866,Héctor Herrera,0,0.0,2.0,21.0,12.0,0.0,0.0
2019-20,92800,Iago Aspas,0,14.0,3.0,37.0,37.0,0.0,0.0
2019-20,304322,Iago Dominguez,0,0.0,0.0,0.0,0.0,0.0,0.0
2019-20,174959,Iago Herrerín,0,0.0,0.0,5.0,4.0,0.0,0.0
2019-20,148981,Ibai Gómez,0,0.0,0.0,17.0,6.0,0.0,0.0
2019-20,178107,Ibrahim Amadou,0,0.0,0.0,10.0,9.0,0.0,0.0
2019-20,278206,Iddrisu Baba,0,0.0,0.0,36.0,35.0,0.0,0.0
2019-20,235693,Igor Zubeldia,0,0.0,1.0,33.0,29.0,0.0,0.0
2019-20,292222,Iker Losada,0,1.0,0.0,2.0,0.0,0.0,0.0
2019-20,139419,Iker Muniain,0,5.0,2.0,31.0,26.0,0.0,0.0
2019-20,143564,Isco,0,1.0,2.0,23.0,15.0,0.0,0.0
2019-20,108464,Isma Ruiz,0,0.0,0.0,0.0,0.0,0.0,0.0
2019-20,296164,Ismael Gutiérrez,0,0.0,0.0,3.0,1.0,0.0,0.0
2019-20,140110,Ismail Köybasi,0,0.0,0.0,4.0,3.0,0.0,0.0
2019-20,102251,Ivan Rakitić,0,1.0,3.0,31.0,16.0,0.0,0.0
2019-20,219539,Ivan Saponjic,0,0.0,0.0,2.0,0.0,0.0,0.0
2019-20,298817,Ivi,0,0.0,0.0,0.0,0.0,0.0,0.0
2019-20,206473,Iván Alejo,0,0.0,0.0,0.0,0.0,0.0,0.0
2019-20,303849,Iván Amores,0,0.0,0.0,0.0,0.0,0.0,0.0
2019-20,32501,Iván Cuéllar,0,0.0,0.0,27.0,27.0,0.0,0.0
2019-20,165729,Iván López,0,0.0,0.0,0.0,0.0,0.0,0.0
2019-20,40546,Iván Ramis,0,1.0,0.0,7.0,6.0,0.0,0.0
2019-20,242580,Iván Villar,0,0.0,0.0,4.0,3.0,0.0,0.0
2019-20,282680,Iñaki Peña,0,0.0,0.0,0.0,0.0,0.0,0.0
2019-20,214412,Iñaki Williams,0,6.0,1.0,38.0,34.0,0.0,0.0
2019-20,299954,Iñaki Álvarez,0,0.0,0.0,0.0,0.0,0.0,0.0
2019-20,227414,Iñigo Córdoba,0,1.0,4.0,24.0,21.0,0.0,0.0
2019-20,222369,Iñigo Lekue,0,0.0,1.0,14.0,6.0,0.0,0.0
2019-20,165562,Iñigo Martínez,0,1.0,1.0,33.0,33.0,0.0,0.0
2019-20,242382,Jacobo González,0,0.0,0.0,2.0,1.0,0.0,0.0
2019-20,196915,Jaime Mata,0,11.0,3.0,34.0,33.0,0.0,0.0
2019-20,82816,James Rodríguez,0,1.0,1.0,8.0,5.0,0.0,0.0
2019-20,149622,Jan Oblak,0,0.0,0.0,38.0,38.0,0.0,0.0
2019-20,186840,Jason,0,1.0,4.0,20.0,14.0,0.0,0.0
2019-20,137783,Jasper Cillessen,0,0.0,1.0,24.0,24.0,0.0,0.0
2019-20,103897,Jaume Costa,0,0.0,1.0,19.0,15.0,0.0,0.0
2019-20,173750,Jaume Doménech,0,0.0,0.0,15.0,14.0,0.0,0.0
2019-20,68489,Javi García,0,0.0,0.0,8.0,4.0,0.0,0.0
2019-20,278174,Javi Hernández,0,0.0,0.0,0.0,0.0,0.0,0.0
2019-20,251139,Javi Jiménez,0,0.0,0.0,0.0,0.0,0.0,0.0
2019-20,141656,Javi López,0,0.0,0.0,17.0,16.0,0.0,0.0
2019-20,297354,Javi López,0,0.0,0.0,1.0,1.0,0.0,0.0
2019-20,188191,Javi Moyano,0,0.0,0.0,26.0,26.0,0.0,0.0
2019-20,230894,Javi Ontiveros,0,2.0,1.0,30.0,7.0,0.0,0.0
2019-20,191899,Javi Sánchez,0,0.0,1.0,8.0,6.0,0.0,0.0
2019-20,282308,Javier Avilés,0,1.0,1.0,9.0,1.0,0.0,0.0
2019-20,96595,Javier Díaz,0,0.0,0.0,0.0,0.0,0.0,0.0
2019-20,207718,Javier Eraso,0,0.0,0.0,20.0,11.0,0.0,0.0
2019-20,278205,Javier Martínez,0,0.0,0.0,1.0,0.0,0.0,0.0
2019-20,277327,Jean-Clair Todibo,0,0.0,0.0,2.0,1.0,0.0,0.0
2019-20,303886,Jesus Ruiz,0,0.0,0.0,0.0,0.0,0.0,0.0
2019-20,300876,Jesús Areso,0,0.0,0.0,0.0,0.0,0.0,0.0
2019-20,37449,Jesús Navas,0,0.0,7.0,38.0,37.0,0.0,0.0
2019-20,209592,Jesús Vallejo,0,0.0,0.0,11.0,7.0,0.0,0.0
2019-20,304278,Jime,0,0.0,0.0,0.0,0.0,0.0,0.0
2019-20,208850,Joan Jordán,0,2.0,2.0,34.0,27.0,0.0,0.0
2019-20,276804,Joan Monterde,0,0.0,0.0,1.0,0.0,0.0,0.0
2019-20,282681,Joan Sastre,0,0.0,2.0,19.0,16.0,0.0,0.0
2019-20,28261,Joao Costa,0,0.0,0.0,0.0,0.0,0.0,0.0
2019-20,12418,Joaquín,0,8.0,3.0,34.0,25.0,0.0,0.0
2019-20,231395,Joaquín,0,2.0,0.0,20.0,19.0,0.0,0.0
2019-20,141624,Joel Robles,0,0.0,0.0,33.0,33.0,0.0,0.0
2019-20,146893,John Guidetti,0,0.0,0.0,5.0,1.0,0.0,0.0
2019-20,209578,Jokin Ezkieta,0,0.0,0.0,0.0,0.0,0.0,0.0
2019-20,234335,Jon Bautista,0,0.0,0.0,0.0,0.0,0.0,0.0
2019-20,286176,Jon Moncayola,0,1.0,0.0,27.0,15.0,0.0,0.0
2019-20,297359,Jon Pacheco,0,0.0,0.0,1.0,1.0,0.0,0.0
2019-20,303561,Jon Sillero,0,0.0,0.0,0.0,0.0,0.0,0.0
2019-20,162558,Jonathan Calleri,0,1.0,3.0,27.0,20.0,0.0,0.0
2019-20,79997,Jonathan Silva,0,1.0,2.0,33.0,32.0,0.0,0.0
2019-20,121021,Jordi Alba,0,2.0,5.0,27.0,25.0,0.0,0.0
2019-20,150792,Jordi Masip,0,0.0,0.0,35.0,35.0,0.0,0.0
2019-20,209736,Jorge,0,0.0,0.0,7.0,5.0,0.0,0.0
2019-20,252031,Jorge Cuenca,0,0.0,0.0,0.0,0.0,0.0,0.0
2019-20,173660,Jorge Miramón,0,0.0,3.0,32.0,27.0,0.0,0.0
2019-20,116111,Jorge Molina,0,5.0,3.0,34.0,23.0,0.0,0.0
2019-20,209744,Jose Alonso,0,0.0,0.0,0.0,0.0,0.0,0.0
2019-20,303890,Jose Javier Hualde,0,0.0,0.0,0.0,0.0,0.0,0.0
2019-20,248383,Jose Mena,0,0.0,0.0,0.0,0.0,0.0,0.0
2019-20,193463,Joseba Zaldúa,0,0.0,2.0,30.0,29.0,0.0,0.0
2019-20,134939,Joselu,0,11.0,2.0,36.0,31.0,0.0,0.0
2019-20,214345,Josep Señé,0,0.0,0.0,6.0,1.0,0.0,0.0
2019-20,219309,Joseph Aidoo,0,0.0,1.0,32.0,27.0,0.0,0.0
2019-20,229522,José Arnaiz,0,2.0,1.0,26.0,10.0,0.0,0.0
2019-20,158259,José Campaña,0,2.0,7.0,37.0,35.0,0.0,0.0
2019-20,301904,José Fontán,0,0.0,0.0,0.0,0.0,0.0,0.0
2019-20,178747,José Gayà,0,0.0,1.0,24.0,23.0,0.0,0.0
2019-20,274243,José González,0,0.0,0.0,0.0,0.0,0.0,0.0
2019-20,184640,José Luis Morales,0,4.0,2.0,38.0,29.0,0.0,0.0
2019-20,238763,José Luis Rodríguez,0,0.0,0.0,1.0,0.0,0.0,0.0
2019-20,261473,José Luis Trápaga,0,0.0,0.0,0.0,0.0,0.0,0.0
2019-20,240531,José Martínez,0,0.0,1.0,20.0,13.0,0.0,0.0
2019-20,188398,José María Giménez,0,0.0,0.0,21.0,19.0,0.0,0.0
2019-20,130213,José Ángel,0,1.0,1.0,28.0,27.0,0.0,0.0
2019-20,182675,Jozabed,0,0.0,0.0,0.0,0.0,0.0,0.0
2019-20,276350,João Félix,0,6.0,1.0,27.0,21.0,0.0,0.0
2019-20,227196,Juan Moreno,0,0.0,0.0,0.0,0.0,0.0,0.0
2019-20,218563,Juan Pérez,0,0.0,0.0,2.0,2.0,0.0,0.0
2019-20,212327,Juan Soriano,0,0.0,0.0,11.0,11.0,0.0,0.0
2019-20,303804,Juanlu Sanchez,0,0.0,0.0,0.0,0.0,0.0,0.0
2019-20,143643,Juanmi,0,1.0,0.0,8.0,2.0,0.0,0.0
2019-20,301869,Julen Lobete,0,0.0,0.0,0.0,0.0,0.0,0.0
2019-20,231692,Jules Koundé,0,1.0,1.0,29.0,25.0,0.0,0.0
2019-20,269655,Junior Firpo,0,1.0,1.0,17.0,11.0,0.0,0.0
2019-20,46858,Karim Benzema,0,21.0,8.0,37.0,36.0,0.0,0.0
2019-20,208027,Kenan Kodro,0,1.0,0.0,12.0,4.0,0.0,0.0
2019-20,163258,Kenneth Omeruo,0,1.0,0.0,23.0,22.0,0.0,0.0
2019-20,101468,Kevin Gameiro,0,6.0,2.0,29.0,17.0,0.0,0.0
2019-20,219074,Kevin Vázquez,0,0.0,0.0,17.0,16.0,0.0,0.0
2019-20,143637,Kieran Trippier,0,0.0,4.0,25.0,23.0,0.0,0.0
2019-20,129711,Kiko,0,2.0,0.0,35.0,33.0,0.0,0.0
2019-20,288920,Koba Koindredi,0,0.0,0.0,0.0,0.0,0.0,0.0
2019-20,140791,Koke,0,4.0,5.0,32.0,30.0,0.0,0.0
2019-20,202751,Koke Vegas,0,0.0,0.0,2.0,2.0,0.0,0.0
2019-20,173614,Kévin Rodrigues,0,1.0,2.0,27.0,22.0,0.0,0.0
2019-20,215656,Kévin Soni,0,0.0,0.0,1.0,0.0,0.0,0.0
2019-20,134305,Lago Junior,0,4.0,0.0,35.0,24.0,0.0,0.0
2019-20,133259,Leandro Cabrera,0,2.0,1.0,35.0,35.0,0.0,0.0
2019-20,129881,Leandro Chichizola,0,0.0,0.0,0.0,0.0,0.0,0.0
2019-20,274197,Lee Kang-In,0,2.0,0.0,17.0,3.0,0.0,0.0
2019-20,45843,Lionel Messi,0,25.0,21.0,33.0,32.0,0.0,0.0
2019-20,195714,Lisandro Magallán,0,1.0,1.0,17.0,13.0,0.0,0.0
2019-20,102403,Ljubomir Fejsa,0,0.0,0.0,13.0,11.0,0.0,0.0
2019-20,261112,Lorenzo Morón,0,10.0,3.0,36.0,21.0,0.0,0.0
2019-20,260258,Luca Sangalli,0,0.0,1.0,11.0,5.0,0.0,0.0
2019-20,159263,Lucas Ocampos,0,14.0,3.0,33.0,31.0,0.0,0.0
2019-20,171508,Lucas Olaza,0,1.0,3.0,35.0,35.0,0.0,0.0
2019-20,184825,Lucas Pérez,0,11.0,5.0,34.0,29.0,0.0,0.0
2019-20,174967,Lucas Vázquez,0,2.0,1.0,18.0,8.0,0.0,0.0
2019-20,304321,Luis López,0,0.0,0.0,0.0,0.0,0.0,0.0
2019-20,264177,Luis Rioja,0,0.0,0.0,28.0,19.0,0.0,0.0
2019-20,125088,Luis Suárez,0,16.0,8.0,28.0,22.0,0.0,0.0
2019-20,221332,Luka Jovic,0,2.0,1.0,17.0,4.0,0.0,0.0
2019-20,76762,Luka Modric,0,3.0,7.0,31.0,22.0,0.0,0.0
2019-20,303844,Luka Romero,0,0.0,0.0,1.0,0.0,0.0,0.0
2019-20,252096,Lumor Agbenyenu,0,1.0,0.0,23.0,20.0,0.0,0.0
2019-20,127420,Luuk de Jong,0,6.0,1.0,35.0,24.0,0.0,0.0
2019-20,167732,Mamadou Koné,0,0.0,0.0,0.0,0.0,0.0,0.0
2019-20,76979,Manolo Reina,0,0.0,0.0,36.0,36.0,0.0,0.0
2019-20,125743,Manu García,0,0.0,0.0,30.0,22.0,0.0,0.0
2019-20,268753,Manu Morlanes,0,0.0,1.0,9.0,3.0,0.0,0.0
2019-20,300985,Manu Sánchez,0,0.0,0.0,5.0,4.0,0.0,0.0
2019-20,158605,Manu Trigueros,0,2.0,4.0,29.0,17.0,0.0,0.0
2019-20,232388,Manu Vallejo,0,2.0,0.0,11.0,3.0,0.0,0.0
2019-20,303975,Manuel Garrido,0,0.0,0.0,4.0,2.0,0.0,0.0
2019-20,145078,Marc Bartra,0,3.0,1.0,30.0,29.0,0.0,0.0
2019-20,250678,Marc Cardona,0,1.0,2.0,19.0,9.0,0.0,0.0
2019-20,259910,Marc Cucurella,0,1.0,5.0,37.0,37.0,0.0,0.0
2019-20,250068,Marc Gual,0,0.0,0.0,0.0,0.0,0.0,0.0
2019-20,150251,Marc Navarro,0,0.0,0.0,4.0,3.0,0.0,0.0
2019-20,101309,Marc Pedraza,0,0.0,0.0,3.0,2.0,0.0,0.0
2019-20,242008,Marc Roca,0,2.0,1.0,35.0,35.0,0.0,0.0
2019-20,140740,Marc-André ter Stegen,0,0.0,2.0,36.0,36.0,0.0,0.0
2019-20,77641,Marcelo,0,1.0,2.0,15.0,15.0,0.0,0.0
2019-20,195821,Marco Asensio,0,3.0,1.0,9.0,3.0,0.0,0.0
2019-20,262096,Marcos Lavin,0,0.0,0.0,0.0,0.0,0.0,0.0
2019-20,206474,Marcos Llorente,0,3.0,3.0,29.0,16.0,0.0,0.0
2019-20,198832,Mariano,0,1.0,0.0,5.0,0.0,0.0,0.0
2019-20,48362,Mariano Barbosa,0,0.0,0.0,0.0,0.0,0.0,0.0
2019-20,133180,Mario,0,0.0,2.0,25.0,22.0,0.0,0.0
2019-20,300916,Mario,0,0.0,0.0,0.0,0.0,0.0,0.0
2019-20,222529,Mario Hermoso,0,0.0,0.0,17.0,15.0,0.0,0.0
2019-20,300443,Mario Rodríguez,0,0.0,0.0,1.0,0.0,0.0,0.0
2019-20,179211,Marko Dmitrovic,0,0.0,0.0,35.0,35.0,0.0,0.0
2019-20,187100,Martin Braithwaite,0,7.0,2.0,35.0,25.0,0.0,0.0
2019-20,193397,Martin Valjent,0,0.0,0.0,36.0,36.0,0.0,0.0
2019-20,203669,Martin Ødegaard,0,4.0,6.0,31.0,29.0,0.0,0.0
2019-20,251921,Martín Aguirregabiria,0,1.0,1.0,31.0,23.0,0.0,0.0
2019-20,287266,Martín Zubimendi,0,0.0,0.0,9.0,6.0,0.0,0.0
2019-20,225538,Matheus Fernandes,0,0.0,0.0,3.0,2.0,0.0,0.0
2019-20,234881,Mathías Olivera,0,0.0,1.0,24.0,21.0,0.0,0.0
2019-20,196613,Matias Vargas,0,0.0,3.0,21.0,10.0,0.0,0.0
2019-20,199775,Mauro Arambarri,0,1.0,1.0,35.0,34.0,0.0,0.0
2019-20,67183,Maxi Gómez,0,10.0,2.0,33.0,25.0,0.0,0.0
2019-20,131748,Maxime Gonalons,0,0.0,0.0,19.0,17.0,0.0,0.0
2019-20,177894,Miguel Angel Leal,0,0.0,0.0,0.0,0.0,0.0,0.0
2019-20,264124,Miguel Atienza,0,0.0,0.0,3.0,0.0,0.0,0.0
2019-20,150790,Miguel Guerrero,0,1.0,0.0,13.0,9.0,0.0,0.0
2019-20,290044,Miguel Gutiérrez,0,0.0,0.0,0.0,0.0,0.0,0.0
2019-20,169767,Miguel Marí,0,0.0,0.0,1.0,0.0,0.0,0.0
2019-20,226618,Miguel Parera,0,0.0,0.0,1.0,1.0,0.0,0.0
2019-20,277717,Miguel de la Fuente,0,0.0,0.0,7.0,2.0,0.0,0.0
2019-20,32937,Miguel Ángel Moyà,0,0.0,0.0,13.0,13.0,0.0,0.0
2019-20,126441,Mikel Balenziaga,0,0.0,0.0,9.0,6.0,0.0,0.0
2019-20,209581,Mikel Merino,0,5.0,1.0,36.0,35.0,0.0,0.0
2019-20,229018,Mikel Oyarzabal,0,10.0,11.0,37.0,36.0,0.0,0.0
2019-20,108313,Mikel San José,0,0.0,0.0,9.0,3.0,0.0,0.0
2019-20,222373,Mikel Vesga,0,0.0,1.0,20.0,13.0,0.0,0.0
2019-20,259909,Mohamed Ezzarfani,0,0.0,0.0,0.0,0.0,0.0,0.0
2019-20,277718,Mohammed Salisu,0,1.0,1.0,31.0,30.0,0.0,0.0
2019-20,169089,Moi Gómez,0,5.0,4.0,37.0,26.0,0.0,0.0
2019-20,268809,Monchu,0,0.0,0.0,0.0,0.0,0.0,0.0
2019-20,241117,Mouctar Diakhaby,0,0.0,0.0,21.0,15.0,0.0,0.0
2019-20,219526,Moussa Wagué,0,0.0,0.0,1.0,1.0,0.0,0.0
2019-20,193782,Munir El Haddadi,0,5.0,2.0,21.0,14.0,0.0,0.0
2019-20,129871,Míchel,0,1.0,2.0,29.0,27.0,0.0,0.0
2019-20,189025,Nabil Fekir,0,7.0,4.0,32.0,31.0,0.0,0.0
2019-20,157710,Nacho,0,1.0,0.0,6.0,4.0,0.0,0.0
2019-20,180341,Nacho Martínez,0,0.0,2.0,23.0,21.0,0.0,0.0
2019-20,85361,Nacho Monreal,0,2.0,0.0,29.0,27.0,0.0,0.0
2019-20,240102,Nacho Vidal,0,0.0,0.0,30.0,26.0,0.0,0.0
2019-20,158293,Naldo,0,0.0,1.0,18.0,15.0,0.0,0.0
2019-20,136673,Nemanja Gudelj,0,0.0,0.0,24.0,9.0,0.0,0.0
2019-20,219538,Nemanja Maksimovic,0,2.0,0.0,35.0,33.0,0.0,0.0
2019-20,207894,Nemanja Radoja,0,1.0,0.0,26.0,22.0,0.0,0.0
2019-20,138398,Neto,0,0.0,0.0,2.0,2.0,0.0,0.0
2019-20,278060,Neyder Lozano,0,0.0,0.0,0.0,0.0,0.0,0.0
2019-20,290565,Nicolás Melamed,0,0.0,0.0,6.0,2.0,0.0,0.0
2019-20,185110,Nikola Vukcevic,0,0.0,2.0,30.0,20.0,0.0,0.0
2019-20,304276,Nil Garrido,0,0.0,0.0,0.0,0.0,0.0,0.0
2019-20,150227,Nolito,0,5.0,1.0,22.0,13.0,0.0,0.0
2019-20,281113,Näis Djouahra,0,0.0,1.0,2.0,0.0,0.0,0.0
2019-20,222670,Nélson Semedo,0,1.0,2.0,32.0,24.0,0.0,0.0
2019-20,164331,Néstor Araujo,0,1.0,2.0,34.0,32.0,0.0,0.0
2019-20,127185,Oier,0,2.0,1.0,29.0,27.0,0.0,0.0
2019-20,113699,Oier Olazábal,0,0.0,0.0,2.0,2.0,0.0,0.0
2019-20,291616,Oihan Sancet,0,1.0,1.0,17.0,9.0,0.0,0.0
2019-20,169512,Okay Yokuslu,0,0.0,2.0,26.0,24.0,0.0,0.0
2019-20,212478,Oliver Burke,0,1.0,2.0,31.0,14.0,0.0,0.0
2019-20,254580,Olivier Verdon,0,0.0,0.0,0.0,0.0,0.0,0.0
2019-20,259911,Oriol Busquets,0,0.0,0.0,0.0,0.0,0.0,0.0
2019-20,229744,Ousmane Dembélé,0,1.0,0.0,5.0,3.0,0.0,0.0
2019-20,150230,Pablo Chavarría,0,0.0,0.0,13.0,1.0,0.0,0.0
2019-20,300121,Pablo Gozálbez,0,0.0,0.0,0.0,0.0,0.0,0.0
2019-20,180577,Pablo Hervías,0,1.0,0.0,25.0,9.0,0.0,0.0
2019-20,264215,Pablo Lombo,0,0.0,0.0,0.0,0.0,0.0,0.0
2019-20,271151,Pablo Martínez,0,0.0,0.0,5.0,0.0,0.0,0.0
2019-20,303888,Pablo Pérez Rico,0,0.0,0.0,0.0,0.0,0.0,0.0
2019-20,119493,Pablo de Blasis,0,2.0,3.0,30.0,15.0,0.0,0.0
2019-20,150506,Paco Alcácer,0,4.0,1.0,13.0,11.0,0.0,0.0
2019-20,215375,Pape Diop,0,0.0,1.0,16.0,6.0,0.0,0.0
2019-20,84905,Pape Diop,0,1.0,0.0,30.0,25.0,0.0,0.0
2019-20,199892,Patrick Twumasi,0,0.0,0.0,0.0,0.0,0.0,0.0
2019-20,251100,Pau Torres,0,2.0,1.0,34.0,33.0,0.0,0.0
2019-20,287938,Paulino De La Fuente,0,0.0,0.0,3.0,0.0,0.0,0.0
2019-20,92335,Paulo Oliveira,0,1.0,0.0,26.0,23.0,0.0,0.0
2019-20,167297,Pedro Bigas,0,3.0,0.0,23.0,21.0,0.0,0.0
2019-20,103003,Pedro León,0,1.0,2.0,31.0,23.0,0.0,0.0
2019-20,268533,Pedro Porro,0,0.0,0.0,13.0,7.0,0.0,0.0
2019-20,300877,Pepe Sanchez,0,0.0,0.0,0.0,0.0,0.0,0.0
2019-20,298080,Pere García Bauzá,0,0.0,0.0,0.0,0.0,0.0,0.0
2019-20,178565,Pere Pons,0,1.0,1.0,30.0,7.0,0.0,0.0
2019-20,214689,Pervis Estupiñán,0,1.0,5.0,36.0,32.0,0.0,0.0
2019-20,235299,Peter Etebo,0,1.0,0.0,10.0,6.0,0.0,0.0
2019-20,186456,Pione Sisto,0,2.0,0.0,21.0,8.0,0.0,0.0
2019-20,260245,Pipa,0,0.0,0.0,7.0,5.0,0.0,0.0
2019-20,260242,Pol Lozano,0,0.0,0.0,5.0,2.0,0.0,0.0
2019-20,152166,Portu,0,7.0,8.0,35.0,25.0,0.0,0.0
2019-20,174972,Quini,0,0.0,0.0,10.0,8.0,0.0,0.0
2019-20,124640,Quique González,0,0.0,1.0,15.0,4.0,0.0,0.0
2019-20,219663,Rafa,0,0.0,0.0,6.0,6.0,0.0,0.0
2019-20,116396,Rafael Enrique Navarro,0,0.0,0.0,0.0,0.0,0.0,0.0
2019-20,304217,Rafael Obrador,0,0.0,0.0,1.0,0.0,0.0,0.0
2019-20,154814,Rafinha,0,4.0,1.0,32.0,27.0,0.0,0.0
2019-20,151953,Ramiro Funes Mori,0,0.0,0.0,7.0,5.0,0.0,0.0
2019-20,215436,Ramiro Guerra,0,0.0,0.0,0.0,0.0,0.0,0.0
2019-20,177445,Ramon Azeez,0,2.0,0.0,25.0,14.0,0.0,0.0
2019-20,252375,Raphael Dwamena,0,0.0,0.0,0.0,0.0,0.0,0.0
2019-20,153053,Raphaël Varane,0,2.0,1.0,32.0,32.0,0.0,0.0
2019-20,41970,Raúl Albiol,0,1.0,0.0,36.0,36.0,0.0,0.0
2019-20,144589,Raúl García,0,0.0,1.0,16.0,15.0,0.0,0.0
2019-20,296163,Raúl García,0,0.0,0.0,3.0,0.0,0.0,0.0
2019-20,45927,Raúl García,0,15.0,1.0,35.0,33.0,0.0,0.0
2019-20,135603,Raúl Navas,0,0.0,0.0,9.0,8.0,0.0,0.0
2019-20,174971,Raúl de Tomás,0,4.0,0.0,14.0,11.0,0.0,0.0
2019-20,153714,Recio,0,0.0,0.0,25.0,18.0,0.0,0.0
2019-20,245858,Renan Lodi,0,1.0,2.0,32.0,28.0,0.0,0.0
2019-20,210042,Rey Manaj,0,0.0,0.0,0.0,0.0,0.0,0.0
2019-20,270611,Ricard Puig,0,0.0,2.0,11.0,5.0,0.0,0.0
2019-20,290047,Ricard Sánchez,0,0.0,0.0,0.0,0.0,0.0,0.0
2019-20,304277,Ricardo Visus,0,0.0,0.0,0.0,0.0,0.0,0.0
2019-20,279552,Richard Pujol,0,0.0,0.0,0.0,0.0,0.0,0.0
2019-20,173034,Rober Correa,0,0.0,0.0,12.0,11.0,0.0,0.0
2019-20,178416,Robert Ibáñez,0,1.0,0.0,14.0,5.0,0.0,0.0
2019-20,170780,Robert Mazán,0,0.0,0.0,0.0,0.0,0.0,0.0
2019-20,95406,Roberto,0,0.0,0.0,9.0,8.0,0.0,0.0
2019-20,282670,Roberto Corral,0,0.0,0.0,0.0,0.0,0.0,0.0
2019-20,308145,Roberto López,0,0.0,1.0,3.0,0.0,0.0,0.0
2019-20,98062,Roberto Rosales,0,0.0,1.0,25.0,21.0,0.0,0.0
2019-20,42042,Roberto Soldado,0,7.0,4.0,33.0,30.0,0.0,0.0
2019-20,169321,Roberto Torres,0,7.0,8.0,36.0,31.0,0.0,0.0
2019-20,214888,Robin Le Normand,0,1.0,0.0,31.0,25.0,0.0,0.0
2019-20,121194,Rodri Sánchez,0,0.0,0.0,0.0,0.0,0.0,0.0
2019-20,144639,Rodrigo,0,4.0,7.0,27.0,23.0,0.0,0.0
2019-20,155584,Rodrigo Ely,0,2.0,0.0,25.0,24.0,0.0,0.0
2019-20,70224,Rodrigo Riquelme,0,0.0,0.0,1.0,0.0,0.0,0.0
2019-20,219381,Rodrigo Tarín,0,0.0,0.0,14.0,12.0,0.0,0.0
2019-20,267804,Rodrygo,0,2.0,0.0,19.0,12.0,0.0,0.0
2019-20,215365,Roger Assalé,0,2.0,1.0,14.0,2.0,0.0,0.0
2019-20,169533,Roger Martí,0,11.0,1.0,36.0,26.0,0.0,0.0
2019-20,279548,Roman Tugarinov,0,0.0,0.0,0.0,0.0,0.0,0.0
2019-20,270821,Ronald Araújo,0,0.0,0.0,6.0,2.0,0.0,0.0
2019-20,176423,Rony Lopes,0,0.0,0.0,5.0,2.0,0.0,0.0
2019-20,167190,Roque Mesa,0,1.0,3.0,29.0,22.0,0.0,0.0
2019-20,140288,Rubén,0,0.0,0.0,19.0,18.0,0.0,0.0
2019-20,214317,Rubén Alcaraz,0,2.0,2.0,27.0,20.0,0.0,0.0
2019-20,167069,Rubén Blanco,0,0.0,0.0,33.0,33.0,0.0,0.0
2019-20,177553,Rubén Duarte,0,0.0,1.0,31.0,30.0,0.0,0.0
2019-20,178328,Rubén García,0,8.0,2.0,30.0,25.0,0.0,0.0
2019-20,279897,Rubén García Canales,0,0.0,0.0,0.0,0.0,0.0,0.0
2019-20,177803,Rubén Peña,0,2.0,2.0,26.0,21.0,0.0,0.0
2019-20,131766,Rubén Pérez,0,1.0,1.0,26.0,25.0,0.0,0.0
2019-20,137437,Rubén Rochina,0,4.0,4.0,28.0,22.0,0.0,0.0
2019-20,174970,Rubén Sobrino,0,1.0,0.0,13.0,1.0,0.0,0.0
2019-20,177898,Rui Silva,0,0.0,0.0,35.0,35.0,0.0,0.0
2019-20,231341,Róber,0,0.0,0.0,4.0,2.0,0.0,0.0
2019-20,173401,Rúben Vezo,0,1.0,0.0,29.0,29.0,0.0,0.0
2019-20,112801,Salva Sevilla,0,5.0,3.0,35.0,31.0,0.0,0.0
2019-20,228298,Samuel Chukwueze,0,3.0,2.0,37.0,20.0,0.0,0.0
2019-20,251938,Samuel Pérez,0,0.0,0.0,1.0,0.0,0.0,0.0
2019-20,150051,Samuel Umtiti,0,0.0,0.0,13.0,10.0,0.0,0.0
2019-20,188165,Sandro,0,3.0,1.0,24.0,15.0,0.0,0.0
2019-20,40202,Santi Cazorla,0,11.0,9.0,35.0,29.0,0.0,0.0
2019-20,181642,Santi Mina,0,6.0,3.0,34.0,21.0,0.0,0.0
2019-20,164756,Santiago Arias,0,0.0,1.0,14.0,11.0,0.0,0.0
2019-20,172269,Saúl Ñíguez,0,6.0,0.0,35.0,35.0,0.0,0.0
2019-20,192192,Sebastián Cristóforo,0,0.0,0.0,18.0,9.0,0.0,0.0
2019-20,165519,Sergi Darder,0,2.0,1.0,36.0,29.0,0.0,0.0
2019-20,144480,Sergi Enrich,0,1.0,4.0,30.0,21.0,0.0,0.0
2019-20,222360,Sergi Guardiola,0,8.0,2.0,35.0,31.0,0.0,0.0
2019-20,120708,Sergi Gómez,0,0.0,0.0,13.0,8.0,0.0,0.0
2019-20,150225,Sergi Roberto,0,1.0,2.0,30.0,27.0,0.0,0.0
2019-20,231918,Sergio Akieme,0,0.0,0.0,0.0,0.0,0.0,0.0
2019-20,111613,Sergio Asenjo,0,0.0,0.0,34.0,34.0,0.0,0.0
2019-20,279658,Sergio Bermejo,0,0.0,0.0,1.0,0.0,0.0,0.0
2019-20,121893,Sergio Busquets,0,2.0,2.0,33.0,29.0,0.0,0.0
2019-20,276652,Sergio Camello,0,0.0,0.0,2.0,0.0,0.0,0.0
2019-20,125383,Sergio Canales,0,6.0,6.0,36.0,36.0,0.0,0.0
2019-20,298343,Sergio Carreira,0,0.0,0.0,0.0,0.0,0.0,0.0
2019-20,300512,Sergio Cubero,0,0.0,0.0,0.0,0.0,0.0,0.0
2019-20,276638,Sergio Dueñas Ruiz,0,0.0,0.0,0.0,0.0,0.0,0.0
2019-20,135914,Sergio Escudero,0,1.0,0.0,11.0,8.0,0.0,0.0
2019-20,191360,Sergio Herrera,0,0.0,0.0,20.0,19.0,0.0,0.0
2019-20,111440,Sergio León,0,1.0,0.0,22.0,6.0,0.0,0.0
2019-20,268751,Sergio Lozano,0,0.0,0.0,0.0,0.0,0.0,0.0
2019-20,169787,Sergio Postigo,0,1.0,1.0,28.0,27.0,0.0,0.0
2019-20,41579,Sergio Ramos,0,11.0,0.0,35.0,35.0,0.0,0.0
2019-20,231241,Sergio Reguilón,0,2.0,4.0,31.0,29.0,0.0,0.0
2019-20,85308,Sergio Álvarez,0,0.0,0.0,2.0,2.0,0.0,0.0
2019-20,87963,Sergio Álvarez,0,0.0,0.0,18.0,14.0,0.0,0.0
2019-20,124008,Sidnei,0,1.0,0.0,14.0,14.0,0.0,0.0
2019-20,152412,Sime Vrsaljko,0,0.0,1.0,5.0,4.0,0.0,0.0
2019-20,221825,Sofian Chakla,0,0.0,0.0,2.0,2.0,0.0,0.0
2019-20,150541,Stefan Savic,0,0.0,0.0,22.0,22.0,0.0,0.0
2019-20,277351,Stiven Plaza,0,0.0,0.0,0.0,0.0,0.0,0.0
2019-20,164800,Suso,0,1.0,1.0,17.0,8.0,0.0,0.0
2019-20,132056,Sébastien Corchia,0,0.0,0.0,3.0,3.0,0.0,0.0
2019-20,164204,Takashi Inui,0,2.0,3.0,29.0,23.0,0.0,0.0
2019-20,256587,Takefusa Kubo,0,4.0,4.0,35.0,23.0,0.0,0.0
2019-20,134283,Thibaut Courtois,0,0.0,0.0,34.0,34.0,0.0,0.0
2019-20,275983,Thierry Correia,0,0.0,0.0,4.0,3.0,0.0,0.0
2019-20,190291,Thomas Lemar,0,0.0,0.0,22.0,10.0,0.0,0.0
2019-20,189972,Thomas Partey,0,3.0,0.0,35.0,29.0,0.0,0.0
2019-20,144670,Tomás Pina,0,1.0,0.0,20.0,17.0,0.0,0.0
2019-20,157206,Tomás Vaclík,0,0.0,0.0,33.0,33.0,0.0,0.0
2019-20,103173,Toni Kroos,0,4.0,5.0,35.0,31.0,0.0,0.0
2019-20,232275,Toni Lato,0,1.0,0.0,8.0,6.0,0.0,0.0
2019-20,248845,Toni Villa,0,0.0,1.0,23.0,18.0,0.0,0.0
2019-20,140593,Toño,0,0.0,2.0,20.0,18.0,0.0,0.0
2019-20,207893,Unai Bustinza,0,0.0,1.0,33.0,31.0,0.0,0.0
2019-20,304182,Unai Dufur,0,0.0,0.0,0.0,0.0,0.0,0.0
2019-20,264145,Unai Etxebarria,0,0.0,0.0,0.0,0.0,0.0,0.0
2019-20,186820,Unai García,0,1.0,0.0,8.0,6.0,0.0,0.0
2019-20,203711,Unai López,0,1.0,4.0,26.0,24.0,0.0,0.0
2019-20,260902,Unai Núñez,0,0.0,0.0,20.0,16.0,0.0,0.0
2019-20,222375,Unai Simón,0,0.0,0.0,34.0,34.0,0.0,0.0
2019-20,302945,Unai Vencedor,0,0.0,0.0,1.0,1.0,0.0,0.0
2019-20,298818,Vicente Esquerdo,0,0.0,0.0,3.0,0.0,0.0,0.0
2019-20,125206,Vicente Iborra,0,1.0,2.0,34.0,33.0,0.0,0.0
2019-20,252107,Vinícius Júnior,0,3.0,1.0,29.0,12.0,0.0,0.0
2019-20,150803,Vitolo,0,3.0,2.0,28.0,11.0,0.0,0.0
2019-20,196789,Víctor Camarasa,0,0.0,1.0,17.0,15.0,0.0,0.0
2019-20,284949,Víctor Campuzano,0,0.0,0.0,20.0,9.0,0.0,0.0
2019-20,125776,Víctor Díaz,0,1.0,5.0,36.0,33.0,0.0,0.0
2019-20,203680,Víctor García,0,1.0,0.0,2.0,1.0,0.0,0.0
2019-20,265984,Víctor Gómez,0,0.0,0.0,18.0,14.0,0.0,0.0
2019-20,113460,Víctor Laguardia,0,1.0,2.0,31.0,31.0,0.0,0.0
2019-20,113187,Víctor Sánchez,0,0.0,1.0,25.0,20.0,0.0,0.0
2019-20,269583,Waldo Rubio,0,0.0,2.0,21.0,9.0,0.0,0.0
2019-20,157390,William Carvalho,0,0.0,0.0,13.0,11.0,0.0,0.0
2019-20,198360,Willian José,0,11.0,1.0,37.0,24.0,0.0,0.0
2019-20,171598,Wu Lei,0,4.0,0.0,33.0,21.0,0.0,0.0
2019-20,129419,Xabier Etxeita,0,0.0,0.0,17.0,16.0,0.0,0.0
2019-20,187232,Xavier Quintillá,0,0.0,2.0,19.0,17.0,0.0,0.0
2019-20,157568,Ximo Navarro,0,0.0,0.0,23.0,22.0,0.0,0.0
2019-20,43671,Xisco Campos,0,0.0,1.0,9.0,4.0,0.0,0.0
2019-20,176757,Yaison Murillo,0,1.0,0.0,18.0,17.0,0.0,0.0
2019-20,242441,Yan Eteki,0,0.0,0.0,28.0,18.0,0.0,0.0
2019-20,236185,Yangel Herrera,0,2.0,3.0,30.0,28.0,0.0,0.0
2019-20,122549,Yanis Salibur,0,0.0,0.0,4.0,0.0,0.0,0.0
2019-20,174893,Yannick Carrasco,0,1.0,2.0,15.0,6.0,0.0,0.0
2019-20,175149,Yassine Bounou,0,0.0,1.0,6.0,5.0,0.0,0.0
2019-20,217225,Yeray,0,0.0,0.0,32.0,32.0,0.0,0.0
2019-20,106746,Yoel,0,0.0,0.0,3.0,3.0,0.0,0.0
2019-20,242736,Youssef En-Nesyri,0,8.0,2.0,36.0,22.0,0.0,0.0
2019-20,133768,Yuri Berchiche,0,2.0,1.0,33.0,32.0,0.0,0.0
2019-20,170730,Zouhair Feddal,0,1.0,2.0,17.0,16.0,0.0,0.0
2019-20,240532,Àlex Carbonell,0,0.0,0.0,0.0,0.0,0.0,0.0
2019-20,297373,Álex Baena,0,0.0,0.0,1.0,0.0,0.0,0.0
2019-20,271901,Álex Collado,0,0.0,0.0,1.0,0.0,0.0,0.0
2019-20,271717,Álex Dos Santos,0,0.0,0.0,0.0,0.0,0.0,0.0
2019-20,158071,Álex Martínez,0,0.0,0.0,1.0,0.0,0.0,0.0
2019-20,30377,Álex Moreno,0,0.0,4.0,31.0,25.0,0.0,0.0
2019-20,217319,Álex Remiro,0,0.0,0.0,25.0,25.0,0.0,0.0
2019-20,265986,Álvaro García,0,0.0,0.0,0.0,0.0,0.0,0.0
2019-20,154446,Álvaro Morata,0,12.0,2.0,34.0,25.0,0.0,0.0
2019-20,231405,Álvaro Tejero,0,0.0,0.0,18.0,16.0,0.0,0.0
2019-20,160088,Álvaro Vadillo,0,3.0,1.0,22.0,15.0,0.0,0.0
2019-20,303843,Ángel Baena,0,0.0,0.0,0.0,0.0,0.0,0.0
2019-20,195681,Ángel Correa,0,5.0,6.0,33.0,22.0,0.0,0.0
2019-20,160722,Ángel Montoro,0,2.0,5.0,15.0,11.0,0.0,0.0
2019-20,125203,Ángel Rodríguez,0,10.0,3.0,32.0,9.0,0.0,0.0
2019-20,228402,Éder Militão,0,0.0,0.0,15.0,10.0,0.0,0.0
2019-20,180751,Édgar Méndez,0,1.0,0.0,16.0,10.0,0.0,0.0
2019-20,113734,Éver Banega,0,3.0,7.0,33.0,28.0,0.0,0.0
2019-20,142263,Íñigo Pérez,0,2.0,1.0,22.0,11.0,0.0,0.0
2019-20,173233,Óliver Torres,0,3.0,3.0,28.0,21.0,0.0,0.0
2019-20,301669,Óscar Clemente,0,0.0,0.0,1.0,0.0,0.0,0.0
2019-20,186610,Óscar Duarte,0,0.0,0.0,8.0,5.0,0.0,0.0
2019-20,250375,Óscar Melendo,0,0.0,0.0,24.0,12.0,0.0,0.0
2019-20,174969,Óscar Plano,0,4.0,2.0,36.0,28.0,0.0,0.0
2019-20,259842,Óscar Rodríguez,0,9.0,2.0,30.0,22.0,0.0,0.0
2019-20,130135,Óscar de Marcos,0,0.0,1.0,13.0,6.0,0.0,0.0
2020-21,200964,Aarón Escandell,0,0.0,0.0,0.0,0.0,0.0,0.0
2020-21,242007,Aarón Martín,0,0.0,0.0,0.0,0.0,0.0,0.0
2020-21,284068,Abdallahi Mahmoud,0,0.0,0.0,0.0,0.0,0.0,0.0
2020-21,277876,Abdel Abqar,0,0.0,0.0,0.0,0.0,0.0,0.0
2020-21,186432,Adnan Januzaj,0,0.0,0.0,0.0,0.0,0.0,0.0
2020-21,312384,Adrian Corral,0,0.0,0.0,0.0,0.0,0.0,0.0
2020-21,86821,Adrián,0,0.0,0.0,0.0,0.0,0.0,0.0
2020-21,310799,Adrián González,0,0.0,0.0,0.0,0.0,0.0,0.0
2020-21,210228,Adrián Marín,0,0.0,0.0,0.0,0.0,0.0,0.0
2020-21,283891,Aihen Muñoz,0,0.0,0.0,0.0,0.0,0.0,0.0
2020-21,288760,Aimar Oroz,0,0.0,0.0,0.0,0.0,0.0,0.0
2020-21,144759,Aitor Fernández,0,0.0,0.0,0.0,0.0,0.0,0.0
2020-21,308254,Aitor Paredes,0,0.0,0.0,0.0,0.0,0.0,0.0
2020-21,268601,Aitor Ruibal,0,0.0,0.0,0.0,0.0,0.0,0.0
2020-21,172998,Alberto Moreno,0,0.0,0.0,0.0,0.0,0.0,0.0
2020-21,130584,Alberto Perea,0,0.0,0.0,0.0,0.0,0.0,0.0
2020-21,250677,Alberto Rodríguez,0,0.0,0.0,0.0,0.0,0.0,0.0
2020-21,278207,Alberto Soro,0,0.0,0.0,0.0,0.0,0.0,0.0
2020-21,219294,Aleix García,0,0.0,0.0,0.0,0.0,0.0,0.0
2020-21,143030,Aleix Vidal,0,0.0,0.0,0.0,0.0,0.0,0.0
2020-21,298415,Alejandro Blesa,0,0.0,0.0,0.0,0.0,0.0,0.0
2020-21,318513,Alejandro Cantero,0,0.0,0.0,0.0,0.0,0.0,0.0
2020-21,149578,Alejandro Gómez,0,0.0,0.0,0.0,0.0,0.0,0.0
2020-21,22315,Alejandro Pozo,0,0.0,0.0,0.0,0.0,0.0,0.0
2020-21,235662,Alexander Isak,0,0.0,0.0,0.0,0.0,0.0,0.0
2020-21,271635,Alfonso González,0,0.0,0.0,0.0,0.0,0.0,0.0
2020-21,265987,Alfonso Pastor,0,0.0,0.0,0.0,0.0,0.0,0.0
2020-21,218439,Alfonso Pedraza,0,0.0,0.0,0.0,0.0,0.0,0.0
2020-21,136945,Allan Nyom,0,0.0,0.0,0.0,0.0,0.0,0.0
2020-21,312893,Amankwaa Akurugu,0,0.0,0.0,0.0,0.0,0.0,0.0
2020-21,150806,Anaitz Arbilla,0,0.0,0.0,0.0,0.0,0.0,0.0
2020-21,283941,Ander Barrenetxea,0,0.0,0.0,0.0,0.0,0.0,0.0
2020-21,180289,Ander Capa,0,0.0,0.0,0.0,0.0,0.0,0.0
2020-21,260256,Ander Guevara,0,0.0,0.0,0.0,0.0,0.0,0.0
2020-21,245839,Andoni Gorosabel,0,0.0,0.0,0.0,0.0,0.0,0.0
2020-21,287224,Andrei Ratiu,0,0.0,0.0,0.0,0.0,0.0,0.0
2020-21,257237,Andriy Lunin,0,0.0,0.0,0.0,0.0,0.0,0.0
2020-21,87897,Andrés Fernández,0,0.0,0.0,0.0,0.0,0.0,0.0
2020-21,76932,Andrés Guardado,0,0.0,0.0,0.0,0.0,0.0,0.0
2020-21,292957,Ansu Fati,0,0.0,0.0,0.0,0.0,0.0,0.0
2020-21,207288,Ante Budimir,0,0.0,0.0,0.0,0.0,0.0,0.0
2020-21,140416,Antoine Griezmann,0,0.0,0.0,0.0,0.0,0.0,0.0
2020-21,300873,Antonio Aranda,0,0.0,0.0,0.0,0.0,0.0,0.0
2020-21,66521,Antonio Barragán,0,0.0,0.0,0.0,0.0,0.0,0.0
2020-21,265997,Antonio Blanco,0,0.0,0.0,0.0,0.0,0.0,0.0
2020-21,252541,Antonio Moya,0,0.0,0.0,0.0,0.0,0.0,0.0
2020-21,184803,Antonio Puertas,0,0.0,0.0,0.0,0.0,0.0,0.0
2020-21,200910,Antonio Sivera,0,0.0,0.0,0.0,0.0,0.0,0.0
2020-21,259917,Antonio Valera,0,0.0,0.0,0.0,0.0,0.0,0.0
2020-21,274244,Antonio Zarzana,0,0.0,0.0,0.0,0.0,0.0,0.0
2020-21,222423,Aridane Hernández,0,0.0,0.0,0.0,0.0,0.0,0.0
2020-21,292229,Aritz Arambarri,0,0.0,0.0,0.0,0.0,0.0,0.0
2020-21,214742,Aritz Elustondo,0,0.0,0.0,0.0,0.0,0.0,0.0
2020-21,309105,Arnau Fàbrega,0,0.0,0.0,0.0,0.0,0.0,0.0
2020-21,290043,Arnau Tenas,0,0.0,0.0,0.0,0.0,0.0,0.0
2020-21,231902,Artiz Castro,0,0.0,0.0,0.0,0.0,0.0,0.0
2020-21,307020,Asier Córdoba,0,0.0,0.0,0.0,0.0,0.0,0.0
2020-21,148614,Asier Illarramendi,0,0.0,0.0,0.0,0.0,0.0,0.0
2020-21,222365,Asier Villalibre,0,0.0,0.0,0.0,0.0,0.0,0.0
2020-21,75887,Augusto Fernández,0,0.0,0.0,0.0,0.0,0.0,0.0
2020-21,155009,Augusto Solari,0,0.0,0.0,0.0,0.0,0.0,0.0
2020-21,150451,Aïssa Mandi,0,0.0,0.0,0.0,0.0,0.0,0.0
2020-21,178579,Barbero,0,0.0,0.0,0.0,0.0,0.0,0.0
2020-21,318785,Beñat Prados,0,0.0,0.0,0.0,0.0,0.0,0.0
2020-21,297371,Beñat Turrientes,0,0.0,0.0,0.0,0.0,0.0,0.0
2020-21,136180,Borja García,0,0.0,0.0,0.0,0.0,0.0,0.0
2020-21,214995,Borja Iglesias,0,0.0,0.0,0.0,0.0,0.0,0.0
2020-21,292268,Borja Sainz,0,0.0,0.0,0.0,0.0,0.0,0.0
2020-21,262729,Brais Méndez,0,0.0,0.0,0.0,0.0,0.0,0.0
2020-21,301435,Brais Rodríguez,0,0.0,0.0,0.0,0.0,0.0,0.0
2020-21,158601,Bruno,0,0.0,0.0,0.0,0.0,0.0,0.0
2020-21,284429,Bryan Gil,0,0.0,0.0,0.0,0.0,0.0,0.0
2020-21,186881,Burgui,0,0.0,0.0,0.0,0.0,0.0,0.0
2020-21,122626,Cala,0,0.0,0.0,0.0,0.0,0.0,0.0
2020-21,233802,Carles Aleñá,0,0.0,0.0,0.0,0.0,0.0,0.0
2020-21,309109,Carlo García,0,0.0,0.0,0.0,0.0,0.0,0.0
2020-21,187236,Carlos Akapo,0,0.0,0.0,0.0,0.0,0.0,0.0
2020-21,121232,Carlos Bacca,0,0.0,0.0,0.0,0.0,0.0,0.0
2020-21,168363,Carlos Clerc,0,0.0,0.0,0.0,0.0,0.0,0.0
2020-21,312376,Carlos Domínguez,0,0.0,0.0,0.0,0.0,0.0,0.0
2020-21,197906,Carlos Fernández,0,0.0,0.0,0.0,0.0,0.0,0.0
2020-21,301923,Carlos León,0,0.0,0.0,0.0,0.0,0.0,0.0
2020-21,240648,Carlos Marín,0,0.0,0.0,0.0,0.0,0.0,0.0
2020-21,283862,Carlos Neva,0,0.0,0.0,0.0,0.0,0.0,0.0
2020-21,235072,Carlos Soler,0,0.0,0.0,0.0,0.0,0.0,0.0
2020-21,3731,Carlos Álvarez,0,0.0,0.0,0.0,0.0,0.0,0.0
2020-21,173666,Casemiro,0,0.0,0.0,0.0,0.0,0.0,0.0
2020-21,289059,Cesar Moreno,0,0.0,0.0,0.0,0.0,0.0,0.0
2020-21,141650,Cheick Doukouré,0,0.0,0.0,0.0,0.0,0.0,0.0
2020-21,318356,Cheikh Diamanka,0,0.0,0.0,0.0,0.0,0.0,0.0
2020-21,192763,Chema,0,0.0,0.0,0.0,0.0,0.0,0.0
2020-21,217588,Chimy Ávila,0,0.0,0.0,0.0,0.0,0.0,0.0
2020-21,313278,Chinchu,0,0.0,0.0,0.0,0.0,0.0,0.0
2020-21,207205,Choco Lozano,0,0.0,0.0,0.0,0.0,0.0,0.0
2020-21,270486,Christian Oliva,0,0.0,0.0,0.0,0.0,0.0,0.0
2020-21,155534,Cifuentes,0,0.0,0.0,0.0,0.0,0.0,0.0
2020-21,85373,Claudio Bravo,0,0.0,0.0,0.0,0.0,0.0,0.0
2020-21,193917,Clément Lenglet,0,0.0,0.0,0.0,0.0,0.0,0.0
2020-21,125758,Coke,0,0.0,0.0,0.0,0.0,0.0,0.0
2020-21,76884,Cristian Rivero,0,0.0,0.0,0.0,0.0,0.0,0.0
2020-21,132709,Cristian Tello,0,0.0,0.0,0.0,0.0,0.0,0.0
2020-21,154456,Cristiano Piccini,0,0.0,0.0,0.0,0.0,0.0,0.0
2020-21,336809,Cucho Hernández,0,0.0,0.0,0.0,0.0,0.0,0.0
2020-21,104899,Damián Suárez,0,0.0,0.0,0.0,0.0,0.0,0.0
2020-21,123743,Dani Calvo,0,0.0,0.0,0.0,0.0,0.0,0.0
2020-21,168531,Dani Carvajal,0,0.0,0.0,0.0,0.0,0.0,0.0
2020-21,256870,Dani Escriche,0,0.0,0.0,0.0,0.0,0.0,0.0
2020-21,192734,Dani García,0,0.0,0.0,0.0,0.0,0.0,0.0
2020-21,259841,Dani Gómez,0,0.0,0.0,0.0,0.0,0.0,0.0
2020-21,264077,Dani Martín,0,0.0,0.0,0.0,0.0,0.0,0.0
2020-21,121020,Dani Parejo,0,0.0,0.0,0.0,0.0,0.0,0.0
2020-21,253763,Dani Raba,0,0.0,0.0,0.0,0.0,0.0,0.0
2020-21,192893,Daniel Cárdenas,0,0.0,0.0,0.0,0.0,0.0,0.0
2020-21,279687,Daniel Plomer,0,0.0,0.0,0.0,0.0,0.0,0.0
2020-21,272915,Daniel Rebollo,0,0.0,0.0,0.0,0.0,0.0,0.0
2020-21,153822,Daniel Wass,0,0.0,0.0,0.0,0.0,0.0,0.0
2020-21,151695,Darko Brasanac,0,0.0,0.0,0.0,0.0,0.0,0.0
2020-21,165517,Darwin Machis,0,0.0,0.0,0.0,0.0,0.0,0.0
2020-21,250929,Darío Poveda,0,0.0,0.0,0.0,0.0,0.0,0.0
2020-21,273286,David Alba,0,0.0,0.0,0.0,0.0,0.0,0.0
2020-21,192796,David Costas,0,0.0,0.0,0.0,0.0,0.0,0.0
2020-21,176743,David Ferreiro,0,0.0,0.0,0.0,0.0,0.0,0.0
2020-21,209582,David García,0,0.0,0.0,0.0,0.0,0.0,0.0
2020-21,195604,David Gil,0,0.0,0.0,0.0,0.0,0.0,0.0
2020-21,165644,David Juncà,0,0.0,0.0,0.0,0.0,0.0,0.0
2020-21,43815,David Silva,0,0.0,0.0,0.0,0.0,0.0,0.0
2020-21,196339,David Soria,0,0.0,0.0,0.0,0.0,0.0,0.0
2020-21,155247,David Timor,0,0.0,0.0,0.0,0.0,0.0,0.0
2020-21,163129,Denis Cheryshev,0,0.0,0.0,0.0,0.0,0.0,0.0
2020-21,163068,Denis Suárez,0,0.0,0.0,0.0,0.0,0.0,0.0
2020-21,191176,Denis Vavro,0,0.0,0.0,0.0,0.0,0.0,0.0
2020-21,290404,Diego Altube,0,0.0,0.0,0.0,0.0,0.0,0.0
2020-21,303809,Diego Bri,0,0.0,0.0,0.0,0.0,0.0,0.0
2020-21,196860,Diego Carlos,0,0.0,0.0,0.0,0.0,0.0,0.0
2020-21,231343,Diego González,0,0.0,0.0,0.0,0.0,0.0,0.0
2020-21,253830,Diego Lainez,0,0.0,0.0,0.0,0.0,0.0,0.0
2020-21,264488,Diego Pampín,0,0.0,0.0,0.0,0.0,0.0,0.0
2020-21,157739,Dimitri Foulquier,0,0.0,0.0,0.0,0.0,0.0,0.0
2020-21,140886,Dimitrios Siovas,0,0.0,0.0,0.0,0.0,0.0,0.0
2020-21,181355,Djené,0,0.0,0.0,0.0,0.0,0.0,0.0
2020-21,219234,Domingos Duarte,0,0.0,0.0,0.0,0.0,0.0,0.0
2020-21,236708,Domingos Quina,0,0.0,0.0,0.0,0.0,0.0,0.0
2020-21,282287,Echu,0,0.0,0.0,0.0,0.0,0.0,0.0
2020-21,101390,Eden Hazard,0,0.0,0.0,0.0,0.0,0.0,0.0
2020-21,169785,Edgar Badía,0,0.0,0.0,0.0,0.0,0.0,0.0
2020-21,311104,Edgar Sevikyan,0,0.0,0.0,0.0,0.0,0.0,0.0
2020-21,255272,Edu Expósito,0,0.0,0.0,0.0,0.0,0.0,0.0
2020-21,127479,Eliaquim Mangala,0,0.0,0.0,0.0,0.0,0.0,0.0
2020-21,246844,Emerson Royal,0,0.0,0.0,0.0,0.0,0.0,0.0
2020-21,231279,Emre Mor,0,0.0,0.0,0.0,0.0,0.0,0.0
2020-21,319096,Eneko Ortiz,0,0.0,0.0,0.0,0.0,0.0,0.0
2020-21,218122,Enes Ünal,0,0.0,0.0,0.0,0.0,0.0,0.0
2020-21,218104,Enis Bardhi,0,0.0,0.0,0.0,0.0,0.0,0.0
2020-21,276634,Enric Gallego,0,0.0,0.0,0.0,0.0,0.0,0.0
2020-21,209580,Enrique Barja,0,0.0,0.0,0.0,0.0,0.0,0.0
2020-21,135422,Enrique García,0,0.0,0.0,0.0,0.0,0.0,0.0
2020-21,276636,Enrique Perez,0,0.0,0.0,0.0,0.0,0.0,0.0
2020-21,311179,Enrique Rios,0,0.0,0.0,0.0,0.0,0.0,0.0
2020-21,207913,Erick Cabaco,0,0.0,0.0,0.0,0.0,0.0,0.0
2020-21,272736,Eris Abedini,0,0.0,0.0,0.0,0.0,0.0,0.0
2020-21,188469,Esteban Burgos,0,0.0,0.0,0.0,0.0,0.0,0.0
2020-21,172979,Eugeni Valderrama,0,0.0,0.0,0.0,0.0,0.0,0.0
2020-21,310245,Eusebio Monzó,0,0.0,0.0,0.0,0.0,0.0,0.0
2020-21,307276,Eñaut Mendía,0,0.0,0.0,0.0,0.0,0.0,0.0
2020-21,70076,Fabián Orellana,0,0.0,0.0,0.0,0.0,0.0,0.0
2020-21,51848,Facundo Ferreyra,0,0.0,0.0,0.0,0.0,0.0,0.0
2020-21,290538,Facundo Pellistri,0,0.0,0.0,0.0,0.0,0.0,0.0
2020-21,99484,Facundo Roncaglia,0,0.0,0.0,0.0,0.0,0.0,0.0
2020-21,222527,Fali,0,0.0,0.0,0.0,0.0,0.0,0.0
2020-21,208010,Fede San Emeterio,0,0.0,0.0,0.0,0.0,0.0,0.0
2020-21,155580,Fede Vico,0,0.0,0.0,0.0,0.0,0.0,0.0
2020-21,235818,Federico Valverde,0,0.0,0.0,0.0,0.0,0.0,0.0
2020-21,196843,Felipe,0,0.0,0.0,0.0,0.0,0.0,0.0
2020-21,217475,Ferland Mendy,0,0.0,0.0,0.0,0.0,0.0,0.0
2020-21,124066,Fernando,0,0.0,0.0,0.0,0.0,0.0,0.0
2020-21,301684,Fernando Niño,0,0.0,0.0,0.0,0.0,0.0,0.0
2020-21,153715,Fernando Pacheco,0,0.0,0.0,0.0,0.0,0.0,0.0
2020-21,238901,Ferro,0,0.0,0.0,0.0,0.0,0.0,0.0
2020-21,147491,Fidel,0,0.0,0.0,0.0,0.0,0.0,0.0
2020-21,304256,Filip Jørgensen,0,0.0,0.0,0.0,0.0,0.0,0.0
2020-21,174214,Filip Malbasic,0,0.0,0.0,0.0,0.0,0.0,0.0
2020-21,140754,Florian Lejeune,0,0.0,0.0,0.0,0.0,0.0,0.0
2020-21,242383,Fran Beltrán,0,0.0,0.0,0.0,0.0,0.0,0.0
2020-21,121406,Francis Coquelin,0,0.0,0.0,0.0,0.0,0.0,0.0
2020-21,307479,Francisco Delgado,0,0.0,0.0,0.0,0.0,0.0,0.0
2020-21,144490,Francisco Portillo,0,0.0,0.0,0.0,0.0,0.0,0.0
2020-21,274159,Francisco Trincão,0,0.0,0.0,0.0,0.0,0.0,0.0
2020-21,269818,Francisco Álvarez,0,0.0,0.0,0.0,0.0,0.0,0.0
2020-21,118787,Franco Vázquez,0,0.0,0.0,0.0,0.0,0.0,0.0
2020-21,219022,Frenkie de Jong,0,0.0,0.0,0.0,0.0,0.0,0.0
2020-21,307381,Gabri Veiga,0,0.0,0.0,0.0,0.0,0.0,0.0
2020-21,192226,Gabriel Paulista,0,0.0,0.0,0.0,0.0,0.0,0.0
2020-21,319228,Gael Alonso,0,0.0,0.0,0.0,0.0,0.0,0.0
2020-21,309276,Gaizka Ayesa,0,0.0,0.0,0.0,0.0,0.0,0.0
2020-21,261165,Gaizka Campos,0,0.0,0.0,0.0,0.0,0.0,0.0
2020-21,159035,Gastón Silva,0,0.0,0.0,0.0,0.0,0.0,0.0
2020-21,152270,Geoffrey Kondogbia,0,0.0,0.0,0.0,0.0,0.0,0.0
2020-21,307480,Geovanni Barba,0,0.0,0.0,0.0,0.0,0.0,0.0
2020-21,303976,Gerard Barri,0,0.0,0.0,0.0,0.0,0.0,0.0
2020-21,156172,Gerard Moreno,0,0.0,0.0,0.0,0.0,0.0,0.0
2020-21,45931,Gerard Piqué,0,0.0,0.0,0.0,0.0,0.0,0.0
2020-21,160132,Germán,0,0.0,0.0,0.0,0.0,0.0,0.0
2020-21,167192,Gerónimo Rulli,0,0.0,0.0,0.0,0.0,0.0,0.0
2020-21,258923,Giorgi Kochorashvili,0,0.0,0.0,0.0,0.0,0.0,0.0
2020-21,119045,Gonzalo Melero,0,0.0,0.0,0.0,0.0,0.0,0.0
2020-21,217232,Gonzalo Verdú,0,0.0,0.0,0.0,0.0,0.0,0.0
2020-21,213141,Gonçalo Guedes,0,0.0,0.0,0.0,0.0,0.0,0.0
2020-21,301764,Gorka Zabarte,0,0.0,0.0,0.0,0.0,0.0,0.0
2020-21,154738,Guido Carrillo,0,0.0,0.0,0.0,0.0,0.0,0.0
2020-21,212185,Guido Rodríguez,0,0.0,0.0,0.0,0.0,0.0,0.0
2020-21,303051,Guillem Molina,0,0.0,0.0,0.0,0.0,0.0,0.0
2020-21,312509,Gustavo Abizanda,0,0.0,0.0,0.0,0.0,0.0,0.0
2020-21,197051,Helibelton Palacios,0,0.0,0.0,0.0,0.0,0.0,0.0
2020-21,267477,Hugo Duro,0,0.0,0.0,0.0,0.0,0.0,0.0
2020-21,265985,Hugo Guillamón,0,0.0,0.0,0.0,0.0,0.0,0.0
2020-21,140271,Hugo Mallo,0,0.0,0.0,0.0,0.0,0.0,0.0
2020-21,82074,Hugo Pérez,0,0.0,0.0,0.0,0.0,0.0,0.0
2020-21,319114,Hugo Sotelo,0,0.0,0.0,0.0,0.0,0.0,0.0
2020-21,146866,Héctor Herrera,0,0.0,0.0,0.0,0.0,0.0,0.0
2020-21,92800,Iago Aspas,0,0.0,0.0,0.0,0.0,0.0,0.0
2020-21,304322,Iago Dominguez,0,0.0,0.0,0.0,0.0,0.0,0.0
2020-21,174959,Iago Herrerín,0,0.0,0.0,0.0,0.0,0.0,0.0
2020-21,148981,Ibai Gómez,0,0.0,0.0,0.0,0.0,0.0,0.0
2020-21,238800,Idrissa Doumbia,0,0.0,0.0,0.0,0.0,0.0,0.0
2020-21,286564,Ignacio Ramon,0,0.0,0.0,0.0,0.0,0.0,0.0
2020-21,279554,Ignasi Vilarrasa,0,0.0,0.0,0.0,0.0,0.0,0.0
2020-21,235693,Igor Zubeldia,0,0.0,0.0,0.0,0.0,0.0,0.0
2020-21,139419,Iker Muniain,0,0.0,0.0,0.0,0.0,0.0,0.0
2020-21,24278,Iker Álvarez,0,0.0,0.0,0.0,0.0,0.0,0.0
2020-21,297829,Ilaix Moriba,0,0.0,0.0,0.0,0.0,0.0,0.0
2020-21,143564,Isco,0,0.0,0.0,0.0,0.0,0.0,0.0
2020-21,108464,Isma Ruiz,0,0.0,0.0,0.0,0.0,0.0,0.0
2020-21,102251,Ivan Rakitić,0,0.0,0.0,0.0,0.0,0.0,0.0
2020-21,219539,Ivan Saponjic,0,0.0,0.0,0.0,0.0,0.0,0.0
2020-21,194778,Ivo Grbic,0,0.0,0.0,0.0,0.0,0.0,0.0
2020-21,206473,Iván Alejo,0,0.0,0.0,0.0,0.0,0.0,0.0
2020-21,127893,Iván Marcone,0,0.0,0.0,0.0,0.0,0.0,0.0
2020-21,311054,Iván Romero,0,0.0,0.0,0.0,0.0,0.0,0.0
2020-21,242580,Iván Villar,0,0.0,0.0,0.0,0.0,0.0,0.0
2020-21,222384,Iza,0,0.0,0.0,0.0,0.0,0.0,0.0
2020-21,282680,Iñaki Peña,0,0.0,0.0,0.0,0.0,0.0,0.0
2020-21,214412,Iñaki Williams,0,0.0,0.0,0.0,0.0,0.0,0.0
2020-21,299954,Iñaki Álvarez,0,0.0,0.0,0.0,0.0,0.0,0.0
2020-21,227414,Iñigo Córdoba,0,0.0,0.0,0.0,0.0,0.0,0.0
2020-21,222369,Iñigo Lekue,0,0.0,0.0,0.0,0.0,0.0,0.0
2020-21,165562,Iñigo Martínez,0,0.0,0.0,0.0,0.0,0.0,0.0
2020-21,284699,Iñigo Vicente,0,0.0,0.0,0.0,0.0,0.0,0.0
2020-21,196915,Jaime Mata,0,0.0,0.0,0.0,0.0,0.0,0.0
2020-21,268555,Jaime Seoane,0,0.0,0.0,0.0,0.0,0.0,0.0
2020-21,215741,Jairo Izquierdo,0,0.0,0.0,0.0,0.0,0.0,0.0
2020-21,149622,Jan Oblak,0,0.0,0.0,0.0,0.0,0.0,0.0
2020-21,186840,Jason,0,0.0,0.0,0.0,0.0,0.0,0.0
2020-21,137783,Jasper Cillessen,0,0.0,0.0,0.0,0.0,0.0,0.0
2020-21,103897,Jaume Costa,0,0.0,0.0,0.0,0.0,0.0,0.0
2020-21,173750,Jaume Doménech,0,0.0,0.0,0.0,0.0,0.0,0.0
2020-21,231838,Javi Galán,0,0.0,0.0,0.0,0.0,0.0,0.0
2020-21,297354,Javi López,0,0.0,0.0,0.0,0.0,0.0,0.0
2020-21,230894,Javi Ontiveros,0,0.0,0.0,0.0,0.0,0.0,0.0
2020-21,191899,Javi Sánchez,0,0.0,0.0,0.0,0.0,0.0,0.0
2020-21,96595,Javier Díaz,0,0.0,0.0,0.0,0.0,0.0,0.0
2020-21,312591,Javier Gasca,0,0.0,0.0,0.0,0.0,0.0,0.0
2020-21,278205,Javier Martínez,0,0.0,0.0,0.0,0.0,0.0,0.0
2020-21,312971,Javí Martín,0,0.0,0.0,0.0,0.0,0.0,0.0
2020-21,232461,Jawad El Yamiq,0,0.0,0.0,0.0,0.0,0.0,0.0
2020-21,182466,Jens Jonsson,0,0.0,0.0,0.0,0.0,0.0,0.0
2020-21,195621,Jeremias Ledesma,0,0.0,0.0,0.0,0.0,0.0,0.0
2020-21,81123,Jesús Martínez,0,0.0,0.0,0.0,0.0,0.0,0.0
2020-21,37449,Jesús Navas,0,0.0,0.0,0.0,0.0,0.0,0.0
2020-21,209592,Jesús Vallejo,0,0.0,0.0,0.0,0.0,0.0,0.0
2020-21,189804,Jesús Vázquez,0,0.0,0.0,0.0,0.0,0.0,0.0
2020-21,208850,Joan Jordán,0,0.0,0.0,0.0,0.0,0.0,0.0
2020-21,28261,Joao Costa,0,0.0,0.0,0.0,0.0,0.0,0.0
2020-21,12418,Joaquín,0,0.0,0.0,0.0,0.0,0.0,0.0
2020-21,231395,Joaquín,0,0.0,0.0,0.0,0.0,0.0,0.0
2020-21,141624,Joel Robles,0,0.0,0.0,0.0,0.0,0.0,0.0
2020-21,173247,Johan Mojica,0,0.0,0.0,0.0,0.0,0.0,0.0
2020-21,311996,John Donald,0,0.0,0.0,0.0,0.0,0.0,0.0
2020-21,313053,John Finn,0,0.0,0.0,0.0,0.0,0.0,0.0
2020-21,146893,John Guidetti,0,0.0,0.0,0.0,0.0,0.0,0.0
2020-21,209578,Jokin Ezkieta,0,0.0,0.0,0.0,0.0,0.0,0.0
2020-21,317784,Jon Ander Olasagasti,0,0.0,0.0,0.0,0.0,0.0,0.0
2020-21,234335,Jon Bautista,0,0.0,0.0,0.0,0.0,0.0,0.0
2020-21,210845,Jon Garrido,0,0.0,0.0,0.0,0.0,0.0,0.0
2020-21,254320,Jon Guridi,0,0.0,0.0,0.0,0.0,0.0,0.0
2020-21,290751,Jon Mikel Magunagoitia,0,0.0,0.0,0.0,0.0,0.0,0.0
2020-21,286176,Jon Moncayola,0,0.0,0.0,0.0,0.0,0.0,0.0
2020-21,306578,Jon Morcillo,0,0.0,0.0,0.0,0.0,0.0,0.0
2020-21,297359,Jon Pacheco,0,0.0,0.0,0.0,0.0,0.0,0.0
2020-21,303313,Jonatan Carmona Álamo,0,0.0,0.0,0.0,0.0,0.0,0.0
2020-21,162558,Jonathan Calleri,0,0.0,0.0,0.0,0.0,0.0,0.0
2020-21,204672,Jony,0,0.0,0.0,0.0,0.0,0.0,0.0
2020-21,143472,Jonás Ramalho,0,0.0,0.0,0.0,0.0,0.0,0.0
2020-21,243734,Jordan Holsgrove,0,0.0,0.0,0.0,0.0,0.0,0.0
2020-21,121021,Jordi Alba,0,0.0,0.0,0.0,0.0,0.0,0.0
2020-21,150792,Jordi Masip,0,0.0,0.0,0.0,0.0,0.0,0.0
2020-21,209736,Jorge,0,0.0,0.0,0.0,0.0,0.0,0.0
2020-21,312508,Jorge Cofrades,0,0.0,0.0,0.0,0.0,0.0,0.0
2020-21,307019,Jorge Herrando,0,0.0,0.0,0.0,0.0,0.0,0.0
2020-21,173660,Jorge Miramón,0,0.0,0.0,0.0,0.0,0.0,0.0
2020-21,116111,Jorge Molina,0,0.0,0.0,0.0,0.0,0.0,0.0
2020-21,217500,Jorge Pombo,0,0.0,0.0,0.0,0.0,0.0,0.0
2020-21,152557,Jorge Pulido,0,0.0,0.0,0.0,0.0,0.0,0.0
2020-21,260740,Jorge de Frutos,0,0.0,0.0,0.0,0.0,0.0,0.0
2020-21,228689,Joris Gnagnon,0,0.0,0.0,0.0,0.0,0.0,0.0
2020-21,214330,Josan,0,0.0,0.0,0.0,0.0,0.0,0.0
2020-21,225161,Jose Blanco,0,0.0,0.0,0.0,0.0,0.0,0.0
2020-21,193463,Joseba Zaldúa,0,0.0,0.0,0.0,0.0,0.0,0.0
2020-21,134939,Joselu,0,0.0,0.0,0.0,0.0,0.0,0.0
2020-21,231396,Josema,0,0.0,0.0,0.0,0.0,0.0,0.0
2020-21,279622,Josep Calavera,0,0.0,0.0,0.0,0.0,0.0,0.0
2020-21,219309,Joseph Aidoo,0,0.0,0.0,0.0,0.0,0.0,0.0
2020-21,230188,Josete Miranda,0,0.0,0.0,0.0,0.0,0.0,0.0
2020-21,259916,José Antonio Morente,0,0.0,0.0,0.0,0.0,0.0,0.0
2020-21,158259,José Campaña,0,0.0,0.0,0.0,0.0,0.0,0.0
2020-21,301904,José Fontán,0,0.0,0.0,0.0,0.0,0.0,0.0
2020-21,178747,José Gayà,0,0.0,0.0,0.0,0.0,0.0,0.0
2020-21,184640,José Luis Morales,0,0.0,0.0,0.0,0.0,0.0,0.0
2020-21,144249,José Manuel Calderón,0,0.0,0.0,0.0,0.0,0.0,0.0
2020-21,177704,José Marí,0,0.0,0.0,0.0,0.0,0.0,0.0
2020-21,188398,José María Giménez,0,0.0,0.0,0.0,0.0,0.0,0.0
2020-21,184488,José Salinas,0,0.0,0.0,0.0,0.0,0.0,0.0
2020-21,130213,José Ángel,0,0.0,0.0,0.0,0.0,0.0,0.0
2020-21,155771,Jota,0,0.0,0.0,0.0,0.0,0.0,0.0
2020-21,258915,Jota,0,0.0,0.0,0.0,0.0,0.0,0.0
2020-21,276350,João Félix,0,0.0,0.0,0.0,0.0,0.0,0.0
2020-21,315630,Juan Brunet,0,0.0,0.0,0.0,0.0,0.0,0.0
2020-21,167046,Juan Carlos,0,0.0,0.0,0.0,0.0,0.0,0.0
2020-21,155392,Juan Cruz,0,0.0,0.0,0.0,0.0,0.0,0.0
2020-21,303835,Juan Flere,0,0.0,0.0,0.0,0.0,0.0,0.0
2020-21,242710,Juan Foyth,0,0.0,0.0,0.0,0.0,0.0,0.0
2020-21,279738,Juan Iglesias,0,0.0,0.0,0.0,0.0,0.0,0.0
2020-21,279869,Juan José Garrancho,0,0.0,0.0,0.0,0.0,0.0,0.0
2020-21,261616,Juan Miranda,0,0.0,0.0,0.0,0.0,0.0,0.0
2020-21,218563,Juan Pérez,0,0.0,0.0,0.0,0.0,0.0,0.0
2020-21,303804,Juanlu Sanchez,0,0.0,0.0,0.0,0.0,0.0,0.0
2020-21,143643,Juanmi,0,0.0,0.0,0.0,0.0,0.0,0.0
2020-21,318339,Julen Bernaola,0,0.0,0.0,0.0,0.0,0.0,0.0
2020-21,301869,Julen Lobete,0,0.0,0.0,0.0,0.0,0.0,0.0
2020-21,231692,Jules Koundé,0,0.0,0.0,0.0,0.0,0.0,0.0
2020-21,269655,Junior Firpo,0,0.0,0.0,0.0,0.0,0.0,0.0
2020-21,307424,Jérémy Blasco,0,0.0,0.0,0.0,0.0,0.0,0.0
2020-21,46858,Karim Benzema,0,0.0,0.0,0.0,0.0,0.0,0.0
2020-21,163961,Karim Rekik,0,0.0,0.0,0.0,0.0,0.0,0.0
2020-21,208027,Kenan Kodro,0,0.0,0.0,0.0,0.0,0.0,0.0
2020-21,195349,Kenedy,0,0.0,0.0,0.0,0.0,0.0,0.0
2020-21,304151,Kevin Carlos,0,0.0,0.0,0.0,0.0,0.0,0.0
2020-21,101468,Kevin Gameiro,0,0.0,0.0,0.0,0.0,0.0,0.0
2020-21,229975,Kevin Sibille,0,0.0,0.0,0.0,0.0,0.0,0.0
2020-21,219074,Kevin Vázquez,0,0.0,0.0,0.0,0.0,0.0,0.0
2020-21,143637,Kieran Trippier,0,0.0,0.0,0.0,0.0,0.0,0.0
2020-21,129711,Kiko,0,0.0,0.0,0.0,0.0,0.0,0.0
2020-21,219310,Kingsley Fobi,0,0.0,0.0,0.0,0.0,0.0,0.0
2020-21,288920,Koba Koindredi,0,0.0,0.0,0.0,0.0,0.0,0.0
2020-21,140791,Koke,0,0.0,0.0,0.0,0.0,0.0,0.0
2020-21,287498,Konrad De La Fuente,0,0.0,0.0,0.0,0.0,0.0,0.0
2020-21,250658,Kuki Zalazar,0,0.0,0.0,0.0,0.0,0.0,0.0
2020-21,173614,Kévin Rodrigues,0,0.0,0.0,0.0,0.0,0.0,0.0
2020-21,308182,Lanchi,0,0.0,0.0,0.0,0.0,0.0,0.0
2020-21,310973,Lautaro De León,0,0.0,0.0,0.0,0.0,0.0,0.0
2020-21,274197,Lee Kang-In,0,0.0,0.0,0.0,0.0,0.0,0.0
2020-21,45843,Lionel Messi,0,0.0,0.0,0.0,0.0,0.0,0.0
2020-21,279750,Lluis Andreu,0,0.0,0.0,0.0,0.0,0.0,0.0
2020-21,261112,Lorenzo Morón,0,0.0,0.0,0.0,0.0,0.0,0.0
2020-21,260258,Luca Sangalli,0,0.0,0.0,0.0,0.0,0.0,0.0
2020-21,207236,Lucas Boyé,0,0.0,0.0,0.0,0.0,0.0,0.0
2020-21,308868,Lucas Cañizares,0,0.0,0.0,0.0,0.0,0.0,0.0
2020-21,312657,Lucas Freitas,0,0.0,0.0,0.0,0.0,0.0,0.0
2020-21,159263,Lucas Ocampos,0,0.0,0.0,0.0,0.0,0.0,0.0
2020-21,171508,Lucas Olaza,0,0.0,0.0,0.0,0.0,0.0,0.0
2020-21,184825,Lucas Pérez,0,0.0,0.0,0.0,0.0,0.0,0.0
2020-21,212973,Lucas Torreira,0,0.0,0.0,0.0,0.0,0.0,0.0
2020-21,170154,Lucas Torró,0,0.0,0.0,0.0,0.0,0.0,0.0
2020-21,174967,Lucas Vázquez,0,0.0,0.0,0.0,0.0,0.0,0.0
2020-21,193636,Luis Castillo,0,0.0,0.0,0.0,0.0,0.0,0.0
2020-21,303124,Luis Enrique Carrasco Acosta,0,0.0,0.0,0.0,0.0,0.0,0.0
2020-21,304321,Luis López,0,0.0,0.0,0.0,0.0,0.0,0.0
2020-21,264211,Luis Milla,0,0.0,0.0,0.0,0.0,0.0,0.0
2020-21,110633,Luis Pérez,0,0.0,0.0,0.0,0.0,0.0,0.0
2020-21,264177,Luis Rioja,0,0.0,0.0,0.0,0.0,0.0,0.0
2020-21,125088,Luis Suárez,0,0.0,0.0,0.0,0.0,0.0,0.0
2020-21,272722,Luis Suárez,0,0.0,0.0,0.0,0.0,0.0,0.0
2020-21,164745,Luisinho,0,0.0,0.0,0.0,0.0,0.0,0.0
2020-21,200024,Luismi,0,0.0,0.0,0.0,0.0,0.0,0.0
2020-21,259843,Luismi Quezada,0,0.0,0.0,0.0,0.0,0.0,0.0
2020-21,76762,Luka Modric,0,0.0,0.0,0.0,0.0,0.0,0.0
2020-21,127420,Luuk de Jong,0,0.0,0.0,0.0,0.0,0.0,0.0
2020-21,228554,Mamady Diarra,0,0.0,0.0,0.0,0.0,0.0,0.0
2020-21,312375,Mamor Niang,0,0.0,0.0,0.0,0.0,0.0,0.0
2020-21,125743,Manu García,0,0.0,0.0,0.0,0.0,0.0,0.0
2020-21,300985,Manu Sánchez,0,0.0,0.0,0.0,0.0,0.0,0.0
2020-21,158605,Manu Trigueros,0,0.0,0.0,0.0,0.0,0.0,0.0
2020-21,232388,Manu Vallejo,0,0.0,0.0,0.0,0.0,0.0,0.0
2020-21,174750,Manuel Galan,0,0.0,0.0,0.0,0.0,0.0,0.0
2020-21,299935,Manuel Nieto,0,0.0,0.0,0.0,0.0,0.0,0.0
2020-21,145078,Marc Bartra,0,0.0,0.0,0.0,0.0,0.0,0.0
2020-21,300297,Marc Baró,0,0.0,0.0,0.0,0.0,0.0,0.0
2020-21,259910,Marc Cucurella,0,0.0,0.0,0.0,0.0,0.0,0.0
2020-21,140740,Marc-André ter Stegen,0,0.0,0.0,0.0,0.0,0.0,0.0
2020-21,77641,Marcelo,0,0.0,0.0,0.0,0.0,0.0,0.0
2020-21,195821,Marco Asensio,0,0.0,0.0,0.0,0.0,0.0,0.0
2020-21,157557,Marcos Acuña,0,0.0,0.0,0.0,0.0,0.0,0.0
2020-21,264168,Marcos André,0,0.0,0.0,0.0,0.0,0.0,0.0
2020-21,206474,Marcos Llorente,0,0.0,0.0,0.0,0.0,0.0,0.0
2020-21,259914,Marcos Mauro,0,0.0,0.0,0.0,0.0,0.0,0.0
2020-21,198832,Mariano,0,0.0,0.0,0.0,0.0,0.0,0.0
2020-21,133180,Mario,0,0.0,0.0,0.0,0.0,0.0,0.0
2020-21,222529,Mario Hermoso,0,0.0,0.0,0.0,0.0,0.0,0.0
2020-21,297353,Mario Soriano Carreno,0,0.0,0.0,0.0,0.0,0.0,0.0
2020-21,179211,Marko Dmitrovic,0,0.0,0.0,0.0,0.0,0.0,0.0
2020-21,187100,Martin Braithwaite,0,0.0,0.0,0.0,0.0,0.0,0.0
2020-21,251921,Martín Aguirregabiria,0,0.0,0.0,0.0,0.0,0.0,0.0
2020-21,277518,Martín Merquelanz,0,0.0,0.0,0.0,0.0,0.0,0.0
2020-21,137425,Martín Montoya,0,0.0,0.0,0.0,0.0,0.0,0.0
2020-21,287266,Martín Zubimendi,0,0.0,0.0,0.0,0.0,0.0,0.0
2020-21,307916,Marvin,0,0.0,0.0,0.0,0.0,0.0,0.0
2020-21,225538,Matheus Fernandes,0,0.0,0.0,0.0,0.0,0.0,0.0
2020-21,234881,Mathías Olivera,0,0.0,0.0,0.0,0.0,0.0,0.0
2020-21,199775,Mauro Arambarri,0,0.0,0.0,0.0,0.0,0.0,0.0
2020-21,67183,Maxi Gómez,0,0.0,0.0,0.0,0.0,0.0,0.0
2020-21,131748,Maxime Gonalons,0,0.0,0.0,0.0,0.0,0.0,0.0
2020-21,195803,Mickael Malsa,0,0.0,0.0,0.0,0.0,0.0,0.0
2020-21,264124,Miguel Atienza,0,0.0,0.0,0.0,0.0,0.0,0.0
2020-21,306580,Miguel Baeza,0,0.0,0.0,0.0,0.0,0.0,0.0
2020-21,290044,Miguel Gutiérrez,0,0.0,0.0,0.0,0.0,0.0,0.0
2020-21,83494,Miguel Rodríguez,0,0.0,0.0,0.0,0.0,0.0,0.0
2020-21,273291,Miguel Rubio,0,0.0,0.0,0.0,0.0,0.0,0.0
2020-21,227192,Miguel San Román,0,0.0,0.0,0.0,0.0,0.0,0.0
2020-21,32937,Miguel Ángel Moyà,0,0.0,0.0,0.0,0.0,0.0,0.0
2020-21,126441,Mikel Balenziaga,0,0.0,0.0,0.0,0.0,0.0,0.0
2020-21,209581,Mikel Merino,0,0.0,0.0,0.0,0.0,0.0,0.0
2020-21,229018,Mikel Oyarzabal,0,0.0,0.0,0.0,0.0,0.0,0.0
2020-21,89201,Mikel Rico,0,0.0,0.0,0.0,0.0,0.0,0.0
2020-21,222373,Mikel Vesga,0,0.0,0.0,0.0,0.0,0.0,0.0
2020-21,105813,Miralem Pjanic,0,0.0,0.0,0.0,0.0,0.0,0.0
2020-21,266162,Modibo Sagnan,0,0.0,0.0,0.0,0.0,0.0,0.0
2020-21,266677,Mohamed Moukhliss,0,0.0,0.0,0.0,0.0,0.0,0.0
2020-21,169089,Moi Gómez,0,0.0,0.0,0.0,0.0,0.0,0.0
2020-21,256681,Momo Mbaye,0,0.0,0.0,0.0,0.0,0.0,0.0
2020-21,241117,Mouctar Diakhaby,0,0.0,0.0,0.0,0.0,0.0,0.0
2020-21,196576,Moussa Dembélé,0,0.0,0.0,0.0,0.0,0.0,0.0
2020-21,193782,Munir El Haddadi,0,0.0,0.0,0.0,0.0,0.0,0.0
2020-21,129871,Míchel,0,0.0,0.0,0.0,0.0,0.0,0.0
2020-21,189025,Nabil Fekir,0,0.0,0.0,0.0,0.0,0.0,0.0
2020-21,157710,Nacho,0,0.0,0.0,0.0,0.0,0.0,0.0
2020-21,180341,Nacho Martínez,0,0.0,0.0,0.0,0.0,0.0,0.0
2020-21,85361,Nacho Monreal,0,0.0,0.0,0.0,0.0,0.0,0.0
2020-21,240102,Nacho Vidal,0,0.0,0.0,0.0,0.0,0.0,0.0
2020-21,268437,Nehuén Pérez,0,0.0,0.0,0.0,0.0,0.0,0.0
2020-21,136673,Nemanja Gudelj,0,0.0,0.0,0.0,0.0,0.0,0.0
2020-21,219538,Nemanja Maksimovic,0,0.0,0.0,0.0,0.0,0.0,0.0
2020-21,207894,Nemanja Radoja,0,0.0,0.0,0.0,0.0,0.0,0.0
2020-21,138398,Neto,0,0.0,0.0,0.0,0.0,0.0,0.0
2020-21,278060,Neyder Lozano,0,0.0,0.0,0.0,0.0,0.0,0.0
2020-21,312146,Nico Williams,0,0.0,0.0,0.0,0.0,0.0,0.0
2020-21,185110,Nikola Vukcevic,0,0.0,0.0,0.0,0.0,0.0,0.0
2020-21,85348,Nino,0,0.0,0.0,0.0,0.0,0.0,0.0
2020-21,150227,Nolito,0,0.0,0.0,0.0,0.0,0.0,0.0
2020-21,203908,Nuke Mfulu,0,0.0,0.0,0.0,0.0,0.0,0.0
2020-21,164331,Néstor Araujo,0,0.0,0.0,0.0,0.0,0.0,0.0
2020-21,127185,Oier,0,0.0,0.0,0.0,0.0,0.0,0.0
2020-21,306579,Oier Zarraga,0,0.0,0.0,0.0,0.0,0.0,0.0
2020-21,291616,Oihan Sancet,0,0.0,0.0,0.0,0.0,0.0,0.0
2020-21,269339,Orio Rey,0,0.0,0.0,0.0,0.0,0.0,0.0
2020-21,297368,Oscar Aranda,0,0.0,0.0,0.0,0.0,0.0,0.0
2020-21,229744,Ousmane Dembélé,0,0.0,0.0,0.0,0.0,0.0,0.0
2020-21,316040,Pablo Cuñat,0,0.0,0.0,0.0,0.0,0.0,0.0
2020-21,180577,Pablo Hervías,0,0.0,0.0,0.0,0.0,0.0,0.0
2020-21,180847,Pablo Insua,0,0.0,0.0,0.0,0.0,0.0,0.0
2020-21,222661,Pablo Maffeo,0,0.0,0.0,0.0,0.0,0.0,0.0
2020-21,90864,Pablo Piatti,0,0.0,0.0,0.0,0.0,0.0,0.0
2020-21,303888,Pablo Pérez Rico,0,0.0,0.0,0.0,0.0,0.0,0.0
2020-21,282672,Pablo Ramon,0,0.0,0.0,0.0,0.0,0.0,0.0
2020-21,199790,Pacha Espino,0,0.0,0.0,0.0,0.0,0.0,0.0
2020-21,150506,Paco Alcácer,0,0.0,0.0,0.0,0.0,0.0,0.0
2020-21,84905,Pape Diop,0,0.0,0.0,0.0,0.0,0.0,0.0
2020-21,238885,Patrick Cutrone,0,0.0,0.0,0.0,0.0,0.0,0.0
2020-21,228458,Patrick Sequeira,0,0.0,0.0,0.0,0.0,0.0,0.0
2020-21,251100,Pau Torres,0,0.0,0.0,0.0,0.0,0.0,0.0
2020-21,284942,Paul Akouokou,0,0.0,0.0,0.0,0.0,0.0,0.0
2020-21,164469,Paulo Gazzaniga,0,0.0,0.0,0.0,0.0,0.0,0.0
2020-21,92335,Paulo Oliveira,0,0.0,0.0,0.0,0.0,0.0,0.0
2020-21,250465,Pedri,0,0.0,0.0,0.0,0.0,0.0,0.0
2020-21,136729,Pedro Alcalá,0,0.0,0.0,0.0,0.0,0.0,0.0
2020-21,167297,Pedro Bigas,0,0.0,0.0,0.0,0.0,0.0,0.0
2020-21,103003,Pedro León,0,0.0,0.0,0.0,0.0,0.0,0.0
2020-21,103012,Pedro López,0,0.0,0.0,0.0,0.0,0.0,0.0
2020-21,131771,Pedro Mosquera,0,0.0,0.0,0.0,0.0,0.0,0.0
2020-21,300877,Pepe Sanchez,0,0.0,0.0,0.0,0.0,0.0,0.0
2020-21,196914,Pere Milla,0,0.0,0.0,0.0,0.0,0.0,0.0
2020-21,178565,Pere Pons,0,0.0,0.0,0.0,0.0,0.0,0.0
2020-21,271822,Peru Nolaskoain,0,0.0,0.0,0.0,0.0,0.0,0.0
2020-21,214689,Pervis Estupiñán,0,0.0,0.0,0.0,0.0,0.0,0.0
2020-21,311974,Petr Kudakovskiy,0,0.0,0.0,0.0,0.0,0.0,0.0
2020-21,130372,Philippe Coutinho,0,0.0,0.0,0.0,0.0,0.0,0.0
2020-21,152166,Portu,0,0.0,0.0,0.0,0.0,0.0,0.0
2020-21,174972,Quini,0,0.0,0.0,0.0,0.0,0.0,0.0
2020-21,124640,Quique González,0,0.0,0.0,0.0,0.0,0.0,0.0
2020-21,219663,Rafa,0,0.0,0.0,0.0,0.0,0.0,0.0
2020-21,230974,Rafa Mir,0,0.0,0.0,0.0,0.0,0.0,0.0
2020-21,119332,Rafael Romero,0,0.0,0.0,0.0,0.0,0.0,0.0
2020-21,151953,Ramiro Funes Mori,0,0.0,0.0,0.0,0.0,0.0,0.0
2020-21,153053,Raphaël Varane,0,0.0,0.0,0.0,0.0,0.0,0.0
2020-21,41970,Raúl Albiol,0,0.0,0.0,0.0,0.0,0.0,0.0
2020-21,158004,Raúl Blanco,0,0.0,0.0,0.0,0.0,0.0,0.0
2020-21,144589,Raúl García,0,0.0,0.0,0.0,0.0,0.0,0.0
2020-21,45927,Raúl García,0,0.0,0.0,0.0,0.0,0.0,0.0
2020-21,210021,Raúl Guti,0,0.0,0.0,0.0,0.0,0.0,0.0
2020-21,310024,Raúl Torrente,0,0.0,0.0,0.0,0.0,0.0,0.0
2020-21,153714,Recio,0,0.0,0.0,0.0,0.0,0.0,0.0
2020-21,245858,Renan Lodi,0,0.0,0.0,0.0,0.0,0.0,0.0
2020-21,181557,Renato Tapia,0,0.0,0.0,0.0,0.0,0.0,0.0
2020-21,270611,Ricard Puig,0,0.0,0.0,0.0,0.0,0.0,0.0
2020-21,290047,Ricard Sánchez,0,0.0,0.0,0.0,0.0,0.0,0.0
2020-21,173034,Rober Correa,0,0.0,0.0,0.0,0.0,0.0,0.0
2020-21,276996,Robert Navarro,0,0.0,0.0,0.0,0.0,0.0,0.0
2020-21,318557,Robert Vallribera,0,0.0,0.0,0.0,0.0,0.0,0.0
2020-21,95406,Roberto,0,0.0,0.0,0.0,0.0,0.0,0.0
2020-21,308145,Roberto López,0,0.0,0.0,0.0,0.0,0.0,0.0
2020-21,42042,Roberto Soldado,0,0.0,0.0,0.0,0.0,0.0,0.0
2020-21,169321,Roberto Torres,0,0.0,0.0,0.0,0.0,0.0,0.0
2020-21,214888,Robin Le Normand,0,0.0,0.0,0.0,0.0,0.0,0.0
2020-21,121194,Rodri Sánchez,0,0.0,0.0,0.0,0.0,0.0,0.0
2020-21,152706,Rodrigo Battaglia,0,0.0,0.0,0.0,0.0,0.0,0.0
2020-21,155584,Rodrigo Ely,0,0.0,0.0,0.0,0.0,0.0,0.0
2020-21,267804,Rodrygo,0,0.0,0.0,0.0,0.0,0.0,0.0
2020-21,169533,Roger Martí,0,0.0,0.0,0.0,0.0,0.0,0.0
2020-21,270821,Ronald Araújo,0,0.0,0.0,0.0,0.0,0.0,0.0
2020-21,167190,Roque Mesa,0,0.0,0.0,0.0,0.0,0.0,0.0
2020-21,140288,Rubén,0,0.0,0.0,0.0,0.0,0.0,0.0
2020-21,214317,Rubén Alcaraz,0,0.0,0.0,0.0,0.0,0.0,0.0
2020-21,167069,Rubén Blanco,0,0.0,0.0,0.0,0.0,0.0,0.0
2020-21,177553,Rubén Duarte,0,0.0,0.0,0.0,0.0,0.0,0.0
2020-21,178328,Rubén García,0,0.0,0.0,0.0,0.0,0.0,0.0
2020-21,177803,Rubén Peña,0,0.0,0.0,0.0,0.0,0.0,0.0
2020-21,137437,Rubén Rochina,0,0.0,0.0,0.0,0.0,0.0,0.0
2020-21,174970,Rubén Sobrino,0,0.0,0.0,0.0,0.0,0.0,0.0
2020-21,192718,Rubén Yáñez,0,0.0,0.0,0.0,0.0,0.0,0.0
2020-21,177898,Rui Silva,0,0.0,0.0,0.0,0.0,0.0,0.0
2020-21,275944,Ryan Nolan,0,0.0,0.0,0.0,0.0,0.0,0.0
2020-21,231341,Róber,0,0.0,0.0,0.0,0.0,0.0,0.0
2020-21,173401,Rúben Vezo,0,0.0,0.0,0.0,0.0,0.0,0.0
2020-21,303812,Sabit Abdulai,0,0.0,0.0,0.0,0.0,0.0,0.0
2020-21,210140,Saidy Janko,0,0.0,0.0,0.0,0.0,0.0,0.0
2020-21,231221,Salvi,0,0.0,0.0,0.0,0.0,0.0,0.0
2020-21,228298,Samuel Chukwueze,0,0.0,0.0,0.0,0.0,0.0,0.0
2020-21,251938,Samuel Pérez,0,0.0,0.0,0.0,0.0,0.0,0.0
2020-21,150051,Samuel Umtiti,0,0.0,0.0,0.0,0.0,0.0,0.0
2020-21,188165,Sandro,0,0.0,0.0,0.0,0.0,0.0,0.0
2020-21,181642,Santi Mina,0,0.0,0.0,0.0,0.0,0.0,0.0
2020-21,82782,Santiago Ramos,0,0.0,0.0,0.0,0.0,0.0,0.0
2020-21,240460,Saturday Erimuya,0,0.0,0.0,0.0,0.0,0.0,0.0
2020-21,172269,Saúl Ñíguez,0,0.0,0.0,0.0,0.0,0.0,0.0
2020-21,144480,Sergi Enrich,0,0.0,0.0,0.0,0.0,0.0,0.0
2020-21,280574,Sergi García,0,0.0,0.0,0.0,0.0,0.0,0.0
2020-21,222360,Sergi Guardiola,0,0.0,0.0,0.0,0.0,0.0,0.0
2020-21,120708,Sergi Gómez,0,0.0,0.0,0.0,0.0,0.0,0.0
2020-21,150225,Sergi Roberto,0,0.0,0.0,0.0,0.0,0.0,0.0
2020-21,307917,Sergio Arribas,0,0.0,0.0,0.0,0.0,0.0,0.0
2020-21,111613,Sergio Asenjo,0,0.0,0.0,0.0,0.0,0.0,0.0
2020-21,310231,Sergio Barcia,0,0.0,0.0,0.0,0.0,0.0,0.0
2020-21,262146,Sergio Benito,0,0.0,0.0,0.0,0.0,0.0,0.0
2020-21,121893,Sergio Busquets,0,0.0,0.0,0.0,0.0,0.0,0.0
2020-21,276652,Sergio Camello,0,0.0,0.0,0.0,0.0,0.0,0.0
2020-21,125383,Sergio Canales,0,0.0,0.0,0.0,0.0,0.0,0.0
2020-21,298343,Sergio Carreira,0,0.0,0.0,0.0,0.0,0.0,0.0
2020-21,300512,Sergio Cubero,0,0.0,0.0,0.0,0.0,0.0,0.0
2020-21,135914,Sergio Escudero,0,0.0,0.0,0.0,0.0,0.0,0.0
2020-21,265993,Sergio Gómez,0,0.0,0.0,0.0,0.0,0.0,0.0
2020-21,191360,Sergio Herrera,0,0.0,0.0,0.0,0.0,0.0,0.0
2020-21,111440,Sergio León,0,0.0,0.0,0.0,0.0,0.0,0.0
2020-21,268751,Sergio Lozano,0,0.0,0.0,0.0,0.0,0.0,0.0
2020-21,173611,Sergio López,0,0.0,0.0,0.0,0.0,0.0,0.0
2020-21,169787,Sergio Postigo,0,0.0,0.0,0.0,0.0,0.0,0.0
2020-21,41579,Sergio Ramos,0,0.0,0.0,0.0,0.0,0.0,0.0
2020-21,214446,Sergio Santos,0,0.0,0.0,0.0,0.0,0.0,0.0
2020-21,85308,Sergio Álvarez,0,0.0,0.0,0.0,0.0,0.0,0.0
2020-21,87963,Sergio Álvarez,0,0.0,0.0,0.0,0.0,0.0,0.0
2020-21,266291,Sergiño Dest,0,0.0,0.0,0.0,0.0,0.0,0.0
2020-21,117630,Shinji Okazaki,0,0.0,0.0,0.0,0.0,0.0,0.0
2020-21,266834,Shon Weissman,0,0.0,0.0,0.0,0.0,0.0,0.0
2020-21,124008,Sidnei,0,0.0,0.0,0.0,0.0,0.0,0.0
2020-21,152412,Sime Vrsaljko,0,0.0,0.0,0.0,0.0,0.0,0.0
2020-21,221825,Sofian Chakla,0,0.0,0.0,0.0,0.0,0.0,0.0
2020-21,250887,Son,0,0.0,0.0,0.0,0.0,0.0,0.0
2020-21,150541,Stefan Savic,0,0.0,0.0,0.0,0.0,0.0,0.0
2020-21,312560,Stephane Paul Keller,0,0.0,0.0,0.0,0.0,0.0,0.0
2020-21,164800,Suso,0,0.0,0.0,0.0,0.0,0.0,0.0
2020-21,164204,Takashi Inui,0,0.0,0.0,0.0,0.0,0.0,0.0
2020-21,256587,Takefusa Kubo,0,0.0,0.0,0.0,0.0,0.0,0.0
2020-21,134283,Thibaut Courtois,0,0.0,0.0,0.0,0.0,0.0,0.0
2020-21,275983,Thierry Correia,0,0.0,0.0,0.0,0.0,0.0,0.0
2020-21,190291,Thomas Lemar,0,0.0,0.0,0.0,0.0,0.0,0.0
2020-21,144670,Tomás Pina,0,0.0,0.0,0.0,0.0,0.0,0.0
2020-21,157206,Tomás Vaclík,0,0.0,0.0,0.0,0.0,0.0,0.0
2020-21,103173,Toni Kroos,0,0.0,0.0,0.0,0.0,0.0,0.0
2020-21,232275,Toni Lato,0,0.0,0.0,0.0,0.0,0.0,0.0
2020-21,248845,Toni Villa,0,0.0,0.0,0.0,0.0,0.0,0.0
2020-21,140593,Toño,0,0.0,0.0,0.0,0.0,0.0,0.0
2020-21,307275,Unai Arietaleanizbeaskoa,0,0.0,0.0,0.0,0.0,0.0,0.0
2020-21,304182,Unai Dufur,0,0.0,0.0,0.0,0.0,0.0,0.0
2020-21,264145,Unai Etxebarria,0,0.0,0.0,0.0,0.0,0.0,0.0
2020-21,186820,Unai García,0,0.0,0.0,0.0,0.0,0.0,0.0
2020-21,203711,Unai López,0,0.0,0.0,0.0,0.0,0.0,0.0
2020-21,312011,Unai Marrero,0,0.0,0.0,0.0,0.0,0.0,0.0
2020-21,260902,Unai Núñez,0,0.0,0.0,0.0,0.0,0.0,0.0
2020-21,314659,Unai Ruiz-Zeberio,0,0.0,0.0,0.0,0.0,0.0,0.0
2020-21,222375,Unai Simón,0,0.0,0.0,0.0,0.0,0.0,0.0
2020-21,302945,Unai Vencedor,0,0.0,0.0,0.0,0.0,0.0,0.0
2020-21,307915,Urko Gonzalez,0,0.0,0.0,0.0,0.0,0.0,0.0
2020-21,240111,Uros Racic,0,0.0,0.0,0.0,0.0,0.0,0.0
2020-21,298818,Vicente Esquerdo,0,0.0,0.0,0.0,0.0,0.0,0.0
2020-21,125206,Vicente Iborra,0,0.0,0.0,0.0,0.0,0.0,0.0
2020-21,252107,Vinícius Júnior,0,0.0,0.0,0.0,0.0,0.0,0.0
2020-21,150803,Vitolo,0,0.0,0.0,0.0,0.0,0.0,0.0
2020-21,196789,Víctor Camarasa,0,0.0,0.0,0.0,0.0,0.0,0.0
2020-21,265995,Víctor Chust,0,0.0,0.0,0.0,0.0,0.0,0.0
2020-21,125776,Víctor Díaz,0,0.0,0.0,0.0,0.0,0.0,0.0
2020-21,113460,Víctor Laguardia,0,0.0,0.0,0.0,0.0,0.0,0.0
2020-21,178097,Víctor Rodríguez,0,0.0,0.0,0.0,0.0,0.0,0.0
2020-21,121023,Víctor Ruiz,0,0.0,0.0,0.0,0.0,0.0,0.0
2020-21,269583,Waldo Rubio,0,0.0,0.0,0.0,0.0,0.0,0.0
2020-21,157390,William Carvalho,0,0.0,0.0,0.0,0.0,0.0,0.0
2020-21,129419,Xabier Etxeita,0,0.0,0.0,0.0,0.0,0.0,0.0
2020-21,157568,Ximo Navarro,0,0.0,0.0,0.0,0.0,0.0,0.0
2020-21,176757,Yaison Murillo,0,0.0,0.0,0.0,0.0,0.0,0.0
2020-21,242441,Yan Eteki,0,0.0,0.0,0.0,0.0,0.0,0.0
2020-21,236185,Yangel Herrera,0,0.0,0.0,0.0,0.0,0.0,0.0
2020-21,174893,Yannick Carrasco,0,0.0,0.0,0.0,0.0,0.0,0.0
2020-21,276788,Yassin Fekir,0,0.0,0.0,0.0,0.0,0.0,0.0
2020-21,175149,Yassine Bounou,0,0.0,0.0,0.0,0.0,0.0,0.0
2020-21,217225,Yeray,0,0.0,0.0,0.0,0.0,0.0,0.0
2020-21,106746,Yoel,0,0.0,0.0,0.0,0.0,0.0,0.0
2020-21,202090,Yoshinori Muto,0,0.0,0.0,0.0,0.0,0.0,0.0
2020-21,242736,Youssef En-Nesyri,0,0.0,0.0,0.0,0.0,0.0,0.0
2020-21,307527,Yunus Musah,0,0.0,0.0,0.0,0.0,0.0,0.0
2020-21,133768,Yuri Berchiche,0,0.0,0.0,0.0,0.0,0.0,0.0
2020-21,297370,Yéremy Pino,0,0.0,0.0,0.0,0.0,0.0,0.0
2020-21,130030,Áex Blanco,0,0.0,0.0,0.0,0.0,0.0,0.0
2020-21,297373,Álex Baena,0,0.0,0.0,0.0,0.0,0.0,0.0
2020-21,209579,Álex Berenguer,0,0.0,0.0,0.0,0.0,0.0,0.0
2020-21,271901,Álex Collado,0,0.0,0.0,0.0,0.0,0.0,0.0
2020-21,153685,Álex Fernández,0,0.0,0.0,0.0,0.0,0.0,0.0
2020-21,289625,Álex Martín,0,0.0,0.0,0.0,0.0,0.0,0.0
2020-21,312013,Álex Millán,0,0.0,0.0,0.0,0.0,0.0,0.0
2020-21,30377,Álex Moreno,0,0.0,0.0,0.0,0.0,0.0,0.0
2020-21,217319,Álex Remiro,0,0.0,0.0,0.0,0.0,0.0,0.0
2020-21,319304,Álvaro Bastida,0,0.0,0.0,0.0,0.0,0.0,0.0
2020-21,264125,Álvaro Bravo,0,0.0,0.0,0.0,0.0,0.0,0.0
2020-21,248856,Álvaro Fernández,0,0.0,0.0,0.0,0.0,0.0,0.0
2020-21,96060,Álvaro Fernández,0,0.0,0.0,0.0,0.0,0.0,0.0
2020-21,265986,Álvaro García,0,0.0,0.0,0.0,0.0,0.0,0.0
2020-21,102978,Álvaro Negredo,0,0.0,0.0,0.0,0.0,0.0,0.0
2020-21,236156,Álvaro Odriozola,0,0.0,0.0,0.0,0.0,0.0,0.0
2020-21,195681,Ángel Correa,0,0.0,0.0,0.0,0.0,0.0,0.0
2020-21,310232,Ángel Jiménez,0,0.0,0.0,0.0,0.0,0.0,0.0
2020-21,160722,Ángel Montoro,0,0.0,0.0,0.0,0.0,0.0,0.0
2020-21,125203,Ángel Rodríguez,0,0.0,0.0,0.0,0.0,0.0,0.0
2020-21,228402,Éder Militão,0,0.0,0.0,0.0,0.0,0.0,0.0
2020-21,180751,Édgar Méndez,0,0.0,0.0,0.0,0.0,0.0,0.0
2020-21,84892,Étienne Capoue,0,0.0,0.0,0.0,0.0,0.0,0.0
2020-21,142263,Íñigo Pérez,0,0.0,0.0,0.0,0.0,0.0,0.0
2020-21,173233,Óliver Torres,0,0.0,0.0,0.0,0.0,0.0,0.0
2020-21,234297,Óscar Castro,0,0.0,0.0,0.0,0.0,0.0,0.0
2020-21,186610,Óscar Duarte,0,0.0,0.0,0.0,0.0,0.0,0.0
2020-21,276546,Óscar Mingueza,0,0.0,0.0,0.0,0.0,0.0,0.0
2020-21,174969,Óscar Plano,0,0.0,0.0,0.0,0.0,0.0,0.0
2020-21,259842,Óscar Rodríguez,0,0.0,0.0,0.0,0.0,0.0,0.0
2020-21,130135,Óscar de Marcos,0,0.0,0.0,0.0,0.0,0.0,0.0
2021-22,200964,Aarón Escandell,0,0.0,0.0,4.0,3.0,0.0,0.0
2021-22,300912,Abde Ezzalzouli,0,1.0,0.0,10.0,6.0,0.0,0.0
2021-22,277876,Abdel Abqar,0,0.0,0.0,0.0,0.0,0.0,0.0
2021-22,155935,Abdón Prats,0,3.0,0.0,23.0,6.0,0.0,0.0
2021-22,220626,Adama Traoré,0,0.0,2.0,11.0,4.0,0.0,0.0
2021-22,186432,Adnan Januzaj,0,3.0,0.0,33.0,17.0,0.0,0.0
2021-22,193130,Adri Embarba,0,0.0,2.0,32.0,24.0,0.0,0.0
2021-22,277292,Adrià Pedrosa,0,1.0,1.0,31.0,31.0,0.0,0.0
2021-22,310799,Adrián González,0,0.0,0.0,0.0,0.0,0.0,0.0
2021-22,336705,Adrián Quintela,0,0.0,0.0,0.0,0.0,0.0,0.0
2021-22,150374,Adrián Rodríguez,0,0.0,0.0,0.0,0.0,0.0,0.0
2021-22,276841,Adrián de la Fuente,0,0.0,0.0,0.0,0.0,0.0,0.0
2021-22,283891,Aihen Muñoz,0,0.0,0.0,20.0,15.0,0.0,0.0
2021-22,144759,Aitor Fernández,0,0.0,0.0,13.0,13.0,0.0,0.0
2021-22,308254,Aitor Paredes,0,0.0,0.0,0.0,0.0,0.0,0.0
2021-22,268601,Aitor Ruibal,0,0.0,0.0,19.0,9.0,0.0,0.0
2021-22,325067,Alan Godoy,0,0.0,0.0,0.0,0.0,0.0,0.0
2021-22,185100,Alberto Flores,0,0.0,0.0,0.0,0.0,0.0,0.0
2021-22,172998,Alberto Moreno,0,3.0,2.0,24.0,13.0,0.0,0.0
2021-22,130584,Alberto Perea,0,0.0,1.0,18.0,8.0,0.0,0.0
2021-22,278207,Alberto Soro,0,0.0,0.0,16.0,7.0,0.0,0.0
2021-22,333119,Aleix Gorjón,0,0.0,0.0,0.0,0.0,0.0,0.0
2021-22,143030,Aleix Vidal,0,2.0,0.0,31.0,21.0,0.0,0.0
2021-22,337118,Alejandro Asensio,0,0.0,0.0,2.0,0.0,0.0,0.0
2021-22,323703,Alejandro Balde,0,0.0,0.0,5.0,2.0,0.0,0.0
2021-22,318513,Alejandro Cantero,0,0.0,1.0,25.0,4.0,0.0,0.0
2021-22,264175,Alejandro Catena,0,2.0,2.0,36.0,36.0,0.0,0.0
2021-22,149578,Alejandro Gómez,0,5.0,1.0,29.0,19.0,0.0,0.0
2021-22,330433,Alejandro Iturbe,0,0.0,0.0,0.0,0.0,0.0,0.0
2021-22,37448,Alejandro Perez,0,0.0,0.0,0.0,0.0,0.0,0.0
2021-22,340744,Alejandro Primo,0,0.0,0.0,1.0,1.0,0.0,0.0
2021-22,236445,Aleksander Sedlar,0,0.0,0.0,10.0,3.0,0.0,0.0
2021-22,324501,Alessandro Burlamaqui,0,0.0,0.0,0.0,0.0,0.0,0.0
2021-22,320874,Alex Petxarromán,0,0.0,0.0,17.0,1.0,0.0,0.0
2021-22,235662,Alexander Isak,0,6.0,2.0,32.0,26.0,0.0,0.0
2021-22,188230,Alexander Sørloth,0,4.0,0.0,33.0,20.0,0.0,0.0
2021-22,326142,Alexandru Mircea Tirlea,0,0.0,0.0,1.0,0.0,0.0,0.0
2021-22,271635,Alfonso González,0,0.0,0.0,0.0,0.0,0.0,0.0
2021-22,265987,Alfonso Pastor,0,0.0,0.0,0.0,0.0,0.0,0.0
2021-22,218439,Alfonso Pedraza,0,4.0,4.0,28.0,19.0,0.0,0.0
2021-22,312893,Amankwaa Akurugu,0,0.0,1.0,3.0,1.0,0.0,0.0
2021-22,162264,Amath Ndiaye,0,0.0,1.0,19.0,9.0,0.0,0.0
2021-22,283941,Ander Barrenetxea,0,1.0,1.0,11.0,6.0,0.0,0.0
2021-22,180289,Ander Capa,0,0.0,0.0,1.0,0.0,0.0,0.0
2021-22,260256,Ander Guevara,0,0.0,0.0,17.0,11.0,0.0,0.0
2021-22,301427,Ander Iru,0,0.0,0.0,0.0,0.0,0.0,0.0
2021-22,320766,Ander Martín,0,0.0,0.0,5.0,1.0,0.0,0.0
2021-22,245839,Andoni Gorosabel,0,0.0,4.0,32.0,25.0,0.0,0.0
2021-22,257237,Andriy Lunin,0,0.0,0.0,2.0,2.0,0.0,0.0
2021-22,76932,Andrés Guardado,0,0.0,1.0,28.0,17.0,0.0,0.0
2021-22,292957,Ansu Fati,0,4.0,0.0,10.0,3.0,0.0,0.0
2021-22,207288,Ante Budimir,0,8.0,2.0,28.0,20.0,0.0,0.0
2021-22,181140,Anthony Martial,0,0.0,1.0,9.0,7.0,0.0,0.0
2021-22,140416,Antoine Griezmann,0,3.0,4.0,29.0,24.0,0.0,0.0
2021-22,66521,Antonio Barragán,0,0.0,0.0,16.0,12.0,0.0,0.0
2021-22,265997,Antonio Blanco,0,0.0,0.0,1.0,0.0,0.0,0.0
2021-22,336230,Antonio Gomis,0,0.0,0.0,0.0,0.0,0.0,0.0
2021-22,332612,Antonio Leal,0,0.0,0.0,0.0,0.0,0.0,0.0
2021-22,333233,Antonio Marchena,0,0.0,0.0,0.0,0.0,0.0,0.0
2021-22,252541,Antonio Moya,0,0.0,1.0,28.0,17.0,0.0,0.0
2021-22,297361,Antonio Pacheco Ruiz,0,0.0,0.0,0.0,0.0,0.0,0.0
2021-22,184803,Antonio Puertas,0,6.0,1.0,33.0,25.0,0.0,0.0
2021-22,222333,Antonio Raíllo,0,2.0,0.0,17.0,17.0,0.0,0.0
2021-22,200910,Antonio Sivera,0,0.0,0.0,4.0,3.0,0.0,0.0
2021-22,279511,Antonio Sánchez,0,1.0,0.0,29.0,19.0,0.0,0.0
2021-22,332038,Antonio Vera Carrillo,0,0.0,0.0,0.0,0.0,0.0,0.0
2021-22,274244,Antonio Zarzana,0,0.0,0.0,0.0,0.0,0.0,0.0
2021-22,222423,Aridane Hernández,0,0.0,0.0,15.0,12.0,0.0,0.0
2021-22,214742,Aritz Elustondo,0,4.0,1.0,30.0,22.0,0.0,0.0
2021-22,300333,Arnau Comas,0,0.0,0.0,0.0,0.0,0.0,0.0
2021-22,290043,Arnau Tenas,0,0.0,0.0,0.0,0.0,0.0,0.0
2021-22,231618,Arnaut Danjuma,0,10.0,3.0,23.0,17.0,0.0,0.0
2021-22,148614,Asier Illarramendi,0,0.0,0.0,8.0,6.0,0.0,0.0
2021-22,222365,Asier Villalibre,0,2.0,0.0,19.0,3.0,0.0,0.0
2021-22,155009,Augusto Solari,0,0.0,0.0,26.0,4.0,0.0,0.0
2021-22,150451,Aïssa Mandi,0,1.0,0.0,17.0,14.0,0.0,0.0
2021-22,178579,Barbero,0,0.0,0.0,9.0,1.0,0.0,0.0
2021-22,149672,Bebé,0,1.0,2.0,29.0,6.0,0.0,0.0
2021-22,149517,Benjamin Lecomte,0,0.0,0.0,0.0,0.0,0.0,0.0
2021-22,318785,Beñat Prados,0,0.0,0.0,0.0,0.0,0.0,0.0
2021-22,297371,Beñat Turrientes,0,0.0,0.0,8.0,1.0,0.0,0.0
2021-22,214995,Borja Iglesias,0,10.0,0.0,33.0,18.0,0.0,0.0
2021-22,218793,Borja Mayoral,0,6.0,1.0,18.0,11.0,0.0,0.0
2021-22,282381,Boulaye Dia,0,5.0,5.0,25.0,13.0,0.0,0.0
2021-22,262729,Brais Méndez,0,4.0,5.0,37.0,36.0,0.0,0.0
2021-22,213067,Brian Oliván,0,1.0,0.0,28.0,24.0,0.0,0.0
2021-22,284429,Bryan Gil,0,0.0,1.0,13.0,9.0,0.0,0.0
2021-22,311571,Bryan Zaragoza,0,0.0,0.0,0.0,0.0,0.0,0.0
2021-22,122626,Cala,0,0.0,0.0,14.0,10.0,0.0,0.0
2021-22,233802,Carles Aleñá,0,1.0,2.0,33.0,30.0,0.0,0.0
2021-22,307514,Carles Marco,0,0.0,0.0,0.0,0.0,0.0,0.0
2021-22,309109,Carlo García,0,0.0,0.0,1.0,0.0,0.0,0.0
2021-22,187236,Carlos Akapo,0,0.0,0.0,25.0,21.0,0.0,0.0
2021-22,121232,Carlos Bacca,0,0.0,1.0,17.0,4.0,0.0,0.0
2021-22,333258,Carlos Benítez,0,0.0,0.0,0.0,0.0,0.0,0.0
2021-22,168363,Carlos Clerc,0,0.0,0.0,19.0,18.0,0.0,0.0
2021-22,312376,Carlos Domínguez,0,0.0,0.0,8.0,3.0,0.0,0.0
2021-22,197906,Carlos Fernández,0,0.0,0.0,0.0,0.0,0.0,0.0
2021-22,341079,Carlos Giménez,0,0.0,0.0,0.0,0.0,0.0,0.0
2021-22,324192,Carlos Martín,0,0.0,0.0,1.0,0.0,0.0,0.0
2021-22,283862,Carlos Neva,0,0.0,0.0,26.0,24.0,0.0,0.0
2021-22,235072,Carlos Soler,0,11.0,5.0,32.0,28.0,0.0,0.0
2021-22,173666,Casemiro,0,1.0,3.0,32.0,31.0,0.0,0.0
2021-22,316601,Cesar Gonzalez,0,0.0,0.0,0.0,0.0,0.0,0.0
2021-22,324506,Charly,0,0.0,0.0,0.0,0.0,0.0,0.0
2021-22,318356,Cheikh Diamanka,0,0.0,0.0,0.0,0.0,0.0,0.0
2021-22,117844,Cheikh Kane Sarr,0,0.0,0.0,0.0,0.0,0.0,0.0
2021-22,217588,Chimy Ávila,0,6.0,1.0,36.0,22.0,0.0,0.0
2021-22,313278,Chinchu,0,0.0,0.0,0.0,0.0,0.0,0.0
2021-22,207205,Choco Lozano,0,7.0,2.0,31.0,21.0,0.0,0.0
2021-22,34498,Christian Gómez,0,0.0,0.0,0.0,0.0,0.0,0.0
2021-22,85373,Claudio Bravo,0,0.0,0.0,17.0,17.0,0.0,0.0
2021-22,131751,Clément Grenier,0,1.0,0.0,5.0,0.0,0.0,0.0
2021-22,193917,Clément Lenglet,0,0.0,1.0,21.0,7.0,0.0,0.0
2021-22,125758,Coke,0,1.0,0.0,6.0,1.0,0.0,0.0
2021-22,329669,Coke Carrillo,0,0.0,0.0,0.0,0.0,0.0,0.0
2021-22,328497,Cristhian Mosquera,0,0.0,0.0,6.0,3.0,0.0,0.0
2021-22,331977,Cristian Gutiérrez,0,0.0,0.0,0.0,0.0,0.0,0.0
2021-22,132709,Cristian Tello,0,2.0,2.0,23.0,5.0,0.0,0.0
2021-22,83162,Cristo Romero,0,0.0,0.0,1.0,0.0,0.0,0.0
2021-22,330552,César Tárrega,0,0.0,0.0,0.0,0.0,0.0,0.0
2021-22,341269,Damián Rodríguez,0,0.0,0.0,0.0,0.0,0.0,0.0
2021-22,104899,Damián Suárez,0,0.0,3.0,35.0,31.0,0.0,0.0
2021-22,30901,Dani Alves,0,1.0,3.0,14.0,13.0,0.0,0.0
2021-22,168531,Dani Carvajal,0,1.0,3.0,24.0,17.0,0.0,0.0
2021-22,202717,Dani Ceballos,0,0.0,0.0,11.0,2.0,0.0,0.0
2021-22,192734,Dani García,0,0.0,0.0,32.0,27.0,0.0,0.0
2021-22,259841,Dani Gómez,0,4.0,2.0,28.0,11.0,0.0,0.0
2021-22,121020,Dani Parejo,0,2.0,10.0,33.0,32.0,0.0,0.0
2021-22,253763,Dani Raba,0,0.0,0.0,9.0,0.0,0.0,0.0
2021-22,144587,Dani Rodríguez,0,3.0,3.0,36.0,33.0,0.0,0.0
2021-22,332007,Dani Tasende,0,0.0,0.0,0.0,0.0,0.0,0.0
2021-22,274016,Dani Vivian,0,2.0,1.0,24.0,22.0,0.0,0.0
2021-22,192893,Daniel Cárdenas,0,0.0,0.0,24.0,24.0,0.0,0.0
2021-22,272915,Daniel Rebollo,0,0.0,0.0,0.0,0.0,0.0,0.0
2021-22,303968,Daniel Villahermosa,0,0.0,0.0,1.0,0.0,0.0,0.0
2021-22,153822,Daniel Wass,0,1.0,1.0,20.0,19.0,0.0,0.0
2021-22,281304,Dario Ramos,0,0.0,0.0,0.0,0.0,0.0,0.0
2021-22,151695,Darko Brasanac,0,1.0,2.0,35.0,27.0,0.0,0.0
2021-22,165517,Darwin Machis,0,4.0,2.0,25.0,16.0,0.0,0.0
2021-22,118444,David Alaba,0,2.0,3.0,30.0,30.0,0.0,0.0
2021-22,209582,David García,0,4.0,0.0,35.0,35.0,0.0,0.0
2021-22,195604,David Gil,0,0.0,0.0,0.0,0.0,0.0,0.0
2021-22,160740,David López,0,0.0,0.0,18.0,8.0,0.0,0.0
2021-22,43815,David Silva,0,2.0,4.0,25.0,22.0,0.0,0.0
2021-22,196339,David Soria,0,0.0,0.0,38.0,38.0,0.0,0.0
2021-22,163129,Denis Cheryshev,0,0.0,1.0,17.0,5.0,0.0,0.0
2021-22,163068,Denis Suárez,0,4.0,6.0,38.0,33.0,0.0,0.0
2021-22,303809,Diego Bri,0,0.0,0.0,0.0,0.0,0.0,0.0
2021-22,196860,Diego Carlos,0,3.0,0.0,34.0,34.0,0.0,0.0
2021-22,279660,Diego Conde,0,0.0,0.0,1.0,0.0,0.0,0.0
2021-22,231343,Diego González,0,0.0,0.0,28.0,19.0,0.0,0.0
2021-22,253830,Diego Lainez,0,0.0,0.0,7.0,1.0,0.0,0.0
2021-22,324504,Diego López,0,0.0,0.0,0.0,0.0,0.0,0.0
2021-22,328461,Diego López,0,0.0,0.0,0.0,0.0,0.0,0.0
2021-22,40547,Diego López,0,0.0,0.0,36.0,36.0,0.0,0.0
2021-22,332945,Diego Piñeiro,0,0.0,0.0,0.0,0.0,0.0,0.0
2021-22,193943,Diego Rico,0,0.0,0.0,21.0,19.0,0.0,0.0
2021-22,157739,Dimitri Foulquier,0,0.0,1.0,31.0,27.0,0.0,0.0
2021-22,181355,Djené,0,0.0,1.0,35.0,35.0,0.0,0.0
2021-22,219234,Domingos Duarte,0,1.0,0.0,21.0,19.0,0.0,0.0
2021-22,221278,Dominik Greif,0,0.0,0.0,1.0,1.0,0.0,0.0
2021-22,287029,Douglas Arezo,0,0.0,0.0,8.0,1.0,0.0,0.0
2021-22,131292,Dídac Vilà,0,0.0,0.0,9.0,1.0,0.0,0.0
2021-22,101390,Eden Hazard,0,0.0,1.0,18.0,7.0,0.0,0.0
2021-22,169785,Edgar Badía,0,0.0,0.0,24.0,24.0,0.0,0.0
2021-22,128669,Edgar González,0,1.0,1.0,21.0,14.0,0.0,0.0
2021-22,311104,Edgar Sevikyan,0,0.0,0.0,0.0,0.0,0.0,0.0
2021-22,285150,Eduardo Camavinga,0,2.0,1.0,26.0,13.0,0.0,0.0
2021-22,218122,Enes Ünal,0,16.0,1.0,37.0,33.0,0.0,0.0
2021-22,218104,Enis Bardhi,0,3.0,3.0,30.0,17.0,0.0,0.0
2021-22,290824,Enric Franquesa,0,0.0,0.0,16.0,6.0,0.0,0.0
2021-22,209580,Enrique Barja,0,2.0,0.0,21.0,9.0,0.0,0.0
2021-22,135422,Enrique García,0,5.0,1.0,33.0,18.0,0.0,0.0
2021-22,262147,Enrique Hermoso,0,1.0,0.0,1.0,1.0,0.0,0.0
2021-22,276636,Enrique Perez,0,2.0,0.0,12.0,5.0,0.0,0.0
2021-22,334163,Enrique Salas,0,0.0,0.0,0.0,0.0,0.0,0.0
2021-22,144559,Enzo Roco,0,1.0,0.0,30.0,29.0,0.0,0.0
2021-22,231697,Eray Cömert,0,0.0,0.0,8.0,5.0,0.0,0.0
2021-22,128714,Eric García,0,0.0,0.0,26.0,23.0,0.0,0.0
2021-22,207913,Erick Cabaco,0,0.0,1.0,10.0,5.0,0.0,0.0
2021-22,130870,Erik Lamela,0,5.0,2.0,20.0,10.0,0.0,0.0
2021-22,333244,Estanis Pedrola,0,0.0,0.0,1.0,0.0,0.0,0.0
2021-22,172509,Esteban Saveljich,0,0.0,0.0,21.0,21.0,0.0,0.0
2021-22,194553,Ezequiel Ponce,0,1.0,0.0,13.0,5.0,0.0,0.0
2021-22,290538,Facundo Pellistri,0,0.0,0.0,21.0,6.0,0.0,0.0
2021-22,222527,Fali,0,0.0,2.0,28.0,23.0,0.0,0.0
2021-22,208010,Fede San Emeterio,0,0.0,0.0,12.0,10.0,0.0,0.0
2021-22,235818,Federico Valverde,0,0.0,1.0,31.0,19.0,0.0,0.0
2021-22,196843,Felipe,0,2.0,1.0,26.0,15.0,0.0,0.0
2021-22,217475,Ferland Mendy,0,2.0,1.0,22.0,20.0,0.0,0.0
2021-22,124066,Fernando,0,1.0,1.0,24.0,21.0,0.0,0.0
2021-22,261199,Fernando Calero,0,0.0,0.0,16.0,13.0,0.0,0.0
2021-22,323837,Fernando Medrano Gastanaga,0,0.0,0.0,0.0,0.0,0.0,0.0
2021-22,301684,Fernando Niño,0,2.0,0.0,23.0,9.0,0.0,0.0
2021-22,153715,Fernando Pacheco,0,0.0,0.0,34.0,34.0,0.0,0.0
2021-22,279904,Ferran Jutglà,0,1.0,0.0,6.0,4.0,0.0,0.0
2021-22,265869,Ferran Torres,0,4.0,4.0,18.0,17.0,0.0,0.0
2021-22,332725,Ferrán Quetglas,0,0.0,0.0,0.0,0.0,0.0,0.0
2021-22,147491,Fidel,0,5.0,6.0,33.0,29.0,0.0,0.0
2021-22,304256,Filip Jørgensen,0,0.0,0.0,0.0,0.0,0.0,0.0
2021-22,256607,Florentino,0,0.0,1.0,22.0,9.0,0.0,0.0
2021-22,140754,Florian Lejeune,0,0.0,0.0,30.0,30.0,0.0,0.0
2021-22,182674,Florin Andone,0,0.0,0.0,5.0,1.0,0.0,0.0
2021-22,242383,Fran Beltrán,0,1.0,0.0,37.0,31.0,0.0,0.0
2021-22,213050,Fran García,0,1.0,0.0,34.0,34.0,0.0,0.0
2021-22,181842,Fran González,0,0.0,0.0,0.0,0.0,0.0,0.0
2021-22,92102,Fran Mérida,0,0.0,0.0,10.0,3.0,0.0,0.0
2021-22,121406,Francis Coquelin,0,2.0,1.0,20.0,8.0,0.0,0.0
2021-22,307479,Francisco Delgado,0,0.0,0.0,0.0,0.0,0.0,0.0
2021-22,204014,Franco Cervi,0,4.0,3.0,33.0,21.0,0.0,0.0
2021-22,276639,Franco Russo,0,1.0,0.0,19.0,17.0,0.0,0.0
2021-22,219022,Frenkie de Jong,0,3.0,3.0,32.0,30.0,0.0,0.0
2021-22,307381,Gabri Veiga,0,0.0,0.0,7.0,0.0,0.0,0.0
2021-22,192226,Gabriel Paulista,0,2.0,1.0,19.0,19.0,0.0,0.0
2021-22,309276,Gaizka Ayesa,0,0.0,0.0,0.0,0.0,0.0,0.0
2021-22,261165,Gaizka Campos,0,0.0,0.0,0.0,0.0,0.0,0.0
2021-22,77653,Gareth Bale,0,1.0,0.0,5.0,4.0,0.0,0.0
2021-22,195753,Gastón Álvarez,0,0.0,0.0,0.0,0.0,0.0,0.0
2021-22,323702,Gavi,0,2.0,5.0,34.0,28.0,0.0,0.0
2021-22,152270,Geoffrey Kondogbia,0,1.0,2.0,28.0,21.0,0.0,0.0
2021-22,300270,Gerard Fornés,0,0.0,0.0,0.0,0.0,0.0,0.0
2021-22,186181,Gerard Gumbau,0,0.0,4.0,31.0,20.0,0.0,0.0
2021-22,156172,Gerard Moreno,0,9.0,3.0,17.0,14.0,0.0,0.0
2021-22,45931,Gerard Piqué,0,1.0,0.0,27.0,25.0,0.0,0.0
2021-22,160132,Germán,0,2.0,1.0,32.0,25.0,0.0,0.0
2021-22,138341,Germán Pezzella,0,1.0,0.0,23.0,22.0,0.0,0.0
2021-22,297358,Germán Valera,0,0.0,0.0,3.0,0.0,0.0,0.0
2021-22,167192,Gerónimo Rulli,0,0.0,0.0,32.0,32.0,0.0,0.0
2021-22,330786,Giorgi Gagua,0,0.0,0.0,0.0,0.0,0.0,0.0
2021-22,258923,Giorgi Kochorashvili,0,0.0,0.0,0.0,0.0,0.0,0.0
2021-22,274742,Giorgi Mamardashvili,0,0.0,0.0,18.0,18.0,0.0,0.0
2021-22,207343,Giovani Lo Celso,0,1.0,1.0,16.0,11.0,0.0,0.0
2021-22,208642,Giovanni González,0,1.0,0.0,9.0,3.0,0.0,0.0
2021-22,323838,Giuliano Simeone,0,0.0,0.0,1.0,0.0,0.0,0.0
2021-22,184767,Gonzalo Escalante,0,5.0,0.0,17.0,15.0,0.0,0.0
2021-22,119045,Gonzalo Melero,0,7.0,2.0,29.0,20.0,0.0,0.0
2021-22,228262,Gonzalo Montiel,0,1.0,2.0,18.0,15.0,0.0,0.0
2021-22,217232,Gonzalo Verdú,0,0.0,0.0,19.0,16.0,0.0,0.0
2021-22,273424,Gonzalo Villar,0,0.0,1.0,10.0,2.0,0.0,0.0
2021-22,213141,Gonçalo Guedes,0,11.0,6.0,36.0,30.0,0.0,0.0
2021-22,316796,Gori,0,0.0,0.0,1.0,0.0,0.0,0.0
2021-22,154738,Guido Carrillo,0,2.0,0.0,29.0,11.0,0.0,0.0
2021-22,212185,Guido Rodríguez,0,1.0,2.0,32.0,29.0,0.0,0.0
2021-22,283819,Guillem Jaime,0,0.0,0.0,0.0,0.0,0.0,0.0
2021-22,197051,Helibelton Palacios,0,0.0,0.0,26.0,22.0,0.0,0.0
2021-22,267477,Hugo Duro,0,7.0,1.0,31.0,22.0,0.0,0.0
2021-22,324811,Hugo Gonzalez,0,0.0,0.0,0.0,0.0,0.0,0.0
2021-22,265985,Hugo Guillamón,0,1.0,0.0,31.0,28.0,0.0,0.0
2021-22,140271,Hugo Mallo,0,1.0,1.0,21.0,21.0,0.0,0.0
2021-22,319114,Hugo Sotelo,0,0.0,0.0,1.0,0.0,0.0,0.0
2021-22,188391,Hugo Álvarez,0,0.0,0.0,1.0,0.0,0.0,0.0
2021-22,178978,Héctor Bellerín,0,0.0,2.0,23.0,22.0,0.0,0.0
2021-22,146866,Héctor Herrera,0,0.0,0.0,21.0,8.0,0.0,0.0
2021-22,204680,Hélder Costa,0,0.0,1.0,22.0,13.0,0.0,0.0
2021-22,92800,Iago Aspas,0,18.0,6.0,37.0,36.0,0.0,0.0
2021-22,332290,Ibrahima Camara,0,0.0,0.0,0.0,0.0,0.0,0.0
2021-22,278206,Iddrisu Baba,0,1.0,1.0,26.0,23.0,0.0,0.0
2021-22,235693,Igor Zubeldia,0,0.0,1.0,26.0,19.0,0.0,0.0
2021-22,333379,Iker Benito,0,0.0,0.0,4.0,1.0,0.0,0.0
2021-22,139419,Iker Muniain,0,4.0,10.0,35.0,34.0,0.0,0.0
2021-22,310837,Iker Ortega,0,0.0,0.0,0.0,0.0,0.0,0.0
2021-22,24278,Iker Álvarez,0,0.0,0.0,0.0,0.0,0.0,0.0
2021-22,297829,Ilaix Moriba,0,0.0,0.0,14.0,9.0,0.0,0.0
2021-22,331047,Ilias Akhomach,0,0.0,0.0,2.0,2.0,0.0,0.0
2021-22,143564,Isco,0,1.0,0.0,14.0,3.0,0.0,0.0
2021-22,264197,Isi Palazón,0,2.0,4.0,34.0,27.0,0.0,0.0
2021-22,108464,Isma Ruiz,0,0.0,0.0,8.0,3.0,0.0,0.0
2021-22,102251,Ivan Rakitić,0,4.0,6.0,35.0,26.0,0.0,0.0
2021-22,206473,Iván Alejo,0,2.0,2.0,20.0,11.0,0.0,0.0
2021-22,158151,Iván Balliu,0,1.0,2.0,35.0,35.0,0.0,0.0
2021-22,324482,Iván Chapela,0,0.0,0.0,9.0,4.0,0.0,0.0
2021-22,127893,Iván Marcone,0,0.0,0.0,20.0,10.0,0.0,0.0
2021-22,311054,Iván Romero,0,0.0,0.0,5.0,2.0,0.0,0.0
2021-22,333234,Iván Sanz,0,0.0,0.0,0.0,0.0,0.0,0.0
2021-22,222384,Iza,0,0.0,1.0,25.0,17.0,0.0,0.0
2021-22,214412,Iñaki Williams,0,8.0,5.0,38.0,32.0,0.0,0.0
2021-22,222369,Iñigo Lekue,0,0.0,2.0,25.0,22.0,0.0,0.0
2021-22,165562,Iñigo Martínez,0,3.0,0.0,27.0,26.0,0.0,0.0
2021-22,157708,Iñigo Ruiz de Galarreta,0,0.0,0.0,22.0,17.0,0.0,0.0
2021-22,196915,Jaime Mata,0,1.0,0.0,22.0,4.0,0.0,0.0
2021-22,210389,Jakub Jankto,0,0.0,2.0,14.0,6.0,0.0,0.0
2021-22,149622,Jan Oblak,0,0.0,0.0,38.0,38.0,0.0,0.0
2021-22,290048,Jandro Orellana,0,0.0,0.0,0.0,0.0,0.0,0.0
2021-22,186840,Jason,0,0.0,1.0,19.0,11.0,0.0,0.0
2021-22,137783,Jasper Cillessen,0,0.0,1.0,17.0,17.0,0.0,0.0
2021-22,103897,Jaume Costa,0,0.0,4.0,25.0,21.0,0.0,0.0
2021-22,173750,Jaume Doménech,0,0.0,0.0,4.0,3.0,0.0,0.0
2021-22,231838,Javi Galán,0,0.0,3.0,37.0,37.0,0.0,0.0
2021-22,331154,Javi Llabrés,0,0.0,0.0,5.0,1.0,0.0,0.0
2021-22,297354,Javi López,0,0.0,0.0,9.0,4.0,0.0,0.0
2021-22,128374,Javier Castro,0,0.0,0.0,0.0,0.0,0.0,0.0
2021-22,96595,Javier Díaz,0,0.0,0.0,1.0,1.0,0.0,0.0
2021-22,16340,Javier Guerra,0,0.0,0.0,0.0,0.0,0.0,0.0
2021-22,278205,Javier Martínez,0,1.0,1.0,26.0,9.0,0.0,0.0
2021-22,102829,Javier Pastore,0,0.0,0.0,13.0,6.0,0.0,0.0
2021-22,260243,Javier Puado,0,4.0,1.0,30.0,26.0,0.0,0.0
2021-22,323840,Javier Serrano,0,0.0,0.0,5.0,1.0,0.0,0.0
2021-22,182466,Jens Jonsson,0,0.0,1.0,22.0,17.0,0.0,0.0
2021-22,195621,Jeremias Ledesma,0,0.0,0.0,38.0,38.0,0.0,0.0
2021-22,28065,Jesus Lopez,0,0.0,0.0,0.0,0.0,0.0,0.0
2021-22,300876,Jesús Areso,0,0.0,0.0,3.0,2.0,0.0,0.0
2021-22,117977,Jesús Corona,0,2.0,4.0,18.0,12.0,0.0,0.0
2021-22,37449,Jesús Navas,0,0.0,3.0,25.0,19.0,0.0,0.0
2021-22,287165,Jesús Owono,0,0.0,0.0,1.0,1.0,0.0,0.0
2021-22,209592,Jesús Vallejo,0,0.0,0.0,5.0,4.0,0.0,0.0
2021-22,189804,Jesús Vázquez,0,0.0,0.0,15.0,8.0,0.0,0.0
2021-22,297362,Joan García,0,0.0,0.0,2.0,1.0,0.0,0.0
2021-22,208850,Joan Jordán,0,0.0,2.0,36.0,31.0,0.0,0.0
2021-22,333588,Joan Rojas,0,0.0,0.0,0.0,0.0,0.0,0.0
2021-22,28261,Joao Costa,0,0.0,0.0,0.0,0.0,0.0,0.0
2021-22,12418,Joaquín,0,0.0,1.0,21.0,2.0,0.0,0.0
2021-22,141624,Joel Robles,0,0.0,0.0,0.0,0.0,0.0,0.0
2021-22,307270,Jofre Carreras,0,0.0,1.0,3.0,0.0,0.0,0.0
2021-22,173247,Johan Mojica,0,2.0,5.0,33.0,32.0,0.0,0.0
2021-22,311996,John Donald,0,0.0,0.0,2.0,2.0,0.0,0.0
2021-22,313053,John Finn,0,0.0,0.0,0.0,0.0,0.0,0.0
2021-22,146893,John Guidetti,0,0.0,0.0,10.0,2.0,0.0,0.0
2021-22,209578,Jokin Ezkieta,0,0.0,0.0,0.0,0.0,0.0,0.0
2021-22,317784,Jon Ander Olasagasti,0,0.0,0.0,0.0,0.0,0.0,0.0
2021-22,254320,Jon Guridi,0,1.0,0.0,8.0,1.0,0.0,0.0
2021-22,324350,Jon Karrikaburu,0,0.0,0.0,0.0,0.0,0.0,0.0
2021-22,286176,Jon Moncayola,0,2.0,3.0,36.0,33.0,0.0,0.0
2021-22,297359,Jon Pacheco,0,0.0,0.0,10.0,4.0,0.0,0.0
2021-22,180734,Jonathan Gomez,0,0.0,0.0,0.0,0.0,0.0,0.0
2021-22,79997,Jonathan Silva,0,0.0,0.0,9.0,1.0,0.0,0.0
2021-22,143472,Jonás Ramalho,0,0.0,0.0,3.0,3.0,0.0,0.0
2021-22,121021,Jordi Alba,0,2.0,10.0,30.0,30.0,0.0,0.0
2021-22,252031,Jorge Cuenca,0,1.0,0.0,32.0,31.0,0.0,0.0
2021-22,173660,Jorge Miramón,0,1.0,0.0,29.0,22.0,0.0,0.0
2021-22,116111,Jorge Molina,0,10.0,5.0,35.0,19.0,0.0,0.0
2021-22,260740,Jorge de Frutos,0,4.0,7.0,25.0,20.0,0.0,0.0
2021-22,214330,Josan,0,2.0,3.0,31.0,10.0,0.0,0.0
2021-22,193463,Joseba Zaldúa,0,0.0,0.0,24.0,14.0,0.0,0.0
2021-22,336058,Joseda Álvarez,0,0.0,0.0,0.0,0.0,0.0,0.0
2021-22,134939,Joselu,0,14.0,4.0,37.0,35.0,0.0,0.0
2021-22,312968,Josep Gaya,0,0.0,0.0,1.0,1.0,0.0,0.0
2021-22,219309,Joseph Aidoo,0,0.0,0.0,32.0,30.0,0.0,0.0
2021-22,259916,José Antonio Morente,0,3.0,3.0,32.0,18.0,0.0,0.0
2021-22,158259,José Campaña,0,2.0,2.0,20.0,16.0,0.0,0.0
2021-22,301904,José Fontán,0,0.0,0.0,9.0,3.0,0.0,0.0
2021-22,178747,José Gayà,0,2.0,4.0,24.0,22.0,0.0,0.0
2021-22,333226,José Luis Friaza,0,0.0,0.0,0.0,0.0,0.0,0.0
2021-22,184640,José Luis Morales,0,13.0,7.0,35.0,31.0,0.0,0.0
2021-22,325390,José Manuel,0,0.0,0.0,0.0,0.0,0.0,0.0
2021-22,177704,José Marí,0,0.0,0.0,11.0,4.0,0.0,0.0
2021-22,188398,José María Giménez,0,1.0,1.0,24.0,24.0,0.0,0.0
2021-22,297355,José Menargues,0,0.0,0.0,0.0,0.0,0.0,0.0
2021-22,130213,José Ángel,0,1.0,1.0,23.0,12.0,0.0,0.0
2021-22,250508,José Ángel Carmona,0,0.0,0.0,1.0,0.0,0.0,0.0
2021-22,276350,João Félix,0,8.0,4.0,24.0,13.0,0.0,0.0
2021-22,324124,Juan Artola,0,0.0,0.0,0.0,0.0,0.0,0.0
2021-22,334268,Juan Carlos Arana,0,0.0,0.0,0.0,0.0,0.0,0.0
2021-22,155392,Juan Cruz,0,0.0,0.0,23.0,22.0,0.0,0.0
2021-22,303835,Juan Flere,0,0.0,0.0,0.0,0.0,0.0,0.0
2021-22,242710,Juan Foyth,0,1.0,1.0,25.0,22.0,0.0,0.0
2021-22,279738,Juan Iglesias,0,0.0,1.0,20.0,7.0,0.0,0.0
2021-22,335235,Juan Latasa,0,0.0,0.0,1.0,0.0,0.0,0.0
2021-22,332014,Juan María Alcedo,0,0.0,0.0,0.0,0.0,0.0,0.0
2021-22,261616,Juan Miranda,0,0.0,2.0,13.0,9.0,0.0,0.0
2021-22,218563,Juan Pérez,0,0.0,0.0,2.0,2.0,0.0,0.0
2021-22,303804,Juanlu Sanchez,0,0.0,0.0,1.0,0.0,0.0,0.0
2021-22,143643,Juanmi,0,16.0,4.0,33.0,26.0,0.0,0.0
2021-22,323970,Julen Agirrezabala,0,0.0,0.0,4.0,4.0,0.0,0.0
2021-22,301869,Julen Lobete,0,2.0,0.0,13.0,2.0,0.0,0.0
2021-22,231692,Jules Koundé,0,2.0,1.0,32.0,31.0,0.0,0.0
2021-22,46858,Karim Benzema,0,27.0,13.0,32.0,31.0,0.0,0.0
2021-22,163961,Karim Rekik,0,0.0,2.0,18.0,11.0,0.0,0.0
2021-22,250676,Keidi Bare,0,1.0,1.0,25.0,18.0,0.0,0.0
2021-22,219074,Kevin Vázquez,0,0.0,1.0,17.0,16.0,0.0,0.0
2021-22,87703,Kiko Casilla,0,0.0,0.0,14.0,14.0,0.0,0.0
2021-22,288920,Koba Koindredi,0,0.0,0.0,10.0,1.0,0.0,0.0
2021-22,140791,Koke,0,1.0,2.0,31.0,29.0,0.0,0.0
2021-22,173614,Kévin Rodrigues,0,0.0,0.0,13.0,5.0,0.0,0.0
2021-22,308182,Lanchi,0,0.0,0.0,0.0,0.0,0.0,0.0
2021-22,238804,Landry Dimata,0,0.0,0.0,17.0,4.0,0.0,0.0
2021-22,332240,Lassina Sangare,0,0.0,0.0,0.0,0.0,0.0,0.0
2021-22,330458,Lazar Carevic,0,0.0,0.0,0.0,0.0,0.0,0.0
2021-22,133259,Leandro Cabrera,0,2.0,0.0,37.0,37.0,0.0,0.0
2021-22,274197,Lee Kang-In,0,1.0,2.0,30.0,15.0,0.0,0.0
2021-22,300926,Leo Román,0,0.0,0.0,2.0,2.0,0.0,0.0
2021-22,334183,Lilian De Palmas,0,0.0,0.0,0.0,0.0,0.0,0.0
2021-22,279750,Lluis Andreu,0,0.0,0.0,0.0,0.0,0.0,0.0
2021-22,327900,Lluís Recasens,0,0.0,0.0,1.0,0.0,0.0,0.0
2021-22,261112,Lorenzo Morón,0,1.0,0.0,22.0,4.0,0.0,0.0
2021-22,341333,Luca Koleosho,0,0.0,0.0,1.0,0.0,0.0,0.0
2021-22,225561,Luca Zidane,0,0.0,0.0,8.0,8.0,0.0,0.0
2021-22,207236,Lucas Boyé,0,7.0,4.0,24.0,22.0,0.0,0.0
2021-22,298908,Lucas De Vega,0,0.0,0.0,0.0,0.0,0.0,0.0
2021-22,159263,Lucas Ocampos,0,6.0,4.0,30.0,23.0,0.0,0.0
2021-22,171508,Lucas Olaza,0,1.0,0.0,5.0,3.0,0.0,0.0
2021-22,184825,Lucas Pérez,0,5.0,3.0,33.0,27.0,0.0,0.0
2021-22,170154,Lucas Torró,0,1.0,0.0,33.0,32.0,0.0,0.0
2021-22,174967,Lucas Vázquez,0,3.0,0.0,29.0,20.0,0.0,0.0
2021-22,192475,Ludwig Augustinsson,0,0.0,1.0,19.0,9.0,0.0,0.0
2021-22,333260,Luis Bilbao,0,0.0,0.0,0.0,0.0,0.0,0.0
2021-22,324166,Luis Cruz,0,0.0,0.0,2.0,0.0,0.0,0.0
2021-22,136291,Luis Hernández,0,0.0,0.0,16.0,15.0,0.0,0.0
2021-22,304321,Luis López,0,0.0,0.0,0.0,0.0,0.0,0.0
2021-22,264211,Luis Milla,0,3.0,3.0,34.0,33.0,0.0,0.0
2021-22,264177,Luis Rioja,0,1.0,3.0,37.0,36.0,0.0,0.0
2021-22,125088,Luis Suárez,0,11.0,2.0,35.0,20.0,0.0,0.0
2021-22,272722,Luis Suárez,0,8.0,4.0,37.0,34.0,0.0,0.0
2021-22,221332,Luka Jovic,0,1.0,3.0,15.0,1.0,0.0,0.0
2021-22,76762,Luka Modric,0,2.0,8.0,28.0,25.0,0.0,0.0
2021-22,127420,Luuk de Jong,0,6.0,0.0,21.0,6.0,0.0,0.0
2021-22,256604,Luís Maximiano,0,0.0,0.0,35.0,35.0,0.0,0.0
2021-22,124228,Mamadou Loum,0,2.0,0.0,32.0,26.0,0.0,0.0
2021-22,218438,Mamadou Sylla,0,0.0,0.0,25.0,5.0,0.0,0.0
2021-22,76979,Manolo Reina,0,0.0,0.0,21.0,21.0,0.0,0.0
2021-22,222659,Manu García,0,0.0,1.0,24.0,10.0,0.0,0.0
2021-22,312144,Manu Lama,0,0.0,0.0,0.0,0.0,0.0,0.0
2021-22,268753,Manu Morlanes,0,2.0,0.0,27.0,11.0,0.0,0.0
2021-22,300985,Manu Sánchez,0,1.0,3.0,33.0,25.0,0.0,0.0
2021-22,158605,Manu Trigueros,0,6.0,4.0,35.0,27.0,0.0,0.0
2021-22,232388,Manu Vallejo,0,1.0,1.0,20.0,2.0,0.0,0.0
2021-22,282620,Manuel Navarro,0,0.0,0.0,0.0,0.0,0.0,0.0
2021-22,145078,Marc Bartra,0,1.0,0.0,23.0,23.0,0.0,0.0
2021-22,300297,Marc Baró,0,0.0,0.0,0.0,0.0,0.0,0.0
2021-22,328298,Marc Carmona,0,0.0,0.0,0.0,0.0,0.0,0.0
2021-22,332613,Marc Pubill,0,0.0,1.0,11.0,5.0,0.0,0.0
2021-22,340664,Marc Urena,0,0.0,0.0,3.0,0.0,0.0,0.0
2021-22,140740,Marc-André ter Stegen,0,0.0,0.0,35.0,35.0,0.0,0.0
2021-22,77641,Marcelo,0,0.0,2.0,12.0,5.0,0.0,0.0
2021-22,219270,Marcelo Saracchi,0,0.0,1.0,4.0,2.0,0.0,0.0
2021-22,195821,Marco Asensio,0,10.0,0.0,31.0,19.0,0.0,0.0
2021-22,294932,Marco Moreno,0,0.0,0.0,0.0,0.0,0.0,0.0
2021-22,157557,Marcos Acuña,0,1.0,3.0,31.0,26.0,0.0,0.0
2021-22,264168,Marcos André,0,1.0,3.0,29.0,8.0,0.0,0.0
2021-22,338809,Marcos Fernández,0,0.0,0.0,0.0,0.0,0.0,0.0
2021-22,206474,Marcos Llorente,0,0.0,2.0,29.0,29.0,0.0,0.0
2021-22,198832,Mariano,0,1.0,1.0,9.0,3.0,0.0,0.0
2021-22,133180,Mario,0,0.0,0.0,12.0,7.0,0.0,0.0
2021-22,340197,Mario Dominguez,0,0.0,0.0,2.0,0.0,0.0,0.0
2021-22,324097,Mario Gila,0,0.0,0.0,2.0,0.0,0.0,0.0
2021-22,222529,Mario Hermoso,0,2.0,1.0,26.0,21.0,0.0,0.0
2021-22,131417,Mario Hernández,0,1.0,0.0,9.0,5.0,0.0,0.0
2021-22,71983,Mario Suárez,0,0.0,0.0,14.0,8.0,0.0,0.0
2021-22,179211,Marko Dmitrovic,0,0.0,0.0,6.0,6.0,0.0,0.0
2021-22,187100,Martin Braithwaite,0,2.0,1.0,4.0,3.0,0.0,0.0
2021-22,193397,Martin Valjent,0,0.0,0.0,36.0,36.0,0.0,0.0
2021-22,251921,Martín Aguirregabiria,0,0.0,1.0,24.0,17.0,0.0,0.0
2021-22,103029,Martín Cáceres,0,0.0,0.0,10.0,9.0,0.0,0.0
2021-22,277518,Martín Merquelanz,0,0.0,0.0,4.0,3.0,0.0,0.0
2021-22,137425,Martín Montoya,0,0.0,1.0,6.0,6.0,0.0,0.0
2021-22,287266,Martín Zubimendi,0,2.0,1.0,36.0,26.0,0.0,0.0
2021-22,259902,Matheus Cunha,0,6.0,4.0,29.0,8.0,0.0,0.0
2021-22,141438,Mathew Ryan,0,0.0,0.0,3.0,3.0,0.0,0.0
2021-22,234881,Mathías Olivera,0,1.0,3.0,32.0,32.0,0.0,0.0
2021-22,187273,Matt Miazga,0,0.0,0.0,11.0,9.0,0.0,0.0
2021-22,310964,Matthew Hoppe,0,0.0,1.0,5.0,1.0,0.0,0.0
2021-22,173749,Matías Dituro,0,0.0,0.0,38.0,38.0,0.0,0.0
2021-22,199775,Mauro Arambarri,0,0.0,5.0,31.0,31.0,0.0,0.0
2021-22,239216,Max Svensson,0,0.0,0.0,0.0,0.0,0.0,0.0
2021-22,67183,Maxi Gómez,0,5.0,1.0,29.0,21.0,0.0,0.0
2021-22,131748,Maxime Gonalons,0,0.0,2.0,25.0,20.0,0.0,0.0
2021-22,159255,Memphis Depay,0,12.0,2.0,28.0,20.0,0.0,0.0
2021-22,195803,Mickael Malsa,0,1.0,2.0,26.0,11.0,0.0,0.0
2021-22,290044,Miguel Gutiérrez,0,0.0,1.0,3.0,3.0,0.0,0.0
2021-22,333840,Miguel Martín García,0,0.0,0.0,0.0,0.0,0.0,0.0
2021-22,277717,Miguel de la Fuente,0,1.0,1.0,22.0,10.0,0.0,0.0
2021-22,340205,Miguel Ángel Brau,0,0.0,0.0,0.0,0.0,0.0,0.0
2021-22,231416,Miguelón,0,0.0,0.0,2.0,1.0,0.0,0.0
2021-22,332573,Mika Mármol,0,0.0,0.0,1.0,0.0,0.0,0.0
2021-22,126441,Mikel Balenziaga,0,0.0,0.0,26.0,23.0,0.0,0.0
2021-22,209581,Mikel Merino,0,3.0,2.0,34.0,33.0,0.0,0.0
2021-22,229018,Mikel Oyarzabal,0,9.0,3.0,22.0,19.0,0.0,0.0
2021-22,222373,Mikel Vesga,0,2.0,0.0,32.0,17.0,0.0,0.0
2021-22,169089,Moi Gómez,0,2.0,2.0,29.0,13.0,0.0,0.0
2021-22,241117,Mouctar Diakhaby,0,0.0,1.0,29.0,21.0,0.0,0.0
2021-22,193782,Munir El Haddadi,0,2.0,0.0,16.0,4.0,0.0,0.0
2021-22,275500,Myrto Uzuni,0,1.0,1.0,15.0,9.0,0.0,0.0
2021-22,189025,Nabil Fekir,0,6.0,9.0,34.0,33.0,0.0,0.0
2021-22,157710,Nacho,0,3.0,0.0,28.0,17.0,0.0,0.0
2021-22,85361,Nacho Monreal,0,0.0,0.0,0.0,0.0,0.0,0.0
2021-22,332016,Nacho Quintana,0,0.0,0.0,0.0,0.0,0.0,0.0
2021-22,240102,Nacho Vidal,0,0.0,1.0,35.0,33.0,0.0,0.0
2021-22,262491,Nahuel Tenaglia,0,0.0,0.0,14.0,12.0,0.0,0.0
2021-22,136673,Nemanja Gudelj,0,0.0,0.0,21.0,9.0,0.0,0.0
2021-22,219538,Nemanja Maksimovic,0,1.0,2.0,35.0,34.0,0.0,0.0
2021-22,207894,Nemanja Radoja,0,0.0,0.0,19.0,17.0,0.0,0.0
2021-22,138398,Neto,0,0.0,0.0,3.0,3.0,0.0,0.0
2021-22,278060,Neyder Lozano,0,0.0,0.0,0.0,0.0,0.0,0.0
2021-22,323986,Nico González,0,2.0,1.0,27.0,12.0,0.0,0.0
2021-22,323971,Nico Serrano,0,1.0,0.0,14.0,3.0,0.0,0.0
2021-22,312146,Nico Williams,0,0.0,0.0,34.0,11.0,0.0,0.0
2021-22,308524,Nicolas Jackson,0,0.0,0.0,9.0,0.0,0.0,0.0
2021-22,290565,Nicolás Melamed,0,2.0,0.0,31.0,7.0,0.0,0.0
2021-22,304369,Nikita Iosifov,0,0.0,0.0,1.0,0.0,0.0,0.0
2021-22,235307,Nikola Maras,0,0.0,0.0,16.0,11.0,0.0,0.0
2021-22,185110,Nikola Vukcevic,0,0.0,0.0,6.0,0.0,0.0,0.0
2021-22,291984,Njegos Petrovic,0,0.0,1.0,15.0,10.0,0.0,0.0
2021-22,150227,Nolito,0,2.0,0.0,32.0,15.0,0.0,0.0
2021-22,281113,Näis Djouahra,0,0.0,0.0,7.0,1.0,0.0,0.0
2021-22,164331,Néstor Araujo,0,0.0,0.0,34.0,29.0,0.0,0.0
2021-22,127185,Oier,0,1.0,0.0,25.0,8.0,0.0,0.0
2021-22,113699,Oier Olazábal,0,0.0,0.0,2.0,1.0,0.0,0.0
2021-22,306579,Oier Zarraga,0,1.0,0.0,31.0,8.0,0.0,0.0
2021-22,291616,Oihan Sancet,0,6.0,4.0,27.0,16.0,0.0,0.0
2021-22,169512,Okay Yokuslu,0,0.0,0.0,19.0,6.0,0.0,0.0
2021-22,215401,Omar Alderete,0,2.0,0.0,29.0,28.0,0.0,0.0
2021-22,333259,Omar Faraj,0,0.0,0.0,1.0,0.0,0.0,0.0
2021-22,174966,Omar Mascarell,0,0.0,0.0,32.0,30.0,0.0,0.0
2021-22,207011,Orbelín Pineda,0,0.0,0.0,7.0,0.0,0.0,0.0
2021-22,198741,Oscar Medina,0,0.0,0.0,0.0,0.0,0.0,0.0
2021-22,229744,Ousmane Dembélé,0,1.0,13.0,21.0,15.0,0.0,0.0
2021-22,229552,Oussama Idrissi,0,1.0,1.0,17.0,13.0,0.0,0.0
2021-22,336634,Pablo Barrios,0,0.0,0.0,0.0,0.0,0.0,0.0
2021-22,316040,Pablo Cuñat,0,0.0,0.0,0.0,0.0,0.0,0.0
2021-22,325018,Pablo Gálvez,0,0.0,0.0,0.0,0.0,0.0,0.0
2021-22,222661,Pablo Maffeo,0,1.0,3.0,35.0,35.0,0.0,0.0
2021-22,332037,Pablo Montero,0,0.0,0.0,0.0,0.0,0.0,0.0
2021-22,90864,Pablo Piatti,0,0.0,0.0,10.0,3.0,0.0,0.0
2021-22,45242,Pablo Picón,0,0.0,0.0,0.0,0.0,0.0,0.0
2021-22,303888,Pablo Pérez Rico,0,0.0,0.0,0.0,0.0,0.0,0.0
2021-22,199790,Pacha Espino,0,2.0,2.0,37.0,37.0,0.0,0.0
2021-22,150506,Paco Alcácer,0,1.0,3.0,18.0,10.0,0.0,0.0
2021-22,294228,Pathé Ciss,0,2.0,1.0,31.0,11.0,0.0,0.0
2021-22,310871,Pau Martínez,0,0.0,0.0,0.0,0.0,0.0,0.0
2021-22,251100,Pau Torres,0,5.0,1.0,33.0,33.0,0.0,0.0
2021-22,284942,Paul Akouokou,0,0.0,0.0,8.0,6.0,0.0,0.0
2021-22,250465,Pedri,0,3.0,1.0,12.0,10.0,0.0,0.0
2021-22,330246,Pedro Alemañ,0,0.0,0.0,0.0,0.0,0.0,0.0
2021-22,296662,Pedro Benito,0,0.0,0.0,1.0,0.0,0.0,0.0
2021-22,167297,Pedro Bigas,0,1.0,0.0,19.0,19.0,0.0,0.0
2021-22,105756,Pedro Ortiz,0,0.0,0.0,1.0,0.0,0.0,0.0
2021-22,300877,Pepe Sanchez,0,0.0,0.0,0.0,0.0,0.0,0.0
2021-22,231603,Pepelu,0,0.0,0.0,29.0,23.0,0.0,0.0
2021-22,298080,Pere García Bauzá,0,0.0,0.0,0.0,0.0,0.0,0.0
2021-22,196914,Pere Milla,0,8.0,3.0,32.0,17.0,0.0,0.0
2021-22,178565,Pere Pons,0,1.0,0.0,27.0,17.0,0.0,0.0
2021-22,214689,Pervis Estupiñán,0,0.0,1.0,28.0,17.0,0.0,0.0
2021-22,332892,Peter Federico,0,0.0,0.0,3.0,0.0,0.0,0.0
2021-22,122260,Pierre-Emerick Aubameyang,0,11.0,1.0,17.0,13.0,0.0,0.0
2021-22,152166,Portu,0,1.0,2.0,37.0,17.0,0.0,0.0
2021-22,174972,Quini,0,0.0,1.0,32.0,27.0,0.0,0.0
2021-22,87706,Radamel Falcao,0,6.0,0.0,22.0,8.0,0.0,0.0
2021-22,297360,Rafa Marín,0,0.0,0.0,0.0,0.0,0.0,0.0
2021-22,230974,Rafa Mir,0,10.0,0.0,34.0,18.0,0.0,0.0
2021-22,154814,Rafinha,0,1.0,0.0,17.0,13.0,0.0,0.0
2021-22,276847,Randy Nteka,0,3.0,0.0,34.0,16.0,0.0,0.0
2021-22,41970,Raúl Albiol,0,0.0,0.0,28.0,28.0,0.0,0.0
2021-22,296163,Raúl García,0,0.0,0.0,1.0,0.0,0.0,0.0
2021-22,45927,Raúl García,0,6.0,2.0,35.0,24.0,0.0,0.0
2021-22,210021,Raúl Guti,0,0.0,0.0,31.0,17.0,0.0,0.0
2021-22,312008,Raúl Parra,0,0.0,0.0,2.0,1.0,0.0,0.0
2021-22,310024,Raúl Torrente,0,0.0,0.0,18.0,15.0,0.0,0.0
2021-22,174971,Raúl de Tomás,0,18.0,3.0,34.0,33.0,0.0,0.0
2021-22,230081,Reinildo Mandava,0,0.0,0.0,17.0,15.0,0.0,0.0
2021-22,245858,Renan Lodi,0,2.0,2.0,29.0,13.0,0.0,0.0
2021-22,181557,Renato Tapia,0,0.0,0.0,29.0,13.0,0.0,0.0
2021-22,270611,Ricard Puig,0,1.0,0.0,15.0,2.0,0.0,0.0
2021-22,276996,Robert Navarro,0,0.0,0.0,6.0,3.0,0.0,0.0
2021-22,42042,Roberto Soldado,0,3.0,2.0,18.0,7.0,0.0,0.0
2021-22,169321,Roberto Torres,0,2.0,2.0,28.0,6.0,0.0,0.0
2021-22,214888,Robin Le Normand,0,1.0,1.0,37.0,37.0,0.0,0.0
2021-22,121194,Rodri Sánchez,0,1.0,2.0,21.0,10.0,0.0,0.0
2021-22,152706,Rodrigo Battaglia,0,0.0,0.0,26.0,12.0,0.0,0.0
2021-22,174466,Rodrigo De Paul,0,3.0,1.0,36.0,24.0,0.0,0.0
2021-22,267804,Rodrygo,0,4.0,4.0,33.0,17.0,0.0,0.0
2021-22,169533,Roger Martí,0,7.0,3.0,29.0,25.0,0.0,0.0
2021-22,332036,Roger Martínez,0,0.0,0.0,0.0,0.0,0.0,0.0
2021-22,270821,Ronald Araújo,0,4.0,0.0,30.0,25.0,0.0,0.0
2021-22,214317,Rubén Alcaraz,0,2.0,0.0,14.0,12.0,0.0,0.0
2021-22,167069,Rubén Blanco,0,0.0,0.0,0.0,0.0,0.0,0.0
2021-22,177553,Rubén Duarte,0,0.0,4.0,34.0,31.0,0.0,0.0
2021-22,178328,Rubén García,0,1.0,6.0,37.0,30.0,0.0,0.0
2021-22,332342,Rubén Iranzo,0,0.0,0.0,4.0,1.0,0.0,0.0
2021-22,177803,Rubén Peña,0,0.0,0.0,7.0,1.0,0.0,0.0
2021-22,137437,Rubén Rochina,0,1.0,3.0,15.0,8.0,0.0,0.0
2021-22,174970,Rubén Sobrino,0,4.0,1.0,34.0,19.0,0.0,0.0
2021-22,319781,Rubén Sánchez,0,0.0,1.0,4.0,1.0,0.0,0.0
2021-22,192718,Rubén Yáñez,0,0.0,0.0,0.0,0.0,0.0,0.0
2021-22,177898,Rui Silva,0,0.0,0.0,22.0,21.0,0.0,0.0
2021-22,231341,Róber,0,1.0,0.0,27.0,21.0,0.0,0.0
2021-22,173401,Rúben Vezo,0,0.0,0.0,32.0,27.0,0.0,0.0
2021-22,112801,Salva Sevilla,0,5.0,3.0,28.0,17.0,0.0,0.0
2021-22,231221,Salvi,0,2.0,1.0,23.0,17.0,0.0,0.0
2021-22,228298,Samuel Chukwueze,0,3.0,3.0,27.0,12.0,0.0,0.0
2021-22,150051,Samuel Umtiti,0,0.0,0.0,1.0,1.0,0.0,0.0
2021-22,188165,Sandro,0,3.0,0.0,29.0,19.0,0.0,0.0
2021-22,240623,Santi Comesaña,0,1.0,2.0,35.0,32.0,0.0,0.0
2021-22,181642,Santi Mina,0,7.0,3.0,33.0,30.0,0.0,0.0
2021-22,164756,Santiago Arias,0,1.0,0.0,12.0,4.0,0.0,0.0
2021-22,250467,Santiago Arzamendia,0,1.0,0.0,14.0,5.0,0.0,0.0
2021-22,332042,Santiago García,0,0.0,0.0,0.0,0.0,0.0,0.0
2021-22,77935,Saúl García,0,0.0,0.0,1.0,0.0,0.0,0.0
2021-22,165519,Sergi Darder,0,3.0,9.0,36.0,36.0,0.0,0.0
2021-22,222360,Sergi Guardiola,0,8.0,2.0,32.0,20.0,0.0,0.0
2021-22,120708,Sergi Gómez,0,1.0,3.0,31.0,31.0,0.0,0.0
2021-22,150225,Sergi Roberto,0,2.0,1.0,9.0,4.0,0.0,0.0
2021-22,111613,Sergio Asenjo,0,0.0,0.0,6.0,6.0,0.0,0.0
2021-22,310231,Sergio Barcia,0,0.0,0.0,1.0,1.0,0.0,0.0
2021-22,334184,Sergio Bono,0,0.0,0.0,0.0,0.0,0.0,0.0
2021-22,121893,Sergio Busquets,0,2.0,0.0,36.0,36.0,0.0,0.0
2021-22,219753,Sergio Camus,0,0.0,0.0,0.0,0.0,0.0,0.0
2021-22,125383,Sergio Canales,0,5.0,8.0,34.0,33.0,0.0,0.0
2021-22,334093,Sergio Diez,0,0.0,0.0,0.0,0.0,0.0,0.0
2021-22,135914,Sergio Escudero,0,2.0,1.0,27.0,15.0,0.0,0.0
2021-22,332235,Sergio Gimeno,0,0.0,0.0,0.0,0.0,0.0,0.0
2021-22,191360,Sergio Herrera,0,0.0,0.0,36.0,36.0,0.0,0.0
2021-22,169787,Sergio Postigo,0,0.0,0.0,13.0,10.0,0.0,0.0
2021-22,169293,Sergio Rico,0,0.0,0.0,14.0,14.0,0.0,0.0
2021-22,214446,Sergio Santos,0,0.0,0.0,1.0,0.0,0.0,0.0
2021-22,266291,Sergiño Dest,0,0.0,3.0,21.0,17.0,0.0,0.0
2021-22,136862,Shkodran Mustafi,0,1.0,0.0,11.0,8.0,0.0,0.0
2021-22,152412,Sime Vrsaljko,0,1.0,2.0,21.0,10.0,0.0,0.0
2021-22,250887,Son,0,1.0,0.0,26.0,22.0,0.0,0.0
2021-22,187841,Stefan Mitrovic,0,0.0,0.0,32.0,31.0,0.0,0.0
2021-22,150541,Stefan Savic,0,0.0,0.0,28.0,28.0,0.0,0.0
2021-22,165334,Stole Dimitrievski,0,0.0,0.0,31.0,30.0,0.0,0.0
2021-22,164800,Suso,0,0.0,1.0,8.0,6.0,0.0,0.0
2021-22,143576,Sèrge Aurier,0,0.0,1.0,19.0,10.0,0.0,0.0
2021-22,256587,Takefusa Kubo,0,1.0,0.0,28.0,17.0,0.0,0.0
2021-22,203165,Thiago Galhardo,0,2.0,2.0,31.0,9.0,0.0,0.0
2021-22,134283,Thibaut Courtois,0,0.0,0.0,36.0,36.0,0.0,0.0
2021-22,275983,Thierry Correia,0,0.0,1.0,19.0,18.0,0.0,0.0
2021-22,267058,Thomas Carrique,0,0.0,0.0,0.0,0.0,0.0,0.0
2021-22,151757,Thomas Delaney,0,2.0,1.0,26.0,15.0,0.0,0.0
2021-22,333335,Thomas Giaquinto,0,0.0,0.0,0.0,0.0,0.0,0.0
2021-22,190291,Thomas Lemar,0,4.0,5.0,24.0,17.0,0.0,0.0
2021-22,238820,Tomás Alarcón,0,0.0,1.0,23.0,16.0,0.0,0.0
2021-22,332008,Tomás Mendes,0,0.0,0.0,1.0,0.0,0.0,0.0
2021-22,144670,Tomás Pina,0,0.0,0.0,29.0,16.0,0.0,0.0
2021-22,291957,Toni Fuidias,0,0.0,0.0,0.0,0.0,0.0,0.0
2021-22,103173,Toni Kroos,0,1.0,3.0,28.0,25.0,0.0,0.0
2021-22,232275,Toni Lato,0,0.0,1.0,11.0,7.0,0.0,0.0
2021-22,170327,Tonny Vilhena,0,1.0,1.0,17.0,13.0,0.0,0.0
2021-22,304182,Unai Dufur,0,0.0,0.0,1.0,1.0,0.0,0.0
2021-22,186820,Unai García,0,0.0,0.0,18.0,15.0,0.0,0.0
2021-22,203711,Unai López,0,0.0,0.0,27.0,13.0,0.0,0.0
2021-22,312011,Unai Marrero,0,0.0,0.0,0.0,0.0,0.0,0.0
2021-22,260902,Unai Núñez,0,0.0,0.0,9.0,7.0,0.0,0.0
2021-22,341334,Unai Ropero,0,0.0,0.0,1.0,0.0,0.0,0.0
2021-22,222375,Unai Simón,0,0.0,0.0,34.0,34.0,0.0,0.0
2021-22,302945,Unai Vencedor,0,0.0,0.0,34.0,29.0,0.0,0.0
2021-22,307915,Urko Gonzalez,0,0.0,0.0,0.0,0.0,0.0,0.0
2021-22,240111,Uros Racic,0,0.0,1.0,28.0,13.0,0.0,0.0
2021-22,332015,Valentino Fattore,0,0.0,0.0,1.0,0.0,0.0,0.0
2021-22,164638,Varazdat Haroyan,0,1.0,0.0,17.0,16.0,0.0,0.0
2021-22,240209,Vedat Muriqi,0,5.0,3.0,16.0,16.0,0.0,0.0
2021-22,125206,Vicente Iborra,0,0.0,1.0,20.0,12.0,0.0,0.0
2021-22,335230,Victor Aznar,0,0.0,0.0,0.0,0.0,0.0,0.0
2021-22,252107,Vinícius Júnior,0,17.0,10.0,35.0,30.0,0.0,0.0
2021-22,150803,Vitolo,0,0.0,0.0,7.0,1.0,0.0,0.0
2021-22,196789,Víctor Camarasa,0,0.0,0.0,7.0,0.0,0.0,0.0
2021-22,265995,Víctor Chust,0,0.0,0.0,25.0,20.0,0.0,0.0
2021-22,125776,Víctor Díaz,0,1.0,0.0,22.0,18.0,0.0,0.0
2021-22,113460,Víctor Laguardia,0,3.0,2.0,34.0,34.0,0.0,0.0
2021-22,121023,Víctor Ruiz,0,0.0,0.0,18.0,17.0,0.0,0.0
2021-22,157390,William Carvalho,0,2.0,3.0,33.0,20.0,0.0,0.0
2021-22,198360,Willian José,0,8.0,4.0,32.0,19.0,0.0,0.0
2021-22,171598,Wu Lei,0,1.0,0.0,23.0,4.0,0.0,0.0
2021-22,157568,Ximo Navarro,0,0.0,0.0,18.0,16.0,0.0,0.0
2021-22,176757,Yaison Murillo,0,0.0,0.0,19.0,12.0,0.0,0.0
2021-22,242441,Yan Eteki,0,0.0,0.0,12.0,2.0,0.0,0.0
2021-22,236185,Yangel Herrera,0,1.0,1.0,23.0,19.0,0.0,0.0
2021-22,174893,Yannick Carrasco,0,6.0,6.0,34.0,28.0,0.0,0.0
2021-22,276788,Yassin Fekir,0,0.0,0.0,0.0,0.0,0.0,0.0
2021-22,175149,Yassine Bounou,0,0.0,2.0,31.0,31.0,0.0,0.0
2021-22,340196,Yellu Santiago,0,0.0,0.0,3.0,0.0,0.0,0.0
2021-22,217225,Yeray,0,0.0,0.0,22.0,21.0,0.0,0.0
2021-22,324956,Yoel Ramírez,0,0.0,0.0,0.0,0.0,0.0,0.0
2021-22,242736,Youssef En-Nesyri,0,5.0,1.0,23.0,15.0,0.0,0.0
2021-22,187608,Youssouf Sabaly,0,0.0,1.0,10.0,9.0,0.0,0.0
2021-22,307527,Yunus Musah,0,1.0,0.0,29.0,13.0,0.0,0.0
2021-22,133768,Yuri Berchiche,0,1.0,2.0,14.0,11.0,0.0,0.0
2021-22,297370,Yéremy Pino,0,6.0,5.0,31.0,21.0,0.0,0.0
2021-22,332009,Álex Balboa,0,0.0,0.0,0.0,0.0,0.0,0.0
2021-22,209579,Álex Berenguer,0,3.0,6.0,34.0,24.0,0.0,0.0
2021-22,271901,Álex Collado,0,2.0,1.0,17.0,13.0,0.0,0.0
2021-22,153685,Álex Fernández,0,3.0,2.0,32.0,22.0,0.0,0.0
2021-22,30377,Álex Moreno,0,5.0,3.0,30.0,28.0,0.0,0.0
2021-22,217319,Álex Remiro,0,0.0,0.0,35.0,35.0,0.0,0.0
2021-22,286167,Álex Sola,0,0.0,0.0,2.0,0.0,0.0,0.0
2021-22,332234,Álvaro Aguirre,0,0.0,0.0,1.0,0.0,0.0,0.0
2021-22,319304,Álvaro Bastida,0,0.0,0.0,6.0,2.0,0.0,0.0
2021-22,125200,Álvaro García,0,7.0,4.0,36.0,34.0,0.0,0.0
2021-22,265986,Álvaro García,0,0.0,0.0,0.0,0.0,0.0,0.0
2021-22,332728,Álvaro López,0,0.0,0.0,0.0,0.0,0.0,0.0
2021-22,102978,Álvaro Negredo,0,7.0,2.0,34.0,24.0,0.0,0.0
2021-22,290046,Álvaro Sanz,0,0.0,0.0,2.0,0.0,0.0,0.0
2021-22,283792,Ángel Algobia,0,0.0,0.0,0.0,0.0,0.0,0.0
2021-22,195681,Ángel Correa,0,12.0,5.0,36.0,21.0,0.0,0.0
2021-22,310232,Ángel Jiménez,0,0.0,0.0,0.0,0.0,0.0,0.0
2021-22,160722,Ángel Montoro,0,1.0,1.0,24.0,13.0,0.0,0.0
2021-22,125203,Ángel Rodríguez,0,4.0,2.0,29.0,19.0,0.0,0.0
2021-22,228402,Éder Militão,0,1.0,2.0,34.0,34.0,0.0,0.0
2021-22,180751,Édgar Méndez,0,1.0,1.0,32.0,17.0,0.0,0.0
2021-22,84892,Étienne Capoue,0,1.0,1.0,30.0,26.0,0.0,0.0
2021-22,142263,Íñigo Pérez,0,1.0,0.0,10.0,4.0,0.0,0.0
2021-22,173233,Óliver Torres,0,2.0,3.0,26.0,11.0,0.0,0.0
2021-22,186610,Óscar Duarte,0,2.0,0.0,23.0,20.0,0.0,0.0
2021-22,282276,Óscar Gil,0,0.0,2.0,22.0,20.0,0.0,0.0
2021-22,250375,Óscar Melendo,0,0.0,0.0,21.0,14.0,0.0,0.0
2021-22,276546,Óscar Mingueza,0,0.0,1.0,19.0,9.0,0.0,0.0
2021-22,259842,Óscar Rodríguez,0,0.0,1.0,29.0,13.0,0.0,0.0
2021-22,66410,Óscar Trejo,0,3.0,9.0,32.0,24.0,0.0,0.0
2021-22,264217,Óscar Valentín,0,0.0,0.0,35.0,29.0,0.0,0.0
2021-22,130135,Óscar de Marcos,0,1.0,2.0,22.0,19.0,0.0,0.0
2022-23,300912,Abde Ezzalzouli,0,4.0,2.0,28.0,19.0,0.0,0.0
2022-23,363062,Abdellah Raihani,0,0.0,0.0,0.0,0.0,0.0,0.0
2022-23,241139,Abdul Mumin,0,0.0,0.0,16.0,9.0,0.0,0.0
2022-23,155935,Abdón Prats,0,1.0,1.0,26.0,2.0,0.0,0.0
2022-23,285088,Abner,0,0.0,0.0,13.0,7.0,0.0,0.0
2022-23,193130,Adri Embarba,0,4.0,3.0,30.0,18.0,0.0,0.0
2022-23,312384,Adrian Corral,0,0.0,0.0,0.0,0.0,0.0,0.0
2022-23,277292,Adrià Pedrosa,0,0.0,1.0,7.0,2.0,0.0,0.0
2022-23,276841,Adrián de la Fuente,0,0.0,0.0,0.0,0.0,0.0,0.0
2022-23,195663,Agustín Marchesín,0,0.0,0.0,19.0,19.0,0.0,0.0
2022-23,283891,Aihen Muñoz,0,0.0,1.0,23.0,20.0,0.0,0.0
2022-23,288760,Aimar Oroz,0,3.0,6.0,31.0,23.0,0.0,0.0
2022-23,144759,Aitor Fernández,0,0.0,0.0,21.0,21.0,0.0,0.0
2022-23,356251,Aitor Gismera,0,0.0,0.0,0.0,0.0,0.0,0.0
2022-23,308254,Aitor Paredes,0,0.0,0.0,16.0,9.0,0.0,0.0
2022-23,268601,Aitor Ruibal,0,0.0,0.0,26.0,15.0,0.0,0.0
2022-23,299212,Alberto Del Moral,0,0.0,0.0,1.0,0.0,0.0,0.0
2022-23,185100,Alberto Flores,0,0.0,0.0,0.0,0.0,0.0,0.0
2022-23,290764,Alberto Marí,0,1.0,0.0,5.0,0.0,0.0,0.0
2022-23,172998,Alberto Moreno,0,0.0,1.0,24.0,14.0,0.0,0.0
2022-23,231220,Alberto Quintana,0,0.0,0.0,0.0,0.0,0.0,0.0
2022-23,219294,Aleix García,0,1.0,5.0,30.0,26.0,0.0,0.0
2022-23,361257,Aleix Garrido,0,0.0,0.0,1.0,0.0,0.0,0.0
2022-23,143030,Aleix Vidal,0,0.0,3.0,25.0,10.0,0.0,0.0
2022-23,347520,Alejandro Alfaro,0,0.0,0.0,1.0,0.0,0.0,0.0
2022-23,323703,Alejandro Balde,0,1.0,6.0,33.0,30.0,0.0,0.0
2022-23,264175,Alejandro Catena,0,1.0,1.0,35.0,35.0,0.0,0.0
2022-23,149578,Alejandro Gómez,0,1.0,1.0,19.0,11.0,0.0,0.0
2022-23,330433,Alejandro Iturbe,0,0.0,0.0,0.0,0.0,0.0,0.0
2022-23,22315,Alejandro Pozo,0,0.0,3.0,30.0,20.0,0.0,0.0
2022-23,347514,Alejandro Rodriguez,0,0.0,0.0,0.0,0.0,0.0,0.0
2022-23,199734,Alex Telles,0,0.0,2.0,27.0,15.0,0.0,0.0
2022-23,144989,Alexander Callens,0,0.0,0.0,6.0,0.0,0.0,0.0
2022-23,188230,Alexander Sørloth,0,12.0,3.0,34.0,28.0,0.0,0.0
2022-23,218439,Alfonso Pedraza,0,0.0,3.0,26.0,20.0,0.0,0.0
2022-23,268982,Alvaro Aguado,0,1.0,2.0,34.0,18.0,0.0,0.0
2022-23,312893,Amankwaa Akurugu,0,0.0,0.0,0.0,0.0,0.0,0.0
2022-23,162264,Amath Ndiaye,0,2.0,0.0,28.0,12.0,0.0,0.0
2022-23,358303,Ander Astralaga,0,0.0,0.0,0.0,0.0,0.0,0.0
2022-23,283941,Ander Barrenetxea,0,3.0,1.0,23.0,9.0,0.0,0.0
2022-23,180289,Ander Capa,0,0.0,0.0,7.0,1.0,0.0,0.0
2022-23,260256,Ander Guevara,0,0.0,0.0,8.0,2.0,0.0,0.0
2022-23,131481,Ander Herrera,0,0.0,1.0,17.0,9.0,0.0,0.0
2022-23,301427,Ander Iru,0,0.0,0.0,0.0,0.0,0.0,0.0
2022-23,320766,Ander Martín,0,0.0,0.0,3.0,0.0,0.0,0.0
2022-23,245839,Andoni Gorosabel,0,0.0,0.0,27.0,19.0,0.0,0.0
2022-23,271436,Andoni Zubiaurre,0,0.0,0.0,0.0,0.0,0.0,0.0
2022-23,186430,Andreas Christensen,0,1.0,1.0,23.0,22.0,0.0,0.0
2022-23,257237,Andriy Lunin,0,0.0,0.0,7.0,7.0,0.0,0.0
2022-23,286604,André Almeida,0,2.0,4.0,34.0,29.0,0.0,0.0
2022-23,76932,Andrés Guardado,0,1.0,1.0,26.0,16.0,0.0,0.0
2022-23,3141,Andrés Martín,0,0.0,0.0,9.0,3.0,0.0,0.0
2022-23,292957,Ansu Fati,0,7.0,3.0,36.0,12.0,0.0,0.0
2022-23,207288,Ante Budimir,0,8.0,0.0,31.0,22.0,0.0,0.0
2022-23,140416,Antoine Griezmann,0,15.0,16.0,38.0,31.0,0.0,0.0
2022-23,336230,Antonio Gomis,0,0.0,0.0,1.0,0.0,0.0,0.0
2022-23,222333,Antonio Raíllo,0,2.0,4.0,31.0,31.0,0.0,0.0
2022-23,169438,Antonio Rüdiger,0,1.0,0.0,33.0,26.0,0.0,0.0
2022-23,279511,Antonio Sánchez,0,0.0,0.0,32.0,11.0,0.0,0.0
2022-23,213068,Anuar,0,1.0,0.0,3.0,3.0,0.0,0.0
2022-23,222423,Aridane Hernández,0,0.0,1.0,23.0,20.0,0.0,0.0
2022-23,292229,Aritz Arambarri,0,0.0,0.0,0.0,0.0,0.0,0.0
2022-23,214742,Aritz Elustondo,0,0.0,1.0,25.0,16.0,0.0,0.0
2022-23,308728,Arnau Martínez,0,3.0,5.0,33.0,32.0,0.0,0.0
2022-23,291437,Arnau Puigmal,0,1.0,0.0,22.0,7.0,0.0,0.0
2022-23,290043,Arnau Tenas,0,0.0,0.0,0.0,0.0,0.0,0.0
2022-23,148614,Asier Illarramendi,0,1.0,0.0,24.0,13.0,0.0,0.0
2022-23,155009,Augusto Solari,0,0.0,1.0,12.0,3.0,0.0,0.0
2022-23,265919,Aurélien Tchouaméni,0,0.0,4.0,33.0,24.0,0.0,0.0
2022-23,176808,Axel Werner,0,0.0,0.0,2.0,2.0,0.0,0.0
2022-23,164895,Axel Witsel,0,0.0,0.0,33.0,25.0,0.0,0.0
2022-23,192133,Ayoze Pérez,0,3.0,1.0,19.0,17.0,0.0,0.0
2022-23,150451,Aïssa Mandi,0,0.0,0.0,21.0,16.0,0.0,0.0
2022-23,362144,Babatunde Akinsola,0,0.0,0.0,1.0,0.0,0.0,0.0
2022-23,300921,Benjamin Garay,0,0.0,0.0,0.0,0.0,0.0,0.0
2022-23,125777,Bernardo Espinosa,0,1.0,1.0,20.0,14.0,0.0,0.0
2022-23,297371,Beñat Turrientes,0,0.0,0.0,6.0,1.0,0.0,0.0
2022-23,332236,Biel Farrés,0,0.0,0.0,0.0,0.0,0.0,0.0
2022-23,136180,Borja García,0,1.0,0.0,11.0,10.0,0.0,0.0
2022-23,214995,Borja Iglesias,0,15.0,3.0,35.0,29.0,0.0,0.0
2022-23,218793,Borja Mayoral,0,8.0,2.0,35.0,33.0,0.0,0.0
2022-23,262729,Brais Méndez,0,8.0,4.0,34.0,28.0,0.0,0.0
2022-23,332593,Branislav Knezevic,0,0.0,0.0,0.0,0.0,0.0,0.0
2022-23,276058,Brian Ocampo,0,1.0,1.0,18.0,15.0,0.0,0.0
2022-23,213067,Brian Oliván,0,1.0,7.0,30.0,29.0,0.0,0.0
2022-23,284429,Bryan Gil,0,2.0,2.0,17.0,10.0,0.0,0.0
2022-23,122626,Cala,0,0.0,0.0,3.0,1.0,0.0,0.0
2022-23,233802,Carles Aleñá,0,2.0,3.0,35.0,26.0,0.0,0.0
2022-23,307514,Carles Marco,0,0.0,0.0,0.0,0.0,0.0,0.0
2022-23,261468,Carles Pérez,0,3.0,5.0,35.0,23.0,0.0,0.0
2022-23,309109,Carlo García,0,0.0,0.0,0.0,0.0,0.0,0.0
2022-23,168363,Carlos Clerc,0,0.0,1.0,32.0,31.0,0.0,0.0
2022-23,312376,Carlos Domínguez,0,0.0,0.0,3.0,1.0,0.0,0.0
2022-23,324098,Carlos Dotor,0,0.0,0.0,0.0,0.0,0.0,0.0
2022-23,197906,Carlos Fernández,0,1.0,0.0,24.0,8.0,0.0,0.0
2022-23,311772,Carlos García,0,0.0,1.0,1.0,0.0,0.0,0.0
2022-23,324192,Carlos Martín,0,0.0,0.0,4.0,0.0,0.0,0.0
2022-23,323839,Carlos Rojas,0,0.0,0.0,0.0,0.0,0.0,0.0
2022-23,271904,Carlos Romero,0,0.0,0.0,0.0,0.0,0.0,0.0
2022-23,3731,Carlos Álvarez,0,0.0,0.0,1.0,0.0,0.0,0.0
2022-23,301348,Cenk Özkacar,0,0.0,0.0,17.0,14.0,0.0,0.0
2022-23,307870,Chadi Riad,0,0.0,0.0,1.0,0.0,0.0,0.0
2022-23,324506,Charly,0,0.0,0.0,0.0,0.0,0.0,0.0
2022-23,217588,Chimy Ávila,0,8.0,2.0,29.0,23.0,0.0,0.0
2022-23,207205,Choco Lozano,0,1.0,1.0,28.0,14.0,0.0,0.0
2022-23,269266,Chris Ramos,0,1.0,0.0,15.0,7.0,0.0,0.0
2022-23,106238,Christian Sánchez,0,0.0,0.0,0.0,0.0,0.0,0.0
2022-23,268439,Chumi,0,1.0,0.0,21.0,15.0,0.0,0.0
2022-23,85373,Claudio Bravo,0,0.0,0.0,12.0,12.0,0.0,0.0
2022-23,131751,Clément Grenier,0,0.0,0.0,21.0,6.0,0.0,0.0
2022-23,329669,Coke Carrillo,0,0.0,0.0,0.0,0.0,0.0,0.0
2022-23,300927,Copete,0,1.0,0.0,28.0,27.0,0.0,0.0
2022-23,328497,Cristhian Mosquera,0,0.0,0.0,3.0,1.0,0.0,0.0
2022-23,113737,Cristhian Stuani,0,9.0,0.0,32.0,8.0,0.0,0.0
2022-23,76884,Cristian Rivero,0,0.0,0.0,0.0,0.0,0.0,0.0
2022-23,205024,Cyle Larin,0,8.0,3.0,19.0,16.0,0.0,0.0
2022-23,173419,César De la Hoz,0,1.0,0.0,25.0,18.0,0.0,0.0
2022-23,224323,César Montes,0,3.0,0.0,20.0,18.0,0.0,0.0
2022-23,104899,Damián Suárez,0,1.0,1.0,28.0,26.0,0.0,0.0
2022-23,168531,Dani Carvajal,0,0.0,4.0,27.0,20.0,0.0,0.0
2022-23,202717,Dani Ceballos,0,0.0,4.0,30.0,19.0,0.0,0.0
2022-23,192734,Dani García,0,0.0,2.0,25.0,18.0,0.0,0.0
2022-23,259841,Dani Gómez,0,0.0,0.0,8.0,0.0,0.0,0.0
2022-23,264077,Dani Martín,0,0.0,0.0,0.0,0.0,0.0,0.0
2022-23,121020,Dani Parejo,0,3.0,4.0,37.0,37.0,0.0,0.0
2022-23,144587,Dani Rodríguez,0,3.0,7.0,35.0,26.0,0.0,0.0
2022-23,274016,Dani Vivian,0,1.0,0.0,29.0,26.0,0.0,0.0
2022-23,353854,Daniel Pérez,0,0.0,0.0,0.0,0.0,0.0,0.0
2022-23,363041,Daniel Rodríguez,0,0.0,0.0,0.0,0.0,0.0,0.0
2022-23,303968,Daniel Villahermosa,0,0.0,0.0,0.0,0.0,0.0,0.0
2022-23,281304,Dario Ramos,0,0.0,0.0,0.0,0.0,0.0,0.0
2022-23,151695,Darko Brasanac,0,1.0,1.0,25.0,9.0,0.0,0.0
2022-23,165517,Darwin Machis,0,0.0,1.0,11.0,7.0,0.0,0.0
2022-23,118444,David Alaba,0,1.0,3.0,23.0,21.0,0.0,0.0
2022-23,209582,David García,0,2.0,0.0,32.0,31.0,0.0,0.0
2022-23,195604,David Gil,0,0.0,0.0,4.0,4.0,0.0,0.0
2022-23,160740,David López,0,3.0,1.0,20.0,19.0,0.0,0.0
2022-23,43815,David Silva,0,2.0,5.0,28.0,25.0,0.0,0.0
2022-23,196339,David Soria,0,0.0,0.0,38.0,38.0,0.0,0.0
2022-23,347433,David Torres,0,0.0,0.0,7.0,2.0,0.0,0.0
2022-23,329667,Dawda Camara,0,0.0,0.0,0.0,0.0,0.0,0.0
2022-23,163068,Denis Suárez,0,0.0,0.0,18.0,11.0,0.0,0.0
2022-23,246836,Dennis Hadzikadunic,0,0.0,0.0,8.0,7.0,0.0,0.0
2022-23,303809,Diego Bri,0,0.0,0.0,0.0,0.0,0.0,0.0
2022-23,343632,Diego Collado,0,0.0,0.0,2.0,0.0,0.0,0.0
2022-23,279660,Diego Conde,0,0.0,0.0,0.0,0.0,0.0,0.0
2022-23,306293,Diego Fuoli,0,0.0,0.0,0.0,0.0,0.0,0.0
2022-23,231343,Diego González,0,0.0,0.0,16.0,8.0,0.0,0.0
2022-23,356227,Diego Hormigo,0,0.0,0.0,1.0,1.0,0.0,0.0
2022-23,324504,Diego López,0,3.0,1.0,10.0,5.0,0.0,0.0
2022-23,40547,Diego López,0,0.0,0.0,2.0,1.0,0.0,0.0
2022-23,140342,Diego Mariño,0,0.0,0.0,1.0,0.0,0.0,0.0
2022-23,354554,Diego Moreno,0,0.0,0.0,0.0,0.0,0.0,0.0
2022-23,356771,Diego Moreno,0,0.0,0.0,11.0,7.0,0.0,0.0
2022-23,129879,Diego Méndez,0,0.0,0.0,1.0,0.0,0.0,0.0
2022-23,332945,Diego Piñeiro,0,0.0,0.0,0.0,0.0,0.0,0.0
2022-23,193943,Diego Rico,0,0.0,0.0,20.0,18.0,0.0,0.0
2022-23,157739,Dimitri Foulquier,0,0.0,2.0,30.0,17.0,0.0,0.0
2022-23,181355,Djené,0,0.0,1.0,33.0,33.0,0.0,0.0
2022-23,219234,Domingos Duarte,0,0.0,2.0,31.0,30.0,0.0,0.0
2022-23,221278,Dominik Greif,0,0.0,0.0,1.0,1.0,0.0,0.0
2022-23,206723,Dyego Sousa,0,0.0,1.0,20.0,3.0,0.0,0.0
2022-23,101390,Eden Hazard,0,0.0,1.0,6.0,2.0,0.0,0.0
2022-23,169785,Edgar Badía,0,0.0,0.0,36.0,36.0,0.0,0.0
2022-23,128669,Edgar González,0,0.0,0.0,25.0,18.0,0.0,0.0
2022-23,95469,Edinson Cavani,0,5.0,2.0,25.0,20.0,0.0,0.0
2022-23,255272,Edu Expósito,0,2.0,2.0,28.0,13.0,0.0,0.0
2022-23,285150,Eduardo Camavinga,0,0.0,1.0,37.0,21.0,0.0,0.0
2022-23,333166,Egoitz Arana,0,0.0,0.0,0.0,0.0,0.0,0.0
2022-23,287430,El Bilal Toure,0,7.0,2.0,21.0,15.0,0.0,0.0
2022-23,331425,Emilio Bernad,0,0.0,0.0,0.0,0.0,0.0,0.0
2022-23,218122,Enes Ünal,0,14.0,3.0,35.0,35.0,0.0,0.0
2022-23,209580,Enrique Barja,0,1.0,6.0,27.0,15.0,0.0,0.0
2022-23,353337,Enrique Fernández,0,0.0,0.0,0.0,0.0,0.0,0.0
2022-23,135422,Enrique García,0,2.0,0.0,35.0,7.0,0.0,0.0
2022-23,276636,Enrique Perez,0,1.0,2.0,36.0,28.0,0.0,0.0
2022-23,144559,Enzo Roco,0,0.0,0.0,22.0,19.0,0.0,0.0
2022-23,231697,Eray Cömert,0,1.0,0.0,23.0,19.0,0.0,0.0
2022-23,128714,Eric García,0,1.0,0.0,24.0,15.0,0.0,0.0
2022-23,130870,Erik Lamela,0,6.0,0.0,32.0,20.0,0.0,0.0
2022-23,333244,Estanis Pedrola,0,0.0,0.0,0.0,0.0,0.0,0.0
2022-23,172509,Esteban Saveljich,0,0.0,0.0,1.0,0.0,0.0,0.0
2022-23,194553,Ezequiel Ponce,0,4.0,0.0,34.0,8.0,0.0,0.0
2022-23,195756,Fabrizio Angileri,0,0.0,0.0,15.0,7.0,0.0,0.0
2022-23,222527,Fali,0,0.0,0.0,25.0,22.0,0.0,0.0
2022-23,208010,Fede San Emeterio,0,0.0,1.0,33.0,24.0,0.0,0.0
2022-23,235818,Federico Valverde,0,7.0,5.0,34.0,29.0,0.0,0.0
2022-23,217475,Ferland Mendy,0,0.0,1.0,18.0,17.0,0.0,0.0
2022-23,124066,Fernando,0,0.0,1.0,22.0,19.0,0.0,0.0
2022-23,261199,Fernando Calero,0,0.0,1.0,27.0,20.0,0.0,0.0
2022-23,161896,Fernando Martínez,0,0.0,0.0,37.0,37.0,0.0,0.0
2022-23,323837,Fernando Medrano Gastanaga,0,0.0,0.0,1.0,0.0,0.0,0.0
2022-23,301684,Fernando Niño,0,0.0,0.0,3.0,0.0,0.0,0.0
2022-23,153715,Fernando Pacheco,0,0.0,0.0,17.0,17.0,0.0,0.0
2022-23,265869,Ferran Torres,0,4.0,2.0,33.0,14.0,0.0,0.0
2022-23,147491,Fidel,0,3.0,2.0,27.0,21.0,0.0,0.0
2022-23,304256,Filip Jørgensen,0,0.0,0.0,2.0,2.0,0.0,0.0
2022-23,140754,Florian Lejeune,0,4.0,0.0,31.0,31.0,0.0,0.0
2022-23,242383,Fran Beltrán,0,0.0,2.0,36.0,33.0,0.0,0.0
2022-23,213050,Fran García,0,2.0,3.0,38.0,38.0,0.0,0.0
2022-23,362874,Fran González,0,0.0,0.0,0.0,0.0,0.0,0.0
2022-23,324505,Fran Pérez,0,0.0,0.0,7.0,0.0,0.0,0.0
2022-23,271914,Fran Vieites,0,0.0,0.0,0.0,0.0,0.0,0.0
2022-23,121406,Francis Coquelin,0,1.0,0.0,16.0,9.0,0.0,0.0
2022-23,307479,Francisco Delgado,0,0.0,0.0,1.0,0.0,0.0,0.0
2022-23,347428,Francisco López,0,0.0,0.0,0.0,0.0,0.0,0.0
2022-23,306830,Francisco Mwepu,0,0.0,0.0,1.0,0.0,0.0,0.0
2022-23,144490,Francisco Portillo,0,2.0,1.0,27.0,4.0,0.0,0.0
2022-23,274159,Francisco Trincão,0,0.0,0.0,0.0,0.0,0.0,0.0
2022-23,194711,Franck Kessié,0,1.0,1.0,28.0,7.0,0.0,0.0
2022-23,204014,Franco Cervi,0,0.0,4.0,36.0,21.0,0.0,0.0
2022-23,219022,Frenkie de Jong,0,2.0,4.0,33.0,29.0,0.0,0.0
2022-23,55246,Félix Martí,0,0.0,0.0,1.0,1.0,0.0,0.0
2022-23,307381,Gabri Veiga,0,11.0,4.0,36.0,28.0,0.0,0.0
2022-23,192226,Gabriel Paulista,0,1.0,0.0,21.0,18.0,0.0,0.0
2022-23,195753,Gastón Álvarez,0,2.0,0.0,22.0,16.0,0.0,0.0
2022-23,323702,Gavi,0,2.0,4.0,36.0,30.0,0.0,0.0
2022-23,152270,Geoffrey Kondogbia,0,0.0,2.0,20.0,10.0,0.0,0.0
2022-23,300270,Gerard Fornés,0,0.0,0.0,0.0,0.0,0.0,0.0
2022-23,186181,Gerard Gumbau,0,1.0,6.0,35.0,31.0,0.0,0.0
2022-23,156172,Gerard Moreno,0,7.0,4.0,21.0,14.0,0.0,0.0
2022-23,351801,Germán García,0,0.0,0.0,0.0,0.0,0.0,0.0
2022-23,138341,Germán Pezzella,0,0.0,0.0,31.0,29.0,0.0,0.0
2022-23,243073,Gianni Cassaró,0,0.0,0.0,0.0,0.0,0.0,0.0
2022-23,274742,Giorgi Mamardashvili,0,0.0,0.0,38.0,38.0,0.0,0.0
2022-23,207343,Giovani Lo Celso,0,2.0,3.0,22.0,14.0,0.0,0.0
2022-23,208642,Giovanni González,0,0.0,2.0,15.0,9.0,0.0,0.0
2022-23,184767,Gonzalo Escalante,0,4.0,1.0,14.0,13.0,0.0,0.0
2022-23,119045,Gonzalo Melero,0,4.0,3.0,27.0,24.0,0.0,0.0
2022-23,228262,Gonzalo Montiel,0,0.0,3.0,28.0,17.0,0.0,0.0
2022-23,277352,Gonzalo Plata,0,1.0,5.0,34.0,26.0,0.0,0.0
2022-23,217232,Gonzalo Verdú,0,1.0,0.0,16.0,9.0,0.0,0.0
2022-23,273424,Gonzalo Villar,0,0.0,0.0,16.0,3.0,0.0,0.0
2022-23,215726,Gonçalo Paciência,0,2.0,0.0,25.0,5.0,0.0,0.0
2022-23,231905,Gorka Guruzeta,0,6.0,2.0,30.0,17.0,0.0,0.0
2022-23,347511,Gorka Rivera,0,0.0,0.0,0.0,0.0,0.0,0.0
2022-23,212185,Guido Rodríguez,0,1.0,0.0,34.0,33.0,0.0,0.0
2022-23,276440,Haissem Hassan,0,0.0,0.0,2.0,0.0,0.0,0.0
2022-23,134503,Haris Seferovic,0,3.0,1.0,18.0,10.0,0.0,0.0
2022-23,197051,Helibelton Palacios,0,0.0,0.0,24.0,23.0,0.0,0.0
2022-23,238445,Houboulang Mendes,0,0.0,1.0,14.0,11.0,0.0,0.0
2022-23,267477,Hugo Duro,0,1.0,1.0,30.0,12.0,0.0,0.0
2022-23,265985,Hugo Guillamón,0,1.0,4.0,25.0,19.0,0.0,0.0
2022-23,140271,Hugo Mallo,0,0.0,1.0,26.0,26.0,0.0,0.0
2022-23,362572,Hugo Rincón,0,0.0,0.0,0.0,0.0,0.0,0.0
2022-23,319114,Hugo Sotelo,0,0.0,0.0,1.0,0.0,0.0,0.0
2022-23,188391,Hugo Álvarez,0,0.0,0.0,0.0,0.0,0.0,0.0
2022-23,363039,Héctor Fort,0,0.0,0.0,0.0,0.0,0.0,0.0
2022-23,92800,Iago Aspas,0,12.0,3.0,37.0,31.0,0.0,0.0
2022-23,174959,Iago Herrerín,0,0.0,0.0,0.0,0.0,0.0,0.0
2022-23,331752,Ibon Ispizua,0,0.0,0.0,0.0,0.0,0.0,0.0
2022-23,303813,Ibrahima Kebe,0,0.0,0.0,0.0,0.0,0.0,0.0
2022-23,278206,Iddrisu Baba,0,0.0,0.0,29.0,20.0,0.0,0.0
2022-23,235693,Igor Zubeldia,0,1.0,1.0,31.0,29.0,0.0,0.0
2022-23,333379,Iker Benito,0,0.0,0.0,4.0,2.0,0.0,0.0
2022-23,139419,Iker Muniain,0,0.0,3.0,30.0,19.0,0.0,0.0
2022-23,359154,Iker Muñoz,0,0.0,0.0,8.0,2.0,0.0,0.0
2022-23,24278,Iker Álvarez,0,0.0,0.0,0.0,0.0,0.0,0.0
2022-23,297829,Ilaix Moriba,0,0.0,2.0,24.0,10.0,0.0,0.0
2022-23,331047,Ilias Akhomach,0,0.0,0.0,0.0,0.0,0.0,0.0
2022-23,355900,Ilias Kostis,0,0.0,0.0,0.0,0.0,0.0,0.0
2022-23,264197,Isi Palazón,0,9.0,7.0,37.0,36.0,0.0,0.0
2022-23,102251,Ivan Rakitić,0,1.0,3.0,31.0,21.0,0.0,0.0
2022-23,194778,Ivo Grbic,0,0.0,0.0,12.0,10.0,0.0,0.0
2022-23,206473,Iván Alejo,0,0.0,1.0,31.0,13.0,0.0,0.0
2022-23,158151,Iván Balliu,0,0.0,1.0,37.0,37.0,0.0,0.0
2022-23,362717,Iván Cédric,0,0.0,0.0,0.0,0.0,0.0,0.0
2022-23,333209,Iván Fresneda,0,0.0,0.0,22.0,18.0,0.0,0.0
2022-23,330545,Iván Martín,0,3.0,3.0,24.0,18.0,0.0,0.0
2022-23,214390,Iván Sánchez,0,1.0,2.0,25.0,13.0,0.0,0.0
2022-23,242580,Iván Villar,0,0.0,0.0,19.0,19.0,0.0,0.0
2022-23,222384,Iza,0,0.0,1.0,27.0,25.0,0.0,0.0
2022-23,282680,Iñaki Peña,0,0.0,0.0,2.0,0.0,0.0,0.0
2022-23,214412,Iñaki Williams,0,10.0,3.0,36.0,34.0,0.0,0.0
2022-23,206237,Iñigo Eguaras,0,1.0,1.0,25.0,10.0,0.0,0.0
2022-23,222369,Iñigo Lekue,0,0.0,1.0,20.0,14.0,0.0,0.0
2022-23,165562,Iñigo Martínez,0,1.0,0.0,15.0,15.0,0.0,0.0
2022-23,157708,Iñigo Ruiz de Galarreta,0,0.0,1.0,30.0,28.0,0.0,0.0
2022-23,196915,Jaime Mata,0,1.0,1.0,18.0,5.0,0.0,0.0
2022-23,268555,Jaime Seoane,0,0.0,0.0,16.0,2.0,0.0,0.0
2022-23,149622,Jan Oblak,0,0.0,0.0,28.0,28.0,0.0,0.0
2022-23,103897,Jaume Costa,0,0.0,1.0,32.0,30.0,0.0,0.0
2022-23,173750,Jaume Doménech,0,0.0,0.0,0.0,0.0,0.0,0.0
2022-23,231838,Javi Galán,0,0.0,3.0,37.0,36.0,0.0,0.0
2022-23,278174,Javi Hernández,0,1.0,2.0,25.0,13.0,0.0,0.0
2022-23,362392,Javi Pamies,0,0.0,0.0,0.0,0.0,0.0,0.0
2022-23,191899,Javi Sánchez,0,1.0,0.0,32.0,28.0,0.0,0.0
2022-23,331709,Javier Domínguez,0,0.0,0.0,0.0,0.0,0.0,0.0
2022-23,16340,Javier Guerra,0,1.0,0.0,10.0,6.0,0.0,0.0
2022-23,260243,Javier Puado,0,7.0,2.0,37.0,25.0,0.0,0.0
2022-23,232461,Jawad El Yamiq,0,1.0,0.0,25.0,19.0,0.0,0.0
2022-23,195621,Jeremias Ledesma,0,0.0,0.0,34.0,34.0,0.0,0.0
2022-23,28065,Jesus Lopez,0,0.0,0.0,0.0,0.0,0.0,0.0
2022-23,117977,Jesús Corona,0,1.0,0.0,4.0,1.0,0.0,0.0
2022-23,37449,Jesús Navas,0,0.0,0.0,32.0,21.0,0.0,0.0
2022-23,209592,Jesús Vallejo,0,0.0,0.0,1.0,0.0,0.0,0.0
2022-23,189804,Jesús Vázquez,0,0.0,0.0,10.0,3.0,0.0,0.0
2022-23,297362,Joan García,0,0.0,0.0,1.0,1.0,0.0,0.0
2022-23,208850,Joan Jordán,0,0.0,1.0,23.0,19.0,0.0,0.0
2022-23,362046,Joan Puig,0,0.0,0.0,0.0,0.0,0.0,0.0
2022-23,12418,Joaquín,0,0.0,2.0,22.0,2.0,0.0,0.0
2022-23,231395,Joaquín,0,1.0,0.0,27.0,24.0,0.0,0.0
2022-23,333232,Joel Roca,0,0.0,0.0,5.0,0.0,0.0,0.0
2022-23,173247,Johan Mojica,0,0.0,0.0,20.0,8.0,0.0,0.0
2022-23,311996,John Donald,0,0.0,0.0,14.0,13.0,0.0,0.0
2022-23,313053,John Finn,0,0.0,0.0,0.0,0.0,0.0,0.0
2022-23,317784,Jon Ander Olasagasti,0,0.0,0.0,3.0,0.0,0.0,0.0
2022-23,325010,Jon Magunacelaya,0,0.0,0.0,2.0,0.0,0.0,0.0
2022-23,286176,Jon Moncayola,0,1.0,3.0,37.0,25.0,0.0,0.0
2022-23,306578,Jon Morcillo,0,0.0,1.0,10.0,0.0,0.0,0.0
2022-23,297359,Jon Pacheco,0,0.0,1.0,17.0,12.0,0.0,0.0
2022-23,180734,Jonathan Gomez,0,0.0,0.0,0.0,0.0,0.0,0.0
2022-23,192058,Jordan Amavi,0,0.0,0.0,5.0,1.0,0.0,0.0
2022-23,121021,Jordi Alba,0,2.0,3.0,24.0,14.0,0.0,0.0
2022-23,150792,Jordi Masip,0,0.0,0.0,28.0,28.0,0.0,0.0
2022-23,252031,Jorge Cuenca,0,0.0,0.0,10.0,5.0,0.0,0.0
2022-23,307019,Jorge Herrando,0,0.0,0.0,1.0,1.0,0.0,0.0
2022-23,211912,Jorge Meré,0,0.0,0.0,10.0,6.0,0.0,0.0
2022-23,343634,Jorge Pascual Medina,0,1.0,0.0,2.0,0.0,0.0,0.0
2022-23,214330,Josan,0,1.0,3.0,26.0,9.0,0.0,0.0
2022-23,209744,Jose Alonso,0,0.0,0.0,0.0,0.0,0.0,0.0
2022-23,193463,Joseba Zaldúa,0,0.0,1.0,10.0,7.0,0.0,0.0
2022-23,134939,Joselu,0,16.0,3.0,34.0,33.0,0.0,0.0
2022-23,312968,Josep Gaya,0,0.0,0.0,2.0,1.0,0.0,0.0
2022-23,219309,Joseph Aidoo,0,3.0,0.0,35.0,35.0,0.0,0.0
2022-23,362125,José Antonio De La Rosa,0,0.0,1.0,2.0,0.0,0.0,0.0
2022-23,259916,José Antonio Morente,0,4.0,1.0,32.0,23.0,0.0,0.0
2022-23,178747,José Gayà,0,1.0,3.0,31.0,31.0,0.0,0.0
2022-23,288761,José Gragera,0,1.0,0.0,9.0,5.0,0.0,0.0
2022-23,184640,José Luis Morales,0,7.0,1.0,29.0,11.0,0.0,0.0
2022-23,177704,José Marí,0,0.0,0.0,18.0,2.0,0.0,0.0
2022-23,188398,José María Giménez,0,2.0,1.0,28.0,26.0,0.0,0.0
2022-23,178838,José Pozo,0,0.0,0.0,8.0,1.0,0.0,0.0
2022-23,250508,José Ángel Carmona,0,3.0,1.0,19.0,13.0,0.0,0.0
2022-23,152130,Juan Carlos,0,0.0,0.0,10.0,10.0,0.0,0.0
2022-23,145565,Juan Cruz,0,1.0,0.0,6.0,1.0,0.0,0.0
2022-23,155392,Juan Cruz,0,0.0,0.0,27.0,21.0,0.0,0.0
2022-23,242710,Juan Foyth,0,1.0,0.0,24.0,22.0,0.0,0.0
2022-23,279738,Juan Iglesias,0,1.0,0.0,32.0,21.0,0.0,0.0
2022-23,335235,Juan Latasa,0,1.0,0.0,18.0,2.0,0.0,0.0
2022-23,261616,Juan Miranda,0,3.0,2.0,21.0,16.0,0.0,0.0
2022-23,143643,Juanmi,0,4.0,0.0,22.0,9.0,0.0,0.0
2022-23,135922,Juanpe,0,1.0,0.0,19.0,17.0,0.0,0.0
2022-23,323970,Julen Agirrezabala,0,0.0,0.0,8.0,7.0,0.0,0.0
2022-23,231692,Jules Koundé,0,1.0,3.0,29.0,28.0,0.0,0.0
2022-23,280764,Julián Araujo,0,0.0,0.0,0.0,0.0,0.0,0.0
2022-23,362829,Junior Bita,0,0.0,0.0,0.0,0.0,0.0,0.0
2022-23,245916,Justin Kluivert,0,6.0,0.0,26.0,15.0,0.0,0.0
2022-23,252747,Jørgen Strand Larsen,0,4.0,4.0,32.0,20.0,0.0,0.0
2022-23,314947,Kaiky,0,0.0,0.0,13.0,7.0,0.0,0.0
2022-23,46858,Karim Benzema,0,19.0,3.0,24.0,24.0,0.0,0.0
2022-23,163961,Karim Rekik,0,1.0,1.0,16.0,15.0,0.0,0.0
2022-23,250676,Keidi Bare,0,0.0,1.0,18.0,4.0,0.0,0.0
2022-23,195349,Kenedy,0,0.0,1.0,12.0,2.0,0.0,0.0
2022-23,331577,Kenneth Soler,0,0.0,0.0,0.0,0.0,0.0,0.0
2022-23,219074,Kevin Vázquez,0,0.0,0.0,10.0,6.0,0.0,0.0
2022-23,87703,Kiko Casilla,0,0.0,0.0,0.0,0.0,0.0,0.0
2022-23,125749,Kiko Femenía,0,0.0,0.0,20.0,13.0,0.0,0.0
2022-23,140791,Koke,0,0.0,3.0,33.0,30.0,0.0,0.0
2022-23,362150,Lamine Yamal,0,0.0,0.0,1.0,0.0,0.0,0.0
2022-23,291435,Largie Ramazani,0,3.0,1.0,33.0,13.0,0.0,0.0
2022-23,290542,Lautaro Blanco,0,0.0,2.0,17.0,9.0,0.0,0.0
2022-23,152507,Lazo,0,1.0,1.0,11.0,0.0,0.0,0.0
2022-23,133259,Leandro Cabrera,0,0.0,1.0,32.0,31.0,0.0,0.0
2022-23,274197,Lee Kang-In,0,6.0,6.0,36.0,33.0,0.0,0.0
2022-23,300926,Leo Román,0,0.0,0.0,1.0,1.0,0.0,0.0
2022-23,195714,Lisandro Magallán,0,0.0,0.0,14.0,11.0,0.0,0.0
2022-23,347321,Lluc Matas,0,0.0,0.0,0.0,0.0,0.0,0.0
2022-23,300410,Loïc Badé,0,1.0,0.0,19.0,16.0,0.0,0.0
2022-23,341333,Luca Koleosho,0,1.0,0.0,4.0,0.0,0.0,0.0
2022-23,225609,Luca de la Torre,0,0.0,2.0,28.0,16.0,0.0,0.0
2022-23,207236,Lucas Boyé,0,7.0,3.0,35.0,29.0,0.0,0.0
2022-23,308868,Lucas Cañizares,0,0.0,0.0,0.0,0.0,0.0,0.0
2022-23,159263,Lucas Ocampos,0,4.0,0.0,19.0,11.0,0.0,0.0
2022-23,171508,Lucas Olaza,0,0.0,1.0,23.0,16.0,0.0,0.0
2022-23,241823,Lucas Robertone,0,2.0,7.0,37.0,34.0,0.0,0.0
2022-23,351281,Lucas Rosa,0,0.0,1.0,17.0,11.0,0.0,0.0
2022-23,170154,Lucas Torró,0,1.0,0.0,33.0,31.0,0.0,0.0
2022-23,174967,Lucas Vázquez,0,4.0,1.0,23.0,12.0,0.0,0.0
2022-23,192475,Ludwig Augustinsson,0,0.0,0.0,4.0,1.0,0.0,0.0
2022-23,333260,Luis Bilbao,0,0.0,0.0,0.0,0.0,0.0,0.0
2022-23,359403,Luis Dasilva Rodríguez,0,0.0,0.0,0.0,0.0,0.0,0.0
2022-23,136291,Luis Hernández,0,0.0,0.0,35.0,35.0,0.0,0.0
2022-23,304321,Luis López,0,0.0,0.0,0.0,0.0,0.0,0.0
2022-23,264211,Luis Milla,0,0.0,3.0,27.0,22.0,0.0,0.0
2022-23,362367,Luis Montiel,0,0.0,0.0,0.0,0.0,0.0,0.0
2022-23,110633,Luis Pérez,0,0.0,1.0,18.0,15.0,0.0,0.0
2022-23,272722,Luis Suárez,0,4.0,4.0,21.0,18.0,0.0,0.0
2022-23,354626,Luismi Quirant,0,0.0,0.0,0.0,0.0,0.0,0.0
2022-23,225637,Luiz Felipe,0,0.0,0.0,23.0,22.0,0.0,0.0
2022-23,304215,Luiz Henrique,0,1.0,3.0,33.0,21.0,0.0,0.0
2022-23,76762,Luka Modric,0,4.0,4.0,33.0,19.0,0.0,0.0
2022-23,289907,Lázaro,0,6.0,0.0,19.0,7.0,0.0,0.0
2022-23,175010,Léo Baptistão,0,5.0,2.0,28.0,24.0,0.0,0.0
2022-23,347412,Malcom Adu Ares,0,0.0,0.0,8.0,0.0,0.0,0.0
2022-23,387925,Mamadou Fall,0,0.0,0.0,1.0,0.0,0.0,0.0
2022-23,228554,Mamady Diarra,0,0.0,0.0,2.0,1.0,0.0,0.0
2022-23,356228,Manu Bueno,0,0.0,0.0,2.0,2.0,0.0,0.0
2022-23,268753,Manu Morlanes,0,1.0,0.0,16.0,11.0,0.0,0.0
2022-23,300985,Manu Sánchez,0,0.0,2.0,31.0,22.0,0.0,0.0
2022-23,158605,Manu Trigueros,0,0.0,1.0,23.0,8.0,0.0,0.0
2022-23,354627,Manuel Cocca,0,0.0,0.0,0.0,0.0,0.0,0.0
2022-23,359742,Manuel Pozo,0,0.0,0.0,1.0,0.0,0.0,0.0
2022-23,345489,Marc Casadó,0,0.0,0.0,0.0,0.0,0.0,0.0
2022-23,363038,Marc Guiu,0,0.0,0.0,0.0,0.0,0.0,0.0
2022-23,140740,Marc-André ter Stegen,0,0.0,0.0,38.0,38.0,0.0,0.0
2022-23,361800,Marciano Sanca,0,0.0,0.0,0.0,0.0,0.0,0.0
2022-23,195821,Marco Asensio,0,9.0,6.0,31.0,15.0,0.0,0.0
2022-23,294932,Marco Moreno,0,0.0,0.0,0.0,0.0,0.0,0.0
2022-23,157557,Marcos Acuña,0,3.0,2.0,30.0,21.0,0.0,0.0
2022-23,146127,Marcos Alonso,0,1.0,0.0,24.0,11.0,0.0,0.0
2022-23,264168,Marcos André,0,1.0,0.0,17.0,3.0,0.0,0.0
2022-23,338809,Marcos Fernández,0,0.0,0.0,0.0,0.0,0.0,0.0
2022-23,206474,Marcos Llorente,0,1.0,2.0,22.0,21.0,0.0,0.0
2022-23,338888,Marcos Peña,0,0.0,0.0,0.0,0.0,0.0,0.0
2022-23,142173,Marcos Sánchez,0,0.0,0.0,0.0,0.0,0.0,0.0
2022-23,203112,Marcão,0,0.0,0.0,5.0,4.0,0.0,0.0
2022-23,198832,Mariano,0,0.0,0.0,9.0,1.0,0.0,0.0
2022-23,340197,Mario Dominguez,0,0.0,0.0,0.0,0.0,0.0,0.0
2022-23,222529,Mario Hermoso,0,3.0,2.0,26.0,24.0,0.0,0.0
2022-23,131417,Mario Hernández,0,0.0,0.0,3.0,1.0,0.0,0.0
2022-23,362593,Mario Maroto,0,0.0,0.0,0.0,0.0,0.0,0.0
2022-23,357147,Mario Martín,0,0.0,0.0,0.0,0.0,0.0,0.0
2022-23,71983,Mario Suárez,0,0.0,0.0,2.0,0.0,0.0,0.0
2022-23,304001,Mario de Luis,0,0.0,0.0,0.0,0.0,0.0,0.0
2022-23,345621,Marius Herzig,0,0.0,0.0,0.0,0.0,0.0,0.0
2022-23,179211,Marko Dmitrovic,0,0.0,0.0,15.0,13.0,0.0,0.0
2022-23,97026,Marko Milovanovic,0,0.0,0.0,2.0,0.0,0.0,0.0
2022-23,187100,Martin Braithwaite,0,10.0,2.0,31.0,29.0,0.0,0.0
2022-23,246833,Martin Hongla,0,0.0,0.0,16.0,15.0,0.0,0.0
2022-23,308224,Martin Svidersky,0,0.0,0.0,0.0,0.0,0.0,0.0
2022-23,193397,Martin Valjent,0,0.0,0.0,30.0,30.0,0.0,0.0
2022-23,354041,Martín Conde,0,0.0,0.0,0.0,0.0,0.0,0.0
2022-23,277518,Martín Merquelanz,0,0.0,0.0,0.0,0.0,0.0,0.0
2022-23,137425,Martín Montoya,0,0.0,0.0,6.0,6.0,0.0,0.0
2022-23,287266,Martín Zubimendi,0,1.0,3.0,36.0,35.0,0.0,0.0
2022-23,356366,Marvel,0,0.0,0.0,0.0,0.0,0.0,0.0
2022-23,151765,Matija Nastasic,0,1.0,0.0,14.0,10.0,0.0,0.0
2022-23,43575,Matt Doherty,0,0.0,0.0,2.0,0.0,0.0,0.0
2022-23,353391,Matías Árbol,0,0.0,0.0,0.0,0.0,0.0,0.0
2022-23,199775,Mauro Arambarri,0,0.0,1.0,13.0,13.0,0.0,0.0
2022-23,159255,Memphis Depay,0,5.0,0.0,10.0,5.0,0.0,0.0
2022-23,290044,Miguel Gutiérrez,0,2.0,3.0,34.0,27.0,0.0,0.0
2022-23,331905,Miguel Llabrés,0,0.0,0.0,0.0,0.0,0.0,0.0
2022-23,333840,Miguel Martín García,0,0.0,0.0,0.0,0.0,0.0,0.0
2022-23,83494,Miguel Rodríguez,0,1.0,1.0,7.0,3.0,0.0,0.0
2022-23,277615,Miguel Ángel Morro,0,0.0,0.0,0.0,0.0,0.0,0.0
2022-23,126441,Mikel Balenziaga,0,0.0,0.0,3.0,1.0,0.0,0.0
2022-23,209581,Mikel Merino,0,2.0,9.0,33.0,28.0,0.0,0.0
2022-23,229018,Mikel Oyarzabal,0,4.0,1.0,23.0,14.0,0.0,0.0
2022-23,222373,Mikel Vesga,0,3.0,3.0,36.0,28.0,0.0,0.0
2022-23,306557,Mohamed-Ali Cho,0,1.0,2.0,19.0,5.0,0.0,0.0
2022-23,169089,Moi Gómez,0,3.0,2.0,33.0,28.0,0.0,0.0
2022-23,347512,Moi Parra,0,0.0,0.0,1.0,0.0,0.0,0.0
2022-23,256681,Momo Mbaye,0,0.0,0.0,14.0,7.0,0.0,0.0
2022-23,268809,Monchu,0,3.0,2.0,33.0,23.0,0.0,0.0
2022-23,241117,Mouctar Diakhaby,0,3.0,0.0,29.0,28.0,0.0,0.0
2022-23,193782,Munir El Haddadi,0,3.0,1.0,28.0,10.0,0.0,0.0
2022-23,189025,Nabil Fekir,0,2.0,2.0,15.0,12.0,0.0,0.0
2022-23,276256,Nabili Touaizi,0,0.0,0.0,1.0,0.0,0.0,0.0
2022-23,157710,Nacho,0,1.0,1.0,27.0,18.0,0.0,0.0
2022-23,332016,Nacho Quintana,0,0.0,0.0,0.0,0.0,0.0,0.0
2022-23,240102,Nacho Vidal,0,0.0,0.0,20.0,15.0,0.0,0.0
2022-23,164826,Nahuel Molina,0,4.0,2.0,33.0,33.0,0.0,0.0
2022-23,324483,Nando Almodóvar,0,0.0,0.0,0.0,0.0,0.0,0.0
2022-23,136673,Nemanja Gudelj,0,3.0,1.0,34.0,31.0,0.0,0.0
2022-23,219538,Nemanja Maksimovic,0,0.0,0.0,29.0,26.0,0.0,0.0
2022-23,323986,Nico González,0,1.0,1.0,26.0,18.0,0.0,0.0
2022-23,337970,Nico Paz,0,0.0,0.0,0.0,0.0,0.0,0.0
2022-23,312146,Nico Williams,0,6.0,5.0,36.0,32.0,0.0,0.0
2022-23,308524,Nicolas Jackson,0,12.0,4.0,26.0,16.0,0.0,0.0
2022-23,108107,Nicolás Fernández,0,0.0,1.0,18.0,3.0,0.0,0.0
2022-23,290565,Nicolás Melamed,0,1.0,2.0,32.0,16.0,0.0,0.0
2022-23,306579,Oier Zarraga,0,0.0,0.0,26.0,6.0,0.0,0.0
2022-23,291616,Oihan Sancet,0,10.0,2.0,36.0,32.0,0.0,0.0
2022-23,215401,Omar Alderete,0,1.0,1.0,25.0,23.0,0.0,0.0
2022-23,310682,Omar El Hilali,0,0.0,0.0,5.0,1.0,0.0,0.0
2022-23,174966,Omar Mascarell,0,0.0,1.0,28.0,28.0,0.0,0.0
2022-23,141271,Oriol Romeu,0,2.0,0.0,33.0,33.0,0.0,0.0
2022-23,229744,Ousmane Dembélé,0,5.0,7.0,25.0,16.0,0.0,0.0
2022-23,336634,Pablo Barrios,0,0.0,1.0,21.0,6.0,0.0,0.0
2022-23,138448,Pablo Durán,0,0.0,0.0,4.0,0.0,0.0,0.0
2022-23,106326,Pablo Ibáñez,0,0.0,2.0,25.0,12.0,0.0,0.0
2022-23,222661,Pablo Maffeo,0,2.0,4.0,35.0,34.0,0.0,0.0
2022-23,326900,Pablo Marín,0,0.0,0.0,10.0,3.0,0.0,0.0
2022-23,282671,Pablo Muñoz,0,0.0,0.0,2.0,0.0,0.0,0.0
2022-23,303888,Pablo Pérez Rico,0,0.0,0.0,0.0,0.0,0.0,0.0
2022-23,354466,Pablo Ramírez,0,0.0,0.0,0.0,0.0,0.0,0.0
2022-23,206110,Pablo Torre,0,0.0,0.0,8.0,1.0,0.0,0.0
2022-23,311800,Pablo Valencia,0,0.0,0.0,0.0,0.0,0.0,0.0
2022-23,199790,Pacha Espino,0,0.0,5.0,36.0,35.0,0.0,0.0
2022-23,215375,Pape Diop,0,0.0,0.0,2.0,0.0,0.0,0.0
2022-23,255889,Pape Gueye,0,1.0,3.0,16.0,15.0,0.0,0.0
2022-23,294228,Pathé Ciss,0,1.0,0.0,32.0,12.0,0.0,0.0
2022-23,363040,Pau Prim,0,0.0,0.0,0.0,0.0,0.0,0.0
2022-23,251100,Pau Torres,0,1.0,0.0,34.0,34.0,0.0,0.0
2022-23,284942,Paul Akouokou,0,0.0,0.0,12.0,3.0,0.0,0.0
2022-23,164469,Paulo Gazzaniga,0,0.0,0.0,28.0,28.0,0.0,0.0
2022-23,250465,Pedri,0,6.0,1.0,26.0,22.0,0.0,0.0
2022-23,167297,Pedro Bigas,0,0.0,0.0,28.0,25.0,0.0,0.0
2022-23,300331,Pep Chavarría,0,0.0,2.0,16.0,2.0,0.0,0.0
2022-23,12910,Pepe Reina,0,0.0,0.0,22.0,22.0,0.0,0.0
2022-23,298080,Pere García Bauzá,0,0.0,0.0,0.0,0.0,0.0,0.0
2022-23,196914,Pere Milla,0,6.0,1.0,31.0,21.0,0.0,0.0
2022-23,239918,Pol Lirola,0,1.0,0.0,12.0,7.0,0.0,0.0
2022-23,152166,Portu,0,0.0,3.0,34.0,17.0,0.0,0.0
2022-23,192126,Predrag Rajkovic,0,0.0,0.0,36.0,36.0,0.0,0.0
2022-23,87706,Radamel Falcao,0,2.0,0.0,27.0,3.0,0.0,0.0
2022-23,230974,Rafa Mir,0,6.0,0.0,26.0,16.0,0.0,0.0
2022-23,309838,Ramón Terrats,0,1.0,1.0,24.0,13.0,0.0,0.0
2022-23,276847,Randy Nteka,0,0.0,0.0,24.0,10.0,0.0,0.0
2022-23,231050,Raphinha,0,7.0,7.0,36.0,25.0,0.0,0.0
2022-23,41970,Raúl Albiol,0,0.0,0.0,25.0,24.0,0.0,0.0
2022-23,361216,Raúl García,0,0.0,0.0,0.0,0.0,0.0,0.0
2022-23,45927,Raúl García,0,2.0,3.0,35.0,6.0,0.0,0.0
2022-23,210021,Raúl Guti,0,0.0,0.0,28.0,12.0,0.0,0.0
2022-23,312008,Raúl Parra,0,0.0,0.0,6.0,4.0,0.0,0.0
2022-23,174971,Raúl de Tomás,0,4.0,0.0,19.0,9.0,0.0,0.0
2022-23,286703,Reiner,0,2.0,1.0,18.0,5.0,0.0,0.0
2022-23,230081,Reinildo Mandava,0,0.0,0.0,22.0,22.0,0.0,0.0
2022-23,181557,Renato Tapia,0,0.0,0.0,28.0,16.0,0.0,0.0
2022-23,325019,Ricard Artero,0,0.0,0.0,7.0,0.0,0.0,0.0
2022-23,304277,Ricardo Visus,0,0.0,0.0,0.0,0.0,0.0,0.0
2022-23,125824,Robert Lewandowski,0,23.0,8.0,34.0,33.0,0.0,0.0
2022-23,276996,Robert Navarro,0,0.0,0.0,17.0,1.0,0.0,0.0
2022-23,347430,Roberto Arroyo,0,0.0,0.0,1.0,0.0,0.0,0.0
2022-23,214888,Robin Le Normand,0,0.0,0.0,33.0,31.0,0.0,0.0
2022-23,121194,Rodri Sánchez,0,2.0,3.0,30.0,19.0,0.0,0.0
2022-23,174466,Rodrigo De Paul,0,2.0,7.0,30.0,24.0,0.0,0.0
2022-23,155584,Rodrigo Ely,0,0.0,1.0,36.0,36.0,0.0,0.0
2022-23,74630,Rodrigo Mendoza,0,0.0,0.0,0.0,0.0,0.0,0.0
2022-23,70224,Rodrigo Riquelme,0,4.0,4.0,34.0,25.0,0.0,0.0
2022-23,267804,Rodrygo,0,9.0,8.0,34.0,25.0,0.0,0.0
2022-23,169533,Roger Martí,0,1.0,1.0,26.0,16.0,0.0,0.0
2022-23,332036,Roger Martínez,0,0.0,0.0,1.0,0.0,0.0,0.0
2022-23,231302,Ronael Pierre-Gabriel,0,1.0,0.0,8.0,2.0,0.0,0.0
2022-23,270821,Ronald Araújo,0,0.0,2.0,22.0,21.0,0.0,0.0
2022-23,167190,Roque Mesa,0,2.0,1.0,29.0,20.0,0.0,0.0
2022-23,214317,Rubén Alcaraz,0,3.0,0.0,31.0,22.0,0.0,0.0
2022-23,178328,Rubén García,0,2.0,2.0,29.0,11.0,0.0,0.0
2022-23,332342,Rubén Iranzo,0,0.0,0.0,0.0,0.0,0.0,0.0
2022-23,177803,Rubén Peña,0,0.0,1.0,20.0,14.0,0.0,0.0
2022-23,362904,Rubén Quintanilla,0,0.0,0.0,1.0,0.0,0.0,0.0
2022-23,174970,Rubén Sobrino,0,3.0,2.0,33.0,28.0,0.0,0.0
2022-23,319781,Rubén Sánchez,0,0.0,2.0,18.0,9.0,0.0,0.0
2022-23,177898,Rui Silva,0,0.0,0.0,26.0,26.0,0.0,0.0
2022-23,363063,Salim El Jebari,0,0.0,0.0,0.0,0.0,0.0,0.0
2022-23,231221,Salvi,0,0.0,0.0,24.0,4.0,0.0,0.0
2022-23,207278,Samu Castillejo,0,4.0,0.0,25.0,17.0,0.0,0.0
2022-23,228298,Samuel Chukwueze,0,6.0,5.0,37.0,27.0,0.0,0.0
2022-23,253937,Samuel Lino,0,6.0,1.0,38.0,33.0,0.0,0.0
2022-23,183466,Samú Costa,0,1.0,2.0,32.0,22.0,0.0,0.0
2022-23,240623,Santi Comesaña,0,3.0,2.0,35.0,29.0,0.0,0.0
2022-23,250467,Santiago Arzamendia,0,0.0,0.0,12.0,5.0,0.0,0.0
2022-23,241225,Santiago Bueno,0,0.0,1.0,34.0,34.0,0.0,0.0
2022-23,332042,Santiago García,0,0.0,0.0,0.0,0.0,0.0,0.0
2022-23,172269,Saúl Ñíguez,0,3.0,1.0,31.0,11.0,0.0,0.0
2022-23,223075,Selim Amallah,0,2.0,1.0,7.0,3.0,0.0,0.0
2022-23,165519,Sergi Darder,0,6.0,3.0,38.0,38.0,0.0,0.0
2022-23,222360,Sergi Guardiola,0,3.0,0.0,31.0,22.0,0.0,0.0
2022-23,120708,Sergi Gómez,0,0.0,0.0,29.0,26.0,0.0,0.0
2022-23,150225,Sergi Roberto,0,4.0,1.0,23.0,15.0,0.0,0.0
2022-23,231918,Sergio Akieme,0,1.0,0.0,29.0,27.0,0.0,0.0
2022-23,307917,Sergio Arribas,0,0.0,0.0,2.0,0.0,0.0,0.0
2022-23,111613,Sergio Asenjo,0,0.0,0.0,10.0,10.0,0.0,0.0
2022-23,310231,Sergio Barcia,0,0.0,0.0,0.0,0.0,0.0,0.0
2022-23,121893,Sergio Busquets,0,0.0,4.0,30.0,28.0,0.0,0.0
2022-23,276652,Sergio Camello,0,6.0,5.0,38.0,27.0,0.0,0.0
2022-23,125383,Sergio Canales,0,4.0,3.0,31.0,28.0,0.0,0.0
2022-23,298343,Sergio Carreira,0,0.0,0.0,0.0,0.0,0.0,0.0
2022-23,334093,Sergio Diez,0,0.0,0.0,0.0,0.0,0.0,0.0
2022-23,135914,Sergio Escudero,0,1.0,0.0,23.0,17.0,0.0,0.0
2022-23,191360,Sergio Herrera,0,0.0,0.0,17.0,17.0,0.0,0.0
2022-23,111440,Sergio León,0,6.0,1.0,30.0,14.0,0.0,0.0
2022-23,350351,Sergio Mestre,0,0.0,0.0,0.0,0.0,0.0,0.0
2022-23,231241,Sergio Reguilón,0,0.0,0.0,11.0,2.0,0.0,0.0
2022-23,347425,Simo,0,0.0,0.0,7.0,0.0,0.0,0.0
2022-23,219535,Srjdan Babic,0,3.0,0.0,34.0,33.0,0.0,0.0
2022-23,187841,Stefan Mitrovic,0,0.0,0.0,22.0,18.0,0.0,0.0
2022-23,150541,Stefan Savic,0,0.0,0.0,22.0,22.0,0.0,0.0
2022-23,165334,Stole Dimitrievski,0,0.0,0.0,37.0,37.0,0.0,0.0
2022-23,164800,Suso,0,2.0,4.0,25.0,10.0,0.0,0.0
2022-23,256587,Takefusa Kubo,0,9.0,4.0,35.0,29.0,0.0,0.0
2022-23,290165,Tanguy Nianzou,0,1.0,0.0,19.0,16.0,0.0,0.0
2022-23,134283,Thibaut Courtois,0,0.0,0.0,31.0,31.0,0.0,0.0
2022-23,275983,Thierry Correia,0,0.0,1.0,27.0,24.0,0.0,0.0
2022-23,190291,Thomas Lemar,0,1.0,3.0,27.0,17.0,0.0,0.0
2022-23,182337,Théo Bongonda,0,4.0,3.0,31.0,24.0,0.0,0.0
2022-23,232781,Tino Kadewere,0,1.0,0.0,15.0,5.0,0.0,0.0
2022-23,291957,Toni Fuidias,0,0.0,0.0,0.0,0.0,0.0,0.0
2022-23,103173,Toni Kroos,0,2.0,4.0,30.0,25.0,0.0,0.0
2022-23,232275,Toni Lato,0,1.0,0.0,24.0,9.0,0.0,0.0
2022-23,248845,Toni Villa,0,1.0,3.0,26.0,13.0,0.0,0.0
2022-23,211770,Umar Sadiq,0,3.0,0.0,5.0,4.0,0.0,0.0
2022-23,186820,Unai García,0,0.0,1.0,21.0,20.0,0.0,0.0
2022-23,362376,Unai Gómez,0,0.0,0.0,0.0,0.0,0.0,0.0
2022-23,279748,Unai Hernandez,0,0.0,0.0,0.0,0.0,0.0,0.0
2022-23,203711,Unai López,0,1.0,2.0,34.0,12.0,0.0,0.0
2022-23,312011,Unai Marrero,0,0.0,0.0,0.0,0.0,0.0,0.0
2022-23,260902,Unai Núñez,0,0.0,0.0,36.0,35.0,0.0,0.0
2022-23,222375,Unai Simón,0,0.0,0.0,31.0,31.0,0.0,0.0
2022-23,302945,Unai Vencedor,0,0.0,0.0,10.0,0.0,0.0,0.0
2022-23,307915,Urko Gonzalez,0,0.0,0.0,0.0,0.0,0.0,0.0
2022-23,252933,Valentín Castellanos,0,13.0,0.0,35.0,33.0,0.0,0.0
2022-23,282669,Valery Fernández,0,0.0,2.0,25.0,7.0,0.0,0.0
2022-23,240209,Vedat Muriqi,0,15.0,3.0,35.0,34.0,0.0,0.0
2022-23,347510,Vicente Bellmunt Garcia,0,0.0,0.0,0.0,0.0,0.0,0.0
2022-23,335230,Victor Aznar,0,0.0,0.0,0.0,0.0,0.0,0.0
2022-23,212231,Viktor Tsygankov,0,3.0,6.0,19.0,17.0,0.0,0.0
2022-23,307928,Vinicius Augusto,0,0.0,0.0,0.0,0.0,0.0,0.0
2022-23,257039,Vinicius Souza,0,1.0,1.0,34.0,27.0,0.0,0.0
2022-23,252107,Vinícius Júnior,0,10.0,10.0,33.0,32.0,0.0,0.0
2022-23,265995,Víctor Chust,0,1.0,0.0,14.0,10.0,0.0,0.0
2022-23,362592,Víctor Rofino,0,0.0,0.0,0.0,0.0,0.0,0.0
2022-23,121023,Víctor Ruiz,0,0.0,0.0,10.0,5.0,0.0,0.0
2022-23,157390,William Carvalho,0,3.0,0.0,33.0,31.0,0.0,0.0
2022-23,198360,Willian José,0,2.0,1.0,28.0,6.0,0.0,0.0
2022-23,322652,Williot Swedberg,0,0.0,0.0,4.0,0.0,0.0,0.0
2022-23,297364,Xavier Sintes,0,0.0,0.0,0.0,0.0,0.0,0.0
2022-23,297084,Yan Couto,0,1.0,2.0,25.0,12.0,0.0,0.0
2022-23,236185,Yangel Herrera,0,2.0,2.0,20.0,12.0,0.0,0.0
2022-23,174893,Yannick Carrasco,0,7.0,3.0,35.0,26.0,0.0,0.0
2022-23,300162,Yaroslav Meykher,0,0.0,0.0,0.0,0.0,0.0,0.0
2022-23,175149,Yassine Bounou,0,0.0,0.0,25.0,25.0,0.0,0.0
2022-23,340196,Yellu Santiago,0,0.0,0.0,0.0,0.0,0.0,0.0
2022-23,217225,Yeray,0,1.0,1.0,28.0,27.0,0.0,0.0
2022-23,324956,Yoel Ramírez,0,0.0,0.0,0.0,0.0,0.0,0.0
2022-23,274353,Youba Diarra,0,0.0,0.0,5.0,1.0,0.0,0.0
2022-23,242736,Youssef En-Nesyri,0,8.0,1.0,31.0,17.0,0.0,0.0
2022-23,187608,Youssouf Sabaly,0,1.0,1.0,23.0,19.0,0.0,0.0
2022-23,307527,Yunus Musah,0,0.0,2.0,33.0,26.0,0.0,0.0
2022-23,133768,Yuri Berchiche,0,1.0,1.0,29.0,27.0,0.0,0.0
2022-23,297370,Yéremy Pino,0,4.0,7.0,36.0,31.0,0.0,0.0
2022-23,297373,Álex Baena,0,6.0,2.0,35.0,19.0,0.0,0.0
2022-23,209579,Álex Berenguer,0,4.0,1.0,37.0,26.0,0.0,0.0
2022-23,276348,Álex Centelles,0,1.0,2.0,15.0,11.0,0.0,0.0
2022-23,271901,Álex Collado,0,1.0,1.0,15.0,8.0,0.0,0.0
2022-23,153685,Álex Fernández,0,3.0,1.0,28.0,17.0,0.0,0.0
2022-23,347411,Álex Padilla,0,0.0,0.0,0.0,0.0,0.0,0.0
2022-23,217319,Álex Remiro,0,0.0,0.0,38.0,38.0,0.0,0.0
2022-23,347513,Álex Revuelta,0,0.0,0.0,1.0,0.0,0.0,0.0
2022-23,286167,Álex Sola,0,0.0,0.0,10.0,3.0,0.0,0.0
2022-23,347431,Álvaro Aceves,0,0.0,0.0,1.0,0.0,0.0,0.0
2022-23,319304,Álvaro Bastida,0,0.0,0.0,0.0,0.0,0.0,0.0
2022-23,96060,Álvaro Fernández,0,0.0,0.0,11.0,11.0,0.0,0.0
2022-23,125200,Álvaro García,0,5.0,5.0,35.0,34.0,0.0,0.0
2022-23,154446,Álvaro Morata,0,13.0,2.0,36.0,23.0,0.0,0.0
2022-23,102978,Álvaro Negredo,0,1.0,2.0,21.0,9.0,0.0,0.0
2022-23,236156,Álvaro Odriozola,0,0.0,0.0,3.0,0.0,0.0,0.0
2022-23,353151,Álvaro Rodríguez,0,1.0,2.0,6.0,0.0,0.0,0.0
2022-23,357698,Ángel Alarcón,0,0.0,0.0,4.0,0.0,0.0,0.0
2022-23,283792,Ángel Algobia,0,0.0,0.0,26.0,11.0,0.0,0.0
2022-23,195681,Ángel Correa,0,9.0,1.0,35.0,13.0,0.0,0.0
2022-23,307419,Ángel Fortuño,0,0.0,0.0,0.0,0.0,0.0,0.0
2022-23,125203,Ángel Rodríguez,0,1.0,0.0,17.0,2.0,0.0,0.0
2022-23,228402,Éder Militão,0,5.0,0.0,33.0,30.0,0.0,0.0
2022-23,84892,Étienne Capoue,0,3.0,0.0,28.0,22.0,0.0,0.0
2022-23,173233,Óliver Torres,0,3.0,2.0,32.0,27.0,0.0,0.0
2022-23,282276,Óscar Gil,0,0.0,1.0,33.0,31.0,0.0,0.0
2022-23,276546,Óscar Mingueza,0,0.0,1.0,21.0,13.0,0.0,0.0
2022-23,174969,Óscar Plano,0,1.0,2.0,33.0,22.0,0.0,0.0
2022-23,259842,Óscar Rodríguez,0,2.0,0.0,33.0,19.0,0.0,0.0
2022-23,66410,Óscar Trejo,0,3.0,4.0,34.0,28.0,0.0,0.0
2022-23,264217,Óscar Valentín,0,0.0,0.0,34.0,29.0,0.0,0.0
2022-23,130135,Óscar de Marcos,0,1.0,6.0,37.0,32.0,0.0,0.0
2023-24,200964,Aarón Escandell,0,0.0,0.0,2.0,1.0,0.0,0.0
2023-24,300912,Abde Ezzalzouli,0,1.0,0.0,28.0,6.0,0.0,0.0
2023-24,345991,Abde Rebbach,0,1.0,0.0,23.0,6.0,0.0,0.0
2023-24,277876,Abdel Abqar,0,0.0,0.0,27.0,27.0,0.0,0.0
2023-24,363062,Abdellah Raihani,0,0.0,0.0,1.0,0.0,0.0,0.0
2023-24,241139,Abdul Mumin,0,1.0,0.0,20.0,19.0,0.0,0.0
2023-24,155935,Abdón Prats,0,6.0,1.0,34.0,11.0,0.0,0.0
2023-24,285088,Abner,0,0.0,1.0,23.0,15.0,0.0,0.0
2023-24,379136,Aboubacar Bassinga,0,0.0,0.0,0.0,0.0,0.0,0.0
2023-24,343636,Abraham del Moral,0,0.0,0.0,0.0,0.0,0.0,0.0
2023-24,379707,Adama Boiro,0,0.0,0.0,0.0,0.0,0.0,0.0
2023-24,186432,Adnan Januzaj,0,0.0,0.0,8.0,0.0,0.0,0.0
2023-24,193130,Adri Embarba,0,3.0,2.0,36.0,29.0,0.0,0.0
2023-24,376015,Adri Miranda,0,0.0,0.0,0.0,0.0,0.0,0.0
2023-24,308006,Adrià Altimira,0,0.0,0.0,11.0,10.0,0.0,0.0
2023-24,277292,Adrià Pedrosa,0,1.0,4.0,31.0,15.0,0.0,0.0
2023-24,260244,Adrián López,0,0.0,0.0,0.0,0.0,0.0,0.0
2023-24,373542,Adrián Niño,0,0.0,0.0,0.0,0.0,0.0,0.0
2023-24,150374,Adrián Rodríguez,0,0.0,0.0,0.0,0.0,0.0,0.0
2023-24,353740,Adrián Salguero,0,0.0,0.0,0.0,0.0,0.0,0.0
2023-24,286806,Aiham Ousou,0,0.0,0.0,6.0,5.0,0.0,0.0
2023-24,283891,Aihen Muñoz,0,0.0,2.0,21.0,11.0,0.0,0.0
2023-24,288760,Aimar Oroz,0,2.0,1.0,33.0,26.0,0.0,0.0
2023-24,377833,Aingeru Olabarrieta,0,0.0,0.0,1.0,0.0,0.0,0.0
2023-24,144759,Aitor Fernández,0,0.0,0.0,7.0,6.0,0.0,0.0
2023-24,368327,Aitor Fraga,0,0.0,0.0,0.0,0.0,0.0,0.0
2023-24,356251,Aitor Gismera,0,0.0,0.0,0.0,0.0,0.0,0.0
2023-24,308254,Aitor Paredes,0,1.0,0.0,34.0,31.0,0.0,0.0
2023-24,268601,Aitor Ruibal,0,2.0,1.0,18.0,11.0,0.0,0.0
2023-24,150813,Alberto Collado,0,0.0,0.0,0.0,0.0,0.0,0.0
2023-24,333167,Alberto Dadie,0,0.0,0.0,1.0,0.0,0.0,0.0
2023-24,185100,Alberto Flores,0,0.0,0.0,0.0,0.0,0.0,0.0
2023-24,290764,Alberto Marí,0,1.0,1.0,16.0,2.0,0.0,0.0
2023-24,307390,Alberto Moleiro,0,3.0,3.0,28.0,21.0,0.0,0.0
2023-24,172998,Alberto Moreno,0,2.0,2.0,27.0,17.0,0.0,0.0
2023-24,383912,Alberto Risco,0,0.0,0.0,4.0,1.0,0.0,0.0
2023-24,219294,Aleix García,0,3.0,6.0,37.0,36.0,0.0,0.0
2023-24,361257,Aleix Garrido,0,0.0,0.0,0.0,0.0,0.0,0.0
2023-24,323703,Alejandro Balde,0,0.0,1.0,18.0,15.0,0.0,0.0
2023-24,264175,Alejandro Catena,0,1.0,3.0,30.0,28.0,0.0,0.0
2023-24,355379,Alejandro González Gorrin,0,0.0,0.0,0.0,0.0,0.0,0.0
2023-24,380319,Alejandro Herranz,0,0.0,0.0,0.0,0.0,0.0,0.0
2023-24,330433,Alejandro Iturbe,0,0.0,0.0,0.0,0.0,0.0,0.0
2023-24,375089,Alejandro Morata,0,0.0,0.0,0.0,0.0,0.0,0.0
2023-24,22315,Alejandro Pozo,0,0.0,0.0,21.0,9.0,0.0,0.0
2023-24,379181,Alejandro Quevedo,0,0.0,0.0,0.0,0.0,0.0,0.0
2023-24,318291,Alejo Veliz,0,0.0,0.0,6.0,0.0,0.0,0.0
2023-24,276369,Aleksandar Radovanovic,0,0.0,0.0,9.0,8.0,0.0,0.0
2023-24,236445,Aleksander Sedlar,0,1.0,0.0,11.0,11.0,0.0,0.0
2023-24,377793,Alex Almansa,0,0.0,0.0,0.0,0.0,0.0,0.0
2023-24,343629,Alex Fores,0,0.0,0.0,0.0,0.0,0.0,0.0
2023-24,188230,Alexander Sørloth,0,23.0,6.0,34.0,30.0,0.0,0.0
2023-24,218439,Alfonso Pedraza,0,1.0,3.0,19.0,14.0,0.0,0.0
2023-24,377767,Ali Fadal,0,0.0,0.0,0.0,0.0,0.0,0.0
2023-24,128045,Alvaro Carrillo,0,0.0,0.0,0.0,0.0,0.0,0.0
2023-24,262071,Anastasios Douvikas,0,7.0,1.0,32.0,7.0,0.0,0.0
2023-24,358303,Ander Astralaga,0,0.0,0.0,0.0,0.0,0.0,0.0
2023-24,283941,Ander Barrenetxea,0,4.0,1.0,29.0,20.0,0.0,0.0
2023-24,260256,Ander Guevara,0,1.0,0.0,37.0,33.0,0.0,0.0
2023-24,131481,Ander Herrera,0,0.0,3.0,23.0,10.0,0.0,0.0
2023-24,368527,Ander Sánchez,0,0.0,0.0,0.0,0.0,0.0,0.0
2023-24,245839,Andoni Gorosabel,0,1.0,0.0,36.0,33.0,0.0,0.0
2023-24,186430,Andreas Christensen,0,2.0,2.0,30.0,27.0,0.0,0.0
2023-24,287224,Andrei Ratiu,0,0.0,0.0,12.0,6.0,0.0,0.0
2023-24,257237,Andriy Lunin,0,0.0,0.0,21.0,21.0,0.0,0.0
2023-24,286604,André Almeida,0,2.0,1.0,18.0,12.0,0.0,0.0
2023-24,3368,André Silva,0,3.0,0.0,19.0,9.0,0.0,0.0
2023-24,376127,Antal Yaakobishvili,0,0.0,0.0,1.0,0.0,0.0,0.0
2023-24,207288,Ante Budimir,0,17.0,2.0,33.0,29.0,0.0,0.0
2023-24,140416,Antoine Griezmann,0,16.0,7.0,33.0,31.0,0.0,0.0
2023-24,265997,Antonio Blanco,0,0.0,1.0,33.0,29.0,0.0,0.0
2023-24,354375,Antonio Espigares,0,0.0,0.0,0.0,0.0,0.0,0.0
2023-24,336230,Antonio Gomis,0,0.0,0.0,0.0,0.0,0.0,0.0
2023-24,184803,Antonio Puertas,0,0.0,2.0,27.0,6.0,0.0,0.0
2023-24,222333,Antonio Raíllo,0,3.0,2.0,26.0,25.0,0.0,0.0
2023-24,169438,Antonio Rüdiger,0,1.0,0.0,33.0,30.0,0.0,0.0
2023-24,200910,Antonio Sivera,0,0.0,0.0,34.0,34.0,0.0,0.0
2023-24,279511,Antonio Sánchez,0,3.0,1.0,29.0,21.0,0.0,0.0
2023-24,310452,Arda Güler,0,6.0,0.0,10.0,4.0,0.0,0.0
2023-24,222423,Aridane Hernández,0,0.0,0.0,19.0,19.0,0.0,0.0
2023-24,375493,Aristide Njalla,0,0.0,0.0,0.0,0.0,0.0,0.0
2023-24,214742,Aritz Elustondo,0,0.0,2.0,15.0,7.0,0.0,0.0
2023-24,308728,Arnau Martínez,0,0.0,2.0,21.0,14.0,0.0,0.0
2023-24,307487,Arsen Zakharyan,0,1.0,2.0,29.0,15.0,0.0,0.0
2023-24,226211,Artem Dovbyk,0,24.0,8.0,36.0,32.0,0.0,0.0
2023-24,345805,Arthur Vermeeren,0,0.0,0.0,5.0,2.0,0.0,0.0
2023-24,381628,Asier Osambela,0,0.0,0.0,1.0,0.0,0.0,0.0
2023-24,222365,Asier Villalibre,0,2.0,1.0,18.0,4.0,0.0,0.0
2023-24,364742,Assane Diao,0,2.0,0.0,18.0,13.0,0.0,0.0
2023-24,195032,Augusto Batalla,0,0.0,0.0,17.0,17.0,0.0,0.0
2023-24,265919,Aurélien Tchouaméni,0,3.0,1.0,27.0,22.0,0.0,0.0
2023-24,164895,Axel Witsel,0,2.0,0.0,35.0,30.0,0.0,0.0
2023-24,192133,Ayoze Pérez,0,9.0,1.0,31.0,29.0,0.0,0.0
2023-24,150451,Aïssa Mandi,0,1.0,0.0,16.0,12.0,0.0,0.0
2023-24,149672,Bebé,0,2.0,0.0,19.0,0.0,0.0,0.0
2023-24,251906,Benito Ramírez,0,1.0,1.0,20.0,2.0,0.0,0.0
2023-24,169661,Bertrand Traoré,0,1.0,0.0,11.0,6.0,0.0,0.0
2023-24,318785,Beñat Prados,0,0.0,0.0,26.0,16.0,0.0,0.0
2023-24,297371,Beñat Turrientes,0,0.0,1.0,29.0,19.0,0.0,0.0
2023-24,136180,Borja García,0,0.0,0.0,0.0,0.0,0.0,0.0
2023-24,218793,Borja Mayoral,0,15.0,1.0,27.0,25.0,0.0,0.0
2023-24,384598,Borja Vázquez,0,0.0,0.0,1.0,0.0,0.0,0.0
2023-24,259497,Boubakary Soumaré,0,0.0,1.0,28.0,26.0,0.0,0.0
2023-24,246532,Brahim Díaz,0,8.0,6.0,31.0,18.0,0.0,0.0
2023-24,262729,Brais Méndez,0,5.0,6.0,32.0,27.0,0.0,0.0
2023-24,276058,Brian Ocampo,0,1.0,0.0,13.0,1.0,0.0,0.0
2023-24,364743,Bruno Alemán,0,0.0,0.0,0.0,0.0,0.0,0.0
2023-24,247701,Bruno Langa,0,1.0,0.0,11.0,9.0,0.0,0.0
2023-24,269902,Bruno Méndez,0,2.0,0.0,17.0,15.0,0.0,0.0
2023-24,290071,Bryan Fiabema,0,0.0,0.0,0.0,0.0,0.0,0.0
2023-24,355902,Cala,0,0.0,0.0,0.0,0.0,0.0,0.0
2023-24,378434,Capi,0,0.0,0.0,0.0,0.0,0.0,0.0
2023-24,195790,Carl Starfelt,0,1.0,0.0,27.0,26.0,0.0,0.0
2023-24,233802,Carles Aleñá,0,1.0,1.0,29.0,10.0,0.0,0.0
2023-24,384040,Carles Garrido,0,0.0,0.0,0.0,0.0,0.0,0.0
2023-24,261468,Carles Pérez,0,1.0,1.0,16.0,7.0,0.0,0.0
2023-24,377778,Carles Sogorb,0,0.0,0.0,0.0,0.0,0.0,0.0
2023-24,376070,Carlos Ballestero,0,0.0,0.0,0.0,0.0,0.0,0.0
2023-24,312376,Carlos Domínguez,0,0.0,0.0,22.0,18.0,0.0,0.0
2023-24,324098,Carlos Dotor,0,0.0,0.0,17.0,7.0,0.0,0.0
2023-24,197906,Carlos Fernández,0,2.0,1.0,10.0,5.0,0.0,0.0
2023-24,283862,Carlos Neva,0,0.0,2.0,36.0,36.0,0.0,0.0
2023-24,253754,Carlos Protesoni,0,3.0,1.0,29.0,10.0,0.0,0.0
2023-24,271904,Carlos Romero,0,0.0,0.0,7.0,2.0,0.0,0.0
2023-24,172019,Carlos Vicente,0,2.0,4.0,18.0,12.0,0.0,0.0
2023-24,301348,Cenk Özkacar,0,0.0,0.0,23.0,18.0,0.0,0.0
2023-24,316601,Cesar Gonzalez,0,0.0,0.0,0.0,0.0,0.0,0.0
2023-24,307870,Chadi Riad,0,0.0,0.0,26.0,24.0,0.0,0.0
2023-24,217588,Chimy Ávila,0,2.0,3.0,23.0,14.0,0.0,0.0
2023-24,207205,Choco Lozano,0,3.0,0.0,19.0,10.0,0.0,0.0
2023-24,269266,Chris Ramos,0,5.0,2.0,37.0,30.0,0.0,0.0
2023-24,268439,Chumi,0,0.0,1.0,31.0,26.0,0.0,0.0
2023-24,85373,Claudio Bravo,0,0.0,0.0,7.0,7.0,0.0,0.0
2023-24,329669,Coke Carrillo,0,0.0,0.0,0.0,0.0,0.0,0.0
2023-24,300927,Copete,0,1.0,1.0,19.0,17.0,0.0,0.0
2023-24,328497,Cristhian Mosquera,0,0.0,0.0,36.0,33.0,0.0,0.0
2023-24,113737,Cristhian Stuani,0,9.0,3.0,31.0,5.0,0.0,0.0
2023-24,188357,Cristian Herrera,0,1.0,0.0,8.0,1.0,0.0,0.0
2023-24,76884,Cristian Rivero,0,0.0,0.0,1.0,0.0,0.0,0.0
2023-24,205024,Cyle Larin,0,3.0,2.0,35.0,20.0,0.0,0.0
2023-24,147193,Cédric Bakambu,0,0.0,0.0,4.0,2.0,0.0,0.0
2023-24,97770,César Azpilicueta,0,0.0,2.0,25.0,14.0,0.0,0.0
2023-24,224323,César Montes,0,0.0,0.0,21.0,21.0,0.0,0.0
2023-24,126489,Daley Blind,0,1.0,2.0,34.0,33.0,0.0,0.0
2023-24,190986,Daley Sinkgraven,0,0.0,0.0,10.0,6.0,0.0,0.0
2023-24,341269,Damián Rodríguez,0,0.0,2.0,5.0,3.0,0.0,0.0
2023-24,168531,Dani Carvajal,0,4.0,4.0,28.0,25.0,0.0,0.0
2023-24,202717,Dani Ceballos,0,0.0,2.0,20.0,5.0,0.0,0.0
2023-24,192734,Dani García,0,1.0,0.0,17.0,7.0,0.0,0.0
2023-24,121020,Dani Parejo,0,3.0,5.0,33.0,29.0,0.0,0.0
2023-24,362752,Dani Requena,0,0.0,0.0,0.0,0.0,0.0,0.0
2023-24,144587,Dani Rodríguez,0,2.0,4.0,36.0,31.0,0.0,0.0
2023-24,274016,Dani Vivian,0,0.0,0.0,33.0,31.0,0.0,0.0
2023-24,381110,Daniel Budesca,0,0.0,0.0,0.0,0.0,0.0,0.0
2023-24,192893,Daniel Cárdenas,0,0.0,0.0,1.0,1.0,0.0,0.0
2023-24,252052,Daniel Fuzato,0,0.0,0.0,1.0,0.0,0.0,0.0
2023-24,353854,Daniel Pérez,0,0.0,0.0,0.0,0.0,0.0,0.0
2023-24,165517,Darwin Machis,0,4.0,0.0,21.0,10.0,0.0,0.0
2023-24,376145,Darío Benavides,0,0.0,0.0,0.0,0.0,0.0,0.0
2023-24,118444,David Alaba,0,0.0,1.0,14.0,14.0,0.0,0.0
2023-24,209582,David García,0,0.0,1.0,27.0,27.0,0.0,0.0
2023-24,195604,David Gil,0,0.0,0.0,5.0,4.0,0.0,0.0
2023-24,160740,David López,0,3.0,0.0,25.0,25.0,0.0,0.0
2023-24,377768,David Otorbi,0,0.0,0.0,0.0,0.0,0.0,0.0
2023-24,196339,David Soria,0,0.0,0.0,38.0,38.0,0.0,0.0
2023-24,163068,Denis Suárez,0,0.0,0.0,4.0,1.0,0.0,0.0
2023-24,219466,Diadie Samassekou,0,0.0,0.0,4.0,0.0,0.0,0.0
2023-24,343632,Diego Collado,0,0.0,0.0,0.0,0.0,0.0,0.0
2023-24,356227,Diego Hormigo,0,0.0,0.0,1.0,0.0,0.0,0.0
2023-24,368359,Diego Kochen,0,0.0,0.0,0.0,0.0,0.0,0.0
2023-24,324504,Diego López,0,3.0,6.0,36.0,30.0,0.0,0.0
2023-24,328461,Diego López,0,0.0,0.0,0.0,0.0,0.0,0.0
2023-24,140342,Diego Mariño,0,0.0,0.0,1.0,1.0,0.0,0.0
2023-24,129879,Diego Méndez,0,0.0,0.0,1.0,0.0,0.0,0.0
2023-24,332945,Diego Piñeiro,0,0.0,0.0,0.0,0.0,0.0,0.0
2023-24,193943,Diego Rico,0,0.0,7.0,32.0,28.0,0.0,0.0
2023-24,157739,Dimitri Foulquier,0,0.0,0.0,33.0,19.0,0.0,0.0
2023-24,353490,Dimitrios Stamatakis,0,0.0,0.0,0.0,0.0,0.0,0.0
2023-24,287477,Dion Lopy,0,0.0,0.0,30.0,23.0,0.0,0.0
2023-24,181355,Djené,0,0.0,0.0,33.0,30.0,0.0,0.0
2023-24,222446,Djibril Sow,0,1.0,1.0,24.0,18.0,0.0,0.0
2023-24,379475,Djordjije Medenica,0,0.0,0.0,0.0,0.0,0.0,0.0
2023-24,229443,Dodi Lukébakio,0,5.0,1.0,23.0,12.0,0.0,0.0
2023-24,219234,Domingos Duarte,0,0.0,0.0,15.0,11.0,0.0,0.0
2023-24,221278,Dominik Greif,0,0.0,0.0,1.0,1.0,0.0,0.0
2023-24,287029,Douglas Arezo,0,0.0,0.0,14.0,3.0,0.0,0.0
2023-24,128669,Edgar González,0,2.0,0.0,31.0,30.0,0.0,0.0
2023-24,364813,Edgar Pujol,0,0.0,0.0,0.0,0.0,0.0,0.0
2023-24,285150,Eduardo Camavinga,0,0.0,2.0,31.0,21.0,0.0,0.0
2023-24,379866,Eghosa Bello,0,0.0,0.0,0.0,0.0,0.0,0.0
2023-24,378408,Egoitz Muñoz,0,0.0,0.0,0.0,0.0,0.0,0.0
2023-24,319096,Eneko Ortiz,0,0.0,0.0,1.0,0.0,0.0,0.0
2023-24,209580,Enrique Barja,0,0.0,0.0,16.0,3.0,0.0,0.0
2023-24,353337,Enrique Fernández,0,0.0,0.0,0.0,0.0,0.0,0.0
2023-24,135422,Enrique García,0,3.0,2.0,33.0,15.0,0.0,0.0
2023-24,276636,Enrique Perez,0,1.0,0.0,24.0,9.0,0.0,0.0
2023-24,334163,Enrique Salas,0,3.0,0.0,23.0,19.0,0.0,0.0
2023-24,272870,Enzo Loiodice,0,0.0,1.0,34.0,19.0,0.0,0.0
2023-24,212342,Eric Bailly,0,0.0,0.0,10.0,9.0,0.0,0.0
2023-24,251905,Eric Curbelo,0,0.0,0.0,2.0,1.0,0.0,0.0
2023-24,128714,Eric García,0,5.0,0.0,32.0,30.0,0.0,0.0
2023-24,130870,Erik Lamela,0,2.0,0.0,13.0,5.0,0.0,0.0
2023-24,346676,Etta Eyong,0,0.0,0.0,1.0,0.0,0.0,0.0
2023-24,261529,Fabio González,0,0.0,0.0,6.0,1.0,0.0,0.0
2023-24,195756,Fabrizio Angileri,0,0.0,0.0,11.0,2.0,0.0,0.0
2023-24,311817,Facundo Esnaider Ruiz,0,0.0,0.0,0.0,0.0,0.0,0.0
2023-24,290538,Facundo Pellistri,0,2.0,1.0,15.0,14.0,0.0,0.0
2023-24,223557,Faitout Maouassa,0,0.0,1.0,6.0,2.0,0.0,0.0
2023-24,222527,Fali,0,0.0,0.0,30.0,30.0,0.0,0.0
2023-24,208010,Fede San Emeterio,0,1.0,0.0,4.0,3.0,0.0,0.0
2023-24,235818,Federico Valverde,0,2.0,7.0,37.0,33.0,0.0,0.0
2023-24,217475,Ferland Mendy,0,0.0,0.0,23.0,21.0,0.0,0.0
2023-24,354334,Fermín López,0,8.0,0.0,31.0,14.0,0.0,0.0
2023-24,161896,Fernando Martínez,0,0.0,0.0,4.0,4.0,0.0,0.0
2023-24,265869,Ferran Torres,0,7.0,2.0,29.0,12.0,0.0,0.0
2023-24,304256,Filip Jørgensen,0,0.0,0.0,36.0,36.0,0.0,0.0
2023-24,140754,Florian Lejeune,0,3.0,1.0,37.0,37.0,0.0,0.0
2023-24,371563,Fran Arbol,0,0.0,0.0,0.0,0.0,0.0,0.0
2023-24,242383,Fran Beltrán,0,0.0,1.0,33.0,28.0,0.0,0.0
2023-24,213050,Fran García,0,1.0,5.0,25.0,15.0,0.0,0.0
2023-24,362874,Fran González,0,0.0,0.0,0.0,0.0,0.0,0.0
2023-24,324505,Fran Pérez,0,1.0,4.0,32.0,27.0,0.0,0.0
2023-24,271914,Fran Vieites,0,0.0,0.0,4.0,3.0,0.0,0.0
2023-24,121406,Francis Coquelin,0,0.0,0.0,17.0,10.0,0.0,0.0
2023-24,204014,Franco Cervi,0,0.0,1.0,17.0,5.0,0.0,0.0
2023-24,219022,Frenkie de Jong,0,2.0,0.0,20.0,20.0,0.0,0.0
2023-24,376068,Gabriel Palmero,0,0.0,0.0,0.0,0.0,0.0,0.0
2023-24,192226,Gabriel Paulista,0,0.0,0.0,23.0,21.0,0.0,0.0
2023-24,309276,Gaizka Ayesa,0,0.0,0.0,0.0,0.0,0.0,0.0
2023-24,363224,Gaizka García,0,0.0,0.0,0.0,0.0,0.0,0.0
2023-24,195753,Gastón Álvarez,0,2.0,0.0,34.0,29.0,0.0,0.0
2023-24,323702,Gavi,0,1.0,1.0,12.0,10.0,0.0,0.0
2023-24,186181,Gerard Gumbau,0,0.0,3.0,35.0,31.0,0.0,0.0
2023-24,156172,Gerard Moreno,0,10.0,6.0,30.0,28.0,0.0,0.0
2023-24,351801,Germán García,0,0.0,0.0,0.0,0.0,0.0,0.0
2023-24,138341,Germán Pezzella,0,1.0,0.0,32.0,32.0,0.0,0.0
2023-24,373924,Ginés Sorroche,0,0.0,0.0,0.0,0.0,0.0,0.0
2023-24,330786,Giorgi Gagua,0,0.0,0.0,0.0,0.0,0.0,0.0
2023-24,274742,Giorgi Mamardashvili,0,0.0,0.0,37.0,37.0,0.0,0.0
2023-24,208642,Giovanni González,0,1.0,1.0,34.0,27.0,0.0,0.0
2023-24,323838,Giuliano Simeone,0,1.0,2.0,14.0,6.0,0.0,0.0
2023-24,184767,Gonzalo Escalante,0,1.0,2.0,25.0,18.0,0.0,0.0
2023-24,87297,Gonzalo García,0,0.0,0.0,2.0,0.0,0.0,0.0
2023-24,119045,Gonzalo Melero,0,1.0,1.0,28.0,10.0,0.0,0.0
2023-24,273424,Gonzalo Villar,0,1.0,3.0,35.0,21.0,0.0,0.0
2023-24,213141,Gonçalo Guedes,0,3.0,2.0,17.0,9.0,0.0,0.0
2023-24,231905,Gorka Guruzeta,0,14.0,5.0,32.0,30.0,0.0,0.0
2023-24,347511,Gorka Rivera,0,0.0,0.0,1.0,0.0,0.0,0.0
2023-24,212185,Guido Rodríguez,0,2.0,0.0,24.0,22.0,0.0,0.0
2023-24,362882,Guilherme Fernandes,0,0.0,0.0,0.0,0.0,0.0,0.0
2023-24,196729,Hamari Traoré,0,0.0,2.0,31.0,27.0,0.0,0.0
2023-24,300007,Hannibal Mejbri,0,0.0,0.0,6.0,1.0,0.0,0.0
2023-24,285799,Horatiu Moldovan,0,0.0,0.0,0.0,0.0,0.0,0.0
2023-24,267477,Hugo Duro,0,13.0,2.0,37.0,35.0,0.0,0.0
2023-24,324811,Hugo Gonzalez,0,0.0,1.0,9.0,0.0,0.0,0.0
2023-24,265985,Hugo Guillamón,0,1.0,0.0,26.0,12.0,0.0,0.0
2023-24,362572,Hugo Rincón,0,0.0,0.0,0.0,0.0,0.0,0.0
2023-24,319114,Hugo Sotelo,0,0.0,1.0,17.0,8.0,0.0,0.0
2023-24,188391,Hugo Álvarez,0,1.0,1.0,12.0,8.0,0.0,0.0
2023-24,178978,Héctor Bellerín,0,0.0,1.0,23.0,20.0,0.0,0.0
2023-24,363039,Héctor Fort,0,0.0,2.0,7.0,4.0,0.0,0.0
2023-24,92800,Iago Aspas,0,9.0,10.0,35.0,31.0,0.0,0.0
2023-24,240062,Ianis Hagi,0,0.0,2.0,22.0,8.0,0.0,0.0
2023-24,41549,Ibrahim Koné,0,0.0,0.0,9.0,2.0,0.0,0.0
2023-24,371543,Ibrahima Sow,0,0.0,0.0,0.0,0.0,0.0,0.0
2023-24,278206,Iddrisu Baba,0,0.0,0.0,25.0,14.0,0.0,0.0
2023-24,153442,Ignasi Miquel,0,1.0,1.0,34.0,33.0,0.0,0.0
2023-24,235693,Igor Zubeldia,0,0.0,2.0,30.0,29.0,0.0,0.0
2023-24,367662,Iker Almena,0,0.0,0.0,0.0,0.0,0.0,0.0
2023-24,139419,Iker Muniain,0,2.0,0.0,20.0,5.0,0.0,0.0
2023-24,359154,Iker Muñoz,0,4.0,0.0,28.0,20.0,0.0,0.0
2023-24,24278,Iker Álvarez,0,0.0,0.0,0.0,0.0,0.0,0.0
2023-24,297829,Ilaix Moriba,0,0.0,2.0,14.0,8.0,0.0,0.0
2023-24,331047,Ilias Akhomach,0,2.0,2.0,31.0,17.0,0.0,0.0
2023-24,355900,Ilias Kostis,0,0.0,0.0,0.0,0.0,0.0,0.0
2023-24,131424,Ilkay Gündogan,0,5.0,9.0,36.0,33.0,0.0,0.0
2023-24,320987,Imanol García de Albéniz,0,0.0,0.0,9.0,5.0,0.0,0.0
2023-24,365821,Isaac Romero,0,4.0,4.0,14.0,14.0,0.0,0.0
2023-24,143564,Isco,0,8.0,6.0,29.0,28.0,0.0,0.0
2023-24,264197,Isi Palazón,0,4.0,1.0,37.0,34.0,0.0,0.0
2023-24,376146,Israel Domínguez,0,0.0,0.0,0.0,0.0,0.0,0.0
2023-24,206473,Iván Alejo,0,0.0,2.0,30.0,21.0,0.0,0.0
2023-24,158151,Iván Balliu,0,0.0,1.0,33.0,32.0,0.0,0.0
2023-24,32501,Iván Cuéllar,0,0.0,0.0,1.0,1.0,0.0,0.0
2023-24,330545,Iván Martín,0,5.0,4.0,36.0,33.0,0.0,0.0
2023-24,242580,Iván Villar,0,0.0,0.0,12.0,12.0,0.0,0.0
2023-24,222384,Iza,0,0.0,0.0,35.0,29.0,0.0,0.0
2023-24,367731,Iñaki González,0,0.0,0.0,1.0,0.0,0.0,0.0
2023-24,282680,Iñaki Peña,0,0.0,0.0,10.0,10.0,0.0,0.0
2023-24,379457,Iñaki Rupérez,0,0.0,0.0,0.0,0.0,0.0,0.0
2023-24,214412,Iñaki Williams,0,12.0,3.0,34.0,32.0,0.0,0.0
2023-24,380918,Iñigo Arguibide,0,0.0,0.0,1.0,0.0,0.0,0.0
2023-24,222369,Iñigo Lekue,0,0.0,3.0,27.0,22.0,0.0,0.0
2023-24,165562,Iñigo Martínez,0,0.0,0.0,20.0,13.0,0.0,0.0
2023-24,157708,Iñigo Ruiz de Galarreta,0,1.0,1.0,29.0,25.0,0.0,0.0
2023-24,380318,Jacobo Ramón,0,0.0,0.0,0.0,0.0,0.0,0.0
2023-24,218965,Jailson,0,0.0,1.0,14.0,9.0,0.0,0.0
2023-24,196915,Jaime Mata,0,5.0,1.0,35.0,22.0,0.0,0.0
2023-24,149622,Jan Oblak,0,0.0,0.0,38.0,38.0,0.0,0.0
2023-24,372324,Jastin García,0,0.0,0.0,3.0,0.0,0.0,0.0
2023-24,103897,Jaume Costa,0,0.0,1.0,30.0,19.0,0.0,0.0
2023-24,173750,Jaume Doménech,0,0.0,0.0,2.0,1.0,0.0,0.0
2023-24,231838,Javi Galán,0,0.0,1.0,19.0,13.0,0.0,0.0
2023-24,278174,Javi Hernández,0,1.0,2.0,30.0,28.0,0.0,0.0
2023-24,331154,Javi Llabrés,0,1.0,0.0,16.0,1.0,0.0,0.0
2023-24,297354,Javi López,0,1.0,3.0,32.0,25.0,0.0,0.0
2023-24,214275,Javi Muñoz,0,2.0,3.0,37.0,30.0,0.0,0.0
2023-24,376147,Javi Rodríguez,0,0.0,0.0,0.0,0.0,0.0,0.0
2023-24,331586,Javi Rueda,0,0.0,0.0,1.0,0.0,0.0,0.0
2023-24,373877,Javier Boñar,0,0.0,0.0,0.0,0.0,0.0,0.0
2023-24,331709,Javier Domínguez,0,0.0,0.0,0.0,0.0,0.0,0.0
2023-24,16340,Javier Guerra,0,4.0,1.0,36.0,28.0,0.0,0.0
2023-24,169220,Javier Manquillo,0,0.0,1.0,12.0,10.0,0.0,0.0
2023-24,84349,Javier Navarro,0,0.0,0.0,0.0,0.0,0.0,0.0
2023-24,195621,Jeremias Ledesma,0,0.0,0.0,34.0,34.0,0.0,0.0
2023-24,375786,Jeremy Jorge,0,0.0,0.0,1.0,0.0,0.0,0.0
2023-24,300876,Jesús Areso,0,1.0,6.0,37.0,29.0,0.0,0.0
2023-24,37449,Jesús Navas,0,0.0,2.0,29.0,25.0,0.0,0.0
2023-24,287165,Jesús Owono,0,0.0,0.0,4.0,4.0,0.0,0.0
2023-24,209592,Jesús Vallejo,0,0.0,0.0,3.0,1.0,0.0,0.0
2023-24,189804,Jesús Vázquez,0,1.0,0.0,20.0,6.0,0.0,0.0
2023-24,285048,Jhon Solís,0,0.0,0.0,18.0,2.0,0.0,0.0
2023-24,208850,Joan Jordán,0,0.0,0.0,8.0,4.0,0.0,0.0
2023-24,350961,Joaquín Panichelli,0,0.0,0.0,8.0,2.0,0.0,0.0
2023-24,308763,Joel Lopez Salguero,0,0.0,0.0,0.0,0.0,0.0,0.0
2023-24,173247,Johan Mojica,0,0.0,3.0,30.0,22.0,0.0,0.0
2023-24,313053,John Finn,0,0.0,0.0,0.0,0.0,0.0,0.0
2023-24,290802,Johnny Cardoso,0,1.0,2.0,17.0,15.0,0.0,0.0
2023-24,317784,Jon Ander Olasagasti,0,0.0,0.0,14.0,2.0,0.0,0.0
2023-24,318063,Jon Aramburu,0,0.0,0.0,11.0,5.0,0.0,0.0
2023-24,254320,Jon Guridi,0,3.0,4.0,36.0,34.0,0.0,0.0
2023-24,325010,Jon Magunacelaya,0,0.0,0.0,5.0,1.0,0.0,0.0
2023-24,366885,Jon Martín,0,0.0,0.0,1.0,0.0,0.0,0.0
2023-24,286176,Jon Moncayola,0,1.0,3.0,33.0,21.0,0.0,0.0
2023-24,297359,Jon Pacheco,0,1.0,1.0,23.0,16.0,0.0,0.0
2023-24,210538,Jonathan Bamba,0,3.0,2.0,27.0,24.0,0.0,0.0
2023-24,150802,Jonathan Viera,0,2.0,4.0,21.0,19.0,0.0,0.0
2023-24,331710,Jordi Martín,0,0.0,0.0,13.0,5.0,0.0,0.0
2023-24,367961,Jorge Benito,0,0.0,0.0,0.0,0.0,0.0,0.0
2023-24,252031,Jorge Cuenca,0,3.0,1.0,29.0,21.0,0.0,0.0
2023-24,307019,Jorge Herrando,0,0.0,1.0,19.0,18.0,0.0,0.0
2023-24,211912,Jorge Meré,0,0.0,0.0,10.0,8.0,0.0,0.0
2023-24,84064,Jorge Moreno,0,0.0,0.0,1.0,0.0,0.0,0.0
2023-24,343634,Jorge Pascual Medina,0,0.0,0.0,1.0,0.0,0.0,0.0
2023-24,260740,Jorge de Frutos,0,2.0,0.0,36.0,14.0,0.0,0.0
2023-24,193463,Joseba Zaldúa,0,0.0,0.0,13.0,9.0,0.0,0.0
2023-24,336058,Joseda Álvarez,0,0.0,0.0,0.0,0.0,0.0,0.0
2023-24,134939,Joselu,0,10.0,2.0,34.0,15.0,0.0,0.0
2023-24,376208,Joselu Pérez,0,0.0,0.0,0.0,0.0,0.0,0.0
2023-24,219309,Joseph Aidoo,0,0.0,0.0,6.0,4.0,0.0,0.0
2023-24,229522,José Arnaiz,0,2.0,1.0,26.0,9.0,0.0,0.0
2023-24,121600,José Callejón,0,0.0,1.0,25.0,7.0,0.0,0.0
2023-24,158259,José Campaña,0,0.0,0.0,8.0,1.0,0.0,0.0
2023-24,178747,José Gayà,0,1.0,2.0,24.0,22.0,0.0,0.0
2023-24,184640,José Luis Morales,0,7.0,0.0,29.0,8.0,0.0,0.0
2023-24,177704,José Marí,0,0.0,0.0,3.0,0.0,0.0,0.0
2023-24,188398,José María Giménez,0,0.0,0.0,22.0,14.0,0.0,0.0
2023-24,178838,José Pozo,0,0.0,0.0,2.0,0.0,0.0,0.0
2023-24,359404,José de León,0,0.0,0.0,0.0,0.0,0.0,0.0
2023-24,250508,José Ángel Carmona,0,1.0,1.0,30.0,15.0,0.0,0.0
2023-24,176399,João Cancelo,0,2.0,4.0,32.0,29.0,0.0,0.0
2023-24,276350,João Félix,0,7.0,3.0,30.0,18.0,0.0,0.0
2023-24,372151,Juan Arango,0,0.0,0.0,0.0,0.0,0.0,0.0
2023-24,152130,Juan Carlos,0,0.0,0.0,0.0,0.0,0.0,0.0
2023-24,155392,Juan Cruz,0,0.0,1.0,26.0,18.0,0.0,0.0
2023-24,242710,Juan Foyth,0,1.0,1.0,12.0,12.0,0.0,0.0
2023-24,279738,Juan Iglesias,0,0.0,2.0,23.0,16.0,0.0,0.0
2023-24,335235,Juan Latasa,0,2.0,0.0,32.0,15.0,0.0,0.0
2023-24,261616,Juan Miranda,0,1.0,1.0,25.0,21.0,0.0,0.0
2023-24,303804,Juanlu Sanchez,0,0.0,2.0,26.0,11.0,0.0,0.0
2023-24,367729,Juanma Herzog,0,2.0,0.0,4.0,3.0,0.0,0.0
2023-24,143643,Juanmi,0,3.0,2.0,16.0,9.0,0.0,0.0
2023-24,135922,Juanpe,0,0.0,0.0,17.0,6.0,0.0,0.0
2023-24,291281,Jude Bellingham,0,19.0,7.0,28.0,27.0,0.0,0.0
2023-24,323970,Julen Agirrezabala,0,0.0,0.0,4.0,2.0,0.0,0.0
2023-24,231692,Jules Koundé,0,1.0,2.0,35.0,32.0,0.0,0.0
2023-24,376014,Julio Cabrera,0,0.0,0.0,0.0,0.0,0.0,0.0
2023-24,280764,Julián Araujo,0,1.0,0.0,25.0,15.0,0.0,0.0
2023-24,252747,Jørgen Strand Larsen,0,13.0,3.0,37.0,36.0,0.0,0.0
2023-24,235672,Kamil Jozwiak,0,0.0,1.0,11.0,7.0,0.0,0.0
2023-24,316280,Kamil Piatkowski,0,0.0,0.0,9.0,6.0,0.0,0.0
2023-24,169532,Kepa Arrizabalaga,0,0.0,0.0,14.0,13.0,0.0,0.0
2023-24,219074,Kevin Vázquez,0,0.0,0.0,12.0,10.0,0.0,0.0
2023-24,214794,Kieran Tierney,0,0.0,2.0,20.0,14.0,0.0,0.0
2023-24,125749,Kiko Femenía,0,0.0,0.0,23.0,16.0,0.0,0.0
2023-24,288936,Kirian Rodríguez,0,6.0,2.0,37.0,36.0,0.0,0.0
2023-24,140791,Koke,0,0.0,4.0,35.0,32.0,0.0,0.0
2023-24,362150,Lamine Yamal,0,5.0,5.0,37.0,22.0,0.0,0.0
2023-24,291435,Largie Ramazani,0,3.0,5.0,29.0,16.0,0.0,0.0
2023-24,332240,Lassina Sangare,0,0.0,0.0,0.0,0.0,0.0,0.0
2023-24,300410,Loïc Badé,0,0.0,1.0,28.0,27.0,0.0,0.0
2023-24,225609,Luca de la Torre,0,1.0,4.0,31.0,22.0,0.0,0.0
2023-24,207236,Lucas Boyé,0,6.0,3.0,31.0,30.0,0.0,0.0
2023-24,308868,Lucas Cañizares,0,0.0,0.0,0.0,0.0,0.0,0.0
2023-24,159263,Lucas Ocampos,0,4.0,3.0,35.0,34.0,0.0,0.0
2023-24,285790,Lucas Pires,0,1.0,0.0,28.0,15.0,0.0,0.0
2023-24,241823,Lucas Robertone,0,0.0,5.0,33.0,29.0,0.0,0.0
2023-24,170154,Lucas Torró,0,1.0,0.0,28.0,21.0,0.0,0.0
2023-24,174967,Lucas Vázquez,0,3.0,6.0,29.0,14.0,0.0,0.0
2023-24,282289,Lucien Agoumé,0,0.0,0.0,12.0,9.0,0.0,0.0
2023-24,359403,Luis Dasilva Rodríguez,0,0.0,0.0,0.0,0.0,0.0,0.0
2023-24,136291,Luis Hernández,0,1.0,0.0,9.0,8.0,0.0,0.0
2023-24,264211,Luis Milla,0,0.0,1.0,27.0,25.0,0.0,0.0
2023-24,264177,Luis Rioja,0,5.0,4.0,37.0,31.0,0.0,0.0
2023-24,272722,Luis Suárez,0,6.0,0.0,15.0,10.0,0.0,0.0
2023-24,76762,Luka Modric,0,2.0,6.0,32.0,18.0,0.0,0.0
2023-24,303844,Luka Romero,0,3.0,0.0,13.0,5.0,0.0,0.0
2023-24,256604,Luís Maximiano,0,0.0,0.0,33.0,33.0,0.0,0.0
2023-24,175010,Léo Baptistão,0,6.0,0.0,32.0,22.0,0.0,0.0
2023-24,347412,Malcom Adu Ares,0,0.0,0.0,12.0,2.0,0.0,0.0
2023-24,356228,Manu Bueno,0,0.0,0.0,4.0,1.0,0.0,0.0
2023-24,268753,Manu Morlanes,0,0.0,2.0,35.0,16.0,0.0,0.0
2023-24,300985,Manu Sánchez,0,0.0,5.0,26.0,20.0,0.0,0.0
2023-24,158605,Manu Trigueros,0,0.0,0.0,14.0,2.0,0.0,0.0
2023-24,145078,Marc Bartra,0,0.0,0.0,3.0,3.0,0.0,0.0
2023-24,250678,Marc Cardona,0,4.0,1.0,26.0,6.0,0.0,0.0
2023-24,345489,Marc Casadó,0,0.0,0.0,2.0,0.0,0.0,0.0
2023-24,363038,Marc Guiu,0,1.0,0.0,3.0,1.0,0.0,0.0
2023-24,173347,Marc Martínez Aranda,0,0.0,0.0,3.0,3.0,0.0,0.0
2023-24,332613,Marc Pubill,0,1.0,3.0,23.0,22.0,0.0,0.0
2023-24,242008,Marc Roca,0,2.0,2.0,26.0,24.0,0.0,0.0
2023-24,140740,Marc-André ter Stegen,0,0.0,0.0,28.0,28.0,0.0,0.0
2023-24,303978,Marco Camús,0,0.0,0.0,0.0,0.0,0.0,0.0
2023-24,294932,Marco Moreno,0,0.0,0.0,0.0,0.0,0.0,0.0
2023-24,157557,Marcos Acuña,0,1.0,2.0,21.0,18.0,0.0,0.0
2023-24,146127,Marcos Alonso,0,0.0,0.0,5.0,3.0,0.0,0.0
2023-24,338809,Marcos Fernández,0,0.0,0.0,0.0,0.0,0.0,0.0
2023-24,206474,Marcos Llorente,0,6.0,4.0,37.0,29.0,0.0,0.0
2023-24,282588,Marcos Paulo,0,0.0,0.0,0.0,0.0,0.0,0.0
2023-24,338888,Marcos Peña,0,0.0,0.0,7.0,4.0,0.0,0.0
2023-24,203112,Marcão,0,0.0,0.0,7.0,3.0,0.0,0.0
2023-24,198832,Mariano,0,0.0,0.0,9.0,2.0,0.0,0.0
2023-24,340197,Mario Dominguez,0,0.0,0.0,3.0,0.0,0.0,0.0
2023-24,347356,Mario González,0,0.0,0.0,0.0,0.0,0.0,0.0
2023-24,222529,Mario Hermoso,0,0.0,1.0,31.0,29.0,0.0,0.0
2023-24,357147,Mario Martín,0,0.0,0.0,2.0,0.0,0.0,0.0
2023-24,311576,Mario Ramos,0,0.0,0.0,0.0,0.0,0.0,0.0
2023-24,304001,Mario de Luis,0,0.0,0.0,0.0,0.0,0.0,0.0
2023-24,179211,Marko Dmitrovic,0,0.0,0.0,13.0,13.0,0.0,0.0
2023-24,97026,Marko Milovanovic,0,1.0,0.0,11.0,2.0,0.0,0.0
2023-24,246833,Martin Hongla,0,0.0,0.0,13.0,6.0,0.0,0.0
2023-24,193397,Martin Valjent,0,0.0,1.0,28.0,28.0,0.0,0.0
2023-24,277518,Martín Merquelanz,0,0.0,0.0,0.0,0.0,0.0,0.0
2023-24,278522,Martín Pascual,0,0.0,0.0,0.0,0.0,0.0,0.0
2023-24,367656,Martín Tejón,0,0.0,0.0,0.0,0.0,0.0,0.0
2023-24,287266,Martín Zubimendi,0,4.0,1.0,31.0,29.0,0.0,0.0
2023-24,307916,Marvin,0,0.0,2.0,31.0,17.0,0.0,0.0
2023-24,276221,Mason Greenwood,0,8.0,6.0,33.0,30.0,0.0,0.0
2023-24,151765,Matija Nastasic,0,2.0,0.0,26.0,25.0,0.0,0.0
2023-24,353391,Matías Árbol,0,0.0,0.0,0.0,0.0,0.0,0.0
2023-24,199775,Mauro Arambarri,0,0.0,0.0,7.0,3.0,0.0,0.0
2023-24,239216,Max Svensson,0,0.0,0.0,1.0,0.0,0.0,0.0
2023-24,67183,Maxi Gómez,0,0.0,0.0,31.0,12.0,0.0,0.0
2023-24,159255,Memphis Depay,0,5.0,1.0,23.0,9.0,0.0,0.0
2023-24,290044,Miguel Gutiérrez,0,2.0,8.0,35.0,35.0,0.0,0.0
2023-24,333840,Miguel Martín García,0,0.0,0.0,0.0,0.0,0.0,0.0
2023-24,376071,Miguel Peñalver,0,0.0,0.0,0.0,0.0,0.0,0.0
2023-24,83494,Miguel Rodríguez,0,0.0,0.0,15.0,2.0,0.0,0.0
2023-24,273291,Miguel Rubio,0,1.0,0.0,19.0,17.0,0.0,0.0
2023-24,124126,Miguel Silva,0,0.0,0.0,15.0,4.0,0.0,0.0
2023-24,340205,Miguel Ángel Brau,0,0.0,0.0,1.0,0.0,0.0,0.0
2023-24,277615,Miguel Ángel Morro,0,0.0,0.0,0.0,0.0,0.0,0.0
2023-24,221334,Mihailo Ristic,0,0.0,0.0,12.0,9.0,0.0,0.0
2023-24,332573,Mika Mármol,0,0.0,1.0,36.0,36.0,0.0,0.0
2023-24,297344,Mikayil Faye,0,0.0,0.0,0.0,0.0,0.0,0.0
2023-24,377792,Mikel Jauregizar,0,0.0,0.0,7.0,1.0,0.0,0.0
2023-24,209581,Mikel Merino,0,5.0,3.0,32.0,27.0,0.0,0.0
2023-24,229018,Mikel Oyarzabal,0,9.0,3.0,33.0,23.0,0.0,0.0
2023-24,222373,Mikel Vesga,0,3.0,1.0,27.0,18.0,0.0,0.0
2023-24,311364,Miki,0,0.0,0.0,1.0,0.0,0.0,0.0
2023-24,169089,Moi Gómez,0,3.0,0.0,28.0,23.0,0.0,0.0
2023-24,256681,Momo Mbaye,0,0.0,0.0,4.0,2.0,0.0,0.0
2023-24,241117,Mouctar Diakhaby,0,1.0,0.0,14.0,12.0,0.0,0.0
2023-24,228546,Moussa Diakité,0,0.0,0.0,1.0,0.0,0.0,0.0
2023-24,193782,Munir El Haddadi,0,3.0,2.0,38.0,32.0,0.0,0.0
2023-24,275500,Myrto Uzuni,0,11.0,1.0,34.0,28.0,0.0,0.0
2023-24,309241,Máximo Perrone,0,0.0,0.0,29.0,20.0,0.0,0.0
2023-24,332249,Nabil Aberdin,0,0.0,0.0,2.0,2.0,0.0,0.0
2023-24,189025,Nabil Fekir,0,1.0,2.0,19.0,10.0,0.0,0.0
2023-24,157710,Nacho,0,0.0,1.0,29.0,18.0,0.0,0.0
2023-24,240102,Nacho Vidal,0,1.0,0.0,15.0,5.0,0.0,0.0
2023-24,164826,Nahuel Molina,0,2.0,3.0,30.0,19.0,0.0,0.0
2023-24,262491,Nahuel Tenaglia,0,1.0,0.0,25.0,11.0,0.0,0.0
2023-24,324483,Nando Almodóvar,0,0.0,0.0,0.0,0.0,0.0,0.0
2023-24,136673,Nemanja Gudelj,0,1.0,1.0,22.0,20.0,0.0,0.0
2023-24,219538,Nemanja Maksimovic,0,4.0,0.0,37.0,37.0,0.0,0.0
2023-24,214433,Nemanja Radonjic,0,0.0,0.0,11.0,4.0,0.0,0.0
2023-24,337970,Nico Paz,0,0.0,0.0,4.0,0.0,0.0,0.0
2023-24,312146,Nico Williams,0,5.0,11.0,31.0,29.0,0.0,0.0
2023-24,356212,Nobel Mendy,0,0.0,0.0,0.0,0.0,0.0,0.0
2023-24,203908,Nuke Mfulu,0,0.0,0.0,5.0,1.0,0.0,0.0
2023-24,291616,Oihan Sancet,0,4.0,5.0,30.0,25.0,0.0,0.0
2023-24,215401,Omar Alderete,0,0.0,1.0,31.0,24.0,0.0,0.0
2023-24,174966,Omar Mascarell,0,0.0,0.0,29.0,18.0,0.0,0.0
2023-24,141271,Oriol Romeu,0,0.0,1.0,28.0,11.0,0.0,0.0
2023-24,384575,Oscar Naasei Oppong,0,0.0,0.0,0.0,0.0,0.0,0.0
2023-24,377782,Oso,0,0.0,0.0,0.0,0.0,0.0,0.0
2023-24,336634,Pablo Barrios,0,0.0,1.0,24.0,17.0,0.0,0.0
2023-24,371692,Pablo Busto,0,0.0,0.0,2.0,0.0,0.0,0.0
2023-24,227714,Pablo Fornals,0,3.0,2.0,15.0,14.0,0.0,0.0
2023-24,300121,Pablo Gozálbez,0,0.0,0.0,5.0,1.0,0.0,0.0
2023-24,106326,Pablo Ibáñez,0,1.0,2.0,33.0,12.0,0.0,0.0
2023-24,222661,Pablo Maffeo,0,1.0,2.0,22.0,17.0,0.0,0.0
2023-24,326900,Pablo Marín,0,0.0,0.0,0.0,0.0,0.0,0.0
2023-24,353537,Pablo Sáenz,0,0.0,0.0,1.0,0.0,0.0,0.0
2023-24,206110,Pablo Torre,0,0.0,2.0,26.0,4.0,0.0,0.0
2023-24,311800,Pablo Valencia,0,0.0,0.0,0.0,0.0,0.0,0.0
2023-24,199790,Pacha Espino,0,0.0,1.0,31.0,29.0,0.0,0.0
2023-24,373789,Paco Sanz,0,0.0,0.0,1.0,0.0,0.0,0.0
2023-24,294228,Pathé Ciss,0,1.0,0.0,31.0,16.0,0.0,0.0
2023-24,376057,Pau,0,0.0,0.0,0.0,0.0,0.0,0.0
2023-24,368992,Pau Cubarsí,0,0.0,0.0,19.0,18.0,0.0,0.0
2023-24,376162,Pau Mascaró,0,0.0,0.0,0.0,0.0,0.0,0.0
2023-24,363040,Pau Prim,0,0.0,0.0,0.0,0.0,0.0,0.0
2023-24,303808,Pau Víctor,0,0.0,0.0,0.0,0.0,0.0,0.0
2023-24,164469,Paulo Gazzaniga,0,0.0,0.0,38.0,38.0,0.0,0.0
2023-24,250465,Pedri,0,4.0,2.0,24.0,16.0,0.0,0.0
2023-24,270597,Pejiño,0,2.0,0.0,17.0,6.0,0.0,0.0
2023-24,300331,Pep Chavarría,0,1.0,1.0,22.0,12.0,0.0,0.0
2023-24,12910,Pepe Reina,0,0.0,0.0,2.0,2.0,0.0,0.0
2023-24,231603,Pepelu,0,7.0,1.0,37.0,37.0,0.0,0.0
2023-24,332892,Peter Federico,0,0.0,0.0,15.0,5.0,0.0,0.0
2023-24,331757,Pol Tristan,0,0.0,0.0,0.0,0.0,0.0,0.0
2023-24,152166,Portu,0,7.0,6.0,36.0,11.0,0.0,0.0
2023-24,192126,Predrag Rajkovic,0,0.0,0.0,36.0,36.0,0.0,0.0
2023-24,376637,Rachad Dhimi,0,0.0,0.0,1.0,0.0,0.0,0.0
2023-24,87706,Radamel Falcao,0,1.0,0.0,22.0,2.0,0.0,0.0
2023-24,297360,Rafa Marín,0,0.0,0.0,33.0,27.0,0.0,0.0
2023-24,230974,Rafa Mir,0,2.0,0.0,15.0,3.0,0.0,0.0
2023-24,119332,Rafael Romero,0,0.0,0.0,0.0,0.0,0.0,0.0
2023-24,309838,Ramón Terrats,0,0.0,2.0,19.0,6.0,0.0,0.0
2023-24,276847,Randy Nteka,0,1.0,1.0,16.0,3.0,0.0,0.0
2023-24,231050,Raphinha,0,6.0,9.0,28.0,17.0,0.0,0.0
2023-24,377843,Rayane Belaid,0,0.0,0.0,0.0,0.0,0.0,0.0
2023-24,41970,Raúl Albiol,0,0.0,1.0,26.0,24.0,0.0,0.0
2023-24,113097,Raúl Fernández,0,0.0,0.0,4.0,4.0,0.0,0.0
2023-24,296163,Raúl García,0,6.0,1.0,35.0,13.0,0.0,0.0
2023-24,361216,Raúl García,0,0.0,0.0,0.0,0.0,0.0,0.0
2023-24,45927,Raúl García,0,1.0,0.0,20.0,1.0,0.0,0.0
2023-24,310024,Raúl Torrente,0,0.0,0.0,17.0,14.0,0.0,0.0
2023-24,174971,Raúl de Tomás,0,1.0,2.0,25.0,15.0,0.0,0.0
2023-24,230081,Reinildo Mandava,0,2.0,1.0,16.0,7.0,0.0,0.0
2023-24,181557,Renato Tapia,0,0.0,0.0,21.0,15.0,0.0,0.0
2023-24,325019,Ricard Artero,0,0.0,0.0,0.0,0.0,0.0,0.0
2023-24,290047,Ricard Sánchez,0,3.0,0.0,33.0,25.0,0.0,0.0
2023-24,304277,Ricardo Visus,0,0.0,0.0,3.0,1.0,0.0,0.0
2023-24,125824,Robert Lewandowski,0,19.0,8.0,35.0,32.0,0.0,0.0
2023-24,276996,Robert Navarro,0,1.0,1.0,28.0,24.0,0.0,0.0
2023-24,214888,Robin Le Normand,0,2.0,0.0,29.0,28.0,0.0,0.0
2023-24,121194,Rodri Sánchez,0,0.0,0.0,29.0,9.0,0.0,0.0
2023-24,174466,Rodrigo De Paul,0,3.0,5.0,34.0,25.0,0.0,0.0
2023-24,70224,Rodrigo Riquelme,0,3.0,5.0,34.0,17.0,0.0,0.0
2023-24,267804,Rodrygo,0,10.0,5.0,34.0,28.0,0.0,0.0
2023-24,169533,Roger Martí,0,2.0,3.0,23.0,18.0,0.0,0.0
2023-24,219543,Roman Yaremchuk,0,3.0,0.0,25.0,11.0,0.0,0.0
2023-24,241661,Rominigue Kouamé,0,0.0,0.0,16.0,9.0,0.0,0.0
2023-24,270821,Ronald Araújo,0,1.0,2.0,25.0,21.0,0.0,0.0
2023-24,214317,Rubén Alcaraz,0,3.0,1.0,36.0,36.0,0.0,0.0
2023-24,177553,Rubén Duarte,0,2.0,1.0,28.0,21.0,0.0,0.0
2023-24,178328,Rubén García,0,3.0,2.0,30.0,19.0,0.0,0.0
2023-24,332342,Rubén Iranzo,0,0.0,0.0,1.0,0.0,0.0,0.0
2023-24,177803,Rubén Peña,0,0.0,2.0,29.0,26.0,0.0,0.0
2023-24,362904,Rubén Quintanilla,0,0.0,0.0,0.0,0.0,0.0,0.0
2023-24,174970,Rubén Sobrino,0,0.0,1.0,32.0,18.0,0.0,0.0
2023-24,177898,Rui Silva,0,0.0,0.0,28.0,28.0,0.0,0.0
2023-24,373796,Rúben Montero,0,0.0,0.0,0.0,0.0,0.0,0.0
2023-24,363063,Salim El Jebari,0,0.0,0.0,1.0,0.0,0.0,0.0
2023-24,364815,Samu Aghehowa,0,9.0,1.0,35.0,22.0,0.0,0.0
2023-24,253937,Samuel Lino,0,4.0,6.0,34.0,25.0,0.0,0.0
2023-24,183466,Samú Costa,0,1.0,1.0,34.0,26.0,0.0,0.0
2023-24,188165,Sandro,0,1.0,3.0,27.0,21.0,0.0,0.0
2023-24,240623,Santi Comesaña,0,2.0,0.0,27.0,20.0,0.0,0.0
2023-24,332042,Santiago García,0,0.0,0.0,1.0,0.0,0.0,0.0
2023-24,304470,Savinho,0,9.0,11.0,37.0,35.0,0.0,0.0
2023-24,274258,Saúl Coco,0,1.0,0.0,30.0,26.0,0.0,0.0
2023-24,172269,Saúl Ñíguez,0,1.0,5.0,34.0,14.0,0.0,0.0
2023-24,223075,Selim Amallah,0,0.0,1.0,20.0,7.0,0.0,0.0
2023-24,367996,Selu Diallo,0,0.0,0.0,0.0,0.0,0.0,0.0
2023-24,331426,Sergi Altimira,0,1.0,0.0,14.0,6.0,0.0,0.0
2023-24,226140,Sergi Canós,0,1.0,2.0,27.0,15.0,0.0,0.0
2023-24,289072,Sergi Cardona,0,1.0,2.0,35.0,30.0,0.0,0.0
2023-24,165519,Sergi Darder,0,2.0,5.0,36.0,21.0,0.0,0.0
2023-24,222360,Sergi Guardiola,0,1.0,2.0,22.0,1.0,0.0,0.0
2023-24,150225,Sergi Roberto,0,3.0,2.0,14.0,10.0,0.0,0.0
2023-24,307917,Sergio Arribas,0,9.0,4.0,34.0,22.0,0.0,0.0
2023-24,276652,Sergio Camello,0,3.0,1.0,31.0,20.0,0.0,0.0
2023-24,332235,Sergio Gimeno,0,0.0,0.0,0.0,0.0,0.0,0.0
2023-24,307534,Sergio Guerrero Romero,0,0.0,0.0,0.0,0.0,0.0,0.0
2023-24,191360,Sergio Herrera,0,0.0,0.0,32.0,32.0,0.0,0.0
2023-24,350351,Sergio Mestre,0,0.0,0.0,0.0,0.0,0.0,0.0
2023-24,41579,Sergio Ramos,0,3.0,0.0,28.0,28.0,0.0,0.0
2023-24,384447,Sergio Rodelas,0,0.0,1.0,3.0,2.0,0.0,0.0
2023-24,184759,Sergio Ruiz,0,0.0,4.0,35.0,30.0,0.0,0.0
2023-24,195027,Sheraldo Becker,0,2.0,2.0,15.0,8.0,0.0,0.0
2023-24,240517,Siebe van der Heyden,0,0.0,0.0,6.0,4.0,0.0,0.0
2023-24,367661,Silvi Clua,0,0.0,0.0,1.0,0.0,0.0,0.0
2023-24,86377,Sokratis Papastathopoulos,0,0.0,0.0,15.0,12.0,0.0,0.0
2023-24,252205,Sory Kaba,0,1.0,1.0,17.0,9.0,0.0,0.0
2023-24,356925,Stanis Idumbo,0,0.0,0.0,0.0,0.0,0.0,0.0
2023-24,342146,Stefan Lekovic,0,0.0,0.0,1.0,0.0,0.0,0.0
2023-24,150541,Stefan Savic,0,0.0,0.0,23.0,19.0,0.0,0.0
2023-24,165334,Stole Dimitrievski,0,0.0,0.0,37.0,37.0,0.0,0.0
2023-24,164800,Suso,0,1.0,4.0,29.0,15.0,0.0,0.0
2023-24,315801,Tadeo Allende,0,1.0,0.0,10.0,2.0,0.0,0.0
2023-24,256587,Takefusa Kubo,0,7.0,4.0,30.0,24.0,0.0,0.0
2023-24,290165,Tanguy Nianzou,0,0.0,0.0,8.0,3.0,0.0,0.0
2023-24,290190,Theo Corbeanu,0,1.0,0.0,9.0,2.0,0.0,0.0
2023-24,297164,Theo Zidane,0,0.0,0.0,0.0,0.0,0.0,0.0
2023-24,134283,Thibaut Courtois,0,0.0,0.0,4.0,4.0,0.0,0.0
2023-24,275983,Thierry Correia,0,0.0,2.0,31.0,25.0,0.0,0.0
2023-24,190291,Thomas Lemar,0,0.0,0.0,3.0,3.0,0.0,0.0
2023-24,332008,Tomás Mendes,0,0.0,0.0,1.0,0.0,0.0,0.0
2023-24,291957,Toni Fuidias,0,0.0,0.0,0.0,0.0,0.0,0.0
2023-24,103173,Toni Kroos,0,1.0,8.0,33.0,24.0,0.0,0.0
2023-24,232275,Toni Lato,0,0.0,1.0,28.0,16.0,0.0,0.0
2023-24,248845,Toni Villa,0,0.0,0.0,2.0,0.0,0.0,0.0
2023-24,211770,Umar Sadiq,0,3.0,1.0,26.0,12.0,0.0,0.0
2023-24,368331,Unai Egiluz,0,0.0,0.0,0.0,0.0,0.0,0.0
2023-24,186820,Unai García,0,1.0,0.0,9.0,6.0,0.0,0.0
2023-24,362376,Unai Gómez,0,2.0,1.0,25.0,9.0,0.0,0.0
2023-24,279748,Unai Hernandez,0,0.0,0.0,0.0,0.0,0.0,0.0
2023-24,203711,Unai López,0,1.0,2.0,35.0,28.0,0.0,0.0
2023-24,312011,Unai Marrero,0,0.0,0.0,2.0,1.0,0.0,0.0
2023-24,260902,Unai Núñez,0,1.0,0.0,34.0,31.0,0.0,0.0
2023-24,341334,Unai Ropero,0,0.0,0.0,1.0,0.0,0.0,0.0
2023-24,222375,Unai Simón,0,0.0,0.0,36.0,36.0,0.0,0.0
2023-24,307915,Urko Gonzalez,0,0.0,0.0,5.0,2.0,0.0,0.0
2023-24,282669,Valery Fernández,0,2.0,0.0,27.0,2.0,0.0,0.0
2023-24,240209,Vedat Muriqi,0,7.0,2.0,29.0,25.0,0.0,0.0
2023-24,384307,Vicent Abril,0,0.0,0.0,0.0,0.0,0.0,0.0
2023-24,97429,Vicente Guaita,0,0.0,0.0,27.0,26.0,0.0,0.0
2023-24,335230,Victor Aznar,0,0.0,0.0,0.0,0.0,0.0,0.0
2023-24,354373,Victor Parada,0,0.0,0.0,2.0,0.0,0.0,0.0
2023-24,212231,Viktor Tsygankov,0,8.0,7.0,30.0,26.0,0.0,0.0
2023-24,307928,Vinicius Augusto,0,0.0,0.0,0.0,0.0,0.0,0.0
2023-24,252107,Vinícius Júnior,0,15.0,5.0,26.0,22.0,0.0,0.0
2023-24,329383,Vitor Roque,0,2.0,0.0,14.0,2.0,0.0,0.0
2023-24,265995,Víctor Chust,0,0.0,1.0,22.0,22.0,0.0,0.0
2023-24,125776,Víctor Díaz,0,0.0,0.0,4.0,2.0,0.0,0.0
2023-24,157390,William Carvalho,0,1.0,3.0,22.0,4.0,0.0,0.0
2023-24,198360,Willian José,0,10.0,5.0,33.0,25.0,0.0,0.0
2023-24,322652,Williot Swedberg,0,5.0,0.0,15.0,4.0,0.0,0.0
2023-24,384293,Xabi Huarte,0,0.0,0.0,1.0,0.0,0.0,0.0
2023-24,354622,Xavier Pleguezuelo,0,0.0,0.0,0.0,0.0,0.0,0.0
2023-24,297364,Xavier Sintes,0,0.0,0.0,0.0,0.0,0.0,0.0
2023-24,320769,Xeber Alkain,0,0.0,0.0,10.0,3.0,0.0,0.0
2023-24,376066,Yadam,0,0.0,0.0,0.0,0.0,0.0,0.0
2023-24,297084,Yan Couto,0,1.0,8.0,34.0,24.0,0.0,0.0
2023-24,236185,Yangel Herrera,0,5.0,0.0,29.0,27.0,0.0,0.0
2023-24,364814,Yarek Gasiorowski,0,0.0,0.0,14.0,7.0,0.0,0.0
2023-24,384057,Yassin Tallal,0,0.0,0.0,1.0,0.0,0.0,0.0
2023-24,340196,Yellu Santiago,0,1.0,0.0,14.0,8.0,0.0,0.0
2023-24,217225,Yeray,0,0.0,0.0,19.0,14.0,0.0,0.0
2023-24,301462,Yerson Mosquera,0,2.0,1.0,16.0,14.0,0.0,0.0
2023-24,384643,Yoel Lago,0,0.0,0.0,1.0,1.0,0.0,0.0
2023-24,274353,Youba Diarra,0,0.0,0.0,0.0,0.0,0.0,0.0
2023-24,242736,Youssef En-Nesyri,0,16.0,2.0,33.0,28.0,0.0,0.0
2023-24,187608,Youssouf Sabaly,0,0.0,1.0,12.0,12.0,0.0,0.0
2023-24,133768,Yuri Berchiche,0,3.0,1.0,27.0,22.0,0.0,0.0
2023-24,374886,Yuzún Ley,0,0.0,0.0,0.0,0.0,0.0,0.0
2023-24,297370,Yéremy Pino,0,0.0,0.0,7.0,7.0,0.0,0.0
2023-24,297373,Álex Baena,0,2.0,14.0,34.0,33.0,0.0,0.0
2023-24,209579,Álex Berenguer,0,7.0,3.0,35.0,15.0,0.0,0.0
2023-24,276348,Álex Centelles,0,0.0,1.0,14.0,11.0,0.0,0.0
2023-24,153685,Álex Fernández,0,0.0,1.0,26.0,14.0,0.0,0.0
2023-24,347411,Álex Padilla,0,0.0,0.0,0.0,0.0,0.0,0.0
2023-24,217319,Álex Remiro,0,0.0,0.0,37.0,37.0,0.0,0.0
2023-24,286167,Álex Sola,0,0.0,3.0,31.0,14.0,0.0,0.0
2023-24,121611,Álex Suárez,0,2.0,0.0,32.0,30.0,0.0,0.0
2023-24,125200,Álvaro García,0,6.0,1.0,32.0,30.0,0.0,0.0
2023-24,384145,Álvaro García,0,0.0,0.0,0.0,0.0,0.0,0.0
2023-24,372804,Álvaro Killane,0,0.0,0.0,0.0,0.0,0.0,0.0
2023-24,222616,Álvaro Lemos,0,0.0,0.0,4.0,3.0,0.0,0.0
2023-24,154446,Álvaro Morata,0,15.0,3.0,32.0,21.0,0.0,0.0
2023-24,236156,Álvaro Odriozola,0,0.0,0.0,9.0,6.0,0.0,0.0
2023-24,353151,Álvaro Rodríguez,0,0.0,0.0,1.0,0.0,0.0,0.0
2023-24,283892,Álvaro Valles,0,0.0,0.0,37.0,37.0,0.0,0.0
2023-24,357698,Ángel Alarcón,0,0.0,0.0,0.0,0.0,0.0,0.0
2023-24,195681,Ángel Correa,0,9.0,2.0,32.0,14.0,0.0,0.0
2023-24,377529,Áron Yaakobishvili,0,0.0,0.0,0.0,0.0,0.0,0.0
2023-24,228402,Éder Militão,0,0.0,0.0,10.0,6.0,0.0,0.0
2023-24,84892,Étienne Capoue,0,1.0,1.0,32.0,15.0,0.0,0.0
2023-24,173233,Óliver Torres,0,0.0,1.0,27.0,18.0,0.0,0.0
2023-24,250375,Óscar Melendo,0,0.0,0.0,26.0,15.0,0.0,0.0
2023-24,276546,Óscar Mingueza,0,2.0,2.0,38.0,33.0,0.0,0.0
2023-24,259842,Óscar Rodríguez,0,2.0,1.0,24.0,9.0,0.0,0.0
2023-24,66410,Óscar Trejo,0,0.0,0.0,31.0,19.0,0.0,0.0
2023-24,264217,Óscar Valentín,0,1.0,0.0,34.0,32.0,0.0,0.0
2023-24,130135,Óscar de Marcos,0,1.0,5.0,28.0,26.0,0.0,0.0
2023-24,193610,Ørjan Nyland,0,0.0,0.0,24.0,24.0,0.0,0.0
2024-25,300912,Abde Ezzalzouli,0,2.0,2.0,32.0,23.0,0.0,0.0
2024-25,277876,Abdel Abqar,0,0.0,1.0,29.0,29.0,0.0,0.0
2024-25,108480,Abdoulaye Keita,0,0.0,0.0,3.0,1.0,0.0,0.0
2024-25,241139,Abdul Mumin,0,2.0,1.0,24.0,24.0,0.0,0.0
2024-25,155935,Abdón Prats,0,2.0,1.0,24.0,3.0,0.0,0.0
2024-25,300284,Abel Bretones,0,2.0,0.0,35.0,20.0,0.0,0.0
2024-25,261613,Abel Ruiz,0,4.0,0.0,23.0,17.0,0.0,0.0
2024-25,379136,Aboubacar Bassinga,0,0.0,0.0,1.0,0.0,0.0,0.0
2024-25,379032,Adam Aznou,0,0.0,0.0,13.0,10.0,0.0,0.0
2024-25,379707,Adama Boiro,0,0.0,0.0,18.0,13.0,0.0,0.0
2024-25,186432,Adnan Januzaj,0,2.0,1.0,18.0,5.0,0.0,0.0
2024-25,193130,Adri Embarba,0,1.0,1.0,35.0,18.0,0.0,0.0
2024-25,308006,Adrià Altimira,0,0.0,0.0,22.0,19.0,0.0,0.0
2024-25,277292,Adrià Pedrosa,0,1.0,1.0,31.0,27.0,0.0,0.0
2024-25,311927,Adrián,0,0.0,0.0,9.0,5.0,0.0,0.0
2024-25,134230,Adrián ,0,0.0,0.0,19.0,19.0,0.0,0.0
2024-25,371617,Adrián Arnun,0,0.0,0.0,5.0,0.0,0.0,0.0
2024-25,300878,Adrián Molina,0,0.0,0.0,0.0,0.0,0.0,0.0
2024-25,373542,Adrián Niño,0,0.0,0.0,1.0,0.0,0.0,0.0
2024-25,150374,Adrián Rodríguez,0,0.0,0.0,2.0,1.0,0.0,0.0
2024-25,397418,Adrián Rosell,0,0.0,0.0,0.0,0.0,0.0,0.0
2024-25,283891,Aihen Muñoz,0,0.0,0.0,21.0,13.0,0.0,0.0
2024-25,388802,Aimar Duñabeitia,0,0.0,0.0,0.0,0.0,0.0,0.0
2024-25,288760,Aimar Oroz,0,5.0,4.0,37.0,35.0,0.0,0.0
2024-25,377833,Aingeru Olabarrieta,0,0.0,0.0,1.0,1.0,0.0,0.0
2024-25,144759,Aitor Fernández,0,0.0,0.0,1.0,1.0,0.0,0.0
2024-25,368327,Aitor Fraga,0,0.0,0.0,0.0,0.0,0.0,0.0
2024-25,356251,Aitor Gismera,0,0.0,0.0,0.0,0.0,0.0,0.0
2024-25,308254,Aitor Paredes,0,3.0,0.0,23.0,21.0,0.0,0.0
2024-25,268601,Aitor Ruibal,0,1.0,3.0,29.0,13.0,0.0,0.0
2024-25,288472,Akor Adams,0,0.0,0.0,4.0,1.0,0.0,0.0
2024-25,396751,Alassane Diatta,0,0.0,0.0,0.0,0.0,0.0,0.0
2024-25,268239,Albert Sambi Lokonga,0,0.0,2.0,22.0,16.0,0.0,0.0
2024-25,150813,Alberto Collado,0,0.0,0.0,0.0,0.0,0.0,0.0
2024-25,185100,Alberto Flores,0,0.0,0.0,0.0,0.0,0.0,0.0
2024-25,307390,Alberto Moleiro,0,6.0,1.0,35.0,32.0,0.0,0.0
2024-25,383912,Alberto Risco,0,0.0,0.0,5.0,0.0,0.0,0.0
2024-25,323703,Alejandro Balde,0,0.0,4.0,32.0,26.0,0.0,0.0
2024-25,264175,Alejandro Catena,0,1.0,3.0,35.0,35.0,0.0,0.0
2024-25,297825,Alejandro Francés,0,0.0,0.0,18.0,13.0,0.0,0.0
2024-25,330433,Alejandro Iturbe,0,0.0,0.0,0.0,0.0,0.0,0.0
2024-25,394334,Alejandro Jay,0,0.0,0.0,0.0,0.0,0.0,0.0
2024-25,403371,Alejandro Rego,0,0.0,0.0,0.0,0.0,0.0,0.0
2024-25,318291,Alejo Veliz,0,1.0,0.0,27.0,10.0,0.0,0.0
2024-25,395769,Aleksandar Andreev,0,0.0,0.0,0.0,0.0,0.0,0.0
2024-25,236445,Aleksander Sedlar,0,0.0,0.0,9.0,7.0,0.0,0.0
2024-25,377793,Alex Almansa,0,0.0,0.0,0.0,0.0,0.0,0.0
2024-25,257085,Alex Král,0,0.0,1.0,37.0,29.0,0.0,0.0
2024-25,396613,Alex Marchal,0,0.0,0.0,0.0,0.0,0.0,0.0
2024-25,188230,Alexander Sørloth,0,20.0,2.0,35.0,15.0,0.0,0.0
2024-25,388287,Alexis Olmedo,0,0.0,0.0,0.0,0.0,0.0,0.0
2024-25,271635,Alfonso González,0,5.0,2.0,26.0,14.0,0.0,0.0
2024-25,218439,Alfonso Pedraza,0,0.0,2.0,12.0,4.0,0.0,0.0
2024-25,136945,Allan Nyom,0,1.0,2.0,20.0,10.0,0.0,0.0
2024-25,268982,Alvaro Aguado,0,0.0,1.0,16.0,4.0,0.0,0.0
2024-25,162264,Amath Ndiaye,0,0.0,1.0,13.0,5.0,0.0,0.0
2024-25,358303,Ander Astralaga,0,0.0,0.0,0.0,0.0,0.0,0.0
2024-25,283941,Ander Barrenetxea,0,1.0,3.0,30.0,14.0,0.0,0.0
2024-25,260256,Ander Guevara,0,0.0,1.0,33.0,20.0,0.0,0.0
2024-25,401735,Ander Izagirre,0,0.0,0.0,0.0,0.0,0.0,0.0
2024-25,245839,Andoni Gorosabel,0,0.0,2.0,20.0,17.0,0.0,0.0
2024-25,186430,Andreas Christensen,0,0.0,0.0,5.0,2.0,0.0,0.0
2024-25,287224,Andrei Ratiu,0,2.0,3.0,35.0,34.0,0.0,0.0
2024-25,257237,Andriy Lunin,0,0.0,1.0,7.0,7.0,0.0,0.0
2024-25,286604,André Almeida,0,0.0,4.0,34.0,24.0,0.0,0.0
2024-25,75433,André Ferreira,0,0.0,0.0,6.0,6.0,0.0,0.0
2024-25,332246,Andrés Castrín,0,0.0,0.0,0.0,0.0,0.0,0.0
2024-25,376421,Andrés Cuenca,0,0.0,0.0,0.0,0.0,0.0,0.0
2024-25,265910,Andy Pelmard,0,0.0,0.0,4.0,2.0,0.0,0.0
2024-25,292957,Ansu Fati,0,0.0,0.0,6.0,3.0,0.0,0.0
2024-25,376127,Antal Yaakobishvili,0,0.0,0.0,0.0,0.0,0.0,0.0
2024-25,207288,Ante Budimir,0,21.0,4.0,38.0,34.0,0.0,0.0
2024-25,140416,Antoine Griezmann,0,8.0,7.0,38.0,29.0,0.0,0.0
2024-25,265997,Antonio Blanco,0,0.0,2.0,35.0,32.0,0.0,0.0
2024-25,250668,Antonio Candela,0,0.0,0.0,12.0,12.0,0.0,0.0
2024-25,354375,Antonio Espigares,0,0.0,0.0,0.0,0.0,0.0,0.0
2024-25,336230,Antonio Gomis,0,0.0,0.0,0.0,0.0,0.0,0.0
2024-25,222333,Antonio Raíllo,0,2.0,0.0,36.0,36.0,0.0,0.0
2024-25,169438,Antonio Rüdiger,0,0.0,0.0,29.0,26.0,0.0,0.0
2024-25,200910,Antonio Sivera,0,0.0,0.0,32.0,32.0,0.0,0.0
2024-25,279511,Antonio Sánchez,0,0.0,0.0,33.0,12.0,0.0,0.0
2024-25,368332,Antoniu Roca,0,0.0,1.0,26.0,13.0,0.0,0.0
2024-25,281558,Antony,0,5.0,2.0,17.0,15.0,0.0,0.0
2024-25,213068,Anuar,0,2.0,0.0,26.0,21.0,0.0,0.0
2024-25,310452,Arda Güler,0,3.0,4.0,28.0,14.0,0.0,0.0
2024-25,222423,Aridane Hernández,0,0.0,0.0,14.0,11.0,0.0,0.0
2024-25,214742,Aritz Elustondo,0,0.0,0.0,22.0,16.0,0.0,0.0
2024-25,396610,Arkaitz Mariezkurrena,0,2.0,0.0,9.0,1.0,0.0,0.0
2024-25,308728,Arnau Martínez,0,2.0,2.0,32.0,30.0,0.0,0.0
2024-25,370614,Arnau Rafús,0,0.0,0.0,1.0,1.0,0.0,0.0
2024-25,345110,Arnau Solà,0,0.0,0.0,1.0,0.0,0.0,0.0
2024-25,231618,Arnaut Danjuma,0,4.0,0.0,28.0,18.0,0.0,0.0
2024-25,307487,Arsen Zakharyan,0,1.0,0.0,3.0,1.0,0.0,0.0
2024-25,216254,Arthur,0,0.0,0.0,15.0,10.0,0.0,0.0
2024-25,403699,Arturo Rodríguez,0,0.0,0.0,1.0,0.0,0.0,0.0
2024-25,381628,Asier Osambela,0,0.0,0.0,0.0,0.0,0.0,0.0
2024-25,222365,Asier Villalibre,0,1.0,1.0,16.0,2.0,0.0,0.0
2024-25,195032,Augusto Batalla,0,0.0,0.0,32.0,32.0,0.0,0.0
2024-25,265919,Aurélien Tchouaméni,0,0.0,0.0,32.0,31.0,0.0,0.0
2024-25,164895,Axel Witsel,0,0.0,1.0,14.0,9.0,0.0,0.0
2024-25,192133,Ayoze Pérez,0,19.0,2.0,30.0,22.0,0.0,0.0
2024-25,251906,Benito Ramírez,0,0.0,0.0,19.0,2.0,0.0,0.0
2024-25,324813,Bertug Yildirim,0,1.0,0.0,22.0,14.0,0.0,0.0
2024-25,318785,Beñat Prados,0,1.0,0.0,30.0,21.0,0.0,0.0
2024-25,297371,Beñat Turrientes,0,0.0,0.0,21.0,11.0,0.0,0.0
2024-25,326077,Bojan Miovski,0,2.0,1.0,17.0,12.0,0.0,0.0
2024-25,214995,Borja Iglesias,0,11.0,3.0,37.0,24.0,0.0,0.0
2024-25,218793,Borja Mayoral,0,5.0,1.0,24.0,7.0,0.0,0.0
2024-25,222259,Borna Barisic,0,0.0,0.0,1.0,1.0,0.0,0.0
2024-25,246532,Brahim Díaz,0,4.0,2.0,31.0,16.0,0.0,0.0
2024-25,262729,Brais Méndez,0,3.0,2.0,27.0,19.0,0.0,0.0
2024-25,213067,Brian Oliván,0,0.0,1.0,17.0,12.0,0.0,0.0
2024-25,284429,Bryan Gil,0,3.0,3.0,25.0,21.0,0.0,0.0
2024-25,311571,Bryan Zaragoza,0,1.0,6.0,27.0,22.0,0.0,0.0
2024-25,195790,Carl Starfelt,0,1.0,0.0,28.0,26.0,0.0,0.0
2024-25,233802,Carles Aleñá,0,0.0,2.0,24.0,18.0,0.0,0.0
2024-25,261468,Carles Pérez,0,3.0,0.0,27.0,15.0,0.0,0.0
2024-25,312376,Carlos Domínguez,0,0.0,0.0,19.0,13.0,0.0,0.0
2024-25,341079,Carlos Giménez,0,0.0,0.0,0.0,0.0,0.0,0.0
2024-25,389266,Carlos Guirao,0,0.0,0.0,2.0,2.0,0.0,0.0
2024-25,398861,Carlos Lumbreras,0,0.0,0.0,0.0,0.0,0.0,0.0
2024-25,324192,Carlos Martín,0,2.0,2.0,26.0,16.0,0.0,0.0
2024-25,253754,Carlos Protesoni,0,1.0,1.0,18.0,6.0,0.0,0.0
2024-25,397535,Carlos Reina,0,0.0,0.0,0.0,0.0,0.0,0.0
2024-25,271904,Carlos Romero,0,2.0,1.0,34.0,28.0,0.0,0.0
2024-25,172019,Carlos Vicente,0,5.0,6.0,37.0,35.0,0.0,0.0
2024-25,301348,Cenk Özkacar,0,0.0,0.0,11.0,8.0,0.0,0.0
2024-25,316601,Cesar Gonzalez,0,0.0,0.0,0.0,0.0,0.0,0.0
2024-25,387489,Chema Andrés,0,0.0,0.0,2.0,0.0,0.0,0.0
2024-25,254270,Chidera Ejuke,0,2.0,1.0,25.0,9.0,0.0,0.0
2024-25,217588,Chimy Ávila,0,2.0,0.0,19.0,6.0,0.0,0.0
2024-25,321359,Chiquinho,0,0.0,0.0,8.0,1.0,0.0,0.0
2024-25,386256,Christantus Uche,0,4.0,6.0,33.0,30.0,0.0,0.0
2024-25,371689,Chuki,0,2.0,0.0,18.0,9.0,0.0,0.0
2024-25,193917,Clément Lenglet,0,2.0,1.0,23.0,23.0,0.0,0.0
2024-25,390696,Coba da Costa,0,1.0,1.0,19.0,12.0,0.0,0.0
2024-25,329669,Coke Carrillo,0,0.0,0.0,0.0,0.0,0.0,0.0
2024-25,266696,Conor Gallagher,0,3.0,3.0,32.0,19.0,0.0,0.0
2024-25,300927,Copete,0,0.0,0.0,25.0,16.0,0.0,0.0
2024-25,328497,Cristhian Mosquera,0,1.0,0.0,37.0,37.0,0.0,0.0
2024-25,113737,Cristhian Stuani,0,11.0,2.0,32.0,6.0,0.0,0.0
2024-25,336809,Cucho Hernández,0,5.0,1.0,15.0,14.0,0.0,0.0
2024-25,205024,Cyle Larin,0,7.0,2.0,32.0,21.0,0.0,0.0
2024-25,147193,Cédric Bakambu,0,2.0,2.0,25.0,6.0,0.0,0.0
2024-25,97770,César Azpilicueta,0,1.0,0.0,14.0,10.0,0.0,0.0
2024-25,330552,César Tárrega,0,2.0,0.0,34.0,34.0,0.0,0.0
2024-25,126489,Daley Blind,0,0.0,2.0,34.0,31.0,0.0,0.0
2024-25,341269,Damián Rodríguez,0,0.0,0.0,17.0,10.0,0.0,0.0
2024-25,168531,Dani Carvajal,0,1.0,0.0,8.0,7.0,0.0,0.0
2024-25,202717,Dani Ceballos,0,0.0,0.0,23.0,15.0,0.0,0.0
2024-25,227765,Dani Olmo,0,10.0,3.0,25.0,13.0,0.0,0.0
2024-25,121020,Dani Parejo,0,3.0,3.0,36.0,26.0,0.0,0.0
2024-25,253763,Dani Raba,0,8.0,6.0,29.0,24.0,0.0,0.0
2024-25,362752,Dani Requena,0,0.0,0.0,1.0,0.0,0.0,0.0
2024-25,144587,Dani Rodríguez,0,4.0,7.0,37.0,26.0,0.0,0.0
2024-25,274016,Dani Vivian,0,4.0,0.0,32.0,28.0,0.0,0.0
2024-25,367962,Daniel Ballesteros Fernández,0,0.0,0.0,0.0,0.0,0.0,0.0
2024-25,192893,Daniel Cárdenas,0,0.0,0.0,6.0,6.0,0.0,0.0
2024-25,387496,Daniel Díaz,0,0.0,0.0,1.0,0.0,0.0,0.0
2024-25,353854,Daniel Pérez,0,0.0,0.0,0.0,0.0,0.0,0.0
2024-25,363041,Daniel Rodríguez,0,0.0,0.0,1.0,1.0,0.0,0.0
2024-25,376422,Daniel Yañez,0,0.0,0.0,1.0,0.0,0.0,0.0
2024-25,398976,Daouda Doumbia,0,0.0,0.0,0.0,0.0,0.0,0.0
2024-25,151695,Darko Brasanac,0,1.0,2.0,30.0,15.0,0.0,0.0
2024-25,165517,Darwin Machis,0,0.0,1.0,18.0,7.0,0.0,0.0
2024-25,376145,Darío Benavides,0,0.0,0.0,1.0,0.0,0.0,0.0
2024-25,118444,David Alaba,0,0.0,0.0,7.0,4.0,0.0,0.0
2024-25,307903,David Arguelles,0,0.0,0.0,1.0,0.0,0.0,0.0
2024-25,157965,David Jiménez,0,0.0,0.0,0.0,0.0,0.0,0.0
2024-25,160740,David López,0,1.0,1.0,29.0,27.0,0.0,0.0
2024-25,371688,David López,0,0.0,0.0,2.0,2.0,0.0,0.0
2024-25,377768,David Otorbi,0,0.0,0.0,1.0,0.0,0.0,0.0
2024-25,196339,David Soria,0,0.0,0.0,38.0,38.0,0.0,0.0
2024-25,347433,David Torres,0,0.0,0.0,18.0,15.0,0.0,0.0
2024-25,329667,Dawda Camara,0,0.0,0.0,0.0,0.0,0.0,0.0
2024-25,163068,Denis Suárez,0,1.0,1.0,21.0,7.0,0.0,0.0
2024-25,396894,Diego Aguado,0,0.0,0.0,0.0,0.0,0.0,0.0
2024-25,279660,Diego Conde,0,0.0,1.0,22.0,22.0,0.0,0.0
2024-25,395855,Diego Espejo,0,0.0,0.0,0.0,0.0,0.0,0.0
2024-25,388898,Diego Ferrer,0,0.0,0.0,0.0,0.0,0.0,0.0
2024-25,395376,Diego García,0,3.0,0.0,28.0,13.0,0.0,0.0
2024-25,356227,Diego Hormigo,0,0.0,0.0,1.0,1.0,0.0,0.0
2024-25,368359,Diego Kochen,0,0.0,0.0,0.0,0.0,0.0,0.0
2024-25,181530,Diego Llorente,0,2.0,0.0,30.0,29.0,0.0,0.0
2024-25,324504,Diego López,0,8.0,5.0,38.0,35.0,0.0,0.0
2024-25,401305,Diego Martín,0,0.0,0.0,2.0,0.0,0.0,0.0
2024-25,193943,Diego Rico,0,0.0,3.0,33.0,32.0,0.0,0.0
2024-25,157739,Dimitri Foulquier,0,0.0,1.0,32.0,25.0,0.0,0.0
2024-25,353490,Dimitrios Stamatakis,0,0.0,0.0,0.0,0.0,0.0,0.0
2024-25,262603,Dinko Horkas,0,0.0,0.0,13.0,11.0,0.0,0.0
2024-25,181355,Djené,0,0.0,0.0,31.0,31.0,0.0,0.0
2024-25,222446,Djibril Sow,0,2.0,1.0,30.0,24.0,0.0,0.0
2024-25,379475,Djordjije Medenica,0,0.0,0.0,0.0,0.0,0.0,0.0
2024-25,229443,Dodi Lukébakio,0,11.0,2.0,38.0,36.0,0.0,0.0
2024-25,219234,Domingos Duarte,0,1.0,0.0,22.0,21.0,0.0,0.0
2024-25,221278,Dominik Greif,0,0.0,0.0,31.0,31.0,0.0,0.0
2024-25,215717,Donny van de Beek,0,2.0,2.0,26.0,16.0,0.0,0.0
2024-25,342048,Duk,0,0.0,0.0,10.0,1.0,0.0,0.0
2024-25,316560,Dário Essugo,0,1.0,0.0,27.0,25.0,0.0,0.0
2024-25,255272,Edu Expósito,0,0.0,2.0,19.0,12.0,0.0,0.0
2024-25,285150,Eduardo Camavinga,0,1.0,2.0,19.0,11.0,0.0,0.0
2024-25,333166,Egoitz Arana,0,0.0,0.0,0.0,0.0,0.0,0.0
2024-25,378408,Egoitz Muñoz,0,0.0,0.0,0.0,0.0,0.0,0.0
2024-25,396609,Ekain Orobengoa,0,0.0,0.0,0.0,0.0,0.0,0.0
2024-25,241461,Elias Romero,0,0.0,0.0,0.0,0.0,0.0,0.0
2024-25,374635,Endika Bujan,0,0.0,0.0,1.0,0.0,0.0,0.0
2024-25,346612,Endrick,0,1.0,0.0,22.0,3.0,0.0,0.0
2024-25,319096,Eneko Ortiz,0,0.0,0.0,0.0,0.0,0.0,0.0
2024-25,290824,Enric Franquesa,0,1.0,0.0,12.0,7.0,0.0,0.0
2024-25,394463,Enric García,0,0.0,0.0,0.0,0.0,0.0,0.0
2024-25,209580,Enrique Barja,0,0.0,1.0,15.0,3.0,0.0,0.0
2024-25,135422,Enrique García,0,13.0,0.0,35.0,29.0,0.0,0.0
2024-25,334163,Enrique Salas,0,3.0,2.0,31.0,25.0,0.0,0.0
2024-25,292921,Enzo Barrenechea,0,1.0,2.0,30.0,26.0,0.0,0.0
2024-25,307905,Enzo Boyomo,0,2.0,0.0,37.0,36.0,0.0,0.0
2024-25,272870,Enzo Loiodice,0,0.0,0.0,17.0,7.0,0.0,0.0
2024-25,231697,Eray Cömert,0,0.0,0.0,25.0,21.0,0.0,0.0
2024-25,212342,Eric Bailly,0,0.0,0.0,12.0,8.0,0.0,0.0
2024-25,128714,Eric García,0,2.0,3.0,29.0,14.0,0.0,0.0
2024-25,389446,Etienne Eto'O Pineda,0,0.0,0.0,2.0,0.0,0.0,0.0
2024-25,346676,Etta Eyong,0,1.0,0.0,4.0,0.0,0.0,0.0
2024-25,255931,Facundo Garcés,0,0.0,0.0,10.0,7.0,0.0,0.0
2024-25,235818,Federico Valverde,0,6.0,4.0,36.0,34.0,0.0,0.0
2024-25,395581,Fer Rodríguez,0,0.0,0.0,0.0,0.0,0.0,0.0
2024-25,217475,Ferland Mendy,0,0.0,1.0,14.0,12.0,0.0,0.0
2024-25,354334,Fermín López,0,6.0,5.0,28.0,12.0,0.0,0.0
2024-25,261199,Fernando Calero,0,1.0,0.0,21.0,6.0,0.0,0.0
2024-25,395625,Fernando López,0,2.0,0.0,17.0,7.0,0.0,0.0
2024-25,153715,Fernando Pacheco,0,0.0,0.0,0.0,0.0,0.0,0.0
2024-25,265869,Ferran Torres,0,10.0,6.0,27.0,12.0,0.0,0.0
2024-25,395624,Ferrán Ruiz,0,0.0,0.0,1.0,0.0,0.0,0.0
2024-25,219304,Florian Grillitsch,0,0.0,0.0,13.0,7.0,0.0,0.0
2024-25,140754,Florian Lejeune,0,2.0,3.0,37.0,37.0,0.0,0.0
2024-25,242383,Fran Beltrán,0,2.0,2.0,34.0,29.0,0.0,0.0
2024-25,213050,Fran García,0,0.0,2.0,31.0,24.0,0.0,0.0
2024-25,362874,Fran González,0,0.0,0.0,1.0,1.0,0.0,0.0
2024-25,324505,Fran Pérez,0,0.0,0.0,26.0,4.0,0.0,0.0
2024-25,271914,Fran Vieites,0,0.0,0.0,4.0,4.0,0.0,0.0
2024-25,204014,Franco Cervi,0,0.0,0.0,7.0,4.0,0.0,0.0
2024-25,219022,Frenkie de Jong,0,2.0,2.0,26.0,9.0,0.0,0.0
2024-25,291629,Fábio Silva,0,10.0,3.0,24.0,22.0,0.0,0.0
2024-25,335208,Gabriel Misehouy,0,1.0,0.0,9.0,1.0,0.0,0.0
2024-25,397997,García Pascual,0,1.0,0.0,8.0,4.0,0.0,0.0
2024-25,323702,Gavi,0,1.0,1.0,26.0,14.0,0.0,0.0
2024-25,186181,Gerard Gumbau,0,0.0,1.0,22.0,7.0,0.0,0.0
2024-25,312015,Gerard Martín,0,1.0,3.0,28.0,11.0,0.0,0.0
2024-25,156172,Gerard Moreno,0,3.0,2.0,17.0,6.0,0.0,0.0
2024-25,351801,Germán García,0,0.0,0.0,0.0,0.0,0.0,0.0
2024-25,388083,Gerónimo Spina,0,0.0,0.0,0.0,0.0,0.0,0.0
2024-25,274742,Giorgi Mamardashvili,0,0.0,0.0,34.0,34.0,0.0,0.0
2024-25,207343,Giovani Lo Celso,0,8.0,3.0,25.0,15.0,0.0,0.0
2024-25,323838,Giuliano Simeone,0,2.0,6.0,33.0,26.0,0.0,0.0
2024-25,87297,Gonzalo García,0,0.0,1.0,3.0,0.0,0.0,0.0
2024-25,231905,Gorka Guruzeta,0,7.0,2.0,36.0,21.0,0.0,0.0
2024-25,347511,Gorka Rivera,0,0.0,0.0,1.0,0.0,0.0,0.0
2024-25,346534,Grégoire Swiderski,0,0.0,0.0,0.0,0.0,0.0,0.0
2024-25,362882,Guilherme Fernandes,0,0.0,0.0,0.0,0.0,0.0,0.0
2024-25,388286,Guille Fernández,0,0.0,0.0,0.0,0.0,0.0,0.0
2024-25,264118,Guillermo Ruiz,0,0.0,0.0,0.0,0.0,0.0,0.0
2024-25,196729,Hamari Traoré,0,0.0,1.0,11.0,9.0,0.0,0.0
2024-25,401594,Hamza Bellari,0,0.0,0.0,0.0,0.0,0.0,0.0
2024-25,200671,Henrique,0,0.0,0.0,5.0,4.0,0.0,0.0
2024-25,397132,Hugo De Llanos,0,0.0,0.0,0.0,0.0,0.0,0.0
2024-25,267477,Hugo Duro,0,11.0,2.0,31.0,25.0,0.0,0.0
2024-25,265985,Hugo Guillamón,0,0.0,0.0,12.0,4.0,0.0,0.0
2024-25,305608,Hugo Novoa,0,0.0,0.0,5.0,2.0,0.0,0.0
2024-25,353815,Hugo Solozabal,0,0.0,0.0,0.0,0.0,0.0,0.0
2024-25,319114,Hugo Sotelo,0,0.0,0.0,24.0,15.0,0.0,0.0
2024-25,188391,Hugo Álvarez,0,4.0,3.0,26.0,16.0,0.0,0.0
2024-25,178978,Héctor Bellerín,0,0.0,2.0,9.0,6.0,0.0,0.0
2024-25,363039,Héctor Fort,0,0.0,0.0,17.0,5.0,0.0,0.0
2024-25,92800,Iago Aspas,0,10.0,5.0,30.0,19.0,0.0,0.0
2024-25,403293,Iago Parente,0,0.0,0.0,1.0,1.0,0.0,0.0
2024-25,403460,Ibrahim Alani,0,0.0,0.0,3.0,1.0,0.0,0.0
2024-25,402889,Ignacio Nicolau Benlloch,0,0.0,0.0,0.0,0.0,0.0,0.0
2024-25,235693,Igor Zubeldia,0,0.0,0.0,28.0,27.0,0.0,0.0
2024-25,326935,Iker Bachiller,0,0.0,0.0,0.0,0.0,0.0,0.0
2024-25,388076,Iker Córdoba,0,0.0,0.0,2.0,0.0,0.0,0.0
2024-25,292222,Iker Losada,0,1.0,0.0,22.0,7.0,0.0,0.0
2024-25,359154,Iker Muñoz,0,0.0,1.0,23.0,4.0,0.0,0.0
2024-25,403372,Iker Varela,0,0.0,0.0,0.0,0.0,0.0,0.0
2024-25,24278,Iker Álvarez,0,0.0,0.0,0.0,0.0,0.0,0.0
2024-25,297829,Ilaix Moriba,0,1.0,1.0,33.0,22.0,0.0,0.0
2024-25,331047,Ilias Akhomach,0,1.0,1.0,11.0,7.0,0.0,0.0
2024-25,355900,Ilias Kostis,0,0.0,0.0,0.0,0.0,0.0,0.0
2024-25,365821,Isaac Romero,0,4.0,2.0,31.0,26.0,0.0,0.0
2024-25,143564,Isco,0,9.0,8.0,22.0,17.0,0.0,0.0
2024-25,264197,Isi Palazón,0,4.0,4.0,35.0,25.0,0.0,0.0
2024-25,375393,Isma Sierra,0,0.0,0.0,0.0,0.0,0.0,0.0
2024-25,398720,Ismael Bekhoucha,0,0.0,0.0,5.0,0.0,0.0,0.0
2024-25,397117,Ismael Santana,0,0.0,0.0,0.0,0.0,0.0,0.0
2024-25,376146,Israel Domínguez,0,0.0,0.0,1.0,0.0,0.0,0.0
2024-25,398440,Israel Mora,0,0.0,0.0,0.0,0.0,0.0,0.0
2024-25,158151,Iván Balliu,0,0.0,0.0,25.0,12.0,0.0,0.0
2024-25,32501,Iván Cuéllar,0,0.0,0.0,0.0,0.0,0.0,0.0
2024-25,280489,Iván Jaime,0,0.0,0.0,9.0,2.0,0.0,0.0
2024-25,330545,Iván Martín,0,1.0,1.0,32.0,24.0,0.0,0.0
2024-25,214390,Iván Sánchez,0,2.0,1.0,32.0,11.0,0.0,0.0
2024-25,242580,Iván Villar,0,0.0,0.0,4.0,4.0,0.0,0.0
2024-25,282680,Iñaki Peña,0,0.0,0.0,16.0,15.0,0.0,0.0
2024-25,379457,Iñaki Rupérez,0,0.0,0.0,0.0,0.0,0.0,0.0
2024-25,214412,Iñaki Williams,0,6.0,8.0,35.0,29.0,0.0,0.0
2024-25,380918,Iñigo Arguibide,0,0.0,0.0,0.0,0.0,0.0,0.0
2024-25,222369,Iñigo Lekue,0,0.0,0.0,16.0,8.0,0.0,0.0
2024-25,165562,Iñigo Martínez,0,0.0,4.0,28.0,28.0,0.0,0.0
2024-25,157708,Iñigo Ruiz de Galarreta,0,0.0,4.0,26.0,18.0,0.0,0.0
2024-25,380318,Jacobo Ramón,0,1.0,0.0,3.0,2.0,0.0,0.0
2024-25,218965,Jailson,0,0.0,0.0,13.0,6.0,0.0,0.0
2024-25,196915,Jaime Mata,0,0.0,0.0,30.0,4.0,0.0,0.0
2024-25,149622,Jan Oblak,0,0.0,0.0,36.0,36.0,0.0,0.0
2024-25,390026,Jan Salas,0,0.0,0.0,4.0,0.0,0.0,0.0
2024-25,137783,Jasper Cillessen,0,0.0,0.0,27.0,27.0,0.0,0.0
2024-25,372324,Jastin García,0,0.0,0.0,0.0,0.0,0.0,0.0
2024-25,173750,Jaume Doménech,0,0.0,0.0,0.0,0.0,0.0,0.0
2024-25,231838,Javi Galán,0,0.0,3.0,25.0,21.0,0.0,0.0
2024-25,278174,Javi Hernández,0,2.0,1.0,31.0,27.0,0.0,0.0
2024-25,297354,Javi López,0,0.0,0.0,29.0,21.0,0.0,0.0
2024-25,214275,Javi Muñoz,0,1.0,3.0,35.0,28.0,0.0,0.0
2024-25,376147,Javi Rodríguez,0,3.0,2.0,36.0,26.0,0.0,0.0
2024-25,191899,Javi Sánchez,0,2.0,0.0,25.0,25.0,0.0,0.0
2024-25,16340,Javier Guerra,0,3.0,3.0,36.0,31.0,0.0,0.0
2024-25,169220,Javier Manquillo,0,0.0,0.0,10.0,7.0,0.0,0.0
2024-25,260243,Javier Puado,0,12.0,4.0,35.0,35.0,0.0,0.0
2024-25,323840,Javier Serrano,0,0.0,0.0,0.0,0.0,0.0,0.0
2024-25,395479,Jean Ives Valou,0,0.0,0.0,0.0,0.0,0.0,0.0
2024-25,300876,Jesús Areso,0,0.0,3.0,36.0,35.0,0.0,0.0
2024-25,287165,Jesús Owono,0,0.0,0.0,6.0,5.0,0.0,0.0
2024-25,387491,Jesús Rodriguez,0,2.0,0.0,21.0,15.0,0.0,0.0
2024-25,209592,Jesús Vallejo,0,0.0,1.0,4.0,1.0,0.0,0.0
2024-25,189804,Jesús Vázquez,0,0.0,0.0,19.0,10.0,0.0,0.0
2024-25,285048,Jhon Solís,0,1.0,0.0,19.0,3.0,0.0,0.0
2024-25,344245,Jirí Letácek,0,0.0,0.0,0.0,0.0,0.0,0.0
2024-25,297362,Joan García,0,0.0,0.0,38.0,38.0,0.0,0.0
2024-25,208850,Joan Jordán,0,5.0,2.0,25.0,15.0,0.0,0.0
2024-25,316446,Joao Urbáez,0,0.0,0.0,0.0,0.0,0.0,0.0
2024-25,307270,Jofre Carreras,0,3.0,3.0,37.0,26.0,0.0,0.0
2024-25,173247,Johan Mojica,0,1.0,2.0,36.0,30.0,0.0,0.0
2024-25,290802,Johnny Cardoso,0,3.0,1.0,28.0,24.0,0.0,0.0
2024-25,317784,Jon Ander Olasagasti,0,1.0,1.0,22.0,7.0,0.0,0.0
2024-25,318063,Jon Aramburu,0,1.0,1.0,35.0,28.0,0.0,0.0
2024-25,396608,Jon Balda,0,0.0,0.0,0.0,0.0,0.0,0.0
2024-25,402420,Jon García,0,0.0,0.0,0.0,0.0,0.0,0.0
2024-25,254320,Jon Guridi,0,3.0,1.0,33.0,27.0,0.0,0.0
2024-25,366885,Jon Martín,0,0.0,1.0,13.0,6.0,0.0,0.0
2024-25,286176,Jon Moncayola,0,0.0,0.0,32.0,26.0,0.0,0.0
2024-25,297359,Jon Pacheco,0,0.0,0.0,14.0,9.0,0.0,0.0
2024-25,334111,Jones El-Abdellaoui,0,0.0,0.0,0.0,0.0,0.0,0.0
2024-25,231779,Joni Montiel,0,0.0,0.0,0.0,0.0,0.0,0.0
2024-25,399407,Jordi Danso,0,0.0,0.0,0.0,0.0,0.0,0.0
2024-25,209736,Jorge,0,1.0,0.0,23.0,19.0,0.0,0.0
2024-25,367961,Jorge Benito,0,0.0,0.0,0.0,0.0,0.0,0.0
2024-25,307019,Jorge Herrando,0,1.0,0.0,18.0,15.0,0.0,0.0
2024-25,260740,Jorge de Frutos,0,6.0,3.0,36.0,30.0,0.0,0.0
2024-25,219309,Joseph Aidoo,0,0.0,0.0,9.0,6.0,0.0,0.0
2024-25,229522,José Arnaiz,0,0.0,0.0,15.0,1.0,0.0,0.0
2024-25,158259,José Campaña,0,0.0,3.0,25.0,15.0,0.0,0.0
2024-25,403700,José Carlos González,0,0.0,0.0,1.0,0.0,0.0,0.0
2024-25,178747,José Gayà,0,0.0,1.0,23.0,22.0,0.0,0.0
2024-25,288761,José Gragera,0,0.0,0.0,10.0,7.0,0.0,0.0
2024-25,376662,José Luis Català Vázquez,0,0.0,0.0,0.0,0.0,0.0,0.0
2024-25,188398,José María Giménez,0,0.0,1.0,27.0,20.0,0.0,0.0
2024-25,250508,José Ángel Carmona,0,0.0,0.0,35.0,35.0,0.0,0.0
2024-25,397289,José Ángel López,0,0.0,0.0,0.0,0.0,0.0,0.0
2024-25,372151,Juan Arango,0,0.0,0.0,0.0,0.0,0.0,0.0
2024-25,164194,Juan Bernat,0,0.0,2.0,24.0,10.0,0.0,0.0
2024-25,262061,Juan Berrocal,0,0.0,0.0,19.0,11.0,0.0,0.0
2024-25,152130,Juan Carlos,0,0.0,0.0,0.0,0.0,0.0,0.0
2024-25,145565,Juan Cruz,0,5.0,4.0,34.0,26.0,0.0,0.0
2024-25,155392,Juan Cruz,0,0.0,0.0,25.0,19.0,0.0,0.0
2024-25,242710,Juan Foyth,0,1.0,0.0,19.0,17.0,0.0,0.0
2024-25,279738,Juan Iglesias,0,0.0,1.0,37.0,32.0,0.0,0.0
2024-25,335235,Juan Latasa,0,3.0,0.0,28.0,14.0,0.0,0.0
2024-25,177927,Juan Musso,0,0.0,0.0,2.0,2.0,0.0,0.0
2024-25,212327,Juan Soriano,0,0.0,0.0,6.0,6.0,0.0,0.0
2024-25,303804,Juanlu Sanchez,0,4.0,4.0,32.0,18.0,0.0,0.0
2024-25,367729,Juanma Herzog,0,0.0,0.0,19.0,15.0,0.0,0.0
2024-25,143643,Juanmi,0,0.0,0.0,24.0,10.0,0.0,0.0
2024-25,135922,Juanpe,0,0.0,0.0,12.0,8.0,0.0,0.0
2024-25,332013,Juanpe,0,0.0,0.0,0.0,0.0,0.0,0.0
2024-25,291281,Jude Bellingham,0,9.0,8.0,31.0,29.0,0.0,0.0
2024-25,323970,Julen Agirrezabala,0,0.0,0.0,14.0,14.0,0.0,0.0
2024-25,388933,Julen Lartitegi,0,0.0,0.0,0.0,0.0,0.0,0.0
2024-25,231692,Jules Koundé,0,2.0,3.0,32.0,29.0,0.0,0.0
2024-25,228395,Julián Chicco,0,0.0,1.0,14.0,2.0,0.0,0.0
2024-25,277206,Julián Álvarez,0,17.0,4.0,37.0,30.0,0.0,0.0
2024-25,113146,Justin Smith,0,0.0,0.0,5.0,3.0,0.0,0.0
2024-25,282646,Karl Hein,0,0.0,0.0,31.0,31.0,0.0,0.0
2024-25,195349,Kenedy,0,0.0,0.0,2.0,0.0,0.0,0.0
2024-25,125749,Kiko Femenía,0,0.0,1.0,28.0,27.0,0.0,0.0
2024-25,388617,Kim Min-Su,0,0.0,0.0,3.0,0.0,0.0,0.0
2024-25,288936,Kirian Rodríguez,0,0.0,3.0,21.0,21.0,0.0,0.0
2024-25,140791,Koke,0,1.0,1.0,32.0,20.0,0.0,0.0
2024-25,384167,Koke,0,0.0,0.0,0.0,0.0,0.0,0.0
2024-25,231388,Kylian Mbappé,0,31.0,3.0,34.0,34.0,0.0,0.0
2024-25,151714,Ladislav Krejcí,0,2.0,0.0,28.0,27.0,0.0,0.0
2024-25,362150,Lamine Yamal,0,9.0,13.0,35.0,31.0,0.0,0.0
2024-25,403705,Lander Pinillos,0,0.0,0.0,0.0,0.0,0.0,0.0
2024-25,403309,Landry Farré,0,0.0,0.0,0.0,0.0,0.0,0.0
2024-25,332252,Leandro Antonetti,0,0.0,0.0,2.0,0.0,0.0,0.0
2024-25,133259,Leandro Cabrera,0,4.0,2.0,33.0,32.0,0.0,0.0
2024-25,300926,Leo Román,0,0.0,0.0,7.0,7.0,0.0,0.0
2024-25,381681,Llorenç Serred,0,0.0,0.0,0.0,0.0,0.0,0.0
2024-25,271129,Logan Costa,0,2.0,1.0,32.0,28.0,0.0,0.0
2024-25,388337,Lorenzo Aguado,0,0.0,0.0,2.0,0.0,0.0,0.0
2024-25,300410,Loïc Badé,0,1.0,1.0,32.0,31.0,0.0,0.0
2024-25,398721,Luca Löhr,0,0.0,0.0,0.0,0.0,0.0,0.0
2024-25,388057,Lucas Alcázar,0,0.0,0.0,0.0,0.0,0.0,0.0
2024-25,394460,Lucas García,0,0.0,0.0,0.0,0.0,0.0,0.0
2024-25,307986,Lucas Nuñez,0,0.0,0.0,0.0,0.0,0.0,0.0
2024-25,170154,Lucas Torró,0,3.0,0.0,35.0,35.0,0.0,0.0
2024-25,174967,Lucas Vázquez,0,1.0,5.0,32.0,25.0,0.0,0.0
2024-25,282289,Lucien Agoumé,0,1.0,3.0,35.0,24.0,0.0,0.0
2024-25,359403,Luis Dasilva Rodríguez,0,0.0,0.0,0.0,0.0,0.0,0.0
2024-25,264211,Luis Milla,0,1.0,4.0,33.0,32.0,0.0,0.0
2024-25,110633,Luis Pérez,0,0.0,0.0,30.0,28.0,0.0,0.0
2024-25,264177,Luis Rioja,0,5.0,3.0,37.0,33.0,0.0,0.0
2024-25,307648,Luiz Júnior,0,0.0,0.0,17.0,16.0,0.0,0.0
2024-25,76762,Luka Modric,0,2.0,6.0,35.0,17.0,0.0,0.0
2024-25,306263,Luka Sucic,0,1.0,1.0,29.0,21.0,0.0,0.0
2024-25,396607,Luken Beitia,0,0.0,0.0,1.0,0.0,0.0,0.0
2024-25,218438,Mamadou Sylla,0,5.0,2.0,29.0,17.0,0.0,0.0
2024-25,356228,Manu Bueno,0,1.0,0.0,9.0,1.0,0.0,0.0
2024-25,292774,Manu Fuster,0,2.0,1.0,28.0,8.0,0.0,0.0
2024-25,390091,Manu González,0,0.0,0.0,0.0,0.0,0.0,0.0
2024-25,268753,Manu Morlanes,0,0.0,0.0,23.0,15.0,0.0,0.0
2024-25,300985,Manu Sánchez,0,1.0,0.0,33.0,30.0,0.0,0.0
2024-25,261403,Marash Kumbulla,0,3.0,0.0,35.0,34.0,0.0,0.0
2024-25,394610,Marc Aznar,0,0.0,0.0,0.0,0.0,0.0,0.0
2024-25,145078,Marc Bartra,0,2.0,1.0,25.0,23.0,0.0,0.0
2024-25,376423,Marc Bernal,0,0.0,0.0,3.0,3.0,0.0,0.0
2024-25,250678,Marc Cardona,0,0.0,0.0,11.0,0.0,0.0,0.0
2024-25,345489,Marc Casadó,0,1.0,3.0,23.0,20.0,0.0,0.0
2024-25,389455,Marc Doménech,0,0.0,0.0,10.0,3.0,0.0,0.0
2024-25,242008,Marc Roca,0,2.0,2.0,14.0,11.0,0.0,0.0
2024-25,138674,Marc Vidal,0,0.0,0.0,0.0,0.0,0.0,0.0
2024-25,140740,Marc-André ter Stegen,0,0.0,0.0,8.0,8.0,0.0,0.0
2024-25,389447,Marco de las Sias,0,0.0,0.0,0.0,0.0,0.0,0.0
2024-25,146127,Marcos Alonso,0,3.0,0.0,31.0,29.0,0.0,0.0
2024-25,264168,Marcos André,0,1.0,2.0,22.0,14.0,0.0,0.0
2024-25,354621,Marcos Fernández,0,0.0,0.0,0.0,0.0,0.0,0.0
2024-25,206474,Marcos Llorente,0,2.0,4.0,33.0,28.0,0.0,0.0
2024-25,203112,Marcão,0,0.0,0.0,12.0,6.0,0.0,0.0
2024-25,362593,Mario Maroto,0,0.0,1.0,2.0,0.0,0.0,0.0
2024-25,357147,Mario Martín,0,0.0,1.0,30.0,20.0,0.0,0.0
2024-25,330352,Mario Rivas,0,0.0,0.0,0.0,0.0,0.0,0.0
2024-25,179211,Marko Dmitrovic,0,0.0,0.0,32.0,32.0,0.0,0.0
2024-25,393762,Maroan Sannadi,0,1.0,1.0,16.0,7.0,0.0,0.0
2024-25,398285,Martin Cuellar,0,0.0,0.0,0.0,0.0,0.0,0.0
2024-25,193397,Martin Valjent,0,3.0,0.0,31.0,31.0,0.0,0.0
2024-25,354041,Martín Conde,0,0.0,0.0,0.0,0.0,0.0,0.0
2024-25,367656,Martín Tejón,0,0.0,0.0,4.0,0.0,0.0,0.0
2024-25,287266,Martín Zubimendi,0,2.0,1.0,36.0,33.0,0.0,0.0
2024-25,307916,Marvin,0,0.0,0.0,23.0,9.0,0.0,0.0
2024-25,285232,Mateo Flores,0,0.0,0.0,6.0,1.0,0.0,0.0
2024-25,325552,Mateo Mejia,0,0.0,0.0,1.0,0.0,0.0,0.0
2024-25,265992,Mateu Morey,0,0.0,0.0,16.0,8.0,0.0,0.0
2024-25,151765,Matija Nastasic,0,1.0,0.0,26.0,24.0,0.0,0.0
2024-25,353391,Matías Árbol,0,0.0,0.0,0.0,0.0,0.0,0.0
2024-25,199775,Mauro Arambarri,0,10.0,0.0,35.0,31.0,0.0,0.0
2024-25,243725,Max Aarons,0,0.0,0.0,4.0,1.0,0.0,0.0
2024-25,398366,Miguel Benedi,0,0.0,0.0,0.0,0.0,0.0,0.0
2024-25,290044,Miguel Gutiérrez,0,1.0,5.0,29.0,29.0,0.0,0.0
2024-25,353736,Miguel Román,0,0.0,0.0,0.0,0.0,0.0,0.0
2024-25,277717,Miguel de la Fuente,0,1.0,3.0,34.0,17.0,0.0,0.0
2024-25,221334,Mihailo Ristic,0,0.0,1.0,10.0,6.0,0.0,0.0
2024-25,332573,Mika Mármol,0,0.0,1.0,30.0,27.0,0.0,0.0
2024-25,396611,Mikel Goti,0,0.0,0.0,0.0,0.0,0.0,0.0
2024-25,377792,Mikel Jauregizar,0,2.0,1.0,34.0,25.0,0.0,0.0
2024-25,229018,Mikel Oyarzabal,0,9.0,3.0,35.0,28.0,0.0,0.0
2024-25,396612,Mikel Rodriguez,0,0.0,0.0,0.0,0.0,0.0,0.0
2024-25,222373,Mikel Vesga,0,0.0,0.0,25.0,10.0,0.0,0.0
2024-25,169089,Moi Gómez,0,0.0,0.0,26.0,6.0,0.0,0.0
2024-25,241117,Mouctar Diakhaby,0,2.0,0.0,13.0,7.0,0.0,0.0
2024-25,213535,Moussa Diarra,0,0.0,0.0,26.0,20.0,0.0,0.0
2024-25,193782,Munir El Haddadi,0,4.0,0.0,25.0,10.0,0.0,0.0
2024-25,164826,Nahuel Molina,0,0.0,4.0,30.0,17.0,0.0,0.0
2024-25,262491,Nahuel Tenaglia,0,2.0,1.0,34.0,33.0,0.0,0.0
2024-25,301526,Natan,0,1.0,1.0,31.0,23.0,0.0,0.0
2024-25,245243,Nayef Aguerd,0,0.0,0.0,21.0,21.0,0.0,0.0
2024-25,136673,Nemanja Gudelj,0,1.0,1.0,31.0,27.0,0.0,0.0
2024-25,312146,Nico Williams,0,5.0,5.0,29.0,22.0,0.0,0.0
2024-25,210397,Nicolas Pépé,0,3.0,6.0,28.0,15.0,0.0,0.0
2024-25,372032,Noah Darvich,0,0.0,0.0,0.0,0.0,0.0,0.0
2024-25,356212,Nobel Mendy,0,0.0,0.0,2.0,1.0,0.0,0.0
2024-25,291616,Oihan Sancet,0,15.0,1.0,29.0,19.0,0.0,0.0
2024-25,193010,Oliver McBurnie,0,3.0,6.0,34.0,20.0,0.0,0.0
2024-25,215401,Omar Alderete,0,1.0,0.0,34.0,34.0,0.0,0.0
2024-25,310682,Omar El Hilali,0,0.0,2.0,36.0,36.0,0.0,0.0
2024-25,388079,Omar Janneh,0,0.0,0.0,0.0,0.0,0.0,0.0
2024-25,174966,Omar Mascarell,0,1.0,0.0,32.0,21.0,0.0,0.0
2024-25,376041,Omar Sadik,0,0.0,0.0,0.0,0.0,0.0,0.0
2024-25,388615,Oriol Comas,0,0.0,0.0,0.0,0.0,0.0,0.0
2024-25,141271,Oriol Romeu,0,0.0,0.0,25.0,17.0,0.0,0.0
2024-25,341367,Orri Óskarsson,0,3.0,0.0,23.0,9.0,0.0,0.0
2024-25,377782,Oso,0,0.0,0.0,0.0,0.0,0.0,0.0
2024-25,336634,Pablo Barrios,0,1.0,4.0,31.0,28.0,0.0,0.0
2024-25,371692,Pablo Busto,0,0.0,0.0,0.0,0.0,0.0,0.0
2024-25,138448,Pablo Durán,0,4.0,4.0,27.0,15.0,0.0,0.0
2024-25,227714,Pablo Fornals,0,2.0,0.0,26.0,22.0,0.0,0.0
2024-25,399278,Pablo García,0,0.0,0.0,3.0,0.0,0.0,0.0
2024-25,106326,Pablo Ibáñez,0,1.0,1.0,28.0,13.0,0.0,0.0
2024-25,376418,Pablo López,0,0.0,0.0,0.0,0.0,0.0,0.0
2024-25,222661,Pablo Maffeo,0,0.0,2.0,30.0,28.0,0.0,0.0
2024-25,326900,Pablo Marín,0,1.0,2.0,23.0,14.0,0.0,0.0
2024-25,282672,Pablo Ramon,0,0.0,0.0,0.0,0.0,0.0,0.0
2024-25,116389,Pablo Rivera,0,0.0,0.0,0.0,0.0,0.0,0.0
2024-25,206110,Pablo Torre,0,3.0,1.0,10.0,4.0,0.0,0.0
2024-25,311800,Pablo Valencia,0,0.0,0.0,0.0,0.0,0.0,0.0
2024-25,199790,Pacha Espino,0,0.0,1.0,16.0,9.0,0.0,0.0
2024-25,395234,Papa Dame Ba,0,0.0,0.0,1.0,0.0,0.0,0.0
2024-25,255889,Pape Gueye,0,4.0,0.0,34.0,26.0,0.0,0.0
2024-25,294228,Pathé Ciss,0,4.0,1.0,33.0,25.0,0.0,0.0
2024-25,384544,Pau Cabanes,0,1.0,0.0,16.0,2.0,0.0,0.0
2024-25,368992,Pau Cubarsí,0,0.0,3.0,35.0,29.0,0.0,0.0
2024-25,279620,Pau García,0,0.0,0.0,0.0,0.0,0.0,0.0
2024-25,368878,Pau Navarro,0,0.0,0.0,17.0,8.0,0.0,0.0
2024-25,303808,Pau Víctor,0,2.0,1.0,21.0,2.0,0.0,0.0
2024-25,164469,Paulo Gazzaniga,0,0.0,0.0,36.0,36.0,0.0,0.0
2024-25,250465,Pedri,0,4.0,5.0,37.0,35.0,0.0,0.0
2024-25,330246,Pedro Alemañ,0,0.0,0.0,0.0,0.0,0.0,0.0
2024-25,264078,Pedro Díaz,0,3.0,0.0,26.0,12.0,0.0,0.0
2024-25,388805,Peio Canales,0,0.0,0.0,8.0,2.0,0.0,0.0
2024-25,386579,Pelayo Fernández,0,0.0,0.0,2.0,1.0,0.0,0.0
2024-25,300331,Pep Chavarría,0,0.0,1.0,34.0,28.0,0.0,0.0
2024-25,231603,Pepelu,0,2.0,2.0,34.0,18.0,0.0,0.0
2024-25,347359,Peque,0,1.0,1.0,26.0,14.0,0.0,0.0
2024-25,298080,Pere García Bauzá,0,0.0,0.0,0.0,0.0,0.0,0.0
2024-25,196914,Pere Milla,0,3.0,0.0,20.0,1.0,0.0,0.0
2024-25,332892,Peter Federico,0,0.0,0.0,17.0,2.0,0.0,0.0
2024-25,387498,Pol Fortuny,0,0.0,0.0,0.0,0.0,0.0,0.0
2024-25,260242,Pol Lozano,0,0.0,1.0,30.0,27.0,0.0,0.0
2024-25,331757,Pol Tristan,0,0.0,0.0,0.0,0.0,0.0,0.0
2024-25,152166,Portu,0,1.0,2.0,27.0,6.0,0.0,0.0
2024-25,403704,Rafa Fernández,0,0.0,0.0,0.0,0.0,0.0,0.0
2024-25,230974,Rafa Mir,0,1.0,2.0,20.0,5.0,0.0,0.0
2024-25,383900,Rafael Bauza,0,0.0,0.0,5.0,2.0,0.0,0.0
2024-25,119332,Rafael Romero,0,0.0,0.0,0.0,0.0,0.0,0.0
2024-25,332089,Ramón Martínez,0,1.0,0.0,5.0,2.0,0.0,0.0
2024-25,309838,Ramón Terrats,0,4.0,1.0,26.0,16.0,0.0,0.0
2024-25,276847,Randy Nteka,0,3.0,0.0,24.0,16.0,0.0,0.0
2024-25,231050,Raphinha,0,18.0,9.0,36.0,32.0,0.0,0.0
2024-25,377843,Rayane Belaid,0,0.0,0.0,0.0,0.0,0.0,0.0
2024-25,41970,Raúl Albiol,0,0.0,0.0,15.0,14.0,0.0,0.0
2024-25,388338,Raúl Asencio,0,0.0,1.0,23.0,18.0,0.0,0.0
2024-25,389636,Raúl Chasco,0,0.0,0.0,2.0,1.0,0.0,0.0
2024-25,296163,Raúl García,0,4.0,0.0,32.0,5.0,0.0,0.0
2024-25,394417,Raúl Jiménez,0,0.0,0.0,0.0,0.0,0.0,0.0
2024-25,392193,Raúl Martínez Moreno,0,0.0,0.0,0.0,0.0,0.0,0.0
2024-25,303906,Raúl Moro,0,4.0,6.0,33.0,26.0,0.0,0.0
2024-25,174971,Raúl de Tomás,0,0.0,0.0,2.0,0.0,0.0,0.0
2024-25,230081,Reinildo Mandava,0,0.0,0.0,19.0,10.0,0.0,0.0
2024-25,181557,Renato Tapia,0,1.0,0.0,34.0,28.0,0.0,0.0
2024-25,325019,Ricard Artero,0,0.0,0.0,0.0,0.0,0.0,0.0
2024-25,136865,Ricardo Rodríguez,0,0.0,1.0,18.0,15.0,0.0,0.0
2024-25,125824,Robert Lewandowski,0,27.0,2.0,34.0,32.0,0.0,0.0
2024-25,276996,Robert Navarro,0,1.0,0.0,23.0,15.0,0.0,0.0
2024-25,318773,Roberto Fernández,0,6.0,0.0,19.0,18.0,0.0,0.0
2024-25,308145,Roberto López,0,0.0,1.0,13.0,3.0,0.0,0.0
2024-25,214888,Robin Le Normand,0,1.0,0.0,27.0,24.0,0.0,0.0
2024-25,362872,Rodrigo Abajas,0,0.0,0.0,1.0,1.0,0.0,0.0
2024-25,174466,Rodrigo De Paul,0,3.0,7.0,34.0,23.0,0.0,0.0
2024-25,70224,Rodrigo Riquelme,0,0.0,1.0,16.0,4.0,0.0,0.0
2024-25,267804,Rodrygo,0,6.0,5.0,30.0,22.0,0.0,0.0
2024-25,401377,Roger Hinojo,0,0.0,0.0,1.0,0.0,0.0,0.0
2024-25,250853,Romain Perraud,0,2.0,2.0,28.0,22.0,0.0,0.0
2024-25,270821,Ronald Araújo,0,1.0,1.0,12.0,11.0,0.0,0.0
2024-25,178328,Rubén García,0,5.0,6.0,36.0,30.0,0.0,0.0
2024-25,343640,Rubén Gómez,0,0.0,0.0,0.0,0.0,0.0,0.0
2024-25,332342,Rubén Iranzo,0,0.0,0.0,0.0,0.0,0.0,0.0
2024-25,177803,Rubén Peña,0,0.0,0.0,25.0,7.0,0.0,0.0
2024-25,259513,Rubén Vargas,0,2.0,1.0,11.0,9.0,0.0,0.0
2024-25,324658,Rudy Kohon,0,0.0,0.0,0.0,0.0,0.0,0.0
2024-25,354786,Saliou Mandiang,0,0.0,0.0,0.0,0.0,0.0,0.0
2024-25,253937,Samuel Lino,0,3.0,4.0,31.0,21.0,0.0,0.0
2024-25,183466,Samú Costa,0,0.0,2.0,32.0,31.0,0.0,0.0
2024-25,188165,Sandro,0,9.0,3.0,31.0,25.0,0.0,0.0
2024-25,240623,Santi Comesaña,0,4.0,2.0,35.0,30.0,0.0,0.0
2024-25,318098,Santiago Mouriño,0,0.0,1.0,25.0,20.0,0.0,0.0
2024-25,172269,Saúl Ñíguez,0,1.0,6.0,24.0,17.0,0.0,0.0
2024-25,191450,Scott McKenna,0,0.0,0.0,29.0,28.0,0.0,0.0
2024-25,223075,Selim Amallah,0,3.0,1.0,24.0,18.0,0.0,0.0
2024-25,331426,Sergi Altimira,0,0.0,1.0,32.0,22.0,0.0,0.0
2024-25,226140,Sergi Canós,0,0.0,1.0,17.0,2.0,0.0,0.0
2024-25,289072,Sergi Cardona,0,1.0,8.0,35.0,34.0,0.0,0.0
2024-25,165519,Sergi Darder,0,2.0,6.0,38.0,34.0,0.0,0.0
2024-25,388284,Sergi Domínguez,0,0.0,0.0,3.0,2.0,0.0,0.0
2024-25,222360,Sergi Guardiola,0,0.0,0.0,16.0,1.0,0.0,0.0
2024-25,120708,Sergi Gómez,0,0.0,0.0,12.0,6.0,0.0,0.0
2024-25,399240,Sergio Arribas,0,0.0,0.0,1.0,1.0,0.0,0.0
2024-25,276652,Sergio Camello,0,3.0,2.0,23.0,14.0,0.0,0.0
2024-25,298343,Sergio Carreira,0,0.0,4.0,23.0,19.0,0.0,0.0
2024-25,198849,Sergio González,0,2.0,0.0,36.0,33.0,0.0,0.0
2024-25,265993,Sergio Gómez,0,2.0,5.0,37.0,31.0,0.0,0.0
2024-25,191360,Sergio Herrera,0,0.0,0.0,37.0,37.0,0.0,0.0
2024-25,268751,Sergio Lozano,0,0.0,0.0,0.0,0.0,0.0,0.0
2024-25,350351,Sergio Mestre,0,0.0,0.0,0.0,0.0,0.0,0.0
2024-25,184759,Sergio Ruiz,0,0.0,0.0,0.0,0.0,0.0,0.0
2024-25,395665,Sergio Vieira,0,0.0,0.0,2.0,1.0,0.0,0.0
2024-25,266701,Seydouba Cissé,0,3.0,1.0,34.0,31.0,0.0,0.0
2024-25,195027,Sheraldo Becker,0,2.0,1.0,22.0,11.0,0.0,0.0
2024-25,387116,Sixtus Ogbuehi,0,0.0,0.0,0.0,0.0,0.0,0.0
2024-25,356925,Stanis Idumbo,0,1.0,1.0,14.0,3.0,0.0,0.0
2024-25,276578,Stanko Juric,0,0.0,0.0,26.0,19.0,0.0,0.0
2024-25,330605,Stefan Bajcetic,0,1.0,0.0,14.0,12.0,0.0,0.0
2024-25,165334,Stole Dimitrievski,0,0.0,0.0,4.0,4.0,0.0,0.0
2024-25,395585,Suleiman El Haddadi Mohamed,0,0.0,0.0,0.0,0.0,0.0,0.0
2024-25,164800,Suso,0,0.0,2.0,16.0,4.0,0.0,0.0
2024-25,284769,Tajon Buchanan,0,1.0,2.0,13.0,4.0,0.0,0.0
2024-25,256587,Takefusa Kubo,0,5.0,0.0,36.0,27.0,0.0,0.0
2024-25,201469,Takuma Asano,0,2.0,1.0,21.0,13.0,0.0,0.0
2024-25,364176,Tamás Nikitscher,0,0.0,0.0,13.0,9.0,0.0,0.0
2024-25,290165,Tanguy Nianzou,0,0.0,0.0,6.0,6.0,0.0,0.0
2024-25,318125,Thiago Ojeda,0,0.0,0.0,1.0,0.0,0.0,0.0
2024-25,134283,Thibaut Courtois,0,0.0,0.0,30.0,30.0,0.0,0.0
2024-25,301166,Thierno Barry,0,11.0,4.0,35.0,25.0,0.0,0.0
2024-25,275983,Thierry Correia,0,0.0,0.0,11.0,9.0,0.0,0.0
2024-25,190291,Thomas Lemar,0,0.0,0.0,5.0,0.0,0.0,0.0
2024-25,228388,Tomás Conechny,0,1.0,0.0,22.0,9.0,0.0,0.0
2024-25,388285,Toni Fernández,0,0.0,0.0,0.0,0.0,0.0,0.0
2024-25,232275,Toni Lato,0,0.0,0.0,14.0,7.0,0.0,0.0
2024-25,181757,Toni Martínez,0,4.0,1.0,28.0,9.0,0.0,0.0
2024-25,211770,Umar Sadiq,0,5.0,0.0,23.0,11.0,0.0,0.0
2024-25,186820,Unai García,0,0.0,0.0,3.0,1.0,0.0,0.0
2024-25,362376,Unai Gómez,0,1.0,3.0,32.0,14.0,0.0,0.0
2024-25,203711,Unai López,0,3.0,1.0,32.0,23.0,0.0,0.0
2024-25,312011,Unai Marrero,0,0.0,0.0,2.0,2.0,0.0,0.0
2024-25,260902,Unai Núñez,0,0.0,0.0,10.0,7.0,0.0,0.0
2024-25,222375,Unai Simón,0,0.0,0.0,21.0,21.0,0.0,0.0
2024-25,307915,Urko Gonzalez,0,0.0,2.0,18.0,17.0,0.0,0.0
2024-25,238252,Valentin Rosier,0,1.0,2.0,32.0,28.0,0.0,0.0
2024-25,395664,Valentino Raca,0,0.0,0.0,0.0,0.0,0.0,0.0
2024-25,388727,Valentín Pezzolesi,0,0.0,0.0,1.0,0.0,0.0,0.0
2024-25,282669,Valery Fernández,0,2.0,0.0,18.0,1.0,0.0,0.0
2024-25,240209,Vedat Muriqi,0,7.0,2.0,29.0,24.0,0.0,0.0
2024-25,401299,Verde,0,0.0,0.0,0.0,0.0,0.0,0.0
2024-25,384307,Vicent Abril,0,0.0,0.0,0.0,0.0,0.0,0.0
2024-25,97429,Vicente Guaita,0,0.0,0.0,34.0,34.0,0.0,0.0
2024-25,212231,Viktor Tsygankov,0,2.0,5.0,27.0,23.0,0.0,0.0
2024-25,252107,Vinícius Júnior,0,11.0,8.0,30.0,24.0,0.0,0.0
2024-25,236458,Viti,0,0.0,2.0,29.0,23.0,0.0,0.0
2024-25,367976,Vladyslav Krapyvtsov,0,0.0,0.0,2.0,2.0,0.0,0.0
2024-25,397545,Víctor Muñoz,0,0.0,0.0,2.0,0.0,0.0,0.0
2024-25,390675,Víctor Puig,0,0.0,0.0,0.0,0.0,0.0,0.0
2024-25,401558,Víctor Valdepeñas,0,0.0,0.0,0.0,0.0,0.0,0.0
2024-25,292241,Walid Cheddira,0,1.0,1.0,22.0,5.0,0.0,0.0
2024-25,310068,Warren Madrigal,0,0.0,0.0,0.0,0.0,0.0,0.0
2024-25,157390,William Carvalho,0,0.0,0.0,14.0,6.0,0.0,0.0
2024-25,322652,Williot Swedberg,0,4.0,5.0,32.0,15.0,0.0,0.0
2024-25,325553,Willy Kambwala,0,0.0,0.0,19.0,12.0,0.0,0.0
2024-25,131634,Wojciech Szczesny,0,0.0,0.0,15.0,15.0,0.0,0.0
2024-25,403617,Xavi Moreno,0,0.0,0.0,1.0,1.0,0.0,0.0
2024-25,354622,Xavier Pleguezuelo,0,0.0,0.0,0.0,0.0,0.0,0.0
2024-25,402479,Yan Diomande,0,2.0,1.0,10.0,6.0,0.0,0.0
2024-25,236185,Yangel Herrera,0,4.0,3.0,29.0,27.0,0.0,0.0
2024-25,364814,Yarek Gasiorowski,0,0.0,0.0,15.0,9.0,0.0,0.0
2024-25,340196,Yellu Santiago,0,0.0,0.0,19.0,4.0,0.0,0.0
2024-25,217225,Yeray,0,1.0,0.0,21.0,20.0,0.0,0.0
2024-25,384643,Yoel Lago,0,0.0,1.0,8.0,7.0,0.0,0.0
2024-25,382532,Youssef Lekhedim,0,0.0,0.0,0.0,0.0,0.0,0.0
2024-25,187608,Youssouf Sabaly,0,0.0,1.0,22.0,20.0,0.0,0.0
2024-25,133768,Yuri Berchiche,0,0.0,2.0,30.0,22.0,0.0,0.0
2024-25,252477,Yvan Neyou,0,1.0,1.0,30.0,27.0,0.0,0.0
2024-25,311056,Yáser Asprilla,0,3.0,1.0,27.0,15.0,0.0,0.0
2024-25,297370,Yéremy Pino,0,4.0,7.0,34.0,25.0,0.0,0.0
2024-25,297373,Álex Baena,0,7.0,10.0,32.0,30.0,0.0,0.0
2024-25,209579,Álex Berenguer,0,6.0,7.0,36.0,28.0,0.0,0.0
2024-25,178896,Álex Muñoz,0,3.0,0.0,21.0,18.0,0.0,0.0
2024-25,217319,Álex Remiro,0,0.0,0.0,36.0,36.0,0.0,0.0
2024-25,286167,Álex Sola,0,0.0,1.0,19.0,13.0,0.0,0.0
2024-25,121611,Álex Suárez,0,0.0,0.0,30.0,30.0,0.0,0.0
2024-25,367963,Álvaro Abajas,0,0.0,0.0,0.0,0.0,0.0,0.0
2024-25,300377,Álvaro Cortés,0,0.0,0.0,0.0,0.0,0.0,0.0
2024-25,347033,Álvaro Djaló,0,1.0,0.0,17.0,7.0,0.0,0.0
2024-25,96060,Álvaro Fernández,0,0.0,0.0,9.0,8.0,0.0,0.0
2024-25,125200,Álvaro García,0,4.0,5.0,36.0,28.0,0.0,0.0
2024-25,372804,Álvaro Killane,0,0.0,0.0,0.0,0.0,0.0,0.0
2024-25,236156,Álvaro Odriozola,0,0.0,0.0,2.0,0.0,0.0,0.0
2024-25,353151,Álvaro Rodríguez,0,2.0,0.0,22.0,7.0,0.0,0.0
2024-25,231405,Álvaro Tejero,0,1.0,4.0,28.0,13.0,0.0,0.0
2024-25,195681,Ángel Correa,0,4.0,1.0,31.0,3.0,0.0,0.0
2024-25,307419,Ángel Fortuño,0,0.0,0.0,0.0,0.0,0.0,0.0
2024-25,395941,Ángel Ortiz,0,0.0,1.0,5.0,4.0,0.0,0.0
2024-25,377529,Áron Yaakobishvili,0,0.0,0.0,0.0,0.0,0.0,0.0
2024-25,228402,Éder Militão,0,1.0,1.0,12.0,11.0,0.0,0.0
2024-25,276546,Óscar Mingueza,0,4.0,6.0,34.0,31.0,0.0,0.0
2024-25,259842,Óscar Rodríguez,0,1.0,4.0,29.0,12.0,0.0,0.0
2024-25,66410,Óscar Trejo,0,1.0,0.0,19.0,6.0,0.0,0.0
2024-25,264217,Óscar Valentín,0,0.0,0.0,34.0,18.0,0.0,0.0
2024-25,130135,Óscar de Marcos,0,0.0,4.0,26.0,17.0,0.0,0.0
2024-25,193610,Ørjan Nyland,0,0.0,0.0,30.0,30.0,0.0,0.0
2025-26,419048,Aaron Mayol,0,0.0,0.0,0.0,0.0,0.0,0.0
2025-26,200964,Aarón Escandell,0,0.0,1.0,36.0,36.0,0.0,0.0
2025-26,377777,Aarón Moloney,0,2.0,3.0,28.0,7.0,0.0,0.0
2025-26,300912,Abde Ezzalzouli,0,10.0,8.0,29.0,26.0,0.0,0.0
2025-26,345991,Abde Rebbach,0,1.0,4.0,30.0,15.0,0.0,0.0
2025-26,277876,Abdel Abqar,0,0.0,2.0,23.0,17.0,0.0,0.0
2025-26,241139,Abdul Mumin,0,0.0,0.0,3.0,1.0,0.0,0.0
2025-26,155935,Abdón Prats,0,0.0,0.0,15.0,0.0,0.0,0.0
2025-26,300284,Abel Bretones,0,1.0,2.0,28.0,17.0,0.0,0.0
2025-26,261613,Abel Ruiz,0,0.0,0.0,9.0,0.0,0.0,0.0
2025-26,275674,Abu Kamara,0,0.0,0.0,12.0,1.0,0.0,0.0
2025-26,367682,Adam Boayar,0,1.0,0.0,7.0,0.0,0.0,0.0
2025-26,379707,Adama Boiro,0,0.0,0.0,14.0,8.0,0.0,0.0
2025-26,420443,Adama Timera,0,0.0,0.0,0.0,0.0,0.0,0.0
2025-26,229645,Ademola Lookman,0,4.0,0.0,12.0,9.0,0.0,0.0
2025-26,186432,Adnan Januzaj,0,0.0,0.0,12.0,2.0,0.0,0.0
2025-26,412173,Adri Fernández,0,0.0,0.0,0.0,0.0,0.0,0.0
2025-26,277292,Adrià Pedrosa,0,1.0,1.0,27.0,8.0,0.0,0.0
2025-26,134230,Adrián ,0,0.0,0.0,1.0,1.0,0.0,0.0
2025-26,381682,Adrián Liso,0,3.0,0.0,28.0,21.0,0.0,0.0
2025-26,300878,Adrián Molina,0,0.0,0.0,0.0,0.0,0.0,0.0
2025-26,373542,Adrián Niño,0,11.0,1.0,34.0,15.0,0.0,0.0
2025-26,411759,Adrián Pérez,0,0.0,0.0,0.0,0.0,0.0,0.0
2025-26,417541,Adrián Riquelme,0,0.0,0.0,0.0,0.0,0.0,0.0
2025-26,276841,Adrián de la Fuente,0,3.0,1.0,33.0,30.0,0.0,0.0
2025-26,283891,Aihen Muñoz,0,1.0,0.0,21.0,9.0,0.0,0.0
2025-26,409380,Aimar Blázquez,0,0.0,0.0,0.0,0.0,0.0,0.0
2025-26,388802,Aimar Duñabeitia,0,0.0,0.0,0.0,0.0,0.0,0.0
2025-26,288760,Aimar Oroz,0,0.0,2.0,31.0,26.0,0.0,0.0
2025-26,393944,Aitor Crespo,0,0.0,0.0,0.0,0.0,0.0,0.0
2025-26,144759,Aitor Fernández,0,0.0,0.0,2.0,1.0,0.0,0.0
2025-26,368327,Aitor Fraga,0,0.0,0.0,0.0,0.0,0.0,0.0
2025-26,379231,Aitor Mañas,0,0.0,0.0,9.0,0.0,0.0,0.0
2025-26,308254,Aitor Paredes,0,2.0,0.0,19.0,18.0,0.0,0.0
2025-26,268601,Aitor Ruibal,0,4.0,2.0,27.0,20.0,0.0,0.0
2025-26,288472,Akor Adams,0,10.0,3.0,32.0,21.0,0.0,0.0
2025-26,341774,Alan Matturro,0,1.0,1.0,19.0,10.0,0.0,0.0
2025-26,396751,Alassane Diatta,0,0.0,0.0,1.0,0.0,0.0,0.0
2025-26,395620,Albert Niculaesei,0,0.0,0.0,0.0,0.0,0.0,0.0
2025-26,185100,Alberto Flores,0,0.0,0.0,0.0,0.0,0.0,0.0
2025-26,307390,Alberto Moleiro,0,10.0,5.0,37.0,30.0,0.0,0.0
2025-26,253732,Alberto Reina,0,4.0,1.0,37.0,31.0,0.0,0.0
2025-26,383912,Alberto Risco,0,0.0,0.0,0.0,0.0,0.0,0.0
2025-26,240235,Aleix Febas,0,2.0,2.0,36.0,36.0,0.0,0.0
2025-26,323703,Alejandro Balde,0,0.0,2.0,28.0,21.0,0.0,0.0
2025-26,264175,Alejandro Catena,0,3.0,2.0,35.0,35.0,0.0,0.0
2025-26,297825,Alejandro Francés,0,0.0,2.0,24.0,11.0,0.0,0.0
2025-26,330433,Alejandro Iturbe,0,0.0,0.0,0.0,0.0,0.0,0.0
2025-26,416642,Alejandro Mestanza,0,0.0,0.0,3.0,1.0,0.0,0.0
2025-26,340744,Alejandro Primo,0,0.0,0.0,0.0,0.0,0.0,0.0
2025-26,403371,Alejandro Rego,0,1.0,1.0,29.0,11.0,0.0,0.0
2025-26,386898,Aleksa Puric,0,0.0,0.0,2.0,0.0,0.0,0.0
2025-26,395769,Aleksandar Andreev,0,0.0,0.0,0.0,0.0,0.0,0.0
2025-26,377793,Alex Almansa,0,0.0,0.0,0.0,0.0,0.0,0.0
2025-26,343629,Alex Fores,0,0.0,1.0,18.0,3.0,0.0,0.0
2025-26,248276,Alex Freeman,0,0.0,0.0,9.0,3.0,0.0,0.0
2025-26,418452,Alex Herraiz,0,0.0,0.0,0.0,0.0,0.0,0.0
2025-26,366886,Alex Lebarbier,0,0.0,0.0,0.0,0.0,0.0,0.0
2025-26,396613,Alex Marchal,0,0.0,0.0,0.0,0.0,0.0,0.0
2025-26,413671,Alex Panach,0,0.0,0.0,0.0,0.0,0.0,0.0
2025-26,188230,Alexander Sørloth,0,13.0,0.0,35.0,20.0,0.0,0.0
2025-26,313024,Alexandre Alemão,0,4.0,0.0,26.0,11.0,0.0,0.0
2025-26,92055,Alexis Sánchez,0,4.0,2.0,28.0,11.0,0.0,0.0
2025-26,271635,Alfonso González,0,2.0,0.0,20.0,7.0,0.0,0.0
2025-26,240624,Alfonso Herrero,0,0.0,0.0,46.0,46.0,0.0,0.0
2025-26,218439,Alfonso Pedraza,0,1.0,3.0,27.0,19.0,0.0,0.0
2025-26,409861,Alioune Mané,0,0.0,0.0,0.0,0.0,0.0,0.0
2025-26,136945,Allan Nyom,0,0.0,1.0,15.0,7.0,0.0,0.0
2025-26,300471,Alvaro Mantilla,0,2.0,2.0,29.0,29.0,0.0,0.0
2025-26,415275,Aly Doumbia,0,0.0,0.0,0.0,0.0,0.0,0.0
2025-26,283941,Ander Barrenetxea,0,3.0,5.0,30.0,22.0,0.0,0.0
2025-26,260256,Ander Guevara,0,1.0,1.0,25.0,2.0,0.0,0.0
2025-26,401735,Ander Izagirre,0,0.0,0.0,0.0,0.0,0.0,0.0
2025-26,245839,Andoni Gorosabel,0,0.0,1.0,24.0,15.0,0.0,0.0
2025-26,186430,Andreas Christensen,0,0.0,0.0,13.0,3.0,0.0,0.0
2025-26,144720,Andrei Radu,0,0.0,0.0,38.0,38.0,0.0,0.0
2025-26,287224,Andrei Ratiu,0,0.0,4.0,35.0,31.0,0.0,0.0
2025-26,388600,Andres Cespedes,0,0.0,0.0,0.0,0.0,0.0,0.0
2025-26,257237,Andriy Lunin,0,0.0,0.0,6.0,6.0,0.0,0.0
2025-26,286604,André Almeida,0,0.0,2.0,22.0,11.0,0.0,0.0
2025-26,3368,André Silva,0,10.0,0.0,31.0,22.0,0.0,0.0
2025-26,414292,Andrés Antañón,0,0.0,0.0,2.0,1.0,0.0,0.0
2025-26,332246,Andrés Castrín,0,1.0,0.0,19.0,13.0,0.0,0.0
2025-26,3141,Andrés Martín,0,23.0,9.0,41.0,41.0,0.0,0.0
2025-26,414075,Andrés Vallecillo,0,0.0,0.0,0.0,0.0,0.0,0.0
2025-26,207288,Ante Budimir,0,17.0,0.0,37.0,35.0,0.0,0.0
2025-26,140416,Antoine Griezmann,0,7.0,4.0,34.0,13.0,0.0,0.0
2025-26,265997,Antonio Blanco,0,2.0,3.0,36.0,36.0,0.0,0.0
2025-26,409514,Antonio Martínez,0,0.0,0.0,0.0,0.0,0.0,0.0
2025-26,222333,Antonio Raíllo,0,0.0,1.0,24.0,23.0,0.0,0.0
2025-26,169438,Antonio Rüdiger,0,1.0,0.0,18.0,16.0,0.0,0.0
2025-26,413599,Antonio Salguero,0,0.0,0.0,0.0,0.0,0.0,0.0
2025-26,200910,Antonio Sivera,0,0.0,0.0,38.0,38.0,0.0,0.0
2025-26,279511,Antonio Sánchez,0,0.0,0.0,30.0,9.0,0.0,0.0
2025-26,368332,Antoniu Roca,0,0.0,0.0,13.0,3.0,0.0,0.0
2025-26,281558,Antony,0,8.0,6.0,32.0,30.0,0.0,0.0
2025-26,310452,Arda Güler,0,4.0,9.0,33.0,25.0,0.0,0.0
2025-26,320768,Aritz Aldasoro,0,0.0,0.0,15.0,9.0,0.0,0.0
2025-26,214742,Aritz Elustondo,0,0.0,1.0,16.0,8.0,0.0,0.0
2025-26,396610,Arkaitz Mariezkurrena,0,0.0,0.0,1.0,0.0,0.0,0.0
2025-26,300333,Arnau Comas,0,0.0,0.0,24.0,17.0,0.0,0.0
2025-26,308728,Arnau Martínez,0,2.0,3.0,35.0,33.0,0.0,0.0
2025-26,290043,Arnau Tenas,0,0.0,0.0,10.0,10.0,0.0,0.0
2025-26,231618,Arnaut Danjuma,0,3.0,2.0,30.0,18.0,0.0,0.0
2025-26,307487,Arsen Zakharyan,0,0.0,0.0,17.0,3.0,0.0,0.0
2025-26,414464,Asier Hierro,0,0.0,0.0,1.0,0.0,0.0,0.0
2025-26,381628,Asier Osambela,0,1.0,0.0,17.0,2.0,0.0,0.0
2025-26,195032,Augusto Batalla,0,0.0,0.0,34.0,34.0,0.0,0.0
2025-26,265919,Aurélien Tchouaméni,0,1.0,0.0,33.0,31.0,0.0,0.0
2025-26,164895,Axel Witsel,0,1.0,2.0,32.0,30.0,0.0,0.0
2025-26,159317,Aymeric Laporte,0,0.0,1.0,25.0,24.0,0.0,0.0
2025-26,192133,Ayoze Pérez,0,5.0,4.0,25.0,12.0,0.0,0.0
2025-26,291552,Azzedine Ounahi,0,5.0,2.0,24.0,20.0,0.0,0.0
2025-26,192403,Baptiste Santamaria,0,1.0,1.0,19.0,7.0,0.0,0.0
2025-26,265917,Batista Mendy,0,1.0,0.0,27.0,19.0,0.0,0.0
2025-26,395235,Bema Sina,0,0.0,0.0,0.0,0.0,0.0,0.0
2025-26,318785,Beñat Prados,0,0.0,0.0,2.0,1.0,0.0,0.0
2025-26,297371,Beñat Turrientes,0,0.0,3.0,27.0,16.0,0.0,0.0
2025-26,414299,Bil Nsongo,0,6.0,1.0,17.0,10.0,0.0,0.0
2025-26,214995,Borja Iglesias,0,14.0,2.0,35.0,21.0,0.0,0.0
2025-26,218793,Borja Mayoral,0,4.0,1.0,16.0,12.0,0.0,0.0
2025-26,246532,Brahim Díaz,0,1.0,6.0,30.0,13.0,0.0,0.0
2025-26,262729,Brais Méndez,0,6.0,2.0,29.0,21.0,0.0,0.0
2025-26,284429,Bryan Gil,0,0.0,3.0,29.0,20.0,0.0,0.0
2025-26,371608,Buba Sangaré,0,0.0,0.0,12.0,8.0,0.0,0.0
2025-26,304469,Calebe,0,0.0,0.0,19.0,13.0,0.0,0.0
2025-26,195790,Carl Starfelt,0,0.0,0.0,19.0,17.0,0.0,0.0
2025-26,233802,Carles Aleñá,0,0.0,4.0,34.0,23.0,0.0,0.0
2025-26,376070,Carlos Ballestero,0,0.0,0.0,1.0,0.0,0.0,0.0
2025-26,415495,Carlos De Roa,0,0.0,0.0,0.0,0.0,0.0,0.0
2025-26,312376,Carlos Domínguez,0,0.0,0.0,8.0,6.0,0.0,0.0
2025-26,380286,Carlos Espí,0,11.0,0.0,25.0,13.0,0.0,0.0
2025-26,355503,Carlos López,0,0.0,0.0,0.0,0.0,0.0,0.0
2025-26,415438,Carlos Macià,0,0.0,0.0,5.0,0.0,0.0,0.0
2025-26,324192,Carlos Martín,0,0.0,0.0,11.0,7.0,0.0,0.0
2025-26,253754,Carlos Protesoni,0,0.0,0.0,13.0,3.0,0.0,0.0
2025-26,331785,Carlos Puga,0,0.0,1.0,35.0,34.0,0.0,0.0
2025-26,271904,Carlos Romero,0,6.0,3.0,36.0,36.0,0.0,0.0
2025-26,235072,Carlos Soler,0,4.0,3.0,33.0,26.0,0.0,0.0
2025-26,421199,Carlos Sánchez,0,0.0,0.0,0.0,0.0,0.0,0.0
2025-26,3731,Carlos Álvarez,0,3.0,1.0,30.0,23.0,0.0,0.0
2025-26,409381,Cayetano,0,0.0,0.0,0.0,0.0,0.0,0.0
2025-26,421975,Cesc Riba,0,0.0,0.0,0.0,0.0,0.0,0.0
2025-26,235875,Charles Pickel,0,1.0,0.0,24.0,4.0,0.0,0.0
2025-26,327167,Charlie Patino,0,0.0,0.0,28.0,5.0,0.0,0.0
2025-26,409296,Cheli,0,0.0,0.0,0.0,0.0,0.0,0.0
2025-26,254270,Chidera Ejuke,0,1.0,1.0,27.0,6.0,0.0,0.0
2025-26,217588,Chimy Ávila,0,1.0,0.0,16.0,3.0,0.0,0.0
2025-26,388602,Chupete,0,25.0,6.0,43.0,32.0,0.0,0.0
2025-26,361355,Claudio Echeverri,0,1.0,1.0,17.0,5.0,0.0,0.0
2025-26,323737,Clemens Riedel,0,0.0,1.0,20.0,16.0,0.0,0.0
2025-26,193917,Clément Lenglet,0,0.0,1.0,19.0,17.0,0.0,0.0
2025-26,300927,Copete,0,0.0,0.0,21.0,19.0,0.0,0.0
2025-26,113737,Cristhian Stuani,0,5.0,0.0,21.0,1.0,0.0,0.0
2025-26,76884,Cristian Rivero,0,0.0,0.0,0.0,0.0,0.0,0.0
2025-26,336809,Cucho Hernández,0,11.0,3.0,32.0,30.0,0.0,0.0
2025-26,283741,Cyril Ngonge,0,0.0,2.0,9.0,6.0,0.0,0.0
2025-26,147193,Cédric Bakambu,0,3.0,1.0,18.0,5.0,0.0,0.0
2025-26,97770,César Azpilicueta,0,0.0,1.0,17.0,17.0,0.0,0.0
2025-26,12172,César Palacios,0,0.0,0.0,5.0,0.0,0.0,0.0
2025-26,330552,César Tárrega,0,0.0,0.0,32.0,29.0,0.0,0.0
2025-26,126489,Daley Blind,0,0.0,0.0,31.0,30.0,0.0,0.0
2025-26,312005,Damián,0,0.0,0.0,3.0,2.0,0.0,0.0
2025-26,413920,Damián Canedo,0,0.0,0.0,0.0,0.0,0.0,0.0
2025-26,354646,Dani Barcia,0,2.0,1.0,25.0,21.0,0.0,0.0
2025-26,123743,Dani Calvo,0,0.0,0.0,20.0,17.0,0.0,0.0
2025-26,168531,Dani Carvajal,0,0.0,1.0,17.0,10.0,0.0,0.0
2025-26,202717,Dani Ceballos,0,0.0,0.0,16.0,4.0,0.0,0.0
2025-26,375758,Dani Cervera,0,0.0,0.0,0.0,0.0,0.0,0.0
2025-26,418003,Dani Meso,0,0.0,0.0,0.0,0.0,0.0,0.0
2025-26,227765,Dani Olmo,0,7.0,8.0,33.0,24.0,0.0,0.0
2025-26,121020,Dani Parejo,0,1.0,0.0,32.0,16.0,0.0,0.0
2025-26,253763,Dani Raba,0,0.0,1.0,13.0,3.0,0.0,0.0
2025-26,311578,Dani Sánchez,0,0.0,1.0,15.0,6.0,0.0,0.0
2025-26,274016,Dani Vivian,0,1.0,0.0,31.0,28.0,0.0,0.0
2025-26,367962,Daniel Ballesteros Fernández,0,0.0,0.0,0.0,0.0,0.0,0.0
2025-26,381110,Daniel Budesca,0,0.0,0.0,0.0,0.0,0.0,0.0
2025-26,192893,Daniel Cárdenas,0,0.0,0.0,4.0,4.0,0.0,0.0
2025-26,387496,Daniel Díaz,0,0.0,0.0,1.0,0.0,0.0,0.0
2025-26,331533,Daniel Lorenzo,0,4.0,2.0,37.0,34.0,0.0,0.0
2025-26,368593,Daniel Martinez,0,0.0,0.0,1.0,1.0,0.0,0.0
2025-26,353854,Daniel Pérez,0,0.0,0.0,1.0,0.0,0.0,0.0
2025-26,363041,Daniel Rodríguez,0,0.0,0.0,0.0,0.0,0.0,0.0
2025-26,376422,Daniel Yañez,0,0.0,1.0,2.0,0.0,0.0,0.0
2025-26,377851,Darling Bladi,0,0.0,0.0,0.0,0.0,0.0,0.0
2025-26,313230,David Affengruber,0,1.0,1.0,36.0,33.0,0.0,0.0
2025-26,118444,David Alaba,0,0.0,0.0,11.0,5.0,0.0,0.0
2025-26,236301,David Carmo,0,1.0,0.0,23.0,21.0,0.0,0.0
2025-26,192796,David Costas,0,1.0,0.0,25.0,22.0,0.0,0.0
2025-26,337455,David Delgado,0,0.0,0.0,0.0,0.0,0.0,0.0
2025-26,157965,David Jiménez,0,0.0,0.0,2.0,1.0,0.0,0.0
2025-26,297828,David Larrubia,0,12.0,3.0,43.0,42.0,0.0,0.0
2025-26,160740,David López,0,0.0,0.0,6.0,3.0,0.0,0.0
2025-26,371688,David López,0,0.0,0.0,14.0,9.0,0.0,0.0
2025-26,375390,David Mella,0,5.0,1.0,25.0,17.0,0.0,0.0
2025-26,377768,David Otorbi,0,0.0,0.0,0.0,0.0,0.0,0.0
2025-26,196339,David Soria,0,0.0,0.0,38.0,38.0,0.0,0.0
2025-26,406832,Davinchi,0,0.0,0.0,14.0,7.0,0.0,0.0
2025-26,356000,Dean Huijsen,0,2.0,2.0,28.0,24.0,0.0,0.0
2025-26,163068,Denis Suárez,0,1.0,2.0,30.0,15.0,0.0,0.0
2025-26,396894,Diego Aguado,0,0.0,0.0,1.0,0.0,0.0,0.0
2025-26,279660,Diego Conde,0,0.0,0.0,0.0,0.0,0.0,0.0
2025-26,396027,Diego Diaz,0,0.0,0.0,1.0,0.0,0.0,0.0
2025-26,113471,Diego Espinosa,0,0.0,0.0,0.0,0.0,0.0,0.0
2025-26,388898,Diego Ferrer,0,0.0,0.0,0.0,0.0,0.0,0.0
2025-26,150191,Diego Fuentes,0,0.0,1.0,6.0,0.0,0.0,0.0
2025-26,368359,Diego Kochen,0,0.0,0.0,0.0,0.0,0.0,0.0
2025-26,181530,Diego Llorente,0,1.0,0.0,18.0,14.0,0.0,0.0
2025-26,324504,Diego López,0,4.0,1.0,34.0,20.0,0.0,0.0
2025-26,376695,Diego Menéndez,0,0.0,0.0,0.0,0.0,0.0,0.0
2025-26,354409,Diego Morcillo,0,0.0,0.0,1.0,0.0,0.0,0.0
2025-26,350947,Diego Murillo,0,2.0,0.0,40.0,38.0,0.0,0.0
2025-26,129879,Diego Méndez,0,0.0,0.0,0.0,0.0,0.0,0.0
2025-26,264488,Diego Pampín,0,0.0,0.0,8.0,6.0,0.0,0.0
2025-26,193943,Diego Rico,0,0.0,0.0,28.0,18.0,0.0,0.0
2025-26,331742,Diego Villares,0,2.0,0.0,36.0,29.0,0.0,0.0
2025-26,157739,Dimitri Foulquier,0,0.0,0.0,15.0,12.0,0.0,0.0
2025-26,353490,Dimitrios Stamatakis,0,0.0,0.0,0.0,0.0,0.0,0.0
2025-26,181355,Djené,0,0.0,0.0,34.0,32.0,0.0,0.0
2025-26,222446,Djibril Sow,0,5.0,4.0,33.0,27.0,0.0,0.0
2025-26,219234,Domingos Duarte,0,1.0,1.0,34.0,34.0,0.0,0.0
2025-26,215717,Donny van de Beek,0,0.0,0.0,2.0,1.0,0.0,0.0
2025-26,194766,Duje Caleta-Car,0,1.0,0.0,27.0,24.0,0.0,0.0
2025-26,257786,Dávid Hancko,0,0.0,2.0,30.0,27.0,0.0,0.0
2025-26,403587,Eder Aller,0,0.0,0.0,0.0,0.0,0.0,0.0
2025-26,415364,Eder García,0,0.0,0.0,2.0,0.0,0.0,0.0
2025-26,409486,Edu Altozano,0,0.0,0.0,0.0,0.0,0.0,0.0
2025-26,255272,Edu Expósito,0,1.0,6.0,36.0,32.0,0.0,0.0
2025-26,285150,Eduardo Camavinga,0,1.0,0.0,29.0,16.0,0.0,0.0
2025-26,378408,Egoitz Muñoz,0,0.0,0.0,0.0,0.0,0.0,0.0
2025-26,192430,Einar Galilea,0,2.0,0.0,25.0,22.0,0.0,0.0
2025-26,418212,Elijah Gift,0,0.0,0.0,0.0,0.0,0.0,0.0
2025-26,374635,Endika Bujan,0,0.0,0.0,0.0,0.0,0.0,0.0
2025-26,270610,Eneko Jauregui,0,4.0,0.0,23.0,5.0,0.0,0.0
2025-26,209580,Enrique Barja,0,2.0,2.0,27.0,2.0,0.0,0.0
2025-26,353337,Enrique Fernández,0,0.0,0.0,0.0,0.0,0.0,0.0
2025-26,135422,Enrique García,0,8.0,1.0,37.0,17.0,0.0,0.0
2025-26,334163,Enrique Salas,0,2.0,0.0,26.0,24.0,0.0,0.0
2025-26,402403,Enrique Teijo,0,0.0,0.0,0.0,0.0,0.0,0.0
2025-26,307905,Enzo Boyomo,0,1.0,2.0,30.0,29.0,0.0,0.0
2025-26,231697,Eray Cömert,0,2.0,1.0,17.0,15.0,0.0,0.0
2025-26,212342,Eric Bailly,0,1.0,0.0,15.0,15.0,0.0,0.0
2025-26,128714,Eric García,0,1.0,2.0,34.0,32.0,0.0,0.0
2025-26,375190,Eric Puerto,0,0.0,0.0,0.0,0.0,0.0,0.0
2025-26,346676,Etta Eyong,0,7.0,4.0,33.0,18.0,0.0,0.0
2025-26,375441,Fabián Urzain,0,0.0,0.0,0.0,0.0,0.0,0.0
2025-26,255931,Facundo Garcés,0,0.0,0.0,10.0,8.0,0.0,0.0
2025-26,276026,Federico Gattoni,0,0.0,0.0,1.0,0.0,0.0,0.0
2025-26,318181,Federico Redondo,0,0.0,0.0,11.0,1.0,0.0,0.0
2025-26,235818,Federico Valverde,0,5.0,8.0,33.0,31.0,0.0,0.0
2025-26,295847,Federico Viñas,0,9.0,1.0,33.0,28.0,0.0,0.0
2025-26,217475,Ferland Mendy,0,0.0,0.0,5.0,3.0,0.0,0.0
2025-26,354334,Fermín López,0,6.0,9.0,30.0,19.0,0.0,0.0
2025-26,261199,Fernando Calero,0,0.0,0.0,28.0,24.0,0.0,0.0
2025-26,395625,Fernando López,0,1.0,1.0,17.0,13.0,0.0,0.0
2025-26,414298,Ferran Gomez,0,0.0,0.0,0.0,0.0,0.0,0.0
2025-26,279904,Ferran Jutglà,0,9.0,3.0,30.0,21.0,0.0,0.0
2025-26,265869,Ferran Torres,0,16.0,2.0,33.0,23.0,0.0,0.0
2025-26,248681,Filip Ugrinic,0,0.0,3.0,27.0,17.0,0.0,0.0
2025-26,140754,Florian Lejeune,0,2.0,1.0,36.0,36.0,0.0,0.0
2025-26,242383,Fran Beltrán,0,1.0,0.0,27.0,18.0,0.0,0.0
2025-26,213050,Fran García,0,1.0,1.0,13.0,10.0,0.0,0.0
2025-26,362874,Fran González,0,0.0,0.0,0.0,0.0,0.0,0.0
2025-26,324505,Fran Pérez,0,2.0,1.0,29.0,12.0,0.0,0.0
2025-26,204014,Franco Cervi,0,0.0,0.0,0.0,0.0,0.0,0.0
2025-26,376473,Franco Mastantuono,0,1.0,0.0,23.0,11.0,0.0,0.0
2025-26,219022,Frenkie de Jong,0,1.0,5.0,25.0,16.0,0.0,0.0
2025-26,215386,Fábio Cardoso,0,0.0,0.0,4.0,4.0,0.0,0.0
2025-26,222037,Gabriel Suazo,0,0.0,1.0,29.0,25.0,0.0,0.0
2025-26,323702,Gavi,0,0.0,1.0,11.0,7.0,0.0,0.0
2025-26,300002,Georges Mikautadze,0,13.0,6.0,32.0,23.0,0.0,0.0
2025-26,186181,Gerard Gumbau,0,0.0,3.0,28.0,14.0,0.0,0.0
2025-26,312015,Gerard Martín,0,0.0,0.0,32.0,26.0,0.0,0.0
2025-26,156172,Gerard Moreno,0,10.0,0.0,22.0,16.0,0.0,0.0
2025-26,351801,Germán García,0,0.0,0.0,0.0,0.0,0.0,0.0
2025-26,181288,Germán Parreño,0,0.0,0.0,20.0,20.0,0.0,0.0
2025-26,297358,Germán Valera,0,4.0,5.0,36.0,33.0,0.0,0.0
2025-26,388083,Gerónimo Spina,0,0.0,0.0,0.0,0.0,0.0,0.0
2025-26,275924,Giacomo Quagliata,0,2.0,1.0,38.0,34.0,0.0,0.0
2025-26,409290,Gibert Jordana,0,0.0,0.0,0.0,0.0,0.0,0.0
2025-26,289439,Giorgi Guliashvili,0,6.0,2.0,17.0,16.0,0.0,0.0
2025-26,207343,Giovani Lo Celso,0,2.0,3.0,24.0,15.0,0.0,0.0
2025-26,323838,Giuliano Simeone,0,4.0,6.0,31.0,25.0,0.0,0.0
2025-26,87297,Gonzalo García,0,6.0,1.0,30.0,9.0,0.0,0.0
2025-26,273424,Gonzalo Villar,0,1.0,0.0,12.0,8.0,0.0,0.0
2025-26,213141,Gonçalo Guedes,0,8.0,4.0,32.0,22.0,0.0,0.0
2025-26,406383,Gorka Carrera,0,0.0,0.0,3.0,0.0,0.0,0.0
2025-26,231905,Gorka Guruzeta,0,10.0,3.0,35.0,28.0,0.0,0.0
2025-26,242739,Grady Diangana,0,1.0,0.0,20.0,13.0,0.0,0.0
2025-26,346534,Grégoire Swiderski,0,0.0,0.0,0.0,0.0,0.0,0.0
2025-26,212185,Guido Rodríguez,0,4.0,0.0,16.0,14.0,0.0,0.0
2025-26,388286,Guille Fernández,0,0.0,0.0,0.0,0.0,0.0,0.0
2025-26,341736,Gustavo Puerta,0,3.0,1.0,32.0,30.0,0.0,0.0
2025-26,276440,Haissem Hassan,0,0.0,3.0,37.0,20.0,0.0,0.0
2025-26,312338,Haitam Abaida,0,1.0,0.0,9.0,0.0,0.0,0.0
2025-26,285799,Horatiu Moldovan,0,0.0,0.0,2.0,2.0,0.0,0.0
2025-26,414293,Hugo Burcio,0,0.0,0.0,1.0,0.0,0.0,0.0
2025-26,267477,Hugo Duro,0,10.0,0.0,36.0,22.0,0.0,0.0
2025-26,324811,Hugo Gonzalez,0,0.0,0.0,1.0,0.0,0.0,0.0
2025-26,194253,Hugo López,0,0.0,0.0,2.0,1.0,0.0,0.0
2025-26,362572,Hugo Rincón,0,1.0,1.0,33.0,16.0,0.0,0.0
2025-26,412310,Hugo Ríos,0,0.0,0.0,0.0,0.0,0.0,0.0
2025-26,353815,Hugo Solozabal,0,0.0,0.0,1.0,0.0,0.0,0.0
2025-26,319114,Hugo Sotelo,0,0.0,2.0,20.0,16.0,0.0,0.0
2025-26,188391,Hugo Álvarez,0,4.0,2.0,28.0,15.0,0.0,0.0
2025-26,414295,Huseini Nakoha,0,0.0,0.0,0.0,0.0,0.0,0.0
2025-26,178978,Héctor Bellerín,0,2.0,3.0,27.0,20.0,0.0,0.0
2025-26,363039,Héctor Fort,0,2.0,2.0,14.0,7.0,0.0,0.0
2025-26,92800,Iago Aspas,0,5.0,3.0,32.0,11.0,0.0,0.0
2025-26,410486,Ibai Aguirre,0,0.0,0.0,1.0,0.0,0.0,0.0
2025-26,411758,Ibon Sánchez,0,0.0,0.0,0.0,0.0,0.0,0.0
2025-26,308726,Ibrahim Diabate,0,2.0,0.0,10.0,6.0,0.0,0.0
2025-26,235693,Igor Zubeldia,0,0.0,1.0,25.0,23.0,0.0,0.0
2025-26,333379,Iker Benito,0,1.0,0.0,6.0,1.0,0.0,0.0
2025-26,292222,Iker Losada,0,3.0,1.0,23.0,10.0,0.0,0.0
2025-26,417258,Iker Luque,0,1.0,0.0,1.0,0.0,0.0,0.0
2025-26,411235,Iker Monreal,0,0.0,0.0,0.0,0.0,0.0,0.0
2025-26,359154,Iker Muñoz,0,0.0,0.0,19.0,8.0,0.0,0.0
2025-26,415742,Iker Ortín,0,0.0,0.0,0.0,0.0,0.0,0.0
2025-26,384164,Iker Vidal,0,0.0,0.0,0.0,0.0,0.0,0.0
2025-26,297829,Ilaix Moriba,0,2.0,3.0,36.0,26.0,0.0,0.0
2025-26,331047,Ilias Akhomach,0,0.0,1.0,20.0,9.0,0.0,0.0
2025-26,355900,Ilias Kostis,0,0.0,0.0,0.0,0.0,0.0,0.0
2025-26,372101,Iliesse Salhi,0,0.0,0.0,0.0,0.0,0.0,0.0
2025-26,304332,Ilyas Chaira,0,6.0,2.0,36.0,30.0,0.0,0.0
2025-26,365821,Isaac Romero,0,4.0,0.0,29.0,18.0,0.0,0.0
2025-26,143564,Isco,0,1.0,1.0,8.0,1.0,0.0,0.0
2025-26,264197,Isi Palazón,0,3.0,3.0,31.0,27.0,0.0,0.0
2025-26,375393,Isma Sierra,0,0.0,0.0,0.0,0.0,0.0,0.0
2025-26,398720,Ismael Bekhoucha,0,0.0,1.0,4.0,1.0,0.0,0.0
2025-26,158151,Iván Balliu,0,0.0,0.0,14.0,6.0,0.0,0.0
2025-26,371605,Iván Corralejo,0,0.0,0.0,1.0,0.0,0.0,0.0
2025-26,32501,Iván Cuéllar,0,0.0,0.0,0.0,0.0,0.0,0.0
2025-26,330545,Iván Martín,0,0.0,1.0,35.0,29.0,0.0,0.0
2025-26,311054,Iván Romero,0,7.0,1.0,32.0,28.0,0.0,0.0
2025-26,242580,Iván Villar,0,0.0,0.0,0.0,0.0,0.0,0.0
2025-26,371564,Izan Merino,0,0.0,1.0,38.0,34.0,0.0,0.0
2025-26,415206,Izei Hernandez,0,0.0,0.0,0.0,0.0,0.0,0.0
2025-26,282680,Iñaki Peña,0,0.0,0.0,16.0,16.0,0.0,0.0
2025-26,379457,Iñaki Rupérez,0,0.0,0.0,1.0,0.0,0.0,0.0
2025-26,214412,Iñaki Williams,0,3.0,6.0,30.0,25.0,0.0,0.0
2025-26,380918,Iñigo Arguibide,0,0.0,0.0,6.0,2.0,0.0,0.0
2025-26,222369,Iñigo Lekue,0,0.0,0.0,11.0,8.0,0.0,0.0
2025-26,157708,Iñigo Ruiz de Galarreta,0,1.0,2.0,34.0,30.0,0.0,0.0
2025-26,284699,Iñigo Vicente,0,9.0,20.0,41.0,39.0,0.0,0.0
2025-26,149622,Jan Oblak,0,0.0,0.0,30.0,30.0,0.0,0.0
2025-26,390026,Jan Salas,0,0.0,0.0,2.0,0.0,0.0,0.0
2025-26,403592,Jan Virgili,0,2.0,4.0,31.0,19.0,0.0,0.0
2025-26,415866,Jandro García,0,0.0,0.0,0.0,0.0,0.0,0.0
2025-26,388080,Jano Monserrate,0,0.0,0.0,2.0,0.0,0.0,0.0
2025-26,231838,Javi Galán,0,0.0,1.0,25.0,20.0,0.0,0.0
2025-26,331154,Javi Llabrés,0,0.0,0.0,16.0,1.0,0.0,0.0
2025-26,297354,Javi López,0,0.0,1.0,25.0,20.0,0.0,0.0
2025-26,214275,Javi Muñoz,0,0.0,0.0,17.0,4.0,0.0,0.0
2025-26,376147,Javi Rodríguez,0,0.0,1.0,33.0,28.0,0.0,0.0
2025-26,331586,Javi Rueda,0,2.0,6.0,26.0,16.0,0.0,0.0
2025-26,373877,Javier Boñar,0,1.0,0.0,4.0,3.0,0.0,0.0
2025-26,128374,Javier Castro,0,2.0,1.0,32.0,21.0,0.0,0.0
2025-26,16340,Javier Guerra,0,4.0,6.0,36.0,25.0,0.0,0.0
2025-26,421310,Javier Morcillo,0,0.0,0.0,5.0,1.0,0.0,0.0
2025-26,84349,Javier Navarro,0,0.0,0.0,0.0,0.0,0.0,0.0
2025-26,11719,Javier Olaizola,0,0.0,0.0,2.0,0.0,0.0,0.0
2025-26,260243,Javier Puado,0,2.0,0.0,10.0,8.0,0.0,0.0
2025-26,411877,Javier Sarasa,0,0.0,0.0,0.0,0.0,0.0,0.0
2025-26,323840,Javier Serrano,0,0.0,0.0,0.0,0.0,0.0,0.0
2025-26,395479,Jean Ives Valou,0,0.0,0.0,0.0,0.0,0.0,0.0
2025-26,186024,Jeremy Toljan,0,1.0,4.0,37.0,37.0,0.0,0.0
2025-26,300876,Jesús Areso,0,0.0,1.0,26.0,14.0,0.0,0.0
2025-26,405544,Jesús Fortea,0,0.0,0.0,0.0,0.0,0.0,0.0
2025-26,189804,Jesús Vázquez,0,0.0,0.0,24.0,7.0,0.0,0.0
2025-26,344245,Jirí Letácek,0,0.0,0.0,0.0,0.0,0.0,0.0
2025-26,297362,Joan García,0,0.0,0.0,30.0,30.0,0.0,0.0
2025-26,208850,Joan Jordán,0,0.0,0.0,3.0,0.0,0.0,0.0
2025-26,388339,Joan Martínez,0,0.0,0.0,0.0,0.0,0.0,0.0
2025-26,409382,Joan Ruiz Agustina,0,0.0,0.0,0.0,0.0,0.0,0.0
2025-26,180444,Joaquín Muñoz,0,6.0,7.0,42.0,34.0,0.0,0.0
2025-26,406379,Job Ochieng,0,0.0,0.0,2.0,1.0,0.0,0.0
2025-26,415021,Joel Fontanet,0,0.0,0.0,0.0,0.0,0.0,0.0
2025-26,333232,Joel Roca,0,3.0,1.0,32.0,16.0,0.0,0.0
2025-26,307270,Jofre Carreras,0,1.0,0.0,26.0,9.0,0.0,0.0
2025-26,403588,Jofre Torrents,0,0.0,0.0,3.0,0.0,0.0,0.0
2025-26,173247,Johan Mojica,0,0.0,4.0,35.0,30.0,0.0,0.0
2025-26,311996,John Donald,0,1.0,0.0,21.0,6.0,0.0,0.0
2025-26,290802,Johnny Cardoso,0,0.0,0.0,15.0,12.0,0.0,0.0
2025-26,317784,Jon Ander Olasagasti,0,1.0,5.0,33.0,18.0,0.0,0.0
2025-26,318063,Jon Aramburu,0,1.0,0.0,36.0,32.0,0.0,0.0
2025-26,408483,Jon De Luis,0,0.0,0.0,0.0,0.0,0.0,0.0
2025-26,402420,Jon García,0,0.0,0.0,0.0,0.0,0.0,0.0
2025-26,388601,Jon Gorrotxategi,0,1.0,3.0,30.0,26.0,0.0,0.0
2025-26,254320,Jon Guridi,0,0.0,0.0,28.0,15.0,0.0,0.0
2025-26,324350,Jon Karrikaburu,0,0.0,0.0,7.0,0.0,0.0,0.0
2025-26,366885,Jon Martín,0,2.0,0.0,25.0,25.0,0.0,0.0
2025-26,286176,Jon Moncayola,0,0.0,4.0,36.0,35.0,0.0,0.0
2025-26,297359,Jon Pacheco,0,0.0,0.0,22.0,20.0,0.0,0.0
2025-26,334111,Jones El-Abdellaoui,0,2.0,0.0,22.0,4.0,0.0,0.0
2025-26,176312,Jonny,0,0.0,0.0,34.0,34.0,0.0,0.0
2025-26,367961,Jorge Benito,0,0.0,0.0,0.0,0.0,0.0,0.0
2025-26,415478,Jorge Cestero,0,0.0,0.0,2.0,0.0,0.0,0.0
2025-26,307019,Jorge Herrando,0,0.0,1.0,28.0,17.0,0.0,0.0
2025-26,415194,Jorge Montes,0,0.0,0.0,1.0,0.0,0.0,0.0
2025-26,178237,Jorge Salinas,0,0.0,7.0,33.0,30.0,0.0,0.0
2025-26,260740,Jorge de Frutos,0,10.0,1.0,36.0,31.0,0.0,0.0
2025-26,214330,Josan,0,0.0,3.0,19.0,4.0,0.0,0.0
2025-26,371619,Joselillo,0,0.0,0.0,0.0,0.0,0.0,0.0
2025-26,376208,Joselu Pérez,0,0.0,0.0,2.0,0.0,0.0,0.0
2025-26,219309,Joseph Aidoo,0,0.0,0.0,8.0,7.0,0.0,0.0
2025-26,259916,José Antonio Morente,0,1.0,1.0,13.0,11.0,0.0,0.0
2025-26,178747,José Gayà,0,1.0,2.0,32.0,31.0,0.0,0.0
2025-26,184640,José Luis Morales,0,1.0,1.0,20.0,1.0,0.0,0.0
2025-26,188398,José María Giménez,0,0.0,1.0,16.0,13.0,0.0,0.0
2025-26,411284,José Morante,0,0.0,0.0,0.0,0.0,0.0,0.0
2025-26,184488,José Salinas,0,0.0,0.0,11.0,2.0,0.0,0.0
2025-26,158250,José Ángel,0,0.0,1.0,22.0,13.0,0.0,0.0
2025-26,250508,José Ángel Carmona,0,1.0,3.0,35.0,29.0,0.0,0.0
2025-26,397289,José Ángel López,0,0.0,0.0,0.0,0.0,0.0,0.0
2025-26,319231,Jozhua Vertrouwd,0,0.0,0.0,9.0,3.0,0.0,0.0
2025-26,176399,João Cancelo,0,2.0,2.0,16.0,11.0,0.0,0.0
2025-26,248684,Juampe,0,0.0,2.0,21.0,13.0,0.0,0.0
2025-26,372151,Juan Arango,0,0.0,0.0,2.0,0.0,0.0,0.0
2025-26,152130,Juan Carlos,0,0.0,0.0,0.0,0.0,0.0,0.0
2025-26,334268,Juan Carlos Arana,0,2.0,1.0,8.0,1.0,0.0,0.0
2025-26,155392,Juan Cruz,0,0.0,0.0,15.0,7.0,0.0,0.0
2025-26,242710,Juan Foyth,0,0.0,0.0,13.0,12.0,0.0,0.0
2025-26,371565,Juan Hernández,0,0.0,0.0,0.0,0.0,0.0,0.0
2025-26,279738,Juan Iglesias,0,1.0,2.0,37.0,36.0,0.0,0.0
2025-26,177927,Juan Musso,0,0.0,0.0,8.0,8.0,0.0,0.0
2025-26,412171,Juan Piera,0,0.0,0.0,0.0,0.0,0.0,0.0
2025-26,303804,Juanlu Sanchez,0,0.0,3.0,32.0,23.0,0.0,0.0
2025-26,143643,Juanmi,0,1.0,0.0,8.0,0.0,0.0,0.0
2025-26,332013,Juanpe,0,0.0,0.0,0.0,0.0,0.0,0.0
2025-26,291281,Jude Bellingham,0,6.0,4.0,28.0,22.0,0.0,0.0
2025-26,323970,Julen Agirrezabala,0,0.0,0.0,18.0,18.0,0.0,0.0
2025-26,301869,Julen Lobete,0,2.0,3.0,30.0,8.0,0.0,0.0
2025-26,231692,Jules Koundé,0,1.0,3.0,30.0,24.0,0.0,0.0
2025-26,387493,Julio Díaz,0,0.0,1.0,4.0,4.0,0.0,0.0
2025-26,277206,Julián Álvarez,0,8.0,4.0,29.0,22.0,0.0,0.0
2025-26,269655,Junior Firpo,0,0.0,1.0,12.0,10.0,0.0,0.0
2025-26,361266,Justin-Noel Kalumba,0,0.0,0.0,3.0,1.0,0.0,0.0
2025-26,415819,Kareem Tunde,0,0.0,1.0,21.0,17.0,0.0,0.0
2025-26,360178,Kazunari Kita,0,0.0,0.0,0.0,0.0,0.0,0.0
2025-26,260554,Kervin Arriaga,0,3.0,3.0,27.0,16.0,0.0,0.0
2025-26,125749,Kiko Femenía,0,1.0,1.0,28.0,25.0,0.0,0.0
2025-26,140791,Koke,0,2.0,2.0,34.0,24.0,0.0,0.0
2025-26,274697,Kwasi Sibo,0,0.0,0.0,26.0,21.0,0.0,0.0
2025-26,231388,Kylian Mbappé,0,25.0,5.0,31.0,29.0,0.0,0.0
2025-26,301265,Lamine Gueye,0,0.0,0.0,0.0,0.0,0.0,0.0
2025-26,362150,Lamine Yamal,0,16.0,11.0,28.0,26.0,0.0,0.0
2025-26,419888,Lamini Fati,0,0.0,0.0,0.0,0.0,0.0,0.0
2025-26,384393,Lancinet Kourouma,0,0.0,0.0,5.0,0.0,0.0,0.0
2025-26,406390,Lander Astiazarán,0,0.0,0.0,1.0,0.0,0.0,0.0
2025-26,403705,Lander Pinillos,0,0.0,0.0,1.0,0.0,0.0,0.0
2025-26,291435,Largie Ramazani,0,6.0,1.0,27.0,11.0,0.0,0.0
2025-26,394309,Laro Gómez,0,0.0,0.0,1.0,1.0,0.0,0.0
2025-26,182680,Leander Dendoncker,0,1.0,0.0,19.0,15.0,0.0,0.0
2025-26,133259,Leandro Cabrera,0,3.0,0.0,37.0,37.0,0.0,0.0
2025-26,300926,Leo Román,0,0.0,0.0,33.0,33.0,0.0,0.0
2025-26,420444,Leo Sãnchez,0,0.0,0.0,0.0,0.0,0.0,0.0
2025-26,381681,Llorenç Serred,0,0.0,0.0,0.0,0.0,0.0,0.0
2025-26,371566,Lluc Castell,0,0.0,0.0,1.0,0.0,0.0,0.0
2025-26,271129,Logan Costa,0,0.0,0.0,2.0,0.0,0.0,0.0
2025-26,371521,Lorenzo Luchino,0,0.0,0.0,0.0,0.0,0.0,0.0
2025-26,228643,Lucas,0,0.0,1.0,20.0,11.0,0.0,0.0
2025-26,280381,Lucas Beltrán,0,1.0,2.0,27.0,16.0,0.0,0.0
2025-26,296406,Lucas Bergstrom,0,0.0,0.0,5.0,5.0,0.0,0.0
2025-26,207236,Lucas Boyé,0,11.0,1.0,29.0,22.0,0.0,0.0
2025-26,320648,Lucas Cepeda,0,1.0,0.0,10.0,4.0,0.0,0.0
2025-26,324947,Lucas Laso,0,0.0,0.0,0.0,0.0,0.0,0.0
2025-26,321112,Lucas Noubi,0,1.0,0.0,28.0,23.0,0.0,0.0
2025-26,307986,Lucas Nuñez,0,0.0,0.0,0.0,0.0,0.0,0.0
2025-26,170154,Lucas Torró,0,0.0,1.0,34.0,31.0,0.0,0.0
2025-26,282289,Lucien Agoumé,0,1.0,3.0,34.0,31.0,0.0,0.0
2025-26,324166,Luis Cruz,0,3.0,10.0,40.0,30.0,0.0,0.0
2025-26,264211,Luis Milla,0,1.0,10.0,37.0,37.0,0.0,0.0
2025-26,190569,Luis Orejuela,0,0.0,0.0,1.0,1.0,0.0,0.0
2025-26,264177,Luis Rioja,0,3.0,6.0,37.0,31.0,0.0,0.0
2025-26,285032,Luis Vázquez,0,3.0,1.0,17.0,14.0,0.0,0.0
2025-26,200024,Luismi,0,0.0,0.0,1.0,1.0,0.0,0.0
2025-26,225637,Luiz Felipe,0,0.0,0.0,10.0,7.0,0.0,0.0
2025-26,307648,Luiz Júnior,0,0.0,0.0,28.0,28.0,0.0,0.0
2025-26,259108,Luka Ilic,0,1.0,0.0,19.0,8.0,0.0,0.0
2025-26,306263,Luka Sucic,0,3.0,1.0,22.0,10.0,0.0,0.0
2025-26,396607,Luken Beitia,0,0.0,0.0,2.0,1.0,0.0,0.0
2025-26,231780,Léo Pétrot,0,0.0,0.0,32.0,18.0,0.0,0.0
2025-26,342654,Maguette Gueye,0,2.0,0.0,32.0,22.0,0.0,0.0
2025-26,372072,Mahamoud Barry,0,0.0,0.0,0.0,0.0,0.0,0.0
2025-26,259839,Manu,0,1.0,2.0,25.0,23.0,0.0,0.0
2025-26,356228,Manu Bueno,0,0.0,0.0,8.0,2.0,0.0,0.0
2025-26,390091,Manu González,0,0.0,0.0,0.0,0.0,0.0,0.0
2025-26,268753,Manu Morlanes,0,3.0,0.0,32.0,22.0,0.0,0.0
2025-26,300985,Manu Sánchez,0,1.0,2.0,33.0,31.0,0.0,0.0
2025-26,409477,Manuel Fernández,0,0.0,0.0,14.0,9.0,0.0,0.0
2025-26,28121,Manuel Serrano,0,0.0,0.0,1.0,0.0,0.0,0.0
2025-26,364812,Manuel Ángel,0,0.0,0.0,4.0,1.0,0.0,0.0
2025-26,261403,Marash Kumbulla,0,0.0,0.0,8.0,5.0,0.0,0.0
2025-26,301406,Marc Aguado,0,1.0,2.0,35.0,30.0,0.0,0.0
2025-26,145078,Marc Bartra,0,1.0,0.0,25.0,21.0,0.0,0.0
2025-26,376423,Marc Bernal,0,2.0,1.0,22.0,9.0,0.0,0.0
2025-26,345489,Marc Casadó,0,0.0,1.0,24.0,10.0,0.0,0.0
2025-26,325551,Marc Jurado,0,0.0,0.0,0.0,0.0,0.0,0.0
2025-26,332613,Marc Pubill,0,1.0,1.0,20.0,16.0,0.0,0.0
2025-26,242008,Marc Roca,0,1.0,1.0,29.0,23.0,0.0,0.0
2025-26,138674,Marc Vidal,0,0.0,0.0,0.0,0.0,0.0,0.0
2025-26,312919,Marc Vilaplana,0,0.0,0.0,0.0,0.0,0.0,0.0
2025-26,140740,Marc-André ter Stegen,0,0.0,0.0,2.0,2.0,0.0,0.0
2025-26,372860,Marco Esteban,0,0.0,0.0,1.0,0.0,0.0,0.0
2025-26,415410,Marco Román,0,0.0,0.0,0.0,0.0,0.0,0.0
2025-26,389447,Marco de las Sias,0,0.0,0.0,0.0,0.0,0.0,0.0
2025-26,146127,Marcos Alonso,0,1.0,0.0,32.0,31.0,0.0,0.0
2025-26,376424,Marcos González,0,0.0,0.0,0.0,0.0,0.0,0.0
2025-26,206474,Marcos Llorente,0,0.0,4.0,29.0,25.0,0.0,0.0
2025-26,362393,Marcos Navarro,0,0.0,0.0,0.0,0.0,0.0,0.0
2025-26,230945,Marcus Rashford,0,8.0,7.0,32.0,18.0,0.0,0.0
2025-26,203112,Marcão,0,0.0,0.0,13.0,11.0,0.0,0.0
2025-26,198832,Mariano,0,0.0,0.0,10.0,3.0,0.0,0.0
2025-26,340197,Mario Dominguez,0,0.0,0.0,0.0,0.0,0.0,0.0
2025-26,358285,Mario García,0,0.0,1.0,21.0,13.0,0.0,0.0
2025-26,357147,Mario Martín,0,2.0,1.0,35.0,26.0,0.0,0.0
2025-26,330352,Mario Rivas,0,0.0,0.0,0.0,0.0,0.0,0.0
2025-26,297353,Mario Soriano Carreno,0,6.0,8.0,42.0,42.0,0.0,0.0
2025-26,304001,Mario de Luis,0,0.0,0.0,0.0,0.0,0.0,0.0
2025-26,179211,Marko Dmitrovic,0,0.0,0.0,37.0,37.0,0.0,0.0
2025-26,393762,Maroan Sannadi,0,1.0,0.0,10.0,2.0,0.0,0.0
2025-26,340677,Martim Neto,0,2.0,5.0,25.0,15.0,0.0,0.0
2025-26,193397,Martin Valjent,0,0.0,0.0,37.0,37.0,0.0,0.0
2025-26,372110,Martín Krug,0,0.0,0.0,0.0,0.0,0.0,0.0
2025-26,409474,Martín Pedroarena,0,0.0,0.0,0.0,0.0,0.0,0.0
2025-26,284854,Martín Satriano,0,6.0,1.0,18.0,18.0,0.0,0.0
2025-26,346709,Mateo Joseph,0,2.0,3.0,29.0,19.0,0.0,0.0
2025-26,265992,Mateu Morey,0,1.0,0.0,18.0,9.0,0.0,0.0
2025-26,141438,Mathew Ryan,0,0.0,0.0,36.0,36.0,0.0,0.0
2025-26,297229,Matteo Ruggeri,0,0.0,3.0,26.0,20.0,0.0,0.0
2025-26,173749,Matías Dituro,0,0.0,0.0,22.0,22.0,0.0,0.0
2025-26,186457,Matías Moreno,0,0.0,0.0,28.0,27.0,0.0,0.0
2025-26,145600,Matías Vecino,0,0.0,0.0,6.0,2.0,0.0,0.0
2025-26,199775,Mauro Arambarri,0,6.0,2.0,37.0,37.0,0.0,0.0
2025-26,409475,Mauro Echegoyen,0,0.0,0.0,0.0,0.0,0.0,0.0
2025-26,422183,Miguel Calatayud,0,0.0,0.0,2.0,0.0,0.0,0.0
2025-26,421996,Miguel Cubo,0,1.0,0.0,2.0,0.0,0.0,0.0
2025-26,389975,Miguel Londoño,0,0.0,0.0,0.0,0.0,0.0,0.0
2025-26,259915,Miguel Loureiro,0,0.0,0.0,38.0,37.0,0.0,0.0
2025-26,331457,Miguel Narváez,0,0.0,0.0,0.0,0.0,0.0,0.0
2025-26,353736,Miguel Román,0,1.0,0.0,19.0,14.0,0.0,0.0
2025-26,273291,Miguel Rubio,0,1.0,0.0,12.0,1.0,0.0,0.0
2025-26,375514,Miguel Sierra,0,0.0,0.0,4.0,0.0,0.0,0.0
2025-26,221334,Mihailo Ristic,0,0.0,0.0,5.0,4.0,0.0,0.0
2025-26,377792,Mikel Jauregizar,0,2.0,0.0,36.0,34.0,0.0,0.0
2025-26,229018,Mikel Oyarzabal,0,15.0,4.0,34.0,30.0,0.0,0.0
2025-26,287410,Mikel Santos,0,0.0,0.0,0.0,0.0,0.0,0.0
2025-26,375760,Mikel Serrano,0,0.0,0.0,0.0,0.0,0.0,0.0
2025-26,222373,Mikel Vesga,0,0.0,0.0,23.0,1.0,0.0,0.0
2025-26,169089,Moi Gómez,0,0.0,2.0,26.0,12.0,0.0,0.0
2025-26,241117,Mouctar Diakhaby,0,1.0,0.0,8.0,7.0,0.0,0.0
2025-26,411279,Mykyta Aleksandrov,0,0.0,0.0,0.0,0.0,0.0,0.0
2025-26,409383,Nacho Pérez,0,0.0,0.0,3.0,1.0,0.0,0.0
2025-26,240102,Nacho Vidal,0,0.0,0.0,29.0,27.0,0.0,0.0
2025-26,164826,Nahuel Molina,0,2.0,2.0,26.0,13.0,0.0,0.0
2025-26,262491,Nahuel Tenaglia,0,2.0,0.0,36.0,36.0,0.0,0.0
2025-26,301526,Natan,0,0.0,0.0,33.0,32.0,0.0,0.0
2025-26,178760,Neal Maupay,0,2.0,1.0,12.0,10.0,0.0,0.0
2025-26,322908,Nelson Deossa,0,0.0,0.0,20.0,8.0,0.0,0.0
2025-26,136673,Nemanja Gudelj,0,2.0,0.0,34.0,26.0,0.0,0.0
2025-26,76017,Nico González,0,5.0,0.0,24.0,18.0,0.0,0.0
2025-26,422137,Nico Guillén,0,0.0,0.0,0.0,0.0,0.0,0.0
2025-26,397494,Nico Salvador,0,0.0,0.0,0.0,0.0,0.0,0.0
2025-26,323971,Nico Serrano,0,1.0,0.0,16.0,4.0,0.0,0.0
2025-26,312146,Nico Williams,0,6.0,3.0,25.0,20.0,0.0,0.0
2025-26,210397,Nicolas Pépé,0,8.0,8.0,36.0,26.0,0.0,0.0
2025-26,276240,Nicolás Fonseca,0,0.0,0.0,19.0,12.0,0.0,0.0
2025-26,300274,Nil Torreguitart,0,0.0,0.0,0.0,0.0,0.0,0.0
2025-26,356212,Nobel Mendy,0,2.0,0.0,24.0,22.0,0.0,0.0
2025-26,415735,Noé Carrillo,0,1.0,0.0,6.0,1.0,0.0,0.0
2025-26,318554,Obed Vargas,0,0.0,1.0,12.0,8.0,0.0,0.0
2025-26,159135,Odisseas Vlachodimos,0,0.0,0.0,33.0,33.0,0.0,0.0
2025-26,291616,Oihan Sancet,0,4.0,0.0,28.0,22.0,0.0,0.0
2025-26,310682,Omar El Hilali,0,0.0,2.0,36.0,32.0,0.0,0.0
2025-26,402861,Omar Falah,0,0.0,0.0,1.0,0.0,0.0,0.0
2025-26,174966,Omar Mascarell,0,2.0,2.0,30.0,26.0,0.0,0.0
2025-26,269339,Orio Rey,0,0.0,1.0,20.0,14.0,0.0,0.0
2025-26,341367,Orri Óskarsson,0,9.0,0.0,20.0,8.0,0.0,0.0
2025-26,377782,Oso,0,2.0,3.0,21.0,14.0,0.0,0.0
2025-26,238723,Ovie Ejaria,0,0.0,0.0,8.0,2.0,0.0,0.0
2025-26,414050,Pablo Agudín,0,0.0,0.0,7.0,0.0,0.0,0.0
2025-26,351294,Pablo Arriaza,0,0.0,0.0,0.0,0.0,0.0,0.0
2025-26,336634,Pablo Barrios,0,1.0,1.0,23.0,20.0,0.0,0.0
2025-26,371692,Pablo Busto,0,0.0,0.0,0.0,0.0,0.0,0.0
2025-26,316040,Pablo Cuñat,0,0.0,0.0,2.0,2.0,0.0,0.0
2025-26,138448,Pablo Durán,0,2.0,2.0,30.0,17.0,0.0,0.0
2025-26,420895,Pablo Felipe,0,0.0,0.0,0.0,0.0,0.0,0.0
2025-26,227714,Pablo Fornals,0,9.0,6.0,37.0,34.0,0.0,0.0
2025-26,388563,Pablo García,0,0.0,0.0,0.0,0.0,0.0,0.0
2025-26,399278,Pablo García,0,0.0,0.0,15.0,2.0,0.0,0.0
2025-26,106326,Pablo Ibáñez,0,1.0,1.0,37.0,28.0,0.0,0.0
2025-26,222661,Pablo Maffeo,0,1.0,2.0,31.0,30.0,0.0,0.0
2025-26,271151,Pablo Martínez,0,1.0,5.0,27.0,21.0,0.0,0.0
2025-26,326900,Pablo Marín,0,0.0,1.0,34.0,15.0,0.0,0.0
2025-26,414291,Pablo Meixús,0,0.0,0.0,0.0,0.0,0.0,0.0
2025-26,414294,Pablo Rosón,0,0.0,0.0,0.0,0.0,0.0,0.0
2025-26,206110,Pablo Torre,0,4.0,4.0,35.0,19.0,0.0,0.0
2025-26,199790,Pacha Espino,0,2.0,0.0,30.0,15.0,0.0,0.0
2025-26,384985,Paco Cortés,0,0.0,0.0,12.0,4.0,0.0,0.0
2025-26,373789,Paco Sanz,0,0.0,0.0,0.0,0.0,0.0,0.0
2025-26,395234,Papa Dame Ba,0,0.0,0.0,0.0,0.0,0.0,0.0
2025-26,255889,Pape Gueye,0,5.0,2.0,30.0,26.0,0.0,0.0
2025-26,294228,Pathé Ciss,0,2.0,1.0,29.0,20.0,0.0,0.0
2025-26,384544,Pau Cabanes,0,0.0,0.0,1.0,0.0,0.0,0.0
2025-26,368992,Pau Cubarsí,0,1.0,0.0,31.0,31.0,0.0,0.0
2025-26,203061,Pau López,0,0.0,0.0,10.0,10.0,0.0,0.0
2025-26,368878,Pau Navarro,0,0.0,0.0,23.0,23.0,0.0,0.0
2025-26,164469,Paulo Gazzaniga,0,0.0,0.0,35.0,35.0,0.0,0.0
2025-26,250465,Pedri,0,2.0,9.0,29.0,23.0,0.0,0.0
2025-26,167297,Pedro Bigas,0,1.0,3.0,28.0,25.0,0.0,0.0
2025-26,264078,Pedro Díaz,0,0.0,1.0,34.0,21.0,0.0,0.0
2025-26,300331,Pep Chavarría,0,1.0,2.0,33.0,29.0,0.0,0.0
2025-26,231603,Pepelu,0,2.0,0.0,31.0,26.0,0.0,0.0
2025-26,347359,Peque,0,2.0,1.0,26.0,12.0,0.0,0.0
2025-26,298080,Pere García Bauzá,0,0.0,0.0,0.0,0.0,0.0,0.0
2025-26,196914,Pere Milla,0,7.0,1.0,33.0,24.0,0.0,0.0
2025-26,395591,Pol Arnau,0,0.0,0.0,0.0,0.0,0.0,0.0
2025-26,387498,Pol Fortuny,0,0.0,0.0,0.0,0.0,0.0,0.0
2025-26,260242,Pol Lozano,0,2.0,1.0,33.0,28.0,0.0,0.0
2025-26,331757,Pol Tristan,0,0.0,0.0,0.0,0.0,0.0,0.0
2025-26,152166,Portu,0,0.0,0.0,10.0,4.0,0.0,0.0
2025-26,403704,Rafa Fernández,0,0.0,0.0,0.0,0.0,0.0,0.0
2025-26,376166,Rafa Garrido,0,0.0,1.0,32.0,31.0,0.0,0.0
2025-26,297360,Rafa Marín,0,1.0,0.0,23.0,21.0,0.0,0.0
2025-26,230974,Rafa Mir,0,8.0,0.0,27.0,21.0,0.0,0.0
2025-26,357858,Rafa Rodríguez,0,5.0,4.0,42.0,14.0,0.0,0.0
2025-26,119332,Rafael Romero,0,0.0,0.0,0.0,0.0,0.0,0.0
2025-26,331770,Rahim Alhassane,0,0.0,0.0,27.0,18.0,0.0,0.0
2025-26,292225,Ramón Enríquez,0,0.0,1.0,10.0,0.0,0.0,0.0
2025-26,309838,Ramón Terrats,0,1.0,2.0,29.0,12.0,0.0,0.0
2025-26,276847,Randy Nteka,0,3.0,0.0,13.0,3.0,0.0,0.0
2025-26,231050,Raphinha,0,13.0,3.0,22.0,18.0,0.0,0.0
2025-26,420886,Rares Vlad,0,0.0,0.0,0.0,0.0,0.0,0.0
2025-26,377843,Rayane Belaid,0,0.0,0.0,2.0,2.0,0.0,0.0
2025-26,388338,Raúl Asencio,0,2.0,0.0,23.0,18.0,0.0,0.0
2025-26,389636,Raúl Chasco,0,0.0,0.0,0.0,0.0,0.0,0.0
2025-26,113097,Raúl Fernández,0,0.0,0.0,0.0,0.0,0.0,0.0
2025-26,296163,Raúl García,0,7.0,1.0,36.0,6.0,0.0,0.0
2025-26,303906,Raúl Moro,0,0.0,2.0,14.0,7.0,0.0,0.0
2025-26,337011,Renato Veiga,0,0.0,0.0,32.0,27.0,0.0,0.0
2025-26,184717,Renzo Saravia,0,0.0,0.0,5.0,4.0,0.0,0.0
2025-26,325019,Ricard Artero,0,0.0,0.0,0.0,0.0,0.0,0.0
2025-26,136865,Ricardo Rodríguez,0,0.0,1.0,23.0,18.0,0.0,0.0
2025-26,279609,Riki Rodríguez,0,0.0,1.0,31.0,25.0,0.0,0.0
2025-26,125824,Robert Lewandowski,0,14.0,2.0,31.0,17.0,0.0,0.0
2025-26,276996,Robert Navarro,0,6.0,1.0,32.0,10.0,0.0,0.0
2025-26,347430,Roberto Arroyo,0,0.0,0.0,0.0,0.0,0.0,0.0
2025-26,318773,Roberto Fernández,0,7.0,3.0,38.0,25.0,0.0,0.0
2025-26,214888,Robin Le Normand,0,1.0,1.0,28.0,17.0,0.0,0.0
2025-26,418014,Rodrigo Marina,0,0.0,0.0,0.0,0.0,0.0,0.0
2025-26,74630,Rodrigo Mendoza,0,1.0,1.0,24.0,14.0,0.0,0.0
2025-26,70224,Rodrigo Riquelme,0,1.0,1.0,25.0,7.0,0.0,0.0
2025-26,267804,Rodrygo,0,1.0,3.0,19.0,6.0,0.0,0.0
2025-26,267591,Roger Brugué,0,1.0,1.0,19.0,10.0,0.0,0.0
2025-26,270821,Ronald Araújo,0,3.0,0.0,24.0,11.0,0.0,0.0
2025-26,331152,Roony Bardghji,0,1.0,1.0,21.0,7.0,0.0,0.0
2025-26,422919,Rubi,0,0.0,0.0,0.0,0.0,0.0,0.0
2025-26,167069,Rubén Blanco,0,0.0,0.0,0.0,0.0,0.0,0.0
2025-26,178328,Rubén García,0,2.0,5.0,35.0,28.0,0.0,0.0
2025-26,343640,Rubén Gómez,0,0.0,0.0,0.0,0.0,0.0,0.0
2025-26,332342,Rubén Iranzo,0,0.0,0.0,1.0,0.0,0.0,0.0
2025-26,319781,Rubén Sánchez,0,0.0,1.0,21.0,8.0,0.0,0.0
2025-26,259513,Rubén Vargas,0,3.0,6.0,24.0,20.0,0.0,0.0
2025-26,373796,Rúben Montero,0,0.0,0.0,0.0,0.0,0.0,0.0
2025-26,405502,Salvi Esquivel,0,0.0,0.0,0.0,0.0,0.0,0.0
2025-26,409289,Samu Becerra,0,0.0,0.0,3.0,0.0,0.0,0.0
2025-26,396037,Samu Fernández,0,0.0,0.0,1.0,0.0,0.0,0.0
2025-26,183466,Samú Costa,0,7.0,2.0,34.0,31.0,0.0,0.0
2025-26,40202,Santi Cazorla,0,0.0,1.0,28.0,6.0,0.0,0.0
2025-26,240623,Santi Comesaña,0,3.0,6.0,34.0,28.0,0.0,0.0
2025-26,409317,Santi Franco,0,0.0,0.0,4.0,1.0,0.0,0.0
2025-26,229477,Santiago Colombatto,0,0.0,1.0,32.0,23.0,0.0,0.0
2025-26,318098,Santiago Mouriño,0,1.0,2.0,28.0,27.0,0.0,0.0
2025-26,359826,Sebastián Boselli,0,0.0,0.0,11.0,4.0,0.0,0.0
2025-26,414350,Selton Sánchez,0,0.0,1.0,7.0,2.0,0.0,0.0
2025-26,331426,Sergi Altimira,0,1.0,2.0,24.0,13.0,0.0,0.0
2025-26,289072,Sergi Cardona,0,1.0,4.0,31.0,20.0,0.0,0.0
2025-26,165519,Sergi Darder,0,1.0,5.0,38.0,30.0,0.0,0.0
2025-26,276652,Sergio Camello,0,5.0,1.0,22.0,8.0,0.0,0.0
2025-26,298343,Sergio Carreira,0,2.0,1.0,34.0,29.0,0.0,0.0
2025-26,417403,Sergio Esteban,0,0.0,0.0,0.0,0.0,0.0,0.0
2025-26,265993,Sergio Gómez,0,0.0,6.0,35.0,30.0,0.0,0.0
2025-26,191360,Sergio Herrera,0,0.0,0.0,37.0,37.0,0.0,0.0
2025-26,268751,Sergio Lozano,0,0.0,0.0,1.0,0.0,0.0,0.0
2025-26,409318,Sergio Martínez,0,0.0,0.0,10.0,2.0,0.0,0.0
2025-26,350351,Sergio Mestre,0,0.0,0.0,0.0,0.0,0.0,0.0
2025-26,400222,Simon Eriksson,0,0.0,0.0,6.0,6.0,0.0,0.0
2025-26,195226,Sofyan Amrabat,0,0.0,0.0,17.0,14.0,0.0,0.0
2025-26,165334,Stole Dimitrievski,0,0.0,0.0,20.0,20.0,0.0,0.0
2025-26,310419,Suleiman Camara,0,2.0,1.0,33.0,4.0,0.0,0.0
2025-26,324954,Tai Abed,0,0.0,0.0,7.0,0.0,0.0,0.0
2025-26,284769,Tajon Buchanan,0,7.0,1.0,34.0,21.0,0.0,0.0
2025-26,256587,Takefusa Kubo,0,2.0,4.0,24.0,17.0,0.0,0.0
2025-26,201469,Takuma Asano,0,1.0,0.0,20.0,8.0,0.0,0.0
2025-26,290165,Tanguy Nianzou,0,0.0,0.0,12.0,8.0,0.0,0.0
2025-26,294039,Tani Oluwaseyi,0,2.0,2.0,27.0,9.0,0.0,0.0
2025-26,388081,Taufik Seidu,0,0.0,0.0,1.0,0.0,0.0,0.0
2025-26,409481,Theo Folgado,0,0.0,0.0,0.0,0.0,0.0,0.0
2025-26,277208,Thiago Almada,0,3.0,1.0,27.0,16.0,0.0,0.0
2025-26,302628,Thiago Borbas,0,0.0,0.0,12.0,0.0,0.0,0.0
2025-26,339195,Thiago Fernandez,0,0.0,4.0,16.0,9.0,0.0,0.0
2025-26,409019,Thiago Pitarch,0,0.0,2.0,10.0,8.0,0.0,0.0
2025-26,134283,Thibaut Courtois,0,0.0,0.0,32.0,32.0,0.0,0.0
2025-26,275983,Thierry Correia,0,0.0,2.0,24.0,17.0,0.0,0.0
2025-26,190291,Thomas Lemar,0,3.0,1.0,27.0,14.0,0.0,0.0
2025-26,189972,Thomas Partey,0,0.0,0.0,25.0,8.0,0.0,0.0
2025-26,415284,Tito,0,0.0,0.0,0.0,0.0,0.0,0.0
2025-26,406396,Tomás Carbonell,0,0.0,0.0,0.0,0.0,0.0,0.0
2025-26,403590,Tomás Marqués,0,0.0,0.0,2.0,0.0,0.0,0.0
2025-26,388285,Toni Fernández,0,0.0,0.0,1.0,1.0,0.0,0.0
2025-26,232275,Toni Lato,0,0.0,1.0,12.0,7.0,0.0,0.0
2025-26,181757,Toni Martínez,0,14.0,3.0,37.0,32.0,0.0,0.0
2025-26,223532,Trent Alexander-Arnold,0,0.0,4.0,21.0,14.0,0.0,0.0
2025-26,306520,Tyrhys Dolan,0,2.0,5.0,36.0,28.0,0.0,0.0
2025-26,333319,Ugo Raghouber,0,0.0,0.0,16.0,8.0,0.0,0.0
2025-26,211770,Umar Sadiq,0,4.0,2.0,25.0,10.0,0.0,0.0
2025-26,368331,Unai Egiluz,0,0.0,0.0,0.0,0.0,0.0,0.0
2025-26,231214,Unai Elgezabel,0,1.0,0.0,12.0,11.0,0.0,0.0
2025-26,362376,Unai Gómez,0,1.0,1.0,26.0,12.0,0.0,0.0
2025-26,203711,Unai López,0,0.0,4.0,28.0,19.0,0.0,0.0
2025-26,312011,Unai Marrero,0,0.0,0.0,1.0,1.0,0.0,0.0
2025-26,260902,Unai Núñez,0,0.0,0.0,13.0,10.0,0.0,0.0
2025-26,415867,Unai Santos,0,0.0,0.0,0.0,0.0,0.0,0.0
2025-26,222375,Unai Simón,0,0.0,0.0,37.0,37.0,0.0,0.0
2025-26,302945,Unai Vencedor,0,0.0,0.0,16.0,11.0,0.0,0.0
2025-26,307915,Urko Gonzalez,0,0.0,1.0,36.0,28.0,0.0,0.0
2025-26,354205,Urko Izeta,0,1.0,0.0,13.0,1.0,0.0,0.0
2025-26,238252,Valentin Rosier,0,1.0,1.0,31.0,30.0,0.0,0.0
2025-26,336480,Valentín Gómez,0,1.0,0.0,28.0,19.0,0.0,0.0
2025-26,240209,Vedat Muriqi,0,23.0,1.0,37.0,36.0,0.0,0.0
2025-26,238991,Veljko Birmancevic,0,0.0,0.0,6.0,1.0,0.0,0.0
2025-26,384307,Vicent Abril,0,0.0,0.0,0.0,0.0,0.0,0.0
2025-26,354373,Victor Parada,0,0.0,3.0,30.0,25.0,0.0,0.0
2025-26,212231,Viktor Tsygankov,0,6.0,5.0,32.0,31.0,0.0,0.0
2025-26,149306,Ville Koski,0,0.0,0.0,5.0,3.0,0.0,0.0
2025-26,252107,Vinícius Júnior,0,16.0,5.0,36.0,32.0,0.0,0.0
2025-26,361434,Vitor Reis,0,1.0,1.0,36.0,35.0,0.0,0.0
2025-26,367976,Vladyslav Krapyvtsov,0,0.0,0.0,2.0,1.0,0.0,0.0
2025-26,314176,Vladyslav Vanat,0,9.0,1.0,27.0,27.0,0.0,0.0
2025-26,265995,Víctor Chust,0,1.0,0.0,31.0,22.0,0.0,0.0
2025-26,203680,Víctor García,0,2.0,1.0,21.0,12.0,0.0,0.0
2025-26,397545,Víctor Muñoz,0,6.0,2.0,34.0,31.0,0.0,0.0
2025-26,401558,Víctor Valdepeñas,0,0.0,0.0,1.0,1.0,0.0,0.0
2025-26,304533,Wesley Ribeiro,0,0.0,0.0,5.0,1.0,0.0,0.0
2025-26,322652,Williot Swedberg,0,5.0,5.0,29.0,13.0,0.0,0.0
2025-26,325553,Willy Kambwala,0,0.0,0.0,2.0,1.0,0.0,0.0
2025-26,131634,Wojciech Szczesny,0,0.0,0.0,8.0,8.0,0.0,0.0
2025-26,415276,Xanet Oláiz,0,0.0,0.0,0.0,0.0,0.0,0.0
2025-26,403582,Xavi Espart,0,0.0,0.0,4.0,1.0,0.0,0.0
2025-26,157568,Ximo Navarro,0,0.0,0.0,24.0,17.0,0.0,0.0
2025-26,326234,Yago Alonso,0,0.0,0.0,9.0,3.0,0.0,0.0
2025-26,236185,Yangel Herrera,0,0.0,0.0,14.0,8.0,0.0,0.0
2025-26,384057,Yassin Tallal,0,0.0,0.0,0.0,0.0,0.0,0.0
2025-26,217225,Yeray,0,0.0,0.0,7.0,6.0,0.0,0.0
2025-26,312392,Yeremay Hernández,0,11.0,10.0,38.0,33.0,0.0,0.0
2025-26,384643,Yoel Lago,0,0.0,0.0,12.0,11.0,0.0,0.0
2025-26,382532,Youssef Lekhedim,0,0.0,1.0,25.0,13.0,0.0,0.0
2025-26,133768,Yuri Berchiche,0,0.0,6.0,32.0,31.0,0.0,0.0
2025-26,300111,Zaid Romero,0,1.0,0.0,15.0,15.0,0.0,0.0
2025-26,286769,Zakaria Eddahchouri,0,12.0,4.0,36.0,17.0,0.0,0.0
2025-26,297035,Zito Luvumbo,0,0.0,2.0,10.0,6.0,0.0,0.0
2025-26,297373,Álex Baena,0,2.0,3.0,27.0,21.0,0.0,0.0
2025-26,209579,Álex Berenguer,0,2.0,3.0,31.0,25.0,0.0,0.0
2025-26,393776,Álex Costa,0,0.0,0.0,0.0,0.0,0.0,0.0
2025-26,30377,Álex Moreno,0,0.0,3.0,31.0,28.0,0.0,0.0
2025-26,347411,Álex Padilla,0,0.0,0.0,1.0,1.0,0.0,0.0
2025-26,310869,Álex Pastor,0,0.0,0.0,2.0,2.0,0.0,0.0
2025-26,217319,Álex Remiro,0,0.0,0.0,37.0,37.0,0.0,0.0
2025-26,354342,Álex Sancris,0,0.0,1.0,18.0,5.0,0.0,0.0
2025-26,417996,Álex Sánchez,0,0.0,1.0,1.0,0.0,0.0,0.0
2025-26,310637,Álvaro Carreras,0,2.0,3.0,28.0,26.0,0.0,0.0
2025-26,300377,Álvaro Cortés,0,0.0,0.0,1.0,1.0,0.0,0.0
2025-26,96060,Álvaro Fernández,0,0.0,0.0,22.0,22.0,0.0,0.0
2025-26,283827,Álvaro Fidalgo,0,1.0,0.0,9.0,8.0,0.0,0.0
2025-26,125200,Álvaro García,0,4.0,5.0,32.0,23.0,0.0,0.0
2025-26,384145,Álvaro García,0,0.0,0.0,0.0,0.0,0.0,0.0
2025-26,371611,Álvaro González,0,0.0,0.0,0.0,0.0,0.0,0.0
2025-26,417252,Álvaro Jiménez,0,0.0,0.0,0.0,0.0,0.0,0.0
2025-26,331761,Álvaro Leiva,0,0.0,0.0,1.0,0.0,0.0,0.0
2025-26,222956,Álvaro Moreno,0,0.0,0.0,0.0,0.0,0.0,0.0
2025-26,367430,Álvaro Núñez,0,0.0,2.0,25.0,24.0,0.0,0.0
2025-26,236156,Álvaro Odriozola,0,1.0,0.0,5.0,2.0,0.0,0.0
2025-26,353151,Álvaro Rodríguez,0,7.0,5.0,34.0,24.0,0.0,0.0
2025-26,283892,Álvaro Valles,0,0.0,0.0,28.0,28.0,0.0,0.0
2025-26,415036,Ángel Arcos,0,0.0,0.0,0.0,0.0,0.0,0.0
2025-26,307419,Ángel Fortuño,0,0.0,0.0,1.0,1.0,0.0,0.0
2025-26,395941,Ángel Ortiz,0,0.0,0.0,13.0,7.0,0.0,0.0
2025-26,374621,Ángel Pérez,0,1.0,3.0,16.0,14.0,0.0,0.0
2025-26,319783,Ángel Recio,0,0.0,0.0,9.0,7.0,0.0,0.0
2025-26,228402,Éder Militão,0,2.0,1.0,16.0,14.0,0.0,0.0
2025-26,279699,Íñigo Sainz,0,0.0,0.0,20.0,7.0,0.0,0.0
2025-26,405521,Óscar Marcos,0,0.0,0.0,0.0,0.0,0.0,0.0
2025-26,276546,Óscar Mingueza,0,1.0,4.0,34.0,21.0,0.0,0.0
2025-26,66410,Óscar Trejo,0,0.0,1.0,7.0,1.0,0.0,0.0
2025-26,264217,Óscar Valentín,0,1.0,0.0,33.0,26.0,0.0,0.0
2025-26,193610,Ørjan Nyland,0,0.0,0.0,5.0,5.0,0.0,0.0
