season,player_code,player_name,minutes,goals,assists,appearances,starts,xg,xa
2016-17,43337,Aaron Hunt,0,4.0,2.0,22.0,14.0,0.0,0.0
2016-17,238131,Aaron Seydel,0,1.0,0.0,6.0,1.0,0.0,0.0
2016-17,121255,Admir Mehmedi,0,3.0,0.0,22.0,16.0,0.0,0.0
2016-17,120652,Albin Ekdal,0,1.0,1.0,21.0,13.0,0.0,0.0
2016-17,142977,Aleksandar Dragovic,0,0.0,1.0,19.0,15.0,0.0,0.0
2016-17,136956,Aleksandar Ignjovski,0,0.0,0.0,19.0,12.0,0.0,0.0
2016-17,203868,Alessandro Schöpf,0,6.0,2.0,28.0,22.0,0.0,0.0
2016-17,86086,Alexander Baumjohann,0,0.0,0.0,0.0,0.0,0.0,0.0
2016-17,107466,Alexander Esswein,0,2.0,2.0,29.0,15.0,0.0,0.0
2016-17,227054,Alexander Hack,0,0.0,1.0,15.0,13.0,0.0,0.0
2016-17,235662,Alexander Isak,0,0.0,0.0,0.0,0.0,0.0,0.0
2016-17,84783,Alexander Meier,0,5.0,2.0,21.0,15.0,0.0,0.0
2016-17,158998,Alexander Milosevic,0,0.0,0.0,18.0,18.0,0.0,0.0
2016-17,205750,Alexander Nübel,0,0.0,0.0,0.0,0.0,0.0,0.0
2016-17,156416,Alexander Schwolow,0,0.0,0.0,34.0,34.0,0.0,0.0
2016-17,84751,Alexander Stolz,0,0.0,0.0,0.0,0.0,0.0,0.0
2016-17,146276,Alfred Finnbogason,0,3.0,1.0,13.0,13.0,0.0,0.0
2016-17,153289,Alfredo Morales,0,1.0,0.0,27.0,20.0,0.0,0.0
2016-17,223437,Allan,0,0.0,0.0,15.0,8.0,0.0,0.0
2016-17,148664,Almog Cohen,0,7.0,1.0,31.0,29.0,0.0,0.0
2016-17,222614,Amara Conde,0,0.0,0.0,0.0,0.0,0.0,0.0
2016-17,149845,Amir Abrashi,0,1.0,0.0,20.0,16.0,0.0,0.0
2016-17,220813,Amir Falahen,0,0.0,0.0,0.0,0.0,0.0,0.0
2016-17,173403,Anderson Ordóñez,0,0.0,0.0,4.0,3.0,0.0,0.0
2016-17,186430,Andreas Christensen,0,2.0,0.0,31.0,31.0,0.0,0.0
2016-17,221904,Andreas Hirzel,0,0.0,0.0,0.0,0.0,0.0,0.0
2016-17,135807,Andreas Luthe,0,0.0,0.0,2.0,2.0,0.0,0.0
2016-17,139520,Andrej Kramaric,0,15.0,8.0,34.0,28.0,0.0,0.0
2016-17,149078,André Hahn,0,3.0,1.0,30.0,18.0,0.0,0.0
2016-17,194090,André Ramalho,0,0.0,0.0,18.0,12.0,0.0,0.0
2016-17,136580,André Schürrle,0,2.0,2.0,15.0,8.0,0.0,0.0
2016-17,163794,Ante Rebic,0,2.0,2.0,24.0,16.0,0.0,0.0
2016-17,169753,Anthony Jung,0,1.0,1.0,16.0,8.0,0.0,0.0
2016-17,102408,Anthony Modeste,0,25.0,2.0,34.0,34.0,0.0,0.0
2016-17,195513,Antonio-Mirko Colak,0,4.0,1.0,22.0,12.0,0.0,0.0
2016-17,188051,Arif Ekin,0,0.0,0.0,0.0,0.0,0.0,0.0
2016-17,11137,Arjen Robben,0,13.0,9.0,26.0,21.0,0.0,0.0
2016-17,231178,Arne Maier,0,0.0,0.0,1.0,0.0,0.0,0.0
2016-17,183097,Aron Johannsson,0,1.0,1.0,9.0,2.0,0.0,0.0
2016-17,124896,Artem Fedetskiy,0,0.0,0.0,16.0,13.0,0.0,0.0
2016-17,148353,Artjoms Rudnevs,0,3.0,3.0,18.0,6.0,0.0,0.0
2016-17,102198,Arturo Vidal,0,4.0,2.0,27.0,21.0,0.0,0.0
2016-17,85453,Ashkan Dejagah,0,0.0,0.0,0.0,0.0,0.0,0.0
2016-17,206571,Ashton Götz,0,0.0,0.0,1.0,1.0,0.0,0.0
2016-17,231175,Atakan Akkaynak,0,0.0,0.0,0.0,0.0,0.0,0.0
2016-17,141727,Atsuto Uchida,0,0.0,0.0,0.0,0.0,0.0,0.0
2016-17,249110,Aymen Barkok,0,2.0,2.0,18.0,6.0,0.0,0.0
2016-17,121529,Aytac Sulu,0,2.0,0.0,28.0,28.0,0.0,0.0
2016-17,251911,Ba-Muaka Simakala,0,0.0,0.0,1.0,0.0,0.0,0.0
2016-17,174508,Baba Rahman,0,0.0,2.0,13.0,7.0,0.0,0.0
2016-17,238542,Bakery Jatta,0,0.0,0.0,6.0,1.0,0.0,0.0
2016-17,219344,Bastian Kurz,0,0.0,0.0,0.0,0.0,0.0,0.0
2016-17,121015,Bastian Oczipka,0,1.0,4.0,33.0,33.0,0.0,0.0
2016-17,97473,Benedikt Höwedes,0,1.0,1.0,31.0,31.0,0.0,0.0
2016-17,162038,Benjamin Bellot,0,0.0,0.0,0.0,0.0,0.0,0.0
2016-17,138023,Benjamin Gorka,0,0.0,0.0,1.0,0.0,0.0,0.0
2016-17,220711,Benjamin Henrichs,0,0.0,2.0,29.0,27.0,0.0,0.0
2016-17,122411,Benjamin Hübner,0,2.0,3.0,25.0,25.0,0.0,0.0
2016-17,144280,Benjamin Stambouli,0,0.0,0.0,23.0,15.0,0.0,0.0
2016-17,191017,Benno Schmitz,0,0.0,2.0,16.0,11.0,0.0,0.0
2016-17,238255,Bernard Tekpetey,0,0.0,0.0,2.0,0.0,0.0,0.0
2016-17,218980,Bernardo,0,0.0,1.0,22.0,21.0,0.0,0.0
2016-17,153765,Bernd Leno,0,0.0,0.0,34.0,34.0,0.0,0.0
2016-17,207332,Besar Halimi,0,0.0,0.0,0.0,0.0,0.0,0.0
2016-17,255259,Birk Risa,0,0.0,0.0,0.0,0.0,0.0,0.0
2016-17,155529,Bobby Wood,0,5.0,2.0,28.0,23.0,0.0,0.0
2016-17,92802,Bojan Krkic,0,1.0,1.0,11.0,8.0,0.0,0.0
2016-17,218793,Borja Mayoral,0,2.0,0.0,19.0,3.0,0.0,0.0
2016-17,174506,Branimir Hrgota,0,5.0,1.0,28.0,22.0,0.0,0.0
2016-17,202099,Breel Embolo,0,2.0,1.0,7.0,4.0,0.0,0.0
2016-17,94230,Caiuby ,0,0.0,0.0,5.0,2.0,0.0,0.0
2016-17,242582,Can Can Aydogan,0,0.0,0.0,0.0,0.0,0.0,0.0
2016-17,76778,Charles Aránguiz,0,2.0,2.0,26.0,22.0,0.0,0.0
2016-17,136800,Christian Clemens,0,1.0,1.0,15.0,12.0,0.0,0.0
2016-17,174618,Christian Günter,0,0.0,2.0,31.0,30.0,0.0,0.0
2016-17,186390,Christian Mathenia,0,0.0,0.0,14.0,14.0,0.0,0.0
2016-17,205940,Christian Ortag,0,0.0,0.0,0.0,0.0,0.0,0.0
2016-17,225607,Christian Pulisic,0,3.0,6.0,29.0,15.0,0.0,0.0
2016-17,102324,Christian Träsch,0,0.0,1.0,11.0,7.0,0.0,0.0
2016-17,69165,Christofer Heimeroth,0,0.0,0.0,0.0,0.0,0.0,0.0
2016-17,41786,Christoph Janker,0,0.0,0.0,15.0,12.0,0.0,0.0
2016-17,160055,Christoph Kramer,0,0.0,4.0,24.0,23.0,0.0,0.0
2016-17,12682,Claudio Pizarro,0,1.0,1.0,19.0,10.0,0.0,0.0
2016-17,29951,Clemens Fritz,0,0.0,3.0,18.0,17.0,0.0,0.0
2016-17,125758,Coke,0,1.0,0.0,8.0,7.0,0.0,0.0
2016-17,102335,Daniel Baier,0,1.0,3.0,27.0,27.0,0.0,0.0
2016-17,112984,Daniel Brosinski,0,1.0,2.0,29.0,27.0,0.0,0.0
2016-17,142404,Daniel Caligiuri,0,4.0,4.0,32.0,27.0,0.0,0.0
2016-17,131468,Daniel Didavi,0,4.0,2.0,18.0,11.0,0.0,0.0
2016-17,180162,Daniel Heuer Fernandes,0,0.0,0.0,7.0,6.0,0.0,0.0
2016-17,242584,Daniel Thur,0,0.0,0.0,0.0,0.0,0.0,0.0
2016-17,189538,Danilo Soares,0,0.0,0.0,0.0,0.0,0.0,0.0
2016-17,148917,Danny Blum,0,1.0,1.0,14.0,3.0,0.0,0.0
2016-17,121011,Danny Latza,0,4.0,0.0,21.0,18.0,0.0,0.0
2016-17,154603,Danny da Costa,0,0.0,1.0,3.0,1.0,0.0,0.0
2016-17,155983,Darío Lezcano,0,6.0,3.0,33.0,27.0,0.0,0.0
2016-17,42904,David Abraham,0,1.0,2.0,30.0,30.0,0.0,0.0
2016-17,118444,David Alaba,0,4.0,4.0,32.0,29.0,0.0,0.0
2016-17,196032,Davie Selke,0,4.0,1.0,21.0,2.0,0.0,0.0
2016-17,222793,Dayot Upamecano,0,0.0,0.0,12.0,8.0,0.0,0.0
2016-17,256716,Deji-Ousman Beyreuther,0,0.0,0.0,0.0,0.0,0.0,0.0
2016-17,45924,Dennis Aogo,0,0.0,1.0,7.0,3.0,0.0,0.0
2016-17,121008,Dennis Diekmeier,0,0.0,1.0,24.0,21.0,0.0,0.0
2016-17,221466,Dennis Geiger,0,0.0,0.0,0.0,0.0,0.0,0.0
2016-17,148494,Denys Oliynyk,0,1.0,0.0,4.0,0.0,0.0,0.0
2016-17,114898,Diego Benaglio,0,0.0,0.0,14.0,14.0,0.0,0.0
2016-17,154407,Diego Demme,0,1.0,3.0,32.0,32.0,0.0,0.0
2016-17,222446,Djibril Sow,0,0.0,0.0,1.0,0.0,0.0,0.0
2016-17,128684,Dominic Maroh,0,0.0,0.0,12.0,8.0,0.0,0.0
2016-17,208246,Dominik Franke,0,0.0,0.0,0.0,0.0,0.0,0.0
2016-17,151535,Dominik Kaiser,0,1.0,0.0,25.0,7.0,0.0,0.0
2016-17,172997,Dominik Kohr,0,2.0,0.0,26.0,21.0,0.0,0.0
2016-17,84792,Dominik Stroh-Engel,0,0.0,0.0,4.0,0.0,0.0,0.0
2016-17,167683,Dominique Heintz,0,0.0,0.0,32.0,30.0,0.0,0.0
2016-17,194046,Donis Avdijaj,0,2.0,0.0,9.0,2.0,0.0,0.0
2016-17,127502,Douglas Costa,0,4.0,3.0,23.0,14.0,0.0,0.0
2016-17,186575,Douglas Santos,0,0.0,0.0,20.0,19.0,0.0,0.0
2016-17,222974,Dren Feka,0,0.0,0.0,0.0,0.0,0.0,0.0
2016-17,225571,Dzenis Burnic,0,0.0,0.0,1.0,1.0,0.0,0.0
2016-17,216170,Emil Berggreen,0,0.0,0.0,0.0,0.0,0.0,0.0
2016-17,148641,Emil Forsberg,0,8.0,19.0,30.0,27.0,0.0,0.0
2016-17,231279,Emre Mor,0,1.0,2.0,12.0,5.0,0.0,0.0
2016-17,240268,Erdal Öztürk,0,0.0,0.0,0.0,0.0,0.0,0.0
2016-17,102254,Eric Maxim Choupo-Moting,0,3.0,4.0,23.0,19.0,0.0,0.0
2016-17,233170,Eric Oelschlägel,0,0.0,0.0,0.0,0.0,0.0,0.0
2016-17,190480,Erik Durm,0,0.0,2.0,13.0,10.0,0.0,0.0
2016-17,153319,Ermin Bicakcic,0,1.0,0.0,18.0,11.0,0.0,0.0
2016-17,84650,Eugen Polanski,0,0.0,0.0,14.0,7.0,0.0,0.0
2016-17,222697,Fabian Benko,0,0.0,0.0,0.0,0.0,0.0,0.0
2016-17,105140,Fabian Frei,0,0.0,1.0,24.0,19.0,0.0,0.0
2016-17,116008,Fabian Giefer,0,0.0,0.0,0.0,0.0,0.0,0.0
2016-17,172435,Fabian Holland,0,0.0,0.0,26.0,25.0,0.0,0.0
2016-17,89451,Fabian Johnson,0,3.0,2.0,21.0,12.0,0.0,0.0
2016-17,104982,Fabian Lustenberger,0,0.0,1.0,19.0,17.0,0.0,0.0
2016-17,179233,Fabian Schär,0,0.0,0.0,6.0,3.0,0.0,0.0
2016-17,238538,Fabijan Buntic,0,0.0,0.0,0.0,0.0,0.0,0.0
2016-17,158157,Fabio Coltorti,0,0.0,0.0,1.0,1.0,0.0,0.0
2016-17,198709,Federico Palacios-Martinez,0,0.0,0.0,2.0,0.0,0.0,0.0
2016-17,245940,Felix Götze,0,0.0,0.0,0.0,0.0,0.0,0.0
2016-17,225573,Felix Passlack,0,0.0,0.0,10.0,6.0,0.0,0.0
2016-17,216206,Felix Platte,0,2.0,1.0,9.0,6.0,0.0,0.0
2016-17,136598,Felix Wiedwald,0,0.0,0.0,25.0,24.0,0.0,0.0
2016-17,174496,Filip Kostic,0,4.0,3.0,31.0,29.0,0.0,0.0
2016-17,102237,Fin Bartels,0,8.0,7.0,31.0,23.0,0.0,0.0
2016-17,221671,Finn Porath,0,0.0,0.0,1.0,0.0,0.0,0.0
2016-17,212334,Florent Hadergjonaj,0,1.0,2.0,25.0,25.0,0.0,0.0
2016-17,231191,Florian Baak,0,0.0,0.0,2.0,0.0,0.0,0.0
2016-17,219304,Florian Grillitsch,0,2.0,0.0,23.0,21.0,0.0,0.0
2016-17,151464,Florian Kainz,0,2.0,3.0,14.0,1.0,0.0,0.0
2016-17,224036,Florian Kohls,0,0.0,0.0,0.0,0.0,0.0,0.0
2016-17,122292,Florian Müller,0,0.0,0.0,0.0,0.0,0.0,0.0
2016-17,162096,Florian Niederlechner,0,11.0,2.0,34.0,29.0,0.0,0.0
2016-17,42968,Franck Ribéry,0,5.0,11.0,22.0,14.0,0.0,0.0
2016-17,116366,Franco Di Santo,0,0.0,2.0,12.0,3.0,0.0,0.0
2016-17,238543,Frank Ronstadt,0,0.0,0.0,0.0,0.0,0.0,0.0
2016-17,153382,Frederik Sörensen,0,0.0,2.0,31.0,30.0,0.0,0.0
2016-17,242196,Furkan Zorba,0,0.0,0.0,0.0,0.0,0.0,0.0
2016-17,150316,Gaëtan Bussmann,0,0.0,1.0,14.0,12.0,0.0,0.0
2016-17,205912,Genki Haraguchi,0,1.0,2.0,31.0,23.0,0.0,0.0
2016-17,131098,Georg Niedermeier,0,0.0,0.0,6.0,0.0,0.0,0.0
2016-17,157578,Georg Teigl,0,0.0,1.0,18.0,4.0,0.0,0.0
2016-17,218779,Gerrit Holtmann,0,0.0,1.0,5.0,1.0,0.0,0.0
2016-17,231183,Gian-Luca Itter,0,0.0,0.0,0.0,0.0,0.0,0.0
2016-17,206580,Gideon Jung,0,0.0,0.0,29.0,26.0,0.0,0.0
2016-17,143517,Giulio Donati,0,0.0,0.0,32.0,31.0,0.0,0.0
2016-17,255626,Giuseppe Leo,0,0.0,0.0,0.0,0.0,0.0,0.0
2016-17,114897,Gojko Kacar,0,0.0,1.0,22.0,11.0,0.0,0.0
2016-17,52644,Gonzalo Castro,0,3.0,6.0,28.0,23.0,0.0,0.0
2016-17,169584,Gotoku Sakai,0,1.0,2.0,33.0,29.0,0.0,0.0
2016-17,238544,Gregor Kobel,0,0.0,0.0,0.0,0.0,0.0,0.0
2016-17,136963,Guido Burgstaller,0,9.0,2.0,18.0,17.0,0.0,0.0
2016-17,188368,Guillermo Varela,0,0.0,0.0,7.0,6.0,0.0,0.0
2016-17,220474,Haji Wright,0,0.0,0.0,0.0,0.0,0.0,0.0
2016-17,170785,Hakan Çalhanoglu,0,6.0,5.0,15.0,14.0,0.0,0.0
2016-17,33891,Halil Altintop,0,6.0,2.0,31.0,17.0,0.0,0.0
2016-17,69156,Hamit Altintop,0,0.0,0.0,16.0,15.0,0.0,0.0
2016-17,134503,Haris Seferovic,0,3.0,0.0,25.0,11.0,0.0,0.0
2016-17,141689,Havard Nielsen,0,0.0,1.0,4.0,0.0,0.0,0.0
2016-17,137018,Heinz Lindner,0,0.0,0.0,2.0,1.0,0.0,0.0
2016-17,192020,Hendrik Bonmann,0,0.0,0.0,0.0,0.0,0.0,0.0
2016-17,249175,Hendrik Hansen,0,0.0,0.0,1.0,0.0,0.0,0.0
2016-17,253920,Hikmet Ciftci,0,0.0,0.0,0.0,0.0,0.0,0.0
2016-17,123466,Holger Badstuber,0,0.0,0.0,11.0,10.0,0.0,0.0
2016-17,103178,Ibrahima Traoré,0,1.0,3.0,14.0,9.0,0.0,0.0
2016-17,241999,Igor Berezovsky,0,0.0,0.0,0.0,0.0,0.0,0.0
2016-17,164978,Immanuel Höhn,0,0.0,0.0,12.0,12.0,0.0,0.0
2016-17,226113,Ismail Azzaoui,0,0.0,0.0,0.0,0.0,0.0,0.0
2016-17,183667,Izet Hajrovic,0,1.0,0.0,10.0,6.0,0.0,0.0
2016-17,115903,Ja-Cheol Koo,0,2.0,3.0,23.0,22.0,0.0,0.0
2016-17,233073,Jacob Bruun Larsen,0,0.0,0.0,0.0,0.0,0.0,0.0
2016-17,165679,Jairo Samperio,0,2.0,1.0,17.0,11.0,0.0,0.0
2016-17,102200,Jakub Blaszczykowski,0,0.0,1.0,28.0,20.0,0.0,0.0
2016-17,135805,Jan Morávek,0,0.0,0.0,13.0,10.0,0.0,0.0
2016-17,85194,Jan Rosenthal,0,0.0,0.0,19.0,10.0,0.0,0.0
2016-17,30078,Jan-Ingwer Callsen-Bracker,0,0.0,0.0,1.0,0.0,0.0,0.0
2016-17,170604,Janik Haberer,0,3.0,4.0,32.0,22.0,0.0,0.0
2016-17,231866,Jannes Horn,0,0.0,1.0,13.0,10.0,0.0,0.0
2016-17,224246,Jannik Huth,0,0.0,0.0,7.0,7.0,0.0,0.0
2016-17,155211,Jannik Vestergaard,0,4.0,1.0,34.0,29.0,0.0,0.0
2016-17,94067,Jaroslav Drobný,0,0.0,0.0,10.0,10.0,0.0,0.0
2016-17,85298,Javi Martínez,0,1.0,1.0,25.0,25.0,0.0,0.0
2016-17,146419,Javier Hernández,0,11.0,3.0,26.0,20.0,0.0,0.0
2016-17,186151,Jean-Philippe Gbamin,0,0.0,0.0,25.0,21.0,0.0,0.0
2016-17,140073,Jeffrey Bruma,0,1.0,0.0,20.0,20.0,0.0,0.0
2016-17,140624,Jeffrey Gouweleeuw,0,2.0,1.0,18.0,18.0,0.0,0.0
2016-17,186024,Jeremy Toljan,0,1.0,1.0,20.0,14.0,0.0,0.0
2016-17,123384,Jerome Gondorf,0,3.0,4.0,29.0,29.0,0.0,0.0
2016-17,209592,Jesús Vallejo,0,1.0,0.0,25.0,22.0,0.0,0.0
2016-17,176058,Jhon Córdoba,0,5.0,3.0,29.0,27.0,0.0,0.0
2016-17,150375,Ji Dong-Won,0,3.0,2.0,34.0,24.0,0.0,0.0
2016-17,152580,Joannis Gelios,0,0.0,0.0,0.0,0.0,0.0,0.0
2016-17,228506,Joel Abu Hanna,0,0.0,0.0,0.0,0.0,0.0,0.0
2016-17,175176,Joel Pohjanpalo,0,6.0,0.0,11.0,1.0,0.0,0.0
2016-17,45941,Johan Djourou,0,0.0,0.0,14.0,12.0,0.0,0.0
2016-17,225580,Johannes Eggestein,0,0.0,0.0,0.0,0.0,0.0,0.0
2016-17,153488,Johannes Geis,0,0.0,0.0,18.0,17.0,0.0,0.0
2016-17,242583,Johannes Wolff,0,0.0,0.0,0.0,0.0,0.0,0.0
2016-17,39386,John Brooks,0,2.0,0.0,24.0,24.0,0.0,0.0
2016-17,206470,John-Patrick Strauß,0,0.0,0.0,0.0,0.0,0.0,0.0
2016-17,220815,Jonas Föhrenbach,0,0.0,0.0,3.0,1.0,0.0,0.0
2016-17,171702,Jonas Hector,0,1.0,2.0,33.0,33.0,0.0,0.0
2016-17,174617,Jonas Hofmann,0,0.0,1.0,21.0,16.0,0.0,0.0
2016-17,152859,Jonas Lössl,0,0.0,0.0,27.0,27.0,0.0,0.0
2016-17,153290,Jonathan Schmid,0,1.0,3.0,25.0,20.0,0.0,0.0
2016-17,188052,Jonathan Tah,0,1.0,1.0,19.0,16.0,0.0,0.0
2016-17,251061,Jordan Torunarigha,0,1.0,0.0,8.0,5.0,0.0,0.0
2016-17,238540,Joshua Bitter,0,0.0,0.0,0.0,0.0,0.0,0.0
2016-17,190161,Joshua Kimmich,0,6.0,1.0,27.0,15.0,0.0,0.0
2016-17,144859,Josip Drmic,0,0.0,0.0,12.0,2.0,0.0,0.0
2016-17,130113,Josuha Guilavogui,0,0.0,0.0,19.0,17.0,0.0,0.0
2016-17,164194,Juan Bernat,0,2.0,2.0,18.0,13.0,0.0,0.0
2016-17,250739,Juan Miguel Blanco-Lopez,0,0.0,0.0,0.0,0.0,0.0,0.0
2016-17,115123,Julian Baumgartlinger,0,0.0,1.0,22.0,19.0,0.0,0.0
2016-17,197628,Julian Brandt,0,3.0,8.0,32.0,25.0,0.0,0.0
2016-17,208609,Julian Günther-Schmidt,0,0.0,0.0,4.0,0.0,0.0,0.0
2016-17,160026,Julian Korb,0,0.0,0.0,12.0,7.0,0.0,0.0
2016-17,129840,Julian Schieber,0,3.0,1.0,18.0,2.0,0.0,0.0
2016-17,111889,Julian Schuster,0,0.0,0.0,13.0,9.0,0.0,0.0
2016-17,200192,Julian Weigl,0,0.0,0.0,30.0,27.0,0.0,0.0
2016-17,248886,Julius Kade,0,0.0,0.0,1.0,0.0,0.0,0.0
2016-17,137143,Justin Eilers,0,0.0,0.0,0.0,0.0,0.0,0.0
2016-17,249147,Justin Möbius,0,0.0,0.0,2.0,0.0,0.0,0.0
2016-17,95290,Jérôme Boateng,0,0.0,1.0,13.0,10.0,0.0,0.0
2016-17,231182,Kai Havertz,0,4.0,5.0,24.0,15.0,0.0,0.0
2016-17,252251,Kamil Wojtkowski,0,0.0,0.0,0.0,0.0,0.0,0.0
2016-17,137148,Karim Bellarabi,0,2.0,6.0,16.0,14.0,0.0,0.0
2016-17,164632,Karim Guédé,0,0.0,0.0,5.0,3.0,0.0,0.0
2016-17,224309,Karim Onisiwo,0,1.0,0.0,16.0,10.0,0.0,0.0
2016-17,220810,Ken Gipson,0,0.0,0.0,0.0,0.0,0.0,0.0
2016-17,188053,Kerem Demirbay,0,6.0,8.0,28.0,27.0,0.0,0.0
2016-17,250543,Kevin Danso,0,0.0,0.0,7.0,7.0,0.0,0.0
2016-17,141055,Kevin Kampl,0,1.0,2.0,30.0,28.0,0.0,0.0
2016-17,132973,Kevin Vogt,0,0.0,0.0,31.0,30.0,0.0,0.0
2016-17,149558,Kevin Volland,0,6.0,2.0,23.0,16.0,0.0,0.0
2016-17,184012,Kingsley Coman,0,2.0,1.0,19.0,10.0,0.0,0.0
2016-17,23164,Klaas-Jan Huntelaar,0,2.0,0.0,16.0,7.0,0.0,0.0
2016-17,140079,Koen Casteels,0,0.0,0.0,20.0,20.0,0.0,0.0
2016-17,116596,Konstantin Rausch,0,0.0,2.0,28.0,23.0,0.0,0.0
2016-17,169109,Konstantinos Stafylidis,0,4.0,0.0,27.0,26.0,0.0,0.0
2016-17,112544,Kyriakos Papadopoulos,0,2.0,0.0,16.0,15.0,0.0,0.0
2016-17,134613,Lamine Sané,0,1.0,1.0,27.0,27.0,0.0,0.0
2016-17,115119,Lars Bender,0,0.0,1.0,9.0,9.0,0.0,0.0
2016-17,117278,Lars Stindl,0,11.0,3.0,30.0,29.0,0.0,0.0
2016-17,255896,Leo Weinkauf,0,0.0,0.0,0.0,0.0,0.0,0.0
2016-17,224809,Leon Bailey,0,0.0,0.0,8.0,0.0,0.0,0.0
2016-17,121550,Leon Balogun,0,0.0,0.0,17.0,13.0,0.0,0.0
2016-17,238537,Leon Bätge,0,0.0,0.0,0.0,0.0,0.0,0.0
2016-17,174550,Leon Goretzka,0,5.0,3.0,30.0,30.0,0.0,0.0
2016-17,232327,Leon Guwara,0,0.0,0.0,17.0,11.0,0.0,0.0
2016-17,157560,Leonardo Bittencourt,0,3.0,5.0,16.0,12.0,0.0,0.0
2016-17,188058,Levin Öztunali,0,5.0,6.0,30.0,23.0,0.0,0.0
2016-17,122289,Lewis Holtby,0,1.0,6.0,29.0,29.0,0.0,0.0
2016-17,242585,Liam Fisch,0,0.0,0.0,0.0,0.0,0.0,0.0
2016-17,132063,Luca Caldirola,0,0.0,0.0,5.0,5.0,0.0,0.0
2016-17,191352,Luca Waldschmidt,0,1.0,1.0,14.0,3.0,0.0,0.0
2016-17,203862,Luca-Milan Zander,0,0.0,0.0,0.0,0.0,0.0,0.0
2016-17,113352,Luiz Gustavo,0,0.0,0.0,27.0,26.0,0.0,0.0
2016-17,157479,Lukas Hinterseer,0,3.0,1.0,28.0,8.0,0.0,0.0
2016-17,134169,Lukas Hradecky,0,0.0,0.0,33.0,33.0,0.0,0.0
2016-17,201803,Lukas Klostermann,0,0.0,0.0,1.0,1.0,0.0,0.0
2016-17,223933,Lukas Klünter,0,1.0,1.0,8.0,8.0,0.0,0.0
2016-17,171701,Lukas Kübler,0,0.0,1.0,16.0,14.0,0.0,0.0
2016-17,139948,Lukas Rupp,0,2.0,1.0,14.0,8.0,0.0,0.0
2016-17,251490,Lukas Watkowiak,0,0.0,0.0,0.0,0.0,0.0,0.0
2016-17,100957,Lukasz Piszczek,0,5.0,1.0,25.0,23.0,0.0,0.0
2016-17,221047,László Bénes,0,1.0,0.0,8.0,3.0,0.0,0.0
2016-17,191098,Mahmoud Dahoud,0,2.0,6.0,28.0,26.0,0.0,0.0
2016-17,114598,Makoto Hasebe,0,1.0,1.0,22.0,21.0,0.0,0.0
2016-17,225554,Mamadou Doucouré,0,0.0,0.0,0.0,0.0,0.0,0.0
2016-17,136810,Manuel Gulde,0,0.0,0.0,20.0,19.0,0.0,0.0
2016-17,84774,Manuel Neuer,0,0.0,0.0,26.0,26.0,0.0,0.0
2016-17,145078,Marc Bartra,0,0.0,3.0,19.0,18.0,0.0,0.0
2016-17,175888,Marc Stendera,0,0.0,0.0,2.0,2.0,0.0,0.0
2016-17,175887,Marc-Oliver Kempf,0,0.0,0.0,13.0,12.0,0.0,0.0
2016-17,181287,Marcel Halstenberg,0,0.0,1.0,30.0,30.0,0.0,0.0
2016-17,234125,Marcel Hartel,0,0.0,0.0,2.0,0.0,0.0,0.0
2016-17,93700,Marcel Heller,0,3.0,3.0,32.0,31.0,0.0,0.0
2016-17,110929,Marcel Risse,0,2.0,4.0,13.0,13.0,0.0,0.0
2016-17,173907,Marcel Sabitzer,0,8.0,4.0,32.0,31.0,0.0,0.0
2016-17,121536,Marcel Schmelzer,0,0.0,1.0,26.0,25.0,0.0,0.0
2016-17,191942,Marcel Tisserand,0,0.0,1.0,28.0,27.0,0.0,0.0
2016-17,120884,Marco Fabián,0,7.0,4.0,24.0,23.0,0.0,0.0
2016-17,232477,Marco Friedl,0,0.0,0.0,0.0,0.0,0.0,0.0
2016-17,143413,Marco Höger,0,0.0,1.0,30.0,24.0,0.0,0.0
2016-17,122356,Marco Reus,0,7.0,4.0,17.0,16.0,0.0,0.0
2016-17,84780,Marco Russ,0,0.0,0.0,4.0,3.0,0.0,0.0
2016-17,205812,Marco Schuster,0,0.0,0.0,0.0,0.0,0.0,0.0
2016-17,123712,Marco Terrazzino,0,1.0,2.0,9.0,4.0,0.0,0.0
2016-17,154201,Marcus Mlynikowski,0,0.0,0.0,0.0,0.0,0.0,0.0
2016-17,188384,Marian Sarr,0,0.0,0.0,0.0,0.0,0.0,0.0
2016-17,228328,Marin Sverko,0,0.0,0.0,0.0,0.0,0.0,0.0
2016-17,42015,Mario Gómez,0,16.0,1.0,33.0,32.0,0.0,0.0
2016-17,143020,Mario Götze,0,1.0,1.0,11.0,9.0,0.0,0.0
2016-17,161459,Mario Vrancic,0,4.0,2.0,23.0,18.0,0.0,0.0
2016-17,172005,Marius Müller,0,0.0,0.0,0.0,0.0,0.0,0.0
2016-17,207623,Marius Wolf,0,0.0,0.0,3.0,2.0,0.0,0.0
2016-17,149391,Mark Uth,0,7.0,3.0,22.0,12.0,0.0,0.0
2016-17,84710,Markus Feulner,0,0.0,0.0,1.0,0.0,0.0,0.0
2016-17,121542,Markus Steinhöfer,0,0.0,1.0,7.0,3.0,0.0,0.0
2016-17,113345,Markus Suttner,0,4.0,5.0,31.0,31.0,0.0,0.0
2016-17,108321,Martin Hansen,0,0.0,0.0,23.0,23.0,0.0,0.0
2016-17,151693,Martin Hinteregger,0,3.0,0.0,31.0,31.0,0.0,0.0
2016-17,86060,Marvin Compper,0,2.0,0.0,25.0,25.0,0.0,0.0
2016-17,202642,Marvin Friedrich,0,0.0,0.0,0.0,0.0,0.0,0.0
2016-17,111660,Marvin Matip,0,0.0,0.0,33.0,33.0,0.0,0.0
2016-17,152774,Marvin Plattenhardt,0,3.0,3.0,27.0,27.0,0.0,0.0
2016-17,205779,Marvin Schulz,0,0.0,0.0,0.0,0.0,0.0,0.0
2016-17,125465,Marwin Hitz,0,0.0,0.0,32.0,32.0,0.0,0.0
2016-17,140994,Mathew Leckie,0,0.0,2.0,30.0,25.0,0.0,0.0
2016-17,151765,Matija Nastasic,0,0.0,0.0,22.0,21.0,0.0,0.0
2016-17,84627,Mats Hummels,0,1.0,1.0,27.0,24.0,0.0,0.0
2016-17,225574,Mats Köhlert,0,0.0,0.0,0.0,0.0,0.0,0.0
2016-17,170209,Matthias Ginter,0,0.0,1.0,29.0,26.0,0.0,0.0
2016-17,228726,Matthias Hamrol,0,0.0,0.0,0.0,0.0,0.0,0.0
2016-17,84696,Matthias Lehmann,0,0.0,2.0,21.0,21.0,0.0,0.0
2016-17,154545,Matthias Ostrzolek,0,1.0,1.0,24.0,23.0,0.0,0.0
2016-17,207104,Maurice Multhaup,0,0.0,0.0,1.0,0.0,0.0,0.0
2016-17,238529,Max Besuschkow,0,0.0,0.0,3.0,1.0,0.0,0.0
2016-17,216461,Max Christiansen,0,0.0,0.0,11.0,4.0,0.0,0.0
2016-17,138465,Max Grün,0,0.0,0.0,0.0,0.0,0.0,0.0
2016-17,110846,Max Kruse,0,15.0,7.0,23.0,23.0,0.0,0.0
2016-17,180143,Max Meyer,0,1.0,1.0,27.0,18.0,0.0,0.0
2016-17,179927,Max Reinthaler,0,0.0,0.0,0.0,0.0,0.0,0.0
2016-17,169037,Maximilian Arnold,0,2.0,3.0,32.0,28.0,0.0,0.0
2016-17,214203,Maximilian Eggestein,0,1.0,0.0,15.0,8.0,0.0,0.0
2016-17,216225,Maximilian Mittelstädt,0,0.0,1.0,12.0,5.0,0.0,0.0
2016-17,202802,Maximilian Philipp,0,9.0,2.0,25.0,23.0,0.0,0.0
2016-17,194448,Melvyn Lorenzen,0,0.0,0.0,0.0,0.0,0.0,0.0
2016-17,149046,Michael Esser,0,0.0,0.0,28.0,28.0,0.0,0.0
2016-17,146804,Michael Gregoritsch,0,5.0,1.0,30.0,14.0,0.0,0.0
2016-17,150032,Michael Hector,0,1.0,0.0,22.0,14.0,0.0,0.0
2016-17,184550,Michael Zetterer,0,0.0,0.0,0.0,0.0,0.0,0.0
2016-17,192943,Mijat Gacinovic,0,2.0,0.0,28.0,26.0,0.0,0.0
2016-17,221612,Mike Feigenspan,0,0.0,0.0,0.0,0.0,0.0,0.0
2016-17,128937,Mike Frantz,0,0.0,1.0,30.0,29.0,0.0,0.0
2016-17,209581,Mikel Merino,0,0.0,0.0,8.0,2.0,0.0,0.0
2016-17,178607,Milos Jojic,0,4.0,4.0,19.0,13.0,0.0,0.0
2016-17,197342,Milos Veljkovic,0,0.0,0.0,26.0,20.0,0.0,0.0
2016-17,159139,Mitchell Weiser,0,2.0,4.0,17.0,12.0,0.0,0.0
2016-17,134454,Moritz Hartmann,0,1.0,0.0,14.0,12.0,0.0,0.0
2016-17,151119,Moritz Leitner,0,0.0,0.0,6.0,2.0,0.0,0.0
2016-17,238536,Moritz Nicolas,0,0.0,0.0,0.0,0.0,0.0,0.0
2016-17,174619,Mounir Bouziane,0,0.0,0.0,1.0,0.0,0.0,0.0
2016-17,102329,Mërgim Mavraj,0,0.0,0.0,30.0,30.0,0.0,0.0
2016-17,134643,Nabil Bahoui,0,0.0,0.0,1.0,1.0,0.0,0.0
2016-17,179187,Nabil Bentaleb,0,5.0,5.0,32.0,28.0,0.0,0.0
2016-17,196567,Naby Keïta,0,8.0,7.0,31.0,29.0,0.0,0.0
2016-17,210818,Nadiem Amiri,0,2.0,4.0,33.0,20.0,0.0,0.0
2016-17,69391,Naldo,0,1.0,0.0,19.0,19.0,0.0,0.0
2016-17,98141,Neven Subotic,0,0.0,0.0,12.0,9.0,0.0,0.0
2016-17,212237,Nico Elvedi,0,0.0,0.0,25.0,23.0,0.0,0.0
2016-17,231748,Nico Rinderknecht,0,0.0,0.0,0.0,0.0,0.0,0.0
2016-17,149394,Nico Schulz,0,1.0,2.0,12.0,4.0,0.0,0.0
2016-17,122394,Nicolai Müller,0,5.0,6.0,25.0,22.0,0.0,0.0
2016-17,105943,Nicolas Feldhahn,0,0.0,0.0,0.0,0.0,0.0,0.0
2016-17,149570,Nicolas Höfler,0,1.0,1.0,28.0,26.0,0.0,0.0
2016-17,225567,Niklas Dorsch,0,0.0,0.0,0.0,0.0,0.0,0.0
2016-17,175069,Niklas Lomb,0,0.0,0.0,0.0,0.0,0.0,0.0
2016-17,35887,Niklas Moisander,0,0.0,1.0,30.0,29.0,0.0,0.0
2016-17,225565,Niklas Schmidt,0,0.0,1.0,1.0,0.0,0.0,0.0
2016-17,186026,Niklas Stark,0,1.0,0.0,27.0,27.0,0.0,0.0
2016-17,186263,Niklas Süle,0,2.0,2.0,33.0,33.0,0.0,0.0
2016-17,48678,Niko Bungert,0,1.0,0.0,10.0,9.0,0.0,0.0
2016-17,109312,Nils Petersen,0,10.0,4.0,33.0,7.0,0.0,0.0
2016-17,248771,Nils Rütten,0,0.0,0.0,0.0,0.0,0.0,0.0
2016-17,220715,Nils-Jonathan Körber,0,0.0,0.0,0.0,0.0,0.0,0.0
2016-17,254193,Noel Knothe,0,0.0,0.0,0.0,0.0,0.0,0.0
2016-17,84643,Nuri Sahin,0,0.0,0.0,5.0,4.0,0.0,0.0
2016-17,138213,Oliver Baumann,0,0.0,0.0,34.0,34.0,0.0,0.0
2016-17,212478,Oliver Burke,0,1.0,2.0,25.0,5.0,0.0,0.0
2016-17,174966,Omar Mascarell,0,0.0,0.0,28.0,27.0,0.0,0.0
2016-17,206072,Ondrej Duda,0,0.0,0.0,3.0,0.0,0.0,0.0
2016-17,173335,Onur Bulut,0,0.0,1.0,21.0,12.0,0.0,0.0
2016-17,86526,Oscar Wendt,0,2.0,2.0,28.0,28.0,0.0,0.0
2016-17,187614,Ousman Manneh,0,1.0,1.0,6.0,6.0,0.0,0.0
2016-17,229744,Ousmane Dembélé,0,6.0,12.0,32.0,22.0,0.0,0.0
2016-17,119493,Pablo de Blasis,0,5.0,4.0,31.0,17.0,0.0,0.0
2016-17,255390,Pal Dardai,0,0.0,0.0,0.0,0.0,0.0,0.0
2016-17,194347,Park Joo-Ho,0,0.0,0.0,2.0,1.0,0.0,0.0
2016-17,132659,Pascal Gross,0,5.0,4.0,33.0,31.0,0.0,0.0
2016-17,223266,Pascal Stenzel,0,1.0,1.0,19.0,14.0,0.0,0.0
2016-17,102228,Patric Klandt,0,0.0,0.0,0.0,0.0,0.0,0.0
2016-17,213489,Patrick Banggaard,0,0.0,0.0,9.0,9.0,0.0,0.0
2016-17,127259,Patrick Herrmann,0,1.0,1.0,18.0,9.0,0.0,0.0
2016-17,255730,Patrick Sussek,0,0.0,0.0,0.0,0.0,0.0,0.0
2016-17,199922,Paul Seguin,0,1.0,1.0,22.0,15.0,0.0,0.0
2016-17,43990,Paul Verhaegh,0,3.0,2.0,31.0,31.0,0.0,0.0
2016-17,153028,Paul-Georges Ntep,0,0.0,2.0,10.0,5.0,0.0,0.0
2016-17,207401,Pavel Kaderábek,0,0.0,3.0,23.0,22.0,0.0,0.0
2016-17,192260,Pawel Olkowski,0,0.0,1.0,14.0,12.0,0.0,0.0
2016-17,69260,Per Skjelbred,0,0.0,0.0,26.0,25.0,0.0,0.0
2016-17,94068,Peter Niemeyer,0,0.0,0.0,15.0,13.0,0.0,0.0
2016-17,130849,Peter Pekarík,0,1.0,1.0,31.0,30.0,0.0,0.0
2016-17,238884,Phil Neumann,0,0.0,0.0,0.0,0.0,0.0,0.0
2016-17,121564,Philipp Bargfrede,0,1.0,1.0,11.0,4.0,0.0,0.0
2016-17,160023,Philipp Klement,0,0.0,0.0,0.0,0.0,0.0,0.0
2016-17,72928,Philipp Lahm,0,1.0,2.0,26.0,24.0,0.0,0.0
2016-17,200856,Philipp Max,0,1.0,2.0,25.0,20.0,0.0,0.0
2016-17,223932,Philipp Ochs,0,0.0,0.0,3.0,2.0,0.0,0.0
2016-17,144752,Philipp Wollscheid,0,0.0,0.0,7.0,6.0,0.0,0.0
2016-17,240485,Phillip Menzel,0,0.0,0.0,0.0,0.0,0.0,0.0
2016-17,122260,Pierre-Emerick Aubameyang,0,31.0,2.0,32.0,31.0,0.0,0.0
2016-17,144476,Pierre-Michel Lasogga,0,1.0,0.0,20.0,5.0,0.0,0.0
2016-17,84687,Pirmin Schwegler,0,0.0,1.0,10.0,2.0,0.0,0.0
2016-17,119620,Péter Gulácsi,0,0.0,0.0,33.0,33.0,0.0,0.0
2016-17,176676,Rafal Gikiewicz,0,0.0,0.0,0.0,0.0,0.0,0.0
2016-17,113841,Raffael,0,7.0,0.0,20.0,18.0,0.0,0.0
2016-17,69155,Rafinha,0,1.0,1.0,20.0,10.0,0.0,0.0
2016-17,94993,Ralf Fährmann,0,0.0,0.0,34.0,34.0,0.0,0.0
2016-17,121528,Ramazan Özcan,0,0.0,0.0,0.0,0.0,0.0,0.0
2016-17,159152,Rani Khedira,0,0.0,0.0,10.0,1.0,0.0,0.0
2016-17,188050,Raphael Framberger,0,0.0,1.0,4.0,3.0,0.0,0.0
2016-17,251639,Raphael Obermair,0,0.0,0.0,0.0,0.0,0.0,0.0
2016-17,103174,Raphael Wolf,0,0.0,0.0,0.0,0.0,0.0,0.0
2016-17,176228,Raphaël Guerreiro,0,6.0,3.0,24.0,17.0,0.0,0.0
2016-17,105233,Raúl Bobadilla,0,4.0,1.0,18.0,13.0,0.0,0.0
2016-17,227217,Renato Sanches,0,0.0,0.0,17.0,6.0,0.0,0.0
2016-17,33998,René Adler,0,0.0,1.0,19.0,19.0,0.0,0.0
2016-17,136865,Ricardo Rodríguez,0,2.0,3.0,24.0,23.0,0.0,0.0
2016-17,188411,Riechedly Bazoer,0,0.0,1.0,12.0,12.0,0.0,0.0
2016-17,205913,Robert Bauer,0,1.0,3.0,27.0,25.0,0.0,0.0
2016-17,177822,Robert Leipertz,0,0.0,0.0,6.0,0.0,0.0,0.0
2016-17,125824,Robert Lewandowski,0,30.0,5.0,33.0,31.0,0.0,0.0
2016-17,84748,Roberto Hilbert,0,0.0,0.0,7.0,7.0,0.0,0.0
2016-17,157466,Robin Knoche,0,1.0,1.0,23.0,21.0,0.0,0.0
2016-17,183100,Robin Quaison,0,1.0,0.0,11.0,6.0,0.0,0.0
2016-17,222613,Robin Ziegele,0,0.0,0.0,0.0,0.0,0.0,0.0
2016-17,99511,Roger,0,1.0,0.0,30.0,26.0,0.0,0.0
2016-17,86211,Romain Bregerie,0,3.0,0.0,17.0,17.0,0.0,0.0
2016-17,175906,Roman Bürki,0,0.0,0.0,27.0,27.0,0.0,0.0
2016-17,84630,Roman Weidenfeller,0,0.0,0.0,7.0,7.0,0.0,0.0
2016-17,45622,Rune Jarstein,0,0.0,0.0,34.0,34.0,0.0,0.0
2016-17,225563,Salih Özcan,0,0.0,2.0,13.0,3.0,0.0,0.0
2016-17,39964,Salomon Kalou,0,7.0,4.0,26.0,25.0,0.0,0.0
2016-17,231184,Sam Schreck,0,0.0,0.0,0.0,0.0,0.0,0.0
2016-17,132715,Sambou Yatabaré,0,0.0,0.0,2.0,2.0,0.0,0.0
2016-17,99798,Sami Allagui,0,1.0,1.0,12.0,0.0,0.0,0.0
2016-17,130292,Sandro Sirigu,0,2.0,1.0,30.0,17.0,0.0,0.0
2016-17,103491,Sandro Wagner,0,11.0,2.0,31.0,30.0,0.0,0.0
2016-17,130590,Santiago Garcia,0,1.0,2.0,19.0,16.0,0.0,0.0
2016-17,102336,Sascha Riether,0,0.0,0.0,5.0,3.0,0.0,0.0
2016-17,170553,Sead Kolasinac,0,3.0,5.0,25.0,24.0,0.0,0.0
2016-17,132690,Sebastian Jung,0,0.0,1.0,4.0,4.0,0.0,0.0
2016-17,104563,Sebastian Langkamp,0,0.0,0.0,27.0,26.0,0.0,0.0
2016-17,122926,Sebastian Rode,0,1.0,0.0,14.0,5.0,0.0,0.0
2016-17,108592,Sebastian Rudy,0,2.0,7.0,32.0,32.0,0.0,0.0
2016-17,178980,Serge Gnabry,0,11.0,1.0,27.0,23.0,0.0,0.0
2016-17,186381,Serhou Guirassy,0,0.0,0.0,6.0,0.0,0.0,0.0
2016-17,206779,Shani Tarashaj,0,1.0,0.0,13.0,1.0,0.0,0.0
2016-17,102139,Shinji Kagawa,0,1.0,6.0,21.0,13.0,0.0,0.0
2016-17,86097,Sidney Sam,0,2.0,1.0,13.0,11.0,0.0,0.0
2016-17,256714,Silas Zehnder,0,0.0,0.0,1.0,0.0,0.0,0.0
2016-17,153654,Simon Zoller,0,2.0,2.0,26.0,8.0,0.0,0.0
2016-17,210791,Sinan Kurt,0,0.0,0.0,2.0,0.0,0.0,0.0
2016-17,166265,Slobodan Medojevic,0,0.0,0.0,0.0,0.0,0.0,0.0
2016-17,86377,Sokratis Papastathopoulos,0,2.0,0.0,26.0,26.0,0.0,0.0
2016-17,149565,Sonny Kittel,0,2.0,1.0,20.0,7.0,0.0,0.0
2016-17,144620,Stefan Bell,0,5.0,1.0,31.0,30.0,0.0,0.0
2016-17,132628,Stefan Ilsanker,0,0.0,0.0,33.0,29.0,0.0,0.0
2016-17,84685,Stefan Kiessling,0,4.0,1.0,20.0,6.0,0.0,0.0
2016-17,184076,Stefan Lex,0,0.0,0.0,13.0,2.0,0.0,0.0
2016-17,238906,Stefan Posch,0,0.0,0.0,0.0,0.0,0.0,0.0
2016-17,121505,Steven Zuber,0,4.0,4.0,24.0,23.0,0.0,0.0
2016-17,227053,Suat Serdar,0,0.0,0.0,8.0,4.0,0.0,0.0
2016-17,242197,Sven Bacher,0,0.0,0.0,0.0,0.0,0.0,0.0
2016-17,89496,Sven Bender,0,0.0,1.0,6.0,3.0,0.0,0.0
2016-17,122271,Sven Müller,0,0.0,0.0,1.0,1.0,0.0,0.0
2016-17,115306,Sven Schipplock,0,2.0,0.0,23.0,12.0,0.0,0.0
2016-17,113733,Sven Ulreich,0,0.0,0.0,5.0,5.0,0.0,0.0
2016-17,135355,Takashi Usami,0,0.0,0.0,11.0,5.0,0.0,0.0
2016-17,166986,Taleb Tawatha,0,0.0,0.0,14.0,8.0,0.0,0.0
2016-17,167916,Terrence Boyd,0,1.0,0.0,7.0,5.0,0.0,0.0
2016-17,116375,Theodor Gebre Selassie,0,5.0,2.0,30.0,26.0,0.0,0.0
2016-17,135293,Thiago Alcantara,0,6.0,5.0,27.0,26.0,0.0,0.0
2016-17,214401,Thilo Kehrer,0,1.0,1.0,16.0,12.0,0.0,0.0
2016-17,151757,Thomas Delaney,0,4.0,1.0,13.0,11.0,0.0,0.0
2016-17,110948,Thomas Kessler,0,0.0,0.0,13.0,13.0,0.0,0.0
2016-17,102239,Thomas Kraft,0,0.0,0.0,0.0,0.0,0.0,0.0
2016-17,123465,Thomas Müller,0,5.0,12.0,29.0,25.0,0.0,0.0
2016-17,158066,Thorgan Hazard,0,6.0,4.0,23.0,18.0,0.0,0.0
2016-17,205811,Tim Rieder,0,0.0,0.0,5.0,2.0,0.0,0.0
2016-17,160021,Timo Horn,0,0.0,0.0,20.0,20.0,0.0,0.0
2016-17,191088,Timo Werner,0,21.0,5.0,31.0,28.0,0.0,0.0
2016-17,182424,Timon Wellenreuther,0,0.0,0.0,0.0,0.0,0.0,0.0
2016-17,128521,Timothy Chandler,0,0.0,3.0,32.0,31.0,0.0,0.0
2016-17,127572,Timothée Kolodziejczak,0,0.0,0.0,1.0,0.0,0.0,0.0
2016-17,183853,Tin Jedvaj,0,1.0,0.0,18.0,16.0,0.0,0.0
2016-17,84660,Tobias Levels,0,0.0,0.0,10.0,8.0,0.0,0.0
2016-17,122273,Tobias Sippel,0,0.0,0.0,0.0,0.0,0.0,0.0
2016-17,170228,Tobias Strobl,0,0.0,2.0,23.0,18.0,0.0,0.0
2016-17,121013,Tom Mickel,0,0.0,0.0,1.0,1.0,0.0,0.0
2016-17,10658,Tom Starke,0,0.0,0.0,3.0,3.0,0.0,0.0
2016-17,128968,Tony Jantschke,0,0.0,0.0,22.0,17.0,0.0,0.0
2016-17,73322,Torrejón,0,0.0,0.0,12.0,10.0,0.0,0.0
2016-17,222445,Tsiy William Ndenge,0,0.0,0.0,0.0,0.0,0.0,0.0
2016-17,220718,Ulisses Garcia,0,0.0,1.0,7.0,3.0,0.0,0.0
2016-17,112431,Valentin Stocker,0,4.0,1.0,17.0,14.0,0.0,0.0
2016-17,243290,Vasilije Janjicic,0,0.0,0.0,4.0,2.0,0.0,0.0
2016-17,84701,Vedad Ibisevic,0,12.0,4.0,32.0,32.0,0.0,0.0
2016-17,228296,Victor Osimhen,0,0.0,0.0,2.0,0.0,0.0,0.0
2016-17,86532,Vieirinha,0,0.0,0.0,21.0,13.0,0.0,0.0
2016-17,218857,Vincent Sierro,0,0.0,0.0,0.0,0.0,0.0,0.0
2016-17,179571,Vincenzo Grifo,0,6.0,8.0,30.0,27.0,0.0,0.0
2016-17,165637,Vladimír Darida,0,2.0,2.0,25.0,21.0,0.0,0.0
2016-17,205649,Vladlen Yurchenko,0,0.0,0.0,3.0,1.0,0.0,0.0
2016-17,204113,Walace,0,1.0,0.0,9.0,9.0,0.0,0.0
2016-17,199065,Wendell,0,2.0,2.0,32.0,27.0,0.0,0.0
2016-17,256715,Weston McKennie,0,0.0,0.0,1.0,0.0,0.0,0.0
2016-17,162162,Willi Orbán,0,3.0,1.0,28.0,28.0,0.0,0.0
2016-17,160024,Wilson Kamavuaka,0,0.0,0.0,8.0,6.0,0.0,0.0
2016-17,13842,Xabi Alonso,0,3.0,2.0,27.0,22.0,0.0,0.0
2016-17,93197,Yann Sommer,0,0.0,0.0,34.0,34.0,0.0,0.0
2016-17,227732,Yanni Regäsel,0,0.0,0.0,0.0,0.0,0.0,0.0
2016-17,189529,Yannick Gerhardt,0,0.0,2.0,27.0,25.0,0.0,0.0
2016-17,148188,Yevhen Konoplyanka,0,1.0,1.0,17.0,5.0,0.0,0.0
2016-17,202090,Yoshinori Muto,0,5.0,0.0,19.0,10.0,0.0,0.0
2016-17,238541,Young-Jae Seo,0,0.0,0.0,0.0,0.0,0.0,0.0
2016-17,160025,Yunus Malli,0,7.0,7.0,32.0,28.0,0.0,0.0
2016-17,182245,Yussuf Poulsen,0,5.0,4.0,29.0,25.0,0.0,0.0
2016-17,133286,Yuya Osako,0,7.0,6.0,30.0,27.0,0.0,0.0
2016-17,99632,Zlatko Junuzovic,0,4.0,8.0,30.0,28.0,0.0,0.0
2016-17,129491,Ádám Szalai,0,8.0,1.0,22.0,7.0,0.0,0.0
2016-17,230757,Çaglar Söyüncü,0,0.0,1.0,24.0,24.0,0.0,0.0
2016-17,122385,Ömer Toprak,0,1.0,0.0,25.0,25.0,0.0,0.0
2016-17,193610,Ørjan Nyland,0,0.0,0.0,12.0,11.0,0.0,0.0
2017-18,271398,Aaron Herzog,0,0.0,0.0,0.0,0.0,0.0,0.0
2017-18,43337,Aaron Hunt,0,3.0,2.0,29.0,26.0,0.0,0.0
2017-18,125188,Abdou Diallo,0,2.0,1.0,27.0,27.0,0.0,0.0
2017-18,229645,Ademola Lookman,0,5.0,3.0,11.0,7.0,0.0,0.0
2017-18,121255,Admir Mehmedi,0,3.0,3.0,17.0,11.0,0.0,0.0
2017-18,120652,Albin Ekdal,0,0.0,1.0,19.0,12.0,0.0,0.0
2017-18,136956,Aleksandar Ignjovski,0,0.0,0.0,0.0,0.0,0.0,0.0
2017-18,203868,Alessandro Schöpf,0,0.0,0.0,15.0,9.0,0.0,0.0
2017-18,107466,Alexander Esswein,0,2.0,1.0,16.0,6.0,0.0,0.0
2017-18,227054,Alexander Hack,0,1.0,0.0,15.0,14.0,0.0,0.0
2017-18,235662,Alexander Isak,0,0.0,0.0,5.0,1.0,0.0,0.0
2017-18,84783,Alexander Meier,0,1.0,0.0,1.0,0.0,0.0,0.0
2017-18,178380,Alexander Meyer,0,0.0,0.0,0.0,0.0,0.0,0.0
2017-18,205750,Alexander Nübel,0,0.0,0.0,1.0,0.0,0.0,0.0
2017-18,268786,Alexander Rossipal,0,0.0,0.0,0.0,0.0,0.0,0.0
2017-18,156416,Alexander Schwolow,0,0.0,0.0,33.0,33.0,0.0,0.0
2017-18,84751,Alexander Stolz,0,0.0,0.0,0.0,0.0,0.0,0.0
2017-18,173816,Alexandru Maxim,0,2.0,2.0,22.0,11.0,0.0,0.0
2017-18,146276,Alfred Finnbogason,0,12.0,3.0,22.0,22.0,0.0,0.0
2017-18,238917,Amine Harit,0,3.0,3.0,31.0,23.0,0.0,0.0
2017-18,149845,Amir Abrashi,0,0.0,0.0,12.0,11.0,0.0,0.0
2017-18,268461,Anas Ouahim,0,0.0,0.0,1.0,0.0,0.0,0.0
2017-18,216167,Anastasios Donis,0,2.0,2.0,18.0,11.0,0.0,0.0
2017-18,86124,Andreas Beck,0,1.0,1.0,23.0,22.0,0.0,0.0
2017-18,221904,Andreas Hirzel,0,0.0,0.0,0.0,0.0,0.0,0.0
2017-18,135807,Andreas Luthe,0,0.0,0.0,2.0,2.0,0.0,0.0
2017-18,139520,Andrej Kramaric,0,13.0,6.0,34.0,22.0,0.0,0.0
2017-18,124878,Andriy Yarmolenko,0,3.0,2.0,18.0,13.0,0.0,0.0
2017-18,149078,André Hahn,0,3.0,0.0,23.0,14.0,0.0,0.0
2017-18,136580,André Schürrle,0,1.0,4.0,18.0,11.0,0.0,0.0
2017-18,163794,Ante Rebic,0,6.0,2.0,25.0,21.0,0.0,0.0
2017-18,145953,Anthony Ujah,0,0.0,0.0,11.0,2.0,0.0,0.0
2017-18,11137,Arjen Robben,0,5.0,5.0,21.0,19.0,0.0,0.0
2017-18,231178,Arne Maier,0,0.0,1.0,17.0,14.0,0.0,0.0
2017-18,183097,Aron Johannsson,0,1.0,0.0,12.0,2.0,0.0,0.0
2017-18,102198,Arturo Vidal,0,6.0,2.0,22.0,17.0,0.0,0.0
2017-18,249110,Aymen Barkok,0,0.0,1.0,9.0,2.0,0.0,0.0
2017-18,174508,Baba Rahman,0,0.0,0.0,1.0,0.0,0.0,0.0
2017-18,238542,Bakery Jatta,0,0.0,1.0,10.0,3.0,0.0,0.0
2017-18,226109,Bartosz Kapustka,0,1.0,0.0,7.0,3.0,0.0,0.0
2017-18,121015,Bastian Oczipka,0,0.0,1.0,29.0,26.0,0.0,0.0
2017-18,220711,Benjamin Henrichs,0,0.0,1.0,23.0,11.0,0.0,0.0
2017-18,122411,Benjamin Hübner,0,3.0,2.0,27.0,27.0,0.0,0.0
2017-18,215378,Benjamin Pavard,0,1.0,0.0,34.0,34.0,0.0,0.0
2017-18,144280,Benjamin Stambouli,0,0.0,2.0,28.0,24.0,0.0,0.0
2017-18,191017,Benno Schmitz,0,0.0,0.0,2.0,1.0,0.0,0.0
2017-18,241168,Berkay Özcan,0,1.0,2.0,17.0,11.0,0.0,0.0
2017-18,238255,Bernard Tekpetey,0,0.0,0.0,0.0,0.0,0.0,0.0
2017-18,218980,Bernardo,0,1.0,1.0,18.0,15.0,0.0,0.0
2017-18,153765,Bernd Leno,0,0.0,0.0,33.0,33.0,0.0,0.0
2017-18,163112,Bjarne Thoelke,0,0.0,0.0,0.0,0.0,0.0,0.0
2017-18,155529,Bobby Wood,0,2.0,0.0,24.0,18.0,0.0,0.0
2017-18,256614,Brady Scott,0,0.0,0.0,0.0,0.0,0.0,0.0
2017-18,174506,Branimir Hrgota,0,0.0,0.0,6.0,2.0,0.0,0.0
2017-18,202099,Breel Embolo,0,3.0,0.0,21.0,9.0,0.0,0.0
2017-18,183640,Bruma,0,4.0,2.0,28.0,16.0,0.0,0.0
2017-18,94230,Caiuby ,0,5.0,7.0,33.0,32.0,0.0,0.0
2017-18,187783,Caleb Stanko,0,0.0,0.0,6.0,1.0,0.0,0.0
2017-18,192477,Carlos Mané,0,0.0,0.0,0.0,0.0,0.0,0.0
2017-18,184299,Carlos Salcedo,0,0.0,0.0,20.0,17.0,0.0,0.0
2017-18,213499,Cedric Teuchert,0,0.0,0.0,4.0,0.0,0.0,0.0
2017-18,217526,Chadrac Akolo,0,5.0,0.0,22.0,13.0,0.0,0.0
2017-18,76778,Charles Aránguiz,0,1.0,3.0,27.0,27.0,0.0,0.0
2017-18,122797,Charlison Benschop,0,1.0,0.0,7.0,2.0,0.0,0.0
2017-18,270295,Chima Sean Okoroji,0,0.0,0.0,0.0,0.0,0.0,0.0
2017-18,268951,Chris Führich,0,0.0,0.0,2.0,1.0,0.0,0.0
2017-18,136800,Christian Clemens,0,1.0,0.0,14.0,6.0,0.0,0.0
2017-18,259054,Christian Früchtl,0,0.0,0.0,0.0,0.0,0.0,0.0
2017-18,84755,Christian Gentner,0,2.0,1.0,27.0,27.0,0.0,0.0
2017-18,174618,Christian Günter,0,1.0,3.0,34.0,34.0,0.0,0.0
2017-18,186390,Christian Mathenia,0,0.0,0.0,24.0,24.0,0.0,0.0
2017-18,225607,Christian Pulisic,0,4.0,5.0,32.0,27.0,0.0,0.0
2017-18,69165,Christofer Heimeroth,0,0.0,0.0,0.0,0.0,0.0,0.0
2017-18,41786,Christoph Janker,0,0.0,0.0,5.0,0.0,0.0,0.0
2017-18,160055,Christoph Kramer,0,3.0,0.0,27.0,26.0,0.0,0.0
2017-18,12682,Claudio Pizarro,0,1.0,1.0,16.0,5.0,0.0,0.0
2017-18,192060,Corentin Tolisso,0,6.0,4.0,26.0,17.0,0.0,0.0
2017-18,219362,Daichi Kamada,0,0.0,0.0,3.0,2.0,0.0,0.0
2017-18,258870,Dan-Axel Zagadou,0,1.0,0.0,11.0,6.0,0.0,0.0
2017-18,102335,Daniel Baier,0,0.0,2.0,29.0,29.0,0.0,0.0
2017-18,112984,Daniel Brosinski,0,1.0,5.0,29.0,28.0,0.0,0.0
2017-18,142404,Daniel Caligiuri,0,6.0,10.0,33.0,32.0,0.0,0.0
2017-18,131468,Daniel Didavi,0,9.0,5.0,30.0,26.0,0.0,0.0
2017-18,142230,Daniel Ginczek,0,7.0,0.0,23.0,17.0,0.0,0.0
2017-18,113751,Daniel Opare,0,0.0,0.0,17.0,17.0,0.0,0.0
2017-18,148917,Danny Blum,0,1.0,0.0,2.0,0.0,0.0,0.0
2017-18,121011,Danny Latza,0,2.0,1.0,29.0,27.0,0.0,0.0
2017-18,154603,Danny da Costa,0,1.0,2.0,17.0,13.0,0.0,0.0
2017-18,42904,David Abraham,0,0.0,2.0,27.0,27.0,0.0,0.0
2017-18,118444,David Alaba,0,2.0,2.0,23.0,17.0,0.0,0.0
2017-18,268789,David Otto,0,0.0,0.0,0.0,0.0,0.0,0.0
2017-18,196032,Davie Selke,0,10.0,0.0,27.0,19.0,0.0,0.0
2017-18,222793,Dayot Upamecano,0,3.0,0.0,28.0,25.0,0.0,0.0
2017-18,256716,Deji-Ousman Beyreuther,0,0.0,0.0,0.0,0.0,0.0,0.0
2017-18,222628,Denis Zakaria,0,2.0,1.0,30.0,29.0,0.0,0.0
2017-18,45924,Dennis Aogo,0,0.0,6.0,29.0,22.0,0.0,0.0
2017-18,121008,Dennis Diekmeier,0,0.0,3.0,22.0,22.0,0.0,0.0
2017-18,221466,Dennis Geiger,0,2.0,1.0,21.0,20.0,0.0,0.0
2017-18,266178,Dennis Smarsch,0,0.0,0.0,0.0,0.0,0.0,0.0
2017-18,154407,Diego Demme,0,0.0,3.0,30.0,25.0,0.0,0.0
2017-18,182033,Divock Origi,0,6.0,2.0,31.0,22.0,0.0,0.0
2017-18,128684,Dominic Maroh,0,0.0,0.0,11.0,10.0,0.0,0.0
2017-18,208246,Dominik Franke,0,0.0,0.0,0.0,0.0,0.0,0.0
2017-18,151535,Dominik Kaiser,0,0.0,0.0,10.0,3.0,0.0,0.0
2017-18,172997,Dominik Kohr,0,1.0,1.0,28.0,18.0,0.0,0.0
2017-18,218716,Dominik Reimann,0,0.0,0.0,0.0,0.0,0.0,0.0
2017-18,167683,Dominique Heintz,0,1.0,0.0,31.0,31.0,0.0,0.0
2017-18,186575,Douglas Santos,0,1.0,1.0,27.0,26.0,0.0,0.0
2017-18,225571,Dzenis Burnic,0,0.0,0.0,6.0,3.0,0.0,0.0
2017-18,136627,Edgar Prib,0,0.0,0.0,0.0,0.0,0.0,0.0
2017-18,271737,Efkan Bekiroglu,0,0.0,0.0,0.0,0.0,0.0,0.0
2017-18,259055,Elvis Rexhbecaj,0,0.0,0.0,4.0,1.0,0.0,0.0
2017-18,216170,Emil Berggreen,0,4.0,2.0,14.0,6.0,0.0,0.0
2017-18,148641,Emil Forsberg,0,2.0,2.0,21.0,15.0,0.0,0.0
2017-18,95818,Emiliano Insúa,0,0.0,2.0,25.0,24.0,0.0,0.0
2017-18,190480,Erik Durm,0,0.0,0.0,0.0,0.0,0.0,0.0
2017-18,199926,Erik Thommy,0,2.0,4.0,20.0,16.0,0.0,0.0
2017-18,153319,Ermin Bicakcic,0,0.0,0.0,9.0,7.0,0.0,0.0
2017-18,84650,Eugen Polanski,0,0.0,1.0,9.0,2.0,0.0,0.0
2017-18,222697,Fabian Benko,0,0.0,0.0,0.0,0.0,0.0,0.0
2017-18,116008,Fabian Giefer,0,0.0,0.0,0.0,0.0,0.0,0.0
2017-18,89451,Fabian Johnson,0,1.0,0.0,10.0,5.0,0.0,0.0
2017-18,104982,Fabian Lustenberger,0,0.0,0.0,23.0,18.0,0.0,0.0
2017-18,158157,Fabio Coltorti,0,0.0,0.0,0.0,0.0,0.0,0.0
2017-18,119200,Felipe,0,0.0,0.0,6.0,6.0,0.0,0.0
2017-18,245940,Felix Götze,0,0.0,0.0,0.0,0.0,0.0,0.0
2017-18,153489,Felix Klaus,0,4.0,2.0,28.0,25.0,0.0,0.0
2017-18,225573,Felix Passlack,0,0.0,0.0,3.0,1.0,0.0,0.0
2017-18,233499,Felix Uduokhai,0,1.0,0.0,19.0,17.0,0.0,0.0
2017-18,174496,Filip Kostic,0,5.0,1.0,30.0,27.0,0.0,0.0
2017-18,268950,Filip Kusic,0,0.0,0.0,1.0,0.0,0.0,0.0
2017-18,102237,Fin Bartels,0,2.0,3.0,14.0,14.0,0.0,0.0
2017-18,228507,Finn Dahmen,0,0.0,0.0,0.0,0.0,0.0,0.0
2017-18,231191,Florian Baak,0,0.0,0.0,0.0,0.0,0.0,0.0
2017-18,219304,Florian Grillitsch,0,1.0,2.0,25.0,21.0,0.0,0.0
2017-18,189792,Florian Hubner,0,0.0,0.0,9.0,4.0,0.0,0.0
2017-18,151464,Florian Kainz,0,3.0,3.0,30.0,19.0,0.0,0.0
2017-18,216862,Florian Kath,0,1.0,0.0,24.0,3.0,0.0,0.0
2017-18,269581,Florian Mayer,0,0.0,0.0,1.0,0.0,0.0,0.0
2017-18,122292,Florian Müller,0,0.0,0.0,5.0,5.0,0.0,0.0
2017-18,162096,Florian Niederlechner,0,2.0,0.0,10.0,9.0,0.0,0.0
2017-18,259129,Franck Evina,0,0.0,0.0,2.0,2.0,0.0,0.0
2017-18,42968,Franck Ribéry,0,5.0,1.0,20.0,15.0,0.0,0.0
2017-18,116366,Franco Di Santo,0,3.0,1.0,30.0,22.0,0.0,0.0
2017-18,153382,Frederik Sörensen,0,2.0,1.0,28.0,24.0,0.0,0.0
2017-18,236118,Fynn Arkenberg,0,0.0,0.0,0.0,0.0,0.0,0.0
2017-18,150316,Gaëtan Bussmann,0,0.0,0.0,0.0,0.0,0.0,0.0
2017-18,87480,Gelson Fernandes,0,0.0,0.0,19.0,12.0,0.0,0.0
2017-18,131098,Georg Niedermeier,0,0.0,0.0,0.0,0.0,0.0,0.0
2017-18,218779,Gerrit Holtmann,0,2.0,1.0,17.0,10.0,0.0,0.0
2017-18,231183,Gian-Luca Itter,0,0.0,0.0,5.0,5.0,0.0,0.0
2017-18,206580,Gideon Jung,0,1.0,1.0,30.0,29.0,0.0,0.0
2017-18,143517,Giulio Donati,0,0.0,3.0,29.0,26.0,0.0,0.0
2017-18,114897,Gojko Kacar,0,1.0,0.0,6.0,3.0,0.0,0.0
2017-18,52644,Gonzalo Castro,0,0.0,2.0,19.0,16.0,0.0,0.0
2017-18,169584,Gotoku Sakai,0,0.0,0.0,28.0,26.0,0.0,0.0
2017-18,238544,Gregor Kobel,0,0.0,0.0,0.0,0.0,0.0,0.0
2017-18,136963,Guido Burgstaller,0,11.0,4.0,32.0,24.0,0.0,0.0
2017-18,123466,Holger Badstuber,0,2.0,0.0,27.0,24.0,0.0,0.0
2017-18,102643,Håvard Nordtveit,0,0.0,0.0,15.0,10.0,0.0,0.0
2017-18,251634,Ibrahima Konaté,0,0.0,0.0,16.0,14.0,0.0,0.0
2017-18,103178,Ibrahima Traoré,0,0.0,0.0,7.0,1.0,0.0,0.0
2017-18,115020,Ignacio Camacho,0,0.0,0.0,11.0,11.0,0.0,0.0
2017-18,189541,Ihlas Bebou,0,5.0,2.0,30.0,20.0,0.0,0.0
2017-18,139672,Ishak Belfodil,0,4.0,1.0,26.0,13.0,0.0,0.0
2017-18,268796,Ismail Jakobs,0,0.0,0.0,0.0,0.0,0.0,0.0
2017-18,186078,Iver Fossum,0,1.0,1.0,19.0,13.0,0.0,0.0
2017-18,115903,Ja-Cheol Koo,0,2.0,0.0,28.0,23.0,0.0,0.0
2017-18,233073,Jacob Bruun Larsen,0,0.0,0.0,5.0,1.0,0.0,0.0
2017-18,259836,Jadon Sancho,0,1.0,4.0,12.0,7.0,0.0,0.0
2017-18,102200,Jakub Blaszczykowski,0,1.0,0.0,9.0,6.0,0.0,0.0
2017-18,82816,James Rodríguez,0,7.0,11.0,23.0,19.0,0.0,0.0
2017-18,135805,Jan Morávek,0,0.0,0.0,16.0,7.0,0.0,0.0
2017-18,85449,Jan Zimmermann,0,0.0,0.0,0.0,0.0,0.0,0.0
2017-18,170604,Janik Haberer,0,3.0,4.0,33.0,31.0,0.0,0.0
2017-18,261164,Jann-Fiete Arp,0,2.0,0.0,18.0,8.0,0.0,0.0
2017-18,231866,Jannes Horn,0,0.0,0.0,11.0,10.0,0.0,0.0
2017-18,155211,Jannik Vestergaard,0,3.0,0.0,32.0,32.0,0.0,0.0
2017-18,94067,Jaroslav Drobný,0,0.0,0.0,0.0,0.0,0.0,0.0
2017-18,85298,Javi Martínez,0,1.0,2.0,22.0,18.0,0.0,0.0
2017-18,212790,Jean-Kévin Augustin,0,9.0,5.0,25.0,14.0,0.0,0.0
2017-18,186151,Jean-Philippe Gbamin,0,1.0,3.0,30.0,29.0,0.0,0.0
2017-18,140073,Jeffrey Bruma,0,0.0,0.0,11.0,11.0,0.0,0.0
2017-18,140624,Jeffrey Gouweleeuw,0,0.0,0.0,27.0,27.0,0.0,0.0
2017-18,122396,Jens Grahl,0,0.0,0.0,0.0,0.0,0.0,0.0
2017-18,186024,Jeremy Toljan,0,1.0,2.0,18.0,15.0,0.0,0.0
2017-18,123384,Jerome Gondorf,0,1.0,1.0,21.0,7.0,0.0,0.0
2017-18,261316,Jesper Verlaat,0,0.0,0.0,0.0,0.0,0.0,0.0
2017-18,154521,Jetro Willems,0,0.0,2.0,23.0,19.0,0.0,0.0
2017-18,176058,Jhon Córdoba,0,0.0,2.0,18.0,9.0,0.0,0.0
2017-18,212928,Jirí Pavlenka,0,0.0,0.0,34.0,34.0,0.0,0.0
2017-18,152580,Joannis Gelios,0,0.0,0.0,0.0,0.0,0.0,0.0
2017-18,258913,Joao Queirós,0,0.0,0.0,0.0,0.0,0.0,0.0
2017-18,175176,Joel Pohjanpalo,0,1.0,0.0,7.0,0.0,0.0,0.0
2017-18,268793,Johannes Bühler,0,0.0,0.0,0.0,0.0,0.0,0.0
2017-18,225580,Johannes Eggestein,0,0.0,0.0,7.0,0.0,0.0,0.0
2017-18,39386,John Brooks,0,0.0,0.0,9.0,9.0,0.0,0.0
2017-18,259113,Jonas Behounek,0,0.0,0.0,0.0,0.0,0.0,0.0
2017-18,171702,Jonas Hector,0,2.0,2.0,20.0,20.0,0.0,0.0
2017-18,174617,Jonas Hofmann,0,0.0,3.0,23.0,12.0,0.0,0.0
2017-18,180819,Jonas Meffert,0,0.0,0.0,0.0,0.0,0.0,0.0
2017-18,245085,Jonathan Klinsmann,0,0.0,0.0,0.0,0.0,0.0,0.0
2017-18,273476,Jonathan Meier,0,0.0,0.0,0.0,0.0,0.0,0.0
2017-18,153290,Jonathan Schmid,0,0.0,0.0,25.0,15.0,0.0,0.0
2017-18,188052,Jonathan Tah,0,0.0,2.0,29.0,28.0,0.0,0.0
2017-18,69579,Jonathan de Guzmán,0,0.0,3.0,16.0,12.0,0.0,0.0
2017-18,142490,Jonathas,0,3.0,3.0,12.0,7.0,0.0,0.0
2017-18,271218,Jordan Beyer,0,0.0,0.0,0.0,0.0,0.0,0.0
2017-18,251061,Jordan Torunarigha,0,1.0,0.0,12.0,7.0,0.0,0.0
2017-18,211912,Jorge Meré,0,1.0,1.0,22.0,21.0,0.0,0.0
2017-18,266839,Josha Vagnoman,0,0.0,0.0,1.0,0.0,0.0,0.0
2017-18,190161,Joshua Kimmich,0,1.0,10.0,29.0,26.0,0.0,0.0
2017-18,228321,Josip Brekalo,0,4.0,2.0,27.0,17.0,0.0,0.0
2017-18,144859,Josip Drmic,0,4.0,1.0,13.0,4.0,0.0,0.0
2017-18,190354,Josip Elez,0,0.0,0.0,11.0,9.0,0.0,0.0
2017-18,130113,Josuha Guilavogui,0,3.0,2.0,29.0,27.0,0.0,0.0
2017-18,164194,Juan Bernat,0,0.0,2.0,11.0,11.0,0.0,0.0
2017-18,115123,Julian Baumgartlinger,0,1.0,0.0,22.0,17.0,0.0,0.0
2017-18,197628,Julian Brandt,0,9.0,3.0,34.0,26.0,0.0,0.0
2017-18,160026,Julian Korb,0,1.0,1.0,28.0,28.0,0.0,0.0
2017-18,184794,Julian Pollersbeck,0,0.0,0.0,10.0,10.0,0.0,0.0
2017-18,129840,Julian Schieber,0,0.0,0.0,3.0,0.0,0.0,0.0
2017-18,111889,Julian Schuster,0,0.0,0.0,18.0,16.0,0.0,0.0
2017-18,200192,Julian Weigl,0,1.0,0.0,25.0,20.0,0.0,0.0
2017-18,228569,Julio Villalba,0,0.0,0.0,1.0,0.0,0.0,0.0
2017-18,248886,Julius Kade,0,0.0,0.0,0.0,0.0,0.0,0.0
2017-18,137143,Justin Eilers,0,0.0,0.0,0.0,0.0,0.0,0.0
2017-18,268830,Justin Hoffmans,0,0.0,0.0,0.0,0.0,0.0,0.0
2017-18,234375,Justin Hoogma,0,0.0,0.0,0.0,0.0,0.0,0.0
2017-18,249147,Justin Möbius,0,0.0,0.0,0.0,0.0,0.0,0.0
2017-18,95290,Jérôme Boateng,0,1.0,2.0,19.0,19.0,0.0,0.0
2017-18,231182,Kai Havertz,0,3.0,8.0,30.0,22.0,0.0,0.0
2017-18,137148,Karim Bellarabi,0,1.0,3.0,24.0,13.0,0.0,0.0
2017-18,164632,Karim Guédé,0,0.0,0.0,2.0,1.0,0.0,0.0
2017-18,224309,Karim Onisiwo,0,0.0,0.0,8.0,2.0,0.0,0.0
2017-18,163961,Karim Rekik,0,2.0,2.0,26.0,26.0,0.0,0.0
2017-18,188057,Kenan Karaman,0,1.0,0.0,22.0,8.0,0.0,0.0
2017-18,188053,Kerem Demirbay,0,2.0,2.0,19.0,13.0,0.0,0.0
2017-18,177652,Kevin Akpoguma,0,0.0,1.0,22.0,17.0,0.0,0.0
2017-18,250543,Kevin Danso,0,2.0,0.0,16.0,13.0,0.0,0.0
2017-18,269064,Kevin Goden,0,0.0,0.0,0.0,0.0,0.0,0.0
2017-18,141055,Kevin Kampl,0,1.0,3.0,27.0,22.0,0.0,0.0
2017-18,132973,Kevin Vogt,0,0.0,1.0,31.0,31.0,0.0,0.0
2017-18,149558,Kevin Volland,0,14.0,2.0,31.0,30.0,0.0,0.0
2017-18,66880,Kevin-Prince Boateng,0,6.0,1.0,31.0,27.0,0.0,0.0
2017-18,248838,Killian Jakob,0,0.0,0.0,1.0,1.0,0.0,0.0
2017-18,184012,Kingsley Coman,0,3.0,3.0,21.0,10.0,0.0,0.0
2017-18,140079,Koen Casteels,0,0.0,0.0,34.0,34.0,0.0,0.0
2017-18,169189,Konrad Laimer,0,0.0,2.0,22.0,14.0,0.0,0.0
2017-18,185801,Kwasi Wriedt,0,0.0,0.0,1.0,0.0,0.0,0.0
2017-18,112544,Kyriakos Papadopoulos,0,1.0,1.0,29.0,29.0,0.0,0.0
2017-18,238804,Landry Dimata,0,0.0,1.0,21.0,9.0,0.0,0.0
2017-18,115119,Lars Bender,0,2.0,4.0,21.0,20.0,0.0,0.0
2017-18,253675,Lars Ritzka,0,0.0,0.0,0.0,0.0,0.0,0.0
2017-18,117278,Lars Stindl,0,6.0,3.0,31.0,31.0,0.0,0.0
2017-18,255896,Leo Weinkauf,0,0.0,0.0,0.0,0.0,0.0,0.0
2017-18,224809,Leon Bailey,0,9.0,6.0,30.0,25.0,0.0,0.0
2017-18,121550,Leon Balogun,0,0.0,0.0,14.0,14.0,0.0,0.0
2017-18,238537,Leon Bätge,0,0.0,0.0,0.0,0.0,0.0,0.0
2017-18,174550,Leon Goretzka,0,4.0,2.0,26.0,21.0,0.0,0.0
2017-18,157560,Leonardo Bittencourt,0,5.0,3.0,22.0,17.0,0.0,0.0
2017-18,188058,Levin Öztunali,0,0.0,4.0,25.0,21.0,0.0,0.0
2017-18,122289,Lewis Holtby,0,6.0,0.0,16.0,13.0,0.0,0.0
2017-18,231173,Linton Maina,0,0.0,1.0,2.0,0.0,0.0,0.0
2017-18,132063,Luca Caldirola,0,0.0,0.0,1.0,1.0,0.0,0.0
2017-18,261584,Luca Plogmann,0,0.0,0.0,0.0,0.0,0.0,0.0
2017-18,191352,Luca Waldschmidt,0,1.0,0.0,21.0,5.0,0.0,0.0
2017-18,158918,Lucas Alario,0,9.0,4.0,23.0,17.0,0.0,0.0
2017-18,238525,Lucas Höler,0,1.0,0.0,14.0,12.0,0.0,0.0
2017-18,192475,Ludwig Augustinsson,0,1.0,0.0,29.0,29.0,0.0,0.0
2017-18,221332,Luka Jovic,0,8.0,1.0,22.0,9.0,0.0,0.0
2017-18,134169,Lukas Hradecky,0,0.0,0.0,34.0,34.0,0.0,0.0
2017-18,201803,Lukas Klostermann,0,1.0,0.0,26.0,25.0,0.0,0.0
2017-18,223933,Lukas Klünter,0,1.0,0.0,19.0,14.0,0.0,0.0
2017-18,171701,Lukas Kübler,0,0.0,0.0,15.0,13.0,0.0,0.0
2017-18,259126,Lukas Mai,0,0.0,0.0,2.0,2.0,0.0,0.0
2017-18,139948,Lukas Rupp,0,3.0,2.0,21.0,15.0,0.0,0.0
2017-18,100957,Lukasz Piszczek,0,0.0,3.0,24.0,24.0,0.0,0.0
2017-18,221047,László Bénes,0,0.0,0.0,2.0,0.0,0.0,0.0
2017-18,191098,Mahmoud Dahoud,0,0.0,4.0,23.0,11.0,0.0,0.0
2017-18,114598,Makoto Hasebe,0,0.0,0.0,24.0,23.0,0.0,0.0
2017-18,225554,Mamadou Doucouré,0,0.0,0.0,0.0,0.0,0.0,0.0
2017-18,194109,Mandela Egbo,0,0.0,0.0,1.0,0.0,0.0,0.0
2017-18,214562,Manuel Akanji,0,0.0,0.0,11.0,10.0,0.0,0.0
2017-18,136810,Manuel Gulde,0,1.0,0.0,17.0,17.0,0.0,0.0
2017-18,84774,Manuel Neuer,0,0.0,0.0,3.0,3.0,0.0,0.0
2017-18,134928,Manuel Schmiedebach,0,0.0,0.0,6.0,2.0,0.0,0.0
2017-18,231174,Manuel Wintzheimer,0,0.0,0.0,0.0,0.0,0.0,0.0
2017-18,175888,Marc Stendera,0,0.0,0.0,7.0,5.0,0.0,0.0
2017-18,175887,Marc-Oliver Kempf,0,0.0,1.0,12.0,11.0,0.0,0.0
2017-18,268921,Marcel Benger,0,0.0,0.0,1.0,0.0,0.0,0.0
2017-18,181287,Marcel Halstenberg,0,2.0,2.0,15.0,14.0,0.0,0.0
2017-18,93700,Marcel Heller,0,0.0,1.0,24.0,14.0,0.0,0.0
2017-18,110929,Marcel Risse,0,1.0,3.0,16.0,13.0,0.0,0.0
2017-18,173907,Marcel Sabitzer,0,3.0,5.0,22.0,21.0,0.0,0.0
2017-18,121536,Marcel Schmelzer,0,0.0,0.0,18.0,17.0,0.0,0.0
2017-18,191942,Marcel Tisserand,0,0.0,1.0,16.0,14.0,0.0,0.0
2017-18,154394,Marcin Kaminski,0,0.0,0.0,23.0,12.0,0.0,0.0
2017-18,120884,Marco Fabián,0,1.0,0.0,7.0,3.0,0.0,0.0
2017-18,232477,Marco Friedl,0,0.0,0.0,10.0,6.0,0.0,0.0
2017-18,143413,Marco Höger,0,0.0,0.0,23.0,20.0,0.0,0.0
2017-18,122356,Marco Reus,0,7.0,0.0,11.0,11.0,0.0,0.0
2017-18,259053,Marco Richter,0,1.0,0.0,12.0,6.0,0.0,0.0
2017-18,84780,Marco Russ,0,1.0,0.0,19.0,12.0,0.0,0.0
2017-18,123712,Marco Terrazzino,0,0.0,1.0,24.0,19.0,0.0,0.0
2017-18,259458,Marijan Cavar,0,0.0,0.0,1.0,0.0,0.0,0.0
2017-18,228328,Marin Sverko,0,0.0,0.0,0.0,0.0,0.0,0.0
2017-18,42015,Mario Gómez,0,9.0,3.0,28.0,27.0,0.0,0.0
2017-18,143020,Mario Götze,0,2.0,3.0,23.0,19.0,0.0,0.0
2017-18,207623,Marius Wolf,0,5.0,8.0,28.0,27.0,0.0,0.0
2017-18,149391,Mark Uth,0,14.0,8.0,31.0,24.0,0.0,0.0
2017-18,187956,Marko Pjaca,0,2.0,0.0,7.0,3.0,0.0,0.0
2017-18,220709,Marlon Frey,0,0.0,0.0,0.0,0.0,0.0,0.0
2017-18,271602,Marlon Sündermann,0,0.0,0.0,0.0,0.0,0.0,0.0
2017-18,86148,Martin Harnik,0,9.0,2.0,30.0,21.0,0.0,0.0
2017-18,151693,Martin Hinteregger,0,0.0,0.0,30.0,29.0,0.0,0.0
2017-18,137186,Marvin Bakalorz,0,0.0,1.0,28.0,23.0,0.0,0.0
2017-18,152774,Marvin Plattenhardt,0,0.0,7.0,33.0,33.0,0.0,0.0
2017-18,125465,Marwin Hitz,0,0.0,0.0,32.0,32.0,0.0,0.0
2017-18,140994,Mathew Leckie,0,5.0,1.0,26.0,19.0,0.0,0.0
2017-18,151765,Matija Nastasic,0,0.0,0.0,24.0,22.0,0.0,0.0
2017-18,84627,Mats Hummels,0,1.0,1.0,26.0,25.0,0.0,0.0
2017-18,225574,Mats Köhlert,0,0.0,0.0,0.0,0.0,0.0,0.0
2017-18,170209,Matthias Ginter,0,5.0,2.0,34.0,34.0,0.0,0.0
2017-18,84696,Matthias Lehmann,0,0.0,0.0,20.0,17.0,0.0,0.0
2017-18,154545,Matthias Ostrzolek,0,0.0,1.0,27.0,27.0,0.0,0.0
2017-18,34107,Matthias Zimmermann,0,0.0,0.0,3.0,1.0,0.0,0.0
2017-18,270565,Maurice Covic,0,0.0,0.0,0.0,0.0,0.0,0.0
2017-18,265927,Maurice Malone,0,0.0,0.0,0.0,0.0,0.0,0.0
2017-18,138465,Max Grün,0,0.0,0.0,0.0,0.0,0.0,0.0
2017-18,110846,Max Kruse,0,6.0,6.0,29.0,28.0,0.0,0.0
2017-18,180143,Max Meyer,0,0.0,0.0,24.0,21.0,0.0,0.0
2017-18,169037,Maximilian Arnold,0,2.0,0.0,29.0,28.0,0.0,0.0
2017-18,214203,Maximilian Eggestein,0,2.0,3.0,33.0,31.0,0.0,0.0
2017-18,216225,Maximilian Mittelstädt,0,0.0,0.0,11.0,5.0,0.0,0.0
2017-18,202802,Maximilian Philipp,0,9.0,1.0,20.0,15.0,0.0,0.0
2017-18,268791,Maximilian Waack,0,0.0,0.0,0.0,0.0,0.0,0.0
2017-18,228508,Meris Skenderovic,0,0.0,0.0,0.0,0.0,0.0,0.0
2017-18,269463,Meritan Shabani,0,0.0,0.0,1.0,1.0,0.0,0.0
2017-18,259114,Mete Demir,0,0.0,0.0,0.0,0.0,0.0,0.0
2017-18,149046,Michael Esser,0,0.0,0.0,3.0,3.0,0.0,0.0
2017-18,146804,Michael Gregoritsch,0,13.0,2.0,32.0,30.0,0.0,0.0
2017-18,85917,Michael Langer,0,0.0,0.0,0.0,0.0,0.0,0.0
2017-18,184550,Michael Zetterer,0,0.0,0.0,0.0,0.0,0.0,0.0
2017-18,258871,Michaël Cuisance,0,0.0,1.0,24.0,9.0,0.0,0.0
2017-18,156479,Michy Batshuayi,0,7.0,1.0,10.0,9.0,0.0,0.0
2017-18,134000,Miiko Albornoz,0,0.0,2.0,10.0,7.0,0.0,0.0
2017-18,192943,Mijat Gacinovic,0,1.0,3.0,29.0,22.0,0.0,0.0
2017-18,128937,Mike Frantz,0,0.0,1.0,15.0,12.0,0.0,0.0
2017-18,178607,Milos Jojic,0,2.0,5.0,25.0,17.0,0.0,0.0
2017-18,228628,Milos Pantovic,0,0.0,0.0,0.0,0.0,0.0,0.0
2017-18,197342,Milos Veljkovic,0,1.0,0.0,30.0,30.0,0.0,0.0
2017-18,220705,Milot Rashica,0,1.0,0.0,9.0,5.0,0.0,0.0
2017-18,159139,Mitchell Weiser,0,1.0,2.0,24.0,23.0,0.0,0.0
2017-18,195261,Mohamed Drager,0,0.0,0.0,2.0,0.0,0.0,0.0
2017-18,214048,Mohamed Gouaida,0,0.0,0.0,1.0,1.0,0.0,0.0
2017-18,238536,Moritz Nicolas,0,0.0,0.0,0.0,0.0,0.0,0.0
2017-18,102329,Mërgim Mavraj,0,0.0,0.0,17.0,17.0,0.0,0.0
2017-18,179187,Nabil Bentaleb,0,4.0,3.0,16.0,12.0,0.0,0.0
2017-18,196567,Naby Keïta,0,6.0,5.0,27.0,23.0,0.0,0.0
2017-18,210818,Nadiem Amiri,0,2.0,3.0,28.0,19.0,0.0,0.0
2017-18,69391,Naldo,0,7.0,2.0,34.0,34.0,0.0,0.0
2017-18,259052,Nelson Mandela Mbouhom,0,0.0,0.0,0.0,0.0,0.0,0.0
2017-18,170257,Niclas Füllkrug,0,14.0,3.0,34.0,26.0,0.0,0.0
2017-18,273259,Niclas Stierlin,0,0.0,0.0,0.0,0.0,0.0,0.0
2017-18,212237,Nico Elvedi,0,2.0,2.0,33.0,33.0,0.0,0.0
2017-18,149394,Nico Schulz,0,1.0,2.0,27.0,19.0,0.0,0.0
2017-18,122394,Nicolai Müller,0,1.0,0.0,2.0,1.0,0.0,0.0
2017-18,149570,Nicolas Höfler,0,1.0,3.0,27.0,24.0,0.0,0.0
2017-18,262050,Nicolas Sessa,0,0.0,0.0,0.0,0.0,0.0,0.0
2017-18,268794,Nicolas Wähling,0,0.0,0.0,0.0,0.0,0.0,0.0
2017-18,26254,Nigel de Jong,0,0.0,0.0,11.0,10.0,0.0,0.0
2017-18,231190,Niklas Beste,0,0.0,0.0,0.0,0.0,0.0,0.0
2017-18,225567,Niklas Dorsch,0,1.0,0.0,1.0,1.0,0.0,0.0
2017-18,175069,Niklas Lomb,0,0.0,0.0,0.0,0.0,0.0,0.0
2017-18,35887,Niklas Moisander,0,2.0,0.0,25.0,25.0,0.0,0.0
2017-18,225565,Niklas Schmidt,0,0.0,0.0,0.0,0.0,0.0,0.0
2017-18,186026,Niklas Stark,0,1.0,1.0,27.0,26.0,0.0,0.0
2017-18,186263,Niklas Süle,0,2.0,1.0,27.0,20.0,0.0,0.0
2017-18,48678,Niko Bungert,0,0.0,0.0,0.0,0.0,0.0,0.0
2017-18,259878,Nikolas Nartey,0,0.0,0.0,1.0,0.0,0.0,0.0
2017-18,109312,Nils Petersen,0,15.0,1.0,32.0,24.0,0.0,0.0
2017-18,235687,Noah Joel Sarenren-Bazee,0,0.0,0.0,7.0,0.0,0.0,0.0
2017-18,254193,Noel Knothe,0,0.0,0.0,0.0,0.0,0.0,0.0
2017-18,84643,Nuri Sahin,0,2.0,2.0,18.0,14.0,0.0,0.0
2017-18,268953,Ole Käuper,0,0.0,0.0,1.0,1.0,0.0,0.0
2017-18,138213,Oliver Baumann,0,0.0,0.0,34.0,34.0,0.0,0.0
2017-18,170193,Oliver Sorg,0,0.0,1.0,22.0,20.0,0.0,0.0
2017-18,174966,Omar Mascarell,0,1.0,0.0,9.0,8.0,0.0,0.0
2017-18,206072,Ondrej Duda,0,1.0,0.0,17.0,9.0,0.0,0.0
2017-18,228424,Orel Mangala,0,0.0,0.0,20.0,7.0,0.0,0.0
2017-18,86526,Oscar Wendt,0,1.0,1.0,28.0,28.0,0.0,0.0
2017-18,180847,Pablo Insua,0,0.0,0.0,1.0,0.0,0.0,0.0
2017-18,119493,Pablo de Blasis,0,5.0,2.0,25.0,20.0,0.0,0.0
2017-18,255390,Pal Dardai,0,0.0,0.0,2.0,0.0,0.0,0.0
2017-18,233973,Panagiotis Retsos,0,1.0,3.0,24.0,18.0,0.0,0.0
2017-18,223266,Pascal Stenzel,0,1.0,0.0,25.0,21.0,0.0,0.0
2017-18,102228,Patric Klandt,0,0.0,0.0,0.0,0.0,0.0,0.0
2017-18,127259,Patrick Herrmann,0,0.0,1.0,23.0,12.0,0.0,0.0
2017-18,241263,Patrick Kammerbauer,0,0.0,0.0,0.0,0.0,0.0,0.0
2017-18,271606,Paul Jaeckel,0,0.0,0.0,3.0,3.0,0.0,0.0
2017-18,43990,Paul Verhaegh,0,2.0,2.0,31.0,30.0,0.0,0.0
2017-18,207401,Pavel Kaderábek,0,2.0,3.0,28.0,24.0,0.0,0.0
2017-18,192260,Pawel Olkowski,0,0.0,0.0,5.0,5.0,0.0,0.0
2017-18,69260,Per Skjelbred,0,0.0,0.0,28.0,24.0,0.0,0.0
2017-18,130849,Peter Pekarík,0,0.0,2.0,17.0,17.0,0.0,0.0
2017-18,121564,Philipp Bargfrede,0,1.0,1.0,27.0,23.0,0.0,0.0
2017-18,258875,Philipp Köhn,0,0.0,0.0,0.0,0.0,0.0,0.0
2017-18,219316,Philipp Lienhart,0,0.0,0.0,11.0,11.0,0.0,0.0
2017-18,200856,Philipp Max,0,2.0,12.0,33.0,33.0,0.0,0.0
2017-18,43498,Philipp Tschauner,0,0.0,0.0,31.0,31.0,0.0,0.0
2017-18,240485,Phillip Menzel,0,0.0,0.0,0.0,0.0,0.0,0.0
2017-18,84687,Pirmin Schwegler,0,0.0,6.0,29.0,27.0,0.0,0.0
2017-18,119620,Péter Gulácsi,0,0.0,0.0,33.0,33.0,0.0,0.0
2017-18,176676,Rafal Gikiewicz,0,0.0,0.0,2.0,1.0,0.0,0.0
2017-18,113841,Raffael,0,9.0,2.0,27.0,23.0,0.0,0.0
2017-18,69155,Rafinha,0,1.0,2.0,27.0,19.0,0.0,0.0
2017-18,94993,Ralf Fährmann,0,0.0,0.0,34.0,34.0,0.0,0.0
2017-18,121528,Ramazan Özcan,0,0.0,0.0,1.0,1.0,0.0,0.0
2017-18,159152,Rani Khedira,0,1.0,1.0,30.0,27.0,0.0,0.0
2017-18,188050,Raphael Framberger,0,0.0,0.0,9.0,7.0,0.0,0.0
2017-18,176228,Raphaël Guerreiro,0,1.0,1.0,9.0,6.0,0.0,0.0
2017-18,105233,Raúl Bobadilla,0,0.0,0.0,13.0,5.0,0.0,0.0
2017-18,210136,Reece Oxford,0,0.0,0.0,7.0,5.0,0.0,0.0
2017-18,231188,Renat Dadachov,0,0.0,0.0,0.0,0.0,0.0,0.0
2017-18,193462,Renato Steffen,0,0.0,0.0,16.0,6.0,0.0,0.0
2017-18,33998,René Adler,0,0.0,0.0,14.0,14.0,0.0,0.0
2017-18,229562,Rick Van Drongelen,0,0.0,0.0,18.0,16.0,0.0,0.0
2017-18,258963,Ridle Baku,0,2.0,0.0,3.0,3.0,0.0,0.0
2017-18,188411,Riechedly Bazoer,0,0.0,0.0,13.0,6.0,0.0,0.0
2017-18,205913,Robert Bauer,0,0.0,0.0,16.0,12.0,0.0,0.0
2017-18,125824,Robert Lewandowski,0,29.0,2.0,30.0,24.0,0.0,0.0
2017-18,150652,Robert Zulj,0,0.0,0.0,5.0,1.0,0.0,0.0
2017-18,258876,Robin Hack,0,1.0,0.0,3.0,1.0,0.0,0.0
2017-18,157466,Robin Knoche,0,1.0,2.0,24.0,24.0,0.0,0.0
2017-18,208285,Robin Koch,0,2.0,1.0,26.0,21.0,0.0,0.0
2017-18,183100,Robin Quaison,0,4.0,1.0,24.0,15.0,0.0,0.0
2017-18,206114,Robin Zentner,0,0.0,0.0,15.0,15.0,0.0,0.0
2017-18,175906,Roman Bürki,0,0.0,0.0,33.0,33.0,0.0,0.0
2017-18,84630,Roman Weidenfeller,0,0.0,0.0,2.0,1.0,0.0,0.0
2017-18,273477,Romario Rösch,0,0.0,0.0,0.0,0.0,0.0,0.0
2017-18,121007,Ron-Robert Zieler,0,0.0,0.0,34.0,34.0,0.0,0.0
2017-18,259128,Ron-Thorben Hofmann,0,0.0,0.0,0.0,0.0,0.0,0.0
2017-18,45622,Rune Jarstein,0,0.0,0.0,31.0,31.0,0.0,0.0
2017-18,259051,Sahverdi Cetin,0,0.0,0.0,0.0,0.0,0.0,0.0
2017-18,154557,Salif Sané,0,4.0,1.0,32.0,32.0,0.0,0.0
2017-18,225563,Salih Özcan,0,0.0,1.0,23.0,19.0,0.0,0.0
2017-18,39964,Salomon Kalou,0,12.0,3.0,31.0,27.0,0.0,0.0
2017-18,103491,Sandro Wagner,0,12.0,3.0,25.0,18.0,0.0,0.0
2017-18,233734,Santiago Ascacibar,0,0.0,1.0,29.0,27.0,0.0,0.0
2017-18,102336,Sascha Riether,0,0.0,0.0,0.0,0.0,0.0,0.0
2017-18,132690,Sebastian Jung,0,0.0,0.0,2.0,1.0,0.0,0.0
2017-18,104563,Sebastian Langkamp,0,0.0,0.0,21.0,16.0,0.0,0.0
2017-18,160051,Sebastian Maier,0,0.0,0.0,10.0,2.0,0.0,0.0
2017-18,122926,Sebastian Rode,0,0.0,0.0,0.0,0.0,0.0,0.0
2017-18,108592,Sebastian Rudy,0,1.0,4.0,25.0,16.0,0.0,0.0
2017-18,45500,Sejad Salihovic,0,1.0,0.0,10.0,4.0,0.0,0.0
2017-18,178980,Serge Gnabry,0,10.0,5.0,22.0,20.0,0.0,0.0
2017-18,202714,Sergio Córdova,0,2.0,0.0,26.0,3.0,0.0,0.0
2017-18,265993,Sergio Gómez,0,0.0,0.0,2.0,0.0,0.0,0.0
2017-18,186381,Serhou Guirassy,0,4.0,0.0,15.0,8.0,0.0,0.0
2017-18,174514,Shawn Parker,0,0.0,0.0,2.0,0.0,0.0,0.0
2017-18,102139,Shinji Kagawa,0,5.0,1.0,19.0,12.0,0.0,0.0
2017-18,271605,Simon Asta,0,0.0,0.0,1.0,0.0,0.0,0.0
2017-18,168956,Simon Falette,0,1.0,0.0,27.0,25.0,0.0,0.0
2017-18,102318,Simon Terodde,0,7.0,1.0,30.0,24.0,0.0,0.0
2017-18,153654,Simon Zoller,0,2.0,1.0,17.0,12.0,0.0,0.0
2017-18,210791,Sinan Kurt,0,0.0,0.0,0.0,0.0,0.0,0.0
2017-18,86377,Sokratis Papastathopoulos,0,2.0,0.0,30.0,28.0,0.0,0.0
2017-18,144620,Stefan Bell,0,1.0,0.0,25.0,24.0,0.0,0.0
2017-18,132628,Stefan Ilsanker,0,0.0,1.0,21.0,14.0,0.0,0.0
2017-18,84685,Stefan Kiessling,0,0.0,0.0,8.0,0.0,0.0,0.0
2017-18,238906,Stefan Posch,0,0.0,0.0,9.0,9.0,0.0,0.0
2017-18,270860,Stephen Ambrosius,0,0.0,0.0,1.0,1.0,0.0,0.0
2017-18,121505,Steven Zuber,0,1.0,2.0,20.0,17.0,0.0,0.0
2017-18,227053,Suat Serdar,0,2.0,0.0,25.0,16.0,0.0,0.0
2017-18,89496,Sven Bender,0,2.0,0.0,29.0,29.0,0.0,0.0
2017-18,122271,Sven Müller,0,0.0,0.0,0.0,0.0,0.0,0.0
2017-18,115306,Sven Schipplock,0,0.0,0.0,10.0,3.0,0.0,0.0
2017-18,113733,Sven Ulreich,0,0.0,0.0,30.0,30.0,0.0,0.0
2017-18,164171,Sébastien Haller,0,9.0,4.0,31.0,26.0,0.0,0.0
2017-18,201469,Takuma Asano,0,1.0,0.0,15.0,7.0,0.0,0.0
2017-18,166986,Taleb Tawatha,0,0.0,1.0,13.0,4.0,0.0,0.0
2017-18,265775,Tatsuya Ito,0,0.0,2.0,20.0,12.0,0.0,0.0
2017-18,116375,Theodor Gebre Selassie,0,3.0,0.0,32.0,31.0,0.0,0.0
2017-18,135293,Thiago Alcantara,0,2.0,2.0,19.0,12.0,0.0,0.0
2017-18,214401,Thilo Kehrer,0,3.0,0.0,28.0,27.0,0.0,0.0
2017-18,151757,Thomas Delaney,0,3.0,4.0,32.0,31.0,0.0,0.0
2017-18,110948,Thomas Kessler,0,0.0,0.0,0.0,0.0,0.0,0.0
2017-18,102239,Thomas Kraft,0,0.0,0.0,3.0,3.0,0.0,0.0
2017-18,123465,Thomas Müller,0,8.0,14.0,29.0,22.0,0.0,0.0
2017-18,270071,Thore Jacobsen,0,0.0,0.0,0.0,0.0,0.0,0.0
2017-18,158066,Thorgan Hazard,0,10.0,5.0,34.0,33.0,0.0,0.0
2017-18,259050,Tim Handwerker,0,0.0,1.0,11.0,3.0,0.0,0.0
2017-18,185906,Tim Kleindienst,0,2.0,3.0,22.0,12.0,0.0,0.0
2017-18,198189,Timo Baumgartl,0,0.0,0.0,29.0,29.0,0.0,0.0
2017-18,160021,Timo Horn,0,0.0,0.0,34.0,34.0,0.0,0.0
2017-18,238520,Timo Hübers,0,0.0,1.0,5.0,5.0,0.0,0.0
2017-18,191088,Timo Werner,0,13.0,7.0,32.0,28.0,0.0,0.0
2017-18,128521,Timothy Chandler,0,2.0,4.0,24.0,22.0,0.0,0.0
2017-18,231192,Timothy Tillman,0,0.0,0.0,0.0,0.0,0.0,0.0
2017-18,183853,Tin Jedvaj,0,0.0,0.0,10.0,6.0,0.0,0.0
2017-18,122273,Tobias Sippel,0,0.0,0.0,5.0,4.0,0.0,0.0
2017-18,170228,Tobias Strobl,0,0.0,1.0,4.0,1.0,0.0,0.0
2017-18,258873,Tom Baller,0,0.0,0.0,0.0,0.0,0.0,0.0
2017-18,121013,Tom Mickel,0,0.0,0.0,0.0,0.0,0.0,0.0
2017-18,10658,Tom Starke,0,0.0,0.0,2.0,2.0,0.0,0.0
2017-18,128968,Tony Jantschke,0,0.0,1.0,13.0,8.0,0.0,0.0
2017-18,256561,Törles Knöll,0,0.0,0.0,1.0,0.0,0.0,0.0
2017-18,303001,Valentino Lazaro,0,2.0,5.0,26.0,19.0,0.0,0.0
2017-18,243290,Vasilije Janjicic,0,0.0,0.0,7.0,3.0,0.0,0.0
2017-18,84701,Vedad Ibisevic,0,6.0,4.0,27.0,18.0,0.0,0.0
2017-18,228296,Victor Osimhen,0,0.0,0.0,12.0,3.0,0.0,0.0
2017-18,176289,Ville Matti Steinmann,0,0.0,0.0,8.0,8.0,0.0,0.0
2017-18,207361,Vincent Koziello,0,1.0,0.0,12.0,8.0,0.0,0.0
2017-18,218857,Vincent Sierro,0,0.0,0.0,4.0,3.0,0.0,0.0
2017-18,179571,Vincenzo Grifo,0,0.0,3.0,17.0,9.0,0.0,0.0
2017-18,165637,Vladimír Darida,0,0.0,3.0,21.0,18.0,0.0,0.0
2017-18,205649,Vladlen Yurchenko,0,0.0,0.0,0.0,0.0,0.0,0.0
2017-18,204113,Walace,0,1.0,2.0,18.0,16.0,0.0,0.0
2017-18,220714,Waldemar Anton,0,1.0,0.0,27.0,26.0,0.0,0.0
2017-18,199065,Wendell,0,2.0,3.0,26.0,26.0,0.0,0.0
2017-18,256715,Weston McKennie,0,0.0,0.0,22.0,13.0,0.0,0.0
2017-18,162162,Willi Orbán,0,3.0,0.0,26.0,25.0,0.0,0.0
2017-18,212077,William,0,0.0,2.0,22.0,19.0,0.0,0.0
2017-18,266660,Yann Bisseck,0,0.0,0.0,3.0,1.0,0.0,0.0
2017-18,93197,Yann Sommer,0,0.0,0.0,31.0,31.0,0.0,0.0
2017-18,189529,Yannick Gerhardt,0,1.0,1.0,17.0,12.0,0.0,0.0
2017-18,148188,Yevhen Konoplyanka,0,4.0,4.0,27.0,18.0,0.0,0.0
2017-18,123255,Yoric Ravet,0,0.0,2.0,10.0,5.0,0.0,0.0
2017-18,202090,Yoshinori Muto,0,8.0,2.0,27.0,20.0,0.0,0.0
2017-18,238541,Young-Jae Seo,0,0.0,0.0,0.0,0.0,0.0,0.0
2017-18,258874,Yousef Emghames,0,0.0,0.0,0.0,0.0,0.0,0.0
2017-18,160025,Yunus Malli,0,5.0,4.0,31.0,24.0,0.0,0.0
2017-18,182245,Yussuf Poulsen,0,4.0,2.0,30.0,18.0,0.0,0.0
2017-18,133286,Yuya Osako,0,4.0,2.0,25.0,23.0,0.0,0.0
2017-18,199381,Yvon Mvogo,0,0.0,0.0,1.0,1.0,0.0,0.0
2017-18,233666,Zhang Yuning,0,0.0,0.0,0.0,0.0,0.0,0.0
2017-18,99632,Zlatko Junuzovic,0,2.0,4.0,24.0,17.0,0.0,0.0
2017-18,129491,Ádám Szalai,0,5.0,1.0,18.0,8.0,0.0,0.0
2017-18,230757,Çaglar Söyüncü,0,1.0,0.0,26.0,25.0,0.0,0.0
2017-18,122385,Ömer Toprak,0,0.0,1.0,26.0,22.0,0.0,0.0
2018-19,242007,Aarón Martín,0,0.0,0.0,0.0,0.0,0.0,0.0
2018-19,125188,Abdou Diallo,0,0.0,0.0,0.0,0.0,0.0,0.0
2018-19,240233,Achraf Hakimi,0,0.0,0.0,0.0,0.0,0.0,0.0
2018-19,102297,Adam Bodzek,0,0.0,0.0,0.0,0.0,0.0,0.0
2018-19,203163,Adam Zrelak,0,0.0,0.0,0.0,0.0,0.0,0.0
2018-19,121255,Admir Mehmedi,0,0.0,0.0,0.0,0.0,0.0,0.0
2018-19,283934,Adrian Stanilewicz,0,0.0,0.0,0.0,0.0,0.0,0.0
2018-19,266562,Ahmed Kutucu,0,0.0,0.0,0.0,0.0,0.0,0.0
2018-19,276867,Ahmet Gürleyen,0,0.0,0.0,0.0,0.0,0.0,0.0
2018-19,168318,Alassane Pléa,0,0.0,0.0,0.0,0.0,0.0,0.0
2018-19,142977,Aleksandar Dragovic,0,0.0,0.0,0.0,0.0,0.0,0.0
2018-19,203868,Alessandro Schöpf,0,0.0,0.0,0.0,0.0,0.0,0.0
2018-19,107466,Alexander Esswein,0,0.0,0.0,0.0,0.0,0.0,0.0
2018-19,258978,Alexander Fuchs,0,0.0,0.0,0.0,0.0,0.0,0.0
2018-19,227054,Alexander Hack,0,0.0,0.0,0.0,0.0,0.0,0.0
2018-19,235662,Alexander Isak,0,0.0,0.0,0.0,0.0,0.0,0.0
2018-19,178380,Alexander Meyer,0,0.0,0.0,0.0,0.0,0.0,0.0
2018-19,205750,Alexander Nübel,0,0.0,0.0,0.0,0.0,0.0,0.0
2018-19,156416,Alexander Schwolow,0,0.0,0.0,0.0,0.0,0.0,0.0
2018-19,84751,Alexander Stolz,0,0.0,0.0,0.0,0.0,0.0,0.0
2018-19,173816,Alexandru Maxim,0,0.0,0.0,0.0,0.0,0.0,0.0
2018-19,231177,Alfons Amade,0,0.0,0.0,0.0,0.0,0.0,0.0
2018-19,146276,Alfred Finnbogason,0,0.0,0.0,0.0,0.0,0.0,0.0
2018-19,153289,Alfredo Morales,0,0.0,0.0,0.0,0.0,0.0,0.0
2018-19,206371,Almamy Touré,0,0.0,0.0,0.0,0.0,0.0,0.0
2018-19,236721,Alphonso Davies,0,0.0,0.0,0.0,0.0,0.0,0.0
2018-19,228557,Amadou Haidara,0,0.0,0.0,0.0,0.0,0.0,0.0
2018-19,238917,Amine Harit,0,0.0,0.0,0.0,0.0,0.0,0.0
2018-19,149845,Amir Abrashi,0,0.0,0.0,0.0,0.0,0.0,0.0
2018-19,216167,Anastasios Donis,0,0.0,0.0,0.0,0.0,0.0,0.0
2018-19,173403,Anderson Ordóñez,0,0.0,0.0,0.0,0.0,0.0,0.0
2018-19,150220,Andre Hoffmann,0,0.0,0.0,0.0,0.0,0.0,0.0
2018-19,86124,Andreas Beck,0,0.0,0.0,0.0,0.0,0.0,0.0
2018-19,135807,Andreas Luthe,0,0.0,0.0,0.0,0.0,0.0,0.0
2018-19,250698,Andreas Poulsen,0,0.0,0.0,0.0,0.0,0.0,0.0
2018-19,139520,Andrej Kramaric,0,0.0,0.0,0.0,0.0,0.0,0.0
2018-19,149078,André Hahn,0,0.0,0.0,0.0,0.0,0.0,0.0
2018-19,163794,Ante Rebic,0,0.0,0.0,0.0,0.0,0.0,0.0
2018-19,145953,Anthony Ujah,0,0.0,0.0,0.0,0.0,0.0,0.0
2018-19,223234,Anto Grgic,0,0.0,0.0,0.0,0.0,0.0,0.0
2018-19,283057,Antonis Aidonis,0,0.0,0.0,0.0,0.0,0.0,0.0
2018-19,11137,Arjen Robben,0,0.0,0.0,0.0,0.0,0.0,0.0
2018-19,231178,Arne Maier,0,0.0,0.0,0.0,0.0,0.0,0.0
2018-19,183097,Aron Johannsson,0,0.0,0.0,0.0,0.0,0.0,0.0
2018-19,147474,Atinç Nukan,0,0.0,0.0,0.0,0.0,0.0,0.0
2018-19,164895,Axel Witsel,0,0.0,0.0,0.0,0.0,0.0,0.0
2018-19,249110,Aymen Barkok,0,0.0,0.0,0.0,0.0,0.0,0.0
2018-19,121015,Bastian Oczipka,0,0.0,0.0,0.0,0.0,0.0,0.0
2018-19,199230,Benito Raman,0,0.0,0.0,0.0,0.0,0.0,0.0
2018-19,277370,Benjamin Goller,0,0.0,0.0,0.0,0.0,0.0,0.0
2018-19,284036,Benjamin Hadzic,0,0.0,0.0,0.0,0.0,0.0,0.0
2018-19,122411,Benjamin Hübner,0,0.0,0.0,0.0,0.0,0.0,0.0
2018-19,280668,Benjamin Leneis,0,0.0,0.0,0.0,0.0,0.0,0.0
2018-19,215378,Benjamin Pavard,0,0.0,0.0,0.0,0.0,0.0,0.0
2018-19,144280,Benjamin Stambouli,0,0.0,0.0,0.0,0.0,0.0,0.0
2018-19,155529,Bobby Wood,0,0.0,0.0,0.0,0.0,0.0,0.0
2018-19,228319,Borna Sosa,0,0.0,0.0,0.0,0.0,0.0,0.0
2018-19,194906,Brandon Borrello,0,0.0,0.0,0.0,0.0,0.0,0.0
2018-19,174506,Branimir Hrgota,0,0.0,0.0,0.0,0.0,0.0,0.0
2018-19,202099,Breel Embolo,0,0.0,0.0,0.0,0.0,0.0,0.0
2018-19,183640,Bruma,0,0.0,0.0,0.0,0.0,0.0,0.0
2018-19,213499,Cedric Teuchert,0,0.0,0.0,0.0,0.0,0.0,0.0
2018-19,217526,Chadrac Akolo,0,0.0,0.0,0.0,0.0,0.0,0.0
2018-19,76778,Charles Aránguiz,0,0.0,0.0,0.0,0.0,0.0,0.0
2018-19,287696,Cheon Seong-Hoon,0,0.0,0.0,0.0,0.0,0.0,0.0
2018-19,270295,Chima Sean Okoroji,0,0.0,0.0,0.0,0.0,0.0,0.0
2018-19,259054,Christian Früchtl,0,0.0,0.0,0.0,0.0,0.0,0.0
2018-19,84755,Christian Gentner,0,0.0,0.0,0.0,0.0,0.0,0.0
2018-19,174618,Christian Günter,0,0.0,0.0,0.0,0.0,0.0,0.0
2018-19,186390,Christian Mathenia,0,0.0,0.0,0.0,0.0,0.0,0.0
2018-19,225607,Christian Pulisic,0,0.0,0.0,0.0,0.0,0.0,0.0
2018-19,274897,Christoph Baumgartner,0,0.0,0.0,0.0,0.0,0.0,0.0
2018-19,287716,Christoph Daferner,0,0.0,0.0,0.0,0.0,0.0,0.0
2018-19,41786,Christoph Janker,0,0.0,0.0,0.0,0.0,0.0,0.0
2018-19,160055,Christoph Kramer,0,0.0,0.0,0.0,0.0,0.0,0.0
2018-19,12682,Claudio Pizarro,0,0.0,0.0,0.0,0.0,0.0,0.0
2018-19,225582,Constantin Frommann,0,0.0,0.0,0.0,0.0,0.0,0.0
2018-19,192060,Corentin Tolisso,0,0.0,0.0,0.0,0.0,0.0,0.0
2018-19,258870,Dan-Axel Zagadou,0,0.0,0.0,0.0,0.0,0.0,0.0
2018-19,102335,Daniel Baier,0,0.0,0.0,0.0,0.0,0.0,0.0
2018-19,112984,Daniel Brosinski,0,0.0,0.0,0.0,0.0,0.0,0.0
2018-19,142404,Daniel Caligiuri,0,0.0,0.0,0.0,0.0,0.0,0.0
2018-19,131468,Daniel Didavi,0,0.0,0.0,0.0,0.0,0.0,0.0
2018-19,142230,Daniel Ginczek,0,0.0,0.0,0.0,0.0,0.0,0.0
2018-19,148917,Danny Blum,0,0.0,0.0,0.0,0.0,0.0,0.0
2018-19,121011,Danny Latza,0,0.0,0.0,0.0,0.0,0.0,0.0
2018-19,154603,Danny da Costa,0,0.0,0.0,0.0,0.0,0.0,0.0
2018-19,42904,David Abraham,0,0.0,0.0,0.0,0.0,0.0,0.0
2018-19,118444,David Alaba,0,0.0,0.0,0.0,0.0,0.0,0.0
2018-19,259434,David Kopacz,0,0.0,0.0,0.0,0.0,0.0,0.0
2018-19,268789,David Otto,0,0.0,0.0,0.0,0.0,0.0,0.0
2018-19,196032,Davie Selke,0,0.0,0.0,0.0,0.0,0.0,0.0
2018-19,228325,Davor Lovren,0,0.0,0.0,0.0,0.0,0.0,0.0
2018-19,168993,Davy Klaassen,0,0.0,0.0,0.0,0.0,0.0,0.0
2018-19,220060,Dawid Kownacki,0,0.0,0.0,0.0,0.0,0.0,0.0
2018-19,222793,Dayot Upamecano,0,0.0,0.0,0.0,0.0,0.0,0.0
2018-19,222628,Denis Zakaria,0,0.0,0.0,0.0,0.0,0.0,0.0
2018-19,45924,Dennis Aogo,0,0.0,0.0,0.0,0.0,0.0,0.0
2018-19,221466,Dennis Geiger,0,0.0,0.0,0.0,0.0,0.0,0.0
2018-19,265929,Dennis Jastrzembski,0,0.0,0.0,0.0,0.0,0.0,0.0
2018-19,252292,Dennis Lippert,0,0.0,0.0,0.0,0.0,0.0,0.0
2018-19,266178,Dennis Smarsch,0,0.0,0.0,0.0,0.0,0.0,0.0
2018-19,205737,Derrick Luckassen,0,0.0,0.0,0.0,0.0,0.0,0.0
2018-19,139645,Diego Contento,0,0.0,0.0,0.0,0.0,0.0,0.0
2018-19,154407,Diego Demme,0,0.0,0.0,0.0,0.0,0.0,0.0
2018-19,229443,Dodi Lukébakio,0,0.0,0.0,0.0,0.0,0.0,0.0
2018-19,208246,Dominik Franke,0,0.0,0.0,0.0,0.0,0.0,0.0
2018-19,172997,Dominik Kohr,0,0.0,0.0,0.0,0.0,0.0,0.0
2018-19,167683,Dominique Heintz,0,0.0,0.0,0.0,0.0,0.0,0.0
2018-19,136627,Edgar Prib,0,0.0,0.0,0.0,0.0,0.0,0.0
2018-19,164102,Edgar Salli,0,0.0,0.0,0.0,0.0,0.0,0.0
2018-19,189505,Eduard Löwen,0,0.0,0.0,0.0,0.0,0.0,0.0
2018-19,259055,Elvis Rexhbecaj,0,0.0,0.0,0.0,0.0,0.0,0.0
2018-19,216170,Emil Berggreen,0,0.0,0.0,0.0,0.0,0.0,0.0
2018-19,148641,Emil Forsberg,0,0.0,0.0,0.0,0.0,0.0,0.0
2018-19,266697,Emile Smith Rowe,0,0.0,0.0,0.0,0.0,0.0,0.0
2018-19,95818,Emiliano Insúa,0,0.0,0.0,0.0,0.0,0.0,0.0
2018-19,121283,Emir Kujovic,0,0.0,0.0,0.0,0.0,0.0,0.0
2018-19,148944,Enrico Valentini,0,0.0,0.0,0.0,0.0,0.0,0.0
2018-19,233170,Eric Oelschlägel,0,0.0,0.0,0.0,0.0,0.0,0.0
2018-19,260261,Erik Majetschak,0,0.0,0.0,0.0,0.0,0.0,0.0
2018-19,199926,Erik Thommy,0,0.0,0.0,0.0,0.0,0.0,0.0
2018-19,153319,Ermin Bicakcic,0,0.0,0.0,0.0,0.0,0.0,0.0
2018-19,242593,Evan Ndicka,0,0.0,0.0,0.0,0.0,0.0,0.0
2018-19,161930,Ewerton Almeida,0,0.0,0.0,0.0,0.0,0.0,0.0
2018-19,201123,Fabian Bredlow,0,0.0,0.0,0.0,0.0,0.0,0.0
2018-19,116008,Fabian Giefer,0,0.0,0.0,0.0,0.0,0.0,0.0
2018-19,89451,Fabian Johnson,0,0.0,0.0,0.0,0.0,0.0,0.0
2018-19,104982,Fabian Lustenberger,0,0.0,0.0,0.0,0.0,0.0,0.0
2018-19,198709,Federico Palacios-Martinez,0,0.0,0.0,0.0,0.0,0.0,0.0
2018-19,119200,Felipe,0,0.0,0.0,0.0,0.0,0.0,0.0
2018-19,255253,Felix Beijmo,0,0.0,0.0,0.0,0.0,0.0,0.0
2018-19,245940,Felix Götze,0,0.0,0.0,0.0,0.0,0.0,0.0
2018-19,153489,Felix Klaus,0,0.0,0.0,0.0,0.0,0.0,0.0
2018-19,283611,Felix Schwarzholz,0,0.0,0.0,0.0,0.0,0.0,0.0
2018-19,233499,Felix Uduokhai,0,0.0,0.0,0.0,0.0,0.0,0.0
2018-19,174496,Filip Kostic,0,0.0,0.0,0.0,0.0,0.0,0.0
2018-19,102237,Fin Bartels,0,0.0,0.0,0.0,0.0,0.0,0.0
2018-19,228507,Finn Dahmen,0,0.0,0.0,0.0,0.0,0.0,0.0
2018-19,256768,Florent Muslija,0,0.0,0.0,0.0,0.0,0.0,0.0
2018-19,231191,Florian Baak,0,0.0,0.0,0.0,0.0,0.0,0.0
2018-19,219304,Florian Grillitsch,0,0.0,0.0,0.0,0.0,0.0,0.0
2018-19,216862,Florian Kath,0,0.0,0.0,0.0,0.0,0.0,0.0
2018-19,269581,Florian Mayer,0,0.0,0.0,0.0,0.0,0.0,0.0
2018-19,122292,Florian Müller,0,0.0,0.0,0.0,0.0,0.0,0.0
2018-19,238527,Florian Neuhaus,0,0.0,0.0,0.0,0.0,0.0,0.0
2018-19,162096,Florian Niederlechner,0,0.0,0.0,0.0,0.0,0.0,0.0
2018-19,42968,Franck Ribéry,0,0.0,0.0,0.0,0.0,0.0,0.0
2018-19,165424,Frederik Ronnow,0,0.0,0.0,0.0,0.0,0.0,0.0
2018-19,221227,Fredrik Jensen,0,0.0,0.0,0.0,0.0,0.0,0.0
2018-19,150316,Gaëtan Bussmann,0,0.0,0.0,0.0,0.0,0.0,0.0
2018-19,87480,Gelson Fernandes,0,0.0,0.0,0.0,0.0,0.0,0.0
2018-19,205912,Genki Haraguchi,0,0.0,0.0,0.0,0.0,0.0,0.0
2018-19,105252,Georg Margreitter,0,0.0,0.0,0.0,0.0,0.0,0.0
2018-19,157578,Georg Teigl,0,0.0,0.0,0.0,0.0,0.0,0.0
2018-19,213667,George Timotheou,0,0.0,0.0,0.0,0.0,0.0,0.0
2018-19,274889,Georgios Siadas,0,0.0,0.0,0.0,0.0,0.0,0.0
2018-19,218779,Gerrit Holtmann,0,0.0,0.0,0.0,0.0,0.0,0.0
2018-19,231183,Gian-Luca Itter,0,0.0,0.0,0.0,0.0,0.0,0.0
2018-19,143517,Giulio Donati,0,0.0,0.0,0.0,0.0,0.0,0.0
2018-19,52644,Gonzalo Castro,0,0.0,0.0,0.0,0.0,0.0,0.0
2018-19,215726,Gonçalo Paciência,0,0.0,0.0,0.0,0.0,0.0,0.0
2018-19,238544,Gregor Kobel,0,0.0,0.0,0.0,0.0,0.0,0.0
2018-19,136963,Guido Burgstaller,0,0.0,0.0,0.0,0.0,0.0,0.0
2018-19,220474,Haji Wright,0,0.0,0.0,0.0,0.0,0.0,0.0
2018-19,241663,Hamza Mendyl,0,0.0,0.0,0.0,0.0,0.0,0.0
2018-19,126329,Hanno Behrens,0,0.0,0.0,0.0,0.0,0.0,0.0
2018-19,239611,Hendrik Weydandt,0,0.0,0.0,0.0,0.0,0.0,0.0
2018-19,283933,Herdi Bukusu,0,0.0,0.0,0.0,0.0,0.0,0.0
2018-19,123466,Holger Badstuber,0,0.0,0.0,0.0,0.0,0.0,0.0
2018-19,251634,Ibrahima Konaté,0,0.0,0.0,0.0,0.0,0.0,0.0
2018-19,103178,Ibrahima Traoré,0,0.0,0.0,0.0,0.0,0.0,0.0
2018-19,115020,Ignacio Camacho,0,0.0,0.0,0.0,0.0,0.0,0.0
2018-19,189541,Ihlas Bebou,0,0.0,0.0,0.0,0.0,0.0,0.0
2018-19,166657,Isaac Kiese Thelin,0,0.0,0.0,0.0,0.0,0.0,0.0
2018-19,139672,Ishak Belfodil,0,0.0,0.0,0.0,0.0,0.0,0.0
2018-19,226113,Ismail Azzaoui,0,0.0,0.0,0.0,0.0,0.0,0.0
2018-19,258228,Issah Abass,0,0.0,0.0,0.0,0.0,0.0,0.0
2018-19,186078,Iver Fossum,0,0.0,0.0,0.0,0.0,0.0,0.0
2018-19,84736,Ivo Ilicevic,0,0.0,0.0,0.0,0.0,0.0,0.0
2018-19,115903,Ja-Cheol Koo,0,0.0,0.0,0.0,0.0,0.0,0.0
2018-19,233073,Jacob Bruun Larsen,0,0.0,0.0,0.0,0.0,0.0,0.0
2018-19,259836,Jadon Sancho,0,0.0,0.0,0.0,0.0,0.0,0.0
2018-19,82816,James Rodríguez,0,0.0,0.0,0.0,0.0,0.0,0.0
2018-19,265925,Jan Boller,0,0.0,0.0,0.0,0.0,0.0,0.0
2018-19,135805,Jan Morávek,0,0.0,0.0,0.0,0.0,0.0,0.0
2018-19,85449,Jan Zimmermann,0,0.0,0.0,0.0,0.0,0.0,0.0
2018-19,30078,Jan-Ingwer Callsen-Bracker,0,0.0,0.0,0.0,0.0,0.0,0.0
2018-19,170604,Janik Haberer,0,0.0,0.0,0.0,0.0,0.0,0.0
2018-19,280896,Jannick Theissen,0,0.0,0.0,0.0,0.0,0.0,0.0
2018-19,224246,Jannik Huth,0,0.0,0.0,0.0,0.0,0.0,0.0
2018-19,94067,Jaroslav Drobný,0,0.0,0.0,0.0,0.0,0.0,0.0
2018-19,258971,Javairô Dilrosun,0,0.0,0.0,0.0,0.0,0.0,0.0
2018-19,85298,Javi Martínez,0,0.0,0.0,0.0,0.0,0.0,0.0
2018-19,189528,Jean Zimmer,0,0.0,0.0,0.0,0.0,0.0,0.0
2018-19,212790,Jean-Kévin Augustin,0,0.0,0.0,0.0,0.0,0.0,0.0
2018-19,265924,Jean-Manuel Mbom,0,0.0,0.0,0.0,0.0,0.0,0.0
2018-19,180044,Jean-Paul Boëtius,0,0.0,0.0,0.0,0.0,0.0,0.0
2018-19,186151,Jean-Philippe Gbamin,0,0.0,0.0,0.0,0.0,0.0,0.0
2018-19,241187,Jean-Philippe Mateta,0,0.0,0.0,0.0,0.0,0.0,0.0
2018-19,140073,Jeffrey Bruma,0,0.0,0.0,0.0,0.0,0.0,0.0
2018-19,140624,Jeffrey Gouweleeuw,0,0.0,0.0,0.0,0.0,0.0,0.0
2018-19,122396,Jens Grahl,0,0.0,0.0,0.0,0.0,0.0,0.0
2018-19,276323,Jeong Woo-Yeong,0,0.0,0.0,0.0,0.0,0.0,0.0
2018-19,123384,Jerome Gondorf,0,0.0,0.0,0.0,0.0,0.0,0.0
2018-19,154521,Jetro Willems,0,0.0,0.0,0.0,0.0,0.0,0.0
2018-19,150375,Ji Dong-Won,0,0.0,0.0,0.0,0.0,0.0,0.0
2018-19,212928,Jirí Pavlenka,0,0.0,0.0,0.0,0.0,0.0,0.0
2018-19,175176,Joel Pohjanpalo,0,0.0,0.0,0.0,0.0,0.0,0.0
2018-19,202232,Joelinton,0,0.0,0.0,0.0,0.0,0.0,0.0
2018-19,225580,Johannes Eggestein,0,0.0,0.0,0.0,0.0,0.0,0.0
2018-19,39386,John Brooks,0,0.0,0.0,0.0,0.0,0.0,0.0
2018-19,265926,John Yeboah,0,0.0,0.0,0.0,0.0,0.0,0.0
2018-19,287305,Jonas Carls,0,0.0,0.0,0.0,0.0,0.0,0.0
2018-19,174617,Jonas Hofmann,0,0.0,0.0,0.0,0.0,0.0,0.0
2018-19,274887,Jonathan Burkardt,0,0.0,0.0,0.0,0.0,0.0,0.0
2018-19,245085,Jonathan Klinsmann,0,0.0,0.0,0.0,0.0,0.0,0.0
2018-19,273476,Jonathan Meier,0,0.0,0.0,0.0,0.0,0.0,0.0
2018-19,153290,Jonathan Schmid,0,0.0,0.0,0.0,0.0,0.0,0.0
2018-19,188052,Jonathan Tah,0,0.0,0.0,0.0,0.0,0.0,0.0
2018-19,69579,Jonathan de Guzmán,0,0.0,0.0,0.0,0.0,0.0,0.0
2018-19,142490,Jonathas,0,0.0,0.0,0.0,0.0,0.0,0.0
2018-19,271218,Jordan Beyer,0,0.0,0.0,0.0,0.0,0.0,0.0
2018-19,251061,Jordan Torunarigha,0,0.0,0.0,0.0,0.0,0.0,0.0
2018-19,256613,Josh Sargent,0,0.0,0.0,0.0,0.0,0.0,0.0
2018-19,178433,Joshua Brenet,0,0.0,0.0,0.0,0.0,0.0,0.0
2018-19,190161,Joshua Kimmich,0,0.0,0.0,0.0,0.0,0.0,0.0
2018-19,228321,Josip Brekalo,0,0.0,0.0,0.0,0.0,0.0,0.0
2018-19,144859,Josip Drmic,0,0.0,0.0,0.0,0.0,0.0,0.0
2018-19,190354,Josip Elez,0,0.0,0.0,0.0,0.0,0.0,0.0
2018-19,130113,Josuha Guilavogui,0,0.0,0.0,0.0,0.0,0.0,0.0
2018-19,277513,Jozo Stanic,0,0.0,0.0,0.0,0.0,0.0,0.0
2018-19,115123,Julian Baumgartlinger,0,0.0,0.0,0.0,0.0,0.0,0.0
2018-19,197628,Julian Brandt,0,0.0,0.0,0.0,0.0,0.0,0.0
2018-19,160026,Julian Korb,0,0.0,0.0,0.0,0.0,0.0,0.0
2018-19,276969,Julian Krahl,0,0.0,0.0,0.0,0.0,0.0,0.0
2018-19,129840,Julian Schieber,0,0.0,0.0,0.0,0.0,0.0,0.0
2018-19,200192,Julian Weigl,0,0.0,0.0,0.0,0.0,0.0,0.0
2018-19,228569,Julio Villalba,0,0.0,0.0,0.0,0.0,0.0,0.0
2018-19,248886,Julius Kade,0,0.0,0.0,0.0,0.0,0.0,0.0
2018-19,95290,Jérôme Boateng,0,0.0,0.0,0.0,0.0,0.0,0.0
2018-19,155600,Jérôme Roussillon,0,0.0,0.0,0.0,0.0,0.0,0.0
2018-19,159146,Kaan Ayhan,0,0.0,0.0,0.0,0.0,0.0,0.0
2018-19,231182,Kai Havertz,0,0.0,0.0,0.0,0.0,0.0,0.0
2018-19,137148,Karim Bellarabi,0,0.0,0.0,0.0,0.0,0.0,0.0
2018-19,224309,Karim Onisiwo,0,0.0,0.0,0.0,0.0,0.0,0.0
2018-19,163961,Karim Rekik,0,0.0,0.0,0.0,0.0,0.0,0.0
2018-19,212534,Kasim Nuhu,0,0.0,0.0,0.0,0.0,0.0,0.0
2018-19,227791,Keanan Bennetts,0,0.0,0.0,0.0,0.0,0.0,0.0
2018-19,188057,Kenan Karaman,0,0.0,0.0,0.0,0.0,0.0,0.0
2018-19,188053,Kerem Demirbay,0,0.0,0.0,0.0,0.0,0.0,0.0
2018-19,274893,Keven Schlotterbeck,0,0.0,0.0,0.0,0.0,0.0,0.0
2018-19,177652,Kevin Akpoguma,0,0.0,0.0,0.0,0.0,0.0,0.0
2018-19,250543,Kevin Danso,0,0.0,0.0,0.0,0.0,0.0,0.0
2018-19,269064,Kevin Goden,0,0.0,0.0,0.0,0.0,0.0,0.0
2018-19,141055,Kevin Kampl,0,0.0,0.0,0.0,0.0,0.0,0.0
2018-19,220799,Kevin Möhwald,0,0.0,0.0,0.0,0.0,0.0,0.0
2018-19,175006,Kevin Stöger,0,0.0,0.0,0.0,0.0,0.0,0.0
2018-19,122280,Kevin Trapp,0,0.0,0.0,0.0,0.0,0.0,0.0
2018-19,132973,Kevin Vogt,0,0.0,0.0,0.0,0.0,0.0,0.0
2018-19,149558,Kevin Volland,0,0.0,0.0,0.0,0.0,0.0,0.0
2018-19,174526,Kevin Wimmer,0,0.0,0.0,0.0,0.0,0.0,0.0
2018-19,195300,Kianz Froese,0,0.0,0.0,0.0,0.0,0.0,0.0
2018-19,248838,Killian Jakob,0,0.0,0.0,0.0,0.0,0.0,0.0
2018-19,184012,Kingsley Coman,0,0.0,0.0,0.0,0.0,0.0,0.0
2018-19,140079,Koen Casteels,0,0.0,0.0,0.0,0.0,0.0,0.0
2018-19,169189,Konrad Laimer,0,0.0,0.0,0.0,0.0,0.0,0.0
2018-19,169109,Konstantinos Stafylidis,0,0.0,0.0,0.0,0.0,0.0,0.0
2018-19,238804,Landry Dimata,0,0.0,0.0,0.0,0.0,0.0,0.0
2018-19,115119,Lars Bender,0,0.0,0.0,0.0,0.0,0.0,0.0
2018-19,117278,Lars Stindl,0,0.0,0.0,0.0,0.0,0.0,0.0
2018-19,271854,Leandro Barreiro,0,0.0,0.0,0.0,0.0,0.0,0.0
2018-19,255896,Leo Weinkauf,0,0.0,0.0,0.0,0.0,0.0,0.0
2018-19,224809,Leon Bailey,0,0.0,0.0,0.0,0.0,0.0,0.0
2018-19,283609,Leon Dajaku,0,0.0,0.0,0.0,0.0,0.0,0.0
2018-19,174550,Leon Goretzka,0,0.0,0.0,0.0,0.0,0.0,0.0
2018-19,271555,Leonardo Balerdi,0,0.0,0.0,0.0,0.0,0.0,0.0
2018-19,157560,Leonardo Bittencourt,0,0.0,0.0,0.0,0.0,0.0,0.0
2018-19,188058,Levin Öztunali,0,0.0,0.0,0.0,0.0,0.0,0.0
2018-19,231173,Linton Maina,0,0.0,0.0,0.0,0.0,0.0,0.0
2018-19,261584,Luca Plogmann,0,0.0,0.0,0.0,0.0,0.0,0.0
2018-19,277135,Luca Unbehaun,0,0.0,0.0,0.0,0.0,0.0,0.0
2018-19,191352,Luca Waldschmidt,0,0.0,0.0,0.0,0.0,0.0,0.0
2018-19,158918,Lucas Alario,0,0.0,0.0,0.0,0.0,0.0,0.0
2018-19,238525,Lucas Höler,0,0.0,0.0,0.0,0.0,0.0,0.0
2018-19,277436,Lucas Ribeiro,0,0.0,0.0,0.0,0.0,0.0,0.0
2018-19,170154,Lucas Torró,0,0.0,0.0,0.0,0.0,0.0,0.0
2018-19,192475,Ludwig Augustinsson,0,0.0,0.0,0.0,0.0,0.0,0.0
2018-19,221332,Luka Jovic,0,0.0,0.0,0.0,0.0,0.0,0.0
2018-19,134169,Lukas Hradecky,0,0.0,0.0,0.0,0.0,0.0,0.0
2018-19,223171,Lukas Jäger,0,0.0,0.0,0.0,0.0,0.0,0.0
2018-19,201803,Lukas Klostermann,0,0.0,0.0,0.0,0.0,0.0,0.0
2018-19,223933,Lukas Klünter,0,0.0,0.0,0.0,0.0,0.0,0.0
2018-19,171701,Lukas Kübler,0,0.0,0.0,0.0,0.0,0.0,0.0
2018-19,259126,Lukas Mai,0,0.0,0.0,0.0,0.0,0.0,0.0
2018-19,236149,Lukas Mühl,0,0.0,0.0,0.0,0.0,0.0,0.0
2018-19,139948,Lukas Rupp,0,0.0,0.0,0.0,0.0,0.0,0.0
2018-19,100957,Lukasz Piszczek,0,0.0,0.0,0.0,0.0,0.0,0.0
2018-19,191098,Mahmoud Dahoud,0,0.0,0.0,0.0,0.0,0.0,0.0
2018-19,114598,Makoto Hasebe,0,0.0,0.0,0.0,0.0,0.0,0.0
2018-19,225554,Mamadou Doucouré,0,0.0,0.0,0.0,0.0,0.0,0.0
2018-19,150138,Manich Bech,0,0.0,0.0,0.0,0.0,0.0,0.0
2018-19,214562,Manuel Akanji,0,0.0,0.0,0.0,0.0,0.0,0.0
2018-19,136810,Manuel Gulde,0,0.0,0.0,0.0,0.0,0.0,0.0
2018-19,84774,Manuel Neuer,0,0.0,0.0,0.0,0.0,0.0,0.0
2018-19,175888,Marc Stendera,0,0.0,0.0,0.0,0.0,0.0,0.0
2018-19,175887,Marc-Oliver Kempf,0,0.0,0.0,0.0,0.0,0.0,0.0
2018-19,181287,Marcel Halstenberg,0,0.0,0.0,0.0,0.0,0.0,0.0
2018-19,173907,Marcel Sabitzer,0,0.0,0.0,0.0,0.0,0.0,0.0
2018-19,121536,Marcel Schmelzer,0,0.0,0.0,0.0,0.0,0.0,0.0
2018-19,199869,Marcel Sobottka,0,0.0,0.0,0.0,0.0,0.0,0.0
2018-19,191942,Marcel Tisserand,0,0.0,0.0,0.0,0.0,0.0,0.0
2018-19,219270,Marcelo Saracchi,0,0.0,0.0,0.0,0.0,0.0,0.0
2018-19,154394,Marcin Kaminski,0,0.0,0.0,0.0,0.0,0.0,0.0
2018-19,232477,Marco Friedl,0,0.0,0.0,0.0,0.0,0.0,0.0
2018-19,122356,Marco Reus,0,0.0,0.0,0.0,0.0,0.0,0.0
2018-19,259053,Marco Richter,0,0.0,0.0,0.0,0.0,0.0,0.0
2018-19,84780,Marco Russ,0,0.0,0.0,0.0,0.0,0.0,0.0
2018-19,123712,Marco Terrazzino,0,0.0,0.0,0.0,0.0,0.0,0.0
2018-19,42015,Mario Gómez,0,0.0,0.0,0.0,0.0,0.0,0.0
2018-19,143020,Mario Götze,0,0.0,0.0,0.0,0.0,0.0,0.0
2018-19,184765,Marius Gersbeck,0,0.0,0.0,0.0,0.0,0.0,0.0
2018-19,172005,Marius Müller,0,0.0,0.0,0.0,0.0,0.0,0.0
2018-19,207623,Marius Wolf,0,0.0,0.0,0.0,0.0,0.0,0.0
2018-19,177821,Mark Flekken,0,0.0,0.0,0.0,0.0,0.0,0.0
2018-19,149391,Mark Uth,0,0.0,0.0,0.0,0.0,0.0,0.0
2018-19,219536,Marko Grujic,0,0.0,0.0,0.0,0.0,0.0,0.0
2018-19,113345,Markus Suttner,0,0.0,0.0,0.0,0.0,0.0,0.0
2018-19,86148,Martin Harnik,0,0.0,0.0,0.0,0.0,0.0,0.0
2018-19,151693,Martin Hinteregger,0,0.0,0.0,0.0,0.0,0.0,0.0
2018-19,137186,Marvin Bakalorz,0,0.0,0.0,0.0,0.0,0.0,0.0
2018-19,159150,Marvin Ducksch,0,0.0,0.0,0.0,0.0,0.0,0.0
2018-19,152774,Marvin Plattenhardt,0,0.0,0.0,0.0,0.0,0.0,0.0
2018-19,188206,Marvin Stefaniak,0,0.0,0.0,0.0,0.0,0.0,0.0
2018-19,125465,Marwin Hitz,0,0.0,0.0,0.0,0.0,0.0,0.0
2018-19,259902,Matheus Cunha,0,0.0,0.0,0.0,0.0,0.0,0.0
2018-19,216098,Matheus Pereira,0,0.0,0.0,0.0,0.0,0.0,0.0
2018-19,140994,Mathew Leckie,0,0.0,0.0,0.0,0.0,0.0,0.0
2018-19,151765,Matija Nastasic,0,0.0,0.0,0.0,0.0,0.0,0.0
2018-19,84627,Mats Hummels,0,0.0,0.0,0.0,0.0,0.0,0.0
2018-19,170209,Matthias Ginter,0,0.0,0.0,0.0,0.0,0.0,0.0
2018-19,154545,Matthias Ostrzolek,0,0.0,0.0,0.0,0.0,0.0,0.0
2018-19,34107,Matthias Zimmermann,0,0.0,0.0,0.0,0.0,0.0,0.0
2018-19,270565,Maurice Covic,0,0.0,0.0,0.0,0.0,0.0,0.0
2018-19,265927,Maurice Malone,0,0.0,0.0,0.0,0.0,0.0,0.0
2018-19,110846,Max Kruse,0,0.0,0.0,0.0,0.0,0.0,0.0
2018-19,169037,Maximilian Arnold,0,0.0,0.0,0.0,0.0,0.0,0.0
2018-19,214203,Maximilian Eggestein,0,0.0,0.0,0.0,0.0,0.0,0.0
2018-19,216225,Maximilian Mittelstädt,0,0.0,0.0,0.0,0.0,0.0,0.0
2018-19,202802,Maximilian Philipp,0,0.0,0.0,0.0,0.0,0.0,0.0
2018-19,269463,Meritan Shabani,0,0.0,0.0,0.0,0.0,0.0,0.0
2018-19,149046,Michael Esser,0,0.0,0.0,0.0,0.0,0.0,0.0
2018-19,146804,Michael Gregoritsch,0,0.0,0.0,0.0,0.0,0.0,0.0
2018-19,193223,Michael Lang,0,0.0,0.0,0.0,0.0,0.0,0.0
2018-19,85917,Michael Langer,0,0.0,0.0,0.0,0.0,0.0,0.0
2018-19,33879,Michael Rensing,0,0.0,0.0,0.0,0.0,0.0,0.0
2018-19,258871,Michaël Cuisance,0,0.0,0.0,0.0,0.0,0.0,0.0
2018-19,134000,Miiko Albornoz,0,0.0,0.0,0.0,0.0,0.0,0.0
2018-19,192943,Mijat Gacinovic,0,0.0,0.0,0.0,0.0,0.0,0.0
2018-19,169583,Mikael Ishak,0,0.0,0.0,0.0,0.0,0.0,0.0
2018-19,128937,Mike Frantz,0,0.0,0.0,0.0,0.0,0.0,0.0
2018-19,197342,Milos Veljkovic,0,0.0,0.0,0.0,0.0,0.0,0.0
2018-19,220705,Milot Rashica,0,0.0,0.0,0.0,0.0,0.0,0.0
2018-19,279288,Mischa Häuser,0,0.0,0.0,0.0,0.0,0.0,0.0
2018-19,159139,Mitchell Weiser,0,0.0,0.0,0.0,0.0,0.0,0.0
2018-19,286539,Moody Chana,0,0.0,0.0,0.0,0.0,0.0,0.0
2018-19,238536,Moritz Nicolas,0,0.0,0.0,0.0,0.0,0.0,0.0
2018-19,213181,Moussa Niakhaté,0,0.0,0.0,0.0,0.0,0.0,0.0
2018-19,179187,Nabil Bentaleb,0,0.0,0.0,0.0,0.0,0.0,0.0
2018-19,210818,Nadiem Amiri,0,0.0,0.0,0.0,0.0,0.0,0.0
2018-19,287261,Nassim Boujellab,0,0.0,0.0,0.0,0.0,0.0,0.0
2018-19,259052,Nelson Mandela Mbouhom,0,0.0,0.0,0.0,0.0,0.0,0.0
2018-19,170257,Niclas Füllkrug,0,0.0,0.0,0.0,0.0,0.0,0.0
2018-19,273259,Niclas Stierlin,0,0.0,0.0,0.0,0.0,0.0,0.0
2018-19,212237,Nico Elvedi,0,0.0,0.0,0.0,0.0,0.0,0.0
2018-19,76017,Nico González,0,0.0,0.0,0.0,0.0,0.0,0.0
2018-19,286828,Nico Schlotterbeck,0,0.0,0.0,0.0,0.0,0.0,0.0
2018-19,149394,Nico Schulz,0,0.0,0.0,0.0,0.0,0.0,0.0
2018-19,122394,Nicolai Müller,0,0.0,0.0,0.0,0.0,0.0,0.0
2018-19,149570,Nicolas Höfler,0,0.0,0.0,0.0,0.0,0.0,0.0
2018-19,268794,Nicolas Wähling,0,0.0,0.0,0.0,0.0,0.0,0.0
2018-19,231190,Niklas Beste,0,0.0,0.0,0.0,0.0,0.0,0.0
2018-19,35887,Niklas Moisander,0,0.0,0.0,0.0,0.0,0.0,0.0
2018-19,186026,Niklas Stark,0,0.0,0.0,0.0,0.0,0.0,0.0
2018-19,186263,Niklas Süle,0,0.0,0.0,0.0,0.0,0.0,0.0
2018-19,288584,Niklas Wiemann,0,0.0,0.0,0.0,0.0,0.0,0.0
2018-19,48678,Niko Bungert,0,0.0,0.0,0.0,0.0,0.0,0.0
2018-19,176972,Niko Gießelmann,0,0.0,0.0,0.0,0.0,0.0,0.0
2018-19,109312,Nils Petersen,0,0.0,0.0,0.0,0.0,0.0,0.0
2018-19,284950,Nils Stendera,0,0.0,0.0,0.0,0.0,0.0,0.0
2018-19,235687,Noah Joel Sarenren-Bazee,0,0.0,0.0,0.0,0.0,0.0,0.0
2018-19,254193,Noel Knothe,0,0.0,0.0,0.0,0.0,0.0,0.0
2018-19,214188,Nordi Mukiele,0,0.0,0.0,0.0,0.0,0.0,0.0
2018-19,84643,Nuri Sahin,0,0.0,0.0,0.0,0.0,0.0,0.0
2018-19,268953,Ole Käuper,0,0.0,0.0,0.0,0.0,0.0,0.0
2018-19,138213,Oliver Baumann,0,0.0,0.0,0.0,0.0,0.0,0.0
2018-19,89490,Oliver Fink,0,0.0,0.0,0.0,0.0,0.0,0.0
2018-19,170193,Oliver Sorg,0,0.0,0.0,0.0,0.0,0.0,0.0
2018-19,174966,Omar Mascarell,0,0.0,0.0,0.0,0.0,0.0,0.0
2018-19,206072,Ondrej Duda,0,0.0,0.0,0.0,0.0,0.0,0.0
2018-19,198085,Ondrej Petrak,0,0.0,0.0,0.0,0.0,0.0,0.0
2018-19,86526,Oscar Wendt,0,0.0,0.0,0.0,0.0,0.0,0.0
2018-19,266565,Ozan Kabak,0,0.0,0.0,0.0,0.0,0.0,0.0
2018-19,222661,Pablo Maffeo,0,0.0,0.0,0.0,0.0,0.0,0.0
2018-19,150506,Paco Alcácer,0,0.0,0.0,0.0,0.0,0.0,0.0
2018-19,255390,Pal Dardai,0,0.0,0.0,0.0,0.0,0.0,0.0
2018-19,233973,Panagiotis Retsos,0,0.0,0.0,0.0,0.0,0.0,0.0
2018-19,283946,Panzu Ernesto,0,0.0,0.0,0.0,0.0,0.0,0.0
2018-19,219220,Pascal Köpke,0,0.0,0.0,0.0,0.0,0.0,0.0
2018-19,223266,Pascal Stenzel,0,0.0,0.0,0.0,0.0,0.0,0.0
2018-19,102228,Patric Klandt,0,0.0,0.0,0.0,0.0,0.0,0.0
2018-19,277280,Patrice Kabuya,0,0.0,0.0,0.0,0.0,0.0,0.0
2018-19,227043,Patrick Erras,0,0.0,0.0,0.0,0.0,0.0,0.0
2018-19,285820,Patrick Finger,0,0.0,0.0,0.0,0.0,0.0,0.0
2018-19,127259,Patrick Herrmann,0,0.0,0.0,0.0,0.0,0.0,0.0
2018-19,276328,Paul Will,0,0.0,0.0,0.0,0.0,0.0,0.0
2018-19,153028,Paul-Georges Ntep,0,0.0,0.0,0.0,0.0,0.0,0.0
2018-19,258271,Paulinho,0,0.0,0.0,0.0,0.0,0.0,0.0
2018-19,149841,Pavao Pervan,0,0.0,0.0,0.0,0.0,0.0,0.0
2018-19,207401,Pavel Kaderábek,0,0.0,0.0,0.0,0.0,0.0,0.0
2018-19,69260,Per Skjelbred,0,0.0,0.0,0.0,0.0,0.0,0.0
2018-19,130849,Peter Pekarík,0,0.0,0.0,0.0,0.0,0.0,0.0
2018-19,288354,Philip Fontein,0,0.0,0.0,0.0,0.0,0.0,0.0
2018-19,121564,Philipp Bargfrede,0,0.0,0.0,0.0,0.0,0.0,0.0
2018-19,219316,Philipp Lienhart,0,0.0,0.0,0.0,0.0,0.0,0.0
2018-19,200856,Philipp Max,0,0.0,0.0,0.0,0.0,0.0,0.0
2018-19,240485,Phillip Menzel,0,0.0,0.0,0.0,0.0,0.0,0.0
2018-19,239574,Phillipp Mwene,0,0.0,0.0,0.0,0.0,0.0,0.0
2018-19,260253,Pierre Kunde,0,0.0,0.0,0.0,0.0,0.0,0.0
2018-19,84687,Pirmin Schwegler,0,0.0,0.0,0.0,0.0,0.0,0.0
2018-19,119620,Péter Gulácsi,0,0.0,0.0,0.0,0.0,0.0,0.0
2018-19,261425,Rabbi Matondo,0,0.0,0.0,0.0,0.0,0.0,0.0
2018-19,113841,Raffael,0,0.0,0.0,0.0,0.0,0.0,0.0
2018-19,69155,Rafinha,0,0.0,0.0,0.0,0.0,0.0,0.0
2018-19,94993,Ralf Fährmann,0,0.0,0.0,0.0,0.0,0.0,0.0
2018-19,121528,Ramazan Özcan,0,0.0,0.0,0.0,0.0,0.0,0.0
2018-19,159152,Rani Khedira,0,0.0,0.0,0.0,0.0,0.0,0.0
2018-19,188050,Raphael Framberger,0,0.0,0.0,0.0,0.0,0.0,0.0
2018-19,103174,Raphael Wolf,0,0.0,0.0,0.0,0.0,0.0,0.0
2018-19,176228,Raphaël Guerreiro,0,0.0,0.0,0.0,0.0,0.0,0.0
2018-19,210136,Reece Oxford,0,0.0,0.0,0.0,0.0,0.0,0.0
2018-19,227794,Reiss Nelson,0,0.0,0.0,0.0,0.0,0.0,0.0
2018-19,227217,Renato Sanches,0,0.0,0.0,0.0,0.0,0.0,0.0
2018-19,193462,Renato Steffen,0,0.0,0.0,0.0,0.0,0.0,0.0
2018-19,33998,René Adler,0,0.0,0.0,0.0,0.0,0.0,0.0
2018-19,258963,Ridle Baku,0,0.0,0.0,0.0,0.0,0.0,0.0
2018-19,205913,Robert Bauer,0,0.0,0.0,0.0,0.0,0.0,0.0
2018-19,125824,Robert Lewandowski,0,0.0,0.0,0.0,0.0,0.0,0.0
2018-19,235788,Robin Bormuth,0,0.0,0.0,0.0,0.0,0.0,0.0
2018-19,258876,Robin Hack,0,0.0,0.0,0.0,0.0,0.0,0.0
2018-19,157466,Robin Knoche,0,0.0,0.0,0.0,0.0,0.0,0.0
2018-19,208285,Robin Koch,0,0.0,0.0,0.0,0.0,0.0,0.0
2018-19,183100,Robin Quaison,0,0.0,0.0,0.0,0.0,0.0,0.0
2018-19,206114,Robin Zentner,0,0.0,0.0,0.0,0.0,0.0,0.0
2018-19,222613,Robin Ziegele,0,0.0,0.0,0.0,0.0,0.0,0.0
2018-19,219444,Roland Sallai,0,0.0,0.0,0.0,0.0,0.0,0.0
2018-19,175906,Roman Bürki,0,0.0,0.0,0.0,0.0,0.0,0.0
2018-19,273477,Romario Rösch,0,0.0,0.0,0.0,0.0,0.0,0.0
2018-19,121007,Ron-Robert Zieler,0,0.0,0.0,0.0,0.0,0.0,0.0
2018-19,259128,Ron-Thorben Hofmann,0,0.0,0.0,0.0,0.0,0.0,0.0
2018-19,86096,Rouwen Hennings,0,0.0,0.0,0.0,0.0,0.0,0.0
2018-19,45622,Rune Jarstein,0,0.0,0.0,0.0,0.0,0.0,0.0
2018-19,259051,Sahverdi Cetin,0,0.0,0.0,0.0,0.0,0.0,0.0
2018-19,154557,Salif Sané,0,0.0,0.0,0.0,0.0,0.0,0.0
2018-19,39964,Salomon Kalou,0,0.0,0.0,0.0,0.0,0.0,0.0
2018-19,231184,Sam Schreck,0,0.0,0.0,0.0,0.0,0.0,0.0
2018-19,161833,Samuel Radlinger,0,0.0,0.0,0.0,0.0,0.0,0.0
2018-19,233734,Santiago Ascacibar,0,0.0,0.0,0.0,0.0,0.0,0.0
2018-19,102336,Sascha Riether,0,0.0,0.0,0.0,0.0,0.0,0.0
2018-19,132690,Sebastian Jung,0,0.0,0.0,0.0,0.0,0.0,0.0
2018-19,186392,Sebastian Kerk,0,0.0,0.0,0.0,0.0,0.0,0.0
2018-19,104563,Sebastian Langkamp,0,0.0,0.0,0.0,0.0,0.0,0.0
2018-19,122926,Sebastian Rode,0,0.0,0.0,0.0,0.0,0.0,0.0
2018-19,108592,Sebastian Rudy,0,0.0,0.0,0.0,0.0,0.0,0.0
2018-19,271828,Sebastian Soto,0,0.0,0.0,0.0,0.0,0.0,0.0
2018-19,178980,Serge Gnabry,0,0.0,0.0,0.0,0.0,0.0,0.0
2018-19,202714,Sergio Córdova,0,0.0,0.0,0.0,0.0,0.0,0.0
2018-19,265993,Sergio Gómez,0,0.0,0.0,0.0,0.0,0.0,0.0
2018-19,271605,Simon Asta,0,0.0,0.0,0.0,0.0,0.0,0.0
2018-19,168956,Simon Falette,0,0.0,0.0,0.0,0.0,0.0,0.0
2018-19,282307,Simon Rhein,0,0.0,0.0,0.0,0.0,0.0,0.0
2018-19,144620,Stefan Bell,0,0.0,0.0,0.0,0.0,0.0,0.0
2018-19,132628,Stefan Ilsanker,0,0.0,0.0,0.0,0.0,0.0,0.0
2018-19,238906,Stefan Posch,0,0.0,0.0,0.0,0.0,0.0,0.0
2018-19,137717,Stefano Russo,0,0.0,0.0,0.0,0.0,0.0,0.0
2018-19,152190,Stefanos Kapino,0,0.0,0.0,0.0,0.0,0.0,0.0
2018-19,149963,Steven Skrzybski,0,0.0,0.0,0.0,0.0,0.0,0.0
2018-19,121505,Steven Zuber,0,0.0,0.0,0.0,0.0,0.0,0.0
2018-19,227053,Suat Serdar,0,0.0,0.0,0.0,0.0,0.0,0.0
2018-19,89496,Sven Bender,0,0.0,0.0,0.0,0.0,0.0,0.0
2018-19,113733,Sven Ulreich,0,0.0,0.0,0.0,0.0,0.0,0.0
2018-19,164171,Sébastien Haller,0,0.0,0.0,0.0,0.0,0.0,0.0
2018-19,135355,Takashi Usami,0,0.0,0.0,0.0,0.0,0.0,0.0
2018-19,201469,Takuma Asano,0,0.0,0.0,0.0,0.0,0.0,0.0
2018-19,166986,Taleb Tawatha,0,0.0,0.0,0.0,0.0,0.0,0.0
2018-19,116375,Theodor Gebre Selassie,0,0.0,0.0,0.0,0.0,0.0,0.0
2018-19,135293,Thiago Alcantara,0,0.0,0.0,0.0,0.0,0.0,0.0
2018-19,151757,Thomas Delaney,0,0.0,0.0,0.0,0.0,0.0,0.0
2018-19,102239,Thomas Kraft,0,0.0,0.0,0.0,0.0,0.0,0.0
2018-19,123465,Thomas Müller,0,0.0,0.0,0.0,0.0,0.0,0.0
2018-19,270071,Thore Jacobsen,0,0.0,0.0,0.0,0.0,0.0,0.0
2018-19,158066,Thorgan Hazard,0,0.0,0.0,0.0,0.0,0.0,0.0
2018-19,115125,Thorsten Kirschbaum,0,0.0,0.0,0.0,0.0,0.0,0.0
2018-19,200115,Tim Dierßen,0,0.0,0.0,0.0,0.0,0.0,0.0
2018-19,185906,Tim Kleindienst,0,0.0,0.0,0.0,0.0,0.0,0.0
2018-19,196978,Tim Leibold,0,0.0,0.0,0.0,0.0,0.0,0.0
2018-19,220805,Tim Wiesner,0,0.0,0.0,0.0,0.0,0.0,0.0
2018-19,198189,Timo Baumgartl,0,0.0,0.0,0.0,0.0,0.0,0.0
2018-19,238520,Timo Hübers,0,0.0,0.0,0.0,0.0,0.0,0.0
2018-19,191088,Timo Werner,0,0.0,0.0,0.0,0.0,0.0,0.0
2018-19,128521,Timothy Chandler,0,0.0,0.0,0.0,0.0,0.0,0.0
2018-19,231192,Timothy Tillman,0,0.0,0.0,0.0,0.0,0.0,0.0
2018-19,183853,Tin Jedvaj,0,0.0,0.0,0.0,0.0,0.0,0.0
2018-19,122273,Tobias Sippel,0,0.0,0.0,0.0,0.0,0.0,0.0
2018-19,277279,Tobias Stirl,0,0.0,0.0,0.0,0.0,0.0,0.0
2018-19,170228,Tobias Strobl,0,0.0,0.0,0.0,0.0,0.0,0.0
2018-19,258873,Tom Baller,0,0.0,0.0,0.0,0.0,0.0,0.0
2018-19,283683,Tom Krauss,0,0.0,0.0,0.0,0.0,0.0,0.0
2018-19,128968,Tony Jantschke,0,0.0,0.0,0.0,0.0,0.0,0.0
2018-19,258976,Torben Müsel,0,0.0,0.0,0.0,0.0,0.0,0.0
2018-19,283224,Tuta,0,0.0,0.0,0.0,0.0,0.0,0.0
2018-19,222776,Tyler Adams,0,0.0,0.0,0.0,0.0,0.0,0.0
2018-19,256561,Törles Knöll,0,0.0,0.0,0.0,0.0,0.0,0.0
2018-19,303001,Valentino Lazaro,0,0.0,0.0,0.0,0.0,0.0,0.0
2018-19,84701,Vedad Ibisevic,0,0.0,0.0,0.0,0.0,0.0,0.0
2018-19,228296,Victor Osimhen,0,0.0,0.0,0.0,0.0,0.0,0.0
2018-19,218857,Vincent Sierro,0,0.0,0.0,0.0,0.0,0.0,0.0
2018-19,179571,Vincenzo Grifo,0,0.0,0.0,0.0,0.0,0.0,0.0
2018-19,156836,Virgil Misidjan,0,0.0,0.0,0.0,0.0,0.0,0.0
2018-19,165637,Vladimír Darida,0,0.0,0.0,0.0,0.0,0.0,0.0
2018-19,204113,Walace,0,0.0,0.0,0.0,0.0,0.0,0.0
2018-19,220714,Waldemar Anton,0,0.0,0.0,0.0,0.0,0.0,0.0
2018-19,199065,Wendell,0,0.0,0.0,0.0,0.0,0.0,0.0
2018-19,256715,Weston McKennie,0,0.0,0.0,0.0,0.0,0.0,0.0
2018-19,162162,Willi Orbán,0,0.0,0.0,0.0,0.0,0.0,0.0
2018-19,212077,William,0,0.0,0.0,0.0,0.0,0.0,0.0
2018-19,177042,Wout Weghorst,0,0.0,0.0,0.0,0.0,0.0,0.0
2018-19,93197,Yann Sommer,0,0.0,0.0,0.0,0.0,0.0,0.0
2018-19,282456,Yannic Lenze,0,0.0,0.0,0.0,0.0,0.0,0.0
2018-19,189529,Yannick Gerhardt,0,0.0,0.0,0.0,0.0,0.0,0.0
2018-19,148188,Yevhen Konoplyanka,0,0.0,0.0,0.0,0.0,0.0,0.0
2018-19,258874,Yousef Emghames,0,0.0,0.0,0.0,0.0,0.0,0.0
2018-19,160025,Yunus Malli,0,0.0,0.0,0.0,0.0,0.0,0.0
2018-19,182245,Yussuf Poulsen,0,0.0,0.0,0.0,0.0,0.0,0.0
2018-19,171673,Yuya Kubo,0,0.0,0.0,0.0,0.0,0.0,0.0
2018-19,133286,Yuya Osako,0,0.0,0.0,0.0,0.0,0.0,0.0
2018-19,199381,Yvon Mvogo,0,0.0,0.0,0.0,0.0,0.0,0.0
2018-19,129491,Ádám Szalai,0,0.0,0.0,0.0,0.0,0.0,0.0
2018-19,122385,Ömer Toprak,0,0.0,0.0,0.0,0.0,0.0,0.0
2019-20,271398,Aaron Herzog,0,0.0,0.0,0.0,0.0,0.0,0.0
2019-20,242007,Aarón Martín,0,0.0,0.0,22.0,21.0,0.0,0.0
2019-20,252293,Abdelhamid Sabiri,0,4.0,1.0,24.0,9.0,0.0,0.0
2019-20,240233,Achraf Hakimi,0,5.0,10.0,33.0,29.0,0.0,0.0
2019-20,102297,Adam Bodzek,0,0.0,0.0,28.0,22.0,0.0,0.0
2019-20,229645,Ademola Lookman,0,0.0,0.0,11.0,1.0,0.0,0.0
2019-20,121255,Admir Mehmedi,0,2.0,2.0,21.0,14.0,0.0,0.0
2019-20,301656,Adrian Oeynhausen,0,0.0,0.0,0.0,0.0,0.0,0.0
2019-20,283934,Adrian Stanilewicz,0,0.0,0.0,0.0,0.0,0.0,0.0
2019-20,266562,Ahmed Kutucu,0,3.0,2.0,25.0,3.0,0.0,0.0
2019-20,155210,Akaki Gogia,0,0.0,0.0,3.0,1.0,0.0,0.0
2019-20,294635,Alaa Bakir,0,0.0,0.0,0.0,0.0,0.0,0.0
2019-20,168318,Alassane Pléa,0,10.0,10.0,27.0,25.0,0.0,0.0
2019-20,142977,Aleksandar Dragovic,0,0.0,0.0,15.0,10.0,0.0,0.0
2019-20,203868,Alessandro Schöpf,0,0.0,1.0,22.0,15.0,0.0,0.0
2019-20,107466,Alexander Esswein,0,0.0,0.0,7.0,1.0,0.0,0.0
2019-20,227054,Alexander Hack,0,0.0,0.0,14.0,9.0,0.0,0.0
2019-20,205750,Alexander Nübel,0,0.0,0.0,26.0,26.0,0.0,0.0
2019-20,156416,Alexander Schwolow,0,0.0,0.0,24.0,24.0,0.0,0.0
2019-20,84751,Alexander Stolz,0,0.0,0.0,0.0,0.0,0.0,0.0
2019-20,146276,Alfred Finnbogason,0,3.0,1.0,21.0,10.0,0.0,0.0
2019-20,153289,Alfredo Morales,0,1.0,2.0,27.0,18.0,0.0,0.0
2019-20,206371,Almamy Touré,0,1.0,3.0,19.0,18.0,0.0,0.0
2019-20,236721,Alphonso Davies,0,3.0,5.0,29.0,24.0,0.0,0.0
2019-20,228557,Amadou Haidara,0,0.0,1.0,19.0,5.0,0.0,0.0
2019-20,238917,Amine Harit,0,6.0,4.0,25.0,24.0,0.0,0.0
2019-20,149845,Amir Abrashi,0,0.0,0.0,13.0,8.0,0.0,0.0
2019-20,150220,Andre Hoffmann,0,2.0,1.0,29.0,27.0,0.0,0.0
2019-20,135807,Andreas Luthe,0,0.0,0.0,10.0,10.0,0.0,0.0
2019-20,139520,Andrej Kramaric,0,12.0,2.0,19.0,14.0,0.0,0.0
2019-20,149078,André Hahn,0,1.0,0.0,15.0,8.0,0.0,0.0
2019-20,3368,André Silva,0,12.0,3.0,25.0,16.0,0.0,0.0
2019-20,214319,Angeliño,0,1.0,2.0,13.0,12.0,0.0,0.0
2019-20,102408,Anthony Modeste,0,4.0,1.0,27.0,11.0,0.0,0.0
2019-20,145953,Anthony Ujah,0,3.0,2.0,24.0,10.0,0.0,0.0
2019-20,243637,Antony Evans,0,0.0,0.0,6.0,2.0,0.0,0.0
2019-20,231178,Arne Maier,0,0.0,0.0,14.0,5.0,0.0,0.0
2019-20,164895,Axel Witsel,0,4.0,5.0,28.0,25.0,0.0,0.0
2019-20,298348,Ayman Azhil,0,0.0,0.0,0.0,0.0,0.0,0.0
2019-20,249110,Aymen Barkok,0,0.0,0.0,3.0,1.0,0.0,0.0
2019-20,125249,Bas Dost,0,8.0,2.0,24.0,16.0,0.0,0.0
2019-20,121015,Bastian Oczipka,0,0.0,5.0,34.0,33.0,0.0,0.0
2019-20,182425,Ben Zolinski,0,3.0,2.0,28.0,14.0,0.0,0.0
2019-20,199230,Benito Raman,0,4.0,3.0,25.0,19.0,0.0,0.0
2019-20,277370,Benjamin Goller,0,0.0,0.0,10.0,2.0,0.0,0.0
2019-20,122411,Benjamin Hübner,0,1.0,4.0,25.0,25.0,0.0,0.0
2019-20,280668,Benjamin Leneis,0,0.0,0.0,0.0,0.0,0.0,0.0
2019-20,215378,Benjamin Pavard,0,4.0,4.0,32.0,31.0,0.0,0.0
2019-20,144280,Benjamin Stambouli,0,0.0,0.0,9.0,9.0,0.0,0.0
2019-20,191017,Benno Schmitz,0,0.0,0.0,18.0,13.0,0.0,0.0
2019-20,238255,Bernard Tekpetey,0,0.0,1.0,9.0,5.0,0.0,0.0
2019-20,178857,Birger Verstraete,0,0.0,1.0,9.0,7.0,0.0,0.0
2019-20,256614,Brady Scott,0,0.0,0.0,0.0,0.0,0.0,0.0
2019-20,194906,Brandon Borrello,0,0.0,0.0,7.0,4.0,0.0,0.0
2019-20,202099,Breel Embolo,0,8.0,5.0,28.0,17.0,0.0,0.0
2019-20,303790,Can Bozdogan,0,0.0,0.0,3.0,3.0,0.0,0.0
2019-20,199963,Carlos Gruezo,0,0.0,1.0,11.0,10.0,0.0,0.0
2019-20,76778,Charles Aránguiz,0,1.0,3.0,27.0,23.0,0.0,0.0
2019-20,287696,Cheon Seong-Hoon,0,0.0,0.0,0.0,0.0,0.0,0.0
2019-20,231187,Chinedu Ekene,0,0.0,0.0,0.0,0.0,0.0,0.0
2019-20,268951,Chris Führich,0,0.0,0.0,0.0,0.0,0.0,0.0
2019-20,272585,Chris Richards,0,0.0,0.0,1.0,0.0,0.0,0.0
2019-20,136800,Christian Clemens,0,0.0,0.0,1.0,0.0,0.0,0.0
2019-20,259054,Christian Früchtl,0,0.0,0.0,0.0,0.0,0.0,0.0
2019-20,84755,Christian Gentner,0,3.0,2.0,31.0,29.0,0.0,0.0
2019-20,136681,Christian Groß,0,0.0,0.0,14.0,10.0,0.0,0.0
2019-20,174618,Christian Günter,0,2.0,8.0,34.0,34.0,0.0,0.0
2019-20,135604,Christian Strohdiek,0,1.0,2.0,16.0,16.0,0.0,0.0
2019-20,274897,Christoph Baumgartner,0,7.0,2.0,26.0,17.0,0.0,0.0
2019-20,160055,Christoph Kramer,0,0.0,0.0,22.0,17.0,0.0,0.0
2019-20,259252,Christopher Antwi-Adjei,0,1.0,2.0,34.0,28.0,0.0,0.0
2019-20,222447,Christopher Lenz,0,0.0,3.0,26.0,26.0,0.0,0.0
2019-20,222176,Christopher Nkunku,0,5.0,13.0,32.0,21.0,0.0,0.0
2019-20,146485,Christopher Trimmel,0,0.0,8.0,32.0,32.0,0.0,0.0
2019-20,12682,Claudio Pizarro,0,0.0,0.0,18.0,0.0,0.0,0.0
2019-20,296738,Conor Noss,0,0.0,0.0,0.0,0.0,0.0,0.0
2019-20,192060,Corentin Tolisso,0,1.0,2.0,13.0,7.0,0.0,0.0
2019-20,300045,Cyrill Akono,0,0.0,0.0,0.0,0.0,0.0,0.0
2019-20,219362,Daichi Kamada,0,2.0,4.0,28.0,22.0,0.0,0.0
2019-20,190986,Daley Sinkgraven,0,0.0,1.0,13.0,11.0,0.0,0.0
2019-20,258870,Dan-Axel Zagadou,0,1.0,1.0,15.0,10.0,0.0,0.0
2019-20,227765,Dani Olmo,0,3.0,1.0,12.0,9.0,0.0,0.0
2019-20,102335,Daniel Baier,0,1.0,0.0,23.0,22.0,0.0,0.0
2019-20,112984,Daniel Brosinski,0,2.0,4.0,26.0,16.0,0.0,0.0
2019-20,142404,Daniel Caligiuri,0,2.0,2.0,28.0,26.0,0.0,0.0
2019-20,142230,Daniel Ginczek,0,3.0,1.0,18.0,9.0,0.0,0.0
2019-20,121011,Danny Latza,0,0.0,2.0,23.0,15.0,0.0,0.0
2019-20,154603,Danny da Costa,0,1.0,4.0,19.0,15.0,0.0,0.0
2019-20,42904,David Abraham,0,2.0,0.0,20.0,19.0,0.0,0.0
2019-20,118444,David Alaba,0,1.0,1.0,28.0,27.0,0.0,0.0
2019-20,196032,Davie Selke,0,1.0,1.0,30.0,15.0,0.0,0.0
2019-20,168993,Davy Klaassen,0,7.0,5.0,33.0,33.0,0.0,0.0
2019-20,220060,Dawid Kownacki,0,0.0,0.0,20.0,11.0,0.0,0.0
2019-20,222793,Dayot Upamecano,0,0.0,1.0,28.0,27.0,0.0,0.0
2019-20,143592,Dedryck Boyata,0,4.0,1.0,28.0,28.0,0.0,0.0
2019-20,222628,Denis Zakaria,0,2.0,2.0,23.0,22.0,0.0,0.0
2019-20,303970,Dennis Borkowski,0,0.0,0.0,1.0,0.0,0.0,0.0
2019-20,221466,Dennis Geiger,0,0.0,3.0,21.0,13.0,0.0,0.0
2019-20,265929,Dennis Jastrzembski,0,0.0,0.0,6.0,1.0,0.0,0.0
2019-20,266178,Dennis Smarsch,0,0.0,0.0,2.0,1.0,0.0,0.0
2019-20,221551,Dennis Srbeny,0,5.0,1.0,17.0,14.0,0.0,0.0
2019-20,219466,Diadie Samassekou,0,0.0,1.0,21.0,16.0,0.0,0.0
2019-20,139645,Diego Contento,0,0.0,0.0,0.0,0.0,0.0,0.0
2019-20,222446,Djibril Sow,0,1.0,3.0,29.0,18.0,0.0,0.0
2019-20,229443,Dodi Lukébakio,0,7.0,6.0,30.0,24.0,0.0,0.0
2019-20,145180,Dominick Drexler,0,3.0,4.0,27.0,18.0,0.0,0.0
2019-20,292153,Dominik Bilogrevic,0,0.0,0.0,0.0,0.0,0.0,0.0
2019-20,172997,Dominik Kohr,0,0.0,3.0,26.0,16.0,0.0,0.0
2019-20,167683,Dominique Heintz,0,0.0,1.0,28.0,27.0,0.0,0.0
2019-20,226970,Edimilson Fernandes,0,1.0,0.0,24.0,18.0,0.0,0.0
2019-20,257287,Edmond Tapsoba,0,0.0,0.0,14.0,12.0,0.0,0.0
2019-20,189505,Eduard Löwen,0,2.0,1.0,23.0,9.0,0.0,0.0
2019-20,209595,Ellyes Skhiri,0,1.0,3.0,32.0,31.0,0.0,0.0
2019-20,259055,Elvis Rexhbecaj,0,0.0,3.0,13.0,7.0,0.0,0.0
2019-20,148641,Emil Forsberg,0,5.0,2.0,22.0,14.0,0.0,0.0
2019-20,159142,Emre Can,0,2.0,0.0,12.0,10.0,0.0,0.0
2019-20,233170,Eric Oelschlägel,0,0.0,0.0,0.0,0.0,0.0,0.0
2019-20,190480,Erik Durm,0,0.0,0.0,9.0,6.0,0.0,0.0
2019-20,199926,Erik Thommy,0,6.0,4.0,34.0,25.0,0.0,0.0
2019-20,291211,Erkan Eyibil,0,0.0,0.0,0.0,0.0,0.0,0.0
2019-20,253989,Erling Haaland,0,13.0,2.0,15.0,11.0,0.0,0.0
2019-20,153319,Ermin Bicakcic,0,2.0,0.0,21.0,13.0,0.0,0.0
2019-20,241317,Ethan Ampadu,0,0.0,0.0,3.0,0.0,0.0,0.0
2019-20,242593,Evan Ndicka,0,1.0,1.0,22.0,20.0,0.0,0.0
2019-20,228393,Exequiel Palacios,0,0.0,0.0,3.0,2.0,0.0,0.0
2019-20,116008,Fabian Giefer,0,0.0,0.0,0.0,0.0,0.0,0.0
2019-20,89451,Fabian Johnson,0,0.0,0.0,6.0,3.0,0.0,0.0
2019-20,276677,Fabrice Hartmann,0,0.0,0.0,0.0,0.0,0.0,0.0
2019-20,303757,Famana Quizera,0,0.0,0.0,0.0,0.0,0.0,0.0
2019-20,245940,Felix Götze,0,0.0,0.0,0.0,0.0,0.0,0.0
2019-20,153489,Felix Klaus,0,0.0,1.0,23.0,6.0,0.0,0.0
2019-20,127831,Felix Kroos,0,0.0,0.0,15.0,3.0,0.0,0.0
2019-20,233499,Felix Uduokhai,0,0.0,0.0,26.0,21.0,0.0,0.0
2019-20,136598,Felix Wiedwald,0,0.0,0.0,3.0,3.0,0.0,0.0
2019-20,174496,Filip Kostic,0,4.0,11.0,33.0,33.0,0.0,0.0
2019-20,102237,Fin Bartels,0,0.0,0.0,14.0,1.0,0.0,0.0
2019-20,228507,Finn Dahmen,0,0.0,0.0,0.0,0.0,0.0,0.0
2019-20,231191,Florian Baak,0,0.0,0.0,0.0,0.0,0.0,0.0
2019-20,258894,Florian Flecker,0,0.0,0.0,0.0,0.0,0.0,0.0
2019-20,219304,Florian Grillitsch,0,0.0,3.0,31.0,28.0,0.0,0.0
2019-20,189792,Florian Hubner,0,0.0,0.0,11.0,9.0,0.0,0.0
2019-20,151464,Florian Kainz,0,5.0,6.0,28.0,16.0,0.0,0.0
2019-20,289334,Florian Kastenmeier,0,0.0,0.0,17.0,17.0,0.0,0.0
2019-20,216862,Florian Kath,0,0.0,0.0,0.0,0.0,0.0,0.0
2019-20,122292,Florian Müller,0,0.0,0.0,13.0,12.0,0.0,0.0
2019-20,238527,Florian Neuhaus,0,4.0,2.0,30.0,26.0,0.0,0.0
2019-20,162096,Florian Niederlechner,0,13.0,6.0,33.0,31.0,0.0,0.0
2019-20,303748,Florian Wirtz,0,1.0,0.0,7.0,3.0,0.0,0.0
2019-20,289693,Frederik Jakel,0,0.0,0.0,0.0,0.0,0.0,0.0
2019-20,165424,Frederik Ronnow,0,0.0,0.0,9.0,9.0,0.0,0.0
2019-20,221227,Fredrik Jensen,0,1.0,0.0,10.0,5.0,0.0,0.0
2019-20,87480,Gelson Fernandes,0,0.0,0.0,11.0,10.0,0.0,0.0
2019-20,157578,Georg Teigl,0,0.0,0.0,3.0,1.0,0.0,0.0
2019-20,218779,Gerrit Holtmann,0,1.0,0.0,24.0,13.0,0.0,0.0
2019-20,231183,Gian-Luca Itter,0,0.0,0.0,3.0,0.0,0.0,0.0
2019-20,290230,Giovanni Reyna,0,0.0,1.0,15.0,2.0,0.0,0.0
2019-20,215726,Gonçalo Paciência,0,7.0,3.0,23.0,15.0,0.0,0.0
2019-20,218714,Grischa Prömel,0,0.0,0.0,16.0,9.0,0.0,0.0
2019-20,136963,Guido Burgstaller,0,0.0,1.0,21.0,13.0,0.0,0.0
2019-20,250852,Hannes Wolf,0,0.0,0.0,5.0,0.0,0.0,0.0
2019-20,102643,Håvard Nordtveit,0,0.0,1.0,11.0,7.0,0.0,0.0
2019-20,252800,Iago,0,1.0,1.0,10.0,7.0,0.0,0.0
2019-20,302920,Iba May,0,0.0,0.0,0.0,0.0,0.0,0.0
2019-20,251634,Ibrahima Konaté,0,0.0,0.0,8.0,6.0,0.0,0.0
2019-20,103178,Ibrahima Traoré,0,0.0,1.0,7.0,1.0,0.0,0.0
2019-20,115020,Ignacio Camacho,0,0.0,0.0,0.0,0.0,0.0,0.0
2019-20,189541,Ihlas Bebou,0,6.0,1.0,32.0,20.0,0.0,0.0
2019-20,297005,Ilay Elmkies,0,0.0,0.0,1.0,0.0,0.0,0.0
2019-20,30116,Ilia Gruev,0,0.0,0.0,0.0,0.0,0.0,0.0
2019-20,290412,Immanuel Pherai,0,0.0,0.0,0.0,0.0,0.0,0.0
2019-20,139672,Ishak Belfodil,0,0.0,0.0,5.0,3.0,0.0,0.0
2019-20,226113,Ismail Azzaoui,0,0.0,0.0,0.0,0.0,0.0,0.0
2019-20,268796,Ismail Jakobs,0,2.0,2.0,20.0,20.0,0.0,0.0
2019-20,103485,Ivan Perisic,0,4.0,3.0,22.0,11.0,0.0,0.0
2019-20,233073,Jacob Bruun Larsen,0,0.0,2.0,15.0,5.0,0.0,0.0
2019-20,259836,Jadon Sancho,0,17.0,16.0,32.0,25.0,0.0,0.0
2019-20,170636,Jakob Busk,0,0.0,0.0,0.0,0.0,0.0,0.0
2019-20,303821,Jamal Musiala,0,0.0,0.0,1.0,0.0,0.0,0.0
2019-20,266220,Jamilu Collins,0,1.0,2.0,30.0,30.0,0.0,0.0
2019-20,135805,Jan Morávek,0,0.0,1.0,11.0,4.0,0.0,0.0
2019-20,300444,Jan Thielmann,0,0.0,1.0,12.0,7.0,0.0,0.0
2019-20,85449,Jan Zimmermann,0,0.0,0.0,0.0,0.0,0.0,0.0
2019-20,292149,Jan-Luca Rumpf,0,0.0,0.0,1.0,1.0,0.0,0.0
2019-20,170604,Janik Haberer,0,2.0,2.0,26.0,20.0,0.0,0.0
2019-20,261164,Jann-Fiete Arp,0,0.0,0.0,0.0,0.0,0.0,0.0
2019-20,224246,Jannik Huth,0,0.0,0.0,6.0,6.0,0.0,0.0
2019-20,258971,Javairô Dilrosun,0,4.0,2.0,23.0,16.0,0.0,0.0
2019-20,85298,Javi Martínez,0,0.0,0.0,16.0,6.0,0.0,0.0
2019-20,189528,Jean Zimmer,0,0.0,0.0,17.0,8.0,0.0,0.0
2019-20,277327,Jean-Clair Todibo,0,0.0,0.0,8.0,4.0,0.0,0.0
2019-20,180044,Jean-Paul Boëtius,0,4.0,5.0,28.0,26.0,0.0,0.0
2019-20,241187,Jean-Philippe Mateta,0,3.0,1.0,18.0,12.0,0.0,0.0
2019-20,140073,Jeffrey Bruma,0,0.0,0.0,17.0,17.0,0.0,0.0
2019-20,140624,Jeffrey Gouweleeuw,0,0.0,1.0,21.0,18.0,0.0,0.0
2019-20,276323,Jeong Woo-Yeong,0,0.0,0.0,0.0,0.0,0.0,0.0
2019-20,215524,Jerry St. Juste,0,2.0,2.0,25.0,24.0,0.0,0.0
2019-20,266659,Jessic Ngankam,0,0.0,1.0,4.0,0.0,0.0,0.0
2019-20,176058,Jhon Córdoba,0,13.0,2.0,29.0,23.0,0.0,0.0
2019-20,150375,Ji Dong-Won,0,0.0,0.0,4.0,1.0,0.0,0.0
2019-20,212928,Jirí Pavlenka,0,0.0,0.0,33.0,33.0,0.0,0.0
2019-20,259879,Joao Victor,0,2.0,2.0,32.0,18.0,0.0,0.0
2019-20,268793,Johannes Bühler,0,0.0,0.0,0.0,0.0,0.0,0.0
2019-20,225580,Johannes Eggestein,0,1.0,0.0,14.0,4.0,0.0,0.0
2019-20,39386,John Brooks,0,0.0,1.0,25.0,25.0,0.0,0.0
2019-20,171702,Jonas Hector,0,4.0,2.0,29.0,28.0,0.0,0.0
2019-20,174617,Jonas Hofmann,0,5.0,3.0,25.0,18.0,0.0,0.0
2019-20,276308,Jonas Hupe,0,0.0,0.0,0.0,0.0,0.0,0.0
2019-20,274887,Jonathan Burkardt,0,1.0,0.0,8.0,3.0,0.0,0.0
2019-20,273476,Jonathan Meier,0,0.0,0.0,0.0,0.0,0.0,0.0
2019-20,153290,Jonathan Schmid,0,5.0,1.0,33.0,31.0,0.0,0.0
2019-20,188052,Jonathan Tah,0,0.0,1.0,25.0,22.0,0.0,0.0
2019-20,69579,Jonathan de Guzmán,0,0.0,1.0,8.0,0.0,0.0,0.0
2019-20,214548,Jonjoe Kenny,0,2.0,3.0,31.0,31.0,0.0,0.0
2019-20,251061,Jordan Torunarigha,0,1.0,1.0,18.0,16.0,0.0,0.0
2019-20,211912,Jorge Meré,0,1.0,0.0,11.0,5.0,0.0,0.0
2019-20,256613,Josh Sargent,0,4.0,2.0,28.0,15.0,0.0,0.0
2019-20,190161,Joshua Kimmich,0,4.0,7.0,33.0,32.0,0.0,0.0
2019-20,226108,Joshua Mees,0,0.0,1.0,15.0,1.0,0.0,0.0
2019-20,276327,Joshua Zirkzee,0,4.0,0.0,9.0,3.0,0.0,0.0
2019-20,228321,Josip Brekalo,0,3.0,4.0,30.0,19.0,0.0,0.0
2019-20,130113,Josuha Guilavogui,0,0.0,1.0,25.0,23.0,0.0,0.0
2019-20,277513,Jozo Stanic,0,0.0,0.0,0.0,0.0,0.0,0.0
2019-20,261616,Juan Miranda,0,0.0,0.0,11.0,8.0,0.0,0.0
2019-20,292148,Julian Albrecht,0,0.0,0.0,0.0,0.0,0.0,0.0
2019-20,115123,Julian Baumgartlinger,0,2.0,2.0,27.0,20.0,0.0,0.0
2019-20,197628,Julian Brandt,0,3.0,7.0,33.0,25.0,0.0,0.0
2019-20,303746,Julian Justvan,0,0.0,0.0,0.0,0.0,0.0,0.0
2019-20,276969,Julian Krahl,0,0.0,0.0,0.0,0.0,0.0,0.0
2019-20,302502,Julian Rieckmann,0,0.0,0.0,0.0,0.0,0.0,0.0
2019-20,222991,Julian Ryerson,0,0.0,0.0,14.0,3.0,0.0,0.0
2019-20,129840,Julian Schieber,0,0.0,0.0,2.0,0.0,0.0,0.0
2019-20,248886,Julius Kade,0,0.0,0.0,0.0,0.0,0.0,0.0
2019-20,95290,Jérôme Boateng,0,0.0,2.0,24.0,23.0,0.0,0.0
2019-20,155600,Jérôme Roussillon,0,1.0,1.0,29.0,27.0,0.0,0.0
2019-20,159146,Kaan Ayhan,0,2.0,3.0,31.0,31.0,0.0,0.0
2019-20,303767,Kaan Kurt,0,0.0,0.0,0.0,0.0,0.0,0.0
2019-20,231182,Kai Havertz,0,12.0,6.0,30.0,29.0,0.0,0.0
2019-20,221549,Kai Pröger,0,2.0,6.0,31.0,22.0,0.0,0.0
2019-20,137148,Karim Bellarabi,0,4.0,6.0,26.0,17.0,0.0,0.0
2019-20,224309,Karim Onisiwo,0,4.0,6.0,32.0,16.0,0.0,0.0
2019-20,163961,Karim Rekik,0,1.0,0.0,14.0,14.0,0.0,0.0
2019-20,212534,Kasim Nuhu,0,1.0,0.0,13.0,11.0,0.0,0.0
2019-20,227791,Keanan Bennetts,0,0.0,0.0,1.0,0.0,0.0,0.0
2019-20,291442,Kelvin Ofori,0,0.0,0.0,2.0,0.0,0.0,0.0
2019-20,137136,Ken Reichel,0,0.0,0.0,7.0,6.0,0.0,0.0
2019-20,188057,Kenan Karaman,0,6.0,1.0,20.0,16.0,0.0,0.0
2019-20,188053,Kerem Demirbay,0,1.0,5.0,25.0,18.0,0.0,0.0
2019-20,274893,Keven Schlotterbeck,0,0.0,0.0,23.0,23.0,0.0,0.0
2019-20,177652,Kevin Akpoguma,0,0.0,0.0,18.0,12.0,0.0,0.0
2019-20,141055,Kevin Kampl,0,2.0,2.0,11.0,8.0,0.0,0.0
2019-20,176497,Kevin Mbabu,0,3.0,1.0,20.0,18.0,0.0,0.0
2019-20,220799,Kevin Möhwald,0,0.0,0.0,1.0,0.0,0.0,0.0
2019-20,175006,Kevin Stöger,0,0.0,4.0,17.0,14.0,0.0,0.0
2019-20,122280,Kevin Trapp,0,0.0,0.0,22.0,22.0,0.0,0.0
2019-20,132973,Kevin Vogt,0,0.0,0.0,25.0,25.0,0.0,0.0
2019-20,149558,Kevin Volland,0,10.0,7.0,27.0,24.0,0.0,0.0
2019-20,184012,Kingsley Coman,0,4.0,3.0,24.0,17.0,0.0,0.0
2019-20,212476,Kingsley Ehizibue,0,1.0,1.0,31.0,29.0,0.0,0.0
2019-20,259342,Kingsley Schindler,0,0.0,2.0,13.0,9.0,0.0,0.0
2019-20,208608,Klaus Gjasula,0,2.0,1.0,29.0,28.0,0.0,0.0
2019-20,140079,Koen Casteels,0,0.0,0.0,26.0,26.0,0.0,0.0
2019-20,169189,Konrad Laimer,0,2.0,6.0,29.0,26.0,0.0,0.0
2019-20,169109,Konstantinos Stafylidis,0,1.0,0.0,7.0,4.0,0.0,0.0
2019-20,237666,Krzysztof Piatek,0,4.0,1.0,15.0,9.0,0.0,0.0
2019-20,185801,Kwasi Wriedt,0,0.0,0.0,1.0,0.0,0.0,0.0
2019-20,185612,Kwon Chang-Hoon,0,2.0,0.0,23.0,6.0,0.0,0.0
2019-20,115119,Lars Bender,0,2.0,1.0,18.0,16.0,0.0,0.0
2019-20,117278,Lars Stindl,0,9.0,3.0,25.0,14.0,0.0,0.0
2019-20,164598,Laurent Jans,0,0.0,1.0,22.0,19.0,0.0,0.0
2019-20,289340,Laurenz Dehl,0,0.0,0.0,0.0,0.0,0.0,0.0
2019-20,303296,Lazar Samardzic,0,0.0,0.0,3.0,0.0,0.0,0.0
2019-20,271854,Leandro Barreiro,0,0.0,2.0,18.0,11.0,0.0,0.0
2019-20,224809,Leon Bailey,0,5.0,3.0,22.0,12.0,0.0,0.0
2019-20,275813,Leon Brüggemeier,0,0.0,0.0,0.0,0.0,0.0,0.0
2019-20,283609,Leon Dajaku,0,0.0,0.0,2.0,0.0,0.0,0.0
2019-20,174550,Leon Goretzka,0,6.0,5.0,24.0,17.0,0.0,0.0
2019-20,271555,Leonardo Balerdi,0,0.0,0.0,7.0,1.0,0.0,0.0
2019-20,157560,Leonardo Bittencourt,0,4.0,2.0,29.0,23.0,0.0,0.0
2019-20,200079,Leopold Zingerle,0,0.0,0.0,28.0,28.0,0.0,0.0
2019-20,188058,Levin Öztunali,0,4.0,3.0,27.0,19.0,0.0,0.0
2019-20,292154,Lino Kasten,0,0.0,0.0,0.0,0.0,0.0,0.0
2019-20,268127,Lino Tempelmann,0,0.0,0.0,1.0,1.0,0.0,0.0
2019-20,296302,Luc Ihorst,0,0.0,0.0,1.0,0.0,0.0,0.0
2019-20,303123,Luca Horn,0,0.0,0.0,1.0,0.0,0.0,0.0
2019-20,279958,Luca Kilian,0,0.0,0.0,15.0,14.0,0.0,0.0
2019-20,303765,Luca Netz,0,0.0,0.0,0.0,0.0,0.0,0.0
2019-20,261584,Luca Plogmann,0,0.0,0.0,0.0,0.0,0.0,0.0
2019-20,277135,Luca Unbehaun,0,0.0,0.0,0.0,0.0,0.0,0.0
2019-20,191352,Luca Waldschmidt,0,7.0,1.0,23.0,14.0,0.0,0.0
2019-20,158918,Lucas Alario,0,7.0,1.0,24.0,11.0,0.0,0.0
2019-20,196200,Lucas Hernández,0,0.0,1.0,19.0,10.0,0.0,0.0
2019-20,238525,Lucas Höler,0,8.0,2.0,34.0,28.0,0.0,0.0
2019-20,277436,Lucas Ribeiro,0,1.0,0.0,2.0,0.0,0.0,0.0
2019-20,170154,Lucas Torró,0,0.0,0.0,7.0,4.0,0.0,0.0
2019-20,192475,Ludwig Augustinsson,0,0.0,1.0,12.0,10.0,0.0,0.0
2019-20,266661,Luis Klatte,0,0.0,0.0,0.0,0.0,0.0,0.0
2019-20,134169,Lukas Hradecky,0,0.0,0.0,34.0,34.0,0.0,0.0
2019-20,201803,Lukas Klostermann,0,3.0,1.0,31.0,31.0,0.0,0.0
2019-20,223933,Lukas Klünter,0,0.0,2.0,23.0,20.0,0.0,0.0
2019-20,171701,Lukas Kübler,0,0.0,0.0,5.0,3.0,0.0,0.0
2019-20,259126,Lukas Mai,0,0.0,0.0,0.0,0.0,0.0,0.0
2019-20,100957,Lukasz Piszczek,0,1.0,3.0,29.0,25.0,0.0,0.0
2019-20,221047,László Bénes,0,0.0,4.0,22.0,10.0,0.0,0.0
2019-20,295476,Maduka Okoye,0,0.0,0.0,0.0,0.0,0.0,0.0
2019-20,191098,Mahmoud Dahoud,0,0.0,1.0,12.0,6.0,0.0,0.0
2019-20,114598,Makoto Hasebe,0,0.0,0.0,23.0,21.0,0.0,0.0
2019-20,303444,Malick Thiaw,0,0.0,0.0,4.0,0.0,0.0,0.0
2019-20,225554,Mamadou Doucouré,0,0.0,0.0,2.0,0.0,0.0,0.0
2019-20,284913,Mamoudou Karamoko,0,0.0,0.0,1.0,0.0,0.0,0.0
2019-20,214562,Manuel Akanji,0,0.0,1.0,29.0,25.0,0.0,0.0
2019-20,136810,Manuel Gulde,0,1.0,0.0,17.0,15.0,0.0,0.0
2019-20,84774,Manuel Neuer,0,0.0,0.0,33.0,33.0,0.0,0.0
2019-20,134928,Manuel Schmiedebach,0,0.0,0.0,5.0,2.0,0.0,0.0
2019-20,181287,Marcel Halstenberg,0,3.0,3.0,29.0,28.0,0.0,0.0
2019-20,110929,Marcel Risse,0,0.0,2.0,6.0,0.0,0.0,0.0
2019-20,173907,Marcel Sabitzer,0,9.0,7.0,32.0,30.0,0.0,0.0
2019-20,121536,Marcel Schmelzer,0,1.0,1.0,7.0,0.0,0.0,0.0
2019-20,199869,Marcel Sobottka,0,0.0,1.0,18.0,8.0,0.0,0.0
2019-20,191942,Marcel Tisserand,0,1.0,1.0,15.0,14.0,0.0,0.0
2019-20,232477,Marco Friedl,0,1.0,3.0,27.0,24.0,0.0,0.0
2019-20,143413,Marco Höger,0,0.0,0.0,15.0,6.0,0.0,0.0
2019-20,261212,Marco Rente,0,0.0,0.0,0.0,0.0,0.0,0.0
2019-20,122356,Marco Reus,0,11.0,5.0,19.0,18.0,0.0,0.0
2019-20,259053,Marco Richter,0,4.0,3.0,31.0,26.0,0.0,0.0
2019-20,84780,Marco Russ,0,0.0,0.0,0.0,0.0,0.0,0.0
2019-20,186324,Marcus Ingvartsen,0,5.0,2.0,28.0,20.0,0.0,0.0
2019-20,217331,Marcus Thuram,0,10.0,8.0,31.0,28.0,0.0,0.0
2019-20,67695,Marek Suchy,0,0.0,0.0,7.0,4.0,0.0,0.0
2019-20,259458,Marijan Cavar,0,0.0,0.0,0.0,0.0,0.0,0.0
2019-20,255650,Marin Pongracic,0,2.0,0.0,11.0,11.0,0.0,0.0
2019-20,143020,Mario Götze,0,3.0,0.0,15.0,5.0,0.0,0.0
2019-20,275797,Marius Bulter,0,7.0,1.0,32.0,28.0,0.0,0.0
2019-20,207623,Marius Wolf,0,1.0,3.0,21.0,15.0,0.0,0.0
2019-20,177821,Mark Flekken,0,0.0,0.0,10.0,10.0,0.0,0.0
2019-20,149391,Mark Uth,0,5.0,5.0,23.0,18.0,0.0,0.0
2019-20,219536,Marko Grujic,0,4.0,1.0,29.0,29.0,0.0,0.0
2019-20,225579,Markus Schubert,0,0.0,0.0,9.0,8.0,0.0,0.0
2019-20,113345,Markus Suttner,0,0.0,1.0,21.0,16.0,0.0,0.0
2019-20,205810,Marlon Ritter,0,0.0,1.0,11.0,3.0,0.0,0.0
2019-20,151693,Martin Hinteregger,0,8.0,1.0,31.0,30.0,0.0,0.0
2019-20,202642,Marvin Friedrich,0,2.0,0.0,31.0,31.0,0.0,0.0
2019-20,152774,Marvin Plattenhardt,0,0.0,5.0,17.0,17.0,0.0,0.0
2019-20,125465,Marwin Hitz,0,0.0,0.0,4.0,3.0,0.0,0.0
2019-20,265992,Mateu Morey,0,0.0,1.0,5.0,2.0,0.0,0.0
2019-20,259902,Matheus Cunha,0,5.0,1.0,21.0,11.0,0.0,0.0
2019-20,140994,Mathew Leckie,0,0.0,0.0,7.0,1.0,0.0,0.0
2019-20,111177,Mathias Jørgensen,0,0.0,1.0,9.0,5.0,0.0,0.0
2019-20,151765,Matija Nastasic,0,0.0,0.0,16.0,15.0,0.0,0.0
2019-20,84627,Mats Hummels,0,1.0,3.0,31.0,31.0,0.0,0.0
2019-20,170209,Matthias Ginter,0,1.0,1.0,31.0,31.0,0.0,0.0
2019-20,34107,Matthias Zimmermann,0,1.0,2.0,34.0,33.0,0.0,0.0
2019-20,265927,Maurice Malone,0,0.0,0.0,0.0,0.0,0.0,0.0
2019-20,289358,Maurice Opfermann,0,0.0,0.0,0.0,0.0,0.0,0.0
2019-20,138465,Max Grün,0,0.0,0.0,0.0,0.0,0.0,0.0
2019-20,169037,Maximilian Arnold,0,4.0,8.0,33.0,32.0,0.0,0.0
2019-20,290639,Maximilian Beier,0,0.0,0.0,6.0,0.0,0.0,0.0
2019-20,214203,Maximilian Eggestein,0,1.0,3.0,32.0,32.0,0.0,0.0
2019-20,216225,Maximilian Mittelstädt,0,1.0,3.0,26.0,19.0,0.0,0.0
2019-20,290638,Melayro Bogarde,0,0.0,0.0,2.0,1.0,0.0,0.0
2019-20,149046,Michael Esser,0,0.0,0.0,0.0,0.0,0.0,0.0
2019-20,146804,Michael Gregoritsch,0,1.0,1.0,20.0,14.0,0.0,0.0
2019-20,193223,Michael Lang,0,0.0,0.0,9.0,6.0,0.0,0.0
2019-20,85917,Michael Langer,0,0.0,0.0,0.0,0.0,0.0,0.0
2019-20,69117,Michael Parensen,0,1.0,0.0,9.0,6.0,0.0,0.0
2019-20,33879,Michael Rensing,0,0.0,0.0,0.0,0.0,0.0,0.0
2019-20,258871,Michaël Cuisance,0,1.0,0.0,9.0,3.0,0.0,0.0
2019-20,291765,Michel Stöcker,0,0.0,0.0,0.0,0.0,0.0,0.0
2019-20,192943,Mijat Gacinovic,0,0.0,1.0,23.0,11.0,0.0,0.0
2019-20,128937,Mike Frantz,0,0.0,1.0,18.0,3.0,0.0,0.0
2019-20,197342,Milos Veljkovic,0,0.0,1.0,24.0,23.0,0.0,0.0
2019-20,220705,Milot Rashica,0,8.0,5.0,28.0,27.0,0.0,0.0
2019-20,159139,Mitchell Weiser,0,1.0,0.0,18.0,14.0,0.0,0.0
2019-20,195261,Mohamed Drager,0,1.0,3.0,18.0,16.0,0.0,0.0
2019-20,238536,Moritz Nicolas,0,0.0,0.0,1.0,1.0,0.0,0.0
2019-20,270670,Moussa Diaby,0,5.0,5.0,28.0,18.0,0.0,0.0
2019-20,213181,Moussa Niakhaté,0,1.0,2.0,33.0,33.0,0.0,0.0
2019-20,274890,Muhammed Kiprit,0,0.0,0.0,0.0,0.0,0.0,0.0
2019-20,166948,Munas Dabbur,0,4.0,0.0,14.0,11.0,0.0,0.0
2019-20,290511,Munir Mercan,0,0.0,0.0,5.0,1.0,0.0,0.0
2019-20,303754,Márton Dárdai,0,0.0,0.0,0.0,0.0,0.0,0.0
2019-20,210818,Nadiem Amiri,0,1.0,2.0,30.0,22.0,0.0,0.0
2019-20,239540,Nana Ampomah,0,0.0,0.0,12.0,5.0,0.0,0.0
2019-20,287261,Nassim Boujellab,0,0.0,0.0,11.0,3.0,0.0,0.0
2019-20,98141,Neven Subotic,0,1.0,0.0,23.0,23.0,0.0,0.0
2019-20,298349,Nick Woltemade,0,0.0,0.0,5.0,1.0,0.0,0.0
2019-20,170257,Niclas Füllkrug,0,4.0,1.0,8.0,4.0,0.0,0.0
2019-20,274892,Niclas Thiede,0,0.0,0.0,1.0,0.0,0.0,0.0
2019-20,212237,Nico Elvedi,0,1.0,0.0,32.0,30.0,0.0,0.0
2019-20,286828,Nico Schlotterbeck,0,0.0,0.0,13.0,4.0,0.0,0.0
2019-20,149394,Nico Schulz,0,1.0,0.0,11.0,7.0,0.0,0.0
2019-20,149570,Nicolas Höfler,0,1.0,0.0,32.0,31.0,0.0,0.0
2019-20,238522,Niklas Hauptmann,0,0.0,0.0,0.0,0.0,0.0,0.0
2019-20,233971,Niklas Klinger,0,0.0,0.0,0.0,0.0,0.0,0.0
2019-20,251489,Niklas Kölle,0,0.0,0.0,0.0,0.0,0.0,0.0
2019-20,175069,Niklas Lomb,0,0.0,0.0,0.0,0.0,0.0,0.0
2019-20,35887,Niklas Moisander,0,0.0,0.0,22.0,22.0,0.0,0.0
2019-20,186026,Niklas Stark,0,1.0,0.0,21.0,20.0,0.0,0.0
2019-20,186263,Niklas Süle,0,0.0,1.0,8.0,8.0,0.0,0.0
2019-20,288584,Niklas Wiemann,0,0.0,0.0,0.0,0.0,0.0,0.0
2019-20,176972,Niko Gießelmann,0,1.0,1.0,25.0,22.0,0.0,0.0
2019-20,109312,Nils Petersen,0,11.0,2.0,34.0,24.0,0.0,0.0
2019-20,284950,Nils Stendera,0,0.0,0.0,0.0,0.0,0.0,0.0
2019-20,235687,Noah Joel Sarenren-Bazee,0,1.0,0.0,10.0,4.0,0.0,0.0
2019-20,283729,Noah Katterbach,0,0.0,0.0,18.0,16.0,0.0,0.0
2019-20,214188,Nordi Mukiele,0,3.0,1.0,25.0,21.0,0.0,0.0
2019-20,84643,Nuri Sahin,0,0.0,3.0,16.0,16.0,0.0,0.0
2019-20,276330,Oliver Batista Meier,0,0.0,0.0,1.0,0.0,0.0,0.0
2019-20,138213,Oliver Baumann,0,0.0,0.0,30.0,30.0,0.0,0.0
2019-20,89490,Oliver Fink,0,0.0,1.0,14.0,8.0,0.0,0.0
2019-20,303745,Omar Marmoush,0,0.0,0.0,5.0,0.0,0.0,0.0
2019-20,174966,Omar Mascarell,0,0.0,1.0,23.0,23.0,0.0,0.0
2019-20,303848,Omar Rekik,0,0.0,0.0,0.0,0.0,0.0,0.0
2019-20,300044,Omer Hanin,0,0.0,0.0,0.0,0.0,0.0,0.0
2019-20,86526,Oscar Wendt,0,2.0,2.0,25.0,18.0,0.0,0.0
2019-20,266565,Ozan Kabak,0,3.0,1.0,26.0,21.0,0.0,0.0
2019-20,255390,Pal Dardai,0,0.0,0.0,0.0,0.0,0.0,0.0
2019-20,219220,Pascal Köpke,0,0.0,0.0,4.0,1.0,0.0,0.0
2019-20,285820,Patrick Finger,0,0.0,0.0,0.0,0.0,0.0,0.0
2019-20,127259,Patrick Herrmann,0,6.0,6.0,27.0,16.0,0.0,0.0
2019-20,212330,Patrik Schick,0,10.0,2.0,22.0,15.0,0.0,0.0
2019-20,276328,Paul Will,0,0.0,0.0,0.0,0.0,0.0,0.0
2019-20,258271,Paulinho,0,3.0,2.0,13.0,1.0,0.0,0.0
2019-20,200098,Paulo Otávio,0,0.0,1.0,5.0,4.0,0.0,0.0
2019-20,149841,Pavao Pervan,0,0.0,0.0,8.0,8.0,0.0,0.0
2019-20,207401,Pavel Kaderábek,0,2.0,7.0,30.0,28.0,0.0,0.0
2019-20,69260,Per Skjelbred,0,0.0,0.0,24.0,21.0,0.0,0.0
2019-20,130849,Peter Pekarík,0,0.0,0.0,9.0,9.0,0.0,0.0
2019-20,121564,Philipp Bargfrede,0,0.0,0.0,15.0,6.0,0.0,0.0
2019-20,219316,Philipp Lienhart,0,0.0,1.0,22.0,20.0,0.0,0.0
2019-20,200856,Philipp Max,0,8.0,6.0,31.0,31.0,0.0,0.0
2019-20,89497,Philipp Pentke,0,0.0,0.0,4.0,4.0,0.0,0.0
2019-20,43498,Philipp Tschauner,0,0.0,0.0,0.0,0.0,0.0,0.0
2019-20,130372,Philippe Coutinho,0,8.0,6.0,23.0,15.0,0.0,0.0
2019-20,240485,Phillip Menzel,0,0.0,0.0,0.0,0.0,0.0,0.0
2019-20,239574,Phillipp Mwene,0,0.0,0.0,4.0,4.0,0.0,0.0
2019-20,260253,Pierre Kunde,0,4.0,0.0,28.0,22.0,0.0,0.0
2019-20,119620,Péter Gulácsi,0,0.0,1.0,32.0,32.0,0.0,0.0
2019-20,261425,Rabbi Matondo,0,2.0,0.0,20.0,14.0,0.0,0.0
2019-20,221602,Rafael Czichos,0,1.0,1.0,26.0,26.0,0.0,0.0
2019-20,176676,Rafal Gikiewicz,0,0.0,0.0,33.0,33.0,0.0,0.0
2019-20,113841,Raffael,0,0.0,0.0,8.0,0.0,0.0,0.0
2019-20,121528,Ramazan Özcan,0,0.0,0.0,0.0,0.0,0.0,0.0
2019-20,220703,Ramy Bensebaini,0,5.0,3.0,19.0,16.0,0.0,0.0
2019-20,159152,Rani Khedira,0,0.0,2.0,32.0,32.0,0.0,0.0
2019-20,188050,Raphael Framberger,0,0.0,2.0,18.0,12.0,0.0,0.0
2019-20,103174,Raphael Wolf,0,0.0,0.0,0.0,0.0,0.0,0.0
2019-20,176228,Raphaël Guerreiro,0,8.0,2.0,29.0,26.0,0.0,0.0
2019-20,210136,Reece Oxford,0,0.0,0.0,12.0,2.0,0.0,0.0
2019-20,193462,Renato Steffen,0,6.0,3.0,27.0,19.0,0.0,0.0
2019-20,258963,Ridle Baku,0,1.0,3.0,30.0,26.0,0.0,0.0
2019-20,237716,Rifet Kapic,0,0.0,0.0,0.0,0.0,0.0,0.0
2019-20,180998,Robert Andrich,0,1.0,2.0,30.0,30.0,0.0,0.0
2019-20,125824,Robert Lewandowski,0,34.0,4.0,31.0,31.0,0.0,0.0
2019-20,218596,Robert Skov,0,4.0,7.0,31.0,29.0,0.0,0.0
2019-20,303521,Robert Voloder,0,0.0,0.0,0.0,0.0,0.0,0.0
2019-20,235788,Robin Bormuth,0,0.0,0.0,3.0,2.0,0.0,0.0
2019-20,157466,Robin Knoche,0,1.0,0.0,21.0,17.0,0.0,0.0
2019-20,208285,Robin Koch,0,1.0,0.0,32.0,31.0,0.0,0.0
2019-20,183100,Robin Quaison,0,13.0,2.0,32.0,31.0,0.0,0.0
2019-20,206114,Robin Zentner,0,0.0,0.0,22.0,22.0,0.0,0.0
2019-20,287494,Rodrigo Zalazar,0,0.0,0.0,0.0,0.0,0.0,0.0
2019-20,219444,Roland Sallai,0,2.0,0.0,21.0,15.0,0.0,0.0
2019-20,175906,Roman Bürki,0,0.0,0.0,31.0,31.0,0.0,0.0
2019-20,259128,Ron-Thorben Hofmann,0,0.0,0.0,0.0,0.0,0.0,0.0
2019-20,231302,Ronael Pierre-Gabriel,0,0.0,1.0,8.0,8.0,0.0,0.0
2019-20,86096,Rouwen Hennings,0,15.0,0.0,32.0,27.0,0.0,0.0
2019-20,259513,Rubén Vargas,0,6.0,1.0,33.0,29.0,0.0,0.0
2019-20,45622,Rune Jarstein,0,0.0,0.0,29.0,29.0,0.0,0.0
2019-20,259051,Sahverdi Cetin,0,0.0,0.0,0.0,0.0,0.0,0.0
2019-20,154557,Salif Sané,0,2.0,1.0,15.0,13.0,0.0,0.0
2019-20,39964,Salomon Kalou,0,1.0,0.0,5.0,1.0,0.0,0.0
2019-20,239926,Samúel Fridjónsson,0,0.0,0.0,5.0,2.0,0.0,0.0
2019-20,233734,Santiago Ascacibar,0,0.0,1.0,8.0,7.0,0.0,0.0
2019-20,182427,Sargis Adamyan,0,5.0,1.0,15.0,6.0,0.0,0.0
2019-20,228283,Sarpreet Singh,0,0.0,0.0,2.0,1.0,0.0,0.0
2019-20,271130,Sebastiaan Bornauw,0,6.0,0.0,28.0,28.0,0.0,0.0
2019-20,148631,Sebastian Andersson,0,12.0,1.0,33.0,31.0,0.0,0.0
2019-20,104563,Sebastian Langkamp,0,0.0,0.0,5.0,3.0,0.0,0.0
2019-20,136593,Sebastian Polter,0,2.0,2.0,13.0,2.0,0.0,0.0
2019-20,122926,Sebastian Rode,0,3.0,3.0,29.0,25.0,0.0,0.0
2019-20,108592,Sebastian Rudy,0,1.0,3.0,32.0,31.0,0.0,0.0
2019-20,186148,Sebastian Schonlau,0,2.0,0.0,23.0,23.0,0.0,0.0
2019-20,231688,Sebastian Vasiliadis,0,1.0,1.0,32.0,32.0,0.0,0.0
2019-20,178980,Serge Gnabry,0,12.0,10.0,31.0,26.0,0.0,0.0
2019-20,202714,Sergio Córdova,0,2.0,1.0,16.0,4.0,0.0,0.0
2019-20,195027,Sheraldo Becker,0,0.0,2.0,13.0,5.0,0.0,0.0
2019-20,291764,Shinta Appelkamp,0,0.0,0.0,0.0,0.0,0.0,0.0
2019-20,271605,Simon Asta,0,0.0,0.0,0.0,0.0,0.0,0.0
2019-20,289694,Simon Straudi,0,0.0,0.0,0.0,0.0,0.0,0.0
2019-20,102318,Simon Terodde,0,3.0,1.0,23.0,7.0,0.0,0.0
2019-20,144620,Stefan Bell,0,0.0,0.0,0.0,0.0,0.0,0.0
2019-20,132628,Stefan Ilsanker,0,2.0,1.0,18.0,14.0,0.0,0.0
2019-20,214635,Stefan Lainer,0,1.0,3.0,31.0,31.0,0.0,0.0
2019-20,238906,Stefan Posch,0,0.0,0.0,28.0,27.0,0.0,0.0
2019-20,137717,Stefano Russo,0,0.0,0.0,0.0,0.0,0.0,0.0
2019-20,152190,Stefanos Kapino,0,0.0,0.0,1.0,1.0,0.0,0.0
2019-20,33644,Stephan Lichtsteiner,0,0.0,1.0,20.0,17.0,0.0,0.0
2019-20,149963,Steven Skrzybski,0,1.0,2.0,11.0,6.0,0.0,0.0
2019-20,121505,Steven Zuber,0,2.0,0.0,14.0,10.0,0.0,0.0
2019-20,259245,Streli Mamba,0,5.0,2.0,24.0,18.0,0.0,0.0
2019-20,227053,Suat Serdar,0,7.0,0.0,20.0,19.0,0.0,0.0
2019-20,218454,Suleiman Abdullahi,0,1.0,0.0,6.0,1.0,0.0,0.0
2019-20,89496,Sven Bender,0,2.0,1.0,33.0,33.0,0.0,0.0
2019-20,197796,Sven Michel,0,5.0,1.0,29.0,13.0,0.0,0.0
2019-20,113733,Sven Ulreich,0,0.0,0.0,1.0,1.0,0.0,0.0
2019-20,194686,Taiwo Awoniyi,0,1.0,0.0,12.0,5.0,0.0,0.0
2019-20,238518,Taylan Duman,0,0.0,0.0,0.0,0.0,0.0,0.0
2019-20,116375,Theodor Gebre Selassie,0,2.0,2.0,28.0,28.0,0.0,0.0
2019-20,135293,Thiago Alcantara,0,3.0,0.0,24.0,20.0,0.0,0.0
2019-20,151757,Thomas Delaney,0,0.0,0.0,11.0,11.0,0.0,0.0
2019-20,110948,Thomas Kessler,0,0.0,0.0,0.0,0.0,0.0,0.0
2019-20,102239,Thomas Kraft,0,0.0,0.0,4.0,4.0,0.0,0.0
2019-20,123465,Thomas Müller,0,8.0,21.0,33.0,26.0,0.0,0.0
2019-20,174519,Thomas Pledl,0,0.0,0.0,5.0,0.0,0.0,0.0
2019-20,158066,Thorgan Hazard,0,7.0,13.0,33.0,28.0,0.0,0.0
2019-20,303792,Tim Lemperle,0,0.0,0.0,1.0,0.0,0.0,0.0
2019-20,290400,Tim Schreiber,0,0.0,0.0,0.0,0.0,0.0,0.0
2019-20,220805,Tim Wiesner,0,0.0,0.0,0.0,0.0,0.0,0.0
2019-20,169481,Timo Becker,0,0.0,0.0,10.0,4.0,0.0,0.0
2019-20,160021,Timo Horn,0,0.0,0.0,34.0,34.0,0.0,0.0
2019-20,191088,Timo Werner,0,28.0,8.0,34.0,33.0,0.0,0.0
2019-20,128521,Timothy Chandler,0,5.0,1.0,22.0,12.0,0.0,0.0
2019-20,183853,Tin Jedvaj,0,2.0,0.0,31.0,30.0,0.0,0.0
2019-20,283345,Tobias Raschl,0,0.0,0.0,1.0,0.0,0.0,0.0
2019-20,122273,Tobias Sippel,0,0.0,0.0,0.0,0.0,0.0,0.0
2019-20,170228,Tobias Strobl,0,0.0,0.0,10.0,6.0,0.0,0.0
2019-20,283683,Tom Krauss,0,0.0,0.0,1.0,0.0,0.0,0.0
2019-20,178614,Tomas Koubek,0,0.0,0.0,24.0,24.0,0.0,0.0
2019-20,154087,Toni Leistner,0,0.0,0.0,13.0,11.0,0.0,0.0
2019-20,128968,Tony Jantschke,0,0.0,0.0,17.0,11.0,0.0,0.0
2019-20,258976,Torben Müsel,0,0.0,0.0,1.0,0.0,0.0,0.0
2019-20,222776,Tyler Adams,0,0.0,0.0,14.0,10.0,0.0,0.0
2019-20,254442,Ulysses Llanez,0,0.0,0.0,0.0,0.0,0.0,0.0
2019-20,85444,Uwe Hünemeier,0,1.0,0.0,16.0,13.0,0.0,0.0
2019-20,141449,Valon Berisha,0,0.0,1.0,13.0,12.0,0.0,0.0
2019-20,84701,Vedad Ibisevic,0,7.0,2.0,25.0,15.0,0.0,0.0
2019-20,179571,Vincenzo Grifo,0,4.0,8.0,27.0,17.0,0.0,0.0
2019-20,165637,Vladimír Darida,0,3.0,4.0,28.0,25.0,0.0,0.0
2019-20,199065,Wendell,0,0.0,2.0,24.0,21.0,0.0,0.0
2019-20,256715,Weston McKennie,0,3.0,0.0,28.0,24.0,0.0,0.0
2019-20,162162,Willi Orbán,0,1.0,0.0,12.0,9.0,0.0,0.0
2019-20,212077,William,0,1.0,1.0,16.0,16.0,0.0,0.0
2019-20,177042,Wout Weghorst,0,16.0,3.0,32.0,30.0,0.0,0.0
2019-20,238886,Xaver Schlager,0,1.0,2.0,23.0,21.0,0.0,0.0
2019-20,93197,Yann Sommer,0,0.0,0.0,34.0,34.0,0.0,0.0
2019-20,189529,Yannick Gerhardt,0,2.0,0.0,18.0,7.0,0.0,0.0
2019-20,266657,Yannik Keitel,0,0.0,0.0,3.0,2.0,0.0,0.0
2019-20,123255,Yoric Ravet,0,0.0,0.0,0.0,0.0,0.0,0.0
2019-20,160025,Yunus Malli,0,0.0,1.0,13.0,9.0,0.0,0.0
2019-20,182245,Yussuf Poulsen,0,5.0,6.0,22.0,12.0,0.0,0.0
2019-20,133286,Yuya Osako,0,8.0,2.0,28.0,22.0,0.0,0.0
2019-20,199381,Yvon Mvogo,0,0.0,0.0,2.0,2.0,0.0,0.0
2019-20,219276,Zack Steffen,0,0.0,0.0,17.0,17.0,0.0,0.0
2019-20,129491,Ádám Szalai,0,1.0,1.0,27.0,12.0,0.0,0.0
2019-20,236156,Álvaro Odriozola,0,0.0,0.0,3.0,2.0,0.0,0.0
2019-20,122385,Ömer Toprak,0,0.0,0.0,10.0,9.0,0.0,0.0
2020-21,242007,Aarón Martín,0,0.0,0.0,5.0,3.0,0.0,0.0
2020-21,229645,Ademola Lookman,0,0.0,0.0,0.0,0.0,0.0,0.0
2020-21,121255,Admir Mehmedi,0,0.0,2.0,18.0,8.0,0.0,0.0
2020-21,227289,Ajdin Hrustic,0,1.0,0.0,11.0,1.0,0.0,0.0
2020-21,155210,Akaki Gogia,0,0.0,1.0,7.0,0.0,0.0,0.0
2020-21,168318,Alassane Pléa,0,6.0,2.0,29.0,19.0,0.0,0.0
2020-21,142977,Aleksandar Dragovic,0,1.0,0.0,18.0,11.0,0.0,0.0
2020-21,203868,Alessandro Schöpf,0,0.0,0.0,19.0,10.0,0.0,0.0
2020-21,227054,Alexander Hack,0,1.0,0.0,21.0,14.0,0.0,0.0
2020-21,205750,Alexander Nübel,0,0.0,0.0,1.0,1.0,0.0,0.0
2020-21,156416,Alexander Schwolow,0,0.0,0.0,26.0,26.0,0.0,0.0
2020-21,188230,Alexander Sørloth,0,5.0,3.0,29.0,13.0,0.0,0.0
2020-21,231177,Alfons Amade,0,0.0,0.0,0.0,0.0,0.0,0.0
2020-21,146276,Alfred Finnbogason,0,0.0,1.0,17.0,4.0,0.0,0.0
2020-21,305893,Alkhaly Momo Cissé,0,0.0,0.0,5.0,0.0,0.0,0.0
2020-21,206371,Almamy Touré,0,1.0,1.0,17.0,8.0,0.0,0.0
2020-21,236721,Alphonso Davies,0,1.0,2.0,23.0,22.0,0.0,0.0
2020-21,228557,Amadou Haidara,0,3.0,1.0,31.0,21.0,0.0,0.0
2020-21,172295,Amin Younes,0,3.0,3.0,26.0,16.0,0.0,0.0
2020-21,238917,Amine Harit,0,2.0,5.0,28.0,25.0,0.0,0.0
2020-21,149845,Amir Abrashi,0,0.0,0.0,5.0,0.0,0.0,0.0
2020-21,275844,Amos Pieper,0,1.0,1.0,30.0,30.0,0.0,0.0
2020-21,238519,Anderson Lucoqui,0,0.0,0.0,21.0,18.0,0.0,0.0
2020-21,135807,Andreas Luthe,0,0.0,0.0,31.0,31.0,0.0,0.0
2020-21,250698,Andreas Poulsen,0,0.0,0.0,0.0,0.0,0.0,0.0
2020-21,153001,Andreas Voglsammer,0,2.0,3.0,18.0,11.0,0.0,0.0
2020-21,139520,Andrej Kramaric,0,20.0,6.0,28.0,26.0,0.0,0.0
2020-21,149078,André Hahn,0,8.0,3.0,29.0,24.0,0.0,0.0
2020-21,3368,André Silva,0,28.0,5.0,32.0,32.0,0.0,0.0
2020-21,290232,Angelo Stiller,0,0.0,0.0,0.0,0.0,0.0,0.0
2020-21,305555,Ansgar Knauff,0,1.0,1.0,4.0,0.0,0.0,0.0
2020-21,102408,Anthony Modeste,0,0.0,0.0,8.0,1.0,0.0,0.0
2020-21,145953,Anthony Ujah,0,0.0,0.0,0.0,0.0,0.0,0.0
2020-21,283057,Antonis Aidonis,0,0.0,0.0,0.0,0.0,0.0,0.0
2020-21,308843,Armindo Sieb,0,0.0,0.0,0.0,0.0,0.0,0.0
2020-21,231178,Arne Maier,0,0.0,0.0,18.0,13.0,0.0,0.0
2020-21,315882,Arne Schultz,0,0.0,0.0,0.0,0.0,0.0,0.0
2020-21,241742,Atakan Karazor,0,0.0,0.0,19.0,10.0,0.0,0.0
2020-21,164895,Axel Witsel,0,0.0,0.0,15.0,13.0,0.0,0.0
2020-21,249110,Aymen Barkok,0,2.0,3.0,26.0,9.0,0.0,0.0
2020-21,192403,Baptiste Santamaria,0,1.0,2.0,30.0,28.0,0.0,0.0
2020-21,305961,Bartosz Bialek,0,2.0,0.0,19.0,1.0,0.0,0.0
2020-21,121015,Bastian Oczipka,0,0.0,2.0,27.0,20.0,0.0,0.0
2020-21,199230,Benito Raman,0,2.0,0.0,25.0,13.0,0.0,0.0
2020-21,122411,Benjamin Hübner,0,0.0,0.0,0.0,0.0,0.0,0.0
2020-21,280668,Benjamin Leneis,0,0.0,0.0,0.0,0.0,0.0,0.0
2020-21,215378,Benjamin Pavard,0,0.0,0.0,24.0,22.0,0.0,0.0
2020-21,144280,Benjamin Stambouli,0,0.0,2.0,24.0,22.0,0.0,0.0
2020-21,166716,Benjamin Uphoff,0,0.0,0.0,0.0,0.0,0.0,0.0
2020-21,191017,Benno Schmitz,0,0.0,1.0,12.0,4.0,0.0,0.0
2020-21,178857,Birger Verstraete,0,0.0,0.0,0.0,0.0,0.0,0.0
2020-21,282216,Blendi Idrizi,0,1.0,0.0,3.0,3.0,0.0,0.0
2020-21,228319,Borna Sosa,0,0.0,9.0,26.0,25.0,0.0,0.0
2020-21,163922,Bouna Sarr,0,0.0,1.0,8.0,5.0,0.0,0.0
2020-21,194906,Brandon Borrello,0,0.0,0.0,0.0,0.0,0.0,0.0
2020-21,202099,Breel Embolo,0,5.0,2.0,31.0,16.0,0.0,0.0
2020-21,301417,Bright Arrey-Mbi,0,0.0,0.0,0.0,0.0,0.0,0.0
2020-21,319098,Brooklyn Ezeh,0,0.0,0.0,0.0,0.0,0.0,0.0
2020-21,303790,Can Bozdogan,0,0.0,1.0,14.0,5.0,0.0,0.0
2020-21,270192,Can Hayri Özkan,0,0.0,0.0,0.0,0.0,0.0,0.0
2020-21,307516,Carlo Boukhalfa,0,0.0,0.0,0.0,0.0,0.0,0.0
2020-21,199963,Carlos Gruezo,0,0.0,0.0,28.0,23.0,0.0,0.0
2020-21,184542,Cebio Soukou,0,1.0,0.0,14.0,5.0,0.0,0.0
2020-21,213499,Cedric Teuchert,0,3.0,1.0,24.0,5.0,0.0,0.0
2020-21,311094,Cem Tuna Türkmen,0,0.0,0.0,0.0,0.0,0.0,0.0
2020-21,76778,Charles Aránguiz,0,0.0,0.0,21.0,20.0,0.0,0.0
2020-21,287696,Cheon Seong-Hoon,0,0.0,0.0,0.0,0.0,0.0,0.0
2020-21,270295,Chima Sean Okoroji,0,0.0,0.0,0.0,0.0,0.0,0.0
2020-21,272585,Chris Richards,0,0.0,2.0,14.0,12.0,0.0,0.0
2020-21,258656,Christian Gebauer,0,1.0,1.0,23.0,5.0,0.0,0.0
2020-21,84755,Christian Gentner,0,0.0,0.0,22.0,13.0,0.0,0.0
2020-21,136681,Christian Groß,0,0.0,1.0,23.0,17.0,0.0,0.0
2020-21,174618,Christian Günter,0,3.0,3.0,34.0,34.0,0.0,0.0
2020-21,274897,Christoph Baumgartner,0,6.0,3.0,31.0,28.0,0.0,0.0
2020-21,160055,Christoph Kramer,0,0.0,2.0,28.0,23.0,0.0,0.0
2020-21,222447,Christopher Lenz,0,0.0,3.0,27.0,27.0,0.0,0.0
2020-21,222176,Christopher Nkunku,0,6.0,6.0,28.0,19.0,0.0,0.0
2020-21,43199,Christopher Scott,0,0.0,0.0,2.0,0.0,0.0,0.0
2020-21,146485,Christopher Trimmel,0,1.0,9.0,31.0,30.0,0.0,0.0
2020-21,283793,Clinton Mola,0,0.0,0.0,0.0,0.0,0.0,0.0
2020-21,192060,Corentin Tolisso,0,1.0,0.0,16.0,7.0,0.0,0.0
2020-21,212241,Cédric Brunner,0,0.0,1.0,31.0,30.0,0.0,0.0
2020-21,219362,Daichi Kamada,0,5.0,12.0,32.0,28.0,0.0,0.0
2020-21,269491,Daishawn Redan,0,0.0,0.0,7.0,0.0,0.0,0.0
2020-21,190986,Daley Sinkgraven,0,0.0,0.0,22.0,19.0,0.0,0.0
2020-21,258870,Dan-Axel Zagadou,0,0.0,0.0,9.0,3.0,0.0,0.0
2020-21,227765,Dani Olmo,0,5.0,9.0,32.0,26.0,0.0,0.0
2020-21,112984,Daniel Brosinski,0,2.0,1.0,21.0,16.0,0.0,0.0
2020-21,142404,Daniel Caligiuri,0,6.0,4.0,33.0,31.0,0.0,0.0
2020-21,131468,Daniel Didavi,0,4.0,3.0,23.0,10.0,0.0,0.0
2020-21,142230,Daniel Ginczek,0,0.0,0.0,11.0,1.0,0.0,0.0
2020-21,288961,Daniels Ontuzans,0,0.0,0.0,0.0,0.0,0.0,0.0
2020-21,121011,Danny Latza,0,0.0,2.0,29.0,21.0,0.0,0.0
2020-21,154603,Danny da Costa,0,0.0,1.0,22.0,16.0,0.0,0.0
2020-21,254468,Darko Churlinov,0,0.0,1.0,14.0,0.0,0.0,0.0
2020-21,118444,David Alaba,0,2.0,3.0,32.0,30.0,0.0,0.0
2020-21,196032,Davie Selke,0,3.0,0.0,23.0,7.0,0.0,0.0
2020-21,222793,Dayot Upamecano,0,1.0,0.0,29.0,27.0,0.0,0.0
2020-21,143592,Dedryck Boyata,0,1.0,0.0,19.0,17.0,0.0,0.0
2020-21,240110,Dejan Joveljic,0,0.0,0.0,0.0,0.0,0.0,0.0
2020-21,194403,Demarai Gray,0,1.0,2.0,10.0,5.0,0.0,0.0
2020-21,222628,Denis Zakaria,0,1.0,1.0,25.0,15.0,0.0,0.0
2020-21,221466,Dennis Geiger,0,1.0,1.0,9.0,9.0,0.0,0.0
2020-21,265929,Dennis Jastrzembski,0,0.0,0.0,0.0,0.0,0.0,0.0
2020-21,238921,Deyovaiso Zeefuik,0,1.0,0.0,22.0,10.0,0.0,0.0
2020-21,219466,Diadie Samassekou,0,0.0,2.0,31.0,31.0,0.0,0.0
2020-21,212238,Dimitri Oberlin,0,0.0,0.0,0.0,0.0,0.0,0.0
2020-21,223161,Dimitrios Limnios,0,0.0,0.0,12.0,2.0,0.0,0.0
2020-21,306865,Dion Berisha,0,0.0,0.0,0.0,0.0,0.0,0.0
2020-21,222446,Djibril Sow,0,0.0,2.0,28.0,25.0,0.0,0.0
2020-21,229443,Dodi Lukébakio,0,5.0,5.0,29.0,21.0,0.0,0.0
2020-21,145180,Dominick Drexler,0,2.0,1.0,27.0,11.0,0.0,0.0
2020-21,172997,Dominik Kohr,0,1.0,1.0,24.0,16.0,0.0,0.0
2020-21,257206,Dominik Szoboszlai,0,0.0,0.0,0.0,0.0,0.0,0.0
2020-21,231179,Dominik Wanner,0,0.0,0.0,0.0,0.0,0.0,0.0
2020-21,167683,Dominique Heintz,0,0.0,0.0,21.0,14.0,0.0,0.0
2020-21,307267,Dudu,0,0.0,0.0,0.0,0.0,0.0,0.0
2020-21,226970,Edimilson Fernandes,0,0.0,1.0,14.0,9.0,0.0,0.0
2020-21,257287,Edmond Tapsoba,0,1.0,0.0,31.0,29.0,0.0,0.0
2020-21,189505,Eduard Löwen,0,0.0,0.0,7.0,1.0,0.0,0.0
2020-21,304735,Elias Bördner,0,0.0,0.0,1.0,1.0,0.0,0.0
2020-21,209595,Ellyes Skhiri,0,5.0,2.0,32.0,32.0,0.0,0.0
2020-21,259055,Elvis Rexhbecaj,0,5.0,2.0,30.0,20.0,0.0,0.0
2020-21,148641,Emil Forsberg,0,7.0,4.0,29.0,20.0,0.0,0.0
2020-21,159142,Emre Can,0,1.0,4.0,28.0,23.0,0.0,0.0
2020-21,308886,Emrehan Gedikli,0,0.0,0.0,1.0,0.0,0.0,0.0
2020-21,312112,Eren Dinkci,0,1.0,0.0,8.0,1.0,0.0,0.0
2020-21,102254,Eric Maxim Choupo-Moting,0,3.0,0.0,22.0,8.0,0.0,0.0
2020-21,190480,Erik Durm,0,1.0,2.0,21.0,19.0,0.0,0.0
2020-21,199926,Erik Thommy,0,0.0,2.0,8.0,3.0,0.0,0.0
2020-21,253989,Erling Haaland,0,27.0,6.0,28.0,27.0,0.0,0.0
2020-21,269136,Ermedin Demirovic,0,5.0,6.0,30.0,19.0,0.0,0.0
2020-21,153319,Ermin Bicakcic,0,1.0,0.0,2.0,2.0,0.0,0.0
2020-21,242593,Evan Ndicka,0,3.0,1.0,23.0,23.0,0.0,0.0
2020-21,228393,Exequiel Palacios,0,0.0,0.0,9.0,7.0,0.0,0.0
2020-21,201123,Fabian Bredlow,0,0.0,0.0,1.0,1.0,0.0,0.0
2020-21,135809,Fabian Klos,0,5.0,2.0,34.0,32.0,0.0,0.0
2020-21,278011,Fabian Kunze,0,0.0,0.0,25.0,12.0,0.0,0.0
2020-21,276677,Fabrice Hartmann,0,0.0,0.0,0.0,0.0,0.0,0.0
2020-21,303757,Famana Quizera,0,0.0,0.0,0.0,0.0,0.0,0.0
2020-21,279961,Felix Agu,0,1.0,0.0,15.0,8.0,0.0,0.0
2020-21,245940,Felix Götze,0,0.0,0.0,0.0,0.0,0.0,0.0
2020-21,153489,Felix Klaus,0,0.0,0.0,6.0,1.0,0.0,0.0
2020-21,225573,Felix Passlack,0,1.0,0.0,7.0,3.0,0.0,0.0
2020-21,233499,Felix Uduokhai,0,1.0,0.0,29.0,29.0,0.0,0.0
2020-21,174496,Filip Kostic,0,4.0,14.0,30.0,29.0,0.0,0.0
2020-21,228507,Finn Dahmen,0,0.0,0.0,3.0,3.0,0.0,0.0
2020-21,291889,Florian Flick,0,1.0,0.0,4.0,4.0,0.0,0.0
2020-21,219304,Florian Grillitsch,0,2.0,1.0,26.0,22.0,0.0,0.0
2020-21,189792,Florian Hubner,0,0.0,0.0,6.0,6.0,0.0,0.0
2020-21,151464,Florian Kainz,0,1.0,0.0,8.0,6.0,0.0,0.0
2020-21,216862,Florian Kath,0,0.0,0.0,0.0,0.0,0.0,0.0
2020-21,122292,Florian Müller,0,0.0,0.0,31.0,31.0,0.0,0.0
2020-21,238527,Florian Neuhaus,0,6.0,5.0,33.0,30.0,0.0,0.0
2020-21,162096,Florian Niederlechner,0,5.0,4.0,28.0,21.0,0.0,0.0
2020-21,303748,Florian Wirtz,0,5.0,5.0,29.0,25.0,0.0,0.0
2020-21,165424,Frederik Ronnow,0,0.0,0.0,11.0,10.0,0.0,0.0
2020-21,272714,Frederik Winther,0,0.0,0.0,0.0,0.0,0.0,0.0
2020-21,221227,Fredrik Jensen,0,0.0,1.0,13.0,1.0,0.0,0.0
2020-21,319273,Gabriel Haider,0,0.0,0.0,0.0,0.0,0.0,0.0
2020-21,278061,Georginio Rutter,0,1.0,0.0,9.0,2.0,0.0,0.0
2020-21,231183,Gian-Luca Itter,0,0.0,0.0,0.0,0.0,0.0,0.0
2020-21,290230,Giovanni Reyna,0,4.0,5.0,32.0,23.0,0.0,0.0
2020-21,52644,Gonzalo Castro,0,4.0,2.0,26.0,23.0,0.0,0.0
2020-21,215726,Gonçalo Paciência,0,1.0,1.0,15.0,9.0,0.0,0.0
2020-21,238544,Gregor Kobel,0,0.0,0.0,33.0,33.0,0.0,0.0
2020-21,218714,Grischa Prömel,0,3.0,1.0,24.0,21.0,0.0,0.0
2020-21,241743,Hamadi Al Ghaddioui,0,0.0,0.0,6.0,0.0,0.0,0.0
2020-21,241663,Hamza Mendyl,0,0.0,0.0,3.0,1.0,0.0,0.0
2020-21,250852,Hannes Wolf,0,3.0,2.0,32.0,14.0,0.0,0.0
2020-21,319272,Henning Matriciani,0,0.0,0.0,1.0,0.0,0.0,0.0
2020-21,123466,Holger Badstuber,0,0.0,0.0,0.0,0.0,0.0,0.0
2020-21,305608,Hugo Novoa,0,0.0,0.0,0.0,0.0,0.0,0.0
2020-21,237224,Hwang Hee-Chan,0,0.0,1.0,18.0,3.0,0.0,0.0
2020-21,102643,Håvard Nordtveit,0,0.0,0.0,12.0,6.0,0.0,0.0
2020-21,252800,Iago,0,1.0,1.0,18.0,18.0,0.0,0.0
2020-21,251634,Ibrahima Konaté,0,1.0,0.0,14.0,8.0,0.0,0.0
2020-21,103178,Ibrahima Traoré,0,0.0,0.0,7.0,1.0,0.0,0.0
2020-21,189541,Ihlas Bebou,0,9.0,7.0,32.0,23.0,0.0,0.0
2020-21,297005,Ilay Elmkies,0,0.0,0.0,0.0,0.0,0.0,0.0
2020-21,30116,Ilia Gruev,0,0.0,0.0,1.0,0.0,0.0,0.0
2020-21,139672,Ishak Belfodil,0,0.0,1.0,14.0,7.0,0.0,0.0
2020-21,268796,Ismail Jakobs,0,1.0,1.0,23.0,18.0,0.0,0.0
2020-21,304723,Jabez Maleko,0,0.0,0.0,0.0,0.0,0.0,0.0
2020-21,4703,Jacob Barrett Laursen,0,0.0,1.0,16.0,13.0,0.0,0.0
2020-21,259836,Jadon Sancho,0,8.0,11.0,26.0,24.0,0.0,0.0
2020-21,170636,Jakob Busk,0,0.0,0.0,0.0,0.0,0.0,0.0
2020-21,303821,Jamal Musiala,0,6.0,1.0,26.0,7.0,0.0,0.0
2020-21,135805,Jan Morávek,0,0.0,0.0,5.0,3.0,0.0,0.0
2020-21,304631,Jan Olschowsky,0,0.0,0.0,0.0,0.0,0.0,0.0
2020-21,300444,Jan Thielmann,0,2.0,3.0,24.0,9.0,0.0,0.0
2020-21,310966,Jan-Luca Schuler,0,0.0,0.0,2.0,0.0,0.0,0.0
2020-21,170604,Janik Haberer,0,0.0,0.0,14.0,5.0,0.0,0.0
2020-21,261164,Jann-Fiete Arp,0,0.0,0.0,0.0,0.0,0.0,0.0
2020-21,231866,Jannes Horn,0,0.0,1.0,29.0,20.0,0.0,0.0
2020-21,258971,Javairô Dilrosun,0,0.0,1.0,12.0,5.0,0.0,0.0
2020-21,85298,Javi Martínez,0,0.0,0.0,19.0,4.0,0.0,0.0
2020-21,265924,Jean-Manuel Mbom,0,0.0,1.0,21.0,15.0,0.0,0.0
2020-21,180044,Jean-Paul Boëtius,0,2.0,4.0,31.0,23.0,0.0,0.0
2020-21,140073,Jeffrey Bruma,0,0.0,0.0,0.0,0.0,0.0,0.0
2020-21,140624,Jeffrey Gouweleeuw,0,1.0,0.0,32.0,32.0,0.0,0.0
2020-21,122396,Jens Grahl,0,0.0,0.0,0.0,0.0,0.0,0.0
2020-21,276323,Jeong Woo-Yeong,0,4.0,0.0,26.0,7.0,0.0,0.0
2020-21,281119,Jeremie Frimpong,0,0.0,0.0,10.0,4.0,0.0,0.0
2020-21,186024,Jeremy Toljan,0,0.0,0.0,0.0,0.0,0.0,0.0
2020-21,215524,Jerry St. Juste,0,0.0,1.0,32.0,32.0,0.0,0.0
2020-21,266659,Jessic Ngankam,0,2.0,0.0,15.0,2.0,0.0,0.0
2020-21,154521,Jetro Willems,0,0.0,0.0,0.0,0.0,0.0,0.0
2020-21,176058,Jhon Córdoba,0,7.0,1.0,21.0,17.0,0.0,0.0
2020-21,150375,Ji Dong-Won,0,0.0,0.0,6.0,0.0,0.0,0.0
2020-21,319097,Jimmy Kaparos,0,0.0,0.0,1.0,0.0,0.0,0.0
2020-21,212928,Jirí Pavlenka,0,0.0,0.0,34.0,34.0,0.0,0.0
2020-21,67671,Joakim Nilsson,0,0.0,0.0,25.0,24.0,0.0,0.0
2020-21,138912,Joan Simun Edmundsson,0,1.0,0.0,5.0,0.0,0.0,0.0
2020-21,259879,Joao Victor,0,1.0,1.0,21.0,3.0,0.0,0.0
2020-21,272135,Joe Scally,0,0.0,0.0,0.0,0.0,0.0,0.0
2020-21,175176,Joel Pohjanpalo,0,6.0,0.0,20.0,10.0,0.0,0.0
2020-21,39386,John Brooks,0,2.0,0.0,32.0,31.0,0.0,0.0
2020-21,290884,Jomaine Consbruch,0,0.0,0.0,0.0,0.0,0.0,0.0
2020-21,171702,Jonas Hector,0,3.0,2.0,19.0,15.0,0.0,0.0
2020-21,174617,Jonas Hofmann,0,6.0,11.0,24.0,21.0,0.0,0.0
2020-21,319417,Jonas Michel Dirkner,0,0.0,0.0,1.0,0.0,0.0,0.0
2020-21,316112,Jonas Michelbrink,0,0.0,0.0,2.0,0.0,0.0,0.0
2020-21,274887,Jonathan Burkardt,0,2.0,0.0,29.0,16.0,0.0,0.0
2020-21,273476,Jonathan Meier,0,0.0,0.0,0.0,0.0,0.0,0.0
2020-21,153290,Jonathan Schmid,0,2.0,2.0,31.0,27.0,0.0,0.0
2020-21,188052,Jonathan Tah,0,1.0,0.0,27.0,24.0,0.0,0.0
2020-21,271218,Jordan Beyer,0,0.0,0.0,4.0,2.0,0.0,0.0
2020-21,251061,Jordan Torunarigha,0,0.0,0.0,14.0,11.0,0.0,0.0
2020-21,211912,Jorge Meré,0,0.0,0.0,16.0,14.0,0.0,0.0
2020-21,290399,Joscha Wosz,0,0.0,0.0,2.0,0.0,0.0,0.0
2020-21,240533,Josep Martínez,0,0.0,0.0,1.0,1.0,0.0,0.0
2020-21,256613,Josh Sargent,0,5.0,2.0,32.0,30.0,0.0,0.0
2020-21,178433,Joshua Brenet,0,0.0,0.0,1.0,0.0,0.0,0.0
2020-21,190161,Joshua Kimmich,0,4.0,10.0,27.0,25.0,0.0,0.0
2020-21,228321,Josip Brekalo,0,7.0,3.0,29.0,22.0,0.0,0.0
2020-21,276329,Josip Stanisic,0,0.0,0.0,1.0,1.0,0.0,0.0
2020-21,130113,Josuha Guilavogui,0,0.0,0.0,20.0,7.0,0.0,0.0
2020-21,277513,Jozo Stanic,0,0.0,0.0,0.0,0.0,0.0,0.0
2020-21,291281,Jude Bellingham,0,1.0,3.0,29.0,19.0,0.0,0.0
2020-21,292148,Julian Albrecht,0,0.0,0.0,0.0,0.0,0.0,0.0
2020-21,115123,Julian Baumgartlinger,0,2.0,0.0,17.0,12.0,0.0,0.0
2020-21,197628,Julian Brandt,0,3.0,2.0,31.0,17.0,0.0,0.0
2020-21,306265,Julian Frommann,0,0.0,0.0,0.0,0.0,0.0,0.0
2020-21,276969,Julian Krahl,0,0.0,0.0,0.0,0.0,0.0,0.0
2020-21,302502,Julian Rieckmann,0,0.0,0.0,0.0,0.0,0.0,0.0
2020-21,222991,Julian Ryerson,0,0.0,1.0,24.0,10.0,0.0,0.0
2020-21,228569,Julio Villalba,0,0.0,0.0,0.0,0.0,0.0,0.0
2020-21,95290,Jérôme Boateng,0,1.0,1.0,29.0,29.0,0.0,0.0
2020-21,155600,Jérôme Roussillon,0,0.0,2.0,20.0,14.0,0.0,0.0
2020-21,303767,Kaan Kurt,0,0.0,0.0,0.0,0.0,0.0,0.0
2020-21,137148,Karim Bellarabi,0,0.0,0.0,22.0,7.0,0.0,0.0
2020-21,224309,Karim Onisiwo,0,4.0,0.0,31.0,19.0,0.0,0.0
2020-21,212534,Kasim Nuhu,0,0.0,0.0,12.0,11.0,0.0,0.0
2020-21,227791,Keanan Bennetts,0,0.0,0.0,0.0,0.0,0.0,0.0
2020-21,188053,Kerem Demirbay,0,4.0,4.0,29.0,20.0,0.0,0.0
2020-21,310965,Kerim Çalhanoglu,0,0.0,0.0,4.0,4.0,0.0,0.0
2020-21,274893,Keven Schlotterbeck,0,0.0,0.0,24.0,18.0,0.0,0.0
2020-21,177652,Kevin Akpoguma,0,1.0,0.0,16.0,14.0,0.0,0.0
2020-21,250543,Kevin Danso,0,0.0,0.0,0.0,0.0,0.0,0.0
2020-21,141055,Kevin Kampl,0,0.0,1.0,27.0,24.0,0.0,0.0
2020-21,176497,Kevin Mbabu,0,0.0,1.0,22.0,19.0,0.0,0.0
2020-21,220799,Kevin Möhwald,0,5.0,1.0,27.0,17.0,0.0,0.0
2020-21,310958,Kevin Schade,0,0.0,0.0,0.0,0.0,0.0,0.0
2020-21,175006,Kevin Stöger,0,3.0,0.0,19.0,4.0,0.0,0.0
2020-21,122280,Kevin Trapp,0,0.0,0.0,33.0,33.0,0.0,0.0
2020-21,132973,Kevin Vogt,0,0.0,1.0,24.0,20.0,0.0,0.0
2020-21,260260,Kilian Ludewig,0,0.0,0.0,6.0,6.0,0.0,0.0
2020-21,231176,Kilian Senkbeil,0,0.0,0.0,0.0,0.0,0.0,0.0
2020-21,301279,Kiliann Sildillia,0,0.0,0.0,0.0,0.0,0.0,0.0
2020-21,184012,Kingsley Coman,0,5.0,10.0,29.0,23.0,0.0,0.0
2020-21,212476,Kingsley Ehizibue,0,0.0,1.0,21.0,15.0,0.0,0.0
2020-21,259342,Kingsley Schindler,0,0.0,0.0,0.0,0.0,0.0,0.0
2020-21,23164,Klaas-Jan Huntelaar,0,2.0,1.0,9.0,7.0,0.0,0.0
2020-21,140079,Koen Casteels,0,0.0,0.0,32.0,32.0,0.0,0.0
2020-21,169189,Konrad Laimer,0,0.0,0.0,3.0,1.0,0.0,0.0
2020-21,169109,Konstantinos Stafylidis,0,0.0,0.0,0.0,0.0,0.0,0.0
2020-21,237666,Krzysztof Piatek,0,7.0,1.0,32.0,18.0,0.0,0.0
2020-21,185612,Kwon Chang-Hoon,0,0.0,0.0,12.0,1.0,0.0,0.0
2020-21,115119,Lars Bender,0,1.0,2.0,14.0,12.0,0.0,0.0
2020-21,117278,Lars Stindl,0,14.0,8.0,30.0,23.0,0.0,0.0
2020-21,148848,Lasse Sobiech,0,0.0,0.0,0.0,0.0,0.0,0.0
2020-21,289340,Laurenz Dehl,0,0.0,0.0,0.0,0.0,0.0,0.0
2020-21,303296,Lazar Samardzic,0,0.0,1.0,7.0,2.0,0.0,0.0
2020-21,271854,Leandro Barreiro,0,2.0,2.0,29.0,27.0,0.0,0.0
2020-21,231180,Lennart Grill,0,0.0,0.0,4.0,4.0,0.0,0.0
2020-21,267799,Lennart Moser,0,0.0,0.0,0.0,0.0,0.0,0.0
2020-21,224809,Leon Bailey,0,9.0,8.0,30.0,25.0,0.0,0.0
2020-21,283609,Leon Dajaku,0,0.0,0.0,2.0,0.0,0.0,0.0
2020-21,174550,Leon Goretzka,0,5.0,5.0,24.0,18.0,0.0,0.0
2020-21,271555,Leonardo Balerdi,0,0.0,0.0,0.0,0.0,0.0,0.0
2020-21,157560,Leonardo Bittencourt,0,4.0,1.0,27.0,19.0,0.0,0.0
2020-21,202641,Leroy Sané,0,6.0,9.0,32.0,18.0,0.0,0.0
2020-21,188058,Levin Öztunali,0,1.0,2.0,17.0,7.0,0.0,0.0
2020-21,299468,Lilian Egloff,0,0.0,0.0,2.0,0.0,0.0,0.0
2020-21,292154,Lino Kasten,0,0.0,0.0,0.0,0.0,0.0,0.0
2020-21,268127,Lino Tempelmann,0,0.0,0.0,10.0,2.0,0.0,0.0
2020-21,178250,Louis Schaub,0,0.0,0.0,0.0,0.0,0.0,0.0
2020-21,266676,Luan Cândido,0,0.0,0.0,0.0,0.0,0.0,0.0
2020-21,279958,Luca Kilian,0,0.0,0.0,6.0,4.0,0.0,0.0
2020-21,291116,Luca Mack,0,0.0,0.0,1.0,0.0,0.0,0.0
2020-21,303765,Luca Netz,0,1.0,0.0,11.0,2.0,0.0,0.0
2020-21,304795,Luca Philipp,0,0.0,0.0,0.0,0.0,0.0,0.0
2020-21,261584,Luca Plogmann,0,0.0,0.0,0.0,0.0,0.0,0.0
2020-21,277135,Luca Unbehaun,0,0.0,0.0,0.0,0.0,0.0,0.0
2020-21,158918,Lucas Alario,0,11.0,2.0,25.0,12.0,0.0,0.0
2020-21,196200,Lucas Hernández,0,0.0,2.0,23.0,18.0,0.0,0.0
2020-21,238525,Lucas Höler,0,4.0,4.0,33.0,22.0,0.0,0.0
2020-21,277436,Lucas Ribeiro,0,0.0,0.0,0.0,0.0,0.0,0.0
2020-21,215574,Lucas Tousart,0,1.0,0.0,26.0,25.0,0.0,0.0
2020-21,192475,Ludwig Augustinsson,0,0.0,4.0,23.0,21.0,0.0,0.0
2020-21,304725,Lukas Fahrnberger,0,0.0,0.0,0.0,0.0,0.0,0.0
2020-21,134169,Lukas Hradecky,0,0.0,0.0,29.0,29.0,0.0,0.0
2020-21,201803,Lukas Klostermann,0,1.0,0.0,23.0,15.0,0.0,0.0
2020-21,223933,Lukas Klünter,0,0.0,0.0,11.0,11.0,0.0,0.0
2020-21,171701,Lukas Kübler,0,0.0,1.0,19.0,11.0,0.0,0.0
2020-21,259126,Lukas Mai,0,0.0,0.0,0.0,0.0,0.0,0.0
2020-21,310692,Lukas Petkov,0,0.0,0.0,1.0,0.0,0.0,0.0
2020-21,311042,Lukas Schneller,0,0.0,0.0,0.0,0.0,0.0,0.0
2020-21,100957,Lukasz Piszczek,0,0.0,0.0,11.0,5.0,0.0,0.0
2020-21,221047,László Bénes,0,1.0,2.0,19.0,10.0,0.0,0.0
2020-21,162386,Mads Pedersen,0,0.0,0.0,15.0,9.0,0.0,0.0
2020-21,191098,Mahmoud Dahoud,0,1.0,1.0,21.0,15.0,0.0,0.0
2020-21,114598,Makoto Hasebe,0,0.0,0.0,29.0,26.0,0.0,0.0
2020-21,303444,Malick Thiaw,0,1.0,0.0,19.0,15.0,0.0,0.0
2020-21,301416,Malik Tillman,0,0.0,0.0,0.0,0.0,0.0,0.0
2020-21,225554,Mamadou Doucouré,0,0.0,0.0,0.0,0.0,0.0,0.0
2020-21,285226,Manu Koné,0,0.0,0.0,0.0,0.0,0.0,0.0
2020-21,214562,Manuel Akanji,0,2.0,0.0,28.0,26.0,0.0,0.0
2020-21,136810,Manuel Gulde,0,2.0,0.0,27.0,22.0,0.0,0.0
2020-21,84774,Manuel Neuer,0,0.0,0.0,33.0,33.0,0.0,0.0
2020-21,180575,Manuel Prietl,0,1.0,1.0,28.0,28.0,0.0,0.0
2020-21,242008,Marc Roca,0,0.0,0.0,6.0,2.0,0.0,0.0
2020-21,175887,Marc-Oliver Kempf,0,2.0,1.0,32.0,32.0,0.0,0.0
2020-21,181287,Marcel Halstenberg,0,2.0,2.0,24.0,19.0,0.0,0.0
2020-21,234125,Marcel Hartel,0,0.0,0.0,22.0,20.0,0.0,0.0
2020-21,314179,Marcel Johnen,0,0.0,0.0,0.0,0.0,0.0,0.0
2020-21,304903,Marcel Lotka,0,0.0,0.0,0.0,0.0,0.0,0.0
2020-21,110929,Marcel Risse,0,0.0,0.0,0.0,0.0,0.0,0.0
2020-21,173907,Marcel Sabitzer,0,8.0,3.0,27.0,24.0,0.0,0.0
2020-21,121536,Marcel Schmelzer,0,0.0,0.0,0.0,0.0,0.0,0.0
2020-21,219270,Marcelo Saracchi,0,0.0,0.0,0.0,0.0,0.0,0.0
2020-21,154394,Marcin Kaminski,0,0.0,0.0,5.0,2.0,0.0,0.0
2020-21,232477,Marco Friedl,0,0.0,0.0,32.0,31.0,0.0,0.0
2020-21,143413,Marco Höger,0,0.0,0.0,3.0,1.0,0.0,0.0
2020-21,310032,Marco John,0,0.0,0.0,14.0,12.0,0.0,0.0
2020-21,122356,Marco Reus,0,8.0,6.0,32.0,27.0,0.0,0.0
2020-21,259053,Marco Richter,0,3.0,1.0,29.0,16.0,0.0,0.0
2020-21,186324,Marcus Ingvartsen,0,3.0,5.0,30.0,24.0,0.0,0.0
2020-21,217331,Marcus Thuram,0,8.0,3.0,29.0,20.0,0.0,0.0
2020-21,67695,Marek Suchy,0,0.0,0.0,5.0,3.0,0.0,0.0
2020-21,255650,Marin Pongracic,0,0.0,1.0,10.0,7.0,0.0,0.0
2020-21,275797,Marius Bulter,0,1.0,0.0,26.0,8.0,0.0,0.0
2020-21,301426,Marius Liesegang,0,0.0,0.0,0.0,0.0,0.0,0.0
2020-21,177821,Mark Flekken,0,0.0,0.0,3.0,3.0,0.0,0.0
2020-21,149391,Mark Uth,0,3.0,1.0,20.0,18.0,0.0,0.0
2020-21,307265,Marlon Mustapha,0,0.0,0.0,0.0,0.0,0.0,0.0
2020-21,319271,Marten Winkler,0,0.0,0.0,1.0,0.0,0.0,0.0
2020-21,151693,Martin Hinteregger,0,2.0,1.0,29.0,29.0,0.0,0.0
2020-21,202642,Marvin Friedrich,0,5.0,2.0,34.0,34.0,0.0,0.0
2020-21,312337,Marvin Obuz,0,0.0,0.0,0.0,0.0,0.0,0.0
2020-21,152774,Marvin Plattenhardt,0,0.0,2.0,16.0,12.0,0.0,0.0
2020-21,125465,Marwin Hitz,0,0.0,0.0,16.0,16.0,0.0,0.0
2020-21,251840,Mateo Klimowicz,0,1.0,1.0,25.0,12.0,0.0,0.0
2020-21,265992,Mateu Morey,0,0.0,2.0,13.0,10.0,0.0,0.0
2020-21,259902,Matheus Cunha,0,7.0,4.0,27.0,25.0,0.0,0.0
2020-21,140994,Mathew Leckie,0,0.0,1.0,17.0,5.0,0.0,0.0
2020-21,310730,Mathis Bruns,0,0.0,0.0,0.0,0.0,0.0,0.0
2020-21,151765,Matija Nastasic,0,0.0,0.0,15.0,14.0,0.0,0.0
2020-21,84627,Mats Hummels,0,5.0,0.0,33.0,32.0,0.0,0.0
2020-21,310964,Matthew Hoppe,0,6.0,1.0,22.0,15.0,0.0,0.0
2020-21,170209,Matthias Ginter,0,2.0,1.0,34.0,34.0,0.0,0.0
2020-21,265927,Maurice Malone,0,0.0,0.0,0.0,0.0,0.0,0.0
2020-21,312543,Max Geschwill,0,0.0,0.0,0.0,0.0,0.0,0.0
2020-21,138465,Max Grün,0,0.0,0.0,0.0,0.0,0.0,0.0
2020-21,110846,Max Kruse,0,11.0,5.0,22.0,19.0,0.0,0.0
2020-21,180143,Max Meyer,0,0.0,0.0,10.0,3.0,0.0,0.0
2020-21,265918,Maxence Lacroix,0,1.0,1.0,30.0,29.0,0.0,0.0
2020-21,169037,Maximilian Arnold,0,3.0,6.0,30.0,30.0,0.0,0.0
2020-21,290639,Maximilian Beier,0,0.0,0.0,3.0,0.0,0.0,0.0
2020-21,214203,Maximilian Eggestein,0,2.0,5.0,33.0,33.0,0.0,0.0
2020-21,216225,Maximilian Mittelstädt,0,0.0,2.0,27.0,22.0,0.0,0.0
2020-21,276325,Maximilian Zaiser,0,0.0,0.0,0.0,0.0,0.0,0.0
2020-21,316105,Mehmet Can Aydin,0,0.0,0.0,6.0,6.0,0.0,0.0
2020-21,290638,Melayro Bogarde,0,0.0,1.0,9.0,2.0,0.0,0.0
2020-21,307264,Merveille Papela,0,0.0,0.0,1.0,0.0,0.0,0.0
2020-21,146804,Michael Gregoritsch,0,1.0,2.0,24.0,9.0,0.0,0.0
2020-21,193223,Michael Lang,0,0.0,0.0,0.0,0.0,0.0,0.0
2020-21,85917,Michael Langer,0,0.0,0.0,3.0,2.0,0.0,0.0
2020-21,184550,Michael Zetterer,0,0.0,0.0,0.0,0.0,0.0,0.0
2020-21,258871,Michaël Cuisance,0,0.0,0.0,1.0,0.0,0.0,0.0
2020-21,192943,Mijat Gacinovic,0,0.0,2.0,23.0,7.0,0.0,0.0
2020-21,316106,Mikail Maden,0,0.0,0.0,1.0,0.0,0.0,0.0
2020-21,158143,Mike van der Hoorn,0,0.0,0.0,22.0,15.0,0.0,0.0
2020-21,197342,Milos Veljkovic,0,0.0,0.0,23.0,19.0,0.0,0.0
2020-21,220705,Milot Rashica,0,3.0,1.0,24.0,14.0,0.0,0.0
2020-21,159139,Mitchell Weiser,0,1.0,0.0,5.0,2.0,0.0,0.0
2020-21,318391,Mohamed Sankoh,0,0.0,0.0,1.0,0.0,0.0,0.0
2020-21,238536,Moritz Nicolas,0,0.0,0.0,0.0,0.0,0.0,0.0
2020-21,270670,Moussa Diaby,0,4.0,10.0,32.0,28.0,0.0,0.0
2020-21,213181,Moussa Niakhaté,0,3.0,1.0,32.0,32.0,0.0,0.0
2020-21,166948,Munas Dabbur,0,4.0,0.0,22.0,11.0,0.0,0.0
2020-21,290511,Munir Mercan,0,0.0,0.0,1.0,0.0,0.0,0.0
2020-21,303754,Márton Dárdai,0,0.0,1.0,12.0,9.0,0.0,0.0
2020-21,179187,Nabil Bentaleb,0,0.0,0.0,9.0,6.0,0.0,0.0
2020-21,210818,Nadiem Amiri,0,2.0,6.0,29.0,20.0,0.0,0.0
2020-21,319415,Nahuel Nicolas Noll,0,0.0,0.0,0.0,0.0,0.0,0.0
2020-21,287261,Nassim Boujellab,0,1.0,0.0,12.0,6.0,0.0,0.0
2020-21,226978,Nathan de Medina,0,0.0,1.0,16.0,7.0,0.0,0.0
2020-21,298349,Nick Woltemade,0,0.0,0.0,6.0,1.0,0.0,0.0
2020-21,170257,Niclas Füllkrug,0,6.0,0.0,19.0,10.0,0.0,0.0
2020-21,274892,Niclas Thiede,0,0.0,0.0,0.0,0.0,0.0,0.0
2020-21,212237,Nico Elvedi,0,3.0,0.0,29.0,29.0,0.0,0.0
2020-21,286828,Nico Schlotterbeck,0,1.0,0.0,16.0,15.0,0.0,0.0
2020-21,149394,Nico Schulz,0,0.0,0.0,13.0,6.0,0.0,0.0
2020-21,216080,Nicolai Rapp,0,0.0,0.0,0.0,0.0,0.0,0.0
2020-21,149570,Nicolas Höfler,0,1.0,3.0,31.0,30.0,0.0,0.0
2020-21,238522,Niklas Hauptmann,0,0.0,0.0,0.0,0.0,0.0,0.0
2020-21,233971,Niklas Klinger,0,0.0,0.0,0.0,0.0,0.0,0.0
2020-21,175069,Niklas Lomb,0,0.0,0.0,2.0,1.0,0.0,0.0
2020-21,35887,Niklas Moisander,0,0.0,0.0,18.0,12.0,0.0,0.0
2020-21,186026,Niklas Stark,0,0.0,0.0,33.0,31.0,0.0,0.0
2020-21,186263,Niklas Süle,0,1.0,0.0,20.0,16.0,0.0,0.0
2020-21,307266,Niklas Tauer,0,0.0,0.0,5.0,0.0,0.0,0.0
2020-21,176972,Niko Gießelmann,0,0.0,0.0,13.0,4.0,0.0,0.0
2020-21,220804,Nikolai Rehnen,0,0.0,0.0,0.0,0.0,0.0,0.0
2020-21,259878,Nikolas Nartey,0,0.0,0.0,0.0,0.0,0.0,0.0
2020-21,109312,Nils Petersen,0,8.0,0.0,32.0,12.0,0.0,0.0
2020-21,238514,Nils Seufert,0,0.0,1.0,13.0,2.0,0.0,0.0
2020-21,284950,Nils Stendera,0,0.0,0.0,0.0,0.0,0.0,0.0
2020-21,220715,Nils-Jonathan Körber,0,0.0,0.0,0.0,0.0,0.0,0.0
2020-21,312894,Nishan Burkart,0,0.0,0.0,1.0,0.0,0.0,0.0
2020-21,235687,Noah Joel Sarenren-Bazee,0,0.0,1.0,5.0,0.0,0.0,0.0
2020-21,283729,Noah Katterbach,0,0.0,0.0,21.0,12.0,0.0,0.0
2020-21,306264,Noel Niemann,0,0.0,0.0,0.0,0.0,0.0,0.0
2020-21,214188,Nordi Mukiele,0,3.0,1.0,28.0,21.0,0.0,0.0
2020-21,138213,Oliver Baumann,0,0.0,0.0,31.0,31.0,0.0,0.0
2020-21,215401,Omar Alderete,0,0.0,0.0,17.0,14.0,0.0,0.0
2020-21,303745,Omar Marmoush,0,0.0,0.0,1.0,0.0,0.0,0.0
2020-21,174966,Omar Mascarell,0,1.0,1.0,24.0,21.0,0.0,0.0
2020-21,300044,Omer Hanin,0,0.0,0.0,0.0,0.0,0.0,0.0
2020-21,206072,Ondrej Duda,0,7.0,5.0,32.0,32.0,0.0,0.0
2020-21,228424,Orel Mangala,0,1.0,3.0,24.0,24.0,0.0,0.0
2020-21,221042,Oscar Linner,0,0.0,0.0,0.0,0.0,0.0,0.0
2020-21,304794,Oscar Schonfelder,0,0.0,0.0,0.0,0.0,0.0,0.0
2020-21,86526,Oscar Wendt,0,1.0,1.0,22.0,15.0,0.0,0.0
2020-21,233973,Panagiotis Retsos,0,0.0,0.0,0.0,0.0,0.0,0.0
2020-21,223266,Pascal Stenzel,0,0.0,1.0,23.0,14.0,0.0,0.0
2020-21,227043,Patrick Erras,0,0.0,0.0,4.0,0.0,0.0,0.0
2020-21,127259,Patrick Herrmann,0,0.0,3.0,27.0,9.0,0.0,0.0
2020-21,241263,Patrick Kammerbauer,0,0.0,0.0,0.0,0.0,0.0,0.0
2020-21,212330,Patrik Schick,0,9.0,1.0,29.0,20.0,0.0,0.0
2020-21,307282,Paul Nebel,0,0.0,0.0,4.0,0.0,0.0,0.0
2020-21,258271,Paulinho,0,0.0,0.0,1.0,1.0,0.0,0.0
2020-21,200098,Paulo Otávio,0,0.0,2.0,23.0,19.0,0.0,0.0
2020-21,149841,Pavao Pervan,0,0.0,0.0,2.0,2.0,0.0,0.0
2020-21,207401,Pavel Kaderábek,0,0.0,4.0,20.0,17.0,0.0,0.0
2020-21,130849,Peter Pekarík,0,3.0,1.0,23.0,22.0,0.0,0.0
2020-21,121564,Philipp Bargfrede,0,0.0,0.0,1.0,0.0,0.0,0.0
2020-21,252380,Philipp Förster,0,3.0,1.0,25.0,17.0,0.0,0.0
2020-21,160023,Philipp Klement,0,1.0,2.0,18.0,2.0,0.0,0.0
2020-21,219316,Philipp Lienhart,0,4.0,0.0,34.0,34.0,0.0,0.0
2020-21,89497,Philipp Pentke,0,0.0,0.0,3.0,3.0,0.0,0.0
2020-21,43498,Philipp Tschauner,0,0.0,0.0,0.0,0.0,0.0,0.0
2020-21,260253,Pierre Kunde,0,0.0,0.0,11.0,6.0,0.0,0.0
2020-21,119620,Péter Gulácsi,0,0.0,0.0,33.0,33.0,0.0,0.0
2020-21,221602,Rafael Czichos,0,1.0,0.0,28.0,26.0,0.0,0.0
2020-21,176676,Rafal Gikiewicz,0,0.0,0.0,34.0,34.0,0.0,0.0
2020-21,255355,Ragnar Ache,0,1.0,0.0,7.0,0.0,0.0,0.0
2020-21,94993,Ralf Fährmann,0,0.0,0.0,22.0,22.0,0.0,0.0
2020-21,220703,Ramy Bensebaini,0,4.0,0.0,25.0,20.0,0.0,0.0
2020-21,159152,Rani Khedira,0,1.0,0.0,27.0,23.0,0.0,0.0
2020-21,188050,Raphael Framberger,0,0.0,1.0,21.0,19.0,0.0,0.0
2020-21,176228,Raphaël Guerreiro,0,5.0,10.0,27.0,25.0,0.0,0.0
2020-21,210136,Reece Oxford,0,0.0,0.0,24.0,13.0,0.0,0.0
2020-21,286703,Reiner,0,1.0,1.0,14.0,1.0,0.0,0.0
2020-21,146826,Reinhold Yabo,0,1.0,0.0,13.0,8.0,0.0,0.0
2020-21,306191,Remy Vita,0,0.0,0.0,0.0,0.0,0.0,0.0
2020-21,193462,Renato Steffen,0,5.0,4.0,21.0,19.0,0.0,0.0
2020-21,258963,Ridle Baku,0,6.0,7.0,34.0,33.0,0.0,0.0
2020-21,180998,Robert Andrich,0,5.0,2.0,29.0,29.0,0.0,0.0
2020-21,235180,Robert Gumny,0,1.0,1.0,24.0,14.0,0.0,0.0
2020-21,125824,Robert Lewandowski,0,41.0,7.0,29.0,28.0,0.0,0.0
2020-21,218596,Robert Skov,0,1.0,0.0,23.0,12.0,0.0,0.0
2020-21,303521,Robert Voloder,0,0.0,0.0,0.0,0.0,0.0,0.0
2020-21,268123,Roberto Massimo,0,0.0,0.0,18.0,7.0,0.0,0.0
2020-21,157466,Robin Knoche,0,1.0,0.0,34.0,34.0,0.0,0.0
2020-21,183100,Robin Quaison,0,6.0,2.0,28.0,18.0,0.0,0.0
2020-21,206114,Robin Zentner,0,0.0,0.0,31.0,31.0,0.0,0.0
2020-21,307364,Rocco Reitz,0,0.0,0.0,2.0,1.0,0.0,0.0
2020-21,219444,Roland Sallai,0,8.0,3.0,28.0,22.0,0.0,0.0
2020-21,175906,Roman Bürki,0,0.0,0.0,19.0,18.0,0.0,0.0
2020-21,238296,Romano Schmid,0,0.0,3.0,22.0,13.0,0.0,0.0
2020-21,259128,Ron-Thorben Hofmann,0,0.0,0.0,0.0,0.0,0.0,0.0
2020-21,231302,Ronael Pierre-Gabriel,0,0.0,0.0,0.0,0.0,0.0,0.0
2020-21,259513,Rubén Vargas,0,6.0,3.0,30.0,18.0,0.0,0.0
2020-21,45622,Rune Jarstein,0,0.0,0.0,8.0,8.0,0.0,0.0
2020-21,319416,Ruwen Werthmüller,0,0.0,0.0,0.0,0.0,0.0,0.0
2020-21,154557,Salif Sané,0,0.0,0.0,14.0,11.0,0.0,0.0
2020-21,225563,Salih Özcan,0,0.0,1.0,28.0,15.0,0.0,0.0
2020-21,311429,Samed Onur,0,0.0,0.0,0.0,0.0,0.0,0.0
2020-21,87882,Sami Khedira,0,0.0,1.0,9.0,4.0,0.0,0.0
2020-21,233734,Santiago Ascacibar,0,1.0,0.0,13.0,8.0,0.0,0.0
2020-21,182427,Sargis Adamyan,0,2.0,3.0,18.0,3.0,0.0,0.0
2020-21,228283,Sarpreet Singh,0,0.0,0.0,0.0,0.0,0.0,0.0
2020-21,259131,Sasa Kalajdzic,0,16.0,5.0,33.0,23.0,0.0,0.0
2020-21,307371,Sava-Arangel Cestic,0,0.0,0.0,11.0,11.0,0.0,0.0
2020-21,170553,Sead Kolasinac,0,1.0,1.0,17.0,16.0,0.0,0.0
2020-21,271130,Sebastiaan Bornauw,0,1.0,1.0,24.0,23.0,0.0,0.0
2020-21,148631,Sebastian Andersson,0,3.0,0.0,16.0,14.0,0.0,0.0
2020-21,190031,Sebastian Griesbeck,0,0.0,0.0,24.0,8.0,0.0,0.0
2020-21,122926,Sebastian Rode,0,1.0,0.0,27.0,19.0,0.0,0.0
2020-21,178980,Serge Gnabry,0,10.0,2.0,27.0,20.0,0.0,0.0
2020-21,202714,Sergio Córdova,0,2.0,1.0,23.0,13.0,0.0,0.0
2020-21,195027,Sheraldo Becker,0,3.0,3.0,18.0,15.0,0.0,0.0
2020-21,136862,Shkodran Mustafi,0,1.0,0.0,13.0,11.0,0.0,0.0
2020-21,319332,Sidney Raebiger,0,0.0,0.0,0.0,0.0,0.0,0.0
2020-21,279282,Silas Katompa-Mvumpa,0,11.0,4.0,25.0,24.0,0.0,0.0
2020-21,144620,Stefan Bell,0,1.0,1.0,16.0,16.0,0.0,0.0
2020-21,301319,Stefan Drljaca,0,0.0,0.0,0.0,0.0,0.0,0.0
2020-21,132628,Stefan Ilsanker,0,1.0,0.0,27.0,17.0,0.0,0.0
2020-21,214635,Stefan Lainer,0,2.0,2.0,33.0,31.0,0.0,0.0
2020-21,151855,Stefan Ortega,0,0.0,1.0,34.0,34.0,0.0,0.0
2020-21,238906,Stefan Posch,0,0.0,0.0,26.0,25.0,0.0,0.0
2020-21,231764,Steffen Tigges,0,0.0,0.0,6.0,0.0,0.0,0.0
2020-21,149963,Steven Skrzybski,0,0.0,0.0,13.0,3.0,0.0,0.0
2020-21,121505,Steven Zuber,0,0.0,3.0,20.0,6.0,0.0,0.0
2020-21,227053,Suat Serdar,0,1.0,2.0,25.0,24.0,0.0,0.0
2020-21,218454,Suleiman Abdullahi,0,0.0,0.0,0.0,0.0,0.0,0.0
2020-21,89496,Sven Bender,0,0.0,0.0,18.0,14.0,0.0,0.0
2020-21,115306,Sven Schipplock,0,1.0,0.0,32.0,5.0,0.0,0.0
2020-21,311135,Sören Ahlers,0,0.0,0.0,0.0,0.0,0.0,0.0
2020-21,290726,Tanguy Coulibaly,0,2.0,1.0,31.0,17.0,0.0,0.0
2020-21,290165,Tanguy Nianzou,0,0.0,0.0,6.0,0.0,0.0,0.0
2020-21,116375,Theodor Gebre Selassie,0,3.0,1.0,34.0,34.0,0.0,0.0
2020-21,151757,Thomas Delaney,0,1.0,1.0,20.0,14.0,0.0,0.0
2020-21,166473,Thomas Meunier,0,1.0,1.0,21.0,17.0,0.0,0.0
2020-21,123465,Thomas Müller,0,11.0,19.0,32.0,31.0,0.0,0.0
2020-21,158066,Thorgan Hazard,0,1.0,3.0,16.0,8.0,0.0,0.0
2020-21,288894,Tiago Dantas,0,0.0,0.0,2.0,1.0,0.0,0.0
2020-21,290632,Tim Civeja,0,0.0,0.0,3.0,0.0,0.0,0.0
2020-21,303792,Tim Lemperle,0,0.0,0.0,0.0,0.0,0.0,0.0
2020-21,307078,Tim Maciejewski,0,0.0,0.0,1.0,0.0,0.0,0.0
2020-21,290208,Tim Siersleben,0,0.0,0.0,1.0,0.0,0.0,0.0
2020-21,169481,Timo Becker,0,0.0,0.0,20.0,18.0,0.0,0.0
2020-21,160021,Timo Horn,0,0.0,0.0,34.0,34.0,0.0,0.0
2020-21,128521,Timothy Chandler,0,1.0,0.0,15.0,3.0,0.0,0.0
2020-21,234380,Timothy Fosu-Mensah,0,0.0,0.0,6.0,5.0,0.0,0.0
2020-21,183853,Tin Jedvaj,0,0.0,0.0,3.0,2.0,0.0,0.0
2020-21,283345,Tobias Raschl,0,0.0,0.0,0.0,0.0,0.0,0.0
2020-21,122273,Tobias Sippel,0,0.0,0.0,4.0,3.0,0.0,0.0
2020-21,170228,Tobias Strobl,0,0.0,0.0,29.0,21.0,0.0,0.0
2020-21,283683,Tom Krauss,0,0.0,0.0,0.0,0.0,0.0,0.0
2020-21,178614,Tomas Koubek,0,0.0,0.0,0.0,0.0,0.0,0.0
2020-21,128968,Tony Jantschke,0,0.0,0.0,8.0,3.0,0.0,0.0
2020-21,258976,Torben Müsel,0,0.0,0.0,0.0,0.0,0.0,0.0
2020-21,283224,Tuta,0,0.0,0.0,19.0,16.0,0.0,0.0
2020-21,222776,Tyler Adams,0,1.0,1.0,28.0,22.0,0.0,0.0
2020-21,317301,Vasilis Pavlidis,0,0.0,0.0,1.0,0.0,0.0,0.0
2020-21,207361,Vincent Koziello,0,0.0,0.0,0.0,0.0,0.0,0.0
2020-21,179571,Vincenzo Grifo,0,9.0,10.0,31.0,27.0,0.0,0.0
2020-21,165637,Vladimír Darida,0,1.0,6.0,27.0,24.0,0.0,0.0
2020-21,220714,Waldemar Anton,0,0.0,1.0,31.0,30.0,0.0,0.0
2020-21,152479,Wataru Endo,0,3.0,3.0,33.0,33.0,0.0,0.0
2020-21,199065,Wendell,0,0.0,0.0,22.0,15.0,0.0,0.0
2020-21,162162,Willi Orbán,0,4.0,1.0,29.0,25.0,0.0,0.0
2020-21,212077,William,0,0.0,0.0,10.0,7.0,0.0,0.0
2020-21,177042,Wout Weghorst,0,20.0,8.0,34.0,33.0,0.0,0.0
2020-21,238886,Xaver Schlager,0,2.0,4.0,32.0,30.0,0.0,0.0
2020-21,93197,Yann Sommer,0,0.0,0.0,31.0,31.0,0.0,0.0
2020-21,304724,Yannick Brugger,0,0.0,0.0,0.0,0.0,0.0,0.0
2020-21,189529,Yannick Gerhardt,0,2.0,4.0,29.0,21.0,0.0,0.0
2020-21,266657,Yannik Keitel,0,0.0,0.0,12.0,4.0,0.0,0.0
2020-21,305554,Youssoufa Moukoko,0,3.0,0.0,14.0,2.0,0.0,0.0
2020-21,182245,Yussuf Poulsen,0,5.0,4.0,27.0,14.0,0.0,0.0
2020-21,133286,Yuya Osako,0,0.0,1.0,24.0,7.0,0.0,0.0
2020-21,129491,Ádám Szalai,0,1.0,0.0,18.0,8.0,0.0,0.0
2020-21,122385,Ömer Toprak,0,2.0,0.0,26.0,24.0,0.0,0.0
2021-22,242007,Aarón Martín,0,1.0,1.0,28.0,25.0,0.0,0.0
2021-22,304739,Abdoulaye Kamara,0,0.0,0.0,0.0,0.0,0.0,0.0
2021-22,274912,Abdourahmane Barry,0,0.0,0.0,8.0,1.0,0.0,0.0
2021-22,259154,Afimico Pululu,0,0.0,0.0,8.0,0.0,0.0,0.0
2021-22,227289,Ajdin Hrustic,0,2.0,0.0,23.0,9.0,0.0,0.0
2021-22,322457,Alan Aussi,0,0.0,0.0,0.0,0.0,0.0,0.0
2021-22,168318,Alassane Pléa,0,10.0,6.0,33.0,24.0,0.0,0.0
2021-22,203868,Alessandro Schöpf,0,1.0,0.0,31.0,27.0,0.0,0.0
2021-22,227054,Alexander Hack,0,3.0,1.0,28.0,24.0,0.0,0.0
2021-22,156416,Alexander Schwolow,0,0.0,0.0,25.0,25.0,0.0,0.0
2021-22,331058,Alexis Tibidi,0,0.0,0.0,13.0,2.0,0.0,0.0
2021-22,146276,Alfred Finnbogason,0,2.0,1.0,10.0,3.0,0.0,0.0
2021-22,206371,Almamy Touré,0,0.0,0.0,10.0,5.0,0.0,0.0
2021-22,236721,Alphonso Davies,0,0.0,3.0,22.0,20.0,0.0,0.0
2021-22,228557,Amadou Haidara,0,3.0,1.0,20.0,15.0,0.0,0.0
2021-22,291613,Amine Adli,0,3.0,3.0,25.0,13.0,0.0,0.0
2021-22,275844,Amos Pieper,0,0.0,0.0,27.0,27.0,0.0,0.0
2021-22,238519,Anderson Lucoqui,0,1.0,0.0,13.0,9.0,0.0,0.0
2021-22,238880,Andi Zeqiri,0,2.0,1.0,22.0,11.0,0.0,0.0
2021-22,177546,Andreas Linde,0,0.0,0.0,12.0,12.0,0.0,0.0
2021-22,135807,Andreas Luthe,0,0.0,0.0,27.0,27.0,0.0,0.0
2021-22,153001,Andreas Voglsammer,0,2.0,1.0,32.0,5.0,0.0,0.0
2021-22,139520,Andrej Kramaric,0,6.0,9.0,32.0,30.0,0.0,0.0
2021-22,206252,Andrey Lunev,0,0.0,0.0,1.0,1.0,0.0,0.0
2021-22,284702,András Schäfer,0,1.0,1.0,8.0,1.0,0.0,0.0
2021-22,149078,André Hahn,0,5.0,2.0,32.0,25.0,0.0,0.0
2021-22,3368,André Silva,0,11.0,3.0,33.0,24.0,0.0,0.0
2021-22,189775,Andrés Andrade,0,0.0,0.0,17.0,12.0,0.0,0.0
2021-22,214319,Angeliño,0,2.0,5.0,29.0,26.0,0.0,0.0
2021-22,290232,Angelo Stiller,0,2.0,1.0,26.0,18.0,0.0,0.0
2021-22,320920,Anselmo Garcia MacNulty,0,0.0,0.0,0.0,0.0,0.0,0.0
2021-22,305555,Ansgar Knauff,0,1.0,1.0,17.0,8.0,0.0,0.0
2021-22,150326,Anthony Losilla,0,2.0,0.0,33.0,33.0,0.0,0.0
2021-22,102408,Anthony Modeste,0,20.0,3.0,32.0,31.0,0.0,0.0
2021-22,145953,Anthony Ujah,0,0.0,0.0,3.0,0.0,0.0,0.0
2021-22,333837,Anton Kade,0,0.0,0.0,4.0,0.0,0.0,0.0
2021-22,304802,Anton Stach,0,1.0,6.0,29.0,20.0,0.0,0.0
2021-22,291966,Antonios Papadopoulos,0,0.0,0.0,2.0,0.0,0.0,0.0
2021-22,335078,António Fóti,0,0.0,0.0,0.0,0.0,0.0,0.0
2021-22,333400,Arijon Ibrahimovic,0,0.0,0.0,0.0,0.0,0.0,0.0
2021-22,286128,Armel Bella-Kotchap,0,0.0,0.0,22.0,20.0,0.0,0.0
2021-22,231178,Arne Maier,0,1.0,6.0,29.0,21.0,0.0,0.0
2021-22,315882,Arne Schultz,0,0.0,0.0,0.0,0.0,0.0,0.0
2021-22,290798,Aster Vranckx,0,2.0,0.0,24.0,12.0,0.0,0.0
2021-22,241742,Atakan Karazor,0,0.0,1.0,24.0,23.0,0.0,0.0
2021-22,164895,Axel Witsel,0,2.0,0.0,29.0,22.0,0.0,0.0
2021-22,249110,Aymen Barkok,0,0.0,0.0,5.0,2.0,0.0,0.0
2021-22,336355,Bambasé Conté,0,0.0,0.0,0.0,0.0,0.0,0.0
2021-22,305961,Bartosz Bialek,0,0.0,0.0,12.0,1.0,0.0,0.0
2021-22,121015,Bastian Oczipka,0,0.0,1.0,18.0,9.0,0.0,0.0
2021-22,323830,Ben Bobzien,0,0.0,0.0,0.0,0.0,0.0,0.0
2021-22,333737,Ben Klefisch,0,0.0,0.0,0.0,0.0,0.0,0.0
2021-22,220711,Benjamin Henrichs,0,3.0,3.0,22.0,12.0,0.0,0.0
2021-22,122411,Benjamin Hübner,0,1.0,0.0,5.0,5.0,0.0,0.0
2021-22,215378,Benjamin Pavard,0,0.0,1.0,25.0,24.0,0.0,0.0
2021-22,166716,Benjamin Uphoff,0,0.0,0.0,2.0,2.0,0.0,0.0
2021-22,191017,Benno Schmitz,0,0.0,5.0,31.0,29.0,0.0,0.0
2021-22,261355,Berkan Taz,0,0.0,0.0,0.0,0.0,0.0,0.0
2021-22,228319,Borna Sosa,0,1.0,8.0,28.0,28.0,0.0,0.0
2021-22,163922,Bouna Sarr,0,0.0,0.0,5.0,0.0,0.0,0.0
2021-22,340465,Bradley Fink,0,0.0,0.0,0.0,0.0,0.0,0.0
2021-22,174506,Branimir Hrgota,0,9.0,5.0,34.0,33.0,0.0,0.0
2021-22,202099,Breel Embolo,0,9.0,3.0,29.0,24.0,0.0,0.0
2021-22,301417,Bright Arrey-Mbi,0,0.0,0.0,0.0,0.0,0.0,0.0
2021-22,250866,Bryan Lasme,0,2.0,0.0,23.0,7.0,0.0,0.0
2021-22,326767,Burak Ince,0,0.0,0.0,5.0,1.0,0.0,0.0
2021-22,199963,Carlos Gruezo,0,0.0,0.0,17.0,9.0,0.0,0.0
2021-22,337145,Cem-Ali Dogan,0,0.0,0.0,0.0,0.0,0.0,0.0
2021-22,76778,Charles Aránguiz,0,1.0,4.0,26.0,16.0,0.0,0.0
2021-22,268951,Chris Führich,0,3.0,2.0,25.0,21.0,0.0,0.0
2021-22,272585,Chris Richards,0,1.0,1.0,20.0,13.0,0.0,0.0
2021-22,336397,Christalino Atemona,0,0.0,0.0,0.0,0.0,0.0,0.0
2021-22,259054,Christian Früchtl,0,0.0,0.0,1.0,0.0,0.0,0.0
2021-22,174618,Christian Günter,0,2.0,10.0,34.0,34.0,0.0,0.0
2021-22,274897,Christoph Baumgartner,0,7.0,2.0,29.0,23.0,0.0,0.0
2021-22,160055,Christoph Kramer,0,0.0,0.0,18.0,7.0,0.0,0.0
2021-22,259252,Christopher Antwi-Adjei,0,1.0,1.0,25.0,12.0,0.0,0.0
2021-22,222447,Christopher Lenz,0,0.0,1.0,15.0,6.0,0.0,0.0
2021-22,222176,Christopher Nkunku,0,20.0,13.0,34.0,31.0,0.0,0.0
2021-22,146485,Christopher Trimmel,0,2.0,0.0,25.0,23.0,0.0,0.0
2021-22,174554,Cimo Röcker,0,0.0,0.0,1.0,0.0,0.0,0.0
2021-22,283793,Clinton Mola,0,0.0,0.0,3.0,1.0,0.0,0.0
2021-22,296738,Conor Noss,0,0.0,0.0,3.0,0.0,0.0,0.0
2021-22,192060,Corentin Tolisso,0,2.0,1.0,15.0,8.0,0.0,0.0
2021-22,141429,Cristian Gamboa,0,1.0,0.0,23.0,20.0,0.0,0.0
2021-22,212241,Cédric Brunner,0,0.0,1.0,27.0,26.0,0.0,0.0
2021-22,219362,Daichi Kamada,0,4.0,3.0,32.0,23.0,0.0,0.0
2021-22,190986,Daley Sinkgraven,0,0.0,0.0,12.0,3.0,0.0,0.0
2021-22,258870,Dan-Axel Zagadou,0,0.0,0.0,15.0,10.0,0.0,0.0
2021-22,227765,Dani Olmo,0,3.0,3.0,19.0,7.0,0.0,0.0
2021-22,112984,Daniel Brosinski,0,0.0,0.0,11.0,4.0,0.0,0.0
2021-22,142404,Daniel Caligiuri,0,4.0,2.0,28.0,24.0,0.0,0.0
2021-22,131468,Daniel Didavi,0,0.0,1.0,10.0,2.0,0.0,0.0
2021-22,321060,Daniel Klein,0,0.0,0.0,0.0,0.0,0.0,0.0
2021-22,189538,Danilo Soares,0,0.0,1.0,30.0,30.0,0.0,0.0
2021-22,148917,Danny Blum,0,2.0,0.0,13.0,2.0,0.0,0.0
2021-22,154603,Danny da Costa,0,0.0,0.0,11.0,7.0,0.0,0.0
2021-22,340524,David Lelle,0,0.0,0.0,0.0,0.0,0.0,0.0
2021-22,283952,David Nemeth,0,0.0,0.0,6.0,2.0,0.0,0.0
2021-22,249548,David Raum,0,3.0,11.0,32.0,31.0,0.0,0.0
2021-22,196032,Davie Selke,0,4.0,0.0,25.0,10.0,0.0,0.0
2021-22,222793,Dayot Upamecano,0,1.0,6.0,28.0,25.0,0.0,0.0
2021-22,143592,Dedryck Boyata,0,0.0,0.0,23.0,22.0,0.0,0.0
2021-22,262862,Dejan Ljubicic,0,3.0,1.0,30.0,22.0,0.0,0.0
2021-22,268606,Delano Burgzorg,0,1.0,0.0,3.0,0.0,0.0,0.0
2021-22,221466,Dennis Geiger,0,2.0,2.0,20.0,17.0,0.0,0.0
2021-22,219466,Diadie Samassekou,0,2.0,0.0,24.0,21.0,0.0,0.0
2021-22,287713,Diant Ramaj,0,0.0,0.0,1.0,1.0,0.0,0.0
2021-22,304801,Dickson Abiama,0,0.0,1.0,24.0,5.0,0.0,0.0
2021-22,332317,Dikeni-Rafid Salifou,0,0.0,0.0,0.0,0.0,0.0,0.0
2021-22,222446,Djibril Sow,0,2.0,3.0,31.0,28.0,0.0,0.0
2021-22,229443,Dodi Lukébakio,0,2.0,2.0,22.0,9.0,0.0,0.0
2021-22,324662,Dominic Schmidt,0,0.0,0.0,0.0,0.0,0.0,0.0
2021-22,172997,Dominik Kohr,0,0.0,3.0,22.0,19.0,0.0,0.0
2021-22,257206,Dominik Szoboszlai,0,6.0,8.0,31.0,15.0,0.0,0.0
2021-22,167683,Dominique Heintz,0,0.0,0.0,8.0,7.0,0.0,0.0
2021-22,259481,Donyell Malen,0,5.0,3.0,27.0,20.0,0.0,0.0
2021-22,257287,Edmond Tapsoba,0,1.0,0.0,22.0,19.0,0.0,0.0
2021-22,189505,Eduard Löwen,0,2.0,2.0,26.0,15.0,0.0,0.0
2021-22,307372,Elias Kratzer,0,0.0,0.0,0.0,0.0,0.0,0.0
2021-22,209595,Ellyes Skhiri,0,4.0,1.0,22.0,20.0,0.0,0.0
2021-22,259055,Elvis Rexhbecaj,0,0.0,0.0,32.0,30.0,0.0,0.0
2021-22,148641,Emil Forsberg,0,6.0,2.0,31.0,20.0,0.0,0.0
2021-22,159142,Emre Can,0,5.0,1.0,24.0,19.0,0.0,0.0
2021-22,337360,Eniss Shabani,0,0.0,0.0,0.0,0.0,0.0,0.0
2021-22,323749,Enrique Herrero,0,0.0,0.0,0.0,0.0,0.0,0.0
2021-22,297158,Enzo Millot,0,0.0,1.0,6.0,0.0,0.0,0.0
2021-22,237807,Erhan Masovic,0,0.0,0.0,20.0,17.0,0.0,0.0
2021-22,102254,Eric Maxim Choupo-Moting,0,4.0,2.0,20.0,1.0,0.0,0.0
2021-22,190480,Erik Durm,0,0.0,1.0,7.0,7.0,0.0,0.0
2021-22,199926,Erik Thommy,0,0.0,0.0,11.0,1.0,0.0,0.0
2021-22,253989,Erling Haaland,0,22.0,8.0,24.0,21.0,0.0,0.0
2021-22,269136,Ermedin Demirovic,0,2.0,3.0,31.0,9.0,0.0,0.0
2021-22,153319,Ermin Bicakcic,0,0.0,0.0,1.0,0.0,0.0,0.0
2021-22,242593,Evan Ndicka,0,4.0,4.0,32.0,32.0,0.0,0.0
2021-22,228393,Exequiel Palacios,0,2.0,2.0,23.0,12.0,0.0,0.0
2021-22,201123,Fabian Bredlow,0,0.0,0.0,4.0,4.0,0.0,0.0
2021-22,331298,Fabian Eutinger,0,0.0,0.0,0.0,0.0,0.0,0.0
2021-22,135809,Fabian Klos,0,3.0,1.0,25.0,14.0,0.0,0.0
2021-22,278011,Fabian Kunze,0,0.0,0.0,22.0,13.0,0.0,0.0
2021-22,281122,Felix Nmecha,0,0.0,0.0,16.0,1.0,0.0,0.0
2021-22,225573,Felix Passlack,0,1.0,0.0,10.0,5.0,0.0,0.0
2021-22,233499,Felix Uduokhai,0,0.0,0.0,13.0,8.0,0.0,0.0
2021-22,174496,Filip Kostic,0,4.0,9.0,31.0,28.0,0.0,0.0
2021-22,228507,Finn Dahmen,0,0.0,0.0,2.0,2.0,0.0,0.0
2021-22,331057,Fisnik Asllani,0,0.0,0.0,2.0,0.0,0.0,0.0
2021-22,219304,Florian Grillitsch,0,0.0,0.0,18.0,16.0,0.0,0.0
2021-22,151464,Florian Kainz,0,4.0,4.0,32.0,31.0,0.0,0.0
2021-22,277660,Florian Krüger,0,1.0,2.0,27.0,12.0,0.0,0.0
2021-22,122292,Florian Müller,0,0.0,0.0,30.0,30.0,0.0,0.0
2021-22,238527,Florian Neuhaus,0,4.0,4.0,29.0,24.0,0.0,0.0
2021-22,162096,Florian Niederlechner,0,5.0,3.0,26.0,13.0,0.0,0.0
2021-22,324319,Florian Schock,0,0.0,0.0,0.0,0.0,0.0,0.0
2021-22,303748,Florian Wirtz,0,7.0,10.0,24.0,22.0,0.0,0.0
2021-22,165424,Frederik Ronnow,0,0.0,0.0,7.0,7.0,0.0,0.0
2021-22,272714,Frederik Winther,0,0.0,0.0,4.0,3.0,0.0,0.0
2021-22,238088,Fredrik André Bjørkan,0,0.0,0.0,9.0,2.0,0.0,0.0
2021-22,221227,Fredrik Jensen,0,0.0,1.0,12.0,2.0,0.0,0.0
2021-22,319273,Gabriel Haider,0,0.0,0.0,0.0,0.0,0.0,0.0
2021-22,323936,Gabriel Vidovic,0,0.0,0.0,3.0,0.0,0.0,0.0
2021-22,205912,Genki Haraguchi,0,2.0,6.0,30.0,23.0,0.0,0.0
2021-22,269948,George Bello,0,0.0,0.0,10.0,3.0,0.0,0.0
2021-22,278061,Georginio Rutter,0,8.0,2.0,33.0,13.0,0.0,0.0
2021-22,218779,Gerrit Holtmann,0,5.0,4.0,29.0,23.0,0.0,0.0
2021-22,231183,Gian-Luca Itter,0,0.0,1.0,24.0,16.0,0.0,0.0
2021-22,206580,Gideon Jung,0,0.0,0.0,5.0,1.0,0.0,0.0
2021-22,325003,Gil-Linnart Walther,0,0.0,0.0,0.0,0.0,0.0,0.0
2021-22,290230,Giovanni Reyna,0,2.0,1.0,10.0,6.0,0.0,0.0
2021-22,306932,Goktan Gurpuz,0,0.0,0.0,0.0,0.0,0.0,0.0
2021-22,52644,Gonzalo Castro,0,1.0,1.0,12.0,4.0,0.0,0.0
2021-22,215726,Gonçalo Paciência,0,3.0,0.0,18.0,4.0,0.0,0.0
2021-22,238544,Gregor Kobel,0,0.0,0.0,29.0,29.0,0.0,0.0
2021-22,218714,Grischa Prömel,0,8.0,1.0,29.0,28.0,0.0,0.0
2021-22,321058,Guilherme Ramos,0,0.0,0.0,13.0,9.0,0.0,0.0
2021-22,340464,Guillermo Bueno,0,0.0,0.0,0.0,0.0,0.0,0.0
2021-22,141689,Havard Nielsen,0,2.0,0.0,26.0,14.0,0.0,0.0
2021-22,260935,Herbert Bockhorn,0,0.0,0.0,18.0,7.0,0.0,0.0
2021-22,97111,Hiroki Ito,0,1.0,1.0,29.0,26.0,0.0,0.0
2021-22,305608,Hugo Novoa,0,1.0,0.0,8.0,1.0,0.0,0.0
2021-22,310023,Hugo Siquet,0,0.0,0.0,1.0,0.0,0.0,0.0
2021-22,102643,Håvard Nordtveit,0,0.0,0.0,11.0,1.0,0.0,0.0
2021-22,252800,Iago,0,2.0,5.0,28.0,26.0,0.0,0.0
2021-22,189541,Ihlas Bebou,0,7.0,2.0,28.0,25.0,0.0,0.0
2021-22,330242,Iker Bravo,0,0.0,0.0,1.0,0.0,0.0,0.0
2021-22,290412,Immanuel Pherai,0,0.0,0.0,1.0,0.0,0.0,0.0
2021-22,139672,Ishak Belfodil,0,5.0,2.0,26.0,17.0,0.0,0.0
2021-22,4703,Jacob Barrett Laursen,0,2.0,0.0,24.0,20.0,0.0,0.0
2021-22,233073,Jacob Bruun Larsen,0,4.0,1.0,25.0,9.0,0.0,0.0
2021-22,170636,Jakob Busk,0,0.0,0.0,0.0,0.0,0.0,0.0
2021-22,303821,Jamal Musiala,0,5.0,5.0,30.0,12.0,0.0,0.0
2021-22,339879,Jamie Gittens,0,0.0,0.0,4.0,1.0,0.0,0.0
2021-22,4804,Jamie Lawrence,0,0.0,0.0,0.0,0.0,0.0,0.0
2021-22,290811,Jamie Leweling,0,5.0,1.0,33.0,22.0,0.0,0.0
2021-22,135805,Jan Morávek,0,0.0,0.0,17.0,5.0,0.0,0.0
2021-22,304631,Jan Olschowsky,0,0.0,0.0,0.0,0.0,0.0,0.0
2021-22,300444,Jan Thielmann,0,3.0,3.0,29.0,10.0,0.0,0.0
2021-22,170604,Janik Haberer,0,3.0,0.0,26.0,7.0,0.0,0.0
2021-22,231866,Jannes Horn,0,0.0,0.0,11.0,3.0,0.0,0.0
2021-22,225570,Janni Serra,0,3.0,2.0,26.0,15.0,0.0,0.0
2021-22,328926,Jannik Horz,0,0.0,0.0,0.0,0.0,0.0,0.0
2021-22,180044,Jean-Paul Boëtius,0,2.0,2.0,33.0,19.0,0.0,0.0
2021-22,258909,Jeff Chabot,0,0.0,0.0,4.0,2.0,0.0,0.0
2021-22,140624,Jeffrey Gouweleeuw,0,2.0,0.0,29.0,29.0,0.0,0.0
2021-22,122396,Jens Grahl,0,0.0,0.0,1.0,1.0,0.0,0.0
2021-22,235789,Jens Petter Hauge,0,2.0,2.0,26.0,9.0,0.0,0.0
2021-22,276323,Jeong Woo-Yeong,0,5.0,2.0,32.0,23.0,0.0,0.0
2021-22,281119,Jeremie Frimpong,0,1.0,6.0,25.0,25.0,0.0,0.0
2021-22,215792,Jeremy Dudziak,0,2.0,0.0,22.0,15.0,0.0,0.0
2021-22,215524,Jerry St. Juste,0,1.0,0.0,8.0,7.0,0.0,0.0
2021-22,278822,Jesper Lindstrom,0,5.0,4.0,29.0,26.0,0.0,0.0
2021-22,266659,Jessic Ngankam,0,2.0,1.0,6.0,4.0,0.0,0.0
2021-22,154521,Jetro Willems,0,1.0,0.0,24.0,20.0,0.0,0.0
2021-22,67671,Joakim Nilsson,0,2.0,0.0,31.0,31.0,0.0,0.0
2021-22,272135,Joe Scally,0,1.0,2.0,30.0,20.0,0.0,0.0
2021-22,39386,John Brooks,0,1.0,0.0,31.0,29.0,0.0,0.0
2021-22,171702,Jonas Hector,0,0.0,6.0,30.0,30.0,0.0,0.0
2021-22,174617,Jonas Hofmann,0,12.0,5.0,26.0,24.0,0.0,0.0
2021-22,319417,Jonas Michel Dirkner,0,0.0,0.0,0.0,0.0,0.0,0.0
2021-22,316112,Jonas Michelbrink,0,0.0,0.0,0.0,0.0,0.0,0.0
2021-22,323790,Jonas Urbig,0,0.0,0.0,0.0,0.0,0.0,0.0
2021-22,271215,Jonas Wind,0,5.0,2.0,14.0,14.0,0.0,0.0
2021-22,274887,Jonathan Burkardt,0,11.0,3.0,34.0,32.0,0.0,0.0
2021-22,153290,Jonathan Schmid,0,0.0,1.0,13.0,6.0,0.0,0.0
2021-22,188052,Jonathan Tah,0,2.0,3.0,33.0,33.0,0.0,0.0
2021-22,271218,Jordan Beyer,0,0.0,0.0,17.0,15.0,0.0,0.0
2021-22,320919,Jordan Meyer,0,0.0,0.0,0.0,0.0,0.0,0.0
2021-22,240533,Josep Martínez,0,0.0,0.0,1.0,1.0,0.0,0.0
2021-22,190161,Joshua Kimmich,0,3.0,11.0,28.0,28.0,0.0,0.0
2021-22,276329,Josip Stanisic,0,1.0,0.0,13.0,6.0,0.0,0.0
2021-22,299910,Josko Gvardiol,0,2.0,2.0,29.0,28.0,0.0,0.0
2021-22,291281,Jude Bellingham,0,3.0,8.0,32.0,32.0,0.0,0.0
2021-22,292148,Julian Albrecht,0,0.0,0.0,0.0,0.0,0.0,0.0
2021-22,115123,Julian Baumgartlinger,0,0.0,0.0,6.0,1.0,0.0,0.0
2021-22,197628,Julian Brandt,0,9.0,8.0,31.0,22.0,0.0,0.0
2021-22,339898,Julian Eitscberger,0,0.0,0.0,1.0,1.0,0.0,0.0
2021-22,306265,Julian Frommann,0,0.0,0.0,0.0,0.0,0.0,0.0
2021-22,191018,Julian Green,0,0.0,0.0,24.0,12.0,0.0,0.0
2021-22,222991,Julian Ryerson,0,2.0,0.0,28.0,13.0,0.0,0.0
2021-22,270817,Jurgen Ekkelenkamp,0,3.0,0.0,21.0,6.0,0.0,0.0
2021-22,282582,Justin Che,0,0.0,0.0,2.0,0.0,0.0,0.0
2021-22,340639,Justin Njinmah,0,0.0,0.0,0.0,0.0,0.0,0.0
2021-22,155600,Jérôme Roussillon,0,1.0,0.0,26.0,18.0,0.0,0.0
2021-22,167213,Jürgen Locadia,0,2.0,1.0,11.0,4.0,0.0,0.0
2021-22,303767,Kaan Kurt,0,0.0,0.0,0.0,0.0,0.0,0.0
2021-22,325043,Kaito Mizuta,0,0.0,0.0,0.0,0.0,0.0,0.0
2021-22,137148,Karim Bellarabi,0,3.0,2.0,16.0,9.0,0.0,0.0
2021-22,224309,Karim Onisiwo,0,5.0,8.0,31.0,28.0,0.0,0.0
2021-22,212534,Kasim Nuhu,0,0.0,0.0,3.0,0.0,0.0,0.0
2021-22,227791,Keanan Bennetts,0,0.0,0.0,4.0,0.0,0.0,0.0
2021-22,237059,Keita Endo,0,0.0,0.0,4.0,0.0,0.0,0.0
2021-22,297156,Kelian Nsona Wa Saka,0,0.0,0.0,0.0,0.0,0.0,0.0
2021-22,337080,Kenneth Schmidt,0,0.0,0.0,0.0,0.0,0.0,0.0
2021-22,337144,Kenson Bauer,0,0.0,0.0,0.0,0.0,0.0,0.0
2021-22,188053,Kerem Demirbay,0,1.0,4.0,29.0,23.0,0.0,0.0
2021-22,274893,Keven Schlotterbeck,0,0.0,0.0,12.0,3.0,0.0,0.0
2021-22,177652,Kevin Akpoguma,0,2.0,3.0,26.0,19.0,0.0,0.0
2021-22,221614,Kevin Behrens,0,2.0,2.0,24.0,2.0,0.0,0.0
2021-22,141055,Kevin Kampl,0,0.0,1.0,27.0,25.0,0.0,0.0
2021-22,176497,Kevin Mbabu,0,0.0,0.0,24.0,14.0,0.0,0.0
2021-22,220799,Kevin Möhwald,0,0.0,0.0,16.0,3.0,0.0,0.0
2021-22,183529,Kevin Paredes,0,0.0,0.0,2.0,0.0,0.0,0.0
2021-22,310958,Kevin Schade,0,4.0,1.0,21.0,7.0,0.0,0.0
2021-22,175006,Kevin Stöger,0,1.0,1.0,23.0,1.0,0.0,0.0
2021-22,122280,Kevin Trapp,0,0.0,0.0,32.0,32.0,0.0,0.0
2021-22,132973,Kevin Vogt,0,0.0,2.0,30.0,29.0,0.0,0.0
2021-22,66880,Kevin-Prince Boateng,0,0.0,0.0,18.0,8.0,0.0,0.0
2021-22,301279,Kiliann Sildillia,0,0.0,0.0,7.0,1.0,0.0,0.0
2021-22,321062,Kimberly Ezekwem,0,0.0,0.0,0.0,0.0,0.0,0.0
2021-22,184012,Kingsley Coman,0,6.0,3.0,21.0,16.0,0.0,0.0
2021-22,212476,Kingsley Ehizibue,0,0.0,1.0,16.0,6.0,0.0,0.0
2021-22,259342,Kingsley Schindler,0,1.0,2.0,18.0,1.0,0.0,0.0
2021-22,140079,Koen Casteels,0,0.0,0.0,28.0,28.0,0.0,0.0
2021-22,285470,Kolbeinn Finnsson,0,0.0,0.0,0.0,0.0,0.0,0.0
2021-22,169189,Konrad Laimer,0,4.0,4.0,26.0,15.0,0.0,0.0
2021-22,242705,Konstantinos Mavropanos,0,4.0,0.0,31.0,31.0,0.0,0.0
2021-22,169109,Konstantinos Stafylidis,0,0.0,1.0,24.0,15.0,0.0,0.0
2021-22,238929,Kristijan Jakic,0,1.0,1.0,26.0,21.0,0.0,0.0
2021-22,117278,Lars Stindl,0,4.0,5.0,26.0,20.0,0.0,0.0
2021-22,321061,Lasse Günther,0,0.0,0.0,5.0,1.0,0.0,0.0
2021-22,321057,Lasse Rieß,0,0.0,0.0,0.0,0.0,0.0,0.0
2021-22,312520,Lasse Schulz,0,0.0,0.0,0.0,0.0,0.0,0.0
2021-22,289340,Laurenz Dehl,0,0.0,0.0,0.0,0.0,0.0,0.0
2021-22,271854,Leandro Barreiro,0,1.0,2.0,31.0,20.0,0.0,0.0
2021-22,310375,Lee Dong-Jun,0,0.0,0.0,4.0,1.0,0.0,0.0
2021-22,134103,Lee Jae-Sung,0,4.0,3.0,26.0,19.0,0.0,0.0
2021-22,267798,Lennard Maloney,0,0.0,0.0,2.0,0.0,0.0,0.0
2021-22,231180,Lennart Grill,0,0.0,0.0,1.0,1.0,0.0,0.0
2021-22,174550,Leon Goretzka,0,3.0,3.0,19.0,19.0,0.0,0.0
2021-22,275820,Leon Schaffran,0,0.0,0.0,0.0,0.0,0.0,0.0
2021-22,202641,Leroy Sané,0,7.0,7.0,32.0,22.0,0.0,0.0
2021-22,188058,Levin Öztunali,0,0.0,0.0,18.0,5.0,0.0,0.0
2021-22,299468,Lilian Egloff,0,0.0,0.0,4.0,0.0,0.0,0.0
2021-22,324233,Linus Gechter,0,1.0,0.0,13.0,6.0,0.0,0.0
2021-22,340115,Lion Semic,0,0.0,0.0,1.0,0.0,0.0,0.0
2021-22,178250,Louis Schaub,0,1.0,2.0,28.0,6.0,0.0,0.0
2021-22,324322,Luca Bazzoli,0,0.0,0.0,0.0,0.0,0.0,0.0
2021-22,279958,Luca Kilian,0,1.0,0.0,31.0,25.0,0.0,0.0
2021-22,303765,Luca Netz,0,0.0,4.0,24.0,17.0,0.0,0.0
2021-22,304795,Luca Philipp,0,0.0,0.0,0.0,0.0,0.0,0.0
2021-22,277135,Luca Unbehaun,0,0.0,0.0,0.0,0.0,0.0,0.0
2021-22,191352,Luca Waldschmidt,0,1.0,0.0,14.0,9.0,0.0,0.0
2021-22,340235,Luca Wollschläger,0,0.0,0.0,2.0,0.0,0.0,0.0
2021-22,158918,Lucas Alario,0,6.0,0.0,27.0,5.0,0.0,0.0
2021-22,323079,Lucas Copado,0,0.0,0.0,1.0,0.0,0.0,0.0
2021-22,196200,Lucas Hernández,0,0.0,1.0,25.0,25.0,0.0,0.0
2021-22,238525,Lucas Höler,0,7.0,3.0,34.0,30.0,0.0,0.0
2021-22,215574,Lucas Tousart,0,2.0,0.0,30.0,22.0,0.0,0.0
2021-22,312706,Luis Hartwig,0,0.0,0.0,1.0,0.0,0.0,0.0
2021-22,134169,Lukas Hradecky,0,0.0,0.0,32.0,32.0,0.0,0.0
2021-22,201803,Lukas Klostermann,0,0.0,1.0,23.0,17.0,0.0,0.0
2021-22,223933,Lukas Klünter,0,0.0,0.0,5.0,2.0,0.0,0.0
2021-22,171701,Lukas Kübler,0,2.0,0.0,29.0,27.0,0.0,0.0
2021-22,258956,Lukas Nmecha,0,8.0,0.0,25.0,18.0,0.0,0.0
2021-22,221047,László Bénes,0,0.0,0.0,13.0,2.0,0.0,0.0
2021-22,162386,Mads Pedersen,0,2.0,1.0,29.0,15.0,0.0,0.0
2021-22,191098,Mahmoud Dahoud,0,2.0,3.0,22.0,20.0,0.0,0.0
2021-22,114598,Makoto Hasebe,0,0.0,0.0,18.0,12.0,0.0,0.0
2021-22,301416,Malik Tillman,0,0.0,0.0,4.0,1.0,0.0,0.0
2021-22,225554,Mamadou Doucouré,0,0.0,0.0,0.0,0.0,0.0,0.0
2021-22,285226,Manu Koné,0,2.0,0.0,27.0,26.0,0.0,0.0
2021-22,214562,Manuel Akanji,0,1.0,0.0,26.0,25.0,0.0,0.0
2021-22,136810,Manuel Gulde,0,0.0,0.0,20.0,14.0,0.0,0.0
2021-22,84774,Manuel Neuer,0,0.0,0.0,28.0,28.0,0.0,0.0
2021-22,180575,Manuel Prietl,0,0.0,2.0,26.0,23.0,0.0,0.0
2021-22,137226,Manuel Riemann,0,0.0,1.0,31.0,31.0,0.0,0.0
2021-22,242008,Marc Roca,0,0.0,0.0,9.0,4.0,0.0,0.0
2021-22,175887,Marc-Oliver Kempf,0,3.0,1.0,24.0,22.0,0.0,0.0
2021-22,181287,Marcel Halstenberg,0,1.0,0.0,8.0,5.0,0.0,0.0
2021-22,304903,Marcel Lotka,0,0.0,0.0,10.0,9.0,0.0,0.0
2021-22,173907,Marcel Sabitzer,0,1.0,1.0,27.0,8.0,0.0,0.0
2021-22,121536,Marcel Schmelzer,0,0.0,0.0,0.0,0.0,0.0,0.0
2021-22,214467,Marco Hober,0,0.0,0.0,0.0,0.0,0.0,0.0
2021-22,310032,Marco John,0,0.0,0.0,2.0,0.0,0.0,0.0
2021-22,289361,Marco Meyerhöfer,0,1.0,0.0,26.0,25.0,0.0,0.0
2021-22,324270,Marco Pasalic,0,0.0,0.0,0.0,0.0,0.0,0.0
2021-22,122356,Marco Reus,0,9.0,14.0,29.0,29.0,0.0,0.0
2021-22,259053,Marco Richter,0,5.0,1.0,30.0,19.0,0.0,0.0
2021-22,186324,Marcus Ingvartsen,0,6.0,0.0,28.0,8.0,0.0,0.0
2021-22,217331,Marcus Thuram,0,3.0,0.0,21.0,9.0,0.0,0.0
2021-22,255650,Marin Pongracic,0,0.0,0.0,17.0,9.0,0.0,0.0
2021-22,238129,Marius Funk,0,0.0,0.0,8.0,8.0,0.0,0.0
2021-22,207623,Marius Wolf,0,3.0,1.0,27.0,15.0,0.0,0.0
2021-22,177821,Mark Flekken,0,0.0,0.0,32.0,32.0,0.0,0.0
2021-22,149391,Mark Uth,0,5.0,8.0,30.0,24.0,0.0,0.0
2021-22,324234,Marlon Morgenstern,0,0.0,0.0,0.0,0.0,0.0,0.0
2021-22,319271,Marten Winkler,0,0.0,0.0,1.0,0.0,0.0,0.0
2021-22,151693,Martin Hinteregger,0,1.0,0.0,27.0,25.0,0.0,0.0
2021-22,202642,Marvin Friedrich,0,0.0,0.0,21.0,20.0,0.0,0.0
2021-22,312337,Marvin Obuz,0,0.0,0.0,0.0,0.0,0.0,0.0
2021-22,152774,Marvin Plattenhardt,0,0.0,3.0,21.0,19.0,0.0,0.0
2021-22,205751,Marvin Schwäbe,0,0.0,0.0,21.0,21.0,0.0,0.0
2021-22,125465,Marwin Hitz,0,0.0,0.0,5.0,4.0,0.0,0.0
2021-22,222794,Masaya Okugawa,0,8.0,1.0,33.0,30.0,0.0,0.0
2021-22,251840,Mateo Klimowicz,0,0.0,1.0,15.0,7.0,0.0,0.0
2021-22,265992,Mateu Morey,0,0.0,0.0,0.0,0.0,0.0,0.0
2021-22,294277,Mathias Olesen,0,0.0,0.0,3.0,0.0,0.0,0.0
2021-22,84627,Mats Hummels,0,1.0,2.0,23.0,20.0,0.0,0.0
2021-22,340132,Matteo Bignetti,0,0.0,0.0,0.0,0.0,0.0,0.0
2021-22,170209,Matthias Ginter,0,1.0,0.0,28.0,27.0,0.0,0.0
2021-22,258973,Matthias Köbbing,0,0.0,0.0,0.0,0.0,0.0,0.0
2021-22,216461,Max Christiansen,0,0.0,0.0,27.0,22.0,0.0,0.0
2021-22,110846,Max Kruse,0,12.0,5.0,30.0,30.0,0.0,0.0
2021-22,265918,Maxence Lacroix,0,0.0,0.0,29.0,29.0,0.0,0.0
2021-22,238531,Maxim Leitsch,0,1.0,0.0,19.0,17.0,0.0,0.0
2021-22,169037,Maximilian Arnold,0,4.0,2.0,34.0,34.0,0.0,0.0
2021-22,184551,Maximilian Bauer,0,0.0,0.0,26.0,18.0,0.0,0.0
2021-22,214203,Maximilian Eggestein,0,1.0,2.0,31.0,26.0,0.0,0.0
2021-22,216225,Maximilian Mittelstädt,0,0.0,5.0,24.0,16.0,0.0,0.0
2021-22,328930,Maximilian Neutgens,0,0.0,0.0,0.0,0.0,0.0,0.0
2021-22,202802,Maximilian Philipp,0,1.0,4.0,22.0,12.0,0.0,0.0
2021-22,337906,Maximilian Somnitz,0,0.0,0.0,0.0,0.0,0.0,0.0
2021-22,332289,Mehmet Ibrahimi,0,0.0,0.0,0.0,0.0,0.0,0.0
2021-22,303300,Mert-Yusuf Torlak,0,0.0,0.0,0.0,0.0,0.0,0.0
2021-22,307264,Merveille Papela,0,0.0,0.0,5.0,0.0,0.0,0.0
2021-22,149046,Michael Esser,0,0.0,0.0,3.0,3.0,0.0,0.0
2021-22,146804,Michael Gregoritsch,0,9.0,0.0,25.0,15.0,0.0,0.0
2021-22,296512,Micky van de Ven,0,0.0,1.0,5.0,2.0,0.0,0.0
2021-22,324185,Mika Schroers,0,0.0,0.0,0.0,0.0,0.0,0.0
2021-22,228628,Milos Pantovic,0,4.0,3.0,28.0,18.0,0.0,0.0
2021-22,267573,Mitchel Bakker,0,1.0,4.0,25.0,19.0,0.0,0.0
2021-22,318391,Mohamed Sankoh,0,0.0,0.0,1.0,0.0,0.0,0.0
2021-22,277306,Mohamed Simakan,0,1.0,0.0,28.0,23.0,0.0,0.0
2021-22,270670,Moussa Diaby,0,13.0,12.0,32.0,32.0,0.0,0.0
2021-22,213181,Moussa Niakhaté,0,4.0,0.0,30.0,29.0,0.0,0.0
2021-22,166948,Munas Dabbur,0,3.0,4.0,27.0,17.0,0.0,0.0
2021-22,255654,Myziane Maolida,0,1.0,1.0,14.0,9.0,0.0,0.0
2021-22,303754,Márton Dárdai,0,0.0,1.0,12.0,9.0,0.0,0.0
2021-22,319415,Nahuel Nicolas Noll,0,0.0,0.0,0.0,0.0,0.0,0.0
2021-22,297775,Naouirou Ahamada,0,0.0,0.0,3.0,0.0,0.0,0.0
2021-22,226978,Nathan de Medina,0,0.0,0.0,19.0,7.0,0.0,0.0
2021-22,136917,Nick Proschwitz,0,0.0,0.0,1.0,0.0,0.0,0.0
2021-22,131354,Nick Viergever,0,0.0,0.0,24.0,24.0,0.0,0.0
2021-22,212237,Nico Elvedi,0,1.0,0.0,28.0,28.0,0.0,0.0
2021-22,286828,Nico Schlotterbeck,0,4.0,1.0,32.0,32.0,0.0,0.0
2021-22,149394,Nico Schulz,0,0.0,2.0,16.0,9.0,0.0,0.0
2021-22,105943,Nicolas Feldhahn,0,0.0,0.0,0.0,0.0,0.0,0.0
2021-22,149570,Nicolas Höfler,0,2.0,4.0,30.0,30.0,0.0,0.0
2021-22,225567,Niklas Dorsch,0,1.0,0.0,30.0,27.0,0.0,0.0
2021-22,238522,Niklas Hauptmann,0,0.0,0.0,0.0,0.0,0.0,0.0
2021-22,233971,Niklas Klinger,0,0.0,0.0,0.0,0.0,0.0,0.0
2021-22,175069,Niklas Lomb,0,0.0,0.0,0.0,0.0,0.0,0.0
2021-22,328236,Niklas Petzsch,0,0.0,0.0,0.0,0.0,0.0,0.0
2021-22,186026,Niklas Stark,0,1.0,0.0,26.0,22.0,0.0,0.0
2021-22,186263,Niklas Süle,0,1.0,2.0,28.0,19.0,0.0,0.0
2021-22,307266,Niklas Tauer,0,0.0,0.0,11.0,6.0,0.0,0.0
2021-22,176972,Niko Gießelmann,0,3.0,6.0,28.0,25.0,0.0,0.0
2021-22,259878,Nikolas Nartey,0,0.0,0.0,8.0,4.0,0.0,0.0
2021-22,109312,Nils Petersen,0,5.0,1.0,22.0,3.0,0.0,0.0
2021-22,220715,Nils-Jonathan Körber,0,0.0,0.0,0.0,0.0,0.0,0.0
2021-22,312894,Nishan Burkart,0,0.0,0.0,0.0,0.0,0.0,0.0
2021-22,321064,Noah Atubolu,0,0.0,0.0,0.0,0.0,0.0,0.0
2021-22,235687,Noah Joel Sarenren-Bazee,0,1.0,0.0,14.0,1.0,0.0,0.0
2021-22,324806,Noah Konig,0,0.0,0.0,0.0,0.0,0.0,0.0
2021-22,321063,Noah Weißhaupt,0,0.0,0.0,10.0,0.0,0.0,0.0
2021-22,214188,Nordi Mukiele,0,1.0,3.0,28.0,21.0,0.0,0.0
2021-22,284822,Odilon Kossounou,0,0.0,1.0,27.0,20.0,0.0,0.0
2021-22,138213,Oliver Baumann,0,0.0,0.0,33.0,33.0,0.0,0.0
2021-22,249668,Oliver Christensen,0,0.0,0.0,0.0,0.0,0.0,0.0
2021-22,337897,Oliver Fobassam,0,0.0,0.0,0.0,0.0,0.0,0.0
2021-22,303745,Omar Marmoush,0,3.0,5.0,23.0,19.0,0.0,0.0
2021-22,243754,Omar Richards,0,0.0,0.0,12.0,5.0,0.0,0.0
2021-22,303546,Omer Beyaz,0,0.0,0.0,4.0,0.0,0.0,0.0
2021-22,300044,Omer Hanin,0,0.0,0.0,0.0,0.0,0.0,0.0
2021-22,206072,Ondrej Duda,0,2.0,0.0,31.0,20.0,0.0,0.0
2021-22,228424,Orel Mangala,0,1.0,3.0,28.0,22.0,0.0,0.0
2021-22,223266,Pascal Stenzel,0,0.0,0.0,16.0,9.0,0.0,0.0
2021-22,127259,Patrick Herrmann,0,0.0,4.0,23.0,5.0,0.0,0.0
2021-22,291203,Patrick Osterhage,0,0.0,1.0,13.0,6.0,0.0,0.0
2021-22,300095,Patrick Wimmer,0,3.0,6.0,31.0,27.0,0.0,0.0
2021-22,212330,Patrik Schick,0,24.0,3.0,27.0,26.0,0.0,0.0
2021-22,302588,Paul Grave,0,0.0,0.0,0.0,0.0,0.0,0.0
2021-22,271606,Paul Jaeckel,0,0.0,0.0,24.0,22.0,0.0,0.0
2021-22,307282,Paul Nebel,0,0.0,1.0,10.0,2.0,0.0,0.0
2021-22,199922,Paul Seguin,0,0.0,3.0,27.0,23.0,0.0,0.0
2021-22,333399,Paul Wanner,0,0.0,0.0,4.0,0.0,0.0,0.0
2021-22,258271,Paulinho,0,4.0,2.0,24.0,14.0,0.0,0.0
2021-22,200098,Paulo Otávio,0,0.0,1.0,7.0,5.0,0.0,0.0
2021-22,149841,Pavao Pervan,0,0.0,0.0,6.0,6.0,0.0,0.0
2021-22,207401,Pavel Kaderábek,0,1.0,3.0,19.0,14.0,0.0,0.0
2021-22,130849,Peter Pekarík,0,0.0,1.0,27.0,26.0,0.0,0.0
2021-22,252380,Philipp Förster,0,2.0,1.0,20.0,11.0,0.0,0.0
2021-22,219316,Philipp Lienhart,0,5.0,0.0,32.0,32.0,0.0,0.0
2021-22,89497,Philipp Pentke,0,0.0,0.0,1.0,1.0,0.0,0.0
2021-22,324543,Philipp Schulze,0,0.0,0.0,0.0,0.0,0.0,0.0
2021-22,43498,Philipp Tschauner,0,0.0,0.0,1.0,0.0,0.0,0.0
2021-22,292062,Piero Hincapié,0,1.0,2.0,27.0,20.0,0.0,0.0
2021-22,119620,Péter Gulácsi,0,0.0,0.0,33.0,33.0,0.0,0.0
2021-22,197052,Rafael Borré,0,8.0,4.0,31.0,28.0,0.0,0.0
2021-22,176676,Rafal Gikiewicz,0,0.0,0.0,34.0,34.0,0.0,0.0
2021-22,255355,Ragnar Ache,0,0.0,1.0,13.0,1.0,0.0,0.0
2021-22,220703,Ramy Bensebaini,0,4.0,1.0,23.0,22.0,0.0,0.0
2021-22,159152,Rani Khedira,0,0.0,1.0,32.0,32.0,0.0,0.0
2021-22,188050,Raphael Framberger,0,0.0,0.0,23.0,9.0,0.0,0.0
2021-22,176228,Raphaël Guerreiro,0,4.0,2.0,23.0,21.0,0.0,0.0
2021-22,210136,Reece Oxford,0,2.0,1.0,30.0,30.0,0.0,0.0
2021-22,286703,Reiner,0,0.0,0.0,13.0,1.0,0.0,0.0
2021-22,193462,Renato Steffen,0,0.0,1.0,20.0,13.0,0.0,0.0
2021-22,289120,Ricardo Pepi,0,0.0,0.0,11.0,4.0,0.0,0.0
2021-22,154212,Richard Weil,0,0.0,0.0,0.0,0.0,0.0,0.0
2021-22,258963,Ridle Baku,0,3.0,5.0,34.0,28.0,0.0,0.0
2021-22,180998,Robert Andrich,0,4.0,2.0,26.0,21.0,0.0,0.0
2021-22,235180,Robert Gumny,0,0.0,0.0,28.0,27.0,0.0,0.0
2021-22,125824,Robert Lewandowski,0,35.0,3.0,34.0,34.0,0.0,0.0
2021-22,218596,Robert Skov,0,0.0,1.0,12.0,3.0,0.0,0.0
2021-22,98132,Robert Tesche,0,0.0,0.0,11.0,5.0,0.0,0.0
2021-22,336760,Robert Wagner,0,0.0,0.0,0.0,0.0,0.0,0.0
2021-22,268123,Roberto Massimo,0,2.0,0.0,19.0,11.0,0.0,0.0
2021-22,258876,Robin Hack,0,0.0,3.0,30.0,13.0,0.0,0.0
2021-22,289359,Robin Kehr,0,0.0,0.0,0.0,0.0,0.0,0.0
2021-22,157466,Robin Knoche,0,0.0,0.0,33.0,33.0,0.0,0.0
2021-22,206114,Robin Zentner,0,0.0,0.0,32.0,32.0,0.0,0.0
2021-22,219444,Roland Sallai,0,4.0,4.0,31.0,18.0,0.0,0.0
2021-22,175906,Roman Bürki,0,0.0,0.0,1.0,1.0,0.0,0.0
2021-22,273477,Romario Rösch,0,0.0,0.0,1.0,0.0,0.0,0.0
2021-22,259513,Rubén Vargas,0,1.0,3.0,29.0,26.0,0.0,0.0
2021-22,45622,Rune Jarstein,0,0.0,0.0,0.0,0.0,0.0,0.0
2021-22,319416,Ruwen Werthmüller,0,0.0,0.0,0.0,0.0,0.0,0.0
2021-22,324661,Sadik Fofana,0,0.0,0.0,0.0,0.0,0.0,0.0
2021-22,225563,Salih Özcan,0,2.0,0.0,31.0,26.0,0.0,0.0
2021-22,224042,Sam Lammers,0,1.0,0.0,15.0,5.0,0.0,0.0
2021-22,233734,Santiago Ascacibar,0,0.0,1.0,28.0,27.0,0.0,0.0
2021-22,185827,Sardar Azmoun,0,1.0,1.0,9.0,4.0,0.0,0.0
2021-22,259131,Sasa Kalajdzic,0,6.0,1.0,15.0,13.0,0.0,0.0
2021-22,115304,Sascha Burchert,0,0.0,0.0,14.0,14.0,0.0,0.0
2021-22,179391,Saulo Decarli,0,0.0,0.0,1.0,0.0,0.0,0.0
2021-22,271130,Sebastiaan Bornauw,0,1.0,0.0,27.0,23.0,0.0,0.0
2021-22,148631,Sebastian Andersson,0,3.0,1.0,26.0,13.0,0.0,0.0
2021-22,190031,Sebastian Griesbeck,0,1.0,0.0,30.0,28.0,0.0,0.0
2021-22,136593,Sebastian Polter,0,10.0,1.0,33.0,27.0,0.0,0.0
2021-22,122926,Sebastian Rode,0,1.0,0.0,17.0,10.0,0.0,0.0
2021-22,108592,Sebastian Rudy,0,3.0,1.0,21.0,7.0,0.0,0.0
2021-22,231688,Sebastian Vasiliadis,0,0.0,0.0,19.0,16.0,0.0,0.0
2021-22,178980,Serge Gnabry,0,14.0,6.0,34.0,25.0,0.0,0.0
2021-22,195027,Sheraldo Becker,0,4.0,6.0,28.0,22.0,0.0,0.0
2021-22,319332,Sidney Raebiger,0,0.0,0.0,1.0,0.0,0.0,0.0
2021-22,279282,Silas Katompa-Mvumpa,0,0.0,0.0,9.0,3.0,0.0,0.0
2021-22,331297,Silas Ostrzinski,0,0.0,0.0,0.0,0.0,0.0,0.0
2021-22,175905,Silvan Widmer,0,4.0,5.0,33.0,33.0,0.0,0.0
2021-22,271605,Simon Asta,0,0.0,0.0,13.0,9.0,0.0,0.0
2021-22,153654,Simon Zoller,0,3.0,2.0,10.0,6.0,0.0,0.0
2021-22,324314,Solomon Bonnah Owusu,0,0.0,0.0,1.0,0.0,0.0,0.0
2021-22,10767,Soumaila Coulibaly,0,0.0,0.0,0.0,0.0,0.0,0.0
2021-22,144620,Stefan Bell,0,2.0,0.0,33.0,33.0,0.0,0.0
2021-22,301319,Stefan Drljaca,0,0.0,0.0,0.0,0.0,0.0,0.0
2021-22,132628,Stefan Ilsanker,0,0.0,0.0,12.0,3.0,0.0,0.0
2021-22,214635,Stefan Lainer,0,1.0,2.0,21.0,19.0,0.0,0.0
2021-22,151855,Stefan Ortega,0,0.0,0.0,33.0,33.0,0.0,0.0
2021-22,238906,Stefan Posch,0,2.0,0.0,28.0,26.0,0.0,0.0
2021-22,152190,Stefanos Kapino,0,0.0,0.0,1.0,1.0,0.0,0.0
2021-22,231764,Steffen Tigges,0,3.0,0.0,9.0,0.0,0.0,0.0
2021-22,86076,Stephan Furstner,0,0.0,0.0,1.0,0.0,0.0,0.0
2021-22,119612,Stevan Jovetic,0,6.0,1.0,18.0,13.0,0.0,0.0
2021-22,227053,Suat Serdar,0,3.0,0.0,30.0,27.0,0.0,0.0
2021-22,218454,Suleiman Abdullahi,0,0.0,0.0,0.0,0.0,0.0,0.0
2021-22,197796,Sven Michel,0,3.0,2.0,13.0,2.0,0.0,0.0
2021-22,113733,Sven Ulreich,0,0.0,0.0,6.0,6.0,0.0,0.0
2021-22,194686,Taiwo Awoniyi,0,15.0,1.0,31.0,29.0,0.0,0.0
2021-22,201469,Takuma Asano,0,3.0,4.0,27.0,20.0,0.0,0.0
2021-22,290726,Tanguy Coulibaly,0,0.0,1.0,21.0,11.0,0.0,0.0
2021-22,290165,Tanguy Nianzou,0,1.0,1.0,17.0,6.0,0.0,0.0
2021-22,291952,Tarsis Bonga,0,0.0,0.0,3.0,0.0,0.0,0.0
2021-22,265872,Taylor Booth,0,0.0,0.0,0.0,0.0,0.0,0.0
2021-22,166473,Thomas Meunier,0,2.0,4.0,17.0,17.0,0.0,0.0
2021-22,123465,Thomas Müller,0,8.0,18.0,32.0,32.0,0.0,0.0
2021-22,158066,Thorgan Hazard,0,4.0,1.0,23.0,14.0,0.0,0.0
2021-22,304019,Tiago Tomás,0,4.0,0.0,14.0,13.0,0.0,0.0
2021-22,290632,Tim Civeja,0,0.0,0.0,0.0,0.0,0.0,0.0
2021-22,303792,Tim Lemperle,0,2.0,0.0,13.0,0.0,0.0,0.0
2021-22,198189,Timo Baumgartl,0,1.0,2.0,25.0,25.0,0.0,0.0
2021-22,160021,Timo Horn,0,0.0,0.0,13.0,13.0,0.0,0.0
2021-22,238520,Timo Hübers,0,1.0,0.0,20.0,20.0,0.0,0.0
2021-22,147134,Timo Kern,0,0.0,0.0,0.0,0.0,0.0,0.0
2021-22,308590,Timothe Rupil,0,0.0,0.0,0.0,0.0,0.0,0.0
2021-22,128521,Timothy Chandler,0,0.0,0.0,17.0,15.0,0.0,0.0
2021-22,234380,Timothy Fosu-Mensah,0,0.0,0.0,6.0,0.0,0.0,0.0
2021-22,231192,Timothy Tillman,0,1.0,2.0,29.0,23.0,0.0,0.0
2021-22,335870,Tjark Ernst,0,0.0,0.0,0.0,0.0,0.0,0.0
2021-22,283345,Tobias Raschl,0,0.0,1.0,10.0,7.0,0.0,0.0
2021-22,122273,Tobias Sippel,0,0.0,0.0,1.0,1.0,0.0,0.0
2021-22,170228,Tobias Strobl,0,0.0,0.0,5.0,4.0,0.0,0.0
2021-22,324660,Tom Bischof,0,0.0,0.0,1.0,0.0,0.0,0.0
2021-22,332652,Tom Gaal,0,0.0,0.0,0.0,0.0,0.0,0.0
2021-22,324269,Tom Rothe,0,1.0,0.0,2.0,1.0,0.0,0.0
2021-22,157944,Tom Weilandt,0,0.0,0.0,0.0,0.0,0.0,0.0
2021-22,178614,Tomas Koubek,0,0.0,0.0,0.0,0.0,0.0,0.0
2021-22,289938,Tomas Ostrak,0,0.0,1.0,5.0,0.0,0.0,0.0
2021-22,128968,Tony Jantschke,0,0.0,0.0,3.0,3.0,0.0,0.0
2021-22,283224,Tuta,0,4.0,0.0,26.0,26.0,0.0,0.0
2021-22,222776,Tyler Adams,0,0.0,1.0,24.0,12.0,0.0,0.0
2021-22,340683,Umut Tohumcu,0,0.0,0.0,1.0,0.0,0.0,0.0
2021-22,239466,Vasilios Lampropoulos,0,0.0,0.0,13.0,13.0,0.0,0.0
2021-22,188414,Vincent Vermeij,0,0.0,0.0,1.0,0.0,0.0,0.0
2021-22,179571,Vincenzo Grifo,0,9.0,7.0,34.0,33.0,0.0,0.0
2021-22,165637,Vladimír Darida,0,2.0,5.0,25.0,23.0,0.0,0.0
2021-22,151818,Vladislav Cherny,0,0.0,0.0,0.0,0.0,0.0,0.0
2021-22,307190,Wahidullah Faghir,0,1.0,0.0,6.0,0.0,0.0,0.0
2021-22,220714,Waldemar Anton,0,2.0,1.0,29.0,29.0,0.0,0.0
2021-22,152479,Wataru Endo,0,4.0,2.0,33.0,33.0,0.0,0.0
2021-22,162162,Willi Orbán,0,2.0,1.0,30.0,30.0,0.0,0.0
2021-22,212077,William,0,0.0,0.0,0.0,0.0,0.0,0.0
2021-22,238886,Xaver Schlager,0,0.0,1.0,14.0,13.0,0.0,0.0
2021-22,93197,Yann Sommer,0,0.0,1.0,33.0,33.0,0.0,0.0
2021-22,328929,Yannic Stein,0,0.0,0.0,0.0,0.0,0.0,0.0
2021-22,337079,Yannick Engelhardt,0,0.0,0.0,0.0,0.0,0.0,0.0
2021-22,189529,Yannick Gerhardt,0,1.0,3.0,27.0,17.0,0.0,0.0
2021-22,266657,Yannik Keitel,0,0.0,0.0,12.0,5.0,0.0,0.0
2021-22,305554,Youssoufa Moukoko,0,2.0,0.0,16.0,1.0,0.0,0.0
2021-22,182245,Yussuf Poulsen,0,6.0,0.0,25.0,12.0,0.0,0.0
2021-22,322760,Zidan Sertdemir,0,0.0,0.0,3.0,0.0,0.0,0.0
2022-23,323708,Aaron Zehnter,0,0.0,0.0,1.0,0.0,0.0,0.0
2022-23,292169,Adam Hlozek,0,5.0,3.0,29.0,16.0,0.0,0.0
2022-23,254033,Agustin Rogel,0,0.0,1.0,20.0,14.0,0.0,0.0
2022-23,168318,Alassane Pléa,0,2.0,9.0,29.0,20.0,0.0,0.0
2022-23,166396,Alejandro Grimaldo,0,0.0,0.0,0.0,0.0,0.0,0.0
2022-23,257085,Alex Král,0,0.0,0.0,29.0,26.0,0.0,0.0
2022-23,227054,Alexander Hack,0,0.0,0.0,19.0,14.0,0.0,0.0
2022-23,178380,Alexander Meyer,0,0.0,0.0,7.0,7.0,0.0,0.0
2022-23,205750,Alexander Nübel,0,0.0,0.0,0.0,0.0,0.0,0.0
2022-23,156416,Alexander Schwolow,0,0.0,0.0,23.0,22.0,0.0,0.0
2022-23,188230,Alexander Sørloth,0,0.0,0.0,1.0,0.0,0.0,0.0
2022-23,349922,Aljoscha Kemlein,0,0.0,0.0,0.0,0.0,0.0,0.0
2022-23,303309,Alou Kuol,0,0.0,0.0,1.0,0.0,0.0,0.0
2022-23,236721,Alphonso Davies,0,1.0,4.0,26.0,24.0,0.0,0.0
2022-23,228557,Amadou Haidara,0,2.0,1.0,31.0,15.0,0.0,0.0
2022-23,291613,Amine Adli,0,5.0,3.0,26.0,16.0,0.0,0.0
2022-23,238917,Amine Harit,0,0.0,0.0,0.0,0.0,0.0,0.0
2022-23,275844,Amos Pieper,0,2.0,1.0,29.0,22.0,0.0,0.0
2022-23,238519,Anderson Lucoqui,0,0.0,0.0,0.0,0.0,0.0,0.0
2022-23,218646,Andreas Hanche-Olsen,0,1.0,2.0,17.0,17.0,0.0,0.0
2022-23,207323,Andreas Ivan,0,0.0,0.0,1.0,0.0,0.0,0.0
2022-23,139520,Andrej Kramaric,0,12.0,3.0,32.0,26.0,0.0,0.0
2022-23,284702,András Schäfer,0,0.0,0.0,16.0,10.0,0.0,0.0
2022-23,3368,André Silva,0,4.0,4.0,31.0,20.0,0.0,0.0
2022-23,214319,Angeliño,0,0.0,9.0,33.0,30.0,0.0,0.0
2022-23,290232,Angelo Stiller,0,1.0,1.0,20.0,6.0,0.0,0.0
2022-23,305555,Ansgar Knauff,0,1.0,1.0,24.0,14.0,0.0,0.0
2022-23,241297,Anthony Caci,0,2.0,1.0,31.0,23.0,0.0,0.0
2022-23,169753,Anthony Jung,0,2.0,5.0,34.0,32.0,0.0,0.0
2022-23,150326,Anthony Losilla,0,2.0,2.0,31.0,31.0,0.0,0.0
2022-23,304802,Anton Stach,0,1.0,4.0,30.0,22.0,0.0,0.0
2022-23,291966,Antonios Papadopoulos,0,0.0,0.0,1.0,0.0,0.0,0.0
2022-23,333400,Arijon Ibrahimovic,0,0.0,0.0,1.0,0.0,0.0,0.0
2022-23,314177,Arne Engels,0,0.0,3.0,18.0,18.0,0.0,0.0
2022-23,231178,Arne Maier,0,5.0,1.0,30.0,24.0,0.0,0.0
2022-23,334374,Arthur,0,0.0,0.0,0.0,0.0,0.0,0.0
2022-23,290798,Aster Vranckx,0,0.0,0.0,1.0,0.0,0.0,0.0
2022-23,241742,Atakan Karazor,0,0.0,1.0,29.0,22.0,0.0,0.0
2022-23,362701,Ayman Aourir,0,0.0,0.0,0.0,0.0,0.0,0.0
2022-23,249110,Aymen Barkok,0,0.0,2.0,23.0,3.0,0.0,0.0
2022-23,231984,Aïssa Laïdouni,0,2.0,0.0,14.0,11.0,0.0,0.0
2022-23,291405,Bartol Franjic,0,0.0,1.0,5.0,3.0,0.0,0.0
2022-23,323830,Ben Bobzien,0,0.0,0.0,0.0,0.0,0.0,0.0
2022-23,220711,Benjamin Henrichs,0,2.0,3.0,30.0,23.0,0.0,0.0
2022-23,280668,Benjamin Leneis,0,0.0,0.0,0.0,0.0,0.0,0.0
2022-23,215378,Benjamin Pavard,0,4.0,1.0,30.0,27.0,0.0,0.0
2022-23,289155,Benjamin Sesko,0,0.0,0.0,0.0,0.0,0.0,0.0
2022-23,166716,Benjamin Uphoff,0,0.0,0.0,0.0,0.0,0.0,0.0
2022-23,191017,Benno Schmitz,0,1.0,0.0,31.0,30.0,0.0,0.0
2022-23,228319,Borna Sosa,0,2.0,7.0,25.0,22.0,0.0,0.0
2022-23,163922,Bouna Sarr,0,0.0,0.0,1.0,0.0,0.0,0.0
2022-23,357683,Brajan Gruda,0,0.0,0.0,2.0,0.0,0.0,0.0
2022-23,238897,Buta,0,3.0,2.0,18.0,15.0,0.0,0.0
2022-23,302991,Caden Clark,0,0.0,0.0,0.0,0.0,0.0,0.0
2022-23,303790,Can Bozdogan,0,0.0,0.0,0.0,0.0,0.0,0.0
2022-23,254270,Chidera Ejuke,0,0.0,3.0,20.0,9.0,0.0,0.0
2022-23,268951,Chris Führich,0,5.0,2.0,33.0,21.0,0.0,0.0
2022-23,136681,Christian Groß,0,1.0,1.0,26.0,23.0,0.0,0.0
2022-23,174618,Christian Günter,0,1.0,4.0,33.0,31.0,0.0,0.0
2022-23,274897,Christoph Baumgartner,0,7.0,3.0,33.0,33.0,0.0,0.0
2022-23,160055,Christoph Kramer,0,0.0,1.0,29.0,27.0,0.0,0.0
2022-23,259252,Christopher Antwi-Adjei,0,3.0,6.0,29.0,22.0,0.0,0.0
2022-23,222447,Christopher Lenz,0,0.0,2.0,24.0,13.0,0.0,0.0
2022-23,146485,Christopher Trimmel,0,0.0,7.0,25.0,20.0,0.0,0.0
2022-23,283793,Clinton Mola,0,0.0,0.0,1.0,0.0,0.0,0.0
2022-23,296738,Conor Noss,0,0.0,0.0,0.0,0.0,0.0,0.0
2022-23,141429,Cristian Gamboa,0,0.0,0.0,19.0,17.0,0.0,0.0
2022-23,212241,Cédric Brunner,0,0.0,0.0,28.0,28.0,0.0,0.0
2022-23,245808,Cédric Zesiger,0,0.0,0.0,0.0,0.0,0.0,0.0
2022-23,359707,Damion Downs,0,0.0,0.0,0.0,0.0,0.0,0.0
2022-23,258870,Dan-Axel Zagadou,0,0.0,0.0,17.0,14.0,0.0,0.0
2022-23,227765,Dani Olmo,0,2.0,5.0,23.0,15.0,0.0,0.0
2022-23,277859,Daniel-Kofi Kyereh,0,2.0,0.0,12.0,7.0,0.0,0.0
2022-23,233622,Danilho Doekhi,0,5.0,1.0,25.0,25.0,0.0,0.0
2022-23,189538,Danilo Soares,0,0.0,0.0,23.0,23.0,0.0,0.0
2022-23,121011,Danny Latza,0,0.0,1.0,20.0,8.0,0.0,0.0
2022-23,154603,Danny da Costa,0,0.0,2.0,23.0,14.0,0.0,0.0
2022-23,362048,Dario Gebuhr,0,0.0,0.0,1.0,0.0,0.0,0.0
2022-23,306613,David Colina,0,1.0,0.0,7.0,0.0,0.0,0.0
2022-23,362411,David Odogu,0,0.0,0.0,0.0,0.0,0.0,0.0
2022-23,249548,David Raum,0,0.0,2.0,28.0,19.0,0.0,0.0
2022-23,196032,Davie Selke,0,6.0,1.0,30.0,15.0,0.0,0.0
2022-23,220060,Dawid Kownacki,0,0.0,0.0,0.0,0.0,0.0,0.0
2022-23,222793,Dayot Upamecano,0,0.0,1.0,29.0,27.0,0.0,0.0
2022-23,262862,Dejan Ljubicic,0,5.0,1.0,27.0,20.0,0.0,0.0
2022-23,268606,Delano Burgzorg,0,0.0,1.0,13.0,0.0,0.0,0.0
2022-23,343969,Denis Huseinbasic,0,4.0,1.0,24.0,7.0,0.0,0.0
2022-23,303970,Dennis Borkowski,0,0.0,0.0,0.0,0.0,0.0,0.0
2022-23,221466,Dennis Geiger,0,1.0,3.0,27.0,27.0,0.0,0.0
2022-23,362585,Dennis Seimen,0,0.0,0.0,0.0,0.0,0.0,0.0
2022-23,346619,Derry Scherhant,0,1.0,0.0,10.0,2.0,0.0,0.0
2022-23,219466,Diadie Samassekou,0,0.0,0.0,2.0,1.0,0.0,0.0
2022-23,287713,Diant Ramaj,0,0.0,0.0,1.0,1.0,0.0,0.0
2022-23,332317,Dikeni-Rafid Salifou,0,0.0,0.0,1.0,0.0,0.0,0.0
2022-23,223161,Dimitrios Limnios,0,0.0,0.0,2.0,0.0,0.0,0.0
2022-23,258910,Diogo Leite,0,0.0,1.0,28.0,26.0,0.0,0.0
2022-23,306647,Dion Drena Beljo,0,3.0,2.0,18.0,16.0,0.0,0.0
2022-23,222446,Djibril Sow,0,4.0,0.0,32.0,30.0,0.0,0.0
2022-23,229443,Dodi Lukébakio,0,11.0,3.0,32.0,27.0,0.0,0.0
2022-23,145180,Dominick Drexler,0,4.0,3.0,27.0,16.0,0.0,0.0
2022-23,265930,Dominik Becker,0,0.0,0.0,0.0,0.0,0.0,0.0
2022-23,172997,Dominik Kohr,0,3.0,0.0,30.0,27.0,0.0,0.0
2022-23,257206,Dominik Szoboszlai,0,6.0,9.0,31.0,28.0,0.0,0.0
2022-23,167683,Dominique Heintz,0,0.0,0.0,11.0,8.0,0.0,0.0
2022-23,259481,Donyell Malen,0,9.0,6.0,26.0,22.0,0.0,0.0
2022-23,307267,Dudu,0,0.0,0.0,0.0,0.0,0.0,0.0
2022-23,345905,Dzenan Pejcinovic,0,0.0,0.0,1.0,0.0,0.0,0.0
2022-23,226970,Edimilson Fernandes,0,0.0,3.0,32.0,28.0,0.0,0.0
2022-23,257287,Edmond Tapsoba,0,1.0,0.0,33.0,32.0,0.0,0.0
2022-23,290590,Eduardo Quaresma,0,0.0,0.0,4.0,1.0,0.0,0.0
2022-23,357685,Elias-Geoffrey Bakatukanda,0,0.0,0.0,0.0,0.0,0.0,0.0
2022-23,259055,Elvis Rexhbecaj,0,0.0,0.0,31.0,30.0,0.0,0.0
2022-23,148641,Emil Forsberg,0,6.0,4.0,30.0,16.0,0.0,0.0
2022-23,159142,Emre Can,0,2.0,1.0,27.0,20.0,0.0,0.0
2022-23,337360,Eniss Shabani,0,0.0,0.0,1.0,0.0,0.0,0.0
2022-23,297158,Enzo Millot,0,0.0,2.0,23.0,9.0,0.0,0.0
2022-23,237807,Erhan Masovic,0,4.0,0.0,29.0,23.0,0.0,0.0
2022-23,290398,Eric Martel,0,1.0,1.0,29.0,23.0,0.0,0.0
2022-23,102254,Eric Maxim Choupo-Moting,0,10.0,2.0,19.0,14.0,0.0,0.0
2022-23,269136,Ermedin Demirovic,0,8.0,5.0,30.0,30.0,0.0,0.0
2022-23,153319,Ermin Bicakcic,0,0.0,0.0,9.0,0.0,0.0,0.0
2022-23,228393,Exequiel Palacios,0,4.0,2.0,25.0,19.0,0.0,0.0
2022-23,201123,Fabian Bredlow,0,0.0,0.0,15.0,15.0,0.0,0.0
2022-23,323061,Fabio Chiarodia,0,0.0,0.0,3.0,1.0,0.0,0.0
2022-23,276677,Fabrice Hartmann,0,0.0,0.0,0.0,0.0,0.0,0.0
2022-23,325942,Faride Alidou,0,0.0,1.0,15.0,0.0,0.0,0.0
2022-23,279961,Felix Agu,0,0.0,0.0,3.0,0.0,0.0,0.0
2022-23,359250,Felix Lange,0,0.0,0.0,0.0,0.0,0.0,0.0
2022-23,281122,Felix Nmecha,0,3.0,6.0,30.0,19.0,0.0,0.0
2022-23,225573,Felix Passlack,0,0.0,0.0,3.0,0.0,0.0,0.0
2022-23,233499,Felix Uduokhai,0,0.0,1.0,19.0,16.0,0.0,0.0
2022-23,262602,Filip Uremovic,0,0.0,0.0,22.0,21.0,0.0,0.0
2022-23,287600,Finn Becker,0,0.0,0.0,13.0,6.0,0.0,0.0
2022-23,228507,Finn Dahmen,0,0.0,0.0,8.0,8.0,0.0,0.0
2022-23,331057,Fisnik Asllani,0,0.0,0.0,8.0,0.0,0.0,0.0
2022-23,238566,Florian Dietz,0,1.0,0.0,11.0,4.0,0.0,0.0
2022-23,354376,Florian Dimmer,0,0.0,0.0,0.0,0.0,0.0,0.0
2022-23,219304,Florian Grillitsch,0,0.0,0.0,0.0,0.0,0.0,0.0
2022-23,151464,Florian Kainz,0,6.0,10.0,32.0,31.0,0.0,0.0
2022-23,122292,Florian Müller,0,0.0,0.0,19.0,19.0,0.0,0.0
2022-23,238527,Florian Neuhaus,0,1.0,0.0,23.0,16.0,0.0,0.0
2022-23,162096,Florian Niederlechner,0,5.0,1.0,30.0,21.0,0.0,0.0
2022-23,324319,Florian Schock,0,0.0,0.0,0.0,0.0,0.0,0.0
2022-23,303748,Florian Wirtz,0,1.0,6.0,17.0,11.0,0.0,0.0
2022-23,165424,Frederik Ronnow,0,0.0,0.0,29.0,29.0,0.0,0.0
2022-23,272714,Frederik Winther,0,0.0,1.0,1.0,1.0,0.0,0.0
2022-23,221227,Fredrik Jensen,0,2.0,1.0,20.0,8.0,0.0,0.0
2022-23,231049,Fábio Carvalho,0,0.0,0.0,0.0,0.0,0.0,0.0
2022-23,346747,Gabriel Marusic,0,0.0,0.0,0.0,0.0,0.0,0.0
2022-23,323936,Gabriel Vidovic,0,0.0,1.0,1.0,0.0,0.0,0.0
2022-23,205912,Genki Haraguchi,0,0.0,2.0,22.0,15.0,0.0,0.0
2022-23,346361,Georg Strauch,0,0.0,0.0,0.0,0.0,0.0,0.0
2022-23,218779,Gerrit Holtmann,0,1.0,1.0,23.0,8.0,0.0,0.0
2022-23,229573,Gil Dias,0,1.0,0.0,7.0,6.0,0.0,0.0
2022-23,290230,Giovanni Reyna,0,7.0,2.0,22.0,4.0,0.0,0.0
2022-23,306932,Goktan Gurpuz,0,0.0,0.0,0.0,0.0,0.0,0.0
2022-23,323935,Grant-Leon Ranos,0,0.0,0.0,0.0,0.0,0.0,0.0
2022-23,238544,Gregor Kobel,0,0.0,0.0,27.0,27.0,0.0,0.0
2022-23,218714,Grischa Prömel,0,1.0,1.0,18.0,17.0,0.0,0.0
2022-23,341736,Gustavo Puerta,0,0.0,0.0,0.0,0.0,0.0,0.0
2022-23,250852,Hannes Wolf,0,1.0,1.0,18.0,4.0,0.0,0.0
2022-23,359284,Hassan-Malick Sanogo,0,0.0,0.0,0.0,0.0,0.0,0.0
2022-23,319272,Henning Matriciani,0,0.0,0.0,22.0,22.0,0.0,0.0
2022-23,97111,Hiroki Ito,0,1.0,1.0,30.0,29.0,0.0,0.0
2022-23,292170,Hrvoje Smolcic,0,0.0,0.0,9.0,4.0,0.0,0.0
2022-23,336460,Hugo Larsson,0,0.0,0.0,0.0,0.0,0.0,0.0
2022-23,305608,Hugo Novoa,0,1.0,0.0,7.0,2.0,0.0,0.0
2022-23,310023,Hugo Siquet,0,0.0,0.0,2.0,0.0,0.0,0.0
2022-23,252800,Iago,0,0.0,2.0,22.0,19.0,0.0,0.0
2022-23,361212,Ibrahim Maza,0,1.0,0.0,2.0,0.0,0.0,0.0
2022-23,387996,Ibrahima Cissé,0,0.0,0.0,0.0,0.0,0.0,0.0
2022-23,189541,Ihlas Bebou,0,7.0,0.0,19.0,17.0,0.0,0.0
2022-23,297829,Ilaix Moriba,0,0.0,0.0,0.0,0.0,0.0,0.0
2022-23,30116,Ilia Gruev,0,0.0,0.0,31.0,18.0,0.0,0.0
2022-23,252441,Irvin Cardona,0,1.0,0.0,10.0,0.0,0.0,0.0
2022-23,194767,Ivan Sunjic,0,0.0,0.0,18.0,12.0,0.0,0.0
2022-23,222590,Jacek Góralski,0,0.0,0.0,4.0,2.0,0.0,0.0
2022-23,233073,Jacob Bruun Larsen,0,1.0,0.0,12.0,3.0,0.0,0.0
2022-23,274975,Jacob Christensen,0,0.0,0.0,0.0,0.0,0.0,0.0
2022-23,267053,Jacob Italiano,0,0.0,0.0,0.0,0.0,0.0,0.0
2022-23,170636,Jakob Busk,0,0.0,0.0,0.0,0.0,0.0,0.0
2022-23,304933,Jakub Kaminski,0,4.0,2.0,31.0,25.0,0.0,0.0
2022-23,303821,Jamal Musiala,0,12.0,10.0,33.0,26.0,0.0,0.0
2022-23,339879,Jamie Gittens,0,3.0,1.0,15.0,4.0,0.0,0.0
2022-23,290811,Jamie Leweling,0,1.0,1.0,16.0,0.0,0.0,0.0
2022-23,304631,Jan Olschowsky,0,0.0,0.0,4.0,4.0,0.0,0.0
2022-23,300444,Jan Thielmann,0,2.0,2.0,23.0,6.0,0.0,0.0
2022-23,170604,Janik Haberer,0,5.0,2.0,32.0,30.0,0.0,0.0
2022-23,161825,Janis Blaswich,0,0.0,0.0,26.0,26.0,0.0,0.0
2022-23,265924,Jean-Manuel Mbom,0,0.0,0.0,2.0,0.0,0.0,0.0
2022-23,180044,Jean-Paul Boëtius,0,0.0,0.0,21.0,10.0,0.0,0.0
2022-23,258909,Jeff Chabot,0,0.0,2.0,21.0,21.0,0.0,0.0
2022-23,140624,Jeffrey Gouweleeuw,0,0.0,1.0,32.0,32.0,0.0,0.0
2022-23,235789,Jens Petter Hauge,0,0.0,0.0,0.0,0.0,0.0,0.0
2022-23,234757,Jens Stage,0,3.0,3.0,32.0,21.0,0.0,0.0
2022-23,276323,Jeong Woo-Yeong,0,1.0,1.0,26.0,4.0,0.0,0.0
2022-23,172923,Jere Uronen,0,0.0,0.0,11.0,9.0,0.0,0.0
2022-23,281119,Jeremie Frimpong,0,8.0,7.0,34.0,32.0,0.0,0.0
2022-23,197314,Jerome Onguene,0,0.0,0.0,0.0,0.0,0.0,0.0
2022-23,278822,Jesper Lindstrom,0,7.0,2.0,27.0,22.0,0.0,0.0
2022-23,266659,Jessic Ngankam,0,4.0,1.0,18.0,8.0,0.0,0.0
2022-23,212928,Jirí Pavlenka,0,0.0,0.0,33.0,33.0,0.0,0.0
2022-23,272135,Joe Scally,0,0.0,0.0,28.0,25.0,0.0,0.0
2022-23,362860,Joel Da Silva Kiala,0,0.0,0.0,0.0,0.0,0.0,0.0
2022-23,352818,Joey Muller,0,0.0,0.0,0.0,0.0,0.0,0.0
2022-23,345741,Johannes Schenk,0,0.0,0.0,0.0,0.0,0.0,0.0
2022-23,39386,John Brooks,0,0.0,0.0,15.0,15.0,0.0,0.0
2022-23,174617,Jonas Hofmann,0,12.0,9.0,31.0,30.0,0.0,0.0
2022-23,345395,Jonas Nickisch,0,0.0,0.0,0.0,0.0,0.0,0.0
2022-23,238418,Jonas Omlin,0,0.0,0.0,15.0,15.0,0.0,0.0
2022-23,271215,Jonas Wind,0,6.0,0.0,24.0,15.0,0.0,0.0
2022-23,274887,Jonathan Burkardt,0,1.0,2.0,11.0,7.0,0.0,0.0
2022-23,188052,Jonathan Tah,0,1.0,0.0,33.0,28.0,0.0,0.0
2022-23,214548,Jonjoe Kenny,0,0.0,1.0,29.0,25.0,0.0,0.0
2022-23,216035,Jordan Pefok,0,4.0,4.0,31.0,16.0,0.0,0.0
2022-23,267300,Jordi Osei-Tutu,0,0.0,0.0,20.0,8.0,0.0,0.0
2022-23,266839,Josha Vagnoman,0,2.0,2.0,23.0,16.0,0.0,0.0
2022-23,346300,Joshua Eze,0,0.0,0.0,0.0,0.0,0.0,0.0
2022-23,190161,Joshua Kimmich,0,5.0,6.0,33.0,32.0,0.0,0.0
2022-23,354014,Joshua Quarshie,0,0.0,0.0,1.0,0.0,0.0,0.0
2022-23,345636,Joshua Schwirten,0,0.0,0.0,0.0,0.0,0.0,0.0
2022-23,222567,Josip Juranovic,0,2.0,1.0,12.0,10.0,0.0,0.0
2022-23,276329,Josip Stanisic,0,0.0,0.0,14.0,4.0,0.0,0.0
2022-23,299910,Josko Gvardiol,0,1.0,0.0,30.0,24.0,0.0,0.0
2022-23,364204,Jovan Milosevic,0,0.0,0.0,0.0,0.0,0.0,0.0
2022-23,277513,Jozo Stanic,0,0.0,0.0,0.0,0.0,0.0,0.0
2022-23,293915,Juan Perea,0,1.0,0.0,16.0,3.0,0.0,0.0
2022-23,115123,Julian Baumgartlinger,0,0.0,0.0,16.0,3.0,0.0,0.0
2022-23,197628,Julian Brandt,0,9.0,9.0,32.0,29.0,0.0,0.0
2022-23,339898,Julian Eitscberger,0,0.0,0.0,1.0,0.0,0.0,0.0
2022-23,222991,Julian Ryerson,0,1.0,0.0,30.0,29.0,0.0,0.0
2022-23,200192,Julian Weigl,0,1.0,0.0,23.0,21.0,0.0,0.0
2022-23,341375,Julien Duranville,0,0.0,0.0,1.0,0.0,0.0,0.0
2022-23,352819,Julius Schell,0,0.0,0.0,0.0,0.0,0.0,0.0
2022-23,305957,Junior Adamu,0,0.0,0.0,0.0,0.0,0.0,0.0
2022-23,287645,Junior Dina Ebimbe,0,3.0,1.0,19.0,10.0,0.0,0.0
2022-23,357684,Justin Diehl,0,0.0,0.0,2.0,0.0,0.0,0.0
2022-23,343985,Justin Heekeren,0,0.0,0.0,0.0,0.0,0.0,0.0
2022-23,340639,Justin Njinmah,0,0.0,0.0,1.0,0.0,0.0,0.0
2022-23,155600,Jérôme Roussillon,0,0.0,2.0,20.0,11.0,0.0,0.0
2022-23,274913,Karim Adeyemi,0,6.0,5.0,24.0,20.0,0.0,0.0
2022-23,224309,Karim Onisiwo,0,10.0,3.0,31.0,28.0,0.0,0.0
2022-23,212534,Kasim Nuhu,0,0.0,0.0,0.0,0.0,0.0,0.0
2022-23,237059,Keita Endo,0,0.0,0.0,0.0,0.0,0.0,0.0
2022-23,332325,Keke Topp,0,0.0,0.0,1.0,0.0,0.0,0.0
2022-23,297156,Kelian Nsona Wa Saka,0,0.0,0.0,0.0,0.0,0.0,0.0
2022-23,188057,Kenan Karaman,0,1.0,2.0,21.0,10.0,0.0,0.0
2022-23,337080,Kenneth Schmidt,0,0.0,0.0,5.0,3.0,0.0,0.0
2022-23,188053,Kerem Demirbay,0,4.0,3.0,25.0,17.0,0.0,0.0
2022-23,310965,Kerim Çalhanoglu,0,0.0,0.0,3.0,0.0,0.0,0.0
2022-23,274893,Keven Schlotterbeck,0,2.0,0.0,15.0,8.0,0.0,0.0
2022-23,177652,Kevin Akpoguma,0,0.0,0.0,28.0,21.0,0.0,0.0
2022-23,221614,Kevin Behrens,0,8.0,2.0,33.0,17.0,0.0,0.0
2022-23,141055,Kevin Kampl,0,2.0,2.0,30.0,16.0,0.0,0.0
2022-23,183529,Kevin Paredes,0,1.0,3.0,22.0,1.0,0.0,0.0
2022-23,175006,Kevin Stöger,0,5.0,3.0,32.0,29.0,0.0,0.0
2022-23,122280,Kevin Trapp,0,0.0,0.0,33.0,33.0,0.0,0.0
2022-23,132973,Kevin Vogt,0,0.0,0.0,22.0,22.0,0.0,0.0
2022-23,66880,Kevin-Prince Boateng,0,0.0,0.0,16.0,5.0,0.0,0.0
2022-23,321247,Kilian Fischer,0,0.0,0.0,10.0,5.0,0.0,0.0
2022-23,301279,Kiliann Sildillia,0,0.0,2.0,27.0,23.0,0.0,0.0
2022-23,184012,Kingsley Coman,0,8.0,5.0,24.0,16.0,0.0,0.0
2022-23,259342,Kingsley Schindler,0,0.0,1.0,29.0,8.0,0.0,0.0
2022-23,140079,Koen Casteels,0,0.0,1.0,34.0,34.0,0.0,0.0
2022-23,169189,Konrad Laimer,0,3.0,0.0,21.0,17.0,0.0,0.0
2022-23,242705,Konstantinos Mavropanos,0,2.0,1.0,28.0,26.0,0.0,0.0
2022-23,238033,Kou Itakura,0,0.0,2.0,24.0,22.0,0.0,0.0
2022-23,232381,Kristian Pedersen,0,0.0,0.0,6.0,3.0,0.0,0.0
2022-23,238929,Kristijan Jakic,0,1.0,0.0,24.0,17.0,0.0,0.0
2022-23,321061,Lasse Günther,0,0.0,0.0,0.0,0.0,0.0,0.0
2022-23,321057,Lasse Rieß,0,0.0,0.0,0.0,0.0,0.0,0.0
2022-23,289340,Laurenz Dehl,0,0.0,0.0,0.0,0.0,0.0,0.0
2022-23,345394,Laurin Ulrich,0,0.0,0.0,1.0,0.0,0.0,0.0
2022-23,271854,Leandro Barreiro,0,4.0,3.0,31.0,25.0,0.0,0.0
2022-23,205972,Leart Paqarada,0,0.0,0.0,0.0,0.0,0.0,0.0
2022-23,285108,Lee Buchanan,0,1.0,0.0,21.0,2.0,0.0,0.0
2022-23,134103,Lee Jae-Sung,0,7.0,4.0,34.0,24.0,0.0,0.0
2022-23,231180,Lennart Grill,0,0.0,0.0,5.0,5.0,0.0,0.0
2022-23,283111,Leo Greiml,0,0.0,0.0,7.0,3.0,0.0,0.0
2022-23,174550,Leon Goretzka,0,3.0,2.0,27.0,22.0,0.0,0.0
2022-23,360880,Leon Opitz,0,0.0,0.0,0.0,0.0,0.0,0.0
2022-23,358284,Leon Reichardt,0,0.0,0.0,0.0,0.0,0.0,0.0
2022-23,157560,Leonardo Bittencourt,0,3.0,2.0,25.0,22.0,0.0,0.0
2022-23,200079,Leopold Zingerle,0,0.0,0.0,0.0,0.0,0.0,0.0
2022-23,202641,Leroy Sané,0,8.0,7.0,32.0,20.0,0.0,0.0
2022-23,299468,Lilian Egloff,0,0.0,0.0,10.0,2.0,0.0,0.0
2022-23,268127,Lino Tempelmann,0,0.0,0.0,0.0,0.0,0.0,0.0
2022-23,231173,Linton Maina,0,3.0,7.0,33.0,27.0,0.0,0.0
2022-23,346723,Louis Lord,0,0.0,0.0,0.0,0.0,0.0,0.0
2022-23,324322,Luca Bazzoli,0,0.0,0.0,0.0,0.0,0.0,0.0
2022-23,279958,Luca Kilian,0,1.0,0.0,16.0,13.0,0.0,0.0
2022-23,303765,Luca Netz,0,1.0,3.0,20.0,7.0,0.0,0.0
2022-23,279959,Luca Pfeiffer,0,0.0,0.0,19.0,6.0,0.0,0.0
2022-23,304795,Luca Philipp,0,0.0,0.0,0.0,0.0,0.0,0.0
2022-23,191352,Luca Waldschmidt,0,4.0,0.0,18.0,4.0,0.0,0.0
2022-23,158918,Lucas Alario,0,1.0,0.0,20.0,2.0,0.0,0.0
2022-23,196200,Lucas Hernández,0,0.0,0.0,7.0,6.0,0.0,0.0
2022-23,238525,Lucas Höler,0,5.0,2.0,26.0,16.0,0.0,0.0
2022-23,362558,Lucas Laux,0,0.0,0.0,0.0,0.0,0.0,0.0
2022-23,215574,Lucas Tousart,0,5.0,2.0,33.0,33.0,0.0,0.0
2022-23,192015,Ludovic Ajorque,0,6.0,1.0,17.0,15.0,0.0,0.0
2022-23,312706,Luis Hartwig,0,0.0,0.0,0.0,0.0,0.0,0.0
2022-23,255359,Lukas Daschner,0,0.0,0.0,0.0,0.0,0.0,0.0
2022-23,134169,Lukas Hradecky,0,0.0,0.0,33.0,33.0,0.0,0.0
2022-23,201803,Lukas Klostermann,0,0.0,0.0,15.0,10.0,0.0,0.0
2022-23,171701,Lukas Kübler,0,2.0,1.0,22.0,19.0,0.0,0.0
2022-23,258956,Lukas Nmecha,0,4.0,0.0,16.0,10.0,0.0,0.0
2022-23,310692,Lukas Petkov,0,0.0,0.0,7.0,0.0,0.0,0.0
2022-23,346617,Lukas Ullrich,0,0.0,0.0,0.0,0.0,0.0,0.0
2022-23,351860,Lukás Ambros,0,0.0,0.0,1.0,0.0,0.0,0.0
2022-23,198773,Lys Mousset,0,0.0,0.0,0.0,0.0,0.0,0.0
2022-23,162386,Mads Pedersen,0,0.0,0.0,28.0,20.0,0.0,0.0
2022-23,114598,Makoto Hasebe,0,0.0,0.0,18.0,15.0,0.0,0.0
2022-23,301416,Malik Tillman,0,0.0,0.0,0.0,0.0,0.0,0.0
2022-23,285226,Manu Koné,0,1.0,1.0,30.0,30.0,0.0,0.0
2022-23,136810,Manuel Gulde,0,1.0,0.0,15.0,8.0,0.0,0.0
2022-23,84774,Manuel Neuer,0,0.0,0.0,12.0,12.0,0.0,0.0
2022-23,137226,Manuel Riemann,0,0.0,0.0,34.0,34.0,0.0,0.0
2022-23,175887,Marc-Oliver Kempf,0,1.0,0.0,31.0,31.0,0.0,0.0
2022-23,181287,Marcel Halstenberg,0,1.0,1.0,31.0,17.0,0.0,0.0
2022-23,304903,Marcel Lotka,0,0.0,0.0,0.0,0.0,0.0,0.0
2022-23,364581,Marcel Lubik,0,0.0,0.0,0.0,0.0,0.0,0.0
2022-23,173907,Marcel Sabitzer,0,1.0,1.0,15.0,7.0,0.0,0.0
2022-23,323934,Marcel Wenig,0,0.0,0.0,1.0,0.0,0.0,0.0
2022-23,154394,Marcin Kaminski,0,2.0,0.0,8.0,7.0,0.0,0.0
2022-23,232477,Marco Friedl,0,0.0,0.0,30.0,30.0,0.0,0.0
2022-23,310032,Marco John,0,0.0,0.0,0.0,0.0,0.0,0.0
2022-23,122356,Marco Reus,0,6.0,4.0,25.0,14.0,0.0,0.0
2022-23,259053,Marco Richter,0,6.0,6.0,29.0,21.0,0.0,0.0
2022-23,186324,Marcus Ingvartsen,0,10.0,0.0,28.0,16.0,0.0,0.0
2022-23,143020,Mario Götze,0,3.0,2.0,32.0,32.0,0.0,0.0
2022-23,275797,Marius Bulter,0,11.0,1.0,33.0,30.0,0.0,0.0
2022-23,207623,Marius Wolf,0,1.0,1.0,25.0,17.0,0.0,0.0
2022-23,149391,Mark Uth,0,0.0,0.0,3.0,0.0,0.0,0.0
2022-23,307265,Marlon Mustapha,0,0.0,0.0,6.0,0.0,0.0,0.0
2022-23,159150,Marvin Ducksch,0,12.0,6.0,34.0,34.0,0.0,0.0
2022-23,202642,Marvin Friedrich,0,1.0,0.0,23.0,13.0,0.0,0.0
2022-23,312337,Marvin Obuz,0,0.0,0.0,0.0,0.0,0.0,0.0
2022-23,152774,Marvin Plattenhardt,0,0.0,2.0,31.0,29.0,0.0,0.0
2022-23,205751,Marvin Schwäbe,0,0.0,0.0,34.0,34.0,0.0,0.0
2022-23,324323,Matej Maglica,0,0.0,0.0,0.0,0.0,0.0,0.0
2022-23,265992,Mateu Morey,0,0.0,0.0,0.0,0.0,0.0,0.0
2022-23,294277,Mathias Olesen,0,0.0,0.0,14.0,6.0,0.0,0.0
2022-23,325042,Mathys Tel,0,5.0,0.0,22.0,1.0,0.0,0.0
2022-23,84627,Mats Hummels,0,1.0,0.0,30.0,24.0,0.0,0.0
2022-23,170209,Matthias Ginter,0,4.0,1.0,34.0,34.0,0.0,0.0
2022-23,258973,Matthias Köbbing,0,0.0,0.0,0.0,0.0,0.0,0.0
2022-23,239349,Matthijs de Ligt,0,3.0,2.0,31.0,27.0,0.0,0.0
2022-23,220120,Mattias Svanberg,0,4.0,6.0,32.0,21.0,0.0,0.0
2022-23,354639,Mattis Hoppe,0,0.0,0.0,0.0,0.0,0.0,0.0
2022-23,265927,Maurice Malone,0,0.0,0.0,0.0,0.0,0.0,0.0
2022-23,265918,Maxence Lacroix,0,1.0,0.0,24.0,18.0,0.0,0.0
2022-23,238531,Maxim Leitsch,0,0.0,0.0,9.0,7.0,0.0,0.0
2022-23,169037,Maximilian Arnold,0,5.0,3.0,32.0,32.0,0.0,0.0
2022-23,184551,Maximilian Bauer,0,0.0,1.0,27.0,20.0,0.0,0.0
2022-23,290639,Maximilian Beier,0,0.0,0.0,0.0,0.0,0.0,0.0
2022-23,354568,Maximilian Brüll,0,0.0,0.0,0.0,0.0,0.0,0.0
2022-23,214203,Maximilian Eggestein,0,1.0,2.0,31.0,27.0,0.0,0.0
2022-23,216225,Maximilian Mittelstädt,0,0.0,0.0,17.0,7.0,0.0,0.0
2022-23,202802,Maximilian Philipp,0,1.0,0.0,18.0,4.0,0.0,0.0
2022-23,353351,Maximilian Schmid,0,0.0,0.0,0.0,0.0,0.0,0.0
2022-23,105803,Maya Yoshida,0,0.0,0.0,29.0,28.0,0.0,0.0
2022-23,343951,Mehdi Loune,0,0.0,0.0,0.0,0.0,0.0,0.0
2022-23,316105,Mehmet Can Aydin,0,0.0,1.0,16.0,3.0,0.0,0.0
2022-23,332289,Mehmet Ibrahimi,0,0.0,0.0,0.0,0.0,0.0,0.0
2022-23,290638,Melayro Bogarde,0,0.0,0.0,0.0,0.0,0.0,0.0
2022-23,311963,Merlin Röhl,0,0.0,1.0,3.0,0.0,0.0,0.0
2022-23,359207,Mert Kömür,0,0.0,0.0,0.0,0.0,0.0,0.0
2022-23,307264,Merveille Papela,0,0.0,0.0,0.0,0.0,0.0,0.0
2022-23,149046,Michael Esser,0,0.0,0.0,0.0,0.0,0.0,0.0
2022-23,138048,Michael Frey,0,0.0,3.0,15.0,10.0,0.0,0.0
2022-23,146804,Michael Gregoritsch,0,10.0,4.0,30.0,27.0,0.0,0.0
2022-23,85917,Michael Langer,0,0.0,0.0,0.0,0.0,0.0,0.0
2022-23,184550,Michael Zetterer,0,0.0,0.0,2.0,1.0,0.0,0.0
2022-23,296512,Micky van de Ven,0,1.0,1.0,33.0,33.0,0.0,0.0
2022-23,277107,Mikkel Kaufmann,0,0.0,0.0,0.0,0.0,0.0,0.0
2022-23,228628,Milos Pantovic,0,1.0,0.0,13.0,0.0,0.0,0.0
2022-23,197342,Milos Veljkovic,0,1.0,2.0,29.0,25.0,0.0,0.0
2022-23,338852,Mio Backhaus,0,0.0,0.0,0.0,0.0,0.0,0.0
2022-23,267573,Mitchel Bakker,0,3.0,2.0,28.0,19.0,0.0,0.0
2022-23,159139,Mitchell Weiser,0,2.0,9.0,30.0,29.0,0.0,0.0
2022-23,318391,Mohamed Sankoh,0,0.0,0.0,0.0,0.0,0.0,0.0
2022-23,277306,Mohamed Simakan,0,1.0,1.0,24.0,18.0,0.0,0.0
2022-23,346370,Mohammed Tolba,0,0.0,0.0,0.0,0.0,0.0,0.0
2022-23,291976,Moritz Broschinski,0,2.0,0.0,11.0,0.0,0.0,0.0
2022-23,264245,Moritz Jenz,0,0.0,0.0,11.0,11.0,0.0,0.0
2022-23,238536,Moritz Nicolas,0,0.0,0.0,0.0,0.0,0.0,0.0
2022-23,283146,Moritz Römling,0,0.0,0.0,0.0,0.0,0.0,0.0
2022-23,275804,Moritz-Broni Kwarteng,0,0.0,0.0,0.0,0.0,0.0,0.0
2022-23,202686,Morten Thorsby,0,1.0,1.0,24.0,8.0,0.0,0.0
2022-23,270670,Moussa Diaby,0,9.0,8.0,33.0,33.0,0.0,0.0
2022-23,346928,Muhammed Damar,0,0.0,0.0,6.0,1.0,0.0,0.0
2022-23,166948,Munas Dabbur,0,6.0,2.0,21.0,8.0,0.0,0.0
2022-23,303754,Márton Dárdai,0,1.0,0.0,17.0,11.0,0.0,0.0
2022-23,196567,Naby Keïta,0,0.0,0.0,0.0,0.0,0.0,0.0
2022-23,364582,Nacho Ferri,0,0.0,0.0,0.0,0.0,0.0,0.0
2022-23,210818,Nadiem Amiri,0,4.0,1.0,25.0,9.0,0.0,0.0
2022-23,319415,Nahuel Nicolas Noll,0,0.0,0.0,0.0,0.0,0.0,0.0
2022-23,282676,Nathan N'Goumou,0,1.0,0.0,20.0,7.0,0.0,0.0
2022-23,291750,Nathanaël Mbuku,0,0.0,0.0,2.0,0.0,0.0,0.0
2022-23,351280,Nelson Weiper,0,2.0,0.0,9.0,0.0,0.0,0.0
2022-23,298349,Nick Woltemade,0,0.0,0.0,0.0,0.0,0.0,0.0
2022-23,170257,Niclas Füllkrug,0,16.0,5.0,28.0,28.0,0.0,0.0
2022-23,274892,Niclas Thiede,0,0.0,0.0,0.0,0.0,0.0,0.0
2022-23,212237,Nico Elvedi,0,3.0,0.0,32.0,32.0,0.0,0.0
2022-23,286828,Nico Schlotterbeck,0,4.0,5.0,28.0,27.0,0.0,0.0
2022-23,149394,Nico Schulz,0,0.0,0.0,0.0,0.0,0.0,0.0
2022-23,216080,Nicolai Rapp,0,0.0,0.0,7.0,0.0,0.0,0.0
2022-23,259022,Nicolas Cozza,0,0.0,0.0,5.0,0.0,0.0,0.0
2022-23,149570,Nicolas Höfler,0,0.0,1.0,32.0,32.0,0.0,0.0
2022-23,305956,Nicolas Seiwald,0,0.0,0.0,0.0,0.0,0.0,0.0
2022-23,225567,Niklas Dorsch,0,0.0,0.0,11.0,5.0,0.0,0.0
2022-23,233971,Niklas Klinger,0,0.0,0.0,0.0,0.0,0.0,0.0
2022-23,175069,Niklas Lomb,0,0.0,0.0,0.0,0.0,0.0,0.0
2022-23,225565,Niklas Schmidt,0,3.0,0.0,24.0,11.0,0.0,0.0
2022-23,186026,Niklas Stark,0,0.0,0.0,27.0,23.0,0.0,0.0
2022-23,186263,Niklas Süle,0,2.0,4.0,29.0,23.0,0.0,0.0
2022-23,307266,Niklas Tauer,0,0.0,0.0,3.0,0.0,0.0,0.0
2022-23,326586,Nikola Soldo,0,0.0,0.0,7.0,6.0,0.0,0.0
2022-23,259878,Nikolas Nartey,0,0.0,0.0,9.0,5.0,0.0,0.0
2022-23,321064,Noah Atubolu,0,0.0,0.0,0.0,0.0,0.0,0.0
2022-23,235687,Noah Joel Sarenren-Bazee,0,0.0,0.0,2.0,0.0,0.0,0.0
2022-23,283729,Noah Katterbach,0,0.0,0.0,0.0,0.0,0.0,0.0
2022-23,230964,Noah Loosli,0,0.0,0.0,0.0,0.0,0.0,0.0
2022-23,315454,Noah Mbamba,0,0.0,0.0,1.0,0.0,0.0,0.0
2022-23,321063,Noah Weißhaupt,0,0.0,1.0,18.0,3.0,0.0,0.0
2022-23,306991,Noel Futkeu,0,0.0,0.0,0.0,0.0,0.0,0.0
2022-23,239350,Noussair Mazraoui,0,1.0,4.0,19.0,11.0,0.0,0.0
2022-23,284822,Odilon Kossounou,0,0.0,1.0,24.0,17.0,0.0,0.0
2022-23,138213,Oliver Baumann,0,0.0,0.0,34.0,34.0,0.0,0.0
2022-23,212478,Oliver Burke,0,2.0,0.0,15.0,1.0,0.0,0.0
2022-23,249668,Oliver Christensen,0,0.0,0.0,33.0,33.0,0.0,0.0
2022-23,215401,Omar Alderete,0,0.0,0.0,0.0,0.0,0.0,0.0
2022-23,303745,Omar Marmoush,0,5.0,1.0,33.0,15.0,0.0,0.0
2022-23,303546,Omer Beyaz,0,0.0,0.0,0.0,0.0,0.0,0.0
2022-23,206072,Ondrej Duda,0,0.0,0.0,13.0,9.0,0.0,0.0
2022-23,320881,Oscar Fraulo,0,0.0,0.0,2.0,0.0,0.0,0.0
2022-23,356728,Oskar Preil,0,0.0,0.0,0.0,0.0,0.0,0.0
2022-23,266565,Ozan Kabak,0,2.0,2.0,30.0,28.0,0.0,0.0
2022-23,359166,Pascal Klemens,0,0.0,0.0,1.0,1.0,0.0,0.0
2022-23,223266,Pascal Stenzel,0,0.0,1.0,12.0,3.0,0.0,0.0
2022-23,275774,Patric Pfeiffer,0,0.0,0.0,0.0,0.0,0.0,0.0
2022-23,127259,Patrick Herrmann,0,1.0,0.0,21.0,0.0,0.0,0.0
2022-23,291203,Patrick Osterhage,0,0.0,0.0,23.0,11.0,0.0,0.0
2022-23,237966,Patrick Pentz,0,0.0,0.0,0.0,0.0,0.0,0.0
2022-23,300095,Patrick Wimmer,0,4.0,8.0,26.0,23.0,0.0,0.0
2022-23,212330,Patrik Schick,0,3.0,1.0,14.0,10.0,0.0,0.0
2022-23,271606,Paul Jaeckel,0,1.0,0.0,16.0,13.0,0.0,0.0
2022-23,307282,Paul Nebel,0,0.0,0.0,0.0,0.0,0.0,0.0
2022-23,333399,Paul Wanner,0,0.0,0.0,2.0,0.0,0.0,0.0
2022-23,149841,Pavao Pervan,0,0.0,0.0,0.0,0.0,0.0,0.0
2022-23,207401,Pavel Kaderábek,0,1.0,1.0,26.0,17.0,0.0,0.0
2022-23,304129,Paxten Aaronson,0,0.0,0.0,7.0,0.0,0.0,0.0
2022-23,130849,Peter Pekarík,0,0.0,0.0,5.0,2.0,0.0,0.0
2022-23,252380,Philipp Förster,0,3.0,8.0,25.0,15.0,0.0,0.0
2022-23,169412,Philipp Hofmann,0,8.0,4.0,34.0,31.0,0.0,0.0
2022-23,219316,Philipp Lienhart,0,1.0,0.0,29.0,27.0,0.0,0.0
2022-23,200856,Philipp Max,0,0.0,1.0,10.0,8.0,0.0,0.0
2022-23,324543,Philipp Schulze,0,0.0,0.0,0.0,0.0,0.0,0.0
2022-23,292062,Piero Hincapié,0,1.0,1.0,30.0,27.0,0.0,0.0
2022-23,119620,Péter Gulácsi,0,0.0,0.0,6.0,6.0,0.0,0.0
2022-23,197052,Rafael Borré,0,2.0,2.0,32.0,10.0,0.0,0.0
2022-23,94993,Ralf Fährmann,0,0.0,0.0,12.0,12.0,0.0,0.0
2022-23,220703,Ramy Bensebaini,0,6.0,1.0,28.0,28.0,0.0,0.0
2022-23,252971,Randal Kolo Muani,0,15.0,11.0,32.0,31.0,0.0,0.0
2022-23,159152,Rani Khedira,0,2.0,1.0,33.0,33.0,0.0,0.0
2022-23,188050,Raphael Framberger,0,0.0,0.0,3.0,2.0,0.0,0.0
2022-23,176228,Raphaël Guerreiro,0,4.0,12.0,27.0,26.0,0.0,0.0
2022-23,210136,Reece Oxford,0,0.0,0.0,3.0,1.0,0.0,0.0
2022-23,337011,Renato Veiga,0,0.0,0.0,13.0,7.0,0.0,0.0
2022-23,289120,Ricardo Pepi,0,0.0,0.0,4.0,1.0,0.0,0.0
2022-23,229562,Rick Van Drongelen,0,0.0,0.0,0.0,0.0,0.0,0.0
2022-23,258963,Ridle Baku,0,5.0,3.0,33.0,29.0,0.0,0.0
2022-23,349543,Rijad Smajic,0,0.0,0.0,0.0,0.0,0.0,0.0
2022-23,219627,Ritsu Doan,0,5.0,4.0,33.0,30.0,0.0,0.0
2022-23,180998,Robert Andrich,0,2.0,2.0,29.0,28.0,0.0,0.0
2022-23,235180,Robert Gumny,0,1.0,2.0,29.0,23.0,0.0,0.0
2022-23,346618,Robert Kwasigroch,0,0.0,0.0,0.0,0.0,0.0,0.0
2022-23,218596,Robert Skov,0,3.0,2.0,23.0,16.0,0.0,0.0
2022-23,268123,Roberto Massimo,0,0.0,0.0,0.0,0.0,0.0,0.0
2022-23,258876,Robin Hack,0,0.0,0.0,0.0,0.0,0.0,0.0
2022-23,157466,Robin Knoche,0,2.0,3.0,32.0,32.0,0.0,0.0
2022-23,206114,Robin Zentner,0,0.0,0.0,26.0,26.0,0.0,0.0
2022-23,287494,Rodrigo Zalazar,0,1.0,7.0,22.0,15.0,0.0,0.0
2022-23,219444,Roland Sallai,0,1.0,4.0,19.0,10.0,0.0,0.0
2022-23,238296,Romano Schmid,0,1.0,3.0,27.0,15.0,0.0,0.0
2022-23,259513,Rubén Vargas,0,3.0,4.0,23.0,13.0,0.0,0.0
2022-23,45622,Rune Jarstein,0,0.0,0.0,0.0,0.0,0.0,0.0
2022-23,274632,Ryan Gravenberch,0,0.0,0.0,24.0,3.0,0.0,0.0
2022-23,169797,Sadio Mané,0,7.0,5.0,25.0,18.0,0.0,0.0
2022-23,225563,Salih Özcan,0,0.0,1.0,26.0,17.0,0.0,0.0
2022-23,233734,Santiago Ascacibar,0,0.0,0.0,0.0,0.0,0.0,0.0
2022-23,185827,Sardar Azmoun,0,4.0,1.0,23.0,8.0,0.0,0.0
2022-23,182427,Sargis Adamyan,0,1.0,3.0,24.0,4.0,0.0,0.0
2022-23,271130,Sebastiaan Bornauw,0,1.0,0.0,26.0,23.0,0.0,0.0
2022-23,136593,Sebastian Polter,0,2.0,3.0,19.0,5.0,0.0,0.0
2022-23,122926,Sebastian Rode,0,4.0,1.0,27.0,19.0,0.0,0.0
2022-23,341845,Semir Telalovic,0,0.0,0.0,3.0,0.0,0.0,0.0
2022-23,270507,Sepp van den Berg,0,1.0,0.0,9.0,8.0,0.0,0.0
2022-23,178980,Serge Gnabry,0,14.0,6.0,34.0,22.0,0.0,0.0
2022-23,186381,Serhou Guirassy,0,11.0,0.0,22.0,20.0,0.0,0.0
2022-23,195027,Sheraldo Becker,0,11.0,7.0,34.0,33.0,0.0,0.0
2022-23,346632,Sidi Sané,0,0.0,0.0,1.0,0.0,0.0,0.0
2022-23,279282,Silas Katompa-Mvumpa,0,5.0,2.0,30.0,23.0,0.0,0.0
2022-23,175905,Silvan Widmer,0,2.0,2.0,26.0,19.0,0.0,0.0
2022-23,338209,Simon Simoni,0,0.0,0.0,0.0,0.0,0.0,0.0
2022-23,102318,Simon Terodde,0,5.0,0.0,32.0,21.0,0.0,0.0
2022-23,153654,Simon Zoller,0,3.0,2.0,27.0,19.0,0.0,0.0
2022-23,265951,Soichiro Kozuki,0,1.0,0.0,5.0,5.0,0.0,0.0
2022-23,10767,Soumaila Coulibaly,0,0.0,0.0,1.0,0.0,0.0,0.0
2022-23,268808,Stanley N'Soki,0,1.0,0.0,19.0,14.0,0.0,0.0
2022-23,144620,Stefan Bell,0,0.0,0.0,30.0,26.0,0.0,0.0
2022-23,214635,Stefan Lainer,0,0.0,0.0,17.0,9.0,0.0,0.0
2022-23,231764,Steffen Tigges,0,6.0,1.0,30.0,17.0,0.0,0.0
2022-23,119612,Stevan Jovetic,0,4.0,3.0,17.0,8.0,0.0,0.0
2022-23,227053,Suat Serdar,0,4.0,2.0,32.0,24.0,0.0,0.0
2022-23,197796,Sven Michel,0,3.0,1.0,21.0,2.0,0.0,0.0
2022-23,113733,Sven Ulreich,0,0.0,0.0,3.0,3.0,0.0,0.0
2022-23,164171,Sébastien Haller,0,9.0,3.0,19.0,15.0,0.0,0.0
2022-23,201469,Takuma Asano,0,3.0,2.0,25.0,21.0,0.0,0.0
2022-23,345393,Thomas Kastanaras,0,0.0,0.0,4.0,1.0,0.0,0.0
2022-23,166473,Thomas Meunier,0,0.0,0.0,10.0,7.0,0.0,0.0
2022-23,123465,Thomas Müller,0,7.0,9.0,27.0,21.0,0.0,0.0
2022-23,223312,Thomas Ouwejan,0,0.0,1.0,17.0,10.0,0.0,0.0
2022-23,158066,Thorgan Hazard,0,0.0,0.0,14.0,2.0,0.0,0.0
2022-23,309634,Tim Breithaupt,0,0.0,0.0,0.0,0.0,0.0,0.0
2022-23,290632,Tim Civeja,0,0.0,0.0,0.0,0.0,0.0,0.0
2022-23,346376,Tim Oermann,0,0.0,0.0,4.0,2.0,0.0,0.0
2022-23,290208,Tim Siersleben,0,0.0,0.0,0.0,0.0,0.0,0.0
2022-23,220796,Tim Skarke,0,1.0,1.0,12.0,6.0,0.0,0.0
2022-23,359377,Tim-Justin Dietrich,0,0.0,0.0,0.0,0.0,0.0,0.0
2022-23,238520,Timo Hübers,0,3.0,0.0,29.0,28.0,0.0,0.0
2022-23,345396,Timo Schlieck,0,0.0,0.0,0.0,0.0,0.0,0.0
2022-23,191088,Timo Werner,0,9.0,4.0,27.0,23.0,0.0,0.0
2022-23,128521,Timothy Chandler,0,0.0,0.0,6.0,0.0,0.0,0.0
2022-23,234380,Timothy Fosu-Mensah,0,0.0,0.0,11.0,1.0,0.0,0.0
2022-23,127572,Timothée Kolodziejczak,0,0.0,0.0,1.0,0.0,0.0,0.0
2022-23,335870,Tjark Ernst,0,0.0,0.0,1.0,1.0,0.0,0.0
2022-23,275821,Tobias Mohr,0,0.0,3.0,18.0,8.0,0.0,0.0
2022-23,122273,Tobias Sippel,0,0.0,0.0,6.0,5.0,0.0,0.0
2022-23,151303,Tolga Cigerci,0,0.0,1.0,11.0,10.0,0.0,0.0
2022-23,324660,Tom Bischof,0,0.0,0.0,11.0,3.0,0.0,0.0
2022-23,358635,Tom Kaspar Berger,0,0.0,0.0,0.0,0.0,0.0,0.0
2022-23,283683,Tom Krauss,0,2.0,0.0,32.0,31.0,0.0,0.0
2022-23,178614,Tomas Koubek,0,0.0,0.0,11.0,11.0,0.0,0.0
2022-23,128968,Tony Jantschke,0,0.0,0.0,8.0,1.0,0.0,0.0
2022-23,362859,Tony Rölke,0,0.0,0.0,1.0,0.0,0.0,0.0
2022-23,283224,Tuta,0,2.0,1.0,31.0,30.0,0.0,0.0
2022-23,254442,Ulysses Llanez,0,0.0,0.0,0.0,0.0,0.0,0.0
2022-23,340683,Umut Tohumcu,0,0.0,0.0,8.0,2.0,0.0,0.0
2022-23,362406,Veit Stange,0,0.0,0.0,1.0,0.0,0.0,0.0
2022-23,179571,Vincenzo Grifo,0,15.0,5.0,33.0,30.0,0.0,0.0
2022-23,217476,Václav Cerný,0,0.0,0.0,0.0,0.0,0.0,0.0
2022-23,220714,Waldemar Anton,0,1.0,2.0,34.0,34.0,0.0,0.0
2022-23,152479,Wataru Endo,0,5.0,4.0,33.0,33.0,0.0,0.0
2022-23,241689,Wilfried Kanga,0,2.0,0.0,23.0,15.0,0.0,0.0
2022-23,162162,Willi Orbán,0,4.0,0.0,33.0,33.0,0.0,0.0
2022-23,287005,Willian Pacho,0,0.0,0.0,0.0,0.0,0.0,0.0
2022-23,238886,Xaver Schlager,0,1.0,1.0,22.0,16.0,0.0,0.0
2022-23,93197,Yann Sommer,0,0.0,0.0,29.0,29.0,0.0,0.0
2022-23,328929,Yannic Stein,0,0.0,0.0,0.0,0.0,0.0,0.0
2022-23,189529,Yannick Gerhardt,0,6.0,4.0,29.0,22.0,0.0,0.0
2022-23,266657,Yannik Keitel,0,0.0,2.0,22.0,8.0,0.0,0.0
2022-23,305554,Youssoufa Moukoko,0,7.0,4.0,26.0,11.0,0.0,0.0
2022-23,182245,Yussuf Poulsen,0,2.0,1.0,19.0,3.0,0.0,0.0
2022-23,324183,Yvandro Borges Sanches,0,0.0,0.0,3.0,0.0,0.0,0.0
2022-23,195647,Éder Balanta,0,0.0,0.0,6.0,3.0,0.0,0.0
2023-24,238131,Aaron Seydel,0,1.0,0.0,16.0,5.0,0.0,0.0
2023-24,304739,Abdoulaye Kamara,0,0.0,0.0,0.0,0.0,0.0,0.0
2023-24,379032,Adam Aznou,0,0.0,0.0,0.0,0.0,0.0,0.0
2023-24,292169,Adam Hlozek,0,2.0,3.0,23.0,5.0,0.0,0.0
2023-24,277999,Adrian Beck,0,1.0,1.0,23.0,11.0,0.0,0.0
2023-24,275251,Agon Elezi,0,0.0,0.0,0.0,0.0,0.0,0.0
2023-24,168318,Alassane Pléa,0,7.0,4.0,27.0,24.0,0.0,0.0
2023-24,166396,Alejandro Grimaldo,0,10.0,14.0,33.0,31.0,0.0,0.0
2023-24,359370,Aleksandar Pavlovic,0,2.0,2.0,19.0,14.0,0.0,0.0
2023-24,257085,Alex Král,0,0.0,0.0,24.0,13.0,0.0,0.0
2023-24,205910,Alexander Brunst-Zöllner,0,0.0,0.0,3.0,3.0,0.0,0.0
2023-24,178380,Alexander Meyer,0,0.0,0.0,8.0,7.0,0.0,0.0
2023-24,205750,Alexander Nübel,0,0.0,0.0,30.0,30.0,0.0,0.0
2023-24,156416,Alexander Schwolow,0,0.0,0.0,1.0,1.0,0.0,0.0
2023-24,236721,Alphonso Davies,0,2.0,5.0,29.0,24.0,0.0,0.0
2023-24,228557,Amadou Haidara,0,2.0,1.0,21.0,19.0,0.0,0.0
2023-24,303752,Amin Sarr,0,0.0,0.0,14.0,2.0,0.0,0.0
2023-24,291613,Amine Adli,0,4.0,5.0,23.0,8.0,0.0,0.0
2023-24,275844,Amos Pieper,0,0.0,0.0,7.0,7.0,0.0,0.0
2023-24,336995,Anders Börset,0,0.0,0.0,0.0,0.0,0.0,0.0
2023-24,218646,Andreas Hanche-Olsen,0,1.0,0.0,15.0,12.0,0.0,0.0
2023-24,135807,Andreas Luthe,0,0.0,0.0,1.0,1.0,0.0,0.0
2023-24,280184,Andreas Müller,0,0.0,0.0,11.0,2.0,0.0,0.0
2023-24,139520,Andrej Kramaric,0,15.0,6.0,30.0,25.0,0.0,0.0
2023-24,284702,András Schäfer,0,1.0,2.0,20.0,14.0,0.0,0.0
2023-24,290232,Angelo Stiller,0,1.0,5.0,32.0,31.0,0.0,0.0
2023-24,362672,Anrie Chase,0,0.0,0.0,0.0,0.0,0.0,0.0
2023-24,305555,Ansgar Knauff,0,7.0,2.0,31.0,24.0,0.0,0.0
2023-24,241297,Anthony Caci,0,2.0,3.0,31.0,29.0,0.0,0.0
2023-24,169753,Anthony Jung,0,1.0,0.0,31.0,30.0,0.0,0.0
2023-24,150326,Anthony Losilla,0,1.0,2.0,31.0,31.0,0.0,0.0
2023-24,291614,Anthony Rouault,0,0.0,2.0,22.0,11.0,0.0,0.0
2023-24,304802,Anton Stach,0,2.0,3.0,33.0,28.0,0.0,0.0
2023-24,291966,Antonios Papadopoulos,0,0.0,0.0,2.0,1.0,0.0,0.0
2023-24,314177,Arne Engels,0,3.0,2.0,32.0,13.0,0.0,0.0
2023-24,231178,Arne Maier,0,2.0,4.0,22.0,10.0,0.0,0.0
2023-24,334374,Arthur,0,0.0,2.0,4.0,2.0,0.0,0.0
2023-24,384169,Asaf Arania,0,0.0,0.0,1.0,0.0,0.0,0.0
2023-24,290798,Aster Vranckx,0,0.0,0.0,24.0,12.0,0.0,0.0
2023-24,241742,Atakan Karazor,0,0.0,4.0,33.0,31.0,0.0,0.0
2023-24,289536,Attila Szalai,0,0.0,0.0,7.0,4.0,0.0,0.0
2023-24,362701,Ayman Aourir,0,0.0,0.0,0.0,0.0,0.0,0.0
2023-24,231984,Aïssa Laïdouni,0,0.0,3.0,23.0,10.0,0.0,0.0
2023-24,336355,Bambasé Conté,0,0.0,0.0,7.0,0.0,0.0,0.0
2023-24,291405,Bartol Franjic,0,0.0,1.0,20.0,14.0,0.0,0.0
2023-24,307515,Benedict Hollerbach,0,5.0,0.0,28.0,15.0,0.0,0.0
2023-24,220716,Benedikt Gimber,0,1.0,1.0,24.0,24.0,0.0,0.0
2023-24,220711,Benjamin Henrichs,0,1.0,5.0,33.0,28.0,0.0,0.0
2023-24,289155,Benjamin Sesko,0,14.0,2.0,31.0,17.0,0.0,0.0
2023-24,166716,Benjamin Uphoff,0,0.0,0.0,0.0,0.0,0.0,0.0
2023-24,384501,Bennit Bröger,0,0.0,0.0,1.0,0.0,0.0,0.0
2023-24,191017,Benno Schmitz,0,0.0,1.0,22.0,13.0,0.0,0.0
2023-24,218980,Bernardo,0,1.0,0.0,33.0,33.0,0.0,0.0
2023-24,214995,Borja Iglesias,0,0.0,0.0,7.0,2.0,0.0,0.0
2023-24,163922,Bouna Sarr,0,0.0,0.0,2.0,1.0,0.0,0.0
2023-24,357683,Brajan Gruda,0,4.0,3.0,28.0,19.0,0.0,0.0
2023-24,289624,Braydon Manu,0,0.0,0.0,4.0,3.0,0.0,0.0
2023-24,259653,Brenden Aaronson,0,2.0,2.0,30.0,14.0,0.0,0.0
2023-24,311571,Bryan Zaragoza,0,0.0,0.0,7.0,1.0,0.0,0.0
2023-24,238897,Buta,0,1.0,1.0,30.0,20.0,0.0,0.0
2023-24,319100,Castello Lukeba,0,1.0,0.0,32.0,24.0,0.0,0.0
2023-24,195221,Chris Bedia,0,1.0,0.0,7.0,0.0,0.0,0.0
2023-24,268951,Chris Führich,0,8.0,7.0,34.0,33.0,0.0,0.0
2023-24,136681,Christian Groß,0,0.0,1.0,20.0,8.0,0.0,0.0
2023-24,174618,Christian Günter,0,1.0,2.0,15.0,13.0,0.0,0.0
2023-24,288794,Christian Kühlwetter,0,0.0,1.0,1.0,0.0,0.0,0.0
2023-24,274897,Christoph Baumgartner,0,5.0,1.0,32.0,11.0,0.0,0.0
2023-24,263133,Christoph Klarer,0,2.0,2.0,30.0,28.0,0.0,0.0
2023-24,160055,Christoph Kramer,0,0.0,0.0,14.0,1.0,0.0,0.0
2023-24,227002,Christoph Zimmerman,0,0.0,0.0,19.0,12.0,0.0,0.0
2023-24,259252,Christopher Antwi-Adjei,0,2.0,2.0,25.0,11.0,0.0,0.0
2023-24,222447,Christopher Lenz,0,0.0,0.0,6.0,0.0,0.0,0.0
2023-24,146485,Christopher Trimmel,0,0.0,3.0,26.0,19.0,0.0,0.0
2023-24,174554,Cimo Röcker,0,0.0,0.0,0.0,0.0,0.0,0.0
2023-24,323737,Clemens Riedel,0,0.0,0.0,14.0,9.0,0.0,0.0
2023-24,379024,Cole Campbell,0,0.0,0.0,0.0,0.0,0.0,0.0
2023-24,141429,Cristian Gamboa,0,0.0,1.0,22.0,12.0,0.0,0.0
2023-24,245808,Cédric Zesiger,0,0.0,0.0,23.0,18.0,0.0,0.0
2023-24,359707,Damion Downs,0,2.0,0.0,10.0,0.0,0.0,0.0
2023-24,258870,Dan-Axel Zagadou,0,1.0,0.0,19.0,16.0,0.0,0.0
2023-24,227765,Dani Olmo,0,4.0,6.0,21.0,17.0,0.0,0.0
2023-24,149297,Daniel Batz,0,0.0,0.0,4.0,4.0,0.0,0.0
2023-24,357739,Daniel Hausmann,0,0.0,0.0,0.0,0.0,0.0,0.0
2023-24,305926,Daniel Peretz,0,0.0,0.0,1.0,0.0,0.0,0.0
2023-24,277859,Daniel-Kofi Kyereh,0,0.0,0.0,0.0,0.0,0.0,0.0
2023-24,233622,Danilho Doekhi,0,2.0,0.0,24.0,24.0,0.0,0.0
2023-24,189538,Danilo Soares,0,0.0,0.0,5.0,3.0,0.0,0.0
2023-24,154603,Danny da Costa,0,0.0,1.0,19.0,9.0,0.0,0.0
2023-24,362048,Dario Gebuhr,0,0.0,0.0,0.0,0.0,0.0,0.0
2023-24,383901,David Deger,0,0.0,0.0,0.0,0.0,0.0,0.0
2023-24,335996,David Jurásek,0,0.0,1.0,13.0,4.0,0.0,0.0
2023-24,367714,David Mamutovic,0,0.0,0.0,2.0,0.0,0.0,0.0
2023-24,249548,David Raum,0,2.0,8.0,31.0,31.0,0.0,0.0
2023-24,196032,Davie Selke,0,6.0,0.0,19.0,16.0,0.0,0.0
2023-24,337062,Davis Bautista,0,0.0,0.0,0.0,0.0,0.0,0.0
2023-24,220060,Dawid Kownacki,0,0.0,0.0,22.0,3.0,0.0,0.0
2023-24,222793,Dayot Upamecano,0,1.0,0.0,25.0,19.0,0.0,0.0
2023-24,262862,Dejan Ljubicic,0,0.0,2.0,26.0,24.0,0.0,0.0
2023-24,343969,Denis Huseinbasic,0,0.0,3.0,26.0,18.0,0.0,0.0
2023-24,151122,Denis Thomalla,0,0.0,0.0,21.0,3.0,0.0,0.0
2023-24,273300,Deniz Undav,0,18.0,9.0,30.0,23.0,0.0,0.0
2023-24,221466,Dennis Geiger,0,0.0,0.0,3.0,0.0,0.0,0.0
2023-24,362585,Dennis Seimen,0,0.0,0.0,0.0,0.0,0.0,0.0
2023-24,258910,Diogo Leite,0,0.0,0.0,32.0,31.0,0.0,0.0
2023-24,306647,Dion Drena Beljo,0,2.0,0.0,26.0,3.0,0.0,0.0
2023-24,172997,Dominik Kohr,0,1.0,0.0,31.0,27.0,0.0,0.0
2023-24,167683,Dominique Heintz,0,0.0,0.0,12.0,6.0,0.0,0.0
2023-24,215717,Donny van de Beek,0,0.0,0.0,8.0,4.0,0.0,0.0
2023-24,259481,Donyell Malen,0,13.0,1.0,27.0,21.0,0.0,0.0
2023-24,307267,Dudu,0,0.0,0.0,0.0,0.0,0.0,0.0
2023-24,345905,Dzenan Pejcinovic,0,0.0,0.0,4.0,0.0,0.0,0.0
2023-24,226970,Edimilson Fernandes,0,0.0,2.0,21.0,13.0,0.0,0.0
2023-24,257287,Edmond Tapsoba,0,0.0,1.0,28.0,23.0,0.0,0.0
2023-24,304740,El Chadaille Bitshiabu,0,0.0,0.0,6.0,0.0,0.0,0.0
2023-24,372788,Elias Baum,0,0.0,0.0,4.0,0.0,0.0,0.0
2023-24,357685,Elias-Geoffrey Bakatukanda,0,0.0,0.0,0.0,0.0,0.0,0.0
2023-24,344794,Elidon Qenaj,0,0.0,0.0,0.0,0.0,0.0,0.0
2023-24,237435,Eljif Elmas,0,0.0,0.0,14.0,2.0,0.0,0.0
2023-24,209595,Ellyes Skhiri,0,2.0,2.0,27.0,24.0,0.0,0.0
2023-24,259055,Elvis Rexhbecaj,0,2.0,0.0,25.0,24.0,0.0,0.0
2023-24,274906,Emir Karic,0,0.0,0.0,27.0,18.0,0.0,0.0
2023-24,159142,Emre Can,0,2.0,2.0,25.0,22.0,0.0,0.0
2023-24,297158,Enzo Millot,0,5.0,5.0,31.0,27.0,0.0,0.0
2023-24,312112,Eren Dinkci,0,10.0,4.0,33.0,33.0,0.0,0.0
2023-24,237807,Erhan Masovic,0,0.0,0.0,29.0,24.0,0.0,0.0
2023-24,155532,Eric Dier,0,0.0,0.0,15.0,13.0,0.0,0.0
2023-24,290398,Eric Martel,0,1.0,1.0,30.0,29.0,0.0,0.0
2023-24,102254,Eric Maxim Choupo-Moting,0,2.0,2.0,27.0,7.0,0.0,0.0
2023-24,269136,Ermedin Demirovic,0,15.0,9.0,33.0,33.0,0.0,0.0
2023-24,228393,Exequiel Palacios,0,4.0,5.0,24.0,21.0,0.0,0.0
2023-24,201123,Fabian Bredlow,0,0.0,0.0,4.0,4.0,0.0,0.0
2023-24,172435,Fabian Holland,0,0.0,2.0,23.0,23.0,0.0,0.0
2023-24,290425,Fabian Nürnberger,0,1.0,1.0,21.0,17.0,0.0,0.0
2023-24,259899,Fabian Rudlin,0,0.0,0.0,1.0,0.0,0.0,0.0
2023-24,159153,Fabian Schnellhardt,0,0.0,0.0,10.0,2.0,0.0,0.0
2023-24,323061,Fabio Chiarodia,0,0.0,0.0,7.0,1.0,0.0,0.0
2023-24,346002,Fabio Torsiello,0,0.0,0.0,10.0,1.0,0.0,0.0
2023-24,325942,Faride Alidou,0,4.0,0.0,26.0,14.0,0.0,0.0
2023-24,337306,Farès Chaïbi,0,2.0,4.0,28.0,21.0,0.0,0.0
2023-24,279961,Felix Agu,0,0.0,0.0,24.0,19.0,0.0,0.0
2023-24,281122,Felix Nmecha,0,1.0,2.0,20.0,10.0,0.0,0.0
2023-24,225573,Felix Passlack,0,2.0,2.0,15.0,13.0,0.0,0.0
2023-24,233499,Felix Uduokhai,0,2.0,0.0,33.0,33.0,0.0,0.0
2023-24,287600,Finn Becker,0,0.0,0.0,22.0,5.0,0.0,0.0
2023-24,228507,Finn Dahmen,0,0.0,0.0,31.0,31.0,0.0,0.0
2023-24,256768,Florent Muslija,0,0.0,0.0,10.0,0.0,0.0,0.0
2023-24,238566,Florian Dietz,0,0.0,0.0,5.0,0.0,0.0,0.0
2023-24,219304,Florian Grillitsch,0,1.0,6.0,30.0,25.0,0.0,0.0
2023-24,151464,Florian Kainz,0,5.0,4.0,33.0,29.0,0.0,0.0
2023-24,122292,Florian Müller,0,0.0,0.0,0.0,0.0,0.0,0.0
2023-24,238527,Florian Neuhaus,0,4.0,2.0,25.0,15.0,0.0,0.0
2023-24,122397,Florian Pick,0,0.0,1.0,22.0,1.0,0.0,0.0
2023-24,324319,Florian Schock,0,0.0,0.0,0.0,0.0,0.0,0.0
2023-24,303748,Florian Wirtz,0,11.0,11.0,32.0,26.0,0.0,0.0
2023-24,379180,Francis-Ikechukwu Onyeka,0,0.0,0.0,0.0,0.0,0.0,0.0
2023-24,196029,Franck Honorat,0,3.0,10.0,32.0,28.0,0.0,0.0
2023-24,334262,Frank Feller,0,0.0,0.0,0.0,0.0,0.0,0.0
2023-24,267684,Fraser Hornby,0,0.0,0.0,7.0,1.0,0.0,0.0
2023-24,165424,Frederik Ronnow,0,0.0,0.0,33.0,33.0,0.0,0.0
2023-24,221227,Fredrik Jensen,0,2.0,6.0,22.0,18.0,0.0,0.0
2023-24,205912,Genki Haraguchi,0,0.0,0.0,2.0,0.0,0.0,0.0
2023-24,218779,Gerrit Holtmann,0,0.0,0.0,10.0,2.0,0.0,0.0
2023-24,215726,Gonçalo Paciência,0,3.0,1.0,19.0,6.0,0.0,0.0
2023-24,149981,Granit Xhaka,0,3.0,0.0,33.0,32.0,0.0,0.0
2023-24,323935,Grant-Leon Ranos,0,0.0,0.0,9.0,0.0,0.0,0.0
2023-24,238544,Gregor Kobel,0,0.0,0.0,27.0,27.0,0.0,0.0
2023-24,218714,Grischa Prömel,0,4.0,5.0,28.0,27.0,0.0,0.0
2023-24,340464,Guillermo Bueno,0,0.0,0.0,0.0,0.0,0.0,0.0
2023-24,341736,Gustavo Puerta,0,0.0,0.0,7.0,0.0,0.0,0.0
2023-24,365141,Harpreet Ghotra,0,0.0,0.0,0.0,0.0,0.0,0.0
2023-24,142200,Harry Kane,0,36.0,8.0,32.0,32.0,0.0,0.0
2023-24,97111,Hiroki Ito,0,0.0,2.0,26.0,25.0,0.0,0.0
2023-24,292170,Hrvoje Smolcic,0,1.0,0.0,11.0,3.0,0.0,0.0
2023-24,304901,Hugo Ekitike,0,4.0,2.0,14.0,7.0,0.0,0.0
2023-24,336460,Hugo Larsson,0,2.0,1.0,29.0,21.0,0.0,0.0
2023-24,381065,Hugo Rölleke,0,0.0,0.0,0.0,0.0,0.0,0.0
2023-24,252800,Iago,0,1.0,1.0,23.0,18.0,0.0,0.0
2023-24,281125,Ian Maatsen,0,2.0,2.0,16.0,15.0,0.0,0.0
2023-24,189541,Ihlas Bebou,0,7.0,5.0,32.0,16.0,0.0,0.0
2023-24,308227,Isak Hansen-Aarøen,0,0.0,0.0,3.0,0.0,0.0,0.0
2023-24,171967,Ivan Ordets,0,1.0,0.0,24.0,21.0,0.0,0.0
2023-24,378195,Jaaso Jantunen,0,0.0,0.0,0.0,0.0,0.0,0.0
2023-24,274975,Jacob Christensen,0,0.0,0.0,7.0,2.0,0.0,0.0
2023-24,259836,Jadon Sancho,0,2.0,2.0,14.0,11.0,0.0,0.0
2023-24,170636,Jakob Busk,0,0.0,0.0,0.0,0.0,0.0,0.0
2023-24,378426,Jakob Löpping,0,0.0,0.0,0.0,0.0,0.0,0.0
2023-24,304933,Jakub Kaminski,0,0.0,2.0,17.0,4.0,0.0,0.0
2023-24,303821,Jamal Musiala,0,10.0,6.0,24.0,20.0,0.0,0.0
2023-24,339879,Jamie Gittens,0,1.0,4.0,25.0,14.0,0.0,0.0
2023-24,290811,Jamie Leweling,0,4.0,4.0,34.0,17.0,0.0,0.0
2023-24,304631,Jan Olschowsky,0,0.0,0.0,0.0,0.0,0.0,0.0
2023-24,291798,Jan Schöppner,0,2.0,2.0,26.0,23.0,0.0,0.0
2023-24,300444,Jan Thielmann,0,1.0,0.0,22.0,20.0,0.0,0.0
2023-24,170604,Janik Haberer,0,1.0,1.0,21.0,14.0,0.0,0.0
2023-24,161825,Janis Blaswich,0,0.0,0.0,21.0,21.0,0.0,0.0
2023-24,207860,Jannik Müller,0,0.0,1.0,16.0,12.0,0.0,0.0
2023-24,346662,Jean-Mattéo Bahoya,0,0.0,0.0,8.0,1.0,0.0,0.0
2023-24,258909,Jeff Chabot,0,0.0,0.0,32.0,32.0,0.0,0.0
2023-24,140624,Jeffrey Gouweleeuw,0,1.0,0.0,30.0,29.0,0.0,0.0
2023-24,122396,Jens Grahl,0,0.0,1.0,2.0,2.0,0.0,0.0
2023-24,234757,Jens Stage,0,3.0,1.0,30.0,26.0,0.0,0.0
2023-24,276323,Jeong Woo-Yeong,0,2.0,3.0,26.0,5.0,0.0,0.0
2023-24,281119,Jeremie Frimpong,0,9.0,8.0,31.0,27.0,0.0,0.0
2023-24,266659,Jessic Ngankam,0,0.0,0.0,22.0,4.0,0.0,0.0
2023-24,212928,Jirí Pavlenka,0,0.0,0.0,7.0,7.0,0.0,0.0
2023-24,238870,Joakim Maehle,0,2.0,3.0,30.0,27.0,0.0,0.0
2023-24,272135,Joe Scally,0,1.0,4.0,31.0,25.0,0.0,0.0
2023-24,382809,Joel Imasuen,0,0.0,0.0,1.0,0.0,0.0,0.0
2023-24,39386,John Brooks,0,2.0,0.0,21.0,18.0,0.0,0.0
2023-24,220815,Jonas Föhrenbach,0,0.0,0.0,33.0,32.0,0.0,0.0
2023-24,174617,Jonas Hofmann,0,5.0,7.0,32.0,26.0,0.0,0.0
2023-24,345395,Jonas Nickisch,0,0.0,0.0,0.0,0.0,0.0,0.0
2023-24,238418,Jonas Omlin,0,0.0,1.0,7.0,7.0,0.0,0.0
2023-24,271215,Jonas Wind,0,11.0,7.0,34.0,31.0,0.0,0.0
2023-24,384414,Jonathan Asp Jensen,0,0.0,0.0,1.0,0.0,0.0,0.0
2023-24,274887,Jonathan Burkardt,0,8.0,2.0,21.0,18.0,0.0,0.0
2023-24,384500,Jonathan Norbye,0,0.0,0.0,1.0,0.0,0.0,0.0
2023-24,188052,Jonathan Tah,0,4.0,1.0,31.0,30.0,0.0,0.0
2023-24,216035,Jordan Pefok,0,5.0,3.0,26.0,18.0,0.0,0.0
2023-24,367558,Jordy Makengo,0,0.0,0.0,20.0,10.0,0.0,0.0
2023-24,266839,Josha Vagnoman,0,2.0,2.0,18.0,12.0,0.0,0.0
2023-24,190161,Joshua Kimmich,0,1.0,6.0,28.0,27.0,0.0,0.0
2023-24,222567,Josip Juranovic,0,0.0,2.0,21.0,14.0,0.0,0.0
2023-24,276329,Josip Stanisic,0,3.0,1.0,20.0,13.0,0.0,0.0
2023-24,130113,Josuha Guilavogui,0,0.0,1.0,11.0,5.0,0.0,0.0
2023-24,197628,Julian Brandt,0,7.0,11.0,32.0,26.0,0.0,0.0
2023-24,303746,Julian Justvan,0,2.0,2.0,18.0,11.0,0.0,0.0
2023-24,309487,Julian Malatini,0,1.0,0.0,11.0,6.0,0.0,0.0
2023-24,222991,Julian Ryerson,0,4.0,1.0,21.0,20.0,0.0,0.0
2023-24,200192,Julian Weigl,0,2.0,3.0,31.0,31.0,0.0,0.0
2023-24,341375,Julien Duranville,0,0.0,0.0,2.0,0.0,0.0,0.0
2023-24,305957,Junior Adamu,0,0.0,0.0,15.0,0.0,0.0,0.0
2023-24,287645,Junior Dina Ebimbe,0,5.0,3.0,31.0,25.0,0.0,0.0
2023-24,357684,Justin Diehl,0,0.0,0.0,7.0,1.0,0.0,0.0
2023-24,340639,Justin Njinmah,0,6.0,2.0,24.0,10.0,0.0,0.0
2023-24,155600,Jérôme Roussillon,0,0.0,1.0,23.0,8.0,0.0,0.0
2023-24,274913,Karim Adeyemi,0,3.0,1.0,21.0,10.0,0.0,0.0
2023-24,224309,Karim Onisiwo,0,1.0,3.0,24.0,17.0,0.0,0.0
2023-24,212534,Kasim Nuhu,0,0.0,0.0,1.0,0.0,0.0,0.0
2023-24,338950,Kauã Santos,0,0.0,0.0,0.0,0.0,0.0,0.0
2023-24,350913,Kein Sato,0,0.0,0.0,0.0,0.0,0.0,0.0
2023-24,378192,Ken Izekor,0,0.0,0.0,0.0,0.0,0.0,0.0
2023-24,337080,Kenneth Schmidt,0,0.0,0.0,5.0,0.0,0.0,0.0
2023-24,274893,Keven Schlotterbeck,0,5.0,1.0,27.0,24.0,0.0,0.0
2023-24,177652,Kevin Akpoguma,0,0.0,0.0,17.0,11.0,0.0,0.0
2023-24,221614,Kevin Behrens,0,5.0,1.0,31.0,21.0,0.0,0.0
2023-24,141055,Kevin Kampl,0,1.0,0.0,26.0,14.0,0.0,0.0
2023-24,176497,Kevin Mbabu,0,0.0,2.0,25.0,22.0,0.0,0.0
2023-24,149276,Kevin Müller,0,0.0,0.0,34.0,34.0,0.0,0.0
2023-24,183529,Kevin Paredes,0,3.0,0.0,28.0,15.0,0.0,0.0
2023-24,271855,Kevin Sessa,0,3.0,0.0,30.0,7.0,0.0,0.0
2023-24,175006,Kevin Stöger,0,7.0,9.0,32.0,32.0,0.0,0.0
2023-24,122280,Kevin Trapp,0,0.0,0.0,32.0,32.0,0.0,0.0
2023-24,132973,Kevin Vogt,0,0.0,0.0,32.0,30.0,0.0,0.0
2023-24,149558,Kevin Volland,0,3.0,4.0,26.0,17.0,0.0,0.0
2023-24,321247,Kilian Fischer,0,0.0,0.0,6.0,4.0,0.0,0.0
2023-24,301279,Kiliann Sildillia,0,0.0,1.0,27.0,20.0,0.0,0.0
2023-24,157688,Kim Min-Jae,0,1.0,1.0,25.0,22.0,0.0,0.0
2023-24,184012,Kingsley Coman,0,3.0,3.0,17.0,15.0,0.0,0.0
2023-24,365788,Kjell-Arik Wätjen,0,0.0,1.0,2.0,1.0,0.0,0.0
2023-24,208608,Klaus Gjasula,0,0.0,0.0,22.0,17.0,0.0,0.0
2023-24,140079,Koen Casteels,0,0.0,0.0,25.0,25.0,0.0,0.0
2023-24,377704,Kofi Amoako,0,0.0,0.0,2.0,0.0,0.0,0.0
2023-24,169189,Konrad Laimer,0,0.0,3.0,29.0,18.0,0.0,0.0
2023-24,238033,Kou Itakura,0,3.0,0.0,20.0,18.0,0.0,0.0
2023-24,238929,Kristijan Jakic,0,2.0,1.0,18.0,14.0,0.0,0.0
2023-24,321057,Lasse Rieß,0,0.0,0.0,0.0,0.0,0.0,0.0
2023-24,377594,Lasse Wilhelm,0,0.0,0.0,0.0,0.0,0.0,0.0
2023-24,345394,Laurin Ulrich,0,0.0,0.0,0.0,0.0,0.0,0.0
2023-24,271854,Leandro Barreiro,0,4.0,1.0,31.0,29.0,0.0,0.0
2023-24,205972,Leart Paqarada,0,0.0,0.0,17.0,11.0,0.0,0.0
2023-24,134103,Lee Jae-Sung,0,6.0,3.0,29.0,24.0,0.0,0.0
2023-24,267798,Lennard Maloney,0,1.0,1.0,29.0,27.0,0.0,0.0
2023-24,174550,Leon Goretzka,0,6.0,7.0,30.0,25.0,0.0,0.0
2023-24,360880,Leon Opitz,0,0.0,0.0,3.0,0.0,0.0,0.0
2023-24,157560,Leonardo Bittencourt,0,1.0,2.0,29.0,19.0,0.0,0.0
2023-24,285866,Leonidas Stergiou,0,1.0,0.0,15.0,6.0,0.0,0.0
2023-24,200079,Leopold Zingerle,0,0.0,0.0,0.0,0.0,0.0,0.0
2023-24,202641,Leroy Sané,0,8.0,12.0,27.0,25.0,0.0,0.0
2023-24,299468,Lilian Egloff,0,0.0,0.0,5.0,1.0,0.0,0.0
2023-24,231173,Linton Maina,0,1.0,4.0,31.0,21.0,0.0,0.0
2023-24,237549,Lovro Majer,0,5.0,5.0,32.0,25.0,0.0,0.0
2023-24,346760,Lovro Zvonarek,0,1.0,0.0,5.0,1.0,0.0,0.0
2023-24,276265,Loïs Openda,0,24.0,7.0,34.0,33.0,0.0,0.0
2023-24,346744,Luca Denk,0,0.0,0.0,0.0,0.0,0.0,0.0
2023-24,279958,Luca Kilian,0,0.0,0.0,13.0,6.0,0.0,0.0
2023-24,303765,Luca Netz,0,0.0,4.0,30.0,25.0,0.0,0.0
2023-24,279959,Luca Pfeiffer,0,1.0,3.0,24.0,20.0,0.0,0.0
2023-24,304795,Luca Philipp,0,0.0,0.0,0.0,0.0,0.0,0.0
2023-24,371672,Luca Raimund,0,0.0,0.0,3.0,0.0,0.0,0.0
2023-24,191352,Luca Waldschmidt,0,3.0,0.0,22.0,14.0,0.0,0.0
2023-24,238525,Lucas Höler,0,7.0,2.0,33.0,26.0,0.0,0.0
2023-24,215574,Lucas Tousart,0,0.0,0.0,23.0,18.0,0.0,0.0
2023-24,192015,Ludovic Ajorque,0,2.0,0.0,26.0,15.0,0.0,0.0
2023-24,371370,Luka Janes,0,0.0,0.0,0.0,0.0,0.0,0.0
2023-24,255359,Lukas Daschner,0,1.0,1.0,20.0,3.0,0.0,0.0
2023-24,134169,Lukas Hradecky,0,0.0,0.0,33.0,33.0,0.0,0.0
2023-24,201803,Lukas Klostermann,0,1.0,0.0,25.0,16.0,0.0,0.0
2023-24,171701,Lukas Kübler,0,1.0,0.0,26.0,22.0,0.0,0.0
2023-24,258956,Lukas Nmecha,0,1.0,0.0,3.0,0.0,0.0,0.0
2023-24,346617,Lukas Ullrich,0,0.0,0.0,4.0,0.0,0.0,0.0
2023-24,368587,Luke Gauer,0,0.0,0.0,0.0,0.0,0.0,0.0
2023-24,354895,Madi Monamay,0,0.0,0.0,0.0,0.0,0.0,0.0
2023-24,162386,Mads Pedersen,0,1.0,1.0,27.0,19.0,0.0,0.0
2023-24,191098,Mahmoud Dahoud,0,1.0,0.0,13.0,1.0,0.0,0.0
2023-24,384502,Mahmut Kücüksahin,0,0.0,0.0,1.0,0.0,0.0,0.0
2023-24,114598,Makoto Hasebe,0,0.0,0.0,8.0,2.0,0.0,0.0
2023-24,285226,Manu Koné,0,1.0,0.0,22.0,18.0,0.0,0.0
2023-24,136810,Manuel Gulde,0,1.0,0.0,27.0,23.0,0.0,0.0
2023-24,84774,Manuel Neuer,0,0.0,0.0,23.0,23.0,0.0,0.0
2023-24,137226,Manuel Riemann,0,0.0,0.0,33.0,33.0,0.0,0.0
2023-24,304903,Marcel Lotka,0,0.0,0.0,0.0,0.0,0.0,0.0
2023-24,364581,Marcel Lubik,0,0.0,0.0,0.0,0.0,0.0,0.0
2023-24,173907,Marcel Sabitzer,0,4.0,3.0,25.0,23.0,0.0,0.0
2023-24,174525,Marcel Schuhen,0,0.0,0.0,31.0,31.0,0.0,0.0
2023-24,232477,Marco Friedl,0,1.0,0.0,25.0,25.0,0.0,0.0
2023-24,310032,Marco John,0,0.0,0.0,0.0,0.0,0.0,0.0
2023-24,122356,Marco Reus,0,6.0,7.0,26.0,18.0,0.0,0.0
2023-24,259053,Marco Richter,0,1.0,0.0,20.0,7.0,0.0,0.0
2023-24,377593,Marcus Müller,0,0.0,0.0,1.0,0.0,0.0,0.0
2023-24,143020,Mario Götze,0,3.0,2.0,30.0,23.0,0.0,0.0
2023-24,275797,Marius Bulter,0,1.0,4.0,30.0,15.0,0.0,0.0
2023-24,207623,Marius Wolf,0,0.0,1.0,22.0,12.0,0.0,0.0
2023-24,149391,Mark Uth,0,0.0,1.0,11.0,3.0,0.0,0.0
2023-24,383918,Marko Mladenovic,0,0.0,0.0,1.0,0.0,0.0,0.0
2023-24,208176,Marnon Busch,0,0.0,0.0,16.0,5.0,0.0,0.0
2023-24,159150,Marvin Ducksch,0,12.0,9.0,33.0,32.0,0.0,0.0
2023-24,202642,Marvin Friedrich,0,0.0,0.0,24.0,17.0,0.0,0.0
2023-24,221516,Marvin Mehlem,0,3.0,2.0,20.0,19.0,0.0,0.0
2023-24,312389,Marvin Pieringer,0,3.0,3.0,31.0,18.0,0.0,0.0
2023-24,205751,Marvin Schwäbe,0,0.0,0.0,34.0,34.0,0.0,0.0
2023-24,277313,Matej Kovár,0,0.0,0.0,1.0,1.0,0.0,0.0
2023-24,324323,Matej Maglica,0,1.0,0.0,26.0,21.0,0.0,0.0
2023-24,265992,Mateu Morey,0,0.0,0.0,3.0,2.0,0.0,0.0
2023-24,234457,Mathias Honsak,0,1.0,1.0,23.0,10.0,0.0,0.0
2023-24,325042,Mathys Tel,0,7.0,5.0,30.0,6.0,0.0,0.0
2023-24,84627,Mats Hummels,0,3.0,0.0,25.0,20.0,0.0,0.0
2023-24,384415,Matteo Vinlöf,0,0.0,0.0,1.0,0.0,0.0,0.0
2023-24,221515,Matthias Bader,0,1.0,2.0,24.0,21.0,0.0,0.0
2023-24,170209,Matthias Ginter,0,0.0,2.0,23.0,22.0,0.0,0.0
2023-24,258973,Matthias Köbbing,0,0.0,0.0,0.0,0.0,0.0,0.0
2023-24,239349,Matthijs de Ligt,0,2.0,0.0,22.0,16.0,0.0,0.0
2023-24,220120,Mattias Svanberg,0,1.0,3.0,25.0,20.0,0.0,0.0
2023-24,191945,Matús Bero,0,1.0,1.0,24.0,20.0,0.0,0.0
2023-24,368003,Max Finkgrafe,0,1.0,0.0,24.0,18.0,0.0,0.0
2023-24,372035,Max Moerstedt,0,0.0,0.0,1.0,0.0,0.0,0.0
2023-24,367557,Max Rosenfelder,0,0.0,0.0,0.0,0.0,0.0,0.0
2023-24,372028,Max Schmitt,0,0.0,0.0,0.0,0.0,0.0,0.0
2023-24,352178,Max Scholze,0,0.0,0.0,0.0,0.0,0.0,0.0
2023-24,365835,Max Wendt,0,0.0,0.0,0.0,0.0,0.0,0.0
2023-24,265918,Maxence Lacroix,0,4.0,1.0,28.0,27.0,0.0,0.0
2023-24,372037,Maxim Dal,0,0.0,0.0,0.0,0.0,0.0,0.0
2023-24,238531,Maxim Leitsch,0,0.0,0.0,7.0,4.0,0.0,0.0
2023-24,169037,Maximilian Arnold,0,2.0,1.0,30.0,27.0,0.0,0.0
2023-24,184551,Maximilian Bauer,0,1.0,0.0,14.0,9.0,0.0,0.0
2023-24,290639,Maximilian Beier,0,16.0,1.0,33.0,29.0,0.0,0.0
2023-24,307892,Maximilian Breunig,0,0.0,0.0,2.0,0.0,0.0,0.0
2023-24,354568,Maximilian Brüll,0,0.0,0.0,0.0,0.0,0.0,0.0
2023-24,214203,Maximilian Eggestein,0,1.0,1.0,33.0,33.0,0.0,0.0
2023-24,216225,Maximilian Mittelstädt,0,2.0,4.0,31.0,23.0,0.0,0.0
2023-24,202802,Maximilian Philipp,0,1.0,0.0,17.0,1.0,0.0,0.0
2023-24,207139,Maximilian Wittek,0,3.0,1.0,21.0,13.0,0.0,0.0
2023-24,231674,Maximilian Wöber,0,2.0,3.0,25.0,24.0,0.0,0.0
2023-24,343951,Mehdi Loune,0,0.0,0.0,0.0,0.0,0.0,0.0
2023-24,251413,Mergim Berisha,0,0.0,0.0,8.0,2.0,0.0,0.0
2023-24,311963,Merlin Röhl,0,2.0,3.0,24.0,17.0,0.0,0.0
2023-24,359207,Mert Kömür,0,1.0,0.0,4.0,1.0,0.0,0.0
2023-24,307264,Merveille Papela,0,0.0,0.0,11.0,3.0,0.0,0.0
2023-24,149046,Michael Esser,0,0.0,0.0,0.0,0.0,0.0,0.0
2023-24,146804,Michael Gregoritsch,0,7.0,4.0,32.0,19.0,0.0,0.0
2023-24,184550,Michael Zetterer,0,0.0,0.0,27.0,27.0,0.0,0.0
2023-24,367926,Mika Baur,0,0.0,0.0,0.0,0.0,0.0,0.0
2023-24,277107,Mikkel Kaufmann,0,1.0,0.0,18.0,4.0,0.0,0.0
2023-24,197342,Milos Veljkovic,0,2.0,1.0,23.0,21.0,0.0,0.0
2023-24,159139,Mitchell Weiser,0,3.0,7.0,30.0,30.0,0.0,0.0
2023-24,277306,Mohamed Simakan,0,2.0,3.0,32.0,23.0,0.0,0.0
2023-24,346370,Mohammed Tolba,0,0.0,0.0,0.0,0.0,0.0,0.0
2023-24,291976,Moritz Broschinski,0,2.0,2.0,26.0,14.0,0.0,0.0
2023-24,264245,Moritz Jenz,0,0.0,1.0,22.0,21.0,0.0,0.0
2023-24,238536,Moritz Nicolas,0,0.0,0.0,27.0,27.0,0.0,0.0
2023-24,283146,Moritz Römling,0,0.0,0.0,0.0,0.0,0.0,0.0
2023-24,275804,Moritz-Broni Kwarteng,0,0.0,1.0,11.0,2.0,0.0,0.0
2023-24,275802,Morten Behrens,0,0.0,0.0,0.0,0.0,0.0,0.0
2023-24,274027,Moussa Cissé,0,0.0,0.0,0.0,0.0,0.0,0.0
2023-24,196567,Naby Keïta,0,0.0,0.0,5.0,1.0,0.0,0.0
2023-24,364582,Nacho Ferri,0,1.0,0.0,8.0,0.0,0.0,0.0
2023-24,210818,Nadiem Amiri,0,1.0,4.0,23.0,16.0,0.0,0.0
2023-24,319415,Nahuel Nicolas Noll,0,0.0,0.0,0.0,0.0,0.0,0.0
2023-24,282676,Nathan N'Goumou,0,5.0,2.0,32.0,14.0,0.0,0.0
2023-24,263134,Nathan Tella,0,5.0,2.0,24.0,8.0,0.0,0.0
2023-24,351280,Nelson Weiper,0,0.0,0.0,5.0,1.0,0.0,0.0
2023-24,298349,Nick Woltemade,0,2.0,0.0,30.0,12.0,0.0,0.0
2023-24,170257,Niclas Füllkrug,0,12.0,8.0,31.0,29.0,0.0,0.0
2023-24,274892,Niclas Thiede,0,0.0,0.0,0.0,0.0,0.0,0.0
2023-24,212237,Nico Elvedi,0,2.0,1.0,30.0,28.0,0.0,0.0
2023-24,286828,Nico Schlotterbeck,0,2.0,1.0,33.0,32.0,0.0,0.0
2023-24,149570,Nicolas Höfler,0,1.0,1.0,28.0,26.0,0.0,0.0
2023-24,305956,Nicolas Seiwald,0,0.0,2.0,21.0,6.0,0.0,0.0
2023-24,298030,Niels Nkounkou,0,3.0,2.0,29.0,13.0,0.0,0.0
2023-24,231190,Niklas Beste,0,8.0,12.0,31.0,31.0,0.0,0.0
2023-24,225567,Niklas Dorsch,0,0.0,0.0,21.0,16.0,0.0,0.0
2023-24,233971,Niklas Klinger,0,0.0,0.0,0.0,0.0,0.0,0.0
2023-24,175069,Niklas Lomb,0,0.0,0.0,0.0,0.0,0.0,0.0
2023-24,372790,Niklas Sauter,0,0.0,0.0,0.0,0.0,0.0,0.0
2023-24,186026,Niklas Stark,0,2.0,0.0,17.0,12.0,0.0,0.0
2023-24,186263,Niklas Süle,0,1.0,0.0,23.0,14.0,0.0,0.0
2023-24,238281,Nikola Dovedan,0,3.0,1.0,21.0,5.0,0.0,0.0
2023-24,259878,Nikolas Nartey,0,0.0,0.0,0.0,0.0,0.0,0.0
2023-24,376499,Nils Ramming,0,0.0,0.0,0.0,0.0,0.0,0.0
2023-24,305556,Nnamdi Collins,0,0.0,0.0,2.0,1.0,0.0,0.0
2023-24,321064,Noah Atubolu,0,0.0,0.0,34.0,34.0,0.0,0.0
2023-24,230964,Noah Loosli,0,0.0,0.0,10.0,2.0,0.0,0.0
2023-24,315454,Noah Mbamba,0,0.0,1.0,3.0,0.0,0.0,0.0
2023-24,321063,Noah Weißhaupt,0,1.0,2.0,24.0,6.0,0.0,0.0
2023-24,306991,Noel Futkeu,0,0.0,0.0,0.0,0.0,0.0,0.0
2023-24,117279,Norman Theuerkauf,0,0.0,1.0,25.0,14.0,0.0,0.0
2023-24,239350,Noussair Mazraoui,0,0.0,4.0,19.0,15.0,0.0,0.0
2023-24,352179,Noël Aséko,0,0.0,0.0,0.0,0.0,0.0,0.0
2023-24,379802,Nuha Jatta,0,0.0,0.0,1.0,0.0,0.0,0.0
2023-24,284822,Odilon Kossounou,0,1.0,0.0,22.0,21.0,0.0,0.0
2023-24,345224,Ole Pohlmann,0,0.0,0.0,2.0,0.0,0.0,0.0
2023-24,138213,Oliver Baumann,0,0.0,1.0,34.0,34.0,0.0,0.0
2023-24,282388,Olivier Deman,0,2.0,1.0,29.0,14.0,0.0,0.0
2023-24,377552,Oluwaseun Ogbemudia,0,0.0,0.0,0.0,0.0,0.0,0.0
2023-24,303745,Omar Marmoush,0,12.0,6.0,29.0,27.0,0.0,0.0
2023-24,291914,Omar-Haktab Traoré,0,0.0,3.0,31.0,29.0,0.0,0.0
2023-24,292958,Oscar Wilhelmsson,0,4.0,1.0,26.0,16.0,0.0,0.0
2023-24,266565,Ozan Kabak,0,4.0,1.0,28.0,28.0,0.0,0.0
2023-24,365789,Paris Brunner,0,0.0,0.0,0.0,0.0,0.0,0.0
2023-24,223266,Pascal Stenzel,0,0.0,5.0,23.0,14.0,0.0,0.0
2023-24,275774,Patric Pfeiffer,0,0.0,1.0,11.0,4.0,0.0,0.0
2023-24,127259,Patrick Herrmann,0,0.0,0.0,8.0,0.0,0.0,0.0
2023-24,184075,Patrick Mainka,0,2.0,0.0,34.0,34.0,0.0,0.0
2023-24,291203,Patrick Osterhage,0,2.0,1.0,24.0,21.0,0.0,0.0
2023-24,300095,Patrick Wimmer,0,2.0,0.0,14.0,8.0,0.0,0.0
2023-24,212330,Patrik Schick,0,7.0,0.0,20.0,12.0,0.0,0.0
2023-24,271606,Paul Jaeckel,0,0.0,0.0,6.0,2.0,0.0,0.0
2023-24,321257,Paul Tschernuth,0,0.0,0.0,0.0,0.0,0.0,0.0
2023-24,149841,Pavao Pervan,0,0.0,0.0,9.0,9.0,0.0,0.0
2023-24,207401,Pavel Kaderábek,0,3.0,4.0,29.0,28.0,0.0,0.0
2023-24,268604,Pep Biel,0,0.0,0.0,11.0,0.0,0.0,0.0
2023-24,252380,Philipp Förster,0,0.0,0.0,13.0,3.0,0.0,0.0
2023-24,169412,Philipp Hofmann,0,4.0,2.0,29.0,18.0,0.0,0.0
2023-24,219316,Philipp Lienhart,0,1.0,0.0,15.0,14.0,0.0,0.0
2023-24,200856,Philipp Max,0,1.0,2.0,23.0,17.0,0.0,0.0
2023-24,89497,Philipp Pentke,0,0.0,0.0,0.0,0.0,0.0,0.0
2023-24,234376,Phillip Tietz,0,8.0,4.0,34.0,31.0,0.0,0.0
2023-24,239574,Phillipp Mwene,0,1.0,2.0,23.0,23.0,0.0,0.0
2023-24,292062,Piero Hincapié,0,1.0,2.0,26.0,16.0,0.0,0.0
2023-24,119620,Péter Gulácsi,0,0.0,0.0,13.0,13.0,0.0,0.0
2023-24,220703,Ramy Bensebaini,0,0.0,0.0,17.0,11.0,0.0,0.0
2023-24,159152,Rani Khedira,0,0.0,0.0,20.0,18.0,0.0,0.0
2023-24,188050,Raphael Framberger,0,0.0,0.0,0.0,0.0,0.0,0.0
2023-24,176228,Raphaël Guerreiro,0,3.0,0.0,20.0,13.0,0.0,0.0
2023-24,290035,Rasmus Carstensen,0,0.0,1.0,23.0,18.0,0.0,0.0
2023-24,379226,Raul Paula,0,0.0,0.0,0.0,0.0,0.0,0.0
2023-24,210136,Reece Oxford,0,0.0,0.0,0.0,0.0,0.0,0.0
2023-24,368318,Reno Munz,0,0.0,0.0,0.0,0.0,0.0,0.0
2023-24,258963,Ridle Baku,0,1.0,0.0,33.0,22.0,0.0,0.0
2023-24,219627,Ritsu Doan,0,7.0,2.0,30.0,26.0,0.0,0.0
2023-24,180998,Robert Andrich,0,4.0,2.0,28.0,18.0,0.0,0.0
2023-24,235180,Robert Gumny,0,0.0,0.0,13.0,6.0,0.0,0.0
2023-24,218596,Robert Skov,0,3.0,4.0,25.0,14.0,0.0,0.0
2023-24,268123,Roberto Massimo,0,0.0,0.0,5.0,0.0,0.0,0.0
2023-24,198087,Robin Gosens,0,6.0,3.0,30.0,27.0,0.0,0.0
2023-24,258876,Robin Hack,0,10.0,2.0,29.0,14.0,0.0,0.0
2023-24,157466,Robin Knoche,0,1.0,0.0,24.0,20.0,0.0,0.0
2023-24,208285,Robin Koch,0,2.0,0.0,31.0,31.0,0.0,0.0
2023-24,206114,Robin Zentner,0,0.0,0.0,30.0,30.0,0.0,0.0
2023-24,307364,Rocco Reitz,0,6.0,3.0,34.0,24.0,0.0,0.0
2023-24,228397,Rogério,0,1.0,0.0,13.0,10.0,0.0,0.0
2023-24,219444,Roland Sallai,0,3.0,1.0,27.0,22.0,0.0,0.0
2023-24,238296,Romano Schmid,0,4.0,7.0,33.0,30.0,0.0,0.0
2023-24,259513,Rubén Vargas,0,4.0,4.0,31.0,25.0,0.0,0.0
2023-24,276324,Ryan Johansson,0,0.0,0.0,0.0,0.0,0.0,0.0
2023-24,287225,Sacha Boey,0,0.0,0.0,2.0,1.0,0.0,0.0
2023-24,225563,Salih Özcan,0,0.0,0.0,23.0,13.0,0.0,0.0
2023-24,355101,Samuel Bamba,0,0.0,0.0,2.0,0.0,0.0,0.0
2023-24,378330,Samuele Di Benedetto,0,0.0,0.0,1.0,0.0,0.0,0.0
2023-24,182427,Sargis Adamyan,0,1.0,2.0,20.0,8.0,0.0,0.0
2023-24,259131,Sasa Kalajdzic,0,0.0,1.0,5.0,5.0,0.0,0.0
2023-24,271130,Sebastiaan Bornauw,0,0.0,0.0,20.0,16.0,0.0,0.0
2023-24,136593,Sebastian Polter,0,0.0,1.0,9.0,4.0,0.0,0.0
2023-24,122926,Sebastian Rode,0,0.0,0.0,8.0,1.0,0.0,0.0
2023-24,367577,Seedy Jarju,0,0.0,0.0,0.0,0.0,0.0,0.0
2023-24,270389,Senne Lynen,0,0.0,3.0,32.0,20.0,0.0,0.0
2023-24,270507,Sepp van den Berg,0,3.0,0.0,33.0,31.0,0.0,0.0
2023-24,178980,Serge Gnabry,0,3.0,1.0,10.0,5.0,0.0,0.0
2023-24,267618,Serge Muller,0,0.0,0.0,0.0,0.0,0.0,0.0
2023-24,186381,Serhou Guirassy,0,28.0,3.0,28.0,25.0,0.0,0.0
2023-24,362673,Shio Fukuda,0,0.0,0.0,5.0,0.0,0.0,0.0
2023-24,279282,Silas Katompa-Mvumpa,0,5.0,2.0,27.0,8.0,0.0,0.0
2023-24,331297,Silas Ostrzinski,0,0.0,0.0,0.0,0.0,0.0,0.0
2023-24,175905,Silvan Widmer,0,1.0,3.0,20.0,13.0,0.0,0.0
2023-24,338209,Simon Simoni,0,0.0,0.0,0.0,0.0,0.0,0.0
2023-24,356607,Simon Walde,0,0.0,0.0,0.0,0.0,0.0,0.0
2023-24,330964,Skelly Alvero,0,1.0,0.0,6.0,1.0,0.0,0.0
2023-24,374816,Spyros Angelidis,0,0.0,0.0,0.0,0.0,0.0,0.0
2023-24,268808,Stanley N'Soki,0,0.0,0.0,11.0,7.0,0.0,0.0
2023-24,144620,Stefan Bell,0,0.0,0.0,10.0,8.0,0.0,0.0
2023-24,214635,Stefan Lainer,0,0.0,1.0,15.0,8.0,0.0,0.0
2023-24,261221,Stefan Schimmer,0,0.0,1.0,16.0,0.0,0.0,0.0
2023-24,231764,Steffen Tigges,0,3.0,0.0,25.0,6.0,0.0,0.0
2023-24,197796,Sven Michel,0,2.0,1.0,22.0,5.0,0.0,0.0
2023-24,113733,Sven Ulreich,0,0.0,0.0,11.0,11.0,0.0,0.0
2023-24,164171,Sébastien Haller,0,0.0,1.0,14.0,5.0,0.0,0.0
2023-24,201469,Takuma Asano,0,6.0,1.0,29.0,26.0,0.0,0.0
2023-24,357221,Tarek Buchmann,0,0.0,0.0,0.0,0.0,0.0,0.0
2023-24,258904,Thomas Isherwood,0,0.0,0.0,12.0,8.0,0.0,0.0
2023-24,291737,Thomas Keller,0,0.0,0.0,2.0,0.0,0.0,0.0
2023-24,123465,Thomas Müller,0,5.0,10.0,31.0,20.0,0.0,0.0
2023-24,304019,Tiago Tomás,0,1.0,1.0,26.0,11.0,0.0,0.0
2023-24,309634,Tim Breithaupt,0,0.0,0.0,16.0,6.0,0.0,0.0
2023-24,380916,Tim Drexler,0,0.0,0.0,8.0,6.0,0.0,0.0
2023-24,185906,Tim Kleindienst,0,12.0,4.0,33.0,33.0,0.0,0.0
2023-24,371671,Tim Köhler,0,0.0,0.0,0.0,0.0,0.0,0.0
2023-24,278149,Tim Müller,0,0.0,0.0,0.0,0.0,0.0,0.0
2023-24,346376,Tim Oermann,0,0.0,0.0,16.0,8.0,0.0,0.0
2023-24,380314,Tim Schleinitz,0,0.0,0.0,0.0,0.0,0.0,0.0
2023-24,290208,Tim Siersleben,0,0.0,0.0,14.0,10.0,0.0,0.0
2023-24,220796,Tim Skarke,0,8.0,0.0,30.0,29.0,0.0,0.0
2023-24,238520,Timo Hübers,0,0.0,0.0,31.0,31.0,0.0,0.0
2023-24,345396,Timo Schlieck,0,0.0,0.0,0.0,0.0,0.0,0.0
2023-24,128521,Timothy Chandler,0,0.0,1.0,6.0,0.0,0.0,0.0
2023-24,234380,Timothy Fosu-Mensah,0,0.0,0.0,0.0,0.0,0.0,0.0
2023-24,141327,Tobias Kempe,0,3.0,2.0,24.0,15.0,0.0,0.0
2023-24,122273,Tobias Sippel,0,0.0,0.0,0.0,0.0,0.0,0.0
2023-24,324660,Tom Bischof,0,0.0,3.0,13.0,1.0,0.0,0.0
2023-24,346756,Tom Hülsmann,0,0.0,0.0,0.0,0.0,0.0,0.0
2023-24,283683,Tom Krauss,0,1.0,2.0,29.0,13.0,0.0,0.0
2023-24,307755,Tomas Cvancara,0,4.0,1.0,21.0,7.0,0.0,0.0
2023-24,178614,Tomas Koubek,0,0.0,0.0,3.0,3.0,0.0,0.0
2023-24,128968,Tony Jantschke,0,0.0,0.0,4.0,0.0,0.0,0.0
2023-24,283224,Tuta,0,1.0,2.0,30.0,30.0,0.0,0.0
2023-24,254442,Ulysses Llanez,0,0.0,0.0,0.0,0.0,0.0,0.0
2023-24,340683,Umut Tohumcu,0,0.0,2.0,20.0,12.0,0.0,0.0
2023-24,287276,Victor Boniface,0,14.0,8.0,23.0,18.0,0.0,0.0
2023-24,179571,Vincenzo Grifo,0,8.0,8.0,32.0,29.0,0.0,0.0
2023-24,149555,Vitus Eicher,0,0.0,0.0,0.0,0.0,0.0,0.0
2023-24,217476,Václav Cerný,0,4.0,0.0,22.0,12.0,0.0,0.0
2023-24,220714,Waldemar Anton,0,0.0,3.0,33.0,32.0,0.0,0.0
2023-24,162162,Willi Orbán,0,0.0,0.0,19.0,18.0,0.0,0.0
2023-24,287005,Willian Pacho,0,0.0,2.0,33.0,33.0,0.0,0.0
2023-24,177042,Wout Weghorst,0,7.0,3.0,28.0,24.0,0.0,0.0
2023-24,238886,Xaver Schlager,0,0.0,5.0,29.0,29.0,0.0,0.0
2023-24,332962,Xavi Simons,0,8.0,11.0,32.0,32.0,0.0,0.0
2023-24,357092,Yannick Eduardo,0,0.0,0.0,0.0,0.0,0.0,0.0
2023-24,189529,Yannick Gerhardt,0,2.0,1.0,25.0,18.0,0.0,0.0
2023-24,266657,Yannik Keitel,0,1.0,0.0,15.0,11.0,0.0,0.0
2023-24,291669,Yorbe Vertessen,0,3.0,2.0,13.0,7.0,0.0,0.0
2023-24,305554,Youssoufa Moukoko,0,5.0,0.0,20.0,4.0,0.0,0.0
2023-24,182245,Yussuf Poulsen,0,5.0,2.0,28.0,12.0,0.0,0.0
2024-25,387129,Abdoulie Ceesay,0,0.0,0.0,7.0,0.0,0.0,0.0
2024-25,379032,Adam Aznou,0,0.0,0.0,2.0,0.0,0.0,0.0
2024-25,280065,Adam Dzwigala,0,0.0,0.0,16.0,2.0,0.0,0.0
2024-25,292169,Adam Hlozek,0,8.0,3.0,27.0,22.0,0.0,0.0
2024-25,277999,Adrian Beck,0,4.0,1.0,32.0,18.0,0.0,0.0
2024-25,168318,Alassane Pléa,0,11.0,4.0,30.0,24.0,0.0,0.0
2024-25,219294,Aleix García,0,3.0,4.0,28.0,17.0,0.0,0.0
2024-25,166396,Alejandro Grimaldo,0,2.0,7.0,32.0,31.0,0.0,0.0
2024-25,371484,Alejo Sarco,0,0.0,0.0,0.0,0.0,0.0,0.0
2024-25,359370,Aleksandar Pavlovic,0,1.0,0.0,21.0,18.0,0.0,0.0
2024-25,301370,Alexander Bernhardsson,0,7.0,2.0,19.0,15.0,0.0,0.0
2024-25,178380,Alexander Meyer,0,0.0,0.0,2.0,2.0,0.0,0.0
2024-25,205750,Alexander Nübel,0,0.0,1.0,34.0,34.0,0.0,0.0
2024-25,320939,Alexander Prass,0,0.0,1.0,23.0,19.0,0.0,0.0
2024-25,228503,Alexis Claude-Maurice,0,9.0,2.0,28.0,25.0,0.0,0.0
2024-25,349922,Aljoscha Kemlein,0,1.0,0.0,15.0,11.0,0.0,0.0
2024-25,372034,Almugera Kabar,0,0.0,0.0,5.0,1.0,0.0,0.0
2024-25,236721,Alphonso Davies,0,1.0,2.0,19.0,17.0,0.0,0.0
2024-25,228557,Amadou Haidara,0,0.0,1.0,28.0,16.0,0.0,0.0
2024-25,323847,Ameen Al Dakhil,0,0.0,0.0,7.0,6.0,0.0,0.0
2024-25,397160,Amil Siljevic,0,0.0,0.0,0.0,0.0,0.0,0.0
2024-25,291613,Amine Adli,0,2.0,0.0,20.0,6.0,0.0,0.0
2024-25,275844,Amos Pieper,0,0.0,0.0,23.0,16.0,0.0,0.0
2024-25,376334,Anas Alaoui,0,0.0,0.0,0.0,0.0,0.0,0.0
2024-25,386238,Andrea Natali,0,0.0,0.0,0.0,0.0,0.0,0.0
2024-25,218646,Andreas Hanche-Olsen,0,1.0,1.0,22.0,12.0,0.0,0.0
2024-25,259707,Andreas Skov Olsen,0,1.0,1.0,12.0,4.0,0.0,0.0
2024-25,139520,Andrej Kramaric,0,11.0,8.0,32.0,32.0,0.0,0.0
2024-25,284702,András Schäfer,0,1.0,1.0,26.0,17.0,0.0,0.0
2024-25,3368,André Silva,0,2.0,2.0,15.0,4.0,0.0,0.0
2024-25,388786,Andu Kelati,0,1.0,1.0,8.0,2.0,0.0,0.0
2024-25,290232,Angelo Stiller,0,1.0,8.0,32.0,31.0,0.0,0.0
2024-25,362672,Anrie Chase,0,0.0,0.0,12.0,7.0,0.0,0.0
2024-25,305555,Ansgar Knauff,0,4.0,5.0,30.0,18.0,0.0,0.0
2024-25,241297,Anthony Caci,0,1.0,7.0,33.0,33.0,0.0,0.0
2024-25,150326,Anthony Losilla,0,0.0,0.0,21.0,13.0,0.0,0.0
2024-25,304802,Anton Stach,0,1.0,2.0,30.0,29.0,0.0,0.0
2024-25,319368,Antonio Nusa,0,3.0,3.0,25.0,16.0,0.0,0.0
2024-25,333400,Arijon Ibrahimovic,0,0.0,0.0,1.0,0.0,0.0,0.0
2024-25,288932,Armin Gigovic,0,5.0,1.0,31.0,23.0,0.0,0.0
2024-25,308843,Armindo Sieb,0,2.0,2.0,27.0,5.0,0.0,0.0
2024-25,242738,Arnaud Nordin,0,0.0,0.0,6.0,0.0,0.0,0.0
2024-25,231178,Arne Maier,0,0.0,0.0,28.0,7.0,0.0,0.0
2024-25,334374,Arthur,0,0.0,1.0,20.0,7.0,0.0,0.0
2024-25,319530,Arthur Chaves,0,1.0,0.0,26.0,24.0,0.0,0.0
2024-25,304222,Arthur Theate,0,0.0,0.0,31.0,31.0,0.0,0.0
2024-25,345805,Arthur Vermeeren,0,0.0,2.0,28.0,18.0,0.0,0.0
2024-25,364897,Assan Ouédraogo,0,0.0,0.0,3.0,0.0,0.0,0.0
2024-25,290798,Aster Vranckx,0,0.0,0.0,14.0,6.0,0.0,0.0
2024-25,241742,Atakan Karazor,0,2.0,4.0,32.0,31.0,0.0,0.0
2024-25,364895,Aurel Wagbe,0,0.0,0.0,0.0,0.0,0.0,0.0
2024-25,319404,Aurèle Amenda,0,0.0,0.0,8.0,1.0,0.0,0.0
2024-25,298348,Ayman Azhil,0,0.0,0.0,1.0,0.0,0.0,0.0
2024-25,336355,Bambasé Conté,0,0.0,0.0,0.0,0.0,0.0,0.0
2024-25,359108,Bazoumana Touré,0,0.0,3.0,13.0,7.0,0.0,0.0
2024-25,397120,Ben Hawighorst,0,0.0,0.0,0.0,0.0,0.0,0.0
2024-25,307489,Ben Voll,0,0.0,0.0,2.0,1.0,0.0,0.0
2024-25,366562,Bence Dárdai,0,1.0,1.0,21.0,16.0,0.0,0.0
2024-25,307515,Benedict Hollerbach,0,9.0,0.0,34.0,30.0,0.0,0.0
2024-25,220716,Benedikt Gimber,0,0.0,0.0,32.0,32.0,0.0,0.0
2024-25,289933,Benedikt Pichler,0,1.0,2.0,18.0,7.0,0.0,0.0
2024-25,397131,Benjamin Boakye,0,0.0,0.0,0.0,0.0,0.0,0.0
2024-25,220711,Benjamin Henrichs,0,0.0,2.0,15.0,10.0,0.0,0.0
2024-25,399451,Benjamin Lade,0,0.0,0.0,0.0,0.0,0.0,0.0
2024-25,289155,Benjamin Sesko,0,13.0,5.0,33.0,30.0,0.0,0.0
2024-25,218980,Bernardo,0,0.0,0.0,21.0,19.0,0.0,0.0
2024-25,237727,Budu Zivzivadze,0,2.0,2.0,15.0,10.0,0.0,0.0
2024-25,355369,Can Uzun,0,4.0,1.0,20.0,6.0,0.0,0.0
2024-25,193351,Carl Johansson,0,0.0,0.0,10.0,7.0,0.0,0.0
2024-25,221460,Carl Klaus,0,0.0,0.0,0.0,0.0,0.0,0.0
2024-25,294317,Carney Chukwuemeka,0,1.0,0.0,10.0,1.0,0.0,0.0
2024-25,405586,Cassiano Kiala,0,0.0,0.0,0.0,0.0,0.0,0.0
2024-25,319100,Castello Lukeba,0,0.0,0.0,23.0,18.0,0.0,0.0
2024-25,372031,Charles Herrmann,0,0.0,0.0,0.0,0.0,0.0,0.0
2024-25,268951,Chris Führich,0,2.0,3.0,33.0,23.0,0.0,0.0
2024-25,174618,Christian Günter,0,2.0,2.0,29.0,27.0,0.0,0.0
2024-25,274897,Christoph Baumgartner,0,2.0,1.0,31.0,18.0,0.0,0.0
2024-25,393123,Christopher Olivier,0,0.0,0.0,0.0,0.0,0.0,0.0
2024-25,146485,Christopher Trimmel,0,0.0,3.0,26.0,20.0,0.0,0.0
2024-25,379024,Cole Campbell,0,0.0,0.0,4.0,0.0,0.0,0.0
2024-25,324271,Colin Kleine-Bekel,0,0.0,0.0,0.0,0.0,0.0,0.0
2024-25,260643,Connor Metcalfe,0,0.0,0.0,10.0,3.0,0.0,0.0
2024-25,141429,Cristian Gamboa,0,1.0,0.0,12.0,1.0,0.0,0.0
2024-25,390031,Cyriaque Irié,0,0.0,0.0,0.0,0.0,0.0,0.0
2024-25,245808,Cédric Zesiger,0,0.0,2.0,22.0,20.0,0.0,0.0
2024-25,258870,Dan-Axel Zagadou,0,0.0,0.0,2.0,0.0,0.0,0.0
2024-25,259453,Danel Sinani,0,2.0,1.0,26.0,14.0,0.0,0.0
2024-25,250528,Dani de Wit,0,2.0,1.0,28.0,11.0,0.0,0.0
2024-25,149297,Daniel Batz,0,0.0,0.0,0.0,0.0,0.0,0.0
2024-25,392851,Daniel Gleiber,0,0.0,0.0,0.0,0.0,0.0,0.0
2024-25,321060,Daniel Klein,0,0.0,0.0,0.0,0.0,0.0,0.0
2024-25,305926,Daniel Peretz,0,0.0,0.0,3.0,3.0,0.0,0.0
2024-25,277859,Daniel-Kofi Kyereh,0,0.0,0.0,0.0,0.0,0.0,0.0
2024-25,233622,Danilho Doekhi,0,1.0,0.0,34.0,34.0,0.0,0.0
2024-25,154603,Danny da Costa,0,0.0,1.0,25.0,25.0,0.0,0.0
2024-25,405585,David Daiber,0,0.0,0.0,0.0,0.0,0.0,0.0
2024-25,383901,David Deger,0,0.0,0.0,0.0,0.0,0.0,0.0
2024-25,335996,David Jurásek,0,0.0,1.0,14.0,6.0,0.0,0.0
2024-25,398004,David Mokwa,0,0.0,0.0,2.0,0.0,0.0,0.0
2024-25,283952,David Nemeth,0,0.0,1.0,24.0,24.0,0.0,0.0
2024-25,362411,David Odogu,0,0.0,0.0,3.0,2.0,0.0,0.0
2024-25,386438,David Preu,0,0.0,0.0,5.0,1.0,0.0,0.0
2024-25,249548,David Raum,0,1.0,6.0,22.0,21.0,0.0,0.0
2024-25,311534,David Zec,0,2.0,0.0,18.0,18.0,0.0,0.0
2024-25,222793,Dayot Upamecano,0,2.0,0.0,20.0,20.0,0.0,0.0
2024-25,273300,Deniz Undav,0,9.0,3.0,27.0,20.0,0.0,0.0
2024-25,221466,Dennis Geiger,0,0.0,0.0,20.0,7.0,0.0,0.0
2024-25,263202,Derrick Köhn,0,2.0,2.0,27.0,14.0,0.0,0.0
2024-25,346619,Derry Scherhant,0,0.0,0.0,0.0,0.0,0.0,0.0
2024-25,223139,Dimitris Giannoulis,0,1.0,4.0,31.0,31.0,0.0,0.0
2024-25,258910,Diogo Leite,0,1.0,2.0,30.0,29.0,0.0,0.0
2024-25,304962,Dominik Javorcek,0,0.0,2.0,13.0,4.0,0.0,0.0
2024-25,172997,Dominik Kohr,0,2.0,0.0,28.0,28.0,0.0,0.0
2024-25,397536,Eba Is,0,0.0,0.0,0.0,0.0,0.0,0.0
2024-25,257287,Edmond Tapsoba,0,0.0,0.0,29.0,29.0,0.0,0.0
2024-25,398441,Efe Korkut,0,0.0,0.0,0.0,0.0,0.0,0.0
2024-25,287430,El Bilal Toure,0,2.0,1.0,12.0,3.0,0.0,0.0
2024-25,304740,El Chadaille Bitshiabu,0,0.0,0.0,21.0,13.0,0.0,0.0
2024-25,387529,Elias Benkara,0,0.0,0.0,0.0,0.0,0.0,0.0
2024-25,323950,Elias Saad,0,3.0,2.0,18.0,10.0,0.0,0.0
2024-25,391053,Eliot Bujupi,0,0.0,0.0,0.0,0.0,0.0,0.0
2024-25,209595,Ellyes Skhiri,0,1.0,1.0,30.0,26.0,0.0,0.0
2024-25,259055,Elvis Rexhbecaj,0,1.0,1.0,27.0,22.0,0.0,0.0
2024-25,311118,Elye Wahi,0,0.0,0.0,8.0,1.0,0.0,0.0
2024-25,396892,Emil Staugaard,0,0.0,0.0,0.0,0.0,0.0,0.0
2024-25,214375,Emiliano Buendía,0,2.0,0.0,11.0,3.0,0.0,0.0
2024-25,159142,Emre Can,0,3.0,0.0,31.0,23.0,0.0,0.0
2024-25,297158,Enzo Millot,0,6.0,5.0,29.0,22.0,0.0,0.0
2024-25,312112,Eren Dinkci,0,0.0,3.0,23.0,13.0,0.0,0.0
2024-25,290402,Erencan Yardimci,0,0.0,0.0,8.0,3.0,0.0,0.0
2024-25,237807,Erhan Masovic,0,1.0,1.0,16.0,10.0,0.0,0.0
2024-25,155532,Eric Dier,0,2.0,1.0,21.0,16.0,0.0,0.0
2024-25,204115,Eric Smith,0,1.0,2.0,32.0,32.0,0.0,0.0
2024-25,312866,Erik Ahlstrand,0,0.0,0.0,5.0,0.0,0.0,0.0
2024-25,269136,Ermedin Demirovic,0,15.0,1.0,34.0,20.0,0.0,0.0
2024-25,228393,Exequiel Palacios,0,1.0,6.0,24.0,11.0,0.0,0.0
2024-25,330233,Ezechiel Banzuzi,0,0.0,0.0,0.0,0.0,0.0,0.0
2024-25,201123,Fabian Bredlow,0,0.0,0.0,0.0,0.0,0.0,0.0
2024-25,308908,Fabian Rieder,0,1.0,3.0,21.0,8.0,0.0,0.0
2024-25,323061,Fabio Chiarodia,0,1.0,0.0,16.0,3.0,0.0,0.0
2024-25,397212,Faik Sakar,0,0.0,0.0,1.0,0.0,0.0,0.0
2024-25,337306,Farès Chaïbi,0,1.0,3.0,26.0,10.0,0.0,0.0
2024-25,279961,Felix Agu,0,3.0,0.0,22.0,21.0,0.0,0.0
2024-25,400233,Felix Meiser,0,0.0,0.0,0.0,0.0,0.0,0.0
2024-25,281122,Felix Nmecha,0,4.0,1.0,26.0,19.0,0.0,0.0
2024-25,225573,Felix Passlack,0,1.0,6.0,31.0,30.0,0.0,0.0
2024-25,387437,Filippo Mané,0,0.0,0.0,0.0,0.0,0.0,0.0
2024-25,306889,Fin Stevens,0,0.0,0.0,1.0,0.0,0.0,0.0
2024-25,287600,Finn Becker,0,0.0,1.0,13.0,7.0,0.0,0.0
2024-25,228507,Finn Dahmen,0,0.0,0.0,19.0,19.0,0.0,0.0
2024-25,372026,Finn Jeltsch,0,0.0,0.0,12.0,9.0,0.0,0.0
2024-25,221671,Finn Porath,0,2.0,2.0,31.0,20.0,0.0,0.0
2024-25,256768,Florent Muslija,0,0.0,0.0,9.0,0.0,0.0,0.0
2024-25,389264,Florian Micheler,0,0.0,0.0,1.0,0.0,0.0,0.0
2024-25,122292,Florian Müller,0,0.0,0.0,9.0,8.0,0.0,0.0
2024-25,238527,Florian Neuhaus,0,0.0,1.0,18.0,2.0,0.0,0.0
2024-25,196029,Franck Honorat,0,4.0,7.0,19.0,18.0,0.0,0.0
2024-25,334262,Frank Feller,0,0.0,0.0,2.0,1.0,0.0,0.0
2024-25,258491,Frank Onyeka,0,0.0,1.0,31.0,30.0,0.0,0.0
2024-25,165424,Frederik Ronnow,0,0.0,0.0,28.0,28.0,0.0,0.0
2024-25,239483,Georgios Masouras,0,2.0,0.0,14.0,12.0,0.0,0.0
2024-25,218779,Gerrit Holtmann,0,2.0,1.0,23.0,12.0,0.0,0.0
2024-25,356402,Gift Orban,0,4.0,0.0,13.0,7.0,0.0,0.0
2024-25,290230,Giovanni Reyna,0,2.0,0.0,16.0,3.0,0.0,0.0
2024-25,149981,Granit Xhaka,0,2.0,7.0,33.0,33.0,0.0,0.0
2024-25,238544,Gregor Kobel,0,0.0,0.0,32.0,32.0,0.0,0.0
2024-25,218714,Grischa Prömel,0,0.0,0.0,2.0,2.0,0.0,0.0
2024-25,341736,Gustavo Puerta,0,0.0,0.0,0.0,0.0,0.0,0.0
2024-25,184869,Haris Tabakovic,0,3.0,1.0,22.0,6.0,0.0,0.0
2024-25,142200,Harry Kane,0,26.0,8.0,31.0,28.0,0.0,0.0
2024-25,207317,Hauke Wahl,0,0.0,0.0,33.0,33.0,0.0,0.0
2024-25,399214,Hennes Behrens,0,0.0,0.0,1.0,0.0,0.0,0.0
2024-25,343976,Henri Koudossou,0,0.0,0.0,21.0,4.0,0.0,0.0
2024-25,97111,Hiroki Ito,0,1.0,0.0,6.0,3.0,0.0,0.0
2024-25,271701,Hong Hyun-Seok,0,0.0,1.0,23.0,4.0,0.0,0.0
2024-25,304901,Hugo Ekitike,0,15.0,8.0,33.0,31.0,0.0,0.0
2024-25,336460,Hugo Larsson,0,3.0,1.0,33.0,28.0,0.0,0.0
2024-25,381065,Hugo Rölleke,0,0.0,0.0,0.0,0.0,0.0,0.0
2024-25,361212,Ibrahim Maza,0,0.0,0.0,0.0,0.0,0.0,0.0
2024-25,236004,Ibrahim Sissoko,0,2.0,1.0,32.0,30.0,0.0,0.0
2024-25,387474,Ifechukwu Ogbus,0,0.0,0.0,2.0,0.0,0.0,0.0
2024-25,310883,Igor Matanovic,0,1.0,0.0,16.0,2.0,0.0,0.0
2024-25,189541,Ihlas Bebou,0,0.0,0.0,1.0,0.0,0.0,0.0
2024-25,297829,Ilaix Moriba,0,0.0,0.0,0.0,0.0,0.0,0.0
2024-25,366363,Ilyas Ansah,0,0.0,0.0,0.0,0.0,0.0,0.0
2024-25,252441,Irvin Cardona,0,0.0,0.0,0.0,0.0,0.0,0.0
2024-25,294427,Issa Kaboré,0,0.0,1.0,9.0,3.0,0.0,0.0
2024-25,399191,Ivan Nekic,0,0.0,0.0,1.0,1.0,0.0,0.0
2024-25,171967,Ivan Ordets,0,0.0,0.0,22.0,21.0,0.0,0.0
2024-25,219719,Ivan Prtajin,0,0.0,0.0,5.0,2.0,0.0,0.0
2024-25,178071,Jackson Irvine,0,0.0,6.0,29.0,29.0,0.0,0.0
2024-25,233073,Jacob Bruun Larsen,0,3.0,2.0,27.0,6.0,0.0,0.0
2024-25,170636,Jakob Busk,0,0.0,0.0,0.0,0.0,0.0,0.0
2024-25,291947,Jakov Medic,0,1.0,0.0,23.0,17.0,0.0,0.0
2024-25,304933,Jakub Kaminski,0,0.0,2.0,22.0,12.0,0.0,0.0
2024-25,303821,Jamal Musiala,0,12.0,2.0,25.0,21.0,0.0,0.0
2024-25,258855,James Sands,0,0.0,0.0,7.0,5.0,0.0,0.0
2024-25,339879,Jamie Gittens,0,8.0,3.0,32.0,21.0,0.0,0.0
2024-25,290811,Jamie Leweling,0,2.0,2.0,27.0,22.0,0.0,0.0
2024-25,403548,Jan Bürger,0,0.0,0.0,0.0,0.0,0.0,0.0
2024-25,291798,Jan Schöppner,0,4.0,3.0,33.0,32.0,0.0,0.0
2024-25,170604,Janik Haberer,0,0.0,0.0,28.0,21.0,0.0,0.0
2024-25,161825,Janis Blaswich,0,0.0,0.0,0.0,0.0,0.0,0.0
2024-25,261164,Jann-Fiete Arp,0,2.0,0.0,23.0,3.0,0.0,0.0
2024-25,224246,Jannik Huth,0,0.0,0.0,0.0,0.0,0.0,0.0
2024-25,349211,Jannik Robatsch,0,0.0,0.0,0.0,0.0,0.0,0.0
2024-25,372027,Jarzinho Malanga,0,0.0,0.0,1.0,0.0,0.0,0.0
2024-25,346662,Jean-Mattéo Bahoya,0,2.0,3.0,24.0,10.0,0.0,0.0
2024-25,333927,Jeanuël Belocian,0,0.0,0.0,5.0,1.0,0.0,0.0
2024-25,258909,Jeff Chabot,0,3.0,1.0,31.0,27.0,0.0,0.0
2024-25,140624,Jeffrey Gouweleeuw,0,1.0,4.0,33.0,33.0,0.0,0.0
2024-25,304793,Jens Castrop,0,0.0,0.0,0.0,0.0,0.0,0.0
2024-25,122396,Jens Grahl,0,0.0,0.0,0.0,0.0,0.0,0.0
2024-25,234757,Jens Stage,0,10.0,5.0,28.0,26.0,0.0,0.0
2024-25,276323,Jeong Woo-Yeong,0,3.0,2.0,23.0,17.0,0.0,0.0
2024-25,238870,Joakim Maehle,0,3.0,4.0,28.0,25.0,0.0,0.0
2024-25,324820,Jobe Bellingham,0,0.0,0.0,0.0,0.0,0.0,0.0
2024-25,272135,Joe Scally,0,0.0,0.0,32.0,30.0,0.0,0.0
2024-25,386992,Johan Manzambi,0,2.0,1.0,11.0,4.0,0.0,0.0
2024-25,279290,John Tolkin,0,0.0,2.0,11.0,9.0,0.0,0.0
2024-25,369363,Jonah Kusi-Asare,0,0.0,0.0,1.0,0.0,0.0,0.0
2024-25,220815,Jonas Föhrenbach,0,0.0,1.0,27.0,22.0,0.0,0.0
2024-25,174617,Jonas Hofmann,0,2.0,1.0,11.0,4.0,0.0,0.0
2024-25,238418,Jonas Omlin,0,0.0,0.0,12.0,11.0,0.0,0.0
2024-25,303921,Jonas Sterner,0,0.0,0.0,0.0,0.0,0.0,0.0
2024-25,323790,Jonas Urbig,0,0.0,0.0,8.0,8.0,0.0,0.0
2024-25,271215,Jonas Wind,0,9.0,3.0,31.0,21.0,0.0,0.0
2024-25,389627,Jonathan Akaegbobi,0,0.0,0.0,0.0,0.0,0.0,0.0
2024-25,274887,Jonathan Burkardt,0,18.0,2.0,29.0,28.0,0.0,0.0
2024-25,384500,Jonathan Norbye,0,0.0,0.0,0.0,0.0,0.0,0.0
2024-25,188052,Jonathan Tah,0,3.0,0.0,33.0,33.0,0.0,0.0
2024-25,367558,Jordy Makengo,0,0.0,0.0,19.0,7.0,0.0,0.0
2024-25,266839,Josha Vagnoman,0,1.0,1.0,26.0,19.0,0.0,0.0
2024-25,190161,Joshua Kimmich,0,3.0,6.0,33.0,32.0,0.0,0.0
2024-25,354014,Joshua Quarshie,0,0.0,0.0,0.0,0.0,0.0,0.0
2024-25,222567,Josip Juranovic,0,0.0,0.0,17.0,13.0,0.0,0.0
2024-25,276329,Josip Stanisic,0,0.0,2.0,14.0,9.0,0.0,0.0
2024-25,224144,João Palhinha,0,0.0,0.0,17.0,6.0,0.0,0.0
2024-25,197628,Julian Brandt,0,5.0,10.0,30.0,28.0,0.0,0.0
2024-25,309487,Julian Malatini,0,1.0,1.0,10.0,5.0,0.0,0.0
2024-25,322555,Julian Niehues,0,0.0,0.0,8.0,0.0,0.0,0.0
2024-25,222991,Julian Ryerson,0,2.0,3.0,29.0,27.0,0.0,0.0
2024-25,200192,Julian Weigl,0,0.0,2.0,33.0,33.0,0.0,0.0
2024-25,341375,Julien Duranville,0,0.0,0.0,12.0,2.0,0.0,0.0
2024-25,305957,Junior Adamu,0,2.0,2.0,25.0,19.0,0.0,0.0
2024-25,287645,Junior Dina Ebimbe,0,0.0,1.0,7.0,3.0,0.0,0.0
2024-25,357684,Justin Diehl,0,1.0,0.0,6.0,0.0,0.0,0.0
2024-25,340639,Justin Njinmah,0,3.0,2.0,26.0,10.0,0.0,0.0
2024-25,403558,Kacper Koscierski,0,0.0,0.0,1.0,0.0,0.0,0.0
2024-25,357030,Kaishu Sano,0,0.0,0.0,34.0,34.0,0.0,0.0
2024-25,259474,Kamil Grabara,0,0.0,0.0,29.0,29.0,0.0,0.0
2024-25,274913,Karim Adeyemi,0,7.0,6.0,25.0,17.0,0.0,0.0
2024-25,224074,Karim Coulibaly,0,0.0,0.0,0.0,0.0,0.0,0.0
2024-25,196297,Karol Mets,0,0.0,0.0,10.0,10.0,0.0,0.0
2024-25,338950,Kauã Santos,0,0.0,0.0,9.0,8.0,0.0,0.0
2024-25,332325,Keke Topp,0,2.0,2.0,19.0,1.0,0.0,0.0
2024-25,391034,Kerim Alajbegovic,0,0.0,0.0,0.0,0.0,0.0,0.0
2024-25,274893,Keven Schlotterbeck,0,3.0,1.0,18.0,15.0,0.0,0.0
2024-25,177652,Kevin Akpoguma,0,0.0,0.0,32.0,23.0,0.0,0.0
2024-25,206863,Kevin Diks,0,0.0,0.0,0.0,0.0,0.0,0.0
2024-25,141055,Kevin Kampl,0,1.0,0.0,26.0,18.0,0.0,0.0
2024-25,149276,Kevin Müller,0,0.0,0.0,33.0,33.0,0.0,0.0
2024-25,183529,Kevin Paredes,0,0.0,1.0,2.0,2.0,0.0,0.0
2024-25,175006,Kevin Stöger,0,3.0,4.0,31.0,16.0,0.0,0.0
2024-25,122280,Kevin Trapp,0,0.0,0.0,26.0,26.0,0.0,0.0
2024-25,132973,Kevin Vogt,0,1.0,0.0,18.0,16.0,0.0,0.0
2024-25,321247,Kilian Fischer,0,1.0,0.0,32.0,29.0,0.0,0.0
2024-25,301279,Kiliann Sildillia,0,2.0,1.0,21.0,8.0,0.0,0.0
2024-25,157688,Kim Min-Jae,0,2.0,0.0,27.0,27.0,0.0,0.0
2024-25,184012,Kingsley Coman,0,5.0,4.0,28.0,14.0,0.0,0.0
2024-25,365788,Kjell-Arik Wätjen,0,0.0,0.0,2.0,0.0,0.0,0.0
2024-25,377704,Kofi Amoako,0,0.0,0.0,0.0,0.0,0.0,0.0
2024-25,195105,Koji Miyoshi,0,1.0,0.0,15.0,6.0,0.0,0.0
2024-25,169189,Konrad Laimer,0,2.0,2.0,29.0,19.0,0.0,0.0
2024-25,336104,Konstantinos Koulierakis,0,0.0,2.0,30.0,28.0,0.0,0.0
2024-25,365367,Kosta Nedeljkovic,0,0.0,0.0,10.0,6.0,0.0,0.0
2024-25,238033,Kou Itakura,0,3.0,0.0,31.0,31.0,0.0,0.0
2024-25,238929,Kristijan Jakic,0,0.0,0.0,31.0,27.0,0.0,0.0
2024-25,345485,Krisztián Lisztes,0,0.0,0.0,0.0,0.0,0.0,0.0
2024-25,253675,Lars Ritzka,0,1.0,0.0,21.0,11.0,0.0,0.0
2024-25,389265,Lars Strobl,0,0.0,0.0,0.0,0.0,0.0,0.0
2024-25,321057,Lasse Rieß,0,0.0,0.0,2.0,2.0,0.0,0.0
2024-25,344856,Lasse Rosenboom,0,2.0,2.0,26.0,21.0,0.0,0.0
2024-25,345394,Laurin Ulrich,0,0.0,0.0,0.0,0.0,0.0,0.0
2024-25,134103,Lee Jae-Sung,0,7.0,6.0,33.0,31.0,0.0,0.0
2024-25,267798,Lennard Maloney,0,0.0,0.0,16.0,10.0,0.0,0.0
2024-25,402841,Lennart Karl,0,0.0,0.0,0.0,0.0,0.0,0.0
2024-25,386453,Lennart Koerdt,0,0.0,0.0,0.0,0.0,0.0,0.0
2024-25,281736,Leo Østigard,0,0.0,0.0,11.0,11.0,0.0,0.0
2024-25,174550,Leon Goretzka,0,4.0,1.0,26.0,13.0,0.0,0.0
2024-25,388141,Leon Klanac,0,0.0,0.0,0.0,0.0,0.0,0.0
2024-25,399406,Leon Koss,0,0.0,0.0,0.0,0.0,0.0,0.0
2024-25,360880,Leon Opitz,0,0.0,0.0,0.0,0.0,0.0,0.0
2024-25,157560,Leonardo Bittencourt,0,2.0,1.0,27.0,10.0,0.0,0.0
2024-25,285866,Leonidas Stergiou,0,1.0,2.0,12.0,11.0,0.0,0.0
2024-25,330455,Leopold Querfeld,0,2.0,2.0,27.0,17.0,0.0,0.0
2024-25,200079,Leopold Zingerle,0,0.0,0.0,0.0,0.0,0.0,0.0
2024-25,202641,Leroy Sané,0,11.0,5.0,30.0,17.0,0.0,0.0
2024-25,122289,Lewis Holtby,0,0.0,2.0,25.0,13.0,0.0,0.0
2024-25,388685,Lionel Voufack,0,0.0,0.0,0.0,0.0,0.0,0.0
2024-25,308461,Lorenz Assignon,0,0.0,0.0,0.0,0.0,0.0,0.0
2024-25,237549,Lovro Majer,0,2.0,1.0,9.0,3.0,0.0,0.0
2024-25,276265,Loïs Openda,0,9.0,5.0,33.0,28.0,0.0,0.0
2024-25,399218,Luca Erlein,0,0.0,0.0,0.0,0.0,0.0,0.0
2024-25,332574,Luca Jaquez,0,0.0,0.0,5.0,2.0,0.0,0.0
2024-25,364791,Luca Kerber,0,2.0,0.0,23.0,7.0,0.0,0.0
2024-25,303765,Luca Netz,0,0.0,2.0,24.0,8.0,0.0,0.0
2024-25,279959,Luca Pfeiffer,0,0.0,0.0,0.0,0.0,0.0,0.0
2024-25,304795,Luca Philipp,0,0.0,0.0,6.0,6.0,0.0,0.0
2024-25,371672,Luca Raimund,0,0.0,0.0,0.0,0.0,0.0,0.0
2024-25,238525,Lucas Höler,0,6.0,4.0,31.0,21.0,0.0,0.0
2024-25,215574,Lucas Tousart,0,0.0,1.0,15.0,6.0,0.0,0.0
2024-25,192015,Ludovic Ajorque,0,0.0,0.0,0.0,0.0,0.0,0.0
2024-25,399219,Luka Djuric,0,0.0,0.0,0.0,0.0,0.0,0.0
2024-25,371370,Luka Janes,0,0.0,0.0,0.0,0.0,0.0,0.0
2024-25,134169,Lukas Hradecky,0,0.0,0.0,29.0,29.0,0.0,0.0
2024-25,201803,Lukas Klostermann,0,1.0,0.0,28.0,20.0,0.0,0.0
2024-25,171701,Lukas Kübler,0,5.0,1.0,28.0,22.0,0.0,0.0
2024-25,346617,Lukas Ullrich,0,1.0,2.0,26.0,24.0,0.0,0.0
2024-25,264828,Lutsharel Geertruida,0,1.0,0.0,24.0,17.0,0.0,0.0
2024-25,221047,László Bénes,0,2.0,1.0,23.0,3.0,0.0,0.0
2024-25,343995,Léo Scienza,0,3.0,3.0,25.0,13.0,0.0,0.0
2024-25,364646,Lúkas Petersson,0,0.0,0.0,0.0,0.0,0.0,0.0
2024-25,277377,Maarten Vandevoordt,0,0.0,0.0,6.0,4.0,0.0,0.0
2024-25,162386,Mads Pedersen,0,0.0,0.0,7.0,2.0,0.0,0.0
2024-25,249172,Mads Roerslev,0,0.0,0.0,7.0,2.0,0.0,0.0
2024-25,287274,Magnus Knudsen,0,0.0,1.0,31.0,22.0,0.0,0.0
2024-25,191098,Mahmoud Dahoud,0,1.0,1.0,9.0,3.0,0.0,0.0
2024-25,384502,Mahmut Kücüksahin,0,0.0,0.0,0.0,0.0,0.0,0.0
2024-25,202696,Manolis Saliakas,0,2.0,1.0,30.0,26.0,0.0,0.0
2024-25,84774,Manuel Neuer,0,0.0,0.0,22.0,22.0,0.0,0.0
2024-25,184582,Marcel Engelhardt,0,0.0,0.0,0.0,0.0,0.0,0.0
2024-25,364581,Marcel Lubik,0,0.0,0.0,0.0,0.0,0.0,0.0
2024-25,173907,Marcel Sabitzer,0,1.0,0.0,26.0,18.0,0.0,0.0
2024-25,232477,Marco Friedl,0,0.0,0.0,26.0,25.0,0.0,0.0
2024-25,305853,Marco Grüll,0,6.0,1.0,30.0,13.0,0.0,0.0
2024-25,205946,Marco Komenda,0,0.0,0.0,19.0,17.0,0.0,0.0
2024-25,322098,Marin Ljubicic,0,1.0,1.0,13.0,1.0,0.0,0.0
2024-25,143020,Mario Götze,0,3.0,2.0,24.0,18.0,0.0,0.0
2024-25,222529,Mario Hermoso,0,0.0,0.0,4.0,3.0,0.0,0.0
2024-25,275797,Marius Bulter,0,7.0,2.0,25.0,22.0,0.0,0.0
2024-25,172005,Marius Müller,0,0.0,0.0,6.0,5.0,0.0,0.0
2024-25,207623,Marius Wolf,0,1.0,3.0,32.0,28.0,0.0,0.0
2024-25,177821,Mark Flekken,0,0.0,0.0,0.0,0.0,0.0,0.0
2024-25,338304,Marko Ivezic,0,0.0,0.0,23.0,18.0,0.0,0.0
2024-25,162111,Markus Kolke,0,0.0,0.0,0.0,0.0,0.0,0.0
2024-25,208176,Marnon Busch,0,0.0,1.0,23.0,15.0,0.0,0.0
2024-25,241662,Martin Terrier,0,2.0,1.0,15.0,7.0,0.0,0.0
2024-25,159150,Marvin Ducksch,0,8.0,8.0,32.0,30.0,0.0,0.0
2024-25,202642,Marvin Friedrich,0,0.0,1.0,22.0,9.0,0.0,0.0
2024-25,312389,Marvin Pieringer,0,7.0,3.0,31.0,26.0,0.0,0.0
2024-25,205779,Marvin Schulz,0,0.0,0.0,12.0,3.0,0.0,0.0
2024-25,394412,Marwin Schmitz,0,0.0,0.0,0.0,0.0,0.0,0.0
2024-25,277313,Matej Kovár,0,0.0,0.0,5.0,5.0,0.0,0.0
2024-25,234457,Mathias Honsak,0,5.0,1.0,22.0,12.0,0.0,0.0
2024-25,403781,Mathis Albert,0,0.0,0.0,0.0,0.0,0.0,0.0
2024-25,383224,Mathys Angély,0,0.0,0.0,0.0,0.0,0.0,0.0
2024-25,325042,Mathys Tel,0,0.0,1.0,8.0,2.0,0.0,0.0
2024-25,346374,Mats Pannewig,0,0.0,0.0,14.0,2.0,0.0,0.0
2024-25,170209,Matthias Ginter,0,2.0,1.0,32.0,28.0,0.0,0.0
2024-25,220120,Mattias Svanberg,0,3.0,2.0,20.0,14.0,0.0,0.0
2024-25,191945,Matús Bero,0,5.0,2.0,30.0,29.0,0.0,0.0
2024-25,358496,Maurice Krattenmacher,0,0.0,0.0,0.0,0.0,0.0,0.0
2024-25,312543,Max Geschwill,0,1.0,2.0,19.0,13.0,0.0,0.0
2024-25,372035,Max Moerstedt,0,0.0,0.0,12.0,5.0,0.0,0.0
2024-25,367557,Max Rosenfelder,0,1.0,0.0,25.0,13.0,0.0,0.0
2024-25,372037,Maxim Dal,0,0.0,0.0,0.0,0.0,0.0,0.0
2024-25,238531,Maxim Leitsch,0,1.0,0.0,14.0,6.0,0.0,0.0
2024-25,169037,Maximilian Arnold,0,3.0,5.0,28.0,27.0,0.0,0.0
2024-25,290639,Maximilian Beier,0,8.0,5.0,29.0,17.0,0.0,0.0
2024-25,307892,Maximilian Breunig,0,2.0,0.0,13.0,2.0,0.0,0.0
2024-25,214203,Maximilian Eggestein,0,2.0,0.0,33.0,33.0,0.0,0.0
2024-25,216225,Maximilian Mittelstädt,0,1.0,7.0,31.0,28.0,0.0,0.0
2024-25,202802,Maximilian Philipp,0,0.0,0.0,2.0,0.0,0.0,0.0
2024-25,207139,Maximilian Wittek,0,0.0,0.0,33.0,32.0,0.0,0.0
2024-25,343951,Mehdi Loune,0,0.0,0.0,0.0,0.0,0.0,0.0
2024-25,251413,Mergim Berisha,0,1.0,1.0,13.0,3.0,0.0,0.0
2024-25,311963,Merlin Röhl,0,0.0,1.0,19.0,11.0,0.0,0.0
2024-25,359207,Mert Kömür,0,2.0,1.0,20.0,5.0,0.0,0.0
2024-25,146804,Michael Gregoritsch,0,2.0,1.0,20.0,5.0,0.0,0.0
2024-25,286831,Michael Olise,0,12.0,15.0,34.0,28.0,0.0,0.0
2024-25,184550,Michael Zetterer,0,0.0,0.0,34.0,34.0,0.0,0.0
2024-25,156479,Michy Batshuayi,0,3.0,0.0,10.0,3.0,0.0,0.0
2024-25,399865,Mick Schmetgens,0,0.0,0.0,0.0,0.0,0.0,0.0
2024-25,403403,Mika Walther,0,0.0,0.0,0.0,0.0,0.0,0.0
2024-25,338852,Mio Backhaus,0,0.0,0.0,0.0,0.0,0.0,0.0
2024-25,159139,Mitchell Weiser,0,5.0,8.0,32.0,32.0,0.0,0.0
2024-25,318391,Mohamed Sankoh,0,0.0,0.0,0.0,0.0,0.0,0.0
2024-25,346370,Mohammed Tolba,0,0.0,0.0,0.0,0.0,0.0,0.0
2024-25,305777,Morgan Guilavogui,0,6.0,2.0,25.0,21.0,0.0,0.0
2024-25,291976,Moritz Broschinski,0,1.0,3.0,33.0,15.0,0.0,0.0
2024-25,264245,Moritz Jenz,0,0.0,0.0,19.0,18.0,0.0,0.0
2024-25,238536,Moritz Nicolas,0,0.0,0.0,19.0,19.0,0.0,0.0
2024-25,388875,Muhammad Dahaba,0,0.0,0.0,0.0,0.0,0.0,0.0
2024-25,259143,Myron Boadu,0,9.0,1.0,19.0,11.0,0.0,0.0
2024-25,210818,Nadiem Amiri,0,7.0,5.0,30.0,30.0,0.0,0.0
2024-25,282676,Nathan N'Goumou,0,2.0,1.0,19.0,9.0,0.0,0.0
2024-25,263134,Nathan Tella,0,2.0,4.0,27.0,17.0,0.0,0.0
2024-25,120829,Nathaniel Brown,0,3.0,6.0,26.0,22.0,0.0,0.0
2024-25,322693,Nediljko Labrovic,0,0.0,0.0,15.0,15.0,0.0,0.0
2024-25,351280,Nelson Weiper,0,3.0,2.0,23.0,7.0,0.0,0.0
2024-25,298349,Nick Woltemade,0,12.0,2.0,28.0,17.0,0.0,0.0
2024-25,212237,Nico Elvedi,0,1.0,1.0,25.0,25.0,0.0,0.0
2024-25,286828,Nico Schlotterbeck,0,0.0,4.0,23.0,23.0,0.0,0.0
2024-25,149570,Nicolas Höfler,0,0.0,0.0,20.0,7.0,0.0,0.0
2024-25,305956,Nicolas Seiwald,0,0.0,0.0,30.0,20.0,0.0,0.0
2024-25,298030,Niels Nkounkou,0,0.0,0.0,12.0,4.0,0.0,0.0
2024-25,231190,Niklas Beste,0,0.0,1.0,12.0,0.0,0.0,0.0
2024-25,225567,Niklas Dorsch,0,2.0,2.0,23.0,19.0,0.0,0.0
2024-25,306074,Niklas Jahn,0,0.0,0.0,0.0,0.0,0.0,0.0
2024-25,175069,Niklas Lomb,0,0.0,0.0,0.0,0.0,0.0,0.0
2024-25,186026,Niklas Stark,0,0.0,1.0,26.0,25.0,0.0,0.0
2024-25,397566,Niklas Swider,0,0.0,0.0,0.0,0.0,0.0,0.0
2024-25,186263,Niklas Süle,0,0.0,0.0,15.0,12.0,0.0,0.0
2024-25,79941,Nikola Vasilj,0,0.0,0.0,33.0,33.0,0.0,0.0
2024-25,259878,Nikolas Nartey,0,0.0,0.0,1.0,0.0,0.0,0.0
2024-25,334198,Nikolas Veratschnig,0,0.0,0.0,15.0,2.0,0.0,0.0
2024-25,376499,Nils Ramming,0,0.0,0.0,0.0,0.0,0.0,0.0
2024-25,305556,Nnamdi Collins,0,1.0,1.0,24.0,15.0,0.0,0.0
2024-25,321064,Noah Atubolu,0,0.0,0.0,26.0,26.0,0.0,0.0
2024-25,387335,Noah Fenyö,0,0.0,0.0,0.0,0.0,0.0,0.0
2024-25,397565,Noah Pesch,0,0.0,0.0,1.0,0.0,0.0,0.0
2024-25,321063,Noah Weißhaupt,0,1.0,0.0,22.0,13.0,0.0,0.0
2024-25,376514,Noahkai Banks,0,0.0,0.0,8.0,2.0,0.0,0.0
2024-25,214188,Nordi Mukiele,0,1.0,0.0,15.0,10.0,0.0,0.0
2024-25,284822,Odilon Kossounou,0,0.0,0.0,0.0,0.0,0.0,0.0
2024-25,252916,Oladapo Afolayan,0,3.0,1.0,32.0,17.0,0.0,0.0
2024-25,138213,Oliver Baumann,0,0.0,0.0,28.0,28.0,0.0,0.0
2024-25,377552,Oluwaseun Ogbemudia,0,0.0,0.0,0.0,0.0,0.0,0.0
2024-25,291914,Omar-Haktab Traoré,0,0.0,1.0,30.0,30.0,0.0,0.0
2024-25,365997,Oscar Højlund,0,1.0,0.0,20.0,7.0,0.0,0.0
2024-25,384126,Othniël Raterink,0,0.0,0.0,0.0,0.0,0.0,0.0
2024-25,266565,Ozan Kabak,0,0.0,0.0,0.0,0.0,0.0,0.0
2024-25,132659,Pascal Gross,0,0.0,10.0,30.0,28.0,0.0,0.0
2024-25,223266,Pascal Stenzel,0,0.0,0.0,10.0,4.0,0.0,0.0
2024-25,275774,Patric Pfeiffer,0,0.0,0.0,0.0,0.0,0.0,0.0
2024-25,398005,Patrice Covic,0,0.0,0.0,0.0,0.0,0.0,0.0
2024-25,174521,Patrick Drewes,0,0.0,0.0,21.0,21.0,0.0,0.0
2024-25,227043,Patrick Erras,0,1.0,0.0,10.0,10.0,0.0,0.0
2024-25,184075,Patrick Mainka,0,1.0,0.0,34.0,34.0,0.0,0.0
2024-25,291203,Patrick Osterhage,0,1.0,0.0,30.0,27.0,0.0,0.0
2024-25,300095,Patrick Wimmer,0,3.0,4.0,29.0,22.0,0.0,0.0
2024-25,212330,Patrik Schick,0,21.0,0.0,31.0,19.0,0.0,0.0
2024-25,302588,Paul Grave,0,0.0,0.0,0.0,0.0,0.0,0.0
2024-25,397595,Paul Hennrich,0,0.0,0.0,1.0,0.0,0.0,0.0
2024-25,307282,Paul Nebel,0,10.0,4.0,31.0,26.0,0.0,0.0
2024-25,321257,Paul Tschernuth,0,0.0,0.0,0.0,0.0,0.0,0.0
2024-25,333399,Paul Wanner,0,3.0,2.0,29.0,20.0,0.0,0.0
2024-25,149841,Pavao Pervan,0,0.0,0.0,0.0,0.0,0.0,0.0
2024-25,321202,Phil Harres,0,8.0,1.0,26.0,17.0,0.0,0.0
2024-25,169412,Philipp Hofmann,0,3.0,2.0,32.0,27.0,0.0,0.0
2024-25,219316,Philipp Lienhart,0,1.0,0.0,32.0,31.0,0.0,0.0
2024-25,275805,Philipp Sander,0,1.0,1.0,27.0,16.0,0.0,0.0
2024-25,324543,Philipp Schulze,0,0.0,0.0,0.0,0.0,0.0,0.0
2024-25,364596,Philipp Treu,0,0.0,2.0,33.0,33.0,0.0,0.0
2024-25,234376,Phillip Tietz,0,7.0,2.0,34.0,19.0,0.0,0.0
2024-25,239574,Phillipp Mwene,0,1.0,4.0,32.0,32.0,0.0,0.0
2024-25,292062,Piero Hincapié,0,2.0,2.0,32.0,28.0,0.0,0.0
2024-25,119620,Péter Gulácsi,0,0.0,0.0,30.0,30.0,0.0,0.0
2024-25,289322,Ramon Hendriks,0,0.0,1.0,25.0,10.0,0.0,0.0
2024-25,220703,Ramy Bensebaini,0,1.0,6.0,31.0,23.0,0.0,0.0
2024-25,159152,Rani Khedira,0,1.0,1.0,32.0,31.0,0.0,0.0
2024-25,176228,Raphaël Guerreiro,0,4.0,3.0,23.0,19.0,0.0,0.0
2024-25,258963,Ridle Baku,0,4.0,4.0,34.0,29.0,0.0,0.0
2024-25,219627,Ritsu Doan,0,10.0,7.0,34.0,33.0,0.0,0.0
2024-25,180998,Robert Andrich,0,2.0,1.0,23.0,19.0,0.0,0.0
2024-25,372038,Robert Ramsak,0,0.0,0.0,0.0,0.0,0.0,0.0
2024-25,218596,Robert Skov,0,2.0,2.0,15.0,11.0,0.0,0.0
2024-25,336760,Robert Wagner,0,0.0,0.0,12.0,5.0,0.0,0.0
2024-25,198087,Robin Gosens,0,0.0,0.0,1.0,1.0,0.0,0.0
2024-25,258876,Robin Hack,0,4.0,7.0,33.0,27.0,0.0,0.0
2024-25,322510,Robin Hranác,0,0.0,0.0,4.0,2.0,0.0,0.0
2024-25,208285,Robin Koch,0,3.0,0.0,30.0,30.0,0.0,0.0
2024-25,206114,Robin Zentner,0,0.0,0.0,32.0,32.0,0.0,0.0
2024-25,307364,Rocco Reitz,0,2.0,1.0,27.0,21.0,0.0,0.0
2024-25,228397,Rogério,0,0.0,0.0,0.0,0.0,0.0,0.0
2024-25,238296,Romano Schmid,0,5.0,4.0,32.0,32.0,0.0,0.0
2024-25,397578,Romeo Aigbekaen,0,0.0,0.0,0.0,0.0,0.0,0.0
2024-25,394411,Ronny Seibt,0,0.0,0.0,0.0,0.0,0.0,0.0
2024-25,287225,Sacha Boey,0,0.0,2.0,13.0,6.0,0.0,0.0
2024-25,225563,Salih Özcan,0,0.0,0.0,22.0,6.0,0.0,0.0
2024-25,355101,Samuel Bamba,0,0.0,0.0,5.0,0.0,0.0,0.0
2024-25,278791,Samuel Essende,0,7.0,2.0,30.0,21.0,0.0,0.0
2024-25,403833,Samuele Inácio,0,0.0,0.0,0.0,0.0,0.0,0.0
2024-25,277674,Scott Banks,0,0.0,0.0,12.0,0.0,0.0,0.0
2024-25,271130,Sebastiaan Bornauw,0,2.0,1.0,15.0,8.0,0.0,0.0
2024-25,270389,Senne Lynen,0,0.0,1.0,32.0,32.0,0.0,0.0
2024-25,178980,Serge Gnabry,0,7.0,5.0,27.0,13.0,0.0,0.0
2024-25,186381,Serhou Guirassy,0,21.0,2.0,30.0,29.0,0.0,0.0
2024-25,362673,Shio Fukuda,0,1.0,0.0,6.0,0.0,0.0,0.0
2024-25,271352,Shuto Machino,0,11.0,2.0,32.0,23.0,0.0,0.0
2024-25,240517,Siebe van der Heyden,0,1.0,0.0,13.0,11.0,0.0,0.0
2024-25,331297,Silas Ostrzinski,0,0.0,0.0,0.0,0.0,0.0,0.0
2024-25,175905,Silvan Widmer,0,0.0,1.0,27.0,3.0,0.0,0.0
2024-25,403549,Simeon Rapsch,0,0.0,0.0,0.0,0.0,0.0,0.0
2024-25,387509,Simon Kalambayi,0,0.0,0.0,0.0,0.0,0.0,0.0
2024-25,307508,Sirlord Conteh,0,1.0,1.0,29.0,4.0,0.0,0.0
2024-25,330964,Skelly Alvero,0,0.0,0.0,12.0,1.0,0.0,0.0
2024-25,10767,Soumaila Coulibaly,0,0.0,0.0,0.0,0.0,0.0,0.0
2024-25,268808,Stanley N'Soki,0,0.0,0.0,22.0,16.0,0.0,0.0
2024-25,144620,Stefan Bell,0,0.0,1.0,18.0,15.0,0.0,0.0
2024-25,301319,Stefan Drljaca,0,0.0,0.0,0.0,0.0,0.0,0.0
2024-25,261221,Stefan Schimmer,0,0.0,0.0,13.0,0.0,0.0,0.0
2024-25,192672,Steve Mounié,0,1.0,0.0,16.0,1.0,0.0,0.0
2024-25,149963,Steven Skrzybski,0,6.0,3.0,24.0,15.0,0.0,0.0
2024-25,113733,Sven Ulreich,0,0.0,0.0,1.0,1.0,0.0,0.0
2024-25,357221,Tarek Buchmann,0,0.0,0.0,0.0,0.0,0.0,0.0
2024-25,198171,Thomas Dähne,0,0.0,0.0,9.0,9.0,0.0,0.0
2024-25,345393,Thomas Kastanaras,0,0.0,0.0,0.0,0.0,0.0,0.0
2024-25,291737,Thomas Keller,0,0.0,0.0,6.0,2.0,0.0,0.0
2024-25,123465,Thomas Müller,0,1.0,4.0,30.0,12.0,0.0,0.0
2024-25,344654,Tiago Pereira,0,0.0,0.0,5.0,4.0,0.0,0.0
2024-25,304019,Tiago Tomás,0,6.0,1.0,32.0,23.0,0.0,0.0
2024-25,366911,Tidiam Gomis,0,0.0,1.0,8.0,1.0,0.0,0.0
2024-25,389628,Till Neininger,0,0.0,0.0,0.0,0.0,0.0,0.0
2024-25,185906,Tim Kleindienst,0,16.0,7.0,31.0,31.0,0.0,0.0
2024-25,346376,Tim Oermann,0,0.0,2.0,29.0,26.0,0.0,0.0
2024-25,399212,Tim Philipp,0,0.0,0.0,0.0,0.0,0.0,0.0
2024-25,290208,Tim Siersleben,0,0.0,0.0,16.0,14.0,0.0,0.0
2024-25,220796,Tim Skarke,0,0.0,2.0,33.0,11.0,0.0,0.0
2024-25,169481,Timo Becker,0,0.0,2.0,30.0,28.0,0.0,0.0
2024-25,160021,Timo Horn,0,0.0,0.0,13.0,13.0,0.0,0.0
2024-25,345396,Timo Schlieck,0,0.0,0.0,0.0,0.0,0.0,0.0
2024-25,275807,Timon Weiner,0,0.0,0.0,25.0,25.0,0.0,0.0
2024-25,128521,Timothy Chandler,0,0.0,0.0,3.0,0.0,0.0,0.0
2024-25,122273,Tobias Sippel,0,0.0,0.0,1.0,0.0,0.0,0.0
2024-25,324660,Tom Bischof,0,5.0,2.0,31.0,30.0,0.0,0.0
2024-25,283683,Tom Krauss,0,0.0,0.0,14.0,13.0,0.0,0.0
2024-25,324269,Tom Rothe,0,3.0,3.0,26.0,19.0,0.0,0.0
2024-25,307755,Tomas Cvancara,0,2.0,0.0,28.0,7.0,0.0,0.0
2024-25,283224,Tuta,0,2.0,1.0,30.0,26.0,0.0,0.0
2024-25,340683,Umut Tohumcu,0,0.0,1.0,12.0,3.0,0.0,0.0
2024-25,277301,Valentin Gendrey,0,1.0,1.0,22.0,14.0,0.0,0.0
2024-25,362406,Veit Stange,0,0.0,0.0,0.0,0.0,0.0,0.0
2024-25,287276,Victor Boniface,0,8.0,1.0,19.0,12.0,0.0,0.0
2024-25,388683,Viggo Gebel,0,0.0,0.0,1.0,0.0,0.0,0.0
2024-25,179571,Vincenzo Grifo,0,8.0,12.0,34.0,31.0,0.0,0.0
2024-25,307190,Wahidullah Faghir,0,0.0,0.0,0.0,0.0,0.0,0.0
2024-25,220714,Waldemar Anton,0,2.0,2.0,26.0,22.0,0.0,0.0
2024-25,394499,Wesley Adeh,0,0.0,0.0,0.0,0.0,0.0,0.0
2024-25,162162,Willi Orbán,0,5.0,0.0,25.0,25.0,0.0,0.0
2024-25,399864,Wisdom Mike,0,0.0,0.0,0.0,0.0,0.0,0.0
2024-25,238886,Xaver Schlager,0,0.0,0.0,4.0,2.0,0.0,0.0
2024-25,332962,Xavi Simons,0,10.0,7.0,25.0,25.0,0.0,0.0
2024-25,399523,Yann Sturm,0,0.0,0.0,0.0,0.0,0.0,0.0
2024-25,189529,Yannick Gerhardt,0,1.0,0.0,29.0,15.0,0.0,0.0
2024-25,266657,Yannik Keitel,0,0.0,0.0,11.0,2.0,0.0,0.0
2024-25,401448,Yurij Obert,0,0.0,0.0,0.0,0.0,0.0,0.0
2024-25,182245,Yussuf Poulsen,0,2.0,0.0,22.0,2.0,0.0,0.0
2024-25,346745,Yusuf Kabadayi,0,1.0,0.0,5.0,0.0,0.0,0.0
2024-25,324183,Yvandro Borges Sanches,0,0.0,0.0,0.0,0.0,0.0,0.0
2025-26,323708,Aaron Zehnter,0,2.0,0.0,20.0,17.0,0.0,0.0
2025-26,387129,Abdoulie Ceesay,0,3.0,0.0,20.0,0.0,0.0,0.0
2025-26,338854,Adam Daghim,0,2.0,3.0,27.0,12.0,0.0,0.0
2025-26,280065,Adam Dzwigala,0,1.0,1.0,19.0,14.0,0.0,0.0
2025-26,292169,Adam Hlozek,0,0.0,0.0,5.0,0.0,0.0,0.0
2025-26,407288,Adam Kölle,0,1.0,0.0,6.0,0.0,0.0,0.0
2025-26,290166,Adil Aouchiche,0,3.0,2.0,14.0,13.0,0.0,0.0
2025-26,277999,Adrian Beck,0,1.0,1.0,24.0,9.0,0.0,0.0
2025-26,326766,Adrian Gantenbein,0,0.0,0.0,19.0,10.0,0.0,0.0
2025-26,297750,Albert Grønbaek,0,1.0,2.0,7.0,6.0,0.0,0.0
2025-26,268239,Albert Sambi Lokonga,0,5.0,0.0,26.0,20.0,0.0,0.0
2025-26,307567,Albian Hajdari,0,1.0,2.0,30.0,28.0,0.0,0.0
2025-26,219294,Aleix García,0,3.0,8.0,33.0,31.0,0.0,0.0
2025-26,166396,Alejandro Grimaldo,0,8.0,8.0,29.0,29.0,0.0,0.0
2025-26,371484,Alejo Sarco,0,0.0,0.0,6.0,0.0,0.0,0.0
2025-26,359370,Aleksandar Pavlovic,0,3.0,1.0,24.0,16.0,0.0,0.0
2025-26,236136,Alessio Castro-Montes,0,1.0,3.0,14.0,7.0,0.0,0.0
2025-26,257085,Alex Král,0,0.0,0.0,20.0,2.0,0.0,0.0
2025-26,178380,Alexander Meyer,0,0.0,0.0,0.0,0.0,0.0,0.0
2025-26,205750,Alexander Nübel,0,0.0,1.0,34.0,34.0,0.0,0.0
2025-26,320939,Alexander Prass,0,3.0,2.0,32.0,12.0,0.0,0.0
2025-26,384471,Alexander Røssing-Lelesiit,0,0.0,1.0,11.0,5.0,0.0,0.0
2025-26,403767,Alexander Staff,0,0.0,0.0,0.0,0.0,0.0,0.0
2025-26,228503,Alexis Claude-Maurice,0,5.0,4.0,29.0,25.0,0.0,0.0
2025-26,349922,Aljoscha Kemlein,0,0.0,2.0,30.0,23.0,0.0,0.0
2025-26,372034,Almugera Kabar,0,0.0,0.0,1.0,0.0,0.0,0.0
2025-26,236721,Alphonso Davies,0,1.0,3.0,13.0,6.0,0.0,0.0
2025-26,222614,Amara Conde,0,1.0,1.0,31.0,25.0,0.0,0.0
2025-26,323847,Ameen Al Dakhil,0,0.0,0.0,8.0,3.0,0.0,0.0
2025-26,397160,Amil Siljevic,0,0.0,0.0,0.0,0.0,0.0,0.0
2025-26,275844,Amos Pieper,0,0.0,0.0,19.0,19.0,0.0,0.0
2025-26,218646,Andreas Hanche-Olsen,0,0.0,1.0,13.0,8.0,0.0,0.0
2025-26,317322,Andreas Hountondji,0,4.0,0.0,21.0,15.0,0.0,0.0
2025-26,341441,Andrej Ilic,0,5.0,9.0,32.0,24.0,0.0,0.0
2025-26,139520,Andrej Kramaric,0,14.0,6.0,34.0,26.0,0.0,0.0
2025-26,372232,Andrija Maksimovic,0,0.0,0.0,8.0,0.0,0.0,0.0
2025-26,406371,Andrik Markgraf,0,0.0,0.0,0.0,0.0,0.0,0.0
2025-26,284702,András Schäfer,0,2.0,1.0,28.0,16.0,0.0,0.0
2025-26,290232,Angelo Stiller,0,2.0,5.0,34.0,30.0,0.0,0.0
2025-26,305555,Ansgar Knauff,0,4.0,1.0,28.0,12.0,0.0,0.0
2025-26,241297,Anthony Caci,0,0.0,0.0,10.0,6.0,0.0,0.0
2025-26,169753,Anthony Jung,0,0.0,0.0,12.0,4.0,0.0,0.0
2025-26,386429,Anton Bauerle,0,0.0,0.0,0.0,0.0,0.0,0.0
2025-26,238273,Anton Donkor,0,0.0,0.0,2.0,0.0,0.0,0.0
2025-26,333837,Anton Kade,0,6.0,0.0,28.0,18.0,0.0,0.0
2025-26,319368,Antonio Nusa,0,4.0,3.0,31.0,24.0,0.0,0.0
2025-26,333400,Arijon Ibrahimovic,0,2.0,4.0,32.0,25.0,0.0,0.0
2025-26,305716,Arkadiusz Pyrka,0,0.0,1.0,31.0,30.0,0.0,0.0
2025-26,308843,Armindo Sieb,0,2.0,0.0,22.0,3.0,0.0,0.0
2025-26,296321,Arnaud Kalimuendo,0,6.0,1.0,19.0,17.0,0.0,0.0
2025-26,334374,Arthur,0,1.0,3.0,20.0,13.0,0.0,0.0
2025-26,319530,Arthur Chaves,0,2.0,0.0,15.0,11.0,0.0,0.0
2025-26,304222,Arthur Theate,0,1.0,0.0,24.0,24.0,0.0,0.0
2025-26,364897,Assan Ouédraogo,0,4.0,3.0,19.0,13.0,0.0,0.0
2025-26,241742,Atakan Karazor,0,0.0,1.0,28.0,22.0,0.0,0.0
2025-26,319404,Aurèle Amenda,0,0.0,0.0,24.0,18.0,0.0,0.0
2025-26,396655,Axel Tape,0,0.0,0.0,6.0,2.0,0.0,0.0
2025-26,414520,Ayman Gülasi,0,0.0,0.0,1.0,0.0,0.0,0.0
2025-26,380942,Ayodele Thomas,0,0.0,0.0,0.0,0.0,0.0,0.0
2025-26,416636,Ayoube Amaimouni,0,2.0,3.0,17.0,6.0,0.0,0.0
2025-26,345115,Badredine Bouanani,0,0.0,0.0,14.0,5.0,0.0,0.0
2025-26,238542,Bakery Jatta,0,1.0,1.0,15.0,12.0,0.0,0.0
2025-26,336355,Bambasé Conté,0,4.0,5.0,25.0,22.0,0.0,0.0
2025-26,409016,Bara Sapoko Ndiaye,0,0.0,0.0,4.0,2.0,0.0,0.0
2025-26,422013,Bastian Assomo,0,0.0,0.0,0.0,0.0,0.0,0.0
2025-26,359108,Bazoumana Touré,0,5.0,9.0,30.0,29.0,0.0,0.0
2025-26,397120,Ben Hawighorst,0,0.0,0.0,0.0,0.0,0.0,0.0
2025-26,307489,Ben Voll,0,0.0,0.0,0.0,0.0,0.0,0.0
2025-26,366562,Bence Dárdai,0,0.0,0.0,1.0,0.0,0.0,0.0
2025-26,307515,Benedict Hollerbach,0,1.0,2.0,14.0,13.0,0.0,0.0
2025-26,220716,Benedikt Gimber,0,0.0,0.0,21.0,18.0,0.0,0.0
2025-26,220711,Benjamin Henrichs,0,1.0,0.0,17.0,3.0,0.0,0.0
2025-26,384501,Bennit Bröger,0,0.0,0.0,0.0,0.0,0.0,0.0
2025-26,413837,Benno Kaltefleiter,0,0.0,0.0,0.0,0.0,0.0,0.0
2025-26,218980,Bernardo,0,0.0,0.0,29.0,26.0,0.0,0.0
2025-26,336595,Bilal El Khannouss,0,4.0,5.0,25.0,19.0,0.0,0.0
2025-26,357683,Brajan Gruda,0,3.0,3.0,13.0,8.0,0.0,0.0
2025-26,415252,Bruno Katz,0,0.0,0.0,0.0,0.0,0.0,0.0
2025-26,250866,Bryan Lasme,0,2.0,0.0,12.0,0.0,0.0,0.0
2025-26,237727,Budu Zivzivadze,0,6.0,0.0,20.0,14.0,0.0,0.0
2025-26,345106,Calvin Brackelmann,0,2.0,2.0,24.0,23.0,0.0,0.0
2025-26,268987,Cameron Puertas,0,1.0,2.0,28.0,22.0,0.0,0.0
2025-26,355369,Can Uzun,0,8.0,4.0,21.0,15.0,0.0,0.0
2025-26,221460,Carl Klaus,0,0.0,0.0,4.0,3.0,0.0,0.0
2025-26,268973,Carlo Sickinger,0,0.0,0.0,13.0,2.0,0.0,0.0
2025-26,294317,Carney Chukwuemeka,0,2.0,0.0,28.0,8.0,0.0,0.0
2025-26,405586,Cassiano Kiala,0,0.0,0.0,1.0,0.0,0.0,0.0
2025-26,319100,Castello Lukeba,0,1.0,0.0,26.0,24.0,0.0,0.0
2025-26,301348,Cenk Özkacar,0,0.0,0.0,25.0,20.0,0.0,0.0
2025-26,415733,Cenny Neumann,0,0.0,0.0,2.0,1.0,0.0,0.0
2025-26,387489,Chema Andrés,0,3.0,0.0,25.0,14.0,0.0,0.0
2025-26,268951,Chris Führich,0,7.0,7.0,33.0,20.0,0.0,0.0
2025-26,297165,Chrislain Matsima,0,1.0,1.0,18.0,17.0,0.0,0.0
2025-26,288371,Christian Conteh,0,0.0,0.0,9.0,4.0,0.0,0.0
2025-26,144130,Christian Eriksen,0,3.0,9.0,31.0,27.0,0.0,0.0
2025-26,322156,Christian Gomis,0,1.0,1.0,19.0,8.0,0.0,0.0
2025-26,174618,Christian Günter,0,0.0,3.0,24.0,18.0,0.0,0.0
2025-26,398709,Christian Kofane,0,5.0,4.0,29.0,12.0,0.0,0.0
2025-26,274897,Christoph Baumgartner,0,13.0,8.0,33.0,32.0,0.0,0.0
2025-26,259252,Christopher Antwi-Adjei,0,1.0,1.0,14.0,8.0,0.0,0.0
2025-26,393123,Christopher Olivier,0,0.0,0.0,0.0,0.0,0.0,0.0
2025-26,146485,Christopher Trimmel,0,0.0,3.0,29.0,22.0,0.0,0.0
2025-26,329267,Cleiton,0,0.0,0.0,0.0,0.0,0.0,0.0
2025-26,379024,Cole Campbell,0,0.0,0.0,6.0,0.0,0.0,0.0
2025-26,260643,Connor Metcalfe,0,0.0,2.0,25.0,3.0,0.0,0.0
2025-26,362794,Conrad Harder,0,3.0,3.0,29.0,8.0,0.0,0.0
2025-26,390031,Cyriaque Irié,0,0.0,0.0,10.0,3.0,0.0,0.0
2025-26,245808,Cédric Zesiger,0,0.0,0.0,27.0,20.0,0.0,0.0
2025-26,359707,Damion Downs,0,0.0,0.0,12.0,6.0,0.0,0.0
2025-26,258870,Dan-Axel Zagadou,0,0.0,0.0,3.0,3.0,0.0,0.0
2025-26,259453,Danel Sinani,0,5.0,3.0,30.0,23.0,0.0,0.0
2025-26,149297,Daniel Batz,0,0.0,0.0,21.0,21.0,0.0,0.0
2025-26,343993,Daniel Elfadli,0,0.0,0.0,21.0,15.0,0.0,0.0
2025-26,392851,Daniel Gleiber,0,0.0,0.0,0.0,0.0,0.0,0.0
2025-26,180162,Daniel Heuer Fernandes,0,0.0,0.0,33.0,33.0,0.0,0.0
2025-26,421667,Daniel Imafidon,0,0.0,0.0,0.0,0.0,0.0,0.0
2025-26,321060,Daniel Klein,0,0.0,0.0,0.0,0.0,0.0,0.0
2025-26,386461,Daniel Pantschenko,0,0.0,0.0,0.0,0.0,0.0,0.0
2025-26,310709,Daniel Svensson,0,2.0,2.0,33.0,27.0,0.0,0.0
2025-26,277859,Daniel-Kofi Kyereh,0,0.0,0.0,0.0,0.0,0.0,0.0
2025-26,233622,Danilho Doekhi,0,5.0,0.0,34.0,34.0,0.0,0.0
2025-26,154603,Danny da Costa,0,2.0,3.0,34.0,30.0,0.0,0.0
2025-26,387500,Danylo Krevsun,0,0.0,0.0,0.0,0.0,0.0,0.0
2025-26,405585,David Daiber,0,0.0,0.0,2.0,0.0,0.0,0.0
2025-26,418989,David Fürst,0,0.0,0.0,0.0,0.0,0.0,0.0
2025-26,205808,David Kinsombi,0,0.0,0.0,3.0,0.0,0.0,0.0
2025-26,398004,David Mokwa,0,6.0,0.0,17.0,14.0,0.0,0.0
2025-26,283952,David Nemeth,0,0.0,0.0,0.0,0.0,0.0,0.0
2025-26,386438,David Preu,0,0.0,0.0,0.0,0.0,0.0,0.0
2025-26,249548,David Raum,0,3.0,7.0,30.0,29.0,0.0,0.0
2025-26,222793,Dayot Upamecano,0,1.0,1.0,24.0,21.0,0.0,0.0
2025-26,262862,Dejan Ljubicic,0,4.0,3.0,15.0,15.0,0.0,0.0
2025-26,343969,Denis Huseinbasic,0,0.0,0.0,15.0,9.0,0.0,0.0
2025-26,191176,Denis Vavro,0,1.0,0.0,17.0,13.0,0.0,0.0
2025-26,416461,Deniz Ofli,0,0.0,0.0,1.0,0.0,0.0,0.0
2025-26,273300,Deniz Undav,0,19.0,6.0,29.0,25.0,0.0,0.0
2025-26,362585,Dennis Seimen,0,0.0,0.0,34.0,34.0,0.0,0.0
2025-26,263202,Derrick Köhn,0,1.0,2.0,29.0,21.0,0.0,0.0
2025-26,346619,Derry Scherhant,0,5.0,1.0,31.0,12.0,0.0,0.0
2025-26,287713,Diant Ramaj,0,0.0,1.0,31.0,31.0,0.0,0.0
2025-26,223139,Dimitris Giannoulis,0,2.0,5.0,27.0,25.0,0.0,0.0
2025-26,258910,Diogo Leite,0,0.0,0.0,23.0,23.0,0.0,0.0
2025-26,386460,Dmytro Bohdanov,0,0.0,0.0,2.0,0.0,0.0,0.0
2025-26,172997,Dominik Kohr,0,2.0,0.0,29.0,28.0,0.0,0.0
2025-26,167683,Dominique Heintz,0,0.0,0.0,9.0,5.0,0.0,0.0
2025-26,386117,Dylan Leonard,0,0.0,0.0,2.0,0.0,0.0,0.0
2025-26,345905,Dzenan Pejcinovic,0,8.0,0.0,30.0,16.0,0.0,0.0
2025-26,102337,Edin Dzeko,0,6.0,3.0,11.0,6.0,0.0,0.0
2025-26,257287,Edmond Tapsoba,0,5.0,3.0,29.0,29.0,0.0,0.0
2025-26,304740,El Chadaille Bitshiabu,0,0.0,0.0,11.0,8.0,0.0,0.0
2025-26,372788,Elias Baum,0,0.0,0.0,5.0,0.0,0.0,0.0
2025-26,387529,Elias Benkara,0,0.0,0.0,0.0,0.0,0.0,0.0
2025-26,346947,Eliesse Ben Seghir,0,0.0,0.0,10.0,2.0,0.0,0.0
2025-26,209595,Ellyes Skhiri,0,0.0,0.0,25.0,16.0,0.0,0.0
2025-26,259055,Elvis Rexhbecaj,0,2.0,0.0,26.0,10.0,0.0,0.0
2025-26,342164,Emil Gazdov,0,0.0,0.0,0.0,0.0,0.0,0.0
2025-26,332429,Emil Höjlund,0,0.0,0.0,4.0,1.0,0.0,0.0
2025-26,419917,Emmanuel Owen,0,0.0,0.0,0.0,0.0,0.0,0.0
2025-26,159142,Emre Can,0,3.0,0.0,9.0,7.0,0.0,0.0
2025-26,420899,Erblin Osmani,0,0.0,0.0,1.0,0.0,0.0,0.0
2025-26,312112,Eren Dinkci,0,3.0,1.0,22.0,16.0,0.0,0.0
2025-26,290398,Eric Martel,0,2.0,2.0,31.0,30.0,0.0,0.0
2025-26,204115,Eric Smith,0,2.0,2.0,27.0,26.0,0.0,0.0
2025-26,269136,Ermedin Demirovic,0,12.0,3.0,25.0,17.0,0.0,0.0
2025-26,318534,Ernest Poku,0,5.0,5.0,29.0,16.0,0.0,0.0
2025-26,228393,Exequiel Palacios,0,0.0,1.0,18.0,12.0,0.0,0.0
2025-26,330233,Ezechiel Banzuzi,0,0.0,1.0,24.0,2.0,0.0,0.0
2025-26,364080,Ezequiel Fernández,0,0.0,1.0,21.0,13.0,0.0,0.0
2025-26,201123,Fabian Bredlow,0,0.0,0.0,0.0,0.0,0.0,0.0
2025-26,308908,Fabian Rieder,0,6.0,3.0,32.0,28.0,0.0,0.0
2025-26,388392,Fabio Baldé,0,1.0,1.0,16.0,3.0,0.0,0.0
2025-26,323061,Fabio Chiarodia,0,0.0,0.0,15.0,8.0,0.0,0.0
2025-26,307031,Fabio Moreno Fell,0,0.0,0.0,2.0,1.0,0.0,0.0
2025-26,88865,Fabio Vieira,0,7.0,5.0,29.0,25.0,0.0,0.0
2025-26,337306,Farès Chaïbi,0,2.0,9.0,28.0,21.0,0.0,0.0
2025-26,372029,Fayssal Harchaoui,0,0.0,0.0,0.0,0.0,0.0,0.0
2025-26,408344,Felipe Chávez,0,0.0,0.0,9.0,0.0,0.0,0.0
2025-26,358421,Felipe Sanchez,0,0.0,0.0,25.0,7.0,0.0,0.0
2025-26,279961,Felix Agu,0,0.0,0.0,11.0,9.0,0.0,0.0
2025-26,245940,Felix Götze,0,1.0,2.0,30.0,27.0,0.0,0.0
2025-26,340739,Felix Keidel,0,1.0,2.0,25.0,13.0,0.0,0.0
2025-26,400233,Felix Meiser,0,0.0,0.0,0.0,0.0,0.0,0.0
2025-26,281122,Felix Nmecha,0,2.0,3.0,29.0,25.0,0.0,0.0
2025-26,408701,Ferdinand Pohl,0,0.0,0.0,0.0,0.0,0.0,0.0
2025-26,388681,Fernando Dickes,0,0.0,0.0,0.0,0.0,0.0,0.0
2025-26,291738,Filip Bilbija,0,15.0,2.0,29.0,22.0,0.0,0.0
2025-26,420811,Filip Pavic,0,0.0,0.0,0.0,0.0,0.0,0.0
2025-26,387437,Filippo Mané,0,0.0,0.0,4.0,2.0,0.0,0.0
2025-26,306889,Fin Stevens,0,0.0,0.0,1.0,0.0,0.0,0.0
2025-26,228507,Finn Dahmen,0,0.0,0.0,34.0,34.0,0.0,0.0
2025-26,372026,Finn Jeltsch,0,0.0,1.0,23.0,17.0,0.0,0.0
2025-26,221671,Finn Porath,0,1.0,1.0,20.0,6.0,0.0,0.0
2025-26,331057,Fisnik Asllani,0,10.0,7.0,33.0,31.0,0.0,0.0
2025-26,409213,Florian Hellstern,0,0.0,0.0,0.0,0.0,0.0,0.0
2025-26,151464,Florian Kainz,0,1.0,1.0,15.0,2.0,0.0,0.0
2025-26,215035,Florian Le Joncour,0,1.0,0.0,18.0,11.0,0.0,0.0
2025-26,389264,Florian Micheler,0,0.0,0.0,0.0,0.0,0.0,0.0
2025-26,122292,Florian Müller,0,0.0,0.0,0.0,0.0,0.0,0.0
2025-26,238527,Florian Neuhaus,0,0.0,1.0,17.0,11.0,0.0,0.0
2025-26,366362,Florian Pruhs,0,0.0,0.0,0.0,0.0,0.0,0.0
2025-26,404775,Fousseny Doumbia,0,0.0,0.0,0.0,0.0,0.0,0.0
2025-26,196029,Franck Honorat,0,2.0,6.0,28.0,24.0,0.0,0.0
2025-26,334262,Frank Feller,0,0.0,0.0,3.0,3.0,0.0,0.0
2025-26,123772,Frank Lehmann,0,0.0,0.0,0.0,0.0,0.0,0.0
2025-26,165424,Frederik Ronnow,0,0.0,0.0,30.0,30.0,0.0,0.0
2025-26,386454,Frederik Schmahl,0,3.0,1.0,28.0,9.0,0.0,0.0
2025-26,415726,Fritz Fleck,0,0.0,0.0,0.0,0.0,0.0,0.0
2025-26,416417,Fynn Schenten,0,0.0,0.0,7.0,1.0,0.0,0.0
2025-26,291629,Fábio Silva,0,2.0,6.0,28.0,7.0,0.0,0.0
2025-26,306347,Giorgi Gocholeishvili,0,0.0,1.0,24.0,9.0,0.0,0.0
2025-26,290230,Giovanni Reyna,0,1.0,0.0,19.0,4.0,0.0,0.0
2025-26,238544,Gregor Kobel,0,0.0,0.0,34.0,34.0,0.0,0.0
2025-26,218714,Grischa Prömel,0,7.0,2.0,33.0,16.0,0.0,0.0
2025-26,379223,Guido Rovere,0,0.0,0.0,0.0,0.0,0.0,0.0
2025-26,282885,Han-Noah Massengo,0,2.0,1.0,33.0,29.0,0.0,0.0
2025-26,386446,Hannes Hermann,0,0.0,0.0,0.0,0.0,0.0,0.0
2025-26,184869,Haris Tabakovic,0,13.0,2.0,32.0,28.0,0.0,0.0
2025-26,142200,Harry Kane,0,36.0,5.0,31.0,25.0,0.0,0.0
2025-26,246560,Hasan Kurucay,0,4.0,0.0,30.0,28.0,0.0,0.0
2025-26,207317,Hauke Wahl,0,2.0,1.0,30.0,29.0,0.0,0.0
2025-26,399214,Hennes Behrens,0,1.0,2.0,16.0,15.0,0.0,0.0
2025-26,319272,Henning Matriciani,0,0.0,0.0,1.0,0.0,0.0,0.0
2025-26,97111,Hiroki Ito,0,1.0,2.0,16.0,10.0,0.0,0.0
2025-26,330239,Hugo Bolin,0,1.0,1.0,13.0,5.0,0.0,0.0
2025-26,336460,Hugo Larsson,0,2.0,2.0,25.0,21.0,0.0,0.0
2025-26,361212,Ibrahim Maza,0,3.0,4.0,28.0,20.0,0.0,0.0
2025-26,387474,Ifechukwu Ogbus,0,0.0,0.0,18.0,14.0,0.0,0.0
2025-26,310883,Igor Matanovic,0,11.0,2.0,31.0,14.0,0.0,0.0
2025-26,189541,Ihlas Bebou,0,0.0,0.0,16.0,0.0,0.0,0.0
2025-26,366363,Ilyas Ansah,0,5.0,1.0,33.0,23.0,0.0,0.0
2025-26,290412,Immanuel Pherai,0,2.0,0.0,13.0,11.0,0.0,0.0
2025-26,307242,Isaac Schmidt,0,1.0,0.0,19.0,6.0,0.0,0.0
2025-26,317473,Ismaël Gharbi,0,0.0,0.0,6.0,0.0,0.0,0.0
2025-26,99684,Issa Traoré,0,0.0,0.0,0.0,0.0,0.0,0.0
2025-26,178071,Jackson Irvine,0,0.0,1.0,24.0,18.0,0.0,0.0
2025-26,357337,Jahmai Simpson-Pusey,0,0.0,0.0,11.0,10.0,0.0,0.0
2025-26,304933,Jakub Kaminski,0,7.0,3.0,34.0,34.0,0.0,0.0
2025-26,380185,Jakub Zielinski,0,0.0,0.0,0.0,0.0,0.0,0.0
2025-26,303821,Jamal Musiala,0,3.0,4.0,15.0,7.0,0.0,0.0
2025-26,258855,James Sands,0,1.0,0.0,24.0,23.0,0.0,0.0
2025-26,290811,Jamie Leweling,0,7.0,9.0,32.0,26.0,0.0,0.0
2025-26,403548,Jan Bürger,0,0.0,0.0,7.0,2.0,0.0,0.0
2025-26,188031,Jan Gyamerah,0,1.0,3.0,28.0,25.0,0.0,0.0
2025-26,304631,Jan Olschowsky,0,0.0,0.0,0.0,0.0,0.0,0.0
2025-26,291798,Jan Schöppner,0,3.0,3.0,31.0,29.0,0.0,0.0
2025-26,300444,Jan Thielmann,0,3.0,1.0,26.0,20.0,0.0,0.0
2025-26,386420,Jan Urbich,0,0.0,0.0,3.0,0.0,0.0,0.0
2025-26,205916,Janik Bachmann,0,0.0,0.0,23.0,2.0,0.0,0.0
2025-26,170604,Janik Haberer,0,0.0,1.0,28.0,20.0,0.0,0.0
2025-26,161825,Janis Blaswich,0,0.0,0.0,11.0,10.0,0.0,0.0
2025-26,224246,Jannik Huth,0,0.0,0.0,0.0,0.0,0.0,0.0
2025-26,349211,Jannik Robatsch,0,0.0,0.0,0.0,0.0,0.0,0.0
2025-26,409827,Jannis Bärtl,0,0.0,0.0,0.0,0.0,0.0,0.0
2025-26,298524,Jarell Quansah,0,4.0,0.0,28.0,25.0,0.0,0.0
2025-26,372027,Jarzinho Malanga,0,2.0,0.0,23.0,1.0,0.0,0.0
2025-26,206999,Jean-Luc Dompé,0,3.0,0.0,20.0,12.0,0.0,0.0
2025-26,346662,Jean-Mattéo Bahoya,0,3.0,4.0,27.0,15.0,0.0,0.0
2025-26,333927,Jeanuël Belocian,0,0.0,1.0,22.0,17.0,0.0,0.0
2025-26,258909,Jeff Chabot,0,0.0,0.0,27.0,26.0,0.0,0.0
2025-26,140624,Jeffrey Gouweleeuw,0,0.0,1.0,11.0,10.0,0.0,0.0
2025-26,304793,Jens Castrop,0,3.0,1.0,26.0,20.0,0.0,0.0
2025-26,122396,Jens Grahl,0,0.0,0.0,0.0,0.0,0.0,0.0
2025-26,234757,Jens Stage,0,10.0,2.0,29.0,29.0,0.0,0.0
2025-26,310132,Jenson Seelt,0,0.0,0.0,9.0,8.0,0.0,0.0
2025-26,276323,Jeong Woo-Yeong,0,4.0,1.0,28.0,13.0,0.0,0.0
2025-26,411839,Jeremiah Debrah,0,0.0,0.0,0.0,0.0,0.0,0.0
2025-26,403899,Jeremiah Mensah,0,0.0,0.0,0.0,0.0,0.0,0.0
2025-26,367725,Jeremy Arévalo,0,0.0,1.0,7.0,0.0,0.0,0.0
2025-26,278822,Jesper Lindstrom,0,0.0,0.0,13.0,4.0,0.0,0.0
2025-26,415131,Jesper Schlich,0,0.0,0.0,0.0,0.0,0.0,0.0
2025-26,238870,Joakim Maehle,0,1.0,2.0,16.0,14.0,0.0,0.0
2025-26,324820,Jobe Bellingham,0,0.0,1.0,32.0,20.0,0.0,0.0
2025-26,272135,Joe Scally,0,2.0,3.0,32.0,29.0,0.0,0.0
2025-26,297567,Joel Chima Fujita,0,1.0,3.0,32.0,31.0,0.0,0.0
2025-26,306378,Joel Schmied,0,0.0,0.0,16.0,13.0,0.0,0.0
2025-26,310131,Johan Bakayoko,0,2.0,0.0,20.0,8.0,0.0,0.0
2025-26,386992,Johan Manzambi,0,5.0,4.0,27.0,26.0,0.0,0.0
2025-26,408247,Johannes Siebeking,0,0.0,0.0,0.0,0.0,0.0,0.0
2025-26,366828,Jonah Sticker,0,0.0,0.0,22.0,7.0,0.0,0.0
2025-26,341627,Jonas Adjetey,0,0.0,0.0,4.0,1.0,0.0,0.0
2025-26,220815,Jonas Föhrenbach,0,1.0,1.0,27.0,25.0,0.0,0.0
2025-26,174617,Jonas Hofmann,0,2.0,2.0,23.0,11.0,0.0,0.0
2025-26,238418,Jonas Omlin,0,0.0,0.0,0.0,0.0,0.0,0.0
2025-26,323790,Jonas Urbig,0,0.0,0.0,14.0,11.0,0.0,0.0
2025-26,271215,Jonas Wind,0,1.0,0.0,11.0,5.0,0.0,0.0
2025-26,274887,Jonathan Burkardt,0,13.0,1.0,22.0,15.0,0.0,0.0
2025-26,188052,Jonathan Tah,0,2.0,1.0,28.0,23.0,0.0,0.0
2025-26,251061,Jordan Torunarigha,0,0.0,0.0,24.0,21.0,0.0,0.0
2025-26,367558,Jordy Makengo,0,0.0,1.0,20.0,12.0,0.0,0.0
2025-26,266839,Josha Vagnoman,0,1.0,3.0,27.0,18.0,0.0,0.0
2025-26,190161,Joshua Kimmich,0,2.0,8.0,29.0,24.0,0.0,0.0
2025-26,222567,Josip Juranovic,0,1.0,1.0,11.0,3.0,0.0,0.0
2025-26,276329,Josip Stanisic,0,2.0,3.0,26.0,19.0,0.0,0.0
2025-26,364204,Jovan Milosevic,0,3.0,1.0,13.0,5.0,0.0,0.0
2025-26,197628,Julian Brandt,0,7.0,4.0,29.0,17.0,0.0,0.0
2025-26,309487,Julian Malatini,0,0.0,0.0,11.0,5.0,0.0,0.0
2025-26,322555,Julian Niehues,0,3.0,0.0,24.0,17.0,0.0,0.0
2025-26,222991,Julian Ryerson,0,0.0,15.0,31.0,26.0,0.0,0.0
2025-26,340639,Justin Njinmah,0,5.0,0.0,33.0,22.0,0.0,0.0
2025-26,375371,Kacper Potulski,0,1.0,0.0,15.0,9.0,0.0,0.0
2025-26,357030,Kaishu Sano,0,1.0,2.0,34.0,34.0,0.0,0.0
2025-26,259474,Kamil Grabara,0,0.0,0.0,34.0,34.0,0.0,0.0
2025-26,274913,Karim Adeyemi,0,7.0,4.0,28.0,15.0,0.0,0.0
2025-26,224074,Karim Coulibaly,0,1.0,0.0,27.0,24.0,0.0,0.0
2025-26,282646,Karl Hein,0,0.0,0.0,2.0,2.0,0.0,0.0
2025-26,416415,Karl Steinmann,0,0.0,0.0,0.0,0.0,0.0,0.0
2025-26,196297,Karol Mets,0,1.0,0.0,23.0,22.0,0.0,0.0
2025-26,366388,Kasey Bos,0,0.0,0.0,0.0,0.0,0.0,0.0
2025-26,338950,Kauã Santos,0,0.0,0.0,13.0,13.0,0.0,0.0
2025-26,371596,Keita Kosugi,0,0.0,0.0,0.0,0.0,0.0,0.0
2025-26,332325,Keke Topp,0,1.0,1.0,20.0,7.0,0.0,0.0
2025-26,409506,Kelven Frees,0,0.0,0.0,0.0,0.0,0.0,0.0
2025-26,188057,Kenan Karaman,0,14.0,5.0,32.0,31.0,0.0,0.0
2025-26,361085,Kennedy Okpala,0,1.0,0.0,12.0,2.0,0.0,0.0
2025-26,362959,Kento Shiogai,0,1.0,0.0,12.0,2.0,0.0,0.0
2025-26,365649,Kerem Yalcin,0,0.0,0.0,0.0,0.0,0.0,0.0
2025-26,274893,Keven Schlotterbeck,0,0.0,1.0,24.0,22.0,0.0,0.0
2025-26,177652,Kevin Akpoguma,0,0.0,0.0,8.0,1.0,0.0,0.0
2025-26,206863,Kevin Diks,0,5.0,0.0,30.0,28.0,0.0,0.0
2025-26,402464,Kevin Krumme,0,0.0,0.0,0.0,0.0,0.0,0.0
2025-26,149276,Kevin Müller,0,0.0,0.0,4.0,4.0,0.0,0.0
2025-26,183529,Kevin Paredes,0,0.0,0.0,6.0,1.0,0.0,0.0
2025-26,175006,Kevin Stöger,0,1.0,1.0,29.0,15.0,0.0,0.0
2025-26,321247,Kilian Fischer,0,0.0,0.0,11.0,10.0,0.0,0.0
2025-26,157688,Kim Min-Jae,0,1.0,1.0,25.0,19.0,0.0,0.0
2025-26,238025,Koki Machida,0,0.0,0.0,1.0,1.0,0.0,0.0
2025-26,169189,Konrad Laimer,0,3.0,9.0,29.0,22.0,0.0,0.0
2025-26,336104,Konstantinos Koulierakis,0,4.0,1.0,29.0,27.0,0.0,0.0
2025-26,365367,Kosta Nedeljkovic,0,0.0,0.0,5.0,3.0,0.0,0.0
2025-26,328492,Kota Takai,0,0.0,0.0,8.0,3.0,0.0,0.0
2025-26,238929,Kristijan Jakic,0,2.0,1.0,26.0,18.0,0.0,0.0
2025-26,310466,Kristoffer Lund,0,0.0,2.0,33.0,26.0,0.0,0.0
2025-26,253675,Lars Ritzka,0,0.0,0.0,21.0,12.0,0.0,0.0
2025-26,321061,Lasse Günther,0,0.0,7.0,27.0,21.0,0.0,0.0
2025-26,321057,Lasse Rieß,0,0.0,0.0,4.0,3.0,0.0,0.0
2025-26,418044,Lauri Penna,0,0.0,0.0,0.0,0.0,0.0,0.0
2025-26,364593,Laurin Curda,0,7.0,7.0,32.0,32.0,0.0,0.0
2025-26,252323,Lazar Jovanovic,0,0.0,0.0,3.0,0.0,0.0,0.0
2025-26,205972,Leart Paqarada,0,0.0,0.0,1.0,1.0,0.0,0.0
2025-26,134103,Lee Jae-Sung,0,4.0,2.0,28.0,26.0,0.0,0.0
2025-26,267798,Lennard Maloney,0,0.0,0.0,21.0,4.0,0.0,0.0
2025-26,402841,Lennart Karl,0,5.0,5.0,26.0,16.0,0.0,0.0
2025-26,362590,Leon Avdullahu,0,0.0,1.0,33.0,32.0,0.0,0.0
2025-26,174550,Leon Goretzka,0,5.0,3.0,31.0,25.0,0.0,0.0
2025-26,388141,Leon Klanac,0,0.0,0.0,0.0,0.0,0.0,0.0
2025-26,410636,Leonard Prescott,0,0.0,0.0,0.0,0.0,0.0,0.0
2025-26,157560,Leonardo Bittencourt,0,0.0,1.0,17.0,5.0,0.0,0.0
2025-26,285866,Leonidas Stergiou,0,0.0,0.0,6.0,1.0,0.0,0.0
2025-26,330455,Leopold Querfeld,0,3.0,0.0,31.0,30.0,0.0,0.0
2025-26,200079,Leopold Zingerle,0,0.0,0.0,0.0,0.0,0.0,0.0
2025-26,231173,Linton Maina,0,2.0,0.0,24.0,9.0,0.0,0.0
2025-26,421735,Linus Güther,0,0.0,0.0,1.0,0.0,0.0,0.0
2025-26,366823,Livan Burcu,0,1.0,1.0,18.0,6.0,0.0,0.0
2025-26,308461,Lorenz Assignon,0,0.0,0.0,24.0,12.0,0.0,0.0
2025-26,165764,Loris Karius,0,0.0,0.0,30.0,30.0,0.0,0.0
2025-26,376555,Louis Babatz,0,0.0,0.0,0.0,0.0,0.0,0.0
2025-26,410645,Louis Lemke,0,0.0,0.0,1.0,0.0,0.0,0.0
2025-26,364803,Louis Oppie,0,1.0,0.0,23.0,17.0,0.0,0.0
2025-26,399423,Love Arrhov,0,0.0,0.0,5.0,1.0,0.0,0.0
2025-26,237549,Lovro Majer,0,2.0,3.0,28.0,16.0,0.0,0.0
2025-26,300410,Loïc Badé,0,0.0,0.0,23.0,19.0,0.0,0.0
2025-26,399218,Luca Erlein,0,0.0,0.0,0.0,0.0,0.0,0.0
2025-26,332574,Luca Jaquez,0,0.0,1.0,14.0,10.0,0.0,0.0
2025-26,364791,Luca Kerber,0,2.0,0.0,18.0,8.0,0.0,0.0
2025-26,279958,Luca Kilian,0,0.0,0.0,0.0,0.0,0.0,0.0
2025-26,279959,Luca Pfeiffer,0,0.0,0.0,2.0,0.0,0.0,0.0
2025-26,304795,Luca Philipp,0,0.0,0.0,0.0,0.0,0.0,0.0
2025-26,387473,Luca Podlech,0,0.0,0.0,0.0,0.0,0.0,0.0
2025-26,413817,Luca Reggiani,0,1.0,0.0,8.0,6.0,0.0,0.0
2025-26,207335,Luca Schnellbacher,0,3.0,4.0,28.0,7.0,0.0,0.0
2025-26,414334,Luca Vozar,0,0.0,0.0,0.0,0.0,0.0,0.0
2025-26,191352,Luca Waldschmidt,0,5.0,4.0,24.0,7.0,0.0,0.0
2025-26,323079,Lucas Copado,0,1.0,0.0,9.0,4.0,0.0,0.0
2025-26,238525,Lucas Höler,0,3.0,1.0,33.0,25.0,0.0,0.0
2025-26,174967,Lucas Vázquez,0,1.0,2.0,12.0,6.0,0.0,0.0
2025-26,257390,Luis Díaz,0,15.0,14.0,32.0,27.0,0.0,0.0
2025-26,383188,Luis Engelns,0,0.0,0.0,0.0,0.0,0.0,0.0
2025-26,377481,Luis Seifert,0,0.0,0.0,0.0,0.0,0.0,0.0
2025-26,399219,Luka Djuric,0,0.0,0.0,1.0,0.0,0.0,0.0
2025-26,364962,Luka Vuskovic,0,6.0,0.0,28.0,27.0,0.0,0.0
2025-26,341826,Lukas Finn Pinckert,0,0.0,0.0,29.0,28.0,0.0,0.0
2025-26,201803,Lukas Klostermann,0,0.0,1.0,5.0,1.0,0.0,0.0
2025-26,171701,Lukas Kübler,0,2.0,2.0,23.0,19.0,0.0,0.0
2025-26,310692,Lukas Petkov,0,13.0,6.0,34.0,34.0,0.0,0.0
2025-26,346617,Lukas Ullrich,0,0.0,0.0,23.0,14.0,0.0,0.0
2025-26,326499,Lukasz Poreba,0,1.0,3.0,34.0,32.0,0.0,0.0
2025-26,364646,Lúkas Petersson,0,0.0,0.0,0.0,0.0,0.0,0.0
2025-26,277377,Maarten Vandevoordt,0,0.0,0.0,12.0,11.0,0.0,0.0
2025-26,162386,Mads Pedersen,0,0.0,0.0,7.0,1.0,0.0,0.0
2025-26,191098,Mahmoud Dahoud,0,2.0,3.0,15.0,8.0,0.0,0.0
2025-26,384502,Mahmut Kücüksahin,0,0.0,0.0,0.0,0.0,0.0,0.0
2025-26,384155,Malek El Mala,0,0.0,0.0,0.0,0.0,0.0,0.0
2025-26,301416,Malik Tillman,0,6.0,0.0,29.0,18.0,0.0,0.0
2025-26,202696,Manolis Saliakas,0,1.0,3.0,17.0,12.0,0.0,0.0
2025-26,278014,Manuel Feil,0,0.0,0.0,0.0,0.0,0.0,0.0
2025-26,84774,Manuel Neuer,0,0.0,0.0,22.0,22.0,0.0,0.0
2025-26,291207,Marcel Hoffmeier,0,1.0,0.0,4.0,4.0,0.0,0.0
2025-26,173907,Marcel Sabitzer,0,1.0,2.0,26.0,21.0,0.0,0.0
2025-26,232477,Marco Friedl,0,1.0,0.0,30.0,29.0,0.0,0.0
2025-26,305853,Marco Grüll,0,3.0,1.0,33.0,23.0,0.0,0.0
2025-26,143020,Mario Götze,0,0.0,0.0,21.0,8.0,0.0,0.0
2025-26,275797,Marius Bulter,0,5.0,4.0,32.0,18.0,0.0,0.0
2025-26,172005,Marius Müller,0,0.0,0.0,0.0,0.0,0.0,0.0
2025-26,207623,Marius Wolf,0,1.0,1.0,29.0,12.0,0.0,0.0
2025-26,177821,Mark Flekken,0,0.0,0.0,24.0,24.0,0.0,0.0
2025-26,162111,Markus Kolke,0,0.0,0.0,0.0,0.0,0.0,0.0
2025-26,225579,Markus Schubert,0,0.0,0.0,0.0,0.0,0.0,0.0
2025-26,208176,Marnon Busch,0,1.0,5.0,29.0,20.0,0.0,0.0
2025-26,250459,Martijn Kaars,0,3.0,1.0,29.0,14.0,0.0,0.0
2025-26,241662,Martin Terrier,0,4.0,1.0,18.0,7.0,0.0,0.0
2025-26,406373,Marvin Dills,0,0.0,0.0,0.0,0.0,0.0,0.0
2025-26,202642,Marvin Friedrich,0,0.0,0.0,6.0,1.0,0.0,0.0
2025-26,312389,Marvin Pieringer,0,4.0,1.0,27.0,20.0,0.0,0.0
2025-26,205751,Marvin Schwäbe,0,0.0,0.0,34.0,34.0,0.0,0.0
2025-26,394412,Marwin Schmitz,0,0.0,0.0,0.0,0.0,0.0,0.0
2025-26,238706,Matheo Raab,0,0.0,0.0,1.0,1.0,0.0,0.0
2025-26,234457,Mathias Honsak,0,2.0,1.0,27.0,15.0,0.0,0.0
2025-26,233835,Mathias Pereira Lage,0,2.0,2.0,28.0,25.0,0.0,0.0
2025-26,173141,Mathias Rasmussen,0,0.0,0.0,13.0,8.0,0.0,0.0
2025-26,403781,Mathis Albert,0,0.0,0.0,1.0,0.0,0.0,0.0
2025-26,419946,Mats Heitmann,0,0.0,0.0,0.0,0.0,0.0,0.0
2025-26,364892,Mattes Hansen,0,0.0,1.0,29.0,19.0,0.0,0.0
2025-26,170209,Matthias Ginter,0,3.0,4.0,32.0,32.0,0.0,0.0
2025-26,258973,Matthias Köbbing,0,0.0,0.0,0.0,0.0,0.0,0.0
2025-26,220120,Mattias Svanberg,0,3.0,1.0,24.0,8.0,0.0,0.0
2025-26,368003,Max Finkgrafe,0,1.0,1.0,13.0,5.0,0.0,0.0
2025-26,386463,Max Grüger,0,0.0,0.0,4.0,0.0,0.0,0.0
2025-26,372035,Max Moerstedt,0,2.0,0.0,22.0,1.0,0.0,0.0
2025-26,367557,Max Rosenfelder,0,0.0,0.0,12.0,5.0,0.0,0.0
2025-26,238531,Maxim Leitsch,0,0.0,0.0,3.0,2.0,0.0,0.0
2025-26,169037,Maximilian Arnold,0,1.0,4.0,25.0,20.0,0.0,0.0
2025-26,290639,Maximilian Beier,0,9.0,6.0,32.0,24.0,0.0,0.0
2025-26,214203,Maximilian Eggestein,0,3.0,1.0,34.0,34.0,0.0,0.0
2025-26,376559,Maximilian Herwerth,0,0.0,0.0,0.0,0.0,0.0,0.0
2025-26,216225,Maximilian Mittelstädt,0,6.0,4.0,32.0,24.0,0.0,0.0
2025-26,202802,Maximilian Philipp,0,0.0,0.0,2.0,0.0,0.0,0.0
2025-26,190167,Maximilian Rohr,0,3.0,2.0,31.0,29.0,0.0,0.0
2025-26,231674,Maximilian Wöber,0,0.0,0.0,2.0,0.0,0.0,0.0
2025-26,417373,Maycon Cardozo,0,0.0,0.0,2.0,0.0,0.0,0.0
2025-26,403400,Mert Can Ayhan,0,0.0,0.0,27.0,20.0,0.0,0.0
2025-26,359207,Mert Kömür,0,2.0,4.0,28.0,17.0,0.0,0.0
2025-26,146804,Michael Gregoritsch,0,6.0,2.0,17.0,11.0,0.0,0.0
2025-26,286831,Michael Olise,0,15.0,19.0,32.0,23.0,0.0,0.0
2025-26,184550,Michael Zetterer,0,0.0,0.0,22.0,21.0,0.0,0.0
2025-26,156479,Michy Batshuayi,0,1.0,0.0,6.0,1.0,0.0,0.0
2025-26,399865,Mick Schmetgens,0,0.0,0.0,2.0,0.0,0.0,0.0
2025-26,367926,Mika Baur,0,4.0,5.0,33.0,32.0,0.0,0.0
2025-26,414521,Mika Khadr,0,0.0,0.0,0.0,0.0,0.0,0.0
2025-26,413577,Mika Wallentowitz,0,0.0,1.0,13.0,7.0,0.0,0.0
2025-26,277107,Mikkel Kaufmann,0,1.0,1.0,16.0,6.0,0.0,0.0
2025-26,338852,Mio Backhaus,0,0.0,0.0,32.0,32.0,0.0,0.0
2025-26,243626,Miro Muheim,0,0.0,4.0,29.0,27.0,0.0,0.0
2025-26,408285,Mirza Catovic,0,0.0,0.0,0.0,0.0,0.0,0.0
2025-26,159139,Mitchell Weiser,0,0.0,0.0,0.0,0.0,0.0,0.0
2025-26,315384,Mohamed Amoura,0,8.0,3.0,30.0,23.0,0.0,0.0
2025-26,386464,Mohammad Mahmoud,0,0.0,0.0,0.0,0.0,0.0,0.0
2025-26,408703,Montrell Culbreath,0,1.0,0.0,12.0,9.0,0.0,0.0
2025-26,264245,Moritz Jenz,0,1.0,0.0,22.0,20.0,0.0,0.0
2025-26,238536,Moritz Nicolas,0,0.0,0.0,34.0,34.0,0.0,0.0
2025-26,40791,Moussa Sylla,0,7.0,2.0,30.0,25.0,0.0,0.0
2025-26,346928,Muhammed Damar,0,0.0,0.0,15.0,2.0,0.0,0.0
2025-26,403933,Mussa Kaba,0,0.0,0.0,0.0,0.0,0.0,0.0
2025-26,349838,N'Diaye Moussa,0,0.0,2.0,14.0,13.0,0.0,0.0
2025-26,415130,Naba Mensah,0,0.0,0.0,0.0,0.0,0.0,0.0
2025-26,210818,Nadiem Amiri,0,12.0,2.0,26.0,24.0,0.0,0.0
2025-26,282676,Nathan N'Goumou,0,0.0,0.0,0.0,0.0,0.0,0.0
2025-26,263134,Nathan Tella,0,1.0,4.0,17.0,10.0,0.0,0.0
2025-26,120829,Nathaniel Brown,0,4.0,4.0,33.0,29.0,0.0,0.0
2025-26,322693,Nediljko Labrovic,0,0.0,0.0,0.0,0.0,0.0,0.0
2025-26,351280,Nelson Weiper,0,0.0,0.0,24.0,3.0,0.0,0.0
2025-26,275987,Nicholas Mickelson,0,1.0,2.0,25.0,9.0,0.0,0.0
2025-26,304766,Nick Batzner,0,2.0,1.0,30.0,12.0,0.0,0.0
2025-26,406370,Nick Rothweiler,0,0.0,0.0,0.0,0.0,0.0,0.0
2025-26,409375,Nick Schmidt,0,0.0,0.0,0.0,0.0,0.0,0.0
2025-26,212237,Nico Elvedi,0,0.0,2.0,33.0,33.0,0.0,0.0
2025-26,286828,Nico Schlotterbeck,0,5.0,1.0,28.0,28.0,0.0,0.0
2025-26,321226,Nicolai Remberg,0,0.0,2.0,32.0,32.0,0.0,0.0
2025-26,149570,Nicolas Höfler,0,0.0,0.0,13.0,2.0,0.0,0.0
2025-26,308524,Nicolas Jackson,0,8.0,1.0,23.0,12.0,0.0,0.0
2025-26,324021,Nicolas Kristof,0,0.0,0.0,34.0,34.0,0.0,0.0
2025-26,305956,Nicolas Seiwald,0,0.0,2.0,33.0,31.0,0.0,0.0
2025-26,284835,Nicolás Capaldo,0,1.0,3.0,26.0,24.0,0.0,0.0
2025-26,231190,Niklas Beste,0,2.0,2.0,28.0,20.0,0.0,0.0
2025-26,225567,Niklas Dorsch,0,0.0,1.0,32.0,27.0,0.0,0.0
2025-26,175069,Niklas Lomb,0,0.0,0.0,0.0,0.0,0.0,0.0
2025-26,409108,Niklas Mohr,0,0.0,0.0,2.0,0.0,0.0,0.0
2025-26,186026,Niklas Stark,0,0.0,0.0,14.0,9.0,0.0,0.0
2025-26,397566,Niklas Swider,0,0.0,0.0,0.0,0.0,0.0,0.0
2025-26,186263,Niklas Süle,0,0.0,1.0,11.0,7.0,0.0,0.0
2025-26,220538,Nikola Katic,0,1.0,1.0,26.0,25.0,0.0,0.0
2025-26,79941,Nikola Vasilj,0,0.0,0.0,34.0,34.0,0.0,0.0
2025-26,259878,Nikolas Nartey,0,4.0,3.0,28.0,14.0,0.0,0.0
2025-26,334198,Nikolas Veratschnig,0,0.0,1.0,21.0,6.0,0.0,0.0
2025-26,305556,Nnamdi Collins,0,1.0,2.0,23.0,16.0,0.0,0.0
2025-26,321064,Noah Atubolu,0,0.0,0.0,34.0,34.0,0.0,0.0
2025-26,372032,Noah Darvich,0,0.0,0.0,0.0,0.0,0.0,0.0
2025-26,283729,Noah Katterbach,0,0.0,0.0,0.0,0.0,0.0,0.0
2025-26,376514,Noahkai Banks,0,1.0,1.0,23.0,20.0,0.0,0.0
2025-26,138213,Oliver Baumann,0,0.0,0.0,34.0,34.0,0.0,0.0
2025-26,212478,Oliver Burke,0,6.0,2.0,29.0,21.0,0.0,0.0
2025-26,170193,Oliver Sorg,0,0.0,0.0,0.0,0.0,0.0,0.0
2025-26,282388,Olivier Deman,0,1.0,2.0,16.0,14.0,0.0,0.0
2025-26,346567,Omar Megeed,0,0.0,0.0,0.0,0.0,0.0,0.0
2025-26,291914,Omar-Haktab Traoré,0,0.0,2.0,26.0,16.0,0.0,0.0
2025-26,365997,Oscar Højlund,0,1.0,1.0,24.0,12.0,0.0,0.0
2025-26,376056,Otto Stange,0,0.0,0.0,10.0,2.0,0.0,0.0
2025-26,266565,Ozan Kabak,0,4.0,0.0,25.0,18.0,0.0,0.0
2025-26,223266,Pascal Stenzel,0,0.0,0.0,2.0,2.0,0.0,0.0
2025-26,398005,Patrice Covic,0,1.0,0.0,15.0,2.0,0.0,0.0
2025-26,174521,Patrick Drewes,0,0.0,0.0,0.0,0.0,0.0,0.0
2025-26,184075,Patrick Mainka,0,2.0,2.0,34.0,34.0,0.0,0.0
2025-26,291203,Patrick Osterhage,0,1.0,0.0,20.0,13.0,0.0,0.0
2025-26,300095,Patrick Wimmer,0,4.0,3.0,25.0,21.0,0.0,0.0
2025-26,212330,Patrik Schick,0,16.0,3.0,28.0,23.0,0.0,0.0
2025-26,307282,Paul Nebel,0,5.0,2.0,30.0,24.0,0.0,0.0
2025-26,376846,Paul Pöpperl,0,0.0,0.0,3.0,1.0,0.0,0.0
2025-26,321257,Paul Tschernuth,0,0.0,0.0,0.0,0.0,0.0,0.0
2025-26,149841,Pavao Pervan,0,0.0,0.0,0.0,0.0,0.0,0.0
2025-26,386462,Peter Remmert,0,0.0,1.0,3.0,2.0,0.0,0.0
2025-26,414502,Pharell Hensel,0,0.0,0.0,5.0,1.0,0.0,0.0
2025-26,289745,Philip Otele,0,1.0,1.0,9.0,7.0,0.0,0.0
2025-26,219316,Philipp Lienhart,0,1.0,0.0,20.0,14.0,0.0,0.0
2025-26,275805,Philipp Sander,0,2.0,0.0,30.0,29.0,0.0,0.0
2025-26,364596,Philipp Treu,0,1.0,2.0,28.0,24.0,0.0,0.0
2025-26,234376,Phillip Tietz,0,6.0,3.0,29.0,19.0,0.0,0.0
2025-26,239574,Phillipp Mwene,0,1.0,2.0,29.0,24.0,0.0,0.0
2025-26,119620,Péter Gulácsi,0,0.0,0.0,23.0,23.0,0.0,0.0
2025-26,255355,Ragnar Ache,0,7.0,4.0,29.0,18.0,0.0,0.0
2025-26,417336,Raif Adam,0,1.0,0.0,10.0,0.0,0.0,0.0
2025-26,289322,Ramon Hendriks,0,0.0,3.0,31.0,22.0,0.0,0.0
2025-26,220703,Ramy Bensebaini,0,5.0,2.0,21.0,15.0,0.0,0.0
2025-26,159152,Rani Khedira,0,5.0,1.0,32.0,32.0,0.0,0.0
2025-26,300961,Ransford-Yeboah Königsdörffer,0,5.0,0.0,33.0,29.0,0.0,0.0
2025-26,251639,Raphael Obermair,0,2.0,7.0,28.0,28.0,0.0,0.0
2025-26,176228,Raphaël Guerreiro,0,5.0,2.0,18.0,8.0,0.0,0.0
2025-26,234787,Rasmus Kristensen,0,2.0,0.0,22.0,19.0,0.0,0.0
2025-26,306161,Rav van den Berg,0,0.0,1.0,14.0,12.0,0.0,0.0
2025-26,291849,Rayan Philippe,0,5.0,0.0,28.0,13.0,0.0,0.0
2025-26,294291,Ricky-Jade Jones,0,2.0,0.0,9.0,3.0,0.0,0.0
2025-26,258963,Ridle Baku,0,2.0,3.0,32.0,28.0,0.0,0.0
2025-26,219627,Ritsu Doan,0,5.0,5.0,31.0,28.0,0.0,0.0
2025-26,180998,Robert Andrich,0,2.0,0.0,32.0,29.0,0.0,0.0
2025-26,246846,Robert Glatzel,0,3.0,2.0,19.0,7.0,0.0,0.0
2025-26,218596,Robert Skov,0,0.0,0.0,3.0,3.0,0.0,0.0
2025-26,306928,Robin Fellhauer,0,3.0,2.0,34.0,31.0,0.0,0.0
2025-26,258876,Robin Hack,0,1.0,0.0,8.0,3.0,0.0,0.0
2025-26,322510,Robin Hranác,0,1.0,0.0,29.0,26.0,0.0,0.0
2025-26,208285,Robin Koch,0,3.0,1.0,32.0,32.0,0.0,0.0
2025-26,206114,Robin Zentner,0,0.0,0.0,10.0,10.0,0.0,0.0
2025-26,307364,Rocco Reitz,0,0.0,4.0,31.0,31.0,0.0,0.0
2025-26,332689,Rodrigo Ribeiro,0,2.0,0.0,14.0,6.0,0.0,0.0
2025-26,228397,Rogério,0,0.0,0.0,0.0,0.0,0.0,0.0
2025-26,238296,Romano Schmid,0,4.0,8.0,34.0,34.0,0.0,0.0
2025-26,397578,Romeo Aigbekaen,0,0.0,0.0,0.0,0.0,0.0,0.0
2025-26,253816,Ron Schallenberg,0,0.0,1.0,33.0,33.0,0.0,0.0
2025-26,121007,Ron-Robert Zieler,0,0.0,0.0,0.0,0.0,0.0,0.0
2025-26,419274,Rouven Tarnutzer,0,0.0,0.0,1.0,0.0,0.0,0.0
2025-26,406466,Ruben Müller,0,0.0,2.0,22.0,13.0,0.0,0.0
2025-26,324766,Rômulo,0,9.0,4.0,30.0,27.0,0.0,0.0
2025-26,380795,Said El Mala,0,13.0,4.0,34.0,20.0,0.0,0.0
2025-26,225563,Salih Özcan,0,0.0,0.0,11.0,0.0,0.0,0.0
2025-26,407196,Salim Musah,0,1.0,0.0,8.0,2.0,0.0,0.0
2025-26,413839,Samba Konate,0,0.0,0.0,1.0,0.0,0.0,0.0
2025-26,355997,Samuel Mbangula,0,3.0,2.0,26.0,12.0,0.0,0.0
2025-26,403833,Samuele Inácio,0,1.0,0.0,7.0,4.0,0.0,0.0
2025-26,304258,Sander Tangvik,0,0.0,0.0,1.0,1.0,0.0,0.0
2025-26,387845,Sani Suleiman,0,0.0,0.0,0.0,0.0,0.0,0.0
2025-26,338837,Santiago Castaneda,0,0.0,0.0,31.0,27.0,0.0,0.0
2025-26,331084,Saël Kumbedi,0,0.0,5.0,24.0,20.0,0.0,0.0
2025-26,267513,Sebastian Klaas,0,5.0,3.0,26.0,17.0,0.0,0.0
2025-26,302981,Sebastian Sebulonsen,0,0.0,0.0,31.0,28.0,0.0,0.0
2025-26,270389,Senne Lynen,0,0.0,0.0,31.0,31.0,0.0,0.0
2025-26,178980,Serge Gnabry,0,8.0,6.0,21.0,16.0,0.0,0.0
2025-26,186381,Serhou Guirassy,0,17.0,1.0,33.0,27.0,0.0,0.0
2025-26,415376,Shafiq Nandja,0,0.0,0.0,2.0,0.0,0.0,0.0
2025-26,195027,Sheraldo Becker,0,3.0,3.0,14.0,11.0,0.0,0.0
2025-26,271352,Shuto Machino,0,3.0,1.0,32.0,9.0,0.0,0.0
2025-26,279282,Silas Katompa-Mvumpa,0,1.0,0.0,8.0,4.0,0.0,0.0
2025-26,331297,Silas Ostrzinski,0,0.0,0.0,0.0,0.0,0.0,0.0
2025-26,175905,Silvan Widmer,0,2.0,1.0,27.0,22.0,0.0,0.0
2025-26,386896,Simon Spari,0,0.0,0.0,0.0,0.0,0.0,0.0
2025-26,307508,Sirlord Conteh,0,2.0,1.0,15.0,3.0,0.0,0.0
2025-26,333646,Sota Kawasaki,0,0.0,0.0,10.0,3.0,0.0,0.0
2025-26,318343,Soufian El-Faouzi,0,2.0,5.0,34.0,34.0,0.0,0.0
2025-26,268808,Stanley N'Soki,0,1.0,2.0,13.0,10.0,0.0,0.0
2025-26,144620,Stefan Bell,0,2.0,1.0,18.0,13.0,0.0,0.0
2025-26,301319,Stefan Drljaca,0,0.0,0.0,0.0,0.0,0.0,0.0
2025-26,238906,Stefan Posch,0,0.0,0.0,16.0,16.0,0.0,0.0
2025-26,261221,Stefan Schimmer,0,5.0,1.0,27.0,3.0,0.0,0.0
2025-26,385354,Stefan Smarkalev,0,0.0,0.0,0.0,0.0,0.0,0.0
2025-26,332543,Stefano Marino,0,6.0,1.0,27.0,14.0,0.0,0.0
2025-26,231764,Steffen Tigges,0,6.0,3.0,31.0,14.0,0.0,0.0
2025-26,197796,Sven Michel,0,3.0,0.0,27.0,6.0,0.0,0.0
2025-26,113733,Sven Ulreich,0,0.0,0.0,1.0,1.0,0.0,0.0
2025-26,271135,Taichi Hara,0,0.0,0.0,4.0,0.0,0.0,0.0
2025-26,345393,Thomas Kastanaras,0,0.0,0.0,0.0,0.0,0.0,0.0
2025-26,344654,Tiago Pereira,0,0.0,0.0,0.0,0.0,0.0,0.0
2025-26,304019,Tiago Tomás,0,5.0,3.0,27.0,10.0,0.0,0.0
2025-26,366911,Tidiam Gomis,0,1.0,0.0,18.0,2.0,0.0,0.0
2025-26,402997,Tidiane Touré,0,0.0,0.0,0.0,0.0,0.0,0.0
2025-26,389628,Till Neininger,0,0.0,0.0,0.0,0.0,0.0,0.0
2025-26,275817,Tim Boss,0,0.0,0.0,0.0,0.0,0.0,0.0
2025-26,185906,Tim Kleindienst,0,0.0,0.0,3.0,0.0,0.0,0.0
2025-26,303792,Tim Lemperle,0,8.0,2.0,29.0,24.0,0.0,0.0
2025-26,346376,Tim Oermann,0,0.0,0.0,2.0,0.0,0.0,0.0
2025-26,416416,Tim Schnitzer,0,0.0,0.0,1.0,0.0,0.0,0.0
2025-26,290208,Tim Siersleben,0,0.0,0.0,15.0,12.0,0.0,0.0
2025-26,220796,Tim Skarke,0,1.0,1.0,22.0,4.0,0.0,0.0
2025-26,359377,Tim-Justin Dietrich,0,0.0,0.0,1.0,0.0,0.0,0.0
2025-26,169481,Timo Becker,0,0.0,1.0,26.0,24.0,0.0,0.0
2025-26,238520,Timo Hübers,0,0.0,0.0,8.0,8.0,0.0,0.0
2025-26,128521,Timothy Chandler,0,0.0,0.0,1.0,0.0,0.0,0.0
2025-26,371806,Tjark Scheller,0,2.0,0.0,32.0,31.0,0.0,0.0
2025-26,122273,Tobias Sippel,0,0.0,0.0,0.0,0.0,0.0,0.0
2025-26,411445,Tobias Weigel,0,0.0,0.0,1.0,0.0,0.0,0.0
2025-26,324660,Tom Bischof,0,3.0,3.0,26.0,14.0,0.0,0.0
2025-26,283683,Tom Krauss,0,0.0,2.0,27.0,20.0,0.0,0.0
2025-26,324269,Tom Rothe,0,2.0,0.0,21.0,10.0,0.0,0.0
2025-26,422096,Tom Wisbereit,0,0.0,0.0,0.0,0.0,0.0,0.0
2025-26,364790,Tom Zimmerschied,0,4.0,9.0,34.0,34.0,0.0,0.0
2025-26,399042,Tomoya Ando,0,0.0,1.0,15.0,14.0,0.0,0.0
2025-26,164919,Tomás Kalas,0,0.0,0.0,0.0,0.0,0.0,0.0
2025-26,388614,Trevor Benedict,0,0.0,0.0,0.0,0.0,0.0,0.0
2025-26,406851,Uchenna Ogundu,0,0.0,0.0,5.0,0.0,0.0,0.0
2025-26,277301,Valentin Gendrey,0,1.0,1.0,8.0,0.0,0.0,0.0
2025-26,418789,Valentin Lässig,0,0.0,0.0,0.0,0.0,0.0,0.0
2025-26,287276,Victor Boniface,0,0.0,2.0,11.0,2.0,0.0,0.0
2025-26,388683,Viggo Gebel,0,0.0,0.0,0.0,0.0,0.0,0.0
2025-26,388224,Vincent Manuba,0,0.0,0.0,0.0,0.0,0.0,0.0
2025-26,179571,Vincenzo Grifo,0,7.0,4.0,33.0,21.0,0.0,0.0
2025-26,257039,Vinicius Souza,0,0.0,0.0,24.0,22.0,0.0,0.0
2025-26,386465,Vitalie Becker,0,2.0,1.0,21.0,18.0,0.0,0.0
2025-26,191209,Vladimír Coufal,0,1.0,8.0,34.0,34.0,0.0,0.0
2025-26,408539,Wael Mohya,0,2.0,1.0,15.0,6.0,0.0,0.0
2025-26,220714,Waldemar Anton,0,2.0,0.0,32.0,32.0,0.0,0.0
2025-26,309840,Warmed Omari,0,0.0,1.0,20.0,17.0,0.0,0.0
2025-26,394499,Wesley Adeh,0,0.0,0.0,0.0,0.0,0.0,0.0
2025-26,162162,Willi Orbán,0,2.0,0.0,33.0,33.0,0.0,0.0
2025-26,303116,William Bøving,0,0.0,1.0,9.0,2.0,0.0,0.0
2025-26,313897,William Mikelbrencis,0,0.0,4.0,26.0,15.0,0.0,0.0
2025-26,399864,Wisdom Mike,0,0.0,0.0,4.0,0.0,0.0,0.0
2025-26,274860,Wouter Burger,0,4.0,5.0,30.0,30.0,0.0,0.0
2025-26,238886,Xaver Schlager,0,3.0,1.0,26.0,21.0,0.0,0.0
2025-26,297084,Yan Couto,0,2.0,2.0,19.0,11.0,0.0,0.0
2025-26,402479,Yan Diomande,0,12.0,8.0,33.0,28.0,0.0,0.0
2025-26,403741,Yanik Spalt,0,0.0,0.0,0.0,0.0,0.0,0.0
2025-26,357092,Yannick Eduardo,0,0.0,0.0,1.0,0.0,0.0,0.0
2025-26,337079,Yannick Engelhardt,0,2.0,2.0,31.0,29.0,0.0,0.0
2025-26,189529,Yannick Gerhardt,0,1.0,0.0,19.0,12.0,0.0,0.0
2025-26,266657,Yannik Keitel,0,0.0,0.0,6.0,2.0,0.0,0.0
2025-26,408999,Yannik Wagner,0,0.0,0.0,4.0,0.0,0.0,0.0
2025-26,359793,Younes Ebnoutalib,0,1.0,0.0,5.0,2.0,0.0,0.0
2025-26,417605,Youssoupha Niang,0,0.0,0.0,10.0,2.0,0.0,0.0
2025-26,303031,Yuito Suzuki,0,4.0,2.0,25.0,18.0,0.0,0.0
2025-26,265965,Yukinari Sugawara,0,0.0,6.0,31.0,29.0,0.0,0.0
2025-26,182245,Yussuf Poulsen,0,1.0,0.0,15.0,1.0,0.0,0.0
2025-26,400329,Zaid Amoussou-Tchibara,0,0.0,0.0,1.0,0.0,0.0,0.0
2025-26,286815,Ísak Jóhannesson,0,1.0,2.0,31.0,21.0,0.0,0.0
