team,player_code,player_name,position,photo_url,roster_source,portrait_source
AC Milan,362411,David Odogu,Defender,,2026/27 roster feed,Unavailable
AC Milan,345637,Davide Bartesaghi,Defender,,2026/27 roster feed,Unavailable
AC Milan,236210,Fikayo Tomori,Defender,https://commons.wikimedia.org/wiki/Special:FilePath/FC%20Salzburg%20vs.%20AC%20Mailand%20%28UEFA%20Championsleague%202022-09-06%29%2042.jpg,2026/27 roster feed,Wikimedia Commons
AC Milan,303919,Filippo Terracciano,Defender,,2026/27 roster feed,Unavailable
AC Milan,309570,Koni De Winter,Defender,https://commons.wikimedia.org/wiki/Special:FilePath/Koni%20De%20Winter%20USMNT%20v%20Belgium%20Mar%2028%202026-36%20%28cropped%29.jpg,2026/27 roster feed,Wikimedia Commons
AC Milan,324097,Mario Gila,Defender,https://commons.wikimedia.org/wiki/Special:FilePath/CFR%20Cluj%20-%20Lazio%200-0%20%2852708190375%29%20%28Mario%20Gila%29.png,2026/27 roster feed,Wikimedia Commons
AC Milan,255922,Matteo Gabbia,Defender,https://commons.wikimedia.org/wiki/Special:FilePath/Matteo%20Gabbia.jpg,2026/27 roster feed,Wikimedia Commons
AC Milan,214689,Pervis Estupiñán,Defender,https://commons.wikimedia.org/wiki/Special:FilePath/Pervis%20Estupinan%20Cote%20D%27Ivoire%20v%20Ecuador%2014%20June%202026-73.jpg,2026/27 roster feed,Wikimedia Commons
AC Milan,290375,Strahinja Pavlovic,Defender,,2026/27 roster feed,Unavailable
AC Milan,409491,Valeri Vladimirov,Defender,,2026/27 roster feed,Unavailable
AC Milan,370758,Zachary Athekame,Defender,,2026/27 roster feed,Unavailable
AC Milan,414376,Alex Castiello,Forward,,2025/26 squad carryover,Unavailable
AC Milan,271132,Alexis Saelemaekers,Forward,https://upload.wikimedia.org/wikipedia/commons/thumb/7/74/Alexis_Saelemaekers_USMNT_v_Belgium_Mar_28_2026-13_%28cropped%29.jpg/250px-Alexis_Saelemaekers_USMNT_v_Belgium_Mar_28_2026-13_%28cropped%29.jpg,2026/27 roster feed,Wikimedia Commons
AC Milan,382572,Andrej Kostic,Forward,,2026/27 roster feed,Unavailable
AC Milan,420158,Aurelien Gurnier,Forward,,2026/27 roster feed,Unavailable
AC Milan,408850,Cheveyo Muy,Forward,,2025/26 squad carryover,Unavailable
AC Milan,222176,Christopher Nkunku,Forward,https://upload.wikimedia.org/wikipedia/commons/thumb/9/98/2022-07-30_Fu%C3%9Fball%2C_M%C3%A4nner%2C_DFL-Supercup%2C_RB_Leipzig_-_FC_Bayern_M%C3%BCnchen_1DX_3321_by_Stepro_%28cropped%29.jpg/250px-2022-07-30_Fu%C3%9Fball%2C_M%C3%A4nner%2C_DFL-Supercup%2C_RB_Leipzig_-_FC_Bayern_M%C3%BCnchen_1DX_3321_by_Stepro_%28cropped%29.jpg,2026/27 roster feed,Wikimedia Commons
AC Milan,414987,Emanuele Borsani,Forward,,2026/27 roster feed,Unavailable
AC Milan,377563,Francesco Camarda,Forward,,2026/27 roster feed,Unavailable
AC Milan,288896,Gonçalo Ramos,Forward,https://upload.wikimedia.org/wikipedia/commons/thumb/c/ce/Gon%C3%A7alo_Ramos_USMNT_v_Portugal_Mar_31_2026-32_%28cropped%29.jpg/250px-Gon%C3%A7alo_Ramos_USMNT_v_Portugal_Mar_31_2026-32_%28cropped%29.jpg,2026/27 roster feed,Wikimedia Commons
AC Milan,170257,Niclas Füllkrug,Forward,https://commons.wikimedia.org/wiki/Special:FilePath/NiclasF%C3%BCllkrug%20%28cropped%29.jpg,2025/26 squad carryover,Wikimedia Commons
AC Milan,258917,Rafael Leão,Forward,https://commons.wikimedia.org/wiki/Special:FilePath/RafaelLe%C3%A3oPortugal23.jpg,2026/27 roster feed,Wikimedia Commons
AC Milan,228298,Samuel Chukwueze,Forward,https://commons.wikimedia.org/wiki/Special:FilePath/Samu%20Chukwueze.jpg,2026/27 roster feed,Wikimedia Commons
AC Milan,260775,Santiago Gimenez,Forward,,2026/27 roster feed,Unavailable
AC Milan,384305,Lorenzo Torriani,Goalkeeper,,2026/27 roster feed,Unavailable
AC Milan,403839,Léo-Paul Bouyer,Goalkeeper,,2026/27 roster feed,Unavailable
AC Milan,407906,Matteo Pittarella,Goalkeeper,,2026/27 roster feed,Unavailable
AC Milan,189026,Mike Maignan,Goalkeeper,https://commons.wikimedia.org/wiki/Special:FilePath/Mike%20Maignan%20France%20v%20Norway%2026%20June%2026-132%20%28cropped%29.jpg,2026/27 roster feed,Wikimedia Commons
AC Milan,143100,Pietro Terracciano,Goalkeeper,https://commons.wikimedia.org/wiki/Special:FilePath/Pietro%20Terracciano.jpg,2026/27 roster feed,Wikimedia Commons
AC Milan,176203,Adrien Rabiot,Midfielder,https://commons.wikimedia.org/wiki/Special:FilePath/Adrien%20Rabiot%20France%20v%20Senegal%2016%20June%202026-371%20%28cropped%29.jpg,2026/27 roster feed,Wikimedia Commons
AC Milan,359754,Alphadjo Cissè,Midfielder,,2026/27 roster feed,Unavailable
AC Milan,303973,Ardon Jashari,Midfielder,https://commons.wikimedia.org/wiki/Special:FilePath/Ardon%20Jashari.jpg,2026/27 roster feed,Wikimedia Commons
AC Milan,403807,Christian Comotto,Midfielder,,2026/27 roster feed,Unavailable
AC Milan,225607,Christian Pulisic,Midfielder,https://commons.wikimedia.org/wiki/Special:FilePath/Christian%20Pulisic%20USMNT%20v%20Belgium%20Mar%2028%202026-73%20%28cropped%29.jpg,2026/27 roster feed,Wikimedia Commons
AC Milan,408761,Emanuele Sala,Midfielder,,2025/26 squad carryover,Unavailable
AC Milan,214891,Ismaël Bennacer,Midfielder,https://commons.wikimedia.org/wiki/Special:FilePath/BennacerLeB2022.jpg,2026/27 roster feed,Wikimedia Commons
AC Milan,388367,Jacopo Sardo,Midfielder,,2026/27 roster feed,Unavailable
AC Milan,365837,Kevin Zeroli,Midfielder,https://upload.wikimedia.org/wikipedia/commons/3/37/Kevin_Zeroli_before_Inter_Monza_%282025%29.png,2026/27 roster feed,Wikimedia Commons
AC Milan,3110063,Lorenzo Ossola,Midfielder,,2026/27 roster feed,Unavailable
AC Milan,76762,Luka Modric,Midfielder,,2026/27 roster feed,Unavailable
AC Milan,186505,Ruben Loftus-Cheek,Midfielder,https://commons.wikimedia.org/wiki/Special:FilePath/Ruben%20Loftus-Cheek%202018-06-13%201.jpg,2026/27 roster feed,Wikimedia Commons
AC Milan,276822,Samuele Ricci,Midfielder,https://commons.wikimedia.org/wiki/Special:FilePath/Lens%20-%20Torino%20FC%20%2802-08-2023%29%2035%20%28cropped%29.jpg,2026/27 roster feed,Wikimedia Commons
AC Milan,335207,Silvano Vos,Midfielder,,2026/27 roster feed,Unavailable
AC Milan,305672,Warren Bondo,Midfielder,,2026/27 roster feed,Unavailable
AC Milan,277307,Youssouf Fofana,Midfielder,https://commons.wikimedia.org/wiki/Special:FilePath/Youssouf%20Fofana%20%28footballer%2C%20born%201999%29%20%28cropped%29.jpg,2026/27 roster feed,Wikimedia Commons
AC Milan,307527,Yunus Musah,Midfielder,https://commons.wikimedia.org/wiki/Special:FilePath/2022%20FIFA%20World%20Cup%20United%20States%201%E2%80%931%20Wales%20-%20%2813%29%20%28cropped%29.jpg,2026/27 roster feed,Wikimedia Commons
AS Roma,297296,Anass Salah-Eddine,Defender,https://commons.wikimedia.org/wiki/Special:FilePath/Anass%20Salah-Eddine%20against%20Paraguay%20%28cropped%29.jpg,2026/27 roster feed,Wikimedia Commons
AS Roma,214319,Angeliño,Defender,https://commons.wikimedia.org/wiki/Special:FilePath/2020-03-10%20Fu%C3%9Fball%2C%20M%C3%A4nner%2C%20UEFA%20Champions%20League%20Achtelfinale%2C%20RB%20Leipzig%20-%20Tottenham%20Hotspur%201DX%203678%20by%20Stepro.jpg,2026/27 roster feed,Wikimedia Commons
AS Roma,340705,Daniele Ghilardi,Defender,https://commons.wikimedia.org/wiki/Special:FilePath/Ghilardi%20ASRoma%20%28cropped%29.jpeg,2026/27 roster feed,Wikimedia Commons
AS Roma,297300,Devyne Rensch,Defender,https://commons.wikimedia.org/wiki/Special:FilePath/Devyne%20Rensch%20GAE%20-%20Ajax%20%2853464925551%29.jpg,2026/27 roster feed,Wikimedia Commons
AS Roma,409371,Emanuele Lulli,Defender,,2026/27 roster feed,Unavailable
AS Roma,242593,Evan Ndicka,Defender,https://commons.wikimedia.org/wiki/Special:FilePath/Evan%20Ndicka%20Cote%20D%27Ivoire%20v%20Ecuador%2014%20June%202026-59.jpg,2026/27 roster feed,Wikimedia Commons
AS Roma,387842,Federico Nardin,Defender,,2026/27 roster feed,Unavailable
AS Roma,379646,Filippo Reale,Defender,,2026/27 roster feed,Unavailable
AS Roma,212597,Gianluca Mancini,Defender,https://commons.wikimedia.org/wiki/Special:FilePath/FC%20Salzburg%20gegen%20AS%20Roma%20%28UEFA%20Euroleague%20play-off%2C%202023-02-16%29%2015%20%28cropped%29.jpg,2026/27 roster feed,Wikimedia Commons
AS Roma,384831,Jacopo Mirra,Defender,,2025/26 squad carryover,Unavailable
AS Roma,364223,Jan Ziólkowski,Defender,,2026/27 roster feed,Unavailable
AS Roma,226177,Kostas Tsimikas,Defender,https://commons.wikimedia.org/wiki/Special:FilePath/2022-07-21%20Fu%C3%9Fball%2C%20M%C3%A4nner%2CFreundschaftsspiel%2C%20RB%20Leipzig%20-%20FC%20Liverpool%201DX%202184%20by%20Stepro.jpg,2025/26 squad carryover,Wikimedia Commons
AS Roma,261403,Marash Kumbulla,Defender,https://commons.wikimedia.org/wiki/Special:FilePath/UEFA%20Europa%20Conference%20League%20CSKA%20Sofia%20-%20Roma%2C%202021-12-09%20%28Kumbulla%29.jpg,2026/27 roster feed,Wikimedia Commons
AS Roma,222529,Mario Hermoso,Defender,,2026/27 roster feed,Unavailable
AS Roma,372786,Mattia Mannini,Defender,,2026/27 roster feed,Unavailable
AS Roma,421698,Mohamed Seck,Defender,,2026/27 roster feed,Unavailable
AS Roma,332354,Wesley,Defender,https://commons.wikimedia.org/wiki/Special:FilePath/Wesley-palmeiras-wikipedia-jan2020.png,2026/27 roster feed,Wikimedia Commons
AS Roma,404546,Antonio Arena,Forward,,2026/27 roster feed,Unavailable
AS Roma,226211,Artem Dovbyk,Forward,https://upload.wikimedia.org/wikipedia/commons/thumb/6/6f/Artem_Dovbyk_2025_%28cropped%29.jpeg/250px-Artem_Dovbyk_2025_%28cropped%29.jpeg,2026/27 roster feed,Wikimedia Commons
AS Roma,311571,Bryan Zaragoza,Forward,,2025/26 squad carryover,Unavailable
AS Roma,259481,Donyell Malen,Forward,https://upload.wikimedia.org/wikipedia/commons/thumb/1/1f/DONYELL_MALEN_%E2%80%93_2023.08.12.jpg/250px-DONYELL_MALEN_%E2%80%93_2023.08.12.jpg,2026/27 roster feed,Wikimedia Commons
AS Roma,418042,Edoardo Morucci,Forward,,2026/27 roster feed,Unavailable
AS Roma,353352,Luigi Cherubini,Forward,https://upload.wikimedia.org/wikipedia/commons/thumb/a/ac/Portrait_of_Cherubini.jpg/250px-Portrait_of_Cherubini.jpg,2026/27 roster feed,Wikimedia Commons
AS Roma,323974,Matìas Soulè,Forward,,2026/27 roster feed,Unavailable
AS Roma,164839,Paulo Dybala,Forward,https://commons.wikimedia.org/wiki/Special:FilePath/%D0%9C%D0%B0%D1%82%D1%87%20%C2%AB%D0%94%D0%B8%D0%BD%D0%B0%D0%BC%D0%BE%C2%BB%20-%20%C2%AB%D0%AE%D0%B2%D0%B5%D0%BD%D1%82%D1%83%D1%81%C2%BB%200-2.%2020%20%D0%BE%D0%BA%D1%82%D1%8F%D0%B1%D1%80%D1%8F%202020%20%D0%B3%D0%BE%D0%B4%D0%B0%20%E2%80%94%201153905%20%28cropped%29.jpg,2026/27 roster feed,Wikimedia Commons
AS Roma,377894,Robinio Vaz,Forward,https://commons.wikimedia.org/wiki/Special:FilePath/Vaz%20asse%20om%20cdf%202024.png,2026/27 roster feed,Wikimedia Commons
AS Roma,130036,Stephan El Shaarawy,Forward,https://commons.wikimedia.org/wiki/Special:FilePath/20150616%20-%20Portugal%20-%20Italie%20-%20Gen%C3%A8ve%20-%20Stephan%20El%20Shaarawy%20%28cropped%29.jpg,2025/26 squad carryover,Wikimedia Commons
AS Roma,399210,Alessio Marcaccini,Goalkeeper,,2026/27 roster feed,Unavailable
AS Roma,234300,Devis Vásquez,Goalkeeper,,2026/27 roster feed,Unavailable
AS Roma,398120,Giorgio De Marzi,Goalkeeper,,2026/27 roster feed,Unavailable
AS Roma,238798,Mile Svilar,Goalkeeper,https://commons.wikimedia.org/wiki/Special:FilePath/Web%20Summit%202017%20-%20Press%20Conferences%20CG1%207321%20%2838213808892%29%20%28cropped%29.jpg,2026/27 roster feed,Wikimedia Commons
AS Roma,206587,Pierluigi Gollini,Goalkeeper,https://commons.wikimedia.org/wiki/Special:FilePath/Pierluigi%20Gollini%2001.jpg,2026/27 roster feed,Wikimedia Commons
AS Roma,408132,Radoslaw Zelezny,Goalkeeper,,2026/27 roster feed,Unavailable
AS Roma,3098218,Alessandro Di Nunzio,Midfielder,,2026/27 roster feed,Unavailable
AS Roma,169213,Bryan Cristante,Midfielder,https://commons.wikimedia.org/wiki/Special:FilePath/Cristante%20CSKA-Roma18.jpg,2026/27 roster feed,Wikimedia Commons
AS Roma,289645,Evan Ferguson,Midfielder,https://commons.wikimedia.org/wiki/Special:FilePath/Evan%20Ferguson%20YantsImages%20-%20Asatur%20Yesayants%20626%20%28cropped%29.jpg,2025/26 squad carryover,Wikimedia Commons
AS Roma,3112441,Francesco Panico,Midfielder,,2026/27 roster feed,Unavailable
AS Roma,3112442,Gioele Giammattei,Midfielder,,2026/27 roster feed,Unavailable
AS Roma,204320,Lorenzo Pellegrini,Midfielder,https://commons.wikimedia.org/wiki/Special:FilePath/FC%20Salzburg%20gegen%20AS%20Roma%20Pellegrini.jpg,2026/27 roster feed,Wikimedia Commons
AS Roma,285226,Manu Koné,Midfielder,https://commons.wikimedia.org/wiki/Special:FilePath/Manu%20Kone%20France%20v%20Senegal%2016%20June%202026-406%20%28cropped%29.jpg,2026/27 roster feed,Wikimedia Commons
AS Roma,384836,Mattia Della Rocca,Midfielder,,2026/27 roster feed,Unavailable
AS Roma,415750,Muhammed Bah,Midfielder,,2026/27 roster feed,Unavailable
AS Roma,323807,Neil El Aynaoui,Midfielder,https://commons.wikimedia.org/wiki/Special:FilePath/Neil%20El%20Aynaoui%20Neil%20El%20Aynaoui%20Morocco%20v%20Norway%207%20June%202026-13%20%28cropped%29.jpg,2026/27 roster feed,Wikimedia Commons
AS Roma,360235,Niccolò Pisilli,Midfielder,,2026/27 roster feed,Unavailable
AS Roma,362865,Riccardo Pagano,Midfielder,,2026/27 roster feed,Unavailable
AS Roma,309518,Tommaso Baldanzi,Midfielder,https://commons.wikimedia.org/wiki/Special:FilePath/Tommaso%20Baldanzi.jpg,2026/27 roster feed,Wikimedia Commons
Atalanta,421472,Albert Navarro,Defender,,2025/26 squad carryover,Unavailable
Atalanta,165291,Berat Djimsiti,Defender,https://commons.wikimedia.org/wiki/Special:FilePath/Berat%20Djimsiti%2001.JPG,2026/27 roster feed,Wikimedia Commons
Atalanta,182627,Davide Zappacosta,Defender,https://commons.wikimedia.org/wiki/Special:FilePath/Davide%20Zappacosta.JPG,2026/27 roster feed,Wikimedia Commons
Atalanta,309812,Giorgio Scalvini,Defender,,2026/27 roster feed,Unavailable
Atalanta,335952,Giovanni Bonfanti,Defender,,2026/27 roster feed,Unavailable
Atalanta,388605,Honest Ahanor,Defender,,2026/27 roster feed,Unavailable
Atalanta,312862,Isak Hien,Defender,https://commons.wikimedia.org/wiki/Special:FilePath/Sweden-Slovenia%20Nations%20League%202022-09-27%2032%20%28cropped%29.jpg,2026/27 roster feed,Wikimedia Commons
Atalanta,303988,Lorenzo Bernasconi,Defender,,2026/27 roster feed,Unavailable
Atalanta,267573,Mitchel Bakker,Defender,https://commons.wikimedia.org/wiki/Special:FilePath/2019-07-17%20SG%20Dynamo%20Dresden%20vs.%20Paris%20Saint-Germain%20by%20Sandro%20Halank%E2%80%93131.jpg,2026/27 roster feed,Wikimedia Commons
Atalanta,284822,Odilon Kossounou,Defender,https://commons.wikimedia.org/wiki/Special:FilePath/Odilon%20Kossounou%20Cote%20D%27Ivoire%20v%20Ecuador%2014%20June%202026-57.jpg,2026/27 roster feed,Wikimedia Commons
Atalanta,378618,Pietro Comi,Defender,,2025/26 squad carryover,Unavailable
Atalanta,268452,Raoul Bellanova,Defender,https://commons.wikimedia.org/wiki/Special:FilePath/Lens%20-%20Torino%20FC%20%2802-08-2023%29%2049.jpg,2026/27 roster feed,Wikimedia Commons
Atalanta,399540,Relja Obric,Defender,,2025/26 squad carryover,Unavailable
Atalanta,170553,Sead Kolasinac,Defender,,2026/27 roster feed,Unavailable
Atalanta,296319,Charles De Ketelaere,Forward,https://upload.wikimedia.org/wikipedia/commons/thumb/4/42/Charles_De_Ketelaere_USMNT_v_Belgium_Mar_28_2026-76_%28cropped%29.jpg/250px-Charles_De_Ketelaere_USMNT_v_Belgium_Mar_28_2026-76_%28cropped%29.jpg,2026/27 roster feed,Wikimedia Commons
Atalanta,290545,Daniel Maldini,Forward,,2026/27 roster feed,Unavailable
Atalanta,388801,Dominic Vavassori,Forward,,2025/26 squad carryover,Unavailable
Atalanta,287430,El Bilal Toure,Forward,,2026/27 roster feed,Unavailable
Atalanta,271679,Giacomo Raspadori,Forward,https://upload.wikimedia.org/wikipedia/commons/thumb/9/95/Raspadori_Nazionale.jpg/250px-Raspadori_Nazionale.jpg,2026/27 roster feed,Wikimedia Commons
Atalanta,233140,Gianluca Scamacca,Forward,https://upload.wikimedia.org/wikipedia/commons/thumb/f/f4/Scamacca.jpeg/250px-Scamacca.jpeg,2026/27 roster feed,Wikimedia Commons
Atalanta,386832,Henry Camara,Forward,,2025/26 squad carryover,Unavailable
Atalanta,303115,Kamaldeen Sulemana,Forward,https://upload.wikimedia.org/wikipedia/commons/thumb/8/8d/Kamaldeen_Sulemana_England_v_Ghana_23_June_2026-231.jpg/250px-Kamaldeen_Sulemana_England_v_Ghana_23_June_2026-231.jpg,2026/27 roster feed,Wikimedia Commons
Atalanta,258158,Nikola Krstovic,Forward,,2026/27 roster feed,Unavailable
Atalanta,89216,Francesco Rossi,Goalkeeper,https://commons.wikimedia.org/wiki/Special:FilePath/Chicco%20Rossi.png,2026/27 roster feed,Wikimedia Commons
Atalanta,284804,Marco Carnesecchi,Goalkeeper,https://commons.wikimedia.org/wiki/Special:FilePath/Norway%20Italy%20-%20June%202025%20A%2019%20%28cropped%29.jpg,2026/27 roster feed,Wikimedia Commons
Atalanta,174915,Marco Sportiello,Goalkeeper,https://commons.wikimedia.org/wiki/Special:FilePath/Marco%20Sportiello%20%28cropped%29.JPG,2026/27 roster feed,Wikimedia Commons
Atalanta,421471,Piotr Pardel,Goalkeeper,,2025/26 squad carryover,Unavailable
Atalanta,388799,Federico Cassa,Midfielder,,2025/26 squad carryover,Unavailable
Atalanta,276692,Gianluca Gaetano,Midfielder,https://commons.wikimedia.org/wiki/Special:FilePath/Gianluca%20Gaetano%202017.png,2026/27 roster feed,Wikimedia Commons
Atalanta,303296,Lazar Samardzic,Midfielder,,2026/27 roster feed,Unavailable
Atalanta,189668,Mario Pasalic,Midfielder,,2026/27 roster feed,Unavailable
Atalanta,146335,Marten de Roon,Midfielder,https://commons.wikimedia.org/wiki/Special:FilePath/Marten%20de%20Roon%20%282%29.JPG,2026/27 roster feed,Wikimedia Commons
Atalanta,288488,Nicola Zalewski,Midfielder,https://commons.wikimedia.org/wiki/Special:FilePath/FC%20Salzburg%20gegen%20AS%20Roma%20%28UEFA%20Euroleague%20play-off%2C%202023-02-16%29%2014%20%28cropped%29.jpg,2026/27 roster feed,Wikimedia Commons
Atalanta,387841,Sergej Levak,Midfielder,,2025/26 squad carryover,Unavailable
Atalanta,347018,Sulemana,Midfielder,,2026/27 roster feed,Unavailable
Atalanta,278210,Éderson,Midfielder,https://commons.wikimedia.org/wiki/Special:FilePath/Team%20Brazil%20at%202026%20FIFA%20World%20Cup%20by%20YantsImages%20%28%C3%89derson%20Silva%29%20%28cropped%29.jpg,2026/27 roster feed,Wikimedia Commons
Bologna,364410,Bodin Tomasevic,Defender,,2025/26 squad carryover,Unavailable
Bologna,170670,Charalampos Lykogiannis,Defender,https://commons.wikimedia.org/wiki/Special:FilePath/Charis%20Lykogiannis%20%28cropped%29.jpg,2025/26 squad carryover,Wikimedia Commons
Bologna,418034,Davide Baroncioni,Defender,,2025/26 squad carryover,Unavailable
Bologna,361818,Eivind Helland,Defender,,2026/27 roster feed,Unavailable
Bologna,286814,Emil Holm,Defender,https://commons.wikimedia.org/wiki/Special:FilePath/Emil%20Holm%20%28Sweden%20vs%20Moldova%2C%2012%20October%202023%29.jpg,2026/27 roster feed,Wikimedia Commons
Bologna,227697,Jhon Lucumí,Defender,https://commons.wikimedia.org/wiki/Special:FilePath/Jhon%20Lucum%C3%AD%20September%202019.jpg,2026/27 roster feed,Wikimedia Commons
Bologna,261616,Juan Miranda,Defender,https://commons.wikimedia.org/wiki/Special:FilePath/Juan%20Miranda%20031019.jpg,2026/27 roster feed,Wikimedia Commons
Bologna,68070,Lorenzo De Silvestri,Defender,https://commons.wikimedia.org/wiki/Special:FilePath/De%20Silvestri%20Lazio.jpg,2026/27 roster feed,Wikimedia Commons
Bologna,309110,Martin Vitík,Defender,,2026/27 roster feed,Unavailable
Bologna,336718,Mihajlo Ilic,Defender,,2026/27 roster feed,Unavailable
Bologna,291560,Nadir Zortea,Defender,https://commons.wikimedia.org/wiki/Special:FilePath/Zortea%20Cagliari%202024%20%28cropped2%29.jpg,2026/27 roster feed,Wikimedia Commons
Bologna,250707,Nicolo Casale,Defender,,2026/27 roster feed,Unavailable
Bologna,415747,Petar Markovic,Defender,,2025/26 squad carryover,Unavailable
Bologna,331770,Rahim Alhassane,Defender,,2026/27 roster feed,Unavailable
Bologna,272867,Torbjørn Heggem,Defender,https://commons.wikimedia.org/wiki/Special:FilePath/Torbjorn%20Heggem%20France%20v%20Norway%2026%20June%2026-116.jpg,2026/27 roster feed,Wikimedia Commons
Bologna,319265,Antonio Raimondo,Forward,,2026/27 roster feed,Unavailable
Bologna,331231,Benjamín Domínguez,Forward,,2026/27 roster feed,Unavailable
Bologna,180956,Federico Bernardeschi,Forward,https://upload.wikimedia.org/wikipedia/commons/thumb/1/11/FC_Zenit_Saint_Petersburg_vs._Juventus%2C_20_October_2021_17_%28Federico_Bernardeschi%29.jpg/250px-FC_Zenit_Saint_Petersburg_vs._Juventus%2C_20_October_2021_17_%28Federico_Bernardeschi%29.jpg,2026/27 roster feed,Wikimedia Commons
Bologna,418035,Francesco Castaldo,Forward,,2025/26 squad carryover,Unavailable
Bologna,238407,Jens Odgaard,Forward,https://upload.wikimedia.org/wikipedia/commons/thumb/3/3c/Go_Ahead_Eagles_-_AZ_%28Jens_Odgaard%29.jpg/250px-Go_Ahead_Eagles_-_AZ_%28Jens_Odgaard%29.jpg,2026/27 roster feed,Wikimedia Commons
Bologna,235503,Jesper Karlsson,Forward,https://upload.wikimedia.org/wikipedia/commons/thumb/0/00/Jesper_Karlsson_%28Sweden_vs_Moldova%2C_12_October_2023%29.jpg/250px-Jesper_Karlsson_%28Sweden_vs_Moldova%2C_12_October_2023%29.jpg,2026/27 roster feed,Wikimedia Commons
Bologna,118279,Jon Rowe,Forward,,2026/27 roster feed,Unavailable
Bologna,287790,Nicolò Cambiaghi,Forward,,2026/27 roster feed,Unavailable
Bologna,228297,Orji Okwonkwo,Forward,,2026/27 roster feed,Unavailable
Bologna,234426,Riccardo Orsolini,Forward,https://commons.wikimedia.org/wiki/Special:FilePath/Riccardo%20Orsolini.jpg,2026/27 roster feed,Wikimedia Commons
Bologna,250284,Santiago Castro,Forward,https://commons.wikimedia.org/wiki/Special:FilePath/Santiago%20Castro.jpg,2026/27 roster feed,Wikimedia Commons
Bologna,418037,Simone Negri,Forward,,2025/26 squad carryover,Unavailable
Bologna,266280,Thijs Dallinga,Forward,https://commons.wikimedia.org/wiki/Special:FilePath/RC%20Lens%20-%20Toulouse%20FC%20%2824-09-2023%29%2038.jpg,2026/27 roster feed,Wikimedia Commons
Bologna,245626,Federico Ravaglia,Goalkeeper,https://commons.wikimedia.org/wiki/Special:FilePath/Frosinone%20Calcio%20-%20Federico%20Ravaglia%20DSC%201069%20AF.jpg,2026/27 roster feed,Wikimedia Commons
Bologna,179358,Lukasz Skorupski,Goalkeeper,,2026/27 roster feed,Unavailable
Bologna,388880,Massimo Pessina,Goalkeeper,,2026/27 roster feed,Unavailable
Bologna,415168,Matteo Franceschelli,Goalkeeper,,2025/26 squad carryover,Unavailable
Bologna,422122,Riccardo Gnudi,Goalkeeper,,2025/26 squad carryover,Unavailable
Bologna,410822,Ukko Happonen,Goalkeeper,,2025/26 squad carryover,Unavailable
Bologna,202429,Lewis Ferguson,Midfielder,https://commons.wikimedia.org/wiki/Special:FilePath/Lewis%20Ferguson%20Scotland%20v%20Bolivia%206%20June%202026-52.jpg,2026/27 roster feed,Wikimedia Commons
Bologna,418033,Luca Lai,Midfielder,,2025/26 squad carryover,Unavailable
Bologna,245623,Michel Aebischer,Midfielder,,2026/27 roster feed,Unavailable
Bologna,228333,Nikola Moro,Midfielder,https://commons.wikimedia.org/wiki/Special:FilePath/Nikola%20Moro%20Croatia%20v%20Portugal%202%20July%202026-018.jpg,2026/27 roster feed,Wikimedia Commons
Bologna,320947,Oussama El Azzouzi,Midfielder,https://commons.wikimedia.org/wiki/Special:FilePath/El%20Azzouzi.jpg,2026/27 roster feed,Wikimedia Commons
Bologna,152600,Remo Freuler,Midfielder,https://commons.wikimedia.org/wiki/Special:FilePath/RemoFreuler.jpg,2026/27 roster feed,Wikimedia Commons
Bologna,276654,Tommaso Pobega,Midfielder,https://commons.wikimedia.org/wiki/Special:FilePath/FC%20Salzburg%20vs.%20AC%20Mailand%20%28UEFA%20Championsleague%202022-09-06%29%2060%20%28cropped%29.jpg,2026/27 roster feed,Wikimedia Commons
Cagliari,322913,Adam Obert,Defender,https://commons.wikimedia.org/wiki/Special:FilePath/Adam%20Obert%2C%20Frosinone%20-%20Cagliari%2027-11-2022%20%28cropped%29.jpg,2026/27 roster feed,Wikimedia Commons
Cagliari,392669,Andrea Cogoni,Defender,,2025/26 squad carryover,Unavailable
Cagliari,411231,Antoni Franke,Defender,,2025/26 squad carryover,Unavailable
Cagliari,275943,Gabriele Zappa,Defender,https://commons.wikimedia.org/wiki/Special:FilePath/Gabriele%20Zappa%2C%202021%20%28cropped%29.jpg,2026/27 roster feed,Wikimedia Commons
Cagliari,361506,Juan Rodríguez,Defender,https://commons.wikimedia.org/wiki/Special:FilePath/JUAN%20RODRIGUEZ.jpg,2026/27 roster feed,Wikimedia Commons
Cagliari,362486,Marco Palestra,Defender,,2025/26 squad carryover,Unavailable
Cagliari,212258,Mateusz Wieteska,Defender,https://commons.wikimedia.org/wiki/Special:FilePath/Mateusz%20Wieteska%202018.png,2026/27 roster feed,Wikimedia Commons
Cagliari,384126,Othniël Raterink,Defender,,2026/27 roster feed,Unavailable
Cagliari,387036,Riyad Idrissi,Defender,,2026/27 roster feed,Unavailable
Cagliari,196901,Yerry Mina,Defender,https://commons.wikimedia.org/wiki/Special:FilePath/Yerry%20Mina%2C%20Colombia%20NT%20presidential%20send-off%2C%20Jun%202026.jpg,2026/27 roster feed,Wikimedia Commons
Cagliari,332684,Zé Pedro,Defender,https://commons.wikimedia.org/wiki/Special:FilePath/ZEPEDRO.JPG,2026/27 roster feed,Wikimedia Commons
Cagliari,381354,Agustín Albarracín,Forward,,2026/27 roster feed,Unavailable
Cagliari,170755,Andrea Belotti,Forward,https://commons.wikimedia.org/wiki/Special:FilePath/Andrea%20Belotti%202021.jpg,2025/26 squad carryover,Wikimedia Commons
Cagliari,286948,Gennaro Borrelli,Forward,https://upload.wikimedia.org/wikipedia/commons/thumb/1/11/Gennaro_Borrelli_90_b_-_Frosinone_Calcio_-_DSC_4808_AF_%28cropped%29.jpg/250px-Gennaro_Borrelli_90_b_-_Frosinone_Calcio_-_DSC_4808_AF_%28cropped%29.jpg,2026/27 roster feed,Wikimedia Commons
Cagliari,368312,Kingstone Mutandwa,Forward,,2026/27 roster feed,Unavailable
Cagliari,162640,Leonardo Pavoletti,Forward,https://commons.wikimedia.org/wiki/Special:FilePath/Leonardo%20Pavoletti%2C%202016.png,2025/26 squad carryover,Wikimedia Commons
Cagliari,285937,Mattia Felici,Forward,https://upload.wikimedia.org/wikipedia/commons/thumb/2/2b/Cagliari2425_%28Mattia_Felici%29.png/250px-Cagliari2425_%28Mattia_Felici%29.png,2026/27 roster feed,Wikimedia Commons
Cagliari,411232,Nicola Grandu,Forward,,2026/27 roster feed,Unavailable
Cagliari,418819,Paul Mendy,Forward,,2026/27 roster feed,Unavailable
Cagliari,418443,Sebastiano Di Paolo,Forward,,2026/27 roster feed,Unavailable
Cagliari,286929,Sebastiano Esposito,Forward,https://commons.wikimedia.org/wiki/Special:FilePath/FC%20Salzburg%20gegen%20Inter%20Mailand%20%28Testspiel%202023-08-09%29%2093.jpg,2026/27 roster feed,Wikimedia Commons
Cagliari,345212,Semih Kiliçsoy,Forward,,2025/26 squad carryover,Unavailable
Cagliari,407931,Yael Trepy,Forward,,2026/27 roster feed,Unavailable
Cagliari,306210,Alen Sherri,Goalkeeper,,2026/27 roster feed,Unavailable
Cagliari,224187,Boris Radunovic,Goalkeeper,,2026/27 roster feed,Unavailable
Cagliari,278987,Elia Caprile,Goalkeeper,,2026/27 roster feed,Unavailable
Cagliari,292387,Giuseppe Ciocci,Goalkeeper,,2026/27 roster feed,Unavailable
Cagliari,357862,Velizar-Iliya Iliev,Goalkeeper,https://commons.wikimedia.org/wiki/Special:FilePath/Velizar-Iliya%20Iliev.png,2026/27 roster feed,Wikimedia Commons
Cagliari,126843,Vincenzo Sarno,Goalkeeper,https://commons.wikimedia.org/wiki/Special:FilePath/Vincenzo%20Sarno%20%28cropped%29.jpg,2025/26 squad carryover,Wikimedia Commons
Cagliari,186437,Alessandro Deiola,Midfielder,https://commons.wikimedia.org/wiki/Special:FilePath/Alessandro%20Deiola.jpg,2026/27 roster feed,Wikimedia Commons
Cagliari,6729,Alessandro Romano,Midfielder,,2026/27 roster feed,Unavailable
Cagliari,399563,Demi Akarakiri,Midfielder,,2026/27 roster feed,Unavailable
Cagliari,202332,Harry Winks,Midfielder,https://commons.wikimedia.org/wiki/Special:FilePath/2020-03-10%20Fu%C3%9Fball%2C%20M%C3%A4nner%2C%20UEFA%20Champions%20League%20Achtelfinale%2C%20RB%20Leipzig%20-%20Tottenham%20Hotspur%201DX%203701%20by%20Stepro.jpg,2026/27 roster feed,Wikimedia Commons
Cagliari,407932,Ivan Sulev,Midfielder,,2026/27 roster feed,Unavailable
Cagliari,333938,Jacopo Fazzini,Midfielder,,2026/27 roster feed,Unavailable
Cagliari,407930,Joseph Liteta,Midfielder,,2026/27 roster feed,Unavailable
Cagliari,107960,Matteo Prati,Midfielder,https://commons.wikimedia.org/wiki/Special:FilePath/Matteo%20Prati.jpg,2026/27 roster feed,Wikimedia Commons
Cagliari,272745,Michel Adopo,Midfielder,https://commons.wikimedia.org/wiki/Special:FilePath/MichelAdopo.png,2026/27 roster feed,Wikimedia Commons
Cagliari,325527,Nicolò Cavuoti,Midfielder,,2026/27 roster feed,Unavailable
Cagliari,419558,Roberto Malfitano,Midfielder,,2025/26 squad carryover,Unavailable
Como,252372,Alberto Dossena,Defender,https://commons.wikimedia.org/wiki/Special:FilePath/Alberto%20Dossena%20Como%202024.jpg,2026/27 roster feed,Wikimedia Commons
Como,172998,Alberto Moreno,Defender,https://commons.wikimedia.org/wiki/Special:FilePath/Alberto%20Moreno%20%28cropped%29.jpg,2025/26 squad carryover,Wikimedia Commons
Como,376421,Andrés Cuenca,Defender,,2026/27 roster feed,Unavailable
Como,404030,Cristiano De Paoli,Defender,,2025/26 squad carryover,Unavailable
Como,196860,Diego Carlos,Defender,https://commons.wikimedia.org/wiki/Special:FilePath/Diego%20Carlos%20%28Nantes%29%20%28cropped%29.jpg,2025/26 squad carryover,Wikimedia Commons
Como,181060,Edoardo Goldaniga,Defender,,2026/27 roster feed,Unavailable
Como,292199,Ignace van der Brempt,Defender,,2026/27 roster feed,Unavailable
Como,323273,Ivan Smolcic,Defender,,2026/27 roster feed,Unavailable
Como,380318,Jacobo Ramón,Defender,,2026/27 roster feed,Unavailable
Como,317233,Kaiki,Defender,https://commons.wikimedia.org/wiki/Special:FilePath/Kaiki-3.png,2026/27 roster feed,Wikimedia Commons
Como,175887,Marc-Oliver Kempf,Defender,,2026/27 roster feed,Unavailable
Como,238906,Stefan Posch,Defender,https://commons.wikimedia.org/wiki/Special:FilePath/Austria%20national%20under-21%20football%20team%20-%20Teamcamp%20June%202017%20%28110%29.jpg,2026/27 roster feed,Wikimedia Commons
Como,192146,Álex Valle,Defender,https://commons.wikimedia.org/wiki/Special:FilePath/Alex%20Valle%20ACCI%20FCBARCELONA%20Turisme%20Catalunya%20gira%20pretemporada.jpg,2026/27 roster feed,Wikimedia Commons
Como,323143,Alessandro Gabrielloni,Forward,,2026/27 roster feed,Unavailable
Como,307750,Ali Jasim,Forward,,2026/27 roster feed,Unavailable
Como,324705,Alieu Fadera,Forward,https://upload.wikimedia.org/wikipedia/commons/6/61/Alieu_Fadera_%28cropped%29.jpg,2026/27 roster feed,Wikimedia Commons
Como,262071,Anastasios Douvikas,Forward,https://upload.wikimedia.org/wikipedia/commons/thumb/d/de/Anastasios_Douvikas_1_%2806-09-2022%29.jpg/250px-Anastasios_Douvikas_1_%2806-09-2022%29.jpg,2026/27 roster feed,Wikimedia Commons
Como,364742,Assane Diao,Forward,https://upload.wikimedia.org/wikipedia/commons/thumb/1/1f/Assane_Diao_France_v_Senegal_16_June_2026-241.jpg/250px-Assane_Diao_France_v_Senegal_16_June_2026-241.jpg,2026/27 roster feed,Wikimedia Commons
Como,310259,Ivan Azón,Forward,,2026/27 roster feed,Unavailable
Como,337858,Jayden Addai,Forward,,2026/27 roster feed,Unavailable
Como,387491,Jesús Rodriguez,Forward,,2026/27 roster feed,Unavailable
Como,307265,Marlon Mustapha,Forward,https://upload.wikimedia.org/wikipedia/commons/thumb/2/25/IMG_U19_Austria_vs._Switzerland_%2816._November_2019%29_03.jpg/250px-IMG_U19_Austria_vs._Switzerland_%2816._November_2019%29_03.jpg,2026/27 roster feed,Wikimedia Commons
Como,387723,Mattia Liberali,Forward,,2026/27 roster feed,Unavailable
Como,337970,Nico Paz,Forward,https://commons.wikimedia.org/wiki/Special:FilePath/Nico%20Paz%20Argentina%20v%20Egypt%207%20July%202026-031%20%28cropped%29.jpg,2026/27 roster feed,Wikimedia Commons
Como,260262,Nicolas Kühn,Forward,https://commons.wikimedia.org/wiki/Special:FilePath/Celtic-20240722-068%20%28cropped%29.jpg,2026/27 roster feed,Wikimedia Commons
Como,380057,Tommaso Fumagalli,Forward,,2026/27 roster feed,Unavailable
Como,154446,Álvaro Morata,Forward,https://commons.wikimedia.org/wiki/Special:FilePath/%C3%81lvaro%20Morata.jpg,2026/27 roster feed,Wikimedia Commons
Como,207834,Emil Audero,Goalkeeper,https://upload.wikimedia.org/wikipedia/commons/thumb/b/b6/Emil_Audero%2C_2023_%28cropped%29.png/250px-Emil_Audero%2C_2023_%28cropped%29.png,2026/27 roster feed,Wikimedia Commons
Como,382893,Henrique Menke,Goalkeeper,,2025/26 squad carryover,Unavailable
Como,214740,Jean Butez,Goalkeeper,https://commons.wikimedia.org/wiki/Special:FilePath/Jean%20Butez%20%28cropped%29.jpg,2026/27 roster feed,Wikimedia Commons
Como,115025,Mauro Vigorito,Goalkeeper,https://commons.wikimedia.org/wiki/Special:FilePath/Mauro%20Vigorito.jpg,2026/27 roster feed,Wikimedia Commons
Como,306267,Nikola Cavlina,Goalkeeper,,2025/26 squad carryover,Unavailable
Como,301377,Noel Törnqvist,Goalkeeper,https://commons.wikimedia.org/wiki/Special:FilePath/Noel%20T%C3%B6rnqvist.jpg,2026/27 roster feed,Wikimedia Commons
Como,380970,Adrian Lahdo,Midfielder,,2026/27 roster feed,Unavailable
Como,408181,Andréa Leborgne,Midfielder,,2026/27 roster feed,Unavailable
Como,377613,Fabio Rispoli,Midfielder,,2026/27 roster feed,Unavailable
Como,411286,Lorenzo Bonsignori Goggi,Midfielder,,2025/26 squad carryover,Unavailable
Como,197263,Luca Mazzitelli,Midfielder,https://commons.wikimedia.org/wiki/Special:FilePath/Luca%20Mazzitelli%2036%20a%20-%20Frosinone%20Calcio%20-%20DSC%208153%20AF%20crop.jpg,2026/27 roster feed,Wikimedia Commons
Como,291285,Lucas Da Cunha,Midfielder,,2026/27 roster feed,Unavailable
Como,264211,Luis Milla,Midfielder,https://commons.wikimedia.org/wiki/Special:FilePath/Luis%20Milla.png,2026/27 roster feed,Wikimedia Commons
Como,311475,Martin Baturina,Midfielder,https://commons.wikimedia.org/wiki/Special:FilePath/Martin%20Baturina%20Croatia%20v%20Portugal%202%20July%202026-148.jpg,2026/27 roster feed,Wikimedia Commons
Como,411276,Matteo Papaccioli,Midfielder,,2025/26 squad carryover,Unavailable
Como,305676,Matthias Braunöder,Midfielder,https://commons.wikimedia.org/wiki/Special:FilePath/Austria%20national%20under-17%20football%20team%20-%20Teamcamp%2020180905%20%2815%29.jpg,2026/27 roster feed,Wikimedia Commons
Como,265912,Maxence Caqueret,Midfielder,https://commons.wikimedia.org/wiki/Special:FilePath/Maxence%20Caqueret%20%28cropped%29.jpg,2026/27 roster feed,Wikimedia Commons
Como,309241,Máximo Perrone,Midfielder,https://commons.wikimedia.org/wiki/Special:FilePath/Entrenamiento%20Argentina%20Sub20%20previo%20al%20mundial%20-%20BugWarp%20%2814%29%20%28cropped%29.jpg,2026/27 roster feed,Wikimedia Commons
Como,422244,Riccardo Cassano,Midfielder,,2025/26 squad carryover,Unavailable
Como,418184,Samuele Pisati,Midfielder,,2025/26 squad carryover,Unavailable
Como,150225,Sergi Roberto,Midfielder,https://commons.wikimedia.org/wiki/Special:FilePath/Sergi%20Roberto%202019%2003%2017%201.jpg,2025/26 squad carryover,Wikimedia Commons
Fiorentina,168453,Dodô,Defender,https://commons.wikimedia.org/wiki/Special:FilePath/Dod%C3%B4%20Botafogo-Sp.jpg,2026/27 roster feed,Wikimedia Commons
Fiorentina,418181,Edoardo Sadotti,Defender,,2025/26 squad carryover,Unavailable
Fiorentina,403581,Eman Kospo,Defender,,2026/27 roster feed,Unavailable
Fiorentina,308082,Fabiano Parisi,Defender,,2026/27 roster feed,Unavailable
Fiorentina,262481,Luca Ranieri,Defender,https://commons.wikimedia.org/wiki/Special:FilePath/Norway%20Italy%20-%20June%202025%20D%2048%20%28cropped%29.jpg,2026/27 roster feed,Wikimedia Commons
Fiorentina,362910,Luís Balbo,Defender,,2026/27 roster feed,Unavailable
Fiorentina,255650,Marin Pongracic,Defender,,2026/27 roster feed,Unavailable
Fiorentina,186457,Matías Moreno,Defender,https://commons.wikimedia.org/wiki/Special:FilePath/Augustins%20-%20Portrait%20du%20peintre%20espagnol%20Mat%C3%ADas%20Moreno%20-%20Charles%20Durand%20dit%20Carolus-Duran%20P1652.jpg,2026/27 roster feed,Wikimedia Commons
Fiorentina,384300,Niccolò Fortini,Defender,,2026/27 roster feed,Unavailable
Fiorentina,318084,Nicolás Valentini,Defender,,2026/27 roster feed,Unavailable
Fiorentina,367168,Pietro Comuzzo,Defender,,2026/27 roster feed,Unavailable
Fiorentina,310216,Radu Dragusin,Defender,,2026/27 roster feed,Unavailable
Fiorentina,198087,Robin Gosens,Defender,https://commons.wikimedia.org/wiki/Special:FilePath/Robin%20Gosens%2001%20%28cropped%29.jpg,2025/26 squad carryover,Wikimedia Commons
Fiorentina,276039,Tariq Lamptey,Defender,https://commons.wikimedia.org/wiki/Special:FilePath/Tariq%20Lamptey%202019.jpg,2025/26 squad carryover,Wikimedia Commons
Fiorentina,364156,Viery,Defender,,2026/27 roster feed,Unavailable
Fiorentina,367861,Álex Jiménez,Defender,https://commons.wikimedia.org/wiki/Special:FilePath/Alex%20Jimenez%2000-02-07.99.png,2026/27 roster feed,Wikimedia Commons
Fiorentina,224044,Albert Gudmundsson,Forward,,2026/27 roster feed,Unavailable
Fiorentina,419203,Gabriele Bertolini,Forward,,2025/26 squad carryover,Unavailable
Fiorentina,421668,Giorgio Puzzoli,Forward,,2025/26 squad carryover,Unavailable
Fiorentina,199850,Jack Harrison,Forward,https://commons.wikimedia.org/wiki/Special:FilePath/Jack%20Harrison%2013092025%20%284%29.jpg,2025/26 squad carryover,Wikimedia Commons
Fiorentina,261173,M'Bala Nzola,Forward,https://upload.wikimedia.org/wikipedia/commons/thumb/f/f3/M%27Bala_Nzola_in_2017.jpg/250px-M%27Bala_Nzola_in_2017.jpg,2026/27 roster feed,Wikimedia Commons
Fiorentina,257256,Manor Solomon,Forward,https://commons.wikimedia.org/wiki/Special:FilePath/Manor%20Solomon%2015032025%20%281%29.jpg,2025/26 squad carryover,Wikimedia Commons
Fiorentina,248633,Moise Kean,Forward,https://commons.wikimedia.org/wiki/Special:FilePath/FC%20Zenit%20Saint%20Petersburg%20vs.%20Juventus%2C%2020%20October%202021%2064%20-%20Moise%20Kean%20%28cropped%29.jpg,2026/27 roster feed,Wikimedia Commons
Fiorentina,408385,Riccardo Braschi,Forward,,2026/27 roster feed,Unavailable
Fiorentina,262480,Riccardo Sottil,Forward,https://commons.wikimedia.org/wiki/Special:FilePath/Riccardo%20Sottil.jpg,2026/27 roster feed,Wikimedia Commons
Fiorentina,285438,Roberto Piccoli,Forward,https://commons.wikimedia.org/wiki/Special:FilePath/RobertoPiccoli.png,2026/27 roster feed,Wikimedia Commons
Fiorentina,108482,David de Gea,Goalkeeper,https://commons.wikimedia.org/wiki/Special:FilePath/David%20de%20Gea%202017.jpg,2026/27 roster feed,Wikimedia Commons
Fiorentina,164581,Luca Lezzerini,Goalkeeper,,2026/27 roster feed,Unavailable
Fiorentina,419202,Mattia Magalotti,Goalkeeper,,2025/26 squad carryover,Unavailable
Fiorentina,249668,Oliver Christensen,Goalkeeper,https://commons.wikimedia.org/wiki/Special:FilePath/Christensen2022.jpg,2026/27 roster feed,Wikimedia Commons
Fiorentina,399317,Pietro Leonardelli,Goalkeeper,,2025/26 squad carryover,Unavailable
Fiorentina,252293,Abdelhamid Sabiri,Midfielder,https://commons.wikimedia.org/wiki/Special:FilePath/Sabiri.jpg,2026/27 roster feed,Wikimedia Commons
Fiorentina,422138,Antonio Pirrò,Midfielder,,2025/26 squad carryover,Unavailable
Fiorentina,356213,Arthur Atta,Midfielder,,2026/27 roster feed,Unavailable
Fiorentina,360061,Cher Ndour,Midfielder,https://commons.wikimedia.org/wiki/Special:FilePath/Cher%20Ndour%2020240818.jpg,2026/27 roster feed,Wikimedia Commons
Fiorentina,386989,Christ Inao Oulaï,Midfielder,https://commons.wikimedia.org/wiki/Special:FilePath/Christ%20Inao%20Oula%C3%AF%20Cote%20D%27Ivoire%20v%20Ecuador%2014%20June%202026-56.jpg,2026/27 roster feed,Wikimedia Commons
Fiorentina,323118,Giovanni Fabbian,Midfielder,https://commons.wikimedia.org/wiki/Special:FilePath/Giovanni%20Fabbian.jpg,2026/27 roster feed,Wikimedia Commons
Fiorentina,418182,Lapo Deli,Midfielder,,2026/27 roster feed,Unavailable
Fiorentina,276237,Marco Brescianini,Midfielder,https://commons.wikimedia.org/wiki/Special:FilePath/AC%20Monza%202022%20Serie%20A%20celebration%2032%20%28Brescianini%29.jpg,2026/27 roster feed,Wikimedia Commons
Fiorentina,276254,Nicolò Fagioli,Midfielder,,2026/27 roster feed,Unavailable
Fiorentina,418183,Piergiorgio Bonanno,Midfielder,,2025/26 squad carryover,Unavailable
Fiorentina,210392,Rolando Mandragora,Midfielder,https://commons.wikimedia.org/wiki/Special:FilePath/Mandragora%20Udinese%20%28cropped%29.png,2026/27 roster feed,Wikimedia Commons
Fiorentina,421785,Salvatore Cianciulli,Midfielder,,2025/26 squad carryover,Unavailable
Fiorentina,275015,Simon Sohm,Midfielder,https://commons.wikimedia.org/wiki/Special:FilePath/2019-07-12%20Fu%C3%9Fball%3B%20Freundschaftsspiel%20RB%20Leipzig%20-%20FC%20Z%C3%BCrich%201DX%201009%20by%20Stepro%20%28headshot%29.jpg,2026/27 roster feed,Wikimedia Commons
Frosinone,315213,Anthony Oyono,Defender,https://commons.wikimedia.org/wiki/Special:FilePath/Anthony%20Oyono%202%20G%20-%20Frosinone%20Calcio%20-%20MGP%205711%20AF.jpg,2026/27 roster feed,Wikimedia Commons
Frosinone,212186,Edoardo Masciangelo,Defender,,2026/27 roster feed,Unavailable
Frosinone,346974,Gabriele Bracaglia,Defender,,2026/27 roster feed,Unavailable
Frosinone,333598,Giorgio Cittadini,Defender,,2026/27 roster feed,Unavailable
Frosinone,300001,Ilario Monterisi,Defender,https://commons.wikimedia.org/wiki/Special:FilePath/Ilario%20Monterisi%2030%20a%20-%20Frosinone%20Calcio%20-%20DSC%204338%20AF.jpg,2026/27 roster feed,Wikimedia Commons
Frosinone,406448,Jacopo Gelli,Defender,https://commons.wikimedia.org/wiki/Special:FilePath/Cav.%20Jacopo%20Gelli%2C%20PA08552.jpg,2026/27 roster feed,Wikimedia Commons
Frosinone,376726,Jérémy Oyono,Defender,,2026/27 roster feed,Unavailable
Frosinone,409879,Matteo Obleac,Defender,,2025/26 squad carryover,Unavailable
Frosinone,290074,Niccolò Corrado,Defender,,2026/27 roster feed,Unavailable
Frosinone,227272,Riccardo Marchizza,Defender,,2025/26 squad carryover,Unavailable
Frosinone,285667,Sergio Kalaj,Defender,https://commons.wikimedia.org/wiki/Special:FilePath/Frosinone%20Calcio%20-%20Benito%20Stirpe%20-%20vs%20Ternana%2026%2012%202022%20-%20Kalaj%2023%20Dsc%207035.jpg,2026/27 roster feed,Wikimedia Commons
Frosinone,318394,Wisdom Amey,Defender,,2026/27 roster feed,Unavailable
Frosinone,372148,Alejandro Cichero,Forward,https://upload.wikimedia.org/wikipedia/commons/7/78/Alejandro_Cichero.jpg,2026/27 roster feed,Wikimedia Commons
Frosinone,252447,Alessio Zerbin,Forward,https://upload.wikimedia.org/wikipedia/commons/thumb/8/8d/Frosinone_Calcio_-_Alessio_Zerbin_FRO_1282_AF.jpg/250px-Frosinone_Calcio_-_Alessio_Zerbin_FRO_1282_AF.jpg,2026/27 roster feed,Wikimedia Commons
Frosinone,386296,Antonio Fiori,Forward,,2025/26 squad carryover,Unavailable
Frosinone,290070,Edoardo Vergani,Forward,,2026/27 roster feed,Unavailable
Frosinone,356536,Farès Ghedjemis,Forward,,2026/27 roster feed,Unavailable
Frosinone,360714,Giorgi Kvernadze,Forward,,2026/27 roster feed,Unavailable
Frosinone,394492,Kevin Barcella,Forward,,2026/27 roster feed,Unavailable
Frosinone,407615,Lorenzo Gori,Forward,,2025/26 squad carryover,Unavailable
Frosinone,324994,Massimo Zilli,Forward,,2025/26 squad carryover,Unavailable
Frosinone,411234,Muhammed Colley,Forward,,2026/27 roster feed,Unavailable
Frosinone,333979,Eldin Lolic,Goalkeeper,,2026/27 roster feed,Unavailable
Frosinone,388780,Francesco Minicangeli,Goalkeeper,,2025/26 squad carryover,Unavailable
Frosinone,325056,Lorenzo Palmisani,Goalkeeper,,2026/27 roster feed,Unavailable
Frosinone,198150,Matteo Pisseri,Goalkeeper,,2026/27 roster feed,Unavailable
Frosinone,323108,Sebastiano Desplanches,Goalkeeper,https://commons.wikimedia.org/wiki/Special:FilePath/Sebastiano%20Desplanches.jpg,2026/27 roster feed,Wikimedia Commons
Frosinone,409604,Abdoulie Ndow,Midfielder,,2025/26 squad carryover,Unavailable
Frosinone,324433,Anouar El Azzouzi,Midfielder,https://commons.wikimedia.org/wiki/Special:FilePath/Anouar-El-Azzouzi-2025.jpg,2026/27 roster feed,Wikimedia Commons
Frosinone,268870,Ben Lhassine Kone,Midfielder,https://commons.wikimedia.org/wiki/Special:FilePath/Ben%20Lhassine%20Kone%204%20d%20-%20Frosinone%20Calcio%20-%20DSC%208780%20AF%20crop.jpg,2026/27 roster feed,Wikimedia Commons
Frosinone,396888,Filippo Grosso,Midfielder,,2026/27 roster feed,Unavailable
Frosinone,308276,Francesco Gelli,Midfielder,https://commons.wikimedia.org/wiki/Special:FilePath/Frosinone%20Calcio%20-%20Benito%20Stirpe%20-%20vs%20Venezia%205%203%202023%20-%20Gelli%2014%20Ferrieri%20Caputi%20AFF%208838%20%28cropped%29.jpg,2026/27 roster feed,Wikimedia Commons
Frosinone,236038,Giacomo Calo,Midfielder,,2026/27 roster feed,Unavailable
Frosinone,307971,Ilias Koutsoupias,Midfielder,,2026/27 roster feed,Unavailable
Frosinone,364685,Luis Hasa,Midfielder,,2026/27 roster feed,Unavailable
Frosinone,388779,Matteo Cichella,Midfielder,,2026/27 roster feed,Unavailable
Frosinone,411233,Matteo Toci,Midfielder,,2025/26 squad carryover,Unavailable
Genoa,242007,Aarón Martín,Defender,https://commons.wikimedia.org/wiki/Special:FilePath/A%C3%A1ron%20-%20Espanyol%20-%20WMES%20%28cropped%29.jpg,2026/27 roster feed,Wikimedia Commons
Genoa,341774,Alan Matturro,Defender,https://commons.wikimedia.org/wiki/Special:FilePath/Uruguay%201%20Italia%200%20a%20Italia%20-%20Uruguay%20campe%C3%B3n%20Mundial%20Sub%2020%202023%20230611-4427-jikatu%20%2852989760354%29%20%28cropped%29.jpg,2026/27 roster feed,Wikimedia Commons
Genoa,364761,Alessandro Marcandalli,Defender,,2026/27 roster feed,Unavailable
Genoa,278779,Alessandro Vogliacco,Defender,https://commons.wikimedia.org/wiki/Special:FilePath/RC%20Lens%20-%20Calcio%20Padova%20%2811-10-2018%29%207.jpg,2026/27 roster feed,Wikimedia Commons
Genoa,414538,Alin Kumer,Defender,,2025/26 squad carryover,Unavailable
Genoa,311173,Brooke Norton-Cuffy,Defender,,2026/27 roster feed,Unavailable
Genoa,386505,David Puczka,Defender,,2026/27 roster feed,Unavailable
Genoa,352751,Gabriele Calvani,Defender,,2026/27 roster feed,Unavailable
Genoa,259975,Johan Vásquez,Defender,,2026/27 roster feed,Unavailable
Genoa,419949,Kris Gecaj,Defender,,2025/26 squad carryover,Unavailable
Genoa,281736,Leo Østigard,Defender,,2026/27 roster feed,Unavailable
Genoa,421761,Lukas Klisys,Defender,,2025/26 squad carryover,Unavailable
Genoa,419268,Mamedi Doucouré,Defender,,2026/27 roster feed,Unavailable
Genoa,3098553,Marcelo Vaz,Defender,,2026/27 roster feed,Unavailable
Genoa,380679,Nils Zätterström,Defender,,2025/26 squad carryover,Unavailable
Genoa,350205,Sebastian Otoa,Defender,,2026/27 roster feed,Unavailable
Genoa,177862,Stefano Sabelli,Defender,,2026/27 roster feed,Unavailable
Genoa,421510,Wedtoin Ouedraogo,Defender,,2026/27 roster feed,Unavailable
Genoa,386271,Alessandro Debenedetti,Forward,,2026/27 roster feed,Unavailable
Genoa,182071,Caleb Ekuban,Forward,https://upload.wikimedia.org/wikipedia/commons/thumb/2/24/Frosinone_Calcio_-_Benito_Stirpe_-_vs_Genoa_14_5_2023_-_ANT_7399_-_Caleb_Ekuban_%28cropped%29.jpg/250px-Frosinone_Calcio_-_Benito_Stirpe_-_vs_Genoa_14_5_2023_-_ANT_7399_-_Caleb_Ekuban_%28cropped%29.jpg,2026/27 roster feed,Wikimedia Commons
Genoa,422030,Daniel Chiderah Ndulue,Forward,,2025/26 squad carryover,Unavailable
Genoa,423026,Elia Spicuglia,Forward,,2025/26 squad carryover,Unavailable
Genoa,329489,Elias Havel,Forward,https://upload.wikimedia.org/wikipedia/commons/thumb/b/b2/FC_Liefering_gegen_SKN_St._P%C3%B6lten_%2830._Juli_2021%29_55.jpg/250px-FC_Liefering_gegen_SKN_St._P%C3%B6lten_%2830._Juli_2021%29_55.jpg,2026/27 roster feed,Wikimedia Commons
Genoa,401482,Joi Nuredini,Forward,,2026/27 roster feed,Unavailable
Genoa,261054,Junior Messias,Forward,https://upload.wikimedia.org/wikipedia/commons/thumb/2/20/Junior_Messias.jpg/250px-Junior_Messias.jpg,2026/27 roster feed,Wikimedia Commons
Genoa,297220,Lorenzo Colombo,Forward,https://commons.wikimedia.org/wiki/Special:FilePath/Colombo%20Spielberg%202021.jpg,2026/27 roster feed,Wikimedia Commons
Genoa,389431,Lorenzo Venturino,Forward,,2026/27 roster feed,Unavailable
Genoa,187411,Maxwel Cornet,Forward,https://commons.wikimedia.org/wiki/Special:FilePath/Cornet%20West%20Ham.jpeg,2025/26 squad carryover,Wikimedia Commons
Genoa,347409,Seydou Fini,Forward,,2026/27 roster feed,Unavailable
Genoa,403234,Vitinha,Forward,https://upload.wikimedia.org/wikipedia/commons/thumb/4/44/Vitinha_USMNT_v_Portugal_Mar_31_2026-50_%28cropped%29.jpg/250px-Vitinha_USMNT_v_Portugal_Mar_31_2026-50_%28cropped%29.jpg,2026/27 roster feed,Wikimedia Commons
Genoa,158948,Benjamin Siegrist,Goalkeeper,https://commons.wikimedia.org/wiki/Special:FilePath/SwitzerlandU21%2001%20Benjamin%20Siegrist%20130606%20Sve-Sch%203-2%20184424%205650.jpg,2025/26 squad carryover,Wikimedia Commons
Genoa,210391,Daniele Sommariva,Goalkeeper,https://commons.wikimedia.org/wiki/Special:FilePath/Daniele%20Sommariva%20TV%20SEI%2C%202022%20%28cropped%29.png,2026/27 roster feed,Wikimedia Commons
Genoa,410399,Ernestas Lysionok,Goalkeeper,,2026/27 roster feed,Unavailable
Genoa,341773,Franz Stolz,Goalkeeper,,2026/27 roster feed,Unavailable
Genoa,205653,Justin Bijlow,Goalkeeper,https://commons.wikimedia.org/wiki/Special:FilePath/Go%20Ahead%20Eagles%20-%20Feyenoord%20-%2053679350950%20%28Justin%20Bijlow%29.jpg,2026/27 roster feed,Wikimedia Commons
Genoa,151649,Nicola Leali,Goalkeeper,https://commons.wikimedia.org/wiki/Special:FilePath/Leali1.png,2025/26 squad carryover,Wikimedia Commons
Genoa,416531,Rendijs Mihelsons,Goalkeeper,,2025/26 squad carryover,Unavailable
Genoa,358445,Alexsandro Amorim,Midfielder,,2026/27 roster feed,Unavailable
Genoa,3102575,Chec Bebel Doumbia,Midfielder,,2026/27 roster feed,Unavailable
Genoa,406191,Ethan Meichtry,Midfielder,,2026/27 roster feed,Unavailable
Genoa,401483,Filippo Carbone,Midfielder,,2025/26 squad carryover,Unavailable
Genoa,383999,Gaël Lafont,Midfielder,,2025/26 squad carryover,Unavailable
Genoa,257058,Hamed Traoré,Midfielder,,2026/27 roster feed,Unavailable
Genoa,365843,Hugo Cuenca,Midfielder,,2026/27 roster feed,Unavailable
Genoa,421509,Jacopo Grossi,Midfielder,,2025/26 squad carryover,Unavailable
Genoa,302948,Jean Onana,Midfielder,https://commons.wikimedia.org/wiki/Special:FilePath/Jean%20Onana%20%28cropped%29.jpg,2025/26 squad carryover,Wikimedia Commons
Genoa,387435,Marco Romano,Midfielder,https://commons.wikimedia.org/wiki/Special:FilePath/Marco%20Romano%202019.jpg,2025/26 squad carryover,Wikimedia Commons
Genoa,324256,Mikael Ellertsson,Midfielder,,2026/27 roster feed,Unavailable
Genoa,270884,Morten Frendrup,Midfielder,https://commons.wikimedia.org/wiki/Special:FilePath/Morten%20Frendrup%2C%20FC%20Salzburg%20gegen%20Br%C3%B8ndby%20IF%20%28Championsleague%20Play%20off%20Hinspiel%2017.%20August%202021%29.jpg,2026/27 roster feed,Wikimedia Commons
Genoa,346840,Patrizio Masini,Midfielder,,2026/27 roster feed,Unavailable
Genoa,208789,Ruslan Malinovskyi,Midfielder,https://commons.wikimedia.org/wiki/Special:FilePath/%D0%A0%D1%83%D1%81%D0%BB%D0%B0%D0%BD%20%D0%9C%D0%B0%D0%BB%D1%96%D0%BD%D0%BE%D0%B2%D1%81%D1%8C%D0%BA%D0%B8%D0%B9%20%28cropped%29.jpg,2025/26 squad carryover,Wikimedia Commons
Genoa,418840,Samuel Wiafe,Midfielder,,2026/27 roster feed,Unavailable
Internazionale,249280,Alessandro Bastoni,Defender,https://commons.wikimedia.org/wiki/Special:FilePath/Norway%20Italy%20-%20June%202025%20A%2036%20%28cropped%29.jpg,2026/27 roster feed,Wikimedia Commons
Internazionale,215378,Benjamin Pavard,Defender,https://commons.wikimedia.org/wiki/Special:FilePath/Benjamin%20Pavard%2020180709.jpg,2026/27 roster feed,Wikimedia Commons
Internazionale,271769,Carlos Augusto,Defender,https://commons.wikimedia.org/wiki/Special:FilePath/FC%20Salzburg%20gegen%20Inter%20Mailand%20%28UEFA%20Championsleague%202023-11-08%29%2015.jpg,2026/27 roster feed,Wikimedia Commons
Internazionale,387831,Christos Alexiou,Defender,,2025/26 squad carryover,Unavailable
Internazionale,213248,Denzel Dumfries,Defender,https://upload.wikimedia.org/wikipedia/commons/thumb/b/b7/Edison_ndreca_inter_egnati_%28cropped_Denzel_Dumfries%29.jpg/250px-Edison_ndreca_inter_egnati_%28cropped_Denzel_Dumfries%29.jpg,2025/26 squad carryover,Wikimedia Commons
Internazionale,194748,Federico Dimarco,Defender,https://commons.wikimedia.org/wiki/Special:FilePath/Norway%20Italy%20-%20June%202025%20A%2026%20%28cropped%29.jpg,2026/27 roster feed,Wikimedia Commons
Internazionale,148842,Francesco Acerbi,Defender,https://commons.wikimedia.org/wiki/Special:FilePath/Francesco%20Acerbi%202021.jpg,2025/26 squad carryover,Wikimedia Commons
Internazionale,403808,Leonardo Bovio,Defender,,2026/27 roster feed,Unavailable
Internazionale,214562,Manuel Akanji,Defender,https://commons.wikimedia.org/wiki/Special:FilePath/2023-10-04%20Fu%C3%9Fball%2C%20M%C3%A4nner%2C%20UEFA%20Champions%20League%2C%20RB%20Leipzig%20-%20Manchester%20City%20FC%201DX%202792%20%28Manuel%20Akanji%29.jpg,2026/27 roster feed,Wikimedia Commons
Internazionale,387835,Matteo Cocchi,Defender,,2025/26 squad carryover,Unavailable
Internazionale,91873,Matteo Darmian,Defender,https://commons.wikimedia.org/wiki/Special:FilePath/20150616%20-%20Portugal%20-%20Italie%20-%20Gen%C3%A8ve%20-%20Matteo%20Darmian%201.jpg,2025/26 squad carryover,Wikimedia Commons
Internazionale,412245,Mattia Marello,Defender,,2026/27 roster feed,Unavailable
Internazionale,412248,Simone Cinquegrano,Defender,,2025/26 squad carryover,Unavailable
Internazionale,141443,Stefan de Vrij,Defender,https://commons.wikimedia.org/wiki/Special:FilePath/FC%20Salzburg%20gegen%20Inter%20Mailand%20%28Testspiel%202023-08-09%29%2067%20-%20Stefan%20de%20Vrij%20%28cropped%29.jpg,2025/26 squad carryover,Wikimedia Commons
Internazionale,266660,Yann Bisseck,Defender,,2026/27 roster feed,Unavailable
Internazionale,412249,Yvan Maye,Defender,,2026/27 roster feed,Unavailable
Internazionale,309185,Ange-Yoan Bonny,Forward,https://upload.wikimedia.org/wikipedia/commons/thumb/d/de/Ange-Yoan_Bonny_Cote_D%27Ivoire_v_Ecuador_14_June_2026-54.jpg/250px-Ange-Yoan_Bonny_Cote_D%27Ivoire_v_Ecuador_14_June_2026-54.jpg,2026/27 roster feed,Wikimedia Commons
Internazionale,410613,Jamal Iddrissou,Forward,,2026/27 roster feed,Unavailable
Internazionale,219713,Lautaro Martínez,Forward,https://upload.wikimedia.org/wikipedia/commons/thumb/e/e9/Lautaro_Martinez_Argentina_v_Spain_19_July_2026-049_%28cropped%29.jpg/250px-Lautaro_Martinez_Argentina_v_Spain_19_July_2026-049_%28cropped%29.jpg,2026/27 roster feed,Wikimedia Commons
Internazionale,286369,Luis Henrique,Forward,https://commons.wikimedia.org/wiki/Special:FilePath/Lens%20-%20Marseille%20%2803-02-2021%29%2015.jpg,2026/27 roster feed,Wikimedia Commons
Internazionale,217331,Marcus Thuram,Forward,https://upload.wikimedia.org/wikipedia/commons/thumb/0/0a/Marcus_Thuram_France_v_Senegal_16_June_2026-261_%28cropped%29.jpg/250px-Marcus_Thuram_France_v_Senegal_16_June_2026-261_%28cropped%29.jpg,2026/27 roster feed,Wikimedia Commons
Internazionale,402778,Matteo Lavelli,Forward,,2026/27 roster feed,Unavailable
Internazionale,402511,Matteo Spinaccè,Forward,,2025/26 squad carryover,Unavailable
Internazionale,409051,Mattia Mosconi,Forward,,2026/27 roster feed,Unavailable
Internazionale,362674,Pio Esposito,Forward,https://upload.wikimedia.org/wikipedia/commons/thumb/e/ea/Francesco_Pio_Esposito_a_La_Spezia.jpg/250px-Francesco_Pio_Esposito_a_La_Spezia.jpg,2026/27 roster feed,Wikimedia Commons
Internazionale,400734,Alain Taho,Goalkeeper,,2025/26 squad carryover,Unavailable
Internazionale,366428,Alessandro Calligaris,Goalkeeper,,2025/26 squad carryover,Unavailable
Internazionale,181836,Ivan Provedel,Goalkeeper,,2026/27 roster feed,Unavailable
Internazionale,240533,Josep Martínez,Goalkeeper,,2026/27 roster feed,Unavailable
Internazionale,3112255,Matteo Farronato,Goalkeeper,,2026/27 roster feed,Unavailable
Internazionale,181322,Raffaele Di Gennaro,Goalkeeper,,2026/27 roster feed,Unavailable
Internazionale,93197,Yann Sommer,Goalkeeper,https://commons.wikimedia.org/wiki/Special:FilePath/Yann%20Sommer%20%28cropped%29.jpg,2025/26 squad carryover,Wikimedia Commons
Internazionale,240109,Aleksandar Stankovic,Midfielder,,2026/27 roster feed,Unavailable
Internazionale,319167,Andy Diouf,Midfielder,https://commons.wikimedia.org/wiki/Special:FilePath/Andy%20Diouf%20ASSE%20RCL%202425.jpg,2026/27 roster feed,Wikimedia Commons
Internazionale,250850,Davide Frattesi,Midfielder,https://commons.wikimedia.org/wiki/Special:FilePath/FC%20Salzburg%20gegen%20Inter%20Mailand%20%28UEFA%20Championsleague%202023-11-08%29%2014%20%28cropped%29.jpg,2026/27 roster feed,Wikimedia Commons
Internazionale,362776,Ebenezer Akinsanmiro,Midfielder,,2026/27 roster feed,Unavailable
Internazionale,170785,Hakan Çalhanoglu,Midfielder,,2026/27 roster feed,Unavailable
Internazionale,147625,Henrikh Mkhitaryan,Midfielder,https://commons.wikimedia.org/wiki/Special:FilePath/Henrikh%20Mkhitaryan%202017.jpg,2026/27 roster feed,Wikimedia Commons
Internazionale,357109,Issiaka Kamate,Midfielder,,2025/26 squad carryover,Unavailable
Internazionale,322311,Ivo Kaczmarski,Midfielder,,2025/26 squad carryover,Unavailable
Internazionale,308881,Kristjan Asllani,Midfielder,https://commons.wikimedia.org/wiki/Special:FilePath/Kristjan%20Asllani%2C%20FC%20Salzburg%20gegen%20Inter%20Mailand%20%28UEFA%20Championsleague%202023-11-08%29%2063%20%28cropped%29.jpg,2026/27 roster feed,Wikimedia Commons
Internazionale,409052,Leonardo Bovo,Midfielder,,2025/26 squad carryover,Unavailable
Internazionale,364026,Luka Topalovic,Midfielder,,2026/27 roster feed,Unavailable
Internazionale,204441,Nicolò Barella,Midfielder,https://commons.wikimedia.org/wiki/Special:FilePath/Nicol%C3%B2%20Barella%20in%202021.jpg,2026/27 roster feed,Wikimedia Commons
Internazionale,341494,Petar Sucic,Midfielder,,2026/27 roster feed,Unavailable
Internazionale,177782,Piotr Zielinski,Midfielder,,2026/27 roster feed,Unavailable
Internazionale,387830,Thomas Berenbruch,Midfielder,,2025/26 squad carryover,Unavailable
Internazionale,345390,Yanis Massolin,Midfielder,,2026/27 roster feed,Unavailable
Juventus,308029,Andrea Cambiaso,Defender,,2026/27 roster feed,Unavailable
Juventus,258307,Bremer,Defender,https://commons.wikimedia.org/wiki/Special:FilePath/Bremer%20Brazil%20V%20Morocco%2013%20June%202026-143%20%28cropped%29.jpg,2026/27 roster feed,Wikimedia Commons
Juventus,270400,Bruno Martinez,Defender,,2025/26 squad carryover,Unavailable
Juventus,181673,Daniele Rugani,Defender,https://commons.wikimedia.org/wiki/Special:FilePath/Norway%20Italy%20-%20June%202025%20A%2027%20%28Daniele%20Rugani%29.jpg,2026/27 roster feed,Wikimedia Commons
Juventus,323147,Federico Gatti,Defender,https://commons.wikimedia.org/wiki/Special:FilePath/Frosinone%20Calcio%20-%20Federico%20Gatti%20-%20MS%201%20cut.jpg,2026/27 roster feed,Wikimedia Commons
Juventus,395579,Javier Gil,Defender,,2026/27 roster feed,Unavailable
Juventus,355999,Jonas Rouhi,Defender,,2026/27 roster feed,Unavailable
Juventus,139008,João Mário,Defender,https://commons.wikimedia.org/wiki/Special:FilePath/Loco-SportLis%20%285%29.jpg,2026/27 roster feed,Wikimedia Commons
Juventus,24412,Juan Cabal,Defender,,2026/27 roster feed,Unavailable
Juventus,243787,Lloyd Kelly,Defender,https://commons.wikimedia.org/wiki/Special:FilePath/Lloyd%20Kelly%202020.png,2026/27 roster feed,Wikimedia Commons
Juventus,397463,Niccolò Rizzo,Defender,,2025/26 squad carryover,Unavailable
Juventus,290129,Pierre Kalulu,Defender,https://commons.wikimedia.org/wiki/Special:FilePath/PierreKalulu2022.jpg,2026/27 roster feed,Wikimedia Commons
Juventus,379549,Shane Van Aarle,Defender,,2026/27 roster feed,Unavailable
Juventus,271873,Zeki Çelik,Defender,https://commons.wikimedia.org/wiki/Special:FilePath/Zeki%20%C3%A7elik%202020.jpg,2026/27 roster feed,Wikimedia Commons
Juventus,179359,Arkadiusz Milik,Forward,https://upload.wikimedia.org/wikipedia/commons/thumb/c/ce/Lens_-_Marseille_%2803-02-2021%29_44.jpg/250px-Lens_-_Marseille_%2803-02-2021%29_44.jpg,2026/27 roster feed,Wikimedia Commons
Juventus,3102531,Arman Durmiši,Forward,,2026/27 roster feed,Unavailable
Juventus,404034,Destiny Elimoghale,Forward,,2026/27 roster feed,Unavailable
Juventus,235677,Dusan Vlahovic,Forward,,2026/27 roster feed,Unavailable
Juventus,260300,Edon Zhegrova,Forward,https://upload.wikimedia.org/wikipedia/commons/thumb/9/9c/Zhegrova_asselosc_2425_%28cropped%29.jpg/250px-Zhegrova_asselosc_2425_%28cropped%29.jpg,2026/27 roster feed,Wikimedia Commons
Juventus,312659,Francisco Conceição,Forward,https://upload.wikimedia.org/wikipedia/commons/thumb/a/a7/Francisco_Conceicao_Croatia_v_Portugal_2_July_2026-256.jpg/250px-Francisco_Conceicao_Croatia_v_Portugal_2_July_2026-256.jpg,2026/27 roster feed,Wikimedia Commons
Juventus,388606,Jeff Ekhator,Forward,,2026/27 roster feed,Unavailable
Juventus,273499,Jonathan David,Forward,https://upload.wikimedia.org/wikipedia/commons/thumb/6/63/Jonathan_David_Canada_v_Qatar_18_June_2026-242_%28cropped%29.jpg/250px-Jonathan_David_Canada_v_Qatar_18_June_2026-242_%28cropped%29.jpg,2026/27 roster feed,Wikimedia Commons
Juventus,349101,Justin Oboavwoduo,Forward,,2026/27 roster feed,Unavailable
Juventus,206153,Jérémie Boga,Forward,https://upload.wikimedia.org/wikipedia/commons/thumb/5/55/Boga_asse_ogcn_2425.png/250px-Boga_asse_ogcn_2425.png,2026/27 roster feed,Wikimedia Commons
Juventus,366509,Kenan Yildiz,Forward,,2026/27 roster feed,Unavailable
Juventus,387439,Lorenzo Anghelè,Forward,,2025/26 squad carryover,Unavailable
Juventus,276265,Loïs Openda,Forward,https://upload.wikimedia.org/wikipedia/commons/thumb/a/ac/Lo%C3%AFs_Openda_USMNT_v_Belgium_Mar_28_2026-19_%28cropped%29.jpg/250px-Lo%C3%AFs_Openda_USMNT_v_Belgium_Mar_28_2026-19_%28cropped%29.jpg,2025/26 squad carryover,Wikimedia Commons
Juventus,76017,Nico González,Forward,,2026/27 roster feed,Unavailable
Juventus,121036,Carlo Pinsoglio,Goalkeeper,https://commons.wikimedia.org/wiki/Special:FilePath/1carlopinsoglio2015.jpg,2026/27 roster feed,Wikimedia Commons
Juventus,408851,Matteo Fuscaldo,Goalkeeper,,2025/26 squad carryover,Unavailable
Juventus,146683,Mattia Perin,Goalkeeper,https://commons.wikimedia.org/wiki/Special:FilePath/Mattia%20Perin%202016.jpg,2026/27 roster feed,Wikimedia Commons
Juventus,240055,Michele Di Gregorio,Goalkeeper,https://commons.wikimedia.org/wiki/Special:FilePath/Di%20Gregorio%2C%20Monza%20v%20Alessandria%20%282021%29%20%28cropped%29.jpg,2026/27 roster feed,Wikimedia Commons
Juventus,418135,Raffaele Huli,Goalkeeper,,2025/26 squad carryover,Unavailable
Juventus,421739,Riccardo Radu,Goalkeeper,,2025/26 squad carryover,Unavailable
Juventus,354804,Simone Scaglia,Goalkeeper,,2025/26 squad carryover,Unavailable
Juventus,414157,Stefano Mangiapoco,Goalkeeper,,2025/26 squad carryover,Unavailable
Juventus,388139,Adin Licina,Midfielder,,2026/27 roster feed,Unavailable
Juventus,216254,Arthur,Midfielder,https://r2.thesportsdb.com/images/media/player/thumb/u4zhyl1741447963.jpg,2026/27 roster feed,TheSportsDB
Juventus,397258,Augusto Owusu,Midfielder,,2026/27 roster feed,Unavailable
Juventus,320074,Douglas Luiz,Midfielder,https://commons.wikimedia.org/wiki/Special:FilePath/Douglas%20Luiz%20April%202026%20%28cropped%29.jpg,2026/27 roster feed,Wikimedia Commons
Juventus,323975,Fabio Miretti,Midfielder,https://commons.wikimedia.org/wiki/Special:FilePath/UEFA%20Youth%20League%20Zenit-Juventus%2C%202021-10-20%2003%20%28cropped%29.jpg,2026/27 roster feed,Wikimedia Commons
Juventus,174496,Filip Kostic,Midfielder,,2026/27 roster feed,Unavailable
Juventus,283139,Khéphren Thuram,Midfielder,https://commons.wikimedia.org/wiki/Special:FilePath/Lens%20-%20Nice%20%2823-01-2021%29%2036%20%28cropped%29.jpg,2026/27 roster feed,Wikimedia Commons
Juventus,217538,Manuel Locatelli,Midfielder,https://commons.wikimedia.org/wiki/Special:FilePath/MANUEL%20LOCATELLI%20-%20ZENIT%20vs%20JUVENTUS.jpg,2026/27 roster feed,Wikimedia Commons
Juventus,258968,Teun Koopmeiners,Midfielder,https://commons.wikimedia.org/wiki/Special:FilePath/Teun%20Koopmeiners%20Manchester%20United%20v%20Atalanta%20BC%2C%2020%20October%202021%20%2812%29%20%28cropped%29.jpg,2026/27 roster feed,Wikimedia Commons
Juventus,344917,Vasilije Adzic,Midfielder,,2026/27 roster feed,Unavailable
Juventus,256715,Weston McKennie,Midfielder,https://commons.wikimedia.org/wiki/Special:FilePath/Weston%20McKennie%20USMNT%20v%20Belgium%20Mar%2028%202026-68%20%28cropped%29.jpg,2026/27 roster feed,Wikimedia Commons
Lazio,218105,Adam Marusic,Defender,,2026/27 roster feed,Unavailable
Lazio,177816,Alessio Romagnoli,Defender,https://commons.wikimedia.org/wiki/Special:FilePath/Alessio%20Romagnoli%20Luglio%202022.png,2026/27 roster feed,Wikimedia Commons
Lazio,218439,Alfonso Pedraza,Defender,https://commons.wikimedia.org/wiki/Special:FilePath/Alfonso%20Pedraza.jpg,2026/27 roster feed,Wikimedia Commons
Lazio,233622,Danilho Doekhi,Defender,https://r2.thesportsdb.com/images/media/player/thumb/ek3otf1548163138.jpg,2026/27 roster feed,TheSportsDB
Lazio,167601,Elseid Hysaj,Defender,https://upload.wikimedia.org/wikipedia/commons/thumb/e/e4/Elseid_Hysaj%2C_FC_Salzburg_versus_SSC_Napoli_%28UEFA_Euroleague_Achtelfinalr%C3%BCckspiel_14._M%C3%A4rz_2019%29_08_%28cropped%29.jpg/250px-Elseid_Hysaj%2C_FC_Salzburg_versus_SSC_Napoli_%28UEFA_Euroleague_Achtelfinalr%C3%BCckspiel_14._M%C3%A4rz_2019%29_08_%28cropped%29.jpg,2025/26 squad carryover,Wikimedia Commons
Lazio,359380,Filipe Bordon,Defender,,2026/27 roster feed,Unavailable
Lazio,251144,Luca Pellegrini,Defender,https://commons.wikimedia.org/wiki/Special:FilePath/Luca%20Pellegrini%20-%2033%C2%B0%20Lovers%20Film%20Festival%20%282018%29.jpg,2026/27 roster feed,Wikimedia Commons
Lazio,288901,Nuno Tavares,Defender,https://commons.wikimedia.org/wiki/Special:FilePath/Nuno%20Tavares%202019.png,2026/27 roster feed,Wikimedia Commons
Lazio,333311,Oliver Provstgaard,Defender,,2026/27 roster feed,Unavailable
Lazio,169818,Patric,Defender,,2026/27 roster feed,Unavailable
Lazio,330041,Romano Floriani,Defender,,2026/27 roster feed,Unavailable
Lazio,191102,Samuel Gigot,Defender,https://commons.wikimedia.org/wiki/Special:FilePath/Samuel%20Gigot%202022.jpg,2026/27 roster feed,Wikimedia Commons
Lazio,282381,Boulaye Dia,Forward,https://upload.wikimedia.org/wikipedia/commons/thumb/8/80/Boulaye_Dia_Reims_%28cropped%29.jpg/250px-Boulaye_Dia_Reims_%28cropped%29.jpg,2026/27 roster feed,Wikimedia Commons
Lazio,399454,Federico Serra,Forward,,2025/26 squad carryover,Unavailable
Lazio,300009,Gabriele Artistico,Forward,,2026/27 roster feed,Unavailable
Lazio,291550,Gustav Isaksen,Forward,,2026/27 roster feed,Unavailable
Lazio,308944,Matteo Cancellieri,Forward,,2026/27 roster feed,Unavailable
Lazio,114032,Pedro,Forward,https://commons.wikimedia.org/wiki/Special:FilePath/Pedro%20in%20Zenit%202024.jpg,2025/26 squad carryover,Wikimedia Commons
Lazio,342136,Petar Ratkov,Forward,https://commons.wikimedia.org/wiki/Special:FilePath/FC%20Red%20Bull%20Salzburg%20gegen%20FC%20Nordsjaelland%20%28Testspiel%202023-07-08%29%2077.jpg,2026/27 roster feed,Wikimedia Commons
Lazio,369003,Saná Fernandes,Forward,,2025/26 squad carryover,Unavailable
Lazio,323113,Tijjani Noslin,Forward,https://commons.wikimedia.org/wiki/Special:FilePath/Tijjani%20Noslin.jpg,2026/27 roster feed,Wikimedia Commons
Lazio,288361,Alessio Furlanetto,Goalkeeper,,2026/27 roster feed,Unavailable
Lazio,265140,Christos Mandas,Goalkeeper,https://commons.wikimedia.org/wiki/Special:FilePath/Christos%20Mandas%2009052026%20%283%29.jpg,2026/27 roster feed,Wikimedia Commons
Lazio,359647,Davide Renzetti,Goalkeeper,,2026/27 roster feed,Unavailable
Lazio,367320,Edoardo Motta,Goalkeeper,,2026/27 roster feed,Unavailable
Lazio,419966,Giacomo Giacomone,Goalkeeper,,2025/26 squad carryover,Unavailable
Lazio,421855,Nicolo Pannozzo,Goalkeeper,,2025/26 squad carryover,Unavailable
Lazio,364224,Adrian Przyborek,Midfielder,,2026/27 roster feed,Unavailable
Lazio,3102821,Bruno Galassi,Midfielder,,2026/27 roster feed,Unavailable
Lazio,178627,Danilo Cataldi,Midfielder,https://commons.wikimedia.org/wiki/Special:FilePath/Danilo%20Cataldi%202020.jpg,2026/27 roster feed,Wikimedia Commons
Lazio,295515,Fisayo Dele-Bashiru,Midfielder,,2026/27 roster feed,Unavailable
Lazio,282228,Kenneth Taylor,Midfielder,https://commons.wikimedia.org/wiki/Special:FilePath/GAE%20-%20Ajax%20-%2052788474930%20%28Kenneth%20Taylor%29.jpg,2026/27 roster feed,Wikimedia Commons
Lazio,241430,Manuel Lazzari,Midfielder,https://commons.wikimedia.org/wiki/Special:FilePath/Manuel%20Lazzari02%20%28cropped%29.jpg,2026/27 roster feed,Wikimedia Commons
Lazio,204669,Mattia Zaccagni,Midfielder,https://commons.wikimedia.org/wiki/Special:FilePath/Mattia%20Zaccagni%202021.jpg,2026/27 roster feed,Wikimedia Commons
Lazio,285969,Nicolò Rovella,Midfielder,https://commons.wikimedia.org/wiki/Special:FilePath/Norway%20Italy%20-%20June%202025%20A%2022%20%28cropped%29.jpg,2026/27 roster feed,Wikimedia Commons
Lazio,345323,Reda Belahyane,Midfielder,,2026/27 roster feed,Unavailable
Lazio,411164,Valerio Farcomeni,Midfielder,,2025/26 squad carryover,Unavailable
Lecce,277441,Antonino Gallo,Defender,https://commons.wikimedia.org/wiki/Special:FilePath/Antonino%20Gallo%20-%202023.jpg,2026/27 roster feed,Wikimedia Commons
Lecce,287673,Corrie Ndaba,Defender,,2026/27 roster feed,Unavailable
Lecce,344844,Danilo Veiga,Defender,,2026/27 roster feed,Unavailable
Lecce,346283,Gaby Jean,Defender,https://commons.wikimedia.org/wiki/Special:FilePath/Gaby%20Jean%20Lecce%202024.jpg,2026/27 roster feed,Wikimedia Commons
Lecce,307391,Jamil Siebert,Defender,https://commons.wikimedia.org/wiki/Special:FilePath/Jamiel-Siebert-2025.jpg,2026/27 roster feed,Wikimedia Commons
Lecce,318604,Kialonda Gaspar,Defender,,2026/27 roster feed,Unavailable
Lecce,386020,Matías Pérez,Defender,https://commons.wikimedia.org/wiki/Special:FilePath/%C2%AB%D0%9E%D1%80%D0%B5%D0%BD%D0%B1%D1%83%D1%80%D0%B3%C2%BB%20%E2%80%94%20%C2%AB%D0%97%D0%B5%D0%BD%D0%B8%D1%82%C2%BB%201%20%28cropped%29.jpg,2026/27 roster feed,Wikimedia Commons
Lecce,388877,Owen Kouassi,Defender,,2026/27 roster feed,Unavailable
Lecce,362180,Sebastian Esposito,Defender,,2026/27 roster feed,Unavailable
Lecce,379865,Tiago Gabriel,Defender,,2026/27 roster feed,Unavailable
Lecce,387946,Vernon Addo,Defender,,2026/27 roster feed,Unavailable
Lecce,286582,Konan N’Dri,Forward,,2026/27 roster feed,Unavailable
Lecce,3098212,Miloš Jović,Forward,,2026/27 roster feed,Unavailable
Lecce,304512,Nikola Stulic,Forward,,2026/27 roster feed,Unavailable
Lecce,325051,Rares Burnete,Forward,,2026/27 roster feed,Unavailable
Lecce,288429,Santiago Pierotti,Forward,,2026/27 roster feed,Unavailable
Lecce,308318,Alexandru Borbei,Goalkeeper,,2026/27 roster feed,Unavailable
Lecce,259054,Christian Früchtl,Goalkeeper,https://commons.wikimedia.org/wiki/Special:FilePath/FC%20Liefering%20gegen%20FC%20Bayern%20M%C3%BCnchen%20UDreiundzwanzig%2045%20%28cropped%29.jpg,2026/27 roster feed,Wikimedia Commons
Lecce,415700,Daniele Bleve,Goalkeeper,,2025/26 squad carryover,Unavailable
Lecce,332018,Jasper Samooja,Goalkeeper,,2026/27 roster feed,Unavailable
Lecce,409073,Plamen Penev,Goalkeeper,,2025/26 squad carryover,Unavailable
Lecce,177812,Wladimiro Falcone,Goalkeeper,https://commons.wikimedia.org/wiki/Special:FilePath/Milan%20Lecce%202023%20Falcone.jpg,2026/27 roster feed,Wikimedia Commons
Lecce,304928,Filip Marchwinski,Midfielder,,2025/26 squad carryover,Unavailable
Lecce,267910,Lameck Banda,Midfielder,https://commons.wikimedia.org/wiki/Special:FilePath/Lameck%20Banda%202019.jpg,2026/27 roster feed,Wikimedia Commons
Lecce,223947,Lassana Coulibaly,Midfielder,https://commons.wikimedia.org/wiki/Special:FilePath/Lens%20-%20Angers%20%2829-11-2020%29%2025.jpg,2026/27 roster feed,Wikimedia Commons
Lecce,341756,Medon Berisha,Midfielder,,2026/27 roster feed,Unavailable
Lecce,223292,Mohamed Kaba,Midfielder,https://commons.wikimedia.org/wiki/Special:FilePath/Mohamed%20Kaba.jpg,2026/27 roster feed,Wikimedia Commons
Lecce,391033,Niko Kovac,Midfielder,,2026/27 roster feed,Unavailable
Lecce,374812,Olaf Gorter,Midfielder,,2026/27 roster feed,Unavailable
Lecce,326642,Omri Gandelman,Midfielder,https://commons.wikimedia.org/wiki/Special:FilePath/Omri%20Gandelman%202022%20%28cropped%29.jpg,2026/27 roster feed,Wikimedia Commons
Lecce,334793,Oumar Ngom,Midfielder,,2026/27 roster feed,Unavailable
Lecce,324661,Sadik Fofana,Midfielder,,2026/27 roster feed,Unavailable
Lecce,237455,Ylber Ramadani,Midfielder,,2025/26 squad carryover,Unavailable
Lecce,241405,Youssef Maleh,Midfielder,,2026/27 roster feed,Unavailable
Lecce,119310,Álex Sala,Midfielder,,2025/26 squad carryover,Unavailable
Monza,355859,Adam Bakoune,Defender,,2026/27 roster feed,Unavailable
Monza,301278,Andrea Carboni,Defender,,2026/27 roster feed,Unavailable
Monza,249336,Arvid Brorsson,Defender,,2026/27 roster feed,Unavailable
Monza,250460,Demba Thiam,Defender,https://commons.wikimedia.org/wiki/Special:FilePath/RC%20Lens%20-%20USL%20Dunkerque%20%2808-07-2023%29%2035.jpg,2026/27 roster feed,Wikimedia Commons
Monza,390673,Eddy Kouadio,Defender,,2026/27 roster feed,Unavailable
Monza,250672,Filippo Delli Carri,Defender,,2026/27 roster feed,Unavailable
Monza,3108882,Lorenzo Colonnese,Defender,,2026/27 roster feed,Unavailable
Monza,367635,Lorenzo Lucchesi,Defender,https://commons.wikimedia.org/wiki/Special:FilePath/AC%20Monza%20vs.%20UC%20Sampdoria%2C%2020%20September%202025%2014%20%28Lorenzo%20Lucchesi%29.jpg,2026/27 roster feed,Wikimedia Commons
Monza,219216,Luca Ravanelli,Defender,https://commons.wikimedia.org/wiki/Special:FilePath/Luca%20Ravanelli%2020%20G%20-%20Frosinone%20Calcio%20-%20DSC%204873%20AF%20%28cropped%29.jpg,2025/26 squad carryover,Wikimedia Commons
Monza,3108885,Manuel Villa,Defender,,2026/27 roster feed,Unavailable
Monza,3108884,Mattia Attinasi,Defender,,2026/27 roster feed,Unavailable
Monza,259871,Ricardo Mangas,Defender,,2026/27 roster feed,Unavailable
Monza,248440,Samuele Birindelli,Defender,https://upload.wikimedia.org/wikipedia/commons/thumb/b/b5/INTER_MONZA_2025.png/250px-INTER_MONZA_2025.png,2026/27 roster feed,Wikimedia Commons
Monza,409063,Samuele Capolupo,Defender,,2025/26 squad carryover,Unavailable
Monza,409062,Saverio Domanico,Defender,,2025/26 squad carryover,Unavailable
Monza,274733,Valentin Antov,Defender,https://commons.wikimedia.org/wiki/Special:FilePath/Valentin%20Antov%20in%202018.jpg,2026/27 roster feed,Wikimedia Commons
Monza,181098,Andrea Petagna,Forward,https://upload.wikimedia.org/wikipedia/commons/thumb/2/22/AndreaPetagna_02.jpg/250px-AndreaPetagna_02.jpg,2026/27 roster feed,Wikimedia Commons
Monza,235453,Dany Mota,Forward,https://upload.wikimedia.org/wikipedia/commons/thumb/7/78/Dany_Mota%2C_2020.jpg/250px-Dany_Mota%2C_2020.jpg,2026/27 roster feed,Wikimedia Commons
Monza,292236,Guiseppe Caso,Forward,,2025/26 squad carryover,Unavailable
Monza,384482,Gustavo Varela,Forward,https://commons.wikimedia.org/wiki/Special:FilePath/Schalke%20Varela03.jpg,2026/27 roster feed,Wikimedia Commons
Monza,184883,Keita Baldé,Forward,https://upload.wikimedia.org/wikipedia/commons/thumb/0/03/Keita_Bald%C3%A9_2022.jpg/250px-Keita_Bald%C3%A9_2022.jpg,2026/27 roster feed,Wikimedia Commons
Monza,197764,Kevin Martins,Forward,,2026/27 roster feed,Unavailable
Monza,416515,Mathis Mout,Forward,,2026/27 roster feed,Unavailable
Monza,191239,Mirko Maric,Forward,,2025/26 squad carryover,Unavailable
Monza,325554,Omari Forson,Forward,,2026/27 roster feed,Unavailable
Monza,192743,Patrick Ciurria,Forward,https://upload.wikimedia.org/wikipedia/commons/thumb/b/b5/AC_Monza_vs._UC_Sampdoria%2C_20_September_2025_03_%28Patrick_Ciurria%29.jpg/250px-AC_Monza_vs._UC_Sampdoria%2C_20_September_2025_03_%28Patrick_Ciurria%29.jpg,2026/27 roster feed,Wikimedia Commons
Monza,238885,Patrick Cutrone,Forward,https://commons.wikimedia.org/wiki/Special:FilePath/Patrick%20Cutrone%202021.png,2026/27 roster feed,Wikimedia Commons
Monza,198799,Paulo Azzi,Forward,https://upload.wikimedia.org/wikipedia/commons/thumb/c/c5/Paulo_Azzi_%28cropped_2%29.jpg/250px-Paulo_Azzi_%28cropped_2%29.jpg,2025/26 squad carryover,Wikimedia Commons
Monza,409064,Rosindo Zanni,Forward,,2025/26 squad carryover,Unavailable
Monza,397386,Solomon Loubao,Forward,,2026/27 roster feed,Unavailable
Monza,409565,Aljaz Strajnar,Goalkeeper,,2026/27 roster feed,Unavailable
Monza,393426,Andrea Vailati,Goalkeeper,,2025/26 squad carryover,Unavailable
Monza,270186,Semuel Pizzignacco,Goalkeeper,,2026/27 roster feed,Unavailable
Monza,272892,Andrea Colpani,Midfielder,https://commons.wikimedia.org/wiki/Special:FilePath/AC%20Monza%202022%20Serie%20A%20celebration%2024%20%28Colpani%29.jpg,2026/27 roster feed,Wikimedia Commons
Monza,3108879,Danilo Treffiletti,Midfielder,,2026/27 roster feed,Unavailable
Monza,3108880,Dennis Pierangelo Scifo,Midfielder,,2026/27 roster feed,Unavailable
Monza,418086,Francesco Reita,Midfielder,,2025/26 squad carryover,Unavailable
Monza,3108881,Giuseppe Martone,Midfielder,,2026/27 roster feed,Unavailable
Monza,198980,Hernani,Midfielder,https://commons.wikimedia.org/wiki/Special:FilePath/Hernaniko%20erdigunea.JPG,2025/26 squad carryover,Wikimedia Commons
Monza,353013,Leonardo Colombo,Midfielder,,2026/27 roster feed,Unavailable
Monza,376261,Manga Foe Ondoa,Midfielder,,2026/27 roster feed,Unavailable
Monza,3108883,Marco Buonaiuto,Midfielder,,2026/27 roster feed,Unavailable
Monza,224455,Matteo Pessina,Midfielder,https://commons.wikimedia.org/wiki/Special:FilePath/Matteo%20Pessina%20%28cropped%29.jpg,2026/27 roster feed,Wikimedia Commons
Monza,308288,Nicolas Galazzi,Midfielder,https://commons.wikimedia.org/wiki/Special:FilePath/AC%20Monza%20vs.%20UC%20Sampdoria%2C%2020%20September%202025%2004%20%28Nicolas%20Galazzi%29.jpg,2026/27 roster feed,Wikimedia Commons
Monza,417604,Nicolò Ballabio,Midfielder,,2026/27 roster feed,Unavailable
Monza,131209,Pedro Obiang,Midfielder,https://commons.wikimedia.org/wiki/Special:FilePath/HPIMObiang.jpg,2025/26 squad carryover,Wikimedia Commons
Napoli,252605,Alessandro Buongiorno,Defender,https://commons.wikimedia.org/wiki/Special:FilePath/Lens%20-%20Torino%20FC%20%2802-08-2023%29%2047%20%28cropped%29.jpg,2026/27 roster feed,Wikimedia Commons
Napoli,205576,Amir Rrahmani,Defender,,2026/27 roster feed,Unavailable
Napoli,418210,Christian Garofalo,Defender,,2026/27 roster feed,Unavailable
Napoli,155904,Giovanni Di Lorenzo,Defender,https://commons.wikimedia.org/wiki/Special:FilePath/Norway%20Italy%20-%20June%202025%20A%2020%20-%20Giovanni%20Di%20Lorenzo.jpg,2026/27 roster feed,Wikimedia Commons
Napoli,170663,Juan Jesus,Defender,https://commons.wikimedia.org/wiki/Special:FilePath/Juan%20Jesus%20Inter.jpg,2025/26 squad carryover,Wikimedia Commons
Napoli,148974,Leonardo Spinazzola,Defender,https://commons.wikimedia.org/wiki/Special:FilePath/Leonardo%20Spinazzola%2003.jpg,2026/27 roster feed,Wikimedia Commons
Napoli,367690,Luca Marianucci,Defender,,2026/27 roster feed,Unavailable
Napoli,234881,Mathías Olivera,Defender,https://commons.wikimedia.org/wiki/Special:FilePath/Math%C3%ADas%20Olivera%20WC2022.jpg,2026/27 roster feed,Wikimedia Commons
Napoli,290044,Miguel Gutiérrez,Defender,https://commons.wikimedia.org/wiki/Special:FilePath/Miguel%20Gutierrez%20%28Legavolley%202017%29.jpg,2026/27 roster feed,Wikimedia Commons
Napoli,368592,Nosa Obaretin,Defender,,2026/27 roster feed,Unavailable
Napoli,260188,Pasquale Mazzocchi,Defender,,2026/27 roster feed,Unavailable
Napoli,297360,Rafa Marín,Defender,,2026/27 roster feed,Unavailable
Napoli,261594,Sam Beukema,Defender,,2026/27 roster feed,Unavailable
Napoli,319697,Alisson Santos,Forward,,2026/27 roster feed,Unavailable
Napoli,283741,Cyril Ngonge,Forward,,2026/27 roster feed,Unavailable
Napoli,245637,David Neres,Forward,https://upload.wikimedia.org/wikipedia/commons/thumb/0/06/David_Neres_2017.jpg/250px-David_Neres_2017.jpg,2026/27 roster feed,Wikimedia Commons
Napoli,357855,Emanuele Rao,Forward,,2026/27 roster feed,Unavailable
Napoli,339953,Giovane,Forward,,2026/27 roster feed,Unavailable
Napoli,282564,Lorenzo Lucca,Forward,https://upload.wikimedia.org/wikipedia/commons/thumb/2/2b/Lorenzo_Lucca_high_five_%28cropped%2C_head_shot%29.jpg/250px-Lorenzo_Lucca_high_five_%28cropped%2C_head_shot%29.jpg,2026/27 roster feed,Wikimedia Commons
Napoli,387352,Lorenzo Sgarbi,Forward,,2026/27 roster feed,Unavailable
Napoli,188306,Matteo Politano,Forward,,2026/27 roster feed,Unavailable
Napoli,255344,Noa Lang,Forward,https://commons.wikimedia.org/wiki/Special:FilePath/Austria%20U-18%20vs.%20Netherlands%20U-18%202017-03-23%20%28094%29.jpg,2026/27 roster feed,Wikimedia Commons
Napoli,309273,Rasmus Højlund,Forward,https://commons.wikimedia.org/wiki/Special:FilePath/Rasmus%20H%C3%B8jlund%20with%20a%20fan.jpg,2026/27 roster feed,Wikimedia Commons
Napoli,139437,Romelu Lukaku,Forward,https://commons.wikimedia.org/wiki/Special:FilePath/Romelu%20Lukaku%202021.jpg,2026/27 roster feed,Wikimedia Commons
Napoli,292241,Walid Cheddira,Forward,https://commons.wikimedia.org/wiki/Special:FilePath/Cheddira%20%28cropped%29.jpg,2026/27 roster feed,Wikimedia Commons
Napoli,209746,Alex Meret,Goalkeeper,https://commons.wikimedia.org/wiki/Special:FilePath/Alex%20Meret%20%28cropped%29.jpg,2026/27 roster feed,Wikimedia Commons
Napoli,413630,David Spinelli,Goalkeeper,,2026/27 roster feed,Unavailable
Napoli,410798,Mathias Ferrante,Goalkeeper,,2025/26 squad carryover,Unavailable
Napoli,198082,Nikita Contini,Goalkeeper,,2026/27 roster feed,Unavailable
Napoli,219531,Vanja Milinkovic-Savic,Goalkeeper,,2026/27 roster feed,Unavailable
Napoli,332411,Antonio Vergara,Midfielder,,2026/27 roster feed,Unavailable
Napoli,274217,Billy Gilmour,Midfielder,https://commons.wikimedia.org/wiki/Special:FilePath/Billy%20Gilmour%202021-08-07%201%20%28cropped%29%20%28cropped%29.jpg,2026/27 roster feed,Wikimedia Commons
Napoli,368077,Coli Saco,Midfielder,,2026/27 roster feed,Unavailable
Napoli,237435,Eljif Elmas,Midfielder,https://commons.wikimedia.org/wiki/Special:FilePath/Elif%20Elmas%202021.jpg,2025/26 squad carryover,Wikimedia Commons
Napoli,416155,Emmanuele De Chiara,Midfielder,,2025/26 squad carryover,Unavailable
Napoli,416154,Francisco Baridó,Midfielder,,2026/27 roster feed,Unavailable
Napoli,215721,Frank Anguissa,Midfielder,,2026/27 roster feed,Unavailable
Napoli,274971,Jens Cajuste,Midfielder,https://commons.wikimedia.org/wiki/Special:FilePath/Jens%20Cajuste%2C%20Lens%20-%20Reims%20%2812-05-2023%29%20%28cropped%29.jpg,2026/27 roster feed,Wikimedia Commons
Napoli,278822,Jesper Lindstrom,Midfielder,,2026/27 roster feed,Unavailable
Napoli,134947,Kevin De Bruyne,Midfielder,https://commons.wikimedia.org/wiki/Special:FilePath/Kevin%20De%20Bruyne%20USMNT%20v%20Belgium%20Mar%2028%202026-64%20%28cropped%29.jpg,2026/27 roster feed,Wikimedia Commons
Napoli,252385,Michael Folorunsho,Midfielder,,2026/27 roster feed,Unavailable
Napoli,255850,Scott McTominay,Midfielder,https://commons.wikimedia.org/wiki/Special:FilePath/Scott%20McTominay%20Scotland%20v%20Bolivia%206%20June%202026-41.jpg,2026/27 roster feed,Wikimedia Commons
Napoli,188412,Stanislav Lobotka,Midfielder,https://commons.wikimedia.org/wiki/Special:FilePath/Stanislav%20Lobotka%202021.jpg,2026/27 roster feed,Wikimedia Commons
Napoli,403806,Vincenzo Prisco,Midfielder,,2026/27 roster feed,Unavailable
Parma,288540,Abdoulaye Ndiaye,Defender,https://commons.wikimedia.org/wiki/Special:FilePath/Ndiaye%20asse%20sb%202425.png,2026/27 roster feed,Wikimedia Commons
Parma,332081,Alessandro Circati,Defender,https://commons.wikimedia.org/wiki/Special:FilePath/Alessandro%20Circati%20Australia%20v%20USA%2019%20June%202026-17.jpg,2026/27 roster feed,Wikimedia Commons
Parma,415051,Bernardo Conde,Defender,,2025/26 squad carryover,Unavailable
Parma,297197,Botond Balogh,Defender,https://commons.wikimedia.org/wiki/Special:FilePath/F%20YWwXCXsAAs%20Ei.jpg,2026/27 roster feed,Wikimedia Commons
Parma,417783,Dominik Drobnic,Defender,,2026/27 roster feed,Unavailable
Parma,261274,Emanuele Valeri,Defender,,2026/27 roster feed,Unavailable
Parma,272694,Enrico Del Prato,Defender,,2026/27 roster feed,Unavailable
Parma,308939,Franco Carboni,Defender,https://upload.wikimedia.org/wikipedia/commons/thumb/d/d0/Franco_Carboni.jpg/250px-Franco_Carboni.jpg,2026/27 roster feed,Wikimedia Commons
Parma,281590,Lautaro Valenti,Defender,,2026/27 roster feed,Unavailable
Parma,366526,Mariano Troilo,Defender,,2026/27 roster feed,Unavailable
Parma,145165,Marlon Mena,Defender,,2025/26 squad carryover,Unavailable
Parma,397590,Nicolas Trabucchi,Defender,,2026/27 roster feed,Unavailable
Parma,375572,Peter Amoran,Defender,,2026/27 roster feed,Unavailable
Parma,411269,Roberto D'Intino,Defender,,2025/26 squad carryover,Unavailable
Parma,396009,Sascha Britschgi,Defender,,2026/27 roster feed,Unavailable
Parma,411268,Alessandro Cardinali,Forward,,2025/26 squad carryover,Unavailable
Parma,357235,Antoine Joujou,Forward,,2026/27 roster feed,Unavailable
Parma,290667,Daniel Mikolajewski,Forward,,2026/27 roster feed,Unavailable
Parma,255247,Gabriel Strefezza,Forward,,2025/26 squad carryover,Unavailable
Parma,303648,Jacob Ondrejka,Forward,,2026/27 roster feed,Unavailable
Parma,312757,Mateo Pellegrino,Forward,,2026/27 roster feed,Unavailable
Parma,310860,Matija Frigan,Forward,,2026/27 roster feed,Unavailable
Parma,361749,Nesta Elphege,Forward,,2026/27 roster feed,Unavailable
Parma,253569,Pontus Almqvist,Forward,https://commons.wikimedia.org/wiki/Special:FilePath/Pontus%20Almqvist%20in%202021.jpg,2026/27 roster feed,Wikimedia Commons
Parma,423017,Alessandro Mazzocchi,Goalkeeper,,2026/27 roster feed,Unavailable
Parma,290792,Edoardo Corvi,Goalkeeper,,2026/27 roster feed,Unavailable
Parma,297785,Filippo Rinaldi,Goalkeeper,https://upload.wikimedia.org/wikipedia/commons/thumb/1/19/Filipe_Rinaldi_1922.jpg/250px-Filipe_Rinaldi_1922.jpg,2025/26 squad carryover,Wikimedia Commons
Parma,417784,Gabriele Casentini,Goalkeeper,,2026/27 roster feed,Unavailable
Parma,408947,Gianluca Astaldi,Goalkeeper,,2025/26 squad carryover,Unavailable
Parma,366510,Giovanni Daffara,Goalkeeper,,2026/27 roster feed,Unavailable
Parma,265958,Zion Suzuki,Goalkeeper,https://commons.wikimedia.org/wiki/Special:FilePath/ZION%20SUZUKI%20-%20JPN%20vs%20THA%20-%20Friendly%20Match%20-%202024.01.01.jpg,2026/27 roster feed,Wikimedia Commons
Parma,371539,Abdou-Salam Konate,Midfielder,,2026/27 roster feed,Unavailable
Parma,276653,Adrián Bernabé,Midfielder,https://commons.wikimedia.org/wiki/Special:FilePath/Uzbekistan%20vs.%20Spain%2C%202024%20Summer%20Olympic%20men%27s%20association%20football%2C%202024-07-24%20%28449%29%20-%20Adri%C3%A1n%20Bernab%C3%A9.jpg,2026/27 roster feed,Wikimedia Commons
Parma,388069,Alessandro Ciardi,Midfielder,,2026/27 roster feed,Unavailable
Parma,356358,Benjamin Cremaschi,Midfielder,https://commons.wikimedia.org/wiki/Special:FilePath/Benjamin%20Cremaschi%20NE%20Revolution%20Inter%20Miami%207.9.25-014%20%28cropped%29.jpg,2026/27 roster feed,Wikimedia Commons
Parma,339198,Christian Ordoñez,Midfielder,,2026/27 roster feed,Unavailable
Parma,414527,Edoardo Tigani,Midfielder,,2025/26 squad carryover,Unavailable
Parma,398034,Elia Plicco,Midfielder,,2026/27 roster feed,Unavailable
Parma,297786,Gaetano Oristanio,Midfielder,https://commons.wikimedia.org/wiki/Special:FilePath/Gaetano%20Oristanio%20%28cropped%29.png,2025/26 squad carryover,Wikimedia Commons
Parma,286764,Hans Nicolussi Caviglia,Midfielder,,2026/27 roster feed,Unavailable
Parma,316609,Mandela Keita,Midfielder,,2026/27 roster feed,Unavailable
Parma,223645,Nahuel Estévez,Midfielder,,2025/26 squad carryover,Unavailable
Parma,297751,Oliver Sørensen,Midfielder,https://commons.wikimedia.org/wiki/Special:FilePath/2017%20Next%20Generation%20Trophy%2033%20%28cropped%29.jpg,2026/27 roster feed,Wikimedia Commons
Parma,365697,Rachid Kouda,Midfielder,,2026/27 roster feed,Unavailable
Sassuolo,291729,Cas Odenthal,Defender,,2026/27 roster feed,Unavailable
Sassuolo,333925,Edoardo Pieragnolo,Defender,,2026/27 roster feed,Unavailable
Sassuolo,287677,Fali Candé,Defender,https://commons.wikimedia.org/wiki/Special:FilePath/Joueur%20guin%C3%A9en%20et%20ivoirien%2004%20%28cropped%29.jpg,2026/27 roster feed,Wikimedia Commons
Sassuolo,330043,Filippo Missori,Defender,,2026/27 roster feed,Unavailable
Sassuolo,202335,Filippo Romagna,Defender,https://commons.wikimedia.org/wiki/Special:FilePath/Fenerbah%C3%A7e%20-%20Cagliari%20Calcio%2020170807%20%28233%29.jpg,2025/26 squad carryover,Wikimedia Commons
Sassuolo,423015,Giorgio Vezzosi,Defender,,2026/27 roster feed,Unavailable
Sassuolo,272873,Jay Idzes,Defender,https://commons.wikimedia.org/wiki/Special:FilePath/Jay%20Idzes%20-%2052915157035.jpg,2026/27 roster feed,Wikimedia Commons
Sassuolo,290418,Josh Doig,Defender,,2026/27 roster feed,Unavailable
Sassuolo,366932,Kevin Miranda,Defender,,2026/27 roster feed,Unavailable
Sassuolo,417248,Luca Barani,Defender,,2025/26 squad carryover,Unavailable
Sassuolo,361455,Pedro Felipe,Defender,,2025/26 squad carryover,Unavailable
Sassuolo,288483,Sebastian Walukiewicz,Defender,https://commons.wikimedia.org/wiki/Special:FilePath/Walukiewicz%20%28cropped%29.png,2026/27 roster feed,Wikimedia Commons
Sassuolo,318390,Tarik Muharemovic,Defender,,2025/26 squad carryover,Unavailable
Sassuolo,415197,Tommaso Macchioni,Defender,,2026/27 roster feed,Unavailable
Sassuolo,220718,Ulisses Garcia,Defender,https://commons.wikimedia.org/wiki/Special:FilePath/Garcia%2C%20Ulisses%20Werder%2017-18%20WP.jpg,2025/26 squad carryover,Wikimedia Commons
Sassuolo,290581,Woyo Coulibaly,Defender,,2025/26 squad carryover,Unavailable
Sassuolo,333924,Yeferson Paz,Defender,,2026/27 roster feed,Unavailable
Sassuolo,307473,Agustín Álvarez Martínez,Forward,,2026/27 roster feed,Unavailable
Sassuolo,239086,Andrea Pinamonti,Forward,,2026/27 roster feed,Unavailable
Sassuolo,272719,Armand Laurienté,Forward,,2026/27 roster feed,Unavailable
Sassuolo,173817,Domenico Berardi,Forward,https://upload.wikimedia.org/wikipedia/commons/thumb/c/c8/Domenico_Berardi%2C_Palazzo_Chigi%2C_2021.jpg/250px-Domenico_Berardi%2C_Palazzo_Chigi%2C_2021.jpg,2026/27 roster feed,Wikimedia Commons
Sassuolo,367479,Flavio Russo,Forward,,2026/27 roster feed,Unavailable
Sassuolo,302646,Janis Antiste,Forward,https://upload.wikimedia.org/wikipedia/commons/thumb/0/07/Janis_Antiste_%282020-09-14%29_1_%28cropped%29.jpg/250px-Janis_Antiste_%282020-09-14%29_1_%28cropped%29.jpg,2026/27 roster feed,Wikimedia Commons
Sassuolo,303980,Laurs Skjellerup,Forward,,2026/27 roster feed,Unavailable
Sassuolo,346882,Luca D'Andrea,Forward,,2026/27 roster feed,Unavailable
Sassuolo,278778,Luca Moro,Forward,https://commons.wikimedia.org/wiki/Special:FilePath/Luca%20Moro%2024%20V%20-%20Frosinone%20Calcio%20-%20100%208590%20AF.jpg,2026/27 roster feed,Wikimedia Commons
Sassuolo,233088,Nicholas Pierini,Forward,,2026/27 roster feed,Unavailable
Sassuolo,346850,Patrick Nuamah,Forward,,2026/27 roster feed,Unavailable
Sassuolo,307860,Riccardo Ciervo,Forward,https://commons.wikimedia.org/wiki/Special:FilePath/Riccardo%20Ciervo%2021%20b%20-%20Frosinone%20Calcio%20-%20MGP%206178%20AF%20crop.jpg,2026/27 roster feed,Wikimedia Commons
Sassuolo,271140,Samuele Mulattieri,Forward,https://commons.wikimedia.org/wiki/Special:FilePath/Samuele%20Mulattieri%209%20C%20-%20Frosinone%20Calcio%20-%20100%200378%20AF.jpg,2026/27 roster feed,Wikimedia Commons
Sassuolo,276823,Alessandro Russo,Goalkeeper,,2026/27 roster feed,Unavailable
Sassuolo,259838,Arijanet Muric,Goalkeeper,https://commons.wikimedia.org/wiki/Special:FilePath/Goalkeeper%20Arijanet%20Muric%20%2836243874430-cropped2%29.jpg,2026/27 roster feed,Wikimedia Commons
Sassuolo,234305,Giacomo Satalino,Goalkeeper,,2025/26 squad carryover,Unavailable
Sassuolo,310770,Gioele Zacchi,Goalkeeper,,2026/27 roster feed,Unavailable
Sassuolo,413868,Lorenzo Nyarko,Goalkeeper,,2026/27 roster feed,Unavailable
Sassuolo,261399,Stefano Turati,Goalkeeper,https://commons.wikimedia.org/wiki/Special:FilePath/Stefano%20Turati%2022%20-%20Frosinone%20Calcio%20-%20MGP%204533%20AF.jpg,2026/27 roster feed,Wikimedia Commons
Sassuolo,288788,Andrea Ghion,Midfielder,,2026/27 roster feed,Unavailable
Sassuolo,290798,Aster Vranckx,Midfielder,https://commons.wikimedia.org/wiki/Special:FilePath/FC%20Salzburg%20gegen%20VfL%20Wolfsburg%20%28CL-Gruppenphase%2020.%20Oktober%202021%29%2077.jpg,2025/26 squad carryover,Wikimedia Commons
Sassuolo,415198,Christian Frangella,Midfielder,,2026/27 roster feed,Unavailable
Sassuolo,330259,Cristian Volpato,Midfielder,https://commons.wikimedia.org/wiki/Special:FilePath/Cristian%20Volpato%20Australia%20v%20USA%2019%20June%202026-89.jpg,2026/27 roster feed,Wikimedia Commons
Sassuolo,307061,Daniel Boloca,Midfielder,https://commons.wikimedia.org/wiki/Special:FilePath/Frosinone%20Calcio%20-%20Daniel%20Boloca%20ANF%209026.A%20cut%20AF.jpg,2026/27 roster feed,Wikimedia Commons
Sassuolo,384170,Darryl Bakola,Midfielder,,2026/27 roster feed,Unavailable
Sassuolo,307969,Edoardo Iannoni,Midfielder,,2026/27 roster feed,Unavailable
Sassuolo,259938,Fabrizio Caligara,Midfielder,https://commons.wikimedia.org/wiki/Special:FilePath/Fabrizio%20Caligara%202021.png,2026/27 roster feed,Wikimedia Commons
Sassuolo,325001,Ismaël Koné,Midfielder,https://commons.wikimedia.org/wiki/Special:FilePath/2024%20African%20Championships%20in%20Athletics%2042.jpg,2026/27 roster feed,Wikimedia Commons
Sassuolo,423016,Jeffrey Baffoh,Midfielder,,2026/27 roster feed,Unavailable
Sassuolo,333380,Justin Kumi,Midfielder,,2026/27 roster feed,Unavailable
Sassuolo,366933,Kevin Leone,Midfielder,,2026/27 roster feed,Unavailable
Sassuolo,284212,Kristian Thorstvedt,Midfielder,https://commons.wikimedia.org/wiki/Special:FilePath/Kristian%20Thorstvedt%20France%20v%20Norway%2026%20June%2026-015.jpg,2026/27 roster feed,Wikimedia Commons
Sassuolo,347408,Luca Lipani,Midfielder,,2026/27 roster feed,Unavailable
Sassuolo,135743,Nemanja Matic,Midfielder,,2026/27 roster feed,Unavailable
Torino,239120,Adrian Ismajli,Defender,,2026/27 roster feed,Unavailable
Torino,346142,Alessandro Dellavalle,Defender,https://commons.wikimedia.org/wiki/Special:FilePath/Lens%20-%20Torino%20FC%20%2802-08-2023%29%2024.jpg,2026/27 roster feed,Wikimedia Commons
Torino,356576,Ali Dembélé,Defender,https://commons.wikimedia.org/wiki/Special:FilePath/Lens%20-%20Torino%20FC%20%2802-08-2023%29%2011.jpg,2026/27 roster feed,Wikimedia Commons
Torino,152044,Cristiano Biraghi,Defender,https://commons.wikimedia.org/wiki/Special:FilePath/Cristiano%20Biraghi%20Fiorentina%20%28cropped%29.jpg,2026/27 roster feed,Wikimedia Commons
Torino,379782,Côme Bianay,Defender,,2026/27 roster feed,Unavailable
Torino,200562,Guillermo Maripán,Defender,,2025/26 squad carryover,Unavailable
Torino,346141,Jacopo Antollini,Defender,,2026/27 roster feed,Unavailable
Torino,129285,Marcus Holmgren Pedersen,Defender,https://commons.wikimedia.org/wiki/Special:FilePath/Marcus%20Holmgren%20Pedersen%20France%20v%20Norway%2026%20June%2026-010.jpg,2026/27 roster feed,Wikimedia Commons
Torino,416520,Mattia Pellini,Defender,,2026/27 roster feed,Unavailable
Torino,298030,Niels Nkounkou,Defender,,2025/26 squad carryover,Unavailable
Torino,304217,Rafael Obrador,Defender,,2025/26 squad carryover,Unavailable
Torino,314403,Saba Sazonov,Defender,https://commons.wikimedia.org/wiki/Special:FilePath/Saba%20Sazonov%202022.jpg,2026/27 roster feed,Wikimedia Commons
Torino,274258,Saúl Coco,Defender,https://commons.wikimedia.org/wiki/Special:FilePath/Sortie%20des%20vestiaires%20%28cropped%29.jpg,2026/27 roster feed,Wikimedia Commons
Torino,303001,Valentino Lazaro,Defender,https://commons.wikimedia.org/wiki/Special:FilePath/FC%20Admira%20Wacker%20M%C3%B6dling%20vs.%20FC%20Red%20Bull%20Salzburg%20%28Cup%29%202017-04-26%20%28071%29.jpg,2025/26 squad carryover,Wikimedia Commons
Torino,403148,Alessio Cacciamani,Forward,,2026/27 roster feed,Unavailable
Torino,367743,Alieu Njie,Forward,,2026/27 roster feed,Unavailable
Torino,213725,Ché Adams,Forward,https://upload.wikimedia.org/wikipedia/commons/thumb/6/67/Che_Adams_Scotland_v_Bolivia_6_June_2026-37_%28cropped%29.jpg/250px-Che_Adams_Scotland_v_Bolivia_6_June_2026-37_%28cropped%29.jpg,2026/27 roster feed,Wikimedia Commons
Torino,193644,Duván Zapata,Forward,https://upload.wikimedia.org/wikipedia/commons/thumb/4/45/Bar%C3%A7a_-_Napoli_-_20140806_-_14_-_Duvan_Zapata.jpg/250px-Bar%C3%A7a_-_Napoli_-_20140806_-_14_-_Duvan_Zapata.jpg,2026/27 roster feed,Wikimedia Commons
Torino,189974,Giovanni Simeone,Forward,https://commons.wikimedia.org/wiki/Special:FilePath/Giovanni%20Simeone%202016-17.jpg,2025/26 squad carryover,Wikimedia Commons
Torino,291212,Nicola Rauti,Forward,https://commons.wikimedia.org/wiki/Special:FilePath/Nicola%20Rauti01.jpg,2026/27 roster feed,Wikimedia Commons
Torino,251141,Pietro Pellegri,Forward,https://commons.wikimedia.org/wiki/Special:FilePath/RB%20Salzburg%20gegen%20AS%20Monaco%20%28Testspiel%2C%203.%20Juli%202021%29%2048%20%28cropped%29.jpg,2026/27 roster feed,Wikimedia Commons
Torino,245538,Sandro Kulenovic,Forward,,2025/26 squad carryover,Unavailable
Torino,389463,Tommaso Gabellini,Forward,,2026/27 roster feed,Unavailable
Torino,277865,Zakaria Aboukhlal,Forward,https://commons.wikimedia.org/wiki/Special:FilePath/Aboukhlal%20asse%20tfc%202425.png,2026/27 roster feed,Wikimedia Commons
Torino,367740,Zanos Savva,Forward,,2026/27 roster feed,Unavailable
Torino,241414,Alberto Paleari,Goalkeeper,https://commons.wikimedia.org/wiki/Special:FilePath/Albertoandreapaleari1.jpg,2026/27 roster feed,Wikimedia Commons
Torino,271445,Franco Israel,Goalkeeper,,2026/27 roster feed,Unavailable
Torino,367321,Lapo Siviero,Goalkeeper,,2026/27 roster feed,Unavailable
Torino,358465,Aaron Ciammaglichella,Midfielder,,2026/27 roster feed,Unavailable
Torino,159324,Adrien Tamèze,Midfielder,,2026/27 roster feed,Unavailable
Torino,336394,Cesare Casadei,Midfielder,https://commons.wikimedia.org/wiki/Special:FilePath/Norway%20Italy%20-%20June%202025%20A%2028%20%28cropped%29.jpg,2026/27 roster feed,Wikimedia Commons
Torino,330707,Emirhan Ilkhan,Midfielder,,2026/27 roster feed,Unavailable
Torino,282642,Faustino Anjorin,Midfielder,,2026/27 roster feed,Unavailable
Torino,338266,Gvidas Gineitis,Midfielder,https://commons.wikimedia.org/wiki/Special:FilePath/Lens%20-%20Torino%20FC%20%2802-08-2023%29%209.jpg,2026/27 roster feed,Wikimedia Commons
Torino,260004,Ivan Ilic,Midfielder,,2026/27 roster feed,Unavailable
Torino,389460,Marco Dalla Vecchia,Midfielder,,2026/27 roster feed,Unavailable
Torino,206378,Nikola Vlasic,Midfielder,,2026/27 roster feed,Unavailable
Torino,389461,Sergiu Perciun,Midfielder,https://commons.wikimedia.org/wiki/Special:FilePath/LSYD4979%20-%20Copie.jpg,2026/27 roster feed,Wikimedia Commons
Torino,387262,Tommaso Di Marco,Midfielder,,2026/27 roster feed,Unavailable
Torino,417402,Wisdom Acquah,Midfielder,,2026/27 roster feed,Unavailable
Torino,417945,Zalán Kugyela,Midfielder,,2026/27 roster feed,Unavailable
Udinese,270010,Alessandro Zanoli,Defender,,2026/27 roster feed,Unavailable
Udinese,406061,Branimir Mlacic,Defender,,2026/27 roster feed,Unavailable
Udinese,150081,Christian Kabasele,Defender,https://commons.wikimedia.org/wiki/Special:FilePath/Kristian%20kabasele.jpg,2026/27 roster feed,Wikimedia Commons
Udinese,242601,Enzo Ebosse,Defender,https://commons.wikimedia.org/wiki/Special:FilePath/Lens%20B%20-%20Sedan%20%2827-01-2018%29%2012%20%28cropped1%29.jpg,2026/27 roster feed,Wikimedia Commons
Udinese,193919,Hassane Kamara,Defender,https://commons.wikimedia.org/wiki/Special:FilePath/Lens%20-%20Nice%20%2823-01-2021%29%2051.jpg,2026/27 roster feed,Wikimedia Commons
Udinese,342837,James Abankwah,Defender,https://commons.wikimedia.org/wiki/Special:FilePath/James%20Abankwah%2009082025%20%285%29.jpg,2026/27 roster feed,Wikimedia Commons
Udinese,283171,Jordan Zemura,Defender,https://commons.wikimedia.org/wiki/Special:FilePath/Jordan%20Zemura%202020.png,2026/27 roster feed,Wikimedia Commons
Udinese,212476,Kingsley Ehizibue,Defender,https://commons.wikimedia.org/wiki/Special:FilePath/2021-08-08%20FC%20Carl%20Zeiss%20Jena%20gegen%201.%20FC%20K%C3%B6ln%20%28DFB-Pokal%29%20by%20Sandro%20Halank%E2%80%93165.jpg,2026/27 roster feed,Wikimedia Commons
Udinese,333091,Leonardo Buta,Defender,,2026/27 roster feed,Unavailable
Udinese,384519,Matteo Palma,Defender,,2026/27 roster feed,Unavailable
Udinese,221436,Mërgim Vojvoda,Defender,https://commons.wikimedia.org/wiki/Special:FilePath/Lens%20-%20Torino%20FC%20%2802-08-2023%29%2025.jpg,2026/27 roster feed,Wikimedia Commons
Udinese,319437,Nicolò Bertola,Defender,,2026/27 roster feed,Unavailable
Udinese,261066,Oumar Solet,Defender,https://commons.wikimedia.org/wiki/Special:FilePath/FC%20RB%20Salzburg%20gegen%20WSG%20Tirol%20%28%20mit%20Meisterteller%C3%BCbergabe%2022.%20Mai%202021%29%2005.jpg,2026/27 roster feed,Wikimedia Commons
Udinese,363886,Saba Goglichidze,Defender,https://commons.wikimedia.org/wiki/Special:FilePath/Saba%20Goglichidze%2003042026%20%282%29.jpg,2026/27 roster feed,Wikimedia Commons
Udinese,99909,Thomas Kristensen,Defender,https://commons.wikimedia.org/wiki/Special:FilePath/Thomas%20Kristensen-GoldenLeague-20160110.JPG,2026/27 roster feed,Wikimedia Commons
Udinese,257211,Adam Buksa,Forward,https://upload.wikimedia.org/wikipedia/commons/thumb/f/fa/BuksaMidnightRidersScarf.jpg/250px-BuksaMidnightRidersScarf.jpg,2026/27 roster feed,Wikimedia Commons
Udinese,263508,Bayo Youssouf,Forward,,2026/27 roster feed,Unavailable
Udinese,408146,Giulio Vinciati,Forward,,2026/27 roster feed,Unavailable
Udinese,377170,Idrissa Gueye,Forward,https://upload.wikimedia.org/wikipedia/commons/thumb/a/ac/Idrissa_Gueye_%28cropped%29.jpg/250px-Idrissa_Gueye_%28cropped%29.jpg,2026/27 roster feed,Wikimedia Commons
Udinese,233654,Keinan Davis,Forward,,2026/27 roster feed,Unavailable
Udinese,362555,Alessandro Nunziante,Goalkeeper,https://commons.wikimedia.org/wiki/Special:FilePath/Alessandro%20Nunziante%201867.jpg,2025/26 squad carryover,Wikimedia Commons
Udinese,93816,Daniele Padelli,Goalkeeper,https://commons.wikimedia.org/wiki/Special:FilePath/Zenit-Torino%20%281%29.jpg,2026/27 roster feed,Wikimedia Commons
Udinese,318762,Edoardo Piana,Goalkeeper,,2026/27 roster feed,Unavailable
Udinese,295476,Maduka Okoye,Goalkeeper,https://commons.wikimedia.org/wiki/Special:FilePath/Okoye%202026.jpg,2026/27 roster feed,Wikimedia Commons
Udinese,302721,Razvan Sava,Goalkeeper,,2025/26 squad carryover,Unavailable
Udinese,400788,Abdoulaye Camara,Midfielder,,2026/27 roster feed,Unavailable
Udinese,367445,David Pejicic,Midfielder,,2026/27 roster feed,Unavailable
Udinese,258933,Giorgi Chakvetadze,Midfielder,,2026/27 roster feed,Unavailable
Udinese,276267,Jakub Piotrowski,Midfielder,https://commons.wikimedia.org/wiki/Special:FilePath/Jakub%20Piotrowski.jpg,2026/27 roster feed,Wikimedia Commons
Udinese,237055,Jesper Karlström,Midfielder,https://commons.wikimedia.org/wiki/Special:FilePath/Jesper%20Karlstr%C3%B6m%20%28Djurg%C3%A5rden%2C%202020%2C%20cropped%29.jpg,2026/27 roster feed,Wikimedia Commons
Udinese,360207,Juan David Arizala,Midfielder,,2026/27 roster feed,Unavailable
Udinese,270817,Jurgen Ekkelenkamp,Midfielder,https://commons.wikimedia.org/wiki/Special:FilePath/Ekkelenkamp2022.jpg,2026/27 roster feed,Wikimedia Commons
Udinese,347009,Lennon Miller,Midfielder,,2026/27 roster feed,Unavailable
Udinese,262565,Martín Payero,Midfielder,,2026/27 roster feed,Unavailable
Udinese,251388,Nicolò Zaniolo,Midfielder,https://commons.wikimedia.org/wiki/Special:FilePath/Nicol%C3%B2%20Zaniolo%20con%20l%27Italia%20U19.jpg,2026/27 roster feed,Wikimedia Commons
Udinese,306579,Oier Zarraga,Midfielder,https://commons.wikimedia.org/wiki/Special:FilePath/Oier%20zarraga.jpg,2026/27 roster feed,Wikimedia Commons
Udinese,322100,Rui Modesto,Midfielder,https://commons.wikimedia.org/wiki/Special:FilePath/Rui%20Modesto%20%28AIK%2C%202023%2C%20cropped%29.jpg,2026/27 roster feed,Wikimedia Commons
Udinese,219725,Sandi Lovric,Midfielder,,2026/27 roster feed,Unavailable
Udinese,340684,Simone Pafundi,Midfielder,https://commons.wikimedia.org/wiki/Special:FilePath/Uruguay%201%20Italia%200%20a%20Italia%20-%20Uruguay%20campe%C3%B3n%20Mundial%20Sub%2020%202023%20230611-4427-jikatu%20%2852989760354%29%20%28Simone%20Pafundi%29.jpg,2026/27 roster feed,Wikimedia Commons
Udinese,362376,Unai Gómez,Midfielder,https://upload.wikimedia.org/wikipedia/commons/thumb/8/8a/MAIDER_GOIKOETXEA%2C_FOT%C3%93GRAFA._BILBAO_ATHLETIC_-_LOGRO%C3%91%C3%89S_%2814%29_-_Urko_G%C3%B3mez.jpg/250px-MAIDER_GOIKOETXEA%2C_FOT%C3%93GRAFA._BILBAO_ATHLETIC_-_LOGRO%C3%91%C3%89S_%2814%29_-_Urko_G%C3%B3mez.jpg,2026/27 roster feed,Wikimedia Commons
Venezia,327899,Ahmed Sidibé,Defender,,2026/27 roster feed,Unavailable
Venezia,414161,Ale Gomes,Defender,,2026/27 roster feed,Unavailable
Venezia,286128,Armel Bella-Kotchap,Defender,,2026/27 roster feed,Unavailable
Venezia,291405,Bartol Franjic,Defender,,2026/27 roster feed,Unavailable
Venezia,357418,Calixte Ligue,Defender,,2026/27 roster feed,Unavailable
Venezia,256763,Giorgio Altare,Defender,,2026/27 roster feed,Unavailable
Venezia,345152,Joel Schingtienne,Defender,,2026/27 roster feed,Unavailable
Venezia,228328,Marin Sverko,Defender,,2026/27 roster feed,Unavailable
Venezia,289942,Michael Svoboda,Defender,https://commons.wikimedia.org/wiki/Special:FilePath/FC%20RB%20Salzburg%20gegen%20WSG%20Swarowski%20Tirol%20%287.%20Dezember%202019%29%2062%20%28Michael%20Svoboda%29.jpg,2025/26 squad carryover,Wikimedia Commons
Venezia,278809,Michael Venturi,Defender,,2026/27 roster feed,Unavailable
Venezia,345713,Richie Sagrado,Defender,,2026/27 roster feed,Unavailable
Venezia,181192,Ridgeciano Haps,Defender,https://commons.wikimedia.org/wiki/Special:FilePath/Ridgeciano%20haps-1447005938.JPG,2026/27 roster feed,Wikimedia Commons
Venezia,288912,Seid Korac,Defender,,2025/26 squad carryover,Unavailable
Venezia,275983,Thierry Correia,Defender,https://upload.wikimedia.org/wikipedia/commons/thumb/2/26/Thierry_Correia_2019.png/250px-Thierry_Correia_2019.png,2026/27 roster feed,Wikimedia Commons
Venezia,288472,Akor Adams,Forward,https://upload.wikimedia.org/wikipedia/commons/thumb/3/30/Akor_Adams_December_2024.png/250px-Akor_Adams_December_2024.png,2026/27 roster feed,Wikimedia Commons
Venezia,342763,Albion Rrahmani,Forward,,2026/27 roster feed,Unavailable
Venezia,286317,Andrea Adorante,Forward,https://upload.wikimedia.org/wikipedia/commons/thumb/e/e6/Adorante.jpg/250px-Adorante.jpg,2026/27 roster feed,Wikimedia Commons
Venezia,331786,Antonio Casas,Forward,,2026/27 roster feed,Unavailable
Venezia,265926,John Yeboah,Forward,https://upload.wikimedia.org/wikipedia/commons/thumb/0/0d/John_Yeboah_Cote_D%27Ivoire_v_Ecuador_14_June_2026-132_%28cropped%29.jpg/250px-John_Yeboah_Cote_D%27Ivoire_v_Ecuador_14_June_2026-132_%28cropped%29.jpg,2026/27 roster feed,Wikimedia Commons
Venezia,259357,Lion Lauberbach,Forward,https://upload.wikimedia.org/wikipedia/commons/thumb/1/16/LionLauberbach.jpg/250px-LionLauberbach.jpg,2026/27 roster feed,Wikimedia Commons
Venezia,368005,Lorenzo Da Pozzo,Forward,,2026/27 roster feed,Unavailable
Venezia,3111599,Mohamed Malang Touré,Forward,,2026/27 roster feed,Unavailable
Venezia,340139,Okoro Obinna,Forward,,2026/27 roster feed,Unavailable
Venezia,386952,Simone Ascione,Forward,,2026/27 roster feed,Unavailable
Venezia,245632,Alessandro Plizzari,Goalkeeper,,2025/26 squad carryover,Unavailable
Venezia,263816,Alessio Pozzi,Goalkeeper,,2026/27 roster feed,Unavailable
Venezia,289560,Filip Stankovic,Goalkeeper,,2026/27 roster feed,Unavailable
Venezia,286390,Filippo Neri,Goalkeeper,,2026/27 roster feed,Unavailable
Venezia,145138,Matteo Grandi,Goalkeeper,,2026/27 roster feed,Unavailable
Venezia,192242,Stefano Minelli,Goalkeeper,,2025/26 squad carryover,Unavailable
Venezia,346479,Alessandro Pietrelli,Midfielder,,2025/26 squad carryover,Unavailable
Venezia,173282,Alfred Duncan,Midfielder,https://commons.wikimedia.org/wiki/Special:FilePath/Alfred%20Duncan.jpg,2026/27 roster feed,Wikimedia Commons
Venezia,346916,Antoine Hainaut,Midfielder,,2026/27 roster feed,Unavailable
Venezia,307970,Bjarki Steinn Bjarkason,Midfielder,,2026/27 roster feed,Unavailable
Venezia,3098213,Edoardo Mariani,Midfielder,https://commons.wikimedia.org/wiki/Special:FilePath/Edoardo%20Mariani%20divisa.jpg,2026/27 roster feed,Wikimedia Commons
Venezia,229972,Emil Bohinen,Midfielder,https://commons.wikimedia.org/wiki/Special:FilePath/Emil%20Bohinen%202021.jpg,2026/27 roster feed,Wikimedia Commons
Venezia,276636,Enrique Perez,Midfielder,,2026/27 roster feed,Unavailable
Venezia,263705,Gianluca Busio,Midfielder,https://commons.wikimedia.org/wiki/Special:FilePath/Gianluca%20Busio%20on%20April%207%2C%202019.jpg,2026/27 roster feed,Wikimedia Commons
Venezia,386592,Issa Doumbia,Midfielder,https://commons.wikimedia.org/wiki/Special:FilePath/Issa%20Doumbia%20NRJ%202013.jpg,2025/26 squad carryover,Wikimedia Commons
Venezia,405754,Kornel Lisman,Midfielder,,2026/27 roster feed,Unavailable
Venezia,361838,Lamine Dabo,Midfielder,,2026/27 roster feed,Unavailable
Venezia,408725,Lorenzo Berardi,Midfielder,,2026/27 roster feed,Unavailable
Venezia,326032,Marko Farji,Midfielder,,2026/27 roster feed,Unavailable
Venezia,366972,Matteo Dagasso,Midfielder,,2026/27 roster feed,Unavailable
Venezia,304279,Mattia Compagnon,Midfielder,,2026/27 roster feed,Unavailable
Venezia,256106,Nunzio Lella,Midfielder,,2026/27 roster feed,Unavailable
Venezia,386951,Saad El Haddad,Midfielder,,2026/27 roster feed,Unavailable
Venezia,297233,Simone Panada,Midfielder,https://commons.wikimedia.org/wiki/Special:FilePath/Next%20Generation%20Trophy%20Tag%205.jpg,2026/27 roster feed,Wikimedia Commons
Venezia,275227,Thorir Johann Helgason,Midfielder,,2026/27 roster feed,Unavailable
Venezia,221057,Toma Basic,Midfielder,,2026/27 roster feed,Unavailable
