season,player_code,player_name,minutes,goals,assists,appearances,starts,xg,xa
2016-17,235736,Aaron Mattia Tabacchi,0,0.0,0.0,0.0,0.0,0.0,0.0
2016-17,41894,Abdoulay Konko,0,0.0,0.0,10.0,7.0,0.0,0.0
2016-17,253306,Abukar Mohamed,0,0.0,0.0,0.0,0.0,0.0,0.0
2016-17,195988,Adam Masina,0,1.0,0.0,32.0,28.0,0.0,0.0
2016-17,87623,Adel Taarabt,0,0.0,3.0,6.0,1.0,0.0,0.0
2016-17,123586,Adem Ljajic,0,10.0,8.0,33.0,30.0,0.0,0.0
2016-17,130492,Adrian Stoian,0,3.0,2.0,27.0,17.0,0.0,0.0
2016-17,144890,Afriyie Acquah,0,2.0,0.0,20.0,13.0,0.0,0.0
2016-17,185306,Agostino Camigliano,0,0.0,0.0,0.0,0.0,0.0,0.0
2016-17,171572,Ahmad Benali,0,6.0,2.0,33.0,31.0,0.0,0.0
2016-17,85318,Albano Bizzarri,0,0.0,0.0,29.0,29.0,0.0,0.0
2016-17,13752,Alberto Aquilani,0,1.0,1.0,25.0,20.0,0.0,0.0
2016-17,184881,Alberto Cerri,0,2.0,0.0,13.0,7.0,0.0,0.0
2016-17,25378,Alberto Gilardino,0,0.0,0.0,17.0,6.0,0.0,0.0
2016-17,209869,Alberto Grassi,0,1.0,0.0,18.0,4.0,0.0,0.0
2016-17,113899,Alberto Paloschi,0,0.0,0.0,13.0,4.0,0.0,0.0
2016-17,256766,Alberto Parpinel,0,0.0,0.0,0.0,0.0,0.0,0.0
2016-17,87178,Alberto Pelagotti,0,0.0,0.0,3.0,3.0,0.0,0.0
2016-17,235878,Alberto Picchi,0,0.0,0.0,0.0,0.0,0.0,0.0
2016-17,14364,Alberto Pomini,0,0.0,0.0,0.0,0.0,0.0,0.0
2016-17,253732,Alberto Reina,0,0.0,0.0,0.0,0.0,0.0,0.0
2016-17,57156,Aleandro Rosi,0,1.0,1.0,31.0,30.0,0.0,0.0
2016-17,149578,Alejandro Gómez,0,16.0,10.0,37.0,37.0,0.0,0.0
2016-17,176649,Aleksandar Pesic,0,0.0,0.0,6.0,0.0,0.0,0.0
2016-17,149910,Aleksandar Tonev,0,1.0,0.0,13.0,9.0,0.0,0.0
2016-17,164645,Aleksandar Trajkovski,0,1.0,0.0,11.0,5.0,0.0,0.0
2016-17,249280,Alessandro Bastoni,0,0.0,0.0,3.0,1.0,0.0,0.0
2016-17,251776,Alessandro Bianconi,0,0.0,0.0,0.0,0.0,0.0,0.0
2016-17,164097,Alessandro Bruno,0,0.0,0.0,15.0,10.0,0.0,0.0
2016-17,252605,Alessandro Buongiorno,0,0.0,0.0,0.0,0.0,0.0,0.0
2016-17,233560,Alessandro Confente,0,0.0,0.0,0.0,0.0,0.0,0.0
2016-17,132068,Alessandro Crescenzi,0,0.0,1.0,21.0,14.0,0.0,0.0
2016-17,186437,Alessandro Deiola,0,0.0,0.0,5.0,3.0,0.0,0.0
2016-17,104399,Alessandro Diamanti,0,1.0,5.0,31.0,18.0,0.0,0.0
2016-17,158145,Alessandro Florenzi,0,0.0,3.0,9.0,8.0,0.0,0.0
2016-17,11808,Alessandro Gamberini,0,1.0,0.0,20.0,20.0,0.0,0.0
2016-17,95570,Alessandro Gazzi,0,0.0,0.0,25.0,22.0,0.0,0.0
2016-17,250568,Alessandro Guarnone,0,0.0,0.0,0.0,0.0,0.0,0.0
2016-17,104319,Alessandro Matri,0,8.0,0.0,31.0,16.0,0.0,0.0
2016-17,212505,Alessandro Murgia,0,2.0,0.0,14.0,4.0,0.0,0.0
2016-17,245632,Alessandro Plizzari,0,0.0,0.0,0.0,0.0,0.0,0.0
2016-17,251551,Alessandro Quaini,0,0.0,0.0,0.0,0.0,0.0,0.0
2016-17,227302,Alessandro Rossi,0,0.0,0.0,3.0,0.0,0.0,0.0
2016-17,183436,Alessandro Semprini,0,0.0,0.0,0.0,0.0,0.0,0.0
2016-17,177816,Alessio Romagnoli,0,1.0,1.0,27.0,27.0,0.0,0.0
2016-17,252447,Alessio Zerbin,0,0.0,0.0,0.0,0.0,0.0,0.0
2016-17,253393,Alex Coppola,0,0.0,0.0,0.0,0.0,0.0,0.0
2016-17,38900,Alex Cordaz,0,0.0,0.0,36.0,36.0,0.0,0.0
2016-17,125514,Alex Sandro,0,3.0,4.0,27.0,25.0,0.0,0.0
2016-17,194410,Alexandru Mitrita,0,1.0,2.0,15.0,4.0,0.0,0.0
2016-17,173282,Alfred Duncan,0,1.0,1.0,21.0,14.0,0.0,0.0
2016-17,157826,Ali Adnan Kadhim,0,0.0,0.0,14.0,8.0,0.0,0.0
2016-17,196876,Alisson Becker,0,0.0,0.0,0.0,0.0,0.0,0.0
2016-17,143883,Allan,0,1.0,6.0,29.0,19.0,0.0,0.0
2016-17,224418,Amadou Diawara,0,0.0,0.0,18.0,10.0,0.0,0.0
2016-17,239549,Amuzie Stanley,0,0.0,0.0,0.0,0.0,0.0,0.0
2016-17,255918,Andre Isufaj,0,0.0,0.0,0.0,0.0,0.0,0.0
2016-17,158325,Andrea Barberis,0,0.0,3.0,26.0,23.0,0.0,0.0
2016-17,28426,Andrea Barzagli,0,0.0,0.0,23.0,17.0,0.0,0.0
2016-17,241431,Andrea Beghetto,0,0.0,0.0,3.0,1.0,0.0,0.0
2016-17,170755,Andrea Belotti,0,26.0,7.0,35.0,34.0,0.0,0.0
2016-17,132069,Andrea Bertolacci,0,1.0,0.0,15.0,9.0,0.0,0.0
2016-17,251954,Andrea Cadili,0,0.0,0.0,0.0,0.0,0.0,0.0
2016-17,41558,Andrea Coda,0,0.0,0.0,13.0,12.0,0.0,0.0
2016-17,65400,Andrea Consigli,0,0.0,0.0,37.0,37.0,0.0,0.0
2016-17,143530,Andrea Conti,0,8.0,5.0,33.0,31.0,0.0,0.0
2016-17,115336,Andrea Costa,0,2.0,1.0,26.0,25.0,0.0,0.0
2016-17,180863,Andrea Fulignati,0,0.0,0.0,9.0,9.0,0.0,0.0
2016-17,41781,Andrea Masiello,0,3.0,1.0,35.0,34.0,0.0,0.0
2016-17,250686,Andrea Mastino,0,0.0,0.0,0.0,0.0,0.0,0.0
2016-17,226997,Andrea Nalini,0,2.0,2.0,17.0,7.0,0.0,0.0
2016-17,181098,Andrea Petagna,0,5.0,7.0,34.0,31.0,0.0,0.0
2016-17,239086,Andrea Pinamonti,0,0.0,0.0,2.0,0.0,0.0,0.0
2016-17,104451,Andrea Poli,0,0.0,0.0,13.0,3.0,0.0,0.0
2016-17,241561,Andrea Punzi,0,0.0,0.0,0.0,0.0,0.0,0.0
2016-17,125005,Andrea Rispoli,0,6.0,3.0,32.0,30.0,0.0,0.0
2016-17,241251,Andrea Romagnoli,0,0.0,0.0,0.0,0.0,0.0,0.0
2016-17,123552,Andrea Seculin,0,0.0,0.0,4.0,4.0,0.0,0.0
2016-17,252942,Andrea Tessiore,0,0.0,0.0,0.0,0.0,0.0,0.0
2016-17,232259,Andreaw Gravillon,0,0.0,0.0,0.0,0.0,0.0,0.0
2016-17,144720,Andrei Radu,0,0.0,0.0,0.0,0.0,0.0,0.0
2016-17,237713,Andrej Kotnik,0,0.0,0.0,2.0,0.0,0.0,0.0
2016-17,208713,Andrija Balic,0,1.0,0.0,4.0,3.0,0.0,0.0
2016-17,202501,Andrés Cubas,0,0.0,0.0,1.0,0.0,0.0,0.0
2016-17,203321,Andrés Tello,0,0.0,0.0,18.0,8.0,0.0,0.0
2016-17,16338,Angelo Palombo,0,0.0,0.0,4.0,2.0,0.0,0.0
2016-17,125073,Angelo da Costa,0,0.0,0.0,18.0,17.0,0.0,0.0
2016-17,224420,Aniello Viscovo,0,0.0,0.0,0.0,0.0,0.0,0.0
2016-17,207288,Ante Budimir,0,0.0,0.0,11.0,2.0,0.0,0.0
2016-17,98413,Anthony Mounier,0,0.0,0.0,11.0,4.0,0.0,0.0
2016-17,131575,Antonino Ragusa,0,4.0,2.0,25.0,16.0,0.0,0.0
2016-17,201365,Antonio Barreca,0,0.0,2.0,28.0,25.0,0.0,0.0
2016-17,104478,Antonio Candreva,0,6.0,10.0,38.0,36.0,0.0,0.0
2016-17,104452,Antonio Mirante,0,0.0,0.0,21.0,21.0,0.0,0.0
2016-17,169438,Antonio Rüdiger,0,0.0,2.0,26.0,25.0,0.0,0.0
2016-17,179359,Arkadiusz Milik,0,5.0,0.0,17.0,4.0,0.0,0.0
2016-17,158023,Arlind Ajeti,0,1.0,0.0,4.0,3.0,0.0,0.0
2016-17,165490,Armando Izzo,0,0.0,2.0,29.0,29.0,0.0,0.0
2016-17,238907,Arnel Jakupovic,0,0.0,0.0,1.0,0.0,0.0,0.0
2016-17,133688,Artur Ionita,0,3.0,0.0,18.0,14.0,0.0,0.0
2016-17,213438,Assane Demoya Gnoukouri,0,0.0,0.0,4.0,0.0,0.0,0.0
2016-17,214305,Assane Dioussé,0,0.0,0.0,33.0,26.0,0.0,0.0
2016-17,239084,Axel Bakayoko,0,0.0,0.0,0.0,0.0,0.0,0.0
2016-17,220853,Bartlomiej Dragowski,0,0.0,0.0,1.0,1.0,0.0,0.0
2016-17,176726,Bartosz Bereszynski,0,0.0,0.0,13.0,11.0,0.0,0.0
2016-17,125004,Bartosz Salamon,0,0.0,0.0,15.0,9.0,0.0,0.0
2016-17,204602,Bastos,0,0.0,0.0,11.0,10.0,0.0,0.0
2016-17,252261,Bismark Ngissah,0,0.0,0.0,0.0,0.0,0.0,0.0
2016-17,9865,Bogdan Lobont,0,0.0,0.0,0.0,0.0,0.0,0.0
2016-17,71702,Borja Valero,0,1.0,10.0,32.0,31.0,0.0,0.0
2016-17,85210,Bostjan Cesar,0,1.0,0.0,17.0,16.0,0.0,0.0
2016-17,85086,Boukary Dramé,0,0.0,0.0,10.0,8.0,0.0,0.0
2016-17,35997,Bruno Alves,0,1.0,0.0,36.0,36.0,0.0,0.0
2016-17,124091,Bruno Fernandes,0,5.0,2.0,33.0,22.0,0.0,0.0
2016-17,188485,Bruno Henrique,0,1.0,3.0,33.0,24.0,0.0,0.0
2016-17,151685,Bruno Martella,0,0.0,0.0,29.0,26.0,0.0,0.0
2016-17,148321,Bruno Peres,0,2.0,2.0,30.0,24.0,0.0,0.0
2016-17,182097,Bruno Petkovic,0,0.0,0.0,12.0,4.0,0.0,0.0
2016-17,181266,Bryan Cabezas,0,0.0,0.0,1.0,0.0,0.0,0.0
2016-17,231440,Bryan Costa,0,0.0,0.0,0.0,0.0,0.0,0.0
2016-17,169213,Bryan Cristante,0,3.0,2.0,28.0,17.0,0.0,0.0
2016-17,121232,Carlos Bacca,0,13.0,3.0,32.0,26.0,0.0,0.0
2016-17,192187,Carlos Embaló,0,0.0,1.0,12.0,8.0,0.0,0.0
2016-17,184299,Carlos Salcedo,0,0.0,1.0,18.0,15.0,0.0,0.0
2016-17,101471,Carlos Sánchez,0,1.0,1.0,31.0,23.0,0.0,0.0
2016-17,121845,Carlão,0,0.0,0.0,4.0,4.0,0.0,0.0
2016-17,227299,Cassio Cardoselli,0,0.0,0.0,0.0,0.0,0.0,0.0
2016-17,214309,Cazim Suljic,0,0.0,0.0,2.0,0.0,0.0,0.0
2016-17,13754,Cesare Bovo,0,0.0,0.0,14.0,13.0,0.0,0.0
2016-17,254209,Cesare Pogliano,0,0.0,0.0,0.0,0.0,0.0,0.0
2016-17,243159,Christian Capone,0,0.0,0.0,0.0,0.0,0.0,0.0
2016-17,25030,Christian Maggio,0,0.0,0.0,7.0,4.0,0.0,0.0
2016-17,68586,Christian Molina,0,0.0,2.0,10.0,9.0,0.0,0.0
2016-17,95524,Christian Puggioni,0,0.0,0.0,21.0,21.0,0.0,0.0
2016-17,147969,Ciprian Tatarusanu,0,0.0,0.0,35.0,35.0,0.0,0.0
2016-17,130123,Ciro Immobile,0,23.0,3.0,37.0,36.0,0.0,0.0
2016-17,11809,Claiton Machado,0,0.0,1.0,10.0,9.0,0.0,0.0
2016-17,233526,Claud Adjapong,0,1.0,0.0,9.0,6.0,0.0,0.0
2016-17,104334,Claudio Marchisio,0,1.0,2.0,18.0,15.0,0.0,0.0
2016-17,131751,Clément Grenier,0,0.0,1.0,6.0,1.0,0.0,0.0
2016-17,68522,Cristian Ansaldi,0,0.0,1.0,21.0,17.0,0.0,0.0
2016-17,224065,Cristian Dell'Orco,0,0.0,0.0,9.0,9.0,0.0,0.0
2016-17,125029,Cristian Raimondi,0,0.0,0.0,8.0,4.0,0.0,0.0
2016-17,132709,Cristian Tello,0,4.0,4.0,36.0,22.0,0.0,0.0
2016-17,152044,Cristiano Biraghi,0,1.0,4.0,35.0,33.0,0.0,0.0
2016-17,184124,Cristiano Lombardi,0,1.0,0.0,18.0,3.0,0.0,0.0
2016-17,73101,Cristián Zapata,0,1.0,0.0,15.0,12.0,0.0,0.0
2016-17,87322,Cyril Thereau,0,12.0,2.0,33.0,31.0,0.0,0.0
2016-17,30901,Dani Alves,0,2.0,2.0,19.0,15.0,0.0,0.0
2016-17,136951,Daniel Pavlovic,0,0.0,0.0,9.0,8.0,0.0,0.0
2016-17,162604,Daniele Baselli,0,6.0,5.0,37.0,28.0,0.0,0.0
2016-17,89289,Daniele Croce,0,1.0,1.0,35.0,32.0,0.0,0.0
2016-17,16207,Daniele De Rossi,0,4.0,4.0,31.0,27.0,0.0,0.0
2016-17,50431,Daniele Dessena,0,2.0,0.0,18.0,16.0,0.0,0.0
2016-17,31185,Daniele Gastaldello,0,0.0,1.0,25.0,25.0,0.0,0.0
2016-17,93816,Daniele Padelli,0,0.0,0.0,2.0,2.0,0.0,0.0
2016-17,181673,Daniele Rugani,0,2.0,0.0,15.0,11.0,0.0,0.0
2016-17,99236,Danilo,0,2.0,1.0,36.0,36.0,0.0,0.0
2016-17,144121,Danilo Avelar,0,0.0,0.0,3.0,3.0,0.0,0.0
2016-17,178627,Danilo Cataldi,0,1.0,1.0,24.0,15.0,0.0,0.0
2016-17,91776,Danilo D'Ambrosio,0,3.0,3.0,32.0,32.0,0.0,0.0
2016-17,14106,Dario Dainelli,0,0.0,0.0,26.0,25.0,0.0,0.0
2016-17,126752,Darko Lazovic,0,2.0,4.0,33.0,30.0,0.0,0.0
2016-17,252604,David Bors,0,0.0,0.0,0.0,0.0,0.0,0.0
2016-17,226789,Davide Arras,0,0.0,0.0,0.0,0.0,0.0,0.0
2016-17,74380,Davide Astori,0,2.0,0.0,33.0,33.0,0.0,0.0
2016-17,68062,Davide Biondini,0,0.0,0.0,14.0,9.0,0.0,0.0
2016-17,173394,Davide Biraschi,0,0.0,0.0,7.0,4.0,0.0,0.0
2016-17,74389,Davide Brivio,0,0.0,0.0,0.0,0.0,0.0,0.0
2016-17,255856,Davide Buglio,0,0.0,0.0,0.0,0.0,0.0,0.0
2016-17,194747,Davide Calabria,0,0.0,1.0,12.0,11.0,0.0,0.0
2016-17,91872,Davide Di Gennaro,0,2.0,5.0,20.0,17.0,0.0,0.0
2016-17,113572,Davide Faraoni,0,0.0,0.0,5.0,4.0,0.0,0.0
2016-17,250850,Davide Frattesi,0,0.0,0.0,0.0,0.0,0.0,0.0
2016-17,121811,Davide Santon,0,0.0,1.0,14.0,11.0,0.0,0.0
2016-17,251132,Davide Seminara,0,0.0,0.0,0.0,0.0,0.0,0.0
2016-17,213221,Davide Vitturini,0,0.0,0.0,3.0,2.0,0.0,0.0
2016-17,182627,Davide Zappacosta,0,1.0,5.0,29.0,25.0,0.0,0.0
2016-17,253394,Denis Baumgartner,0,0.0,0.0,0.0,0.0,0.0,0.0
2016-17,256784,Denis Petro,0,0.0,0.0,0.0,0.0,0.0,0.0
2016-17,173150,Dennis Praet,0,1.0,1.0,32.0,19.0,0.0,0.0
2016-17,241724,Diego Faccioli,0,0.0,0.0,0.0,0.0,0.0,0.0
2016-17,139989,Diego Falcinelli,0,13.0,3.0,36.0,35.0,0.0,0.0
2016-17,123492,Diego Farias,0,7.0,2.0,20.0,12.0,0.0,0.0
2016-17,178116,Diego Laxalt,0,1.0,4.0,36.0,36.0,0.0,0.0
2016-17,40547,Diego López,0,0.0,0.0,0.0,0.0,0.0,0.0
2016-17,113720,Diego Perotti,0,8.0,6.0,32.0,20.0,0.0,0.0
2016-17,45133,Djamel Mesbah,0,0.0,0.0,10.0,8.0,0.0,0.0
2016-17,137436,Dodô,0,0.0,0.0,7.0,4.0,0.0,0.0
2016-17,173817,Domenico Berardi,0,5.0,9.0,21.0,20.0,0.0,0.0
2016-17,245631,Domenico Coppola,0,0.0,0.0,0.0,0.0,0.0,0.0
2016-17,13738,Domenico Maietta,0,0.0,1.0,29.0,29.0,0.0,0.0
2016-17,89687,Dries Mertens,0,28.0,9.0,35.0,28.0,0.0,0.0
2016-17,255758,Duje Javorcic,0,0.0,0.0,0.0,0.0,0.0,0.0
2016-17,121405,Dusan Basta,0,1.0,2.0,27.0,24.0,0.0,0.0
2016-17,193644,Duván Zapata,0,10.0,3.0,38.0,37.0,0.0,0.0
2016-17,102337,Edin Dzeko,0,29.0,9.0,37.0,33.0,0.0,0.0
2016-17,251549,Edoardo Bovolon,0,0.0,0.0,0.0,0.0,0.0,0.0
2016-17,181060,Edoardo Goldaniga,0,2.0,1.0,28.0,26.0,0.0,0.0
2016-17,255919,Edoardo Sbampato,0,0.0,0.0,0.0,0.0,0.0,0.0
2016-17,227769,Edoardo Soleri,0,0.0,0.0,0.0,0.0,0.0,0.0
2016-17,241727,Edoardo Stanghellini,0,0.0,0.0,0.0,0.0,0.0,0.0
2016-17,251131,Elia Giampa,0,0.0,0.0,0.0,0.0,0.0,0.0
2016-17,167601,Elseid Hysaj,0,0.0,1.0,35.0,34.0,0.0,0.0
2016-17,250644,Emanuel Vignato,0,0.0,0.0,2.0,0.0,0.0,0.0
2016-17,134438,Emanuele Giaccherini,0,1.0,0.0,16.0,1.0,0.0,0.0
2016-17,255735,Emanuele Monari,0,0.0,0.0,0.0,0.0,0.0,0.0
2016-17,250931,Emanuele Spinozzi,0,0.0,0.0,0.0,0.0,0.0,0.0
2016-17,159051,Emerson,0,0.0,1.0,25.0,23.0,0.0,0.0
2016-17,207834,Emil Audero,0,0.0,0.0,1.0,1.0,0.0,0.0
2016-17,104441,Emil Hallfredsson,0,0.0,4.0,28.0,23.0,0.0,0.0
2016-17,172922,Emil Krafth,0,0.0,0.0,26.0,16.0,0.0,0.0
2016-17,11899,Emiliano Moretti,0,1.0,3.0,23.0,23.0,0.0,0.0
2016-17,125001,Emiliano Viviano,0,0.0,0.0,17.0,17.0,0.0,0.0
2016-17,141384,Emmanuel Badu,0,0.0,3.0,29.0,20.0,0.0,0.0
2016-17,242439,Emmanuel Latte Lath,0,0.0,0.0,0.0,0.0,0.0,0.0
2016-17,202533,Erick Pulgar,0,1.0,1.0,28.0,18.0,0.0,0.0
2016-17,233527,Eros De Santis,0,0.0,0.0,0.0,0.0,0.0,0.0
2016-17,131346,Ervin Zukanovic,0,0.0,0.0,19.0,14.0,0.0,0.0
2016-17,125312,Etrit Berisha,0,0.0,0.0,26.0,26.0,0.0,0.0
2016-17,124916,Eugenio Lamanna,0,0.0,0.0,21.0,20.0,0.0,0.0
2016-17,199675,Ewandro,0,0.0,0.0,5.0,0.0,0.0,0.0
2016-17,117843,Ezequiel Muñoz,0,0.0,0.0,31.0,25.0,0.0,0.0
2016-17,233409,Fabio Depaoli,0,0.0,1.0,6.0,5.0,0.0,0.0
2016-17,250954,Fabio Maistro,0,0.0,0.0,0.0,0.0,0.0,0.0
2016-17,135039,Fabio Pisacane,0,1.0,1.0,29.0,29.0,0.0,0.0
2016-17,19667,Fabio Quagliarella,0,12.0,4.0,37.0,35.0,0.0,0.0
2016-17,251774,Fabrizio Brignani,0,0.0,0.0,0.0,0.0,0.0,0.0
2016-17,125476,Fabrizio Cacciatore,0,1.0,2.0,29.0,29.0,0.0,0.0
2016-17,152260,Faouzi Ghoulam,0,0.0,6.0,29.0,26.0,0.0,0.0
2016-17,177870,Federico Barba,0,0.0,0.0,11.0,9.0,0.0,0.0
2016-17,180956,Federico Bernardeschi,0,11.0,4.0,32.0,27.0,0.0,0.0
2016-17,153315,Federico Ceccherini,0,1.0,0.0,35.0,35.0,0.0,0.0
2016-17,234306,Federico Chiesa,0,3.0,2.0,27.0,17.0,0.0,0.0
2016-17,185463,Federico Di Francesco,0,4.0,3.0,24.0,11.0,0.0,0.0
2016-17,194748,Federico Dimarco,0,0.0,1.0,12.0,6.0,0.0,0.0
2016-17,97425,Federico Fazio,0,2.0,1.0,37.0,35.0,0.0,0.0
2016-17,116478,Federico Marchetti,0,0.0,0.0,18.0,18.0,0.0,0.0
2016-17,202334,Federico Mattiello,0,0.0,0.0,0.0,0.0,0.0,0.0
2016-17,163520,Federico Melchiorri,0,3.0,0.0,10.0,4.0,0.0,0.0
2016-17,116297,Federico Peluso,0,1.0,2.0,34.0,33.0,0.0,0.0
2016-17,245626,Federico Ravaglia,0,0.0,0.0,0.0,0.0,0.0,0.0
2016-17,172303,Federico Ricci,0,2.0,0.0,24.0,10.0,0.0,0.0
2016-17,207295,Federico Serraiocco,0,0.0,0.0,1.0,0.0,0.0,0.0
2016-17,125055,Federico Viviani,0,2.0,2.0,17.0,13.0,0.0,0.0
2016-17,24978,Felipe,0,1.0,1.0,32.0,31.0,0.0,0.0
2016-17,152812,Felipe Anderson,0,4.0,9.0,36.0,33.0,0.0,0.0
2016-17,241731,Ferdinando Del Sole,0,0.0,0.0,0.0,0.0,0.0,0.0
2016-17,105426,Filip Djordjevic,0,0.0,0.0,17.0,4.0,0.0,0.0
2016-17,137076,Filip Djuricic,0,0.0,1.0,19.0,3.0,0.0,0.0
2016-17,165722,Filip Helander,0,1.0,0.0,11.0,9.0,0.0,0.0
2016-17,256897,Filip Vaško,0,0.0,0.0,0.0,0.0,0.0,0.0
2016-17,245274,Filippo Berardi,0,0.0,0.0,0.0,0.0,0.0,0.0
2016-17,250672,Filippo Delli Carri,0,0.0,0.0,0.0,0.0,0.0,0.0
2016-17,250849,Filippo Franchi,0,0.0,0.0,0.0,0.0,0.0,0.0
2016-17,250670,Filippo Melegoni,0,0.0,0.0,1.0,1.0,0.0,0.0
2016-17,255306,Filippo Pavoni,0,0.0,0.0,0.0,0.0,0.0,0.0
2016-17,148842,Francesco Acerbi,0,4.0,0.0,38.0,38.0,0.0,0.0
2016-17,253718,Francesco Bonfiglio,0,0.0,0.0,0.0,0.0,0.0,0.0
2016-17,24100,Francesco Magnanelli,0,1.0,0.0,15.0,14.0,0.0,0.0
2016-17,89216,Francesco Rossi,0,0.0,0.0,0.0,0.0,0.0,0.0
2016-17,255633,Francesco Scavo,0,0.0,0.0,0.0,0.0,0.0,0.0
2016-17,10293,Francesco Totti,0,2.0,3.0,18.0,1.0,0.0,0.0
2016-17,188930,Francesco Zampano,0,0.0,5.0,34.0,32.0,0.0,0.0
2016-17,256896,Franck Alain Djoulou Zohoki,0,0.0,0.0,0.0,0.0,0.0,0.0
2016-17,194711,Franck Kessié,0,6.0,3.0,30.0,25.0,0.0,0.0
2016-17,152597,Frederic Veseli,0,0.0,2.0,17.0,11.0,0.0,0.0
2016-17,155156,Gabriel,0,0.0,0.0,3.0,3.0,0.0,0.0
2016-17,182522,Gabriel Barbosa,0,1.0,0.0,9.0,0.0,0.0,0.0
2016-17,235792,Gabriel Meli,0,0.0,0.0,0.0,0.0,0.0,0.0
2016-17,86610,Gabriel Paletta,0,2.0,1.0,30.0,30.0,0.0,0.0
2016-17,132946,Gabriel Silva,0,0.0,0.0,5.0,2.0,0.0,0.0
2016-17,28385,Gabriele Aldegani,0,0.0,0.0,0.0,0.0,0.0,0.0
2016-17,124999,Gabriele Angella,0,1.0,0.0,14.0,10.0,0.0,0.0
2016-17,147341,Gary Medel,0,0.0,0.0,26.0,26.0,0.0,0.0
2016-17,156228,Gastón Brugman,0,1.0,1.0,27.0,22.0,0.0,0.0
2016-17,254215,Gennaro Ruggiero,0,0.0,0.0,2.0,2.0,0.0,0.0
2016-17,28402,Gennaro Sardo,0,0.0,0.0,1.0,0.0,0.0,0.0
2016-17,152270,Geoffrey Kondogbia,0,1.0,2.0,24.0,20.0,0.0,0.0
2016-17,156615,Gerard Deulofeu,0,4.0,3.0,17.0,16.0,0.0,0.0
2016-17,256890,Gergely Hutvágner,0,0.0,0.0,0.0,0.0,0.0,0.0
2016-17,210135,Gerson,0,0.0,0.0,4.0,2.0,0.0,0.0
2016-17,113667,Giacomo Bonaventura,0,3.0,2.0,19.0,19.0,0.0,0.0
2016-17,234305,Giacomo Satalino,0,0.0,0.0,0.0,0.0,0.0,0.0
2016-17,250685,Giacomo Vrioni,0,0.0,0.0,0.0,0.0,0.0,0.0
2016-17,207823,Gian Marco Ferrari,0,3.0,1.0,37.0,37.0,0.0,0.0
2016-17,101846,Giancarlo González,0,1.0,0.0,21.0,18.0,0.0,0.0
2016-17,156792,Gianluca Caprari,0,9.0,4.0,35.0,34.0,0.0,0.0
2016-17,251775,Gianluca Frabotta,0,0.0,0.0,0.0,0.0,0.0,0.0
2016-17,144668,Gianluca Lapadula,0,8.0,3.0,27.0,12.0,0.0,0.0
2016-17,104359,Gianluca Pegolo,0,0.0,0.0,1.0,1.0,0.0,0.0
2016-17,12947,Gianluigi Buffon,0,0.0,0.0,30.0,30.0,0.0,0.0
2016-17,217092,Gianluigi Donnarumma,0,0.0,0.0,38.0,38.0,0.0,0.0
2016-17,255857,Giordano Trovade,0,0.0,0.0,0.0,0.0,0.0,0.0
2016-17,256763,Giorgio Altare,0,0.0,0.0,0.0,0.0,0.0,0.0
2016-17,24836,Giorgio Chiellini,0,2.0,1.0,21.0,20.0,0.0,0.0
2016-17,253764,Giorgio Spizzichino,0,0.0,0.0,1.0,0.0,0.0,0.0
2016-17,211314,Giovanni Sbrissa,0,0.0,0.0,0.0,0.0,0.0,0.0
2016-17,189974,Giovanni Simeone,0,12.0,1.0,35.0,29.0,0.0,0.0
2016-17,46681,Giulio Migliaccio,0,0.0,0.0,3.0,0.0,0.0,0.0
2016-17,96794,Giuseppe Bellusci,0,1.0,0.0,33.0,33.0,0.0,0.0
2016-17,250435,Giuseppe Borello,0,0.0,0.0,1.0,0.0,0.0,0.0
2016-17,243160,Giuseppe Cuomo,0,0.0,0.0,1.0,0.0,0.0,0.0
2016-17,224249,Giuseppe Pezzella,0,0.0,0.0,10.0,9.0,0.0,0.0
2016-17,46051,Giuseppe Rossi,0,0.0,0.0,1.0,0.0,0.0,0.0
2016-17,196905,Godfred Donsah,0,0.0,2.0,13.0,10.0,0.0,0.0
2016-17,67310,Gonzalo Higuaín,0,24.0,3.0,38.0,32.0,0.0,0.0
2016-17,42967,Gonzalo Rodríguez,0,1.0,0.0,26.0,26.0,0.0,0.0
2016-17,23743,Goran Pandev,0,3.0,0.0,20.0,6.0,0.0,0.0
2016-17,218082,Grigoris Kastanos,0,0.0,0.0,8.0,3.0,0.0,0.0
2016-17,156883,Grégoire Defrel,0,12.0,2.0,29.0,23.0,0.0,0.0
2016-17,28006,Guglielmo Stendardo,0,0.0,0.0,10.0,9.0,0.0,0.0
2016-17,123953,Guido Marilungo,0,0.0,4.0,20.0,11.0,0.0,0.0
2016-17,118395,Gustavo Gómez,0,0.0,0.0,18.0,11.0,0.0,0.0
2016-17,214475,Guy Yao,0,0.0,0.0,0.0,0.0,0.0,0.0
2016-17,176883,Haitam Aleesami,0,1.0,3.0,31.0,29.0,0.0,0.0
2016-17,228474,Han Kwang-Song,0,1.0,0.0,5.0,0.0,0.0,0.0
2016-17,193448,Hans Hateboer,0,0.0,1.0,6.0,3.0,0.0,0.0
2016-17,134064,Hrvoje Milic,0,0.0,4.0,17.0,16.0,0.0,0.0
2016-17,187952,Hrvoje Milicevic,0,0.0,0.0,3.0,1.0,0.0,0.0
2016-17,104453,Hugo Campagnaro,0,2.0,0.0,19.0,18.0,0.0,0.0
2016-17,125491,Iago Falque,0,12.0,8.0,35.0,31.0,0.0,0.0
2016-17,240062,Ianis Hagi,0,0.0,0.0,2.0,0.0,0.0,0.0
2016-17,255844,Ibourahima Balde,0,0.0,0.0,0.0,0.0,0.0,0.0
2016-17,175009,Ibrahima Mbaye,0,0.0,1.0,16.0,11.0,0.0,0.0
2016-17,40354,Ignazio Abate,0,0.0,2.0,23.0,22.0,0.0,0.0
2016-17,176611,Ilija Nestorovski,0,11.0,3.0,37.0,34.0,0.0,0.0
2016-17,250364,Illia Briukhov,0,0.0,0.0,0.0,0.0,0.0,0.0
2016-17,130124,Isaac Cofie,0,0.0,1.0,15.0,11.0,0.0,0.0
2016-17,103485,Ivan Perisic,0,11.0,8.0,36.0,31.0,0.0,0.0
2016-17,114589,Ivan Radovanovic,0,0.0,0.0,35.0,32.0,0.0,0.0
2016-17,147178,Ivan Strinic,0,0.0,2.0,12.0,12.0,0.0,0.0
2016-17,126740,Ivan Vargic,0,0.0,0.0,1.0,1.0,0.0,0.0
2016-17,205021,Ivaylo Chochev,0,3.0,3.0,30.0,25.0,0.0,0.0
2016-17,144734,Jacopo Sala,0,0.0,0.0,20.0,19.0,0.0,0.0
2016-17,210389,Jakub Jankto,0,5.0,4.0,29.0,24.0,0.0,0.0
2016-17,252452,Jan Mlakar,0,0.0,0.0,1.0,0.0,0.0,0.0
2016-17,154715,Jasmin Kurtic,0,6.0,3.0,37.0,35.0,0.0,0.0
2016-17,155764,Jean-Christophe Bahebeck,0,4.0,1.0,15.0,11.0,0.0,0.0
2016-17,30462,Joe Hart,0,0.0,0.0,36.0,36.0,0.0,0.0
2016-17,132064,Joel Obi,0,0.0,3.0,20.0,9.0,0.0,0.0
2016-17,97379,Jonathan Biabiany,0,0.0,0.0,1.0,0.0,0.0,0.0
2016-17,69579,Jonathan de Guzmán,0,2.0,1.0,27.0,15.0,0.0,0.0
2016-17,169116,Jordan Lukaku,0,0.0,1.0,16.0,8.0,0.0,0.0
2016-17,165778,Jorginho,0,0.0,3.0,27.0,27.0,0.0,0.0
2016-17,225605,Joshua Pérez,0,0.0,0.0,1.0,0.0,0.0,0.0
2016-17,150004,Josip Ilicic,0,5.0,4.0,30.0,24.0,0.0,0.0
2016-17,233271,Josip Posavec,0,0.0,0.0,29.0,29.0,0.0,0.0
2016-17,121600,José Callejón,0,14.0,12.0,37.0,37.0,0.0,0.0
2016-17,196586,José Mauri,0,0.0,0.0,14.0,10.0,0.0,0.0
2016-17,102240,José Sosa,0,0.0,3.0,18.0,15.0,0.0,0.0
2016-17,169402,João Mário,0,3.0,5.0,30.0,22.0,0.0,0.0
2016-17,152014,João Pedro,0,7.0,3.0,22.0,17.0,0.0,0.0
2016-17,118986,Juan Cuadrado,0,2.0,6.0,30.0,21.0,0.0,0.0
2016-17,136357,Juan Iturbe,0,1.0,3.0,21.0,4.0,0.0,0.0
2016-17,170663,Juan Jesus,0,0.0,0.0,20.0,13.0,0.0,0.0
2016-17,235782,Juan Manuel Valencia,0,0.0,0.0,0.0,0.0,0.0,0.0
2016-17,104395,Juan Pablo Carrizo,0,0.0,0.0,1.0,1.0,0.0,0.0
2016-17,131625,Juraj Kucka,0,3.0,1.0,30.0,23.0,0.0,0.0
2016-17,150312,Kalidou Koulibaly,0,2.0,0.0,28.0,28.0,0.0,0.0
2016-17,198770,Karol Linetty,0,1.0,4.0,35.0,27.0,0.0,0.0
2016-17,245803,Keba Coly,0,0.0,0.0,0.0,0.0,0.0,0.0
2016-17,90718,Keisuke Honda,0,1.0,0.0,8.0,2.0,0.0,0.0
2016-17,184883,Keita Baldé,0,16.0,3.0,31.0,21.0,0.0,0.0
2016-17,116184,Kevin Strootman,0,4.0,7.0,33.0,31.0,0.0,0.0
2016-17,137714,Khouma Babacar,0,10.0,1.0,22.0,13.0,0.0,0.0
2016-17,147439,Kostas Manolas,0,0.0,2.0,33.0,32.0,0.0,0.0
2016-17,113754,Kwadwo Asamoah,0,0.0,1.0,18.0,16.0,0.0,0.0
2016-17,151714,Ladislav Krejcí,0,1.0,8.0,37.0,33.0,0.0,0.0
2016-17,251133,Lapo Carradori,0,0.0,0.0,0.0,0.0,0.0,0.0
2016-17,220625,Leandrinho ,0,0.0,0.0,0.0,0.0,0.0,0.0
2016-17,99134,Leandro Castán,0,0.0,0.0,14.0,13.0,0.0,0.0
2016-17,153115,Leandro Paredes,0,3.0,1.0,27.0,15.0,0.0,0.0
2016-17,149011,Ledian Memushaj,0,1.0,3.0,36.0,35.0,0.0,0.0
2016-17,74413,Leonardo Bonucci,0,3.0,0.0,29.0,26.0,0.0,0.0
2016-17,176722,Leonardo Capezzi,0,0.0,0.0,25.0,18.0,0.0,0.0
2016-17,239917,Leonardo Loria,0,0.0,0.0,0.0,0.0,0.0,0.0
2016-17,228170,Leonardo Maloku,0,0.0,0.0,0.0,0.0,0.0,0.0
2016-17,233382,Leonardo Marson,0,0.0,0.0,0.0,0.0,0.0,0.0
2016-17,203802,Leonardo Morosini,0,0.0,0.0,4.0,1.0,0.0,0.0
2016-17,162640,Leonardo Pavoletti,0,3.0,0.0,16.0,10.0,0.0,0.0
2016-17,241726,Leonardo Sarzi Maddidini,0,0.0,0.0,0.0,0.0,0.0,0.0
2016-17,148974,Leonardo Spinazzola,0,0.0,5.0,30.0,28.0,0.0,0.0
2016-17,255632,Leonardo Vitali,0,0.0,0.0,0.0,0.0,0.0,0.0
2016-17,91536,Leonel Vangioni,0,0.0,0.0,15.0,11.0,0.0,0.0
2016-17,113897,Levan Mchedlidze,0,6.0,0.0,15.0,11.0,0.0,0.0
2016-17,238975,Lorenco Simic,0,0.0,0.0,0.0,0.0,0.0,0.0
2016-17,143696,Lorenzo Crisetig,0,0.0,1.0,32.0,29.0,0.0,0.0
2016-17,228266,Lorenzo Cristanto,0,0.0,0.0,0.0,0.0,0.0,0.0
2016-17,68070,Lorenzo De Silvestri,0,1.0,4.0,16.0,15.0,0.0,0.0
2016-17,245804,Lorenzo Grossi,0,0.0,0.0,0.0,0.0,0.0,0.0
2016-17,139028,Lorenzo Insigne,0,18.0,9.0,37.0,35.0,0.0,0.0
2016-17,204320,Lorenzo Pellegrini,0,6.0,6.0,28.0,24.0,0.0,0.0
2016-17,99501,Lorenzo Tonelli,0,2.0,0.0,3.0,3.0,0.0,0.0
2016-17,165532,Luca Antei,0,1.0,0.0,15.0,11.0,0.0,0.0
2016-17,74381,Luca Antonelli,0,0.0,0.0,7.0,3.0,0.0,0.0
2016-17,143112,Luca Borrelli,0,0.0,0.0,0.0,0.0,0.0,0.0
2016-17,134542,Luca Ceppitelli,0,0.0,0.0,20.0,20.0,0.0,0.0
2016-17,68242,Luca Cigarini,0,0.0,0.0,4.0,3.0,0.0,0.0
2016-17,239919,Luca Coccolo,0,0.0,0.0,0.0,0.0,0.0,0.0
2016-17,184833,Luca Crecco,0,1.0,0.0,3.0,0.0,0.0,0.0
2016-17,245959,Luca Crosta,0,0.0,0.0,1.0,1.0,0.0,0.0
2016-17,197263,Luca Mazzitelli,0,1.0,2.0,17.0,12.0,0.0,0.0
2016-17,251144,Luca Pellegrini,0,0.0,0.0,0.0,0.0,0.0,0.0
2016-17,219216,Luca Ravanelli,0,0.0,0.0,0.0,0.0,0.0,0.0
2016-17,40863,Luca Rigoni,0,3.0,1.0,31.0,29.0,0.0,0.0
2016-17,174989,Luca Rizzo,0,0.0,0.0,12.0,4.0,0.0,0.0
2016-17,108474,Luca Rossettini,0,1.0,0.0,30.0,29.0,0.0,0.0
2016-17,256898,Luca Scordino,0,0.0,0.0,0.0,0.0,0.0,0.0
2016-17,241718,Luca Zanimacchia,0,0.0,0.0,0.0,0.0,0.0,0.0
2016-17,86394,Lucas Biglia,0,4.0,3.0,29.0,28.0,0.0,0.0
2016-17,207236,Lucas Boyé,0,1.0,2.0,30.0,14.0,0.0,0.0
2016-17,130004,Lucas Castro,0,5.0,6.0,33.0,33.0,0.0,0.0
2016-17,186776,Lucas Evangelista,0,0.0,1.0,6.0,2.0,0.0,0.0
2016-17,159263,Lucas Ocampos,0,3.0,1.0,26.0,16.0,0.0,0.0
2016-17,132944,Lucas Orbán,0,0.0,0.0,11.0,8.0,0.0,0.0
2016-17,212973,Lucas Torreira,0,0.0,0.0,35.0,35.0,0.0,0.0
2016-17,177815,Lucas Zima,0,0.0,0.0,0.0,0.0,0.0,0.0
2016-17,126109,Luigi Sepe,0,0.0,0.0,0.0,0.0,0.0,0.0
2016-17,146388,Luis Alberto,0,1.0,2.0,9.0,4.0,0.0,0.0
2016-17,151510,Luis Muriel,0,11.0,5.0,31.0,25.0,0.0,0.0
2016-17,179358,Lukasz Skorupski,0,0.0,0.0,35.0,35.0,0.0,0.0
2016-17,208518,Mamadou Coulibaly,0,0.0,0.0,9.0,6.0,0.0,0.0
2016-17,192457,Mamadou Tounkara,0,0.0,0.0,1.0,0.0,0.0,0.0
2016-17,174979,Mame Thiam,0,1.0,1.0,15.0,9.0,0.0,0.0
2016-17,154423,Manuel De Luca,0,0.0,0.0,0.0,0.0,0.0,0.0
2016-17,217538,Manuel Locatelli,0,2.0,0.0,25.0,17.0,0.0,0.0
2016-17,214202,Manuel Nicoletti,0,0.0,0.0,0.0,0.0,0.0,0.0
2016-17,68078,Manuel Pasqual,0,2.0,3.0,32.0,32.0,0.0,0.0
2016-17,158477,Manuel Pucciarelli,0,3.0,1.0,32.0,25.0,0.0,0.0
2016-17,142666,Marcel Büchel,0,0.0,0.0,15.0,10.0,0.0,0.0
2016-17,104329,Marcello Gazzola,0,0.0,1.0,16.0,16.0,0.0,0.0
2016-17,163116,Marcello Trotta,0,3.0,5.0,29.0,23.0,0.0,0.0
2016-17,178383,Marcelo Brozovic,0,4.0,2.0,23.0,20.0,0.0,0.0
2016-17,241610,Marco Acatullo,0,0.0,0.0,0.0,0.0,0.0,0.0
2016-17,36841,Marco Andreolli,0,1.0,0.0,6.0,4.0,0.0,0.0
2016-17,176762,Marco Benassi,0,5.0,2.0,28.0,24.0,0.0,0.0
2016-17,24238,Marco Borriello,0,16.0,1.0,36.0,30.0,0.0,0.0
2016-17,151620,Marco Capuano,0,1.0,0.0,12.0,8.0,0.0,0.0
2016-17,255917,Marco Carraro,0,0.0,0.0,0.0,0.0,0.0,0.0
2016-17,132070,Marco D'Alessandro,0,1.0,1.0,24.0,4.0,0.0,0.0
2016-17,222459,Marco Festa,0,0.0,0.0,3.0,2.0,0.0,0.0
2016-17,149416,Marco Fossati,0,0.0,0.0,0.0,0.0,0.0,0.0
2016-17,251635,Marco Milanese,0,0.0,0.0,0.0,0.0,0.0,0.0
2016-17,120646,Marco Parolo,0,5.0,1.0,34.0,34.0,0.0,0.0
2016-17,251733,Marco Pompetti,0,0.0,0.0,0.0,0.0,0.0,0.0
2016-17,166335,Marco Sau,0,7.0,5.0,34.0,29.0,0.0,0.0
2016-17,174915,Marco Sportiello,0,0.0,0.0,10.0,10.0,0.0,0.0
2016-17,29200,Marco Storari,0,0.0,0.0,15.0,15.0,0.0,0.0
2016-17,227274,Marco Tumminello,0,0.0,0.0,0.0,0.0,0.0,0.0
2016-17,44377,Marco Zambelli,0,0.0,0.0,10.0,4.0,0.0,0.0
2016-17,172866,Marcus Rohdén,0,1.0,4.0,34.0,30.0,0.0,0.0
2016-17,104427,Marek Hamsik,0,12.0,10.0,38.0,37.0,0.0,0.0
2016-17,87156,Mariano Izco,0,0.0,1.0,25.0,12.0,0.0,0.0
2016-17,181729,Mario Lemina,0,1.0,1.0,19.0,8.0,0.0,0.0
2016-17,105582,Mario Mandzukic,0,7.0,4.0,35.0,29.0,0.0,0.0
2016-17,189668,Mario Pasalic,0,5.0,1.0,24.0,20.0,0.0,0.0
2016-17,169133,Mario Sampirisi,0,1.0,1.0,23.0,11.0,0.0,0.0
2016-17,187426,Marios Oikonomou,0,0.0,0.0,18.0,12.0,0.0,0.0
2016-17,221117,Marius Adamonis,0,0.0,0.0,0.0,0.0,0.0,0.0
2016-17,250402,Marius Marin,0,0.0,0.0,0.0,0.0,0.0,0.0
2016-17,187956,Marko Pjaca,0,0.0,0.0,14.0,3.0,0.0,0.0
2016-17,206357,Marko Rog,0,0.0,0.0,15.0,2.0,0.0,0.0
2016-17,216579,Martin Erlic,0,0.0,0.0,0.0,0.0,0.0,0.0
2016-17,238717,Martin Remade,0,0.0,0.0,0.0,0.0,0.0,0.0
2016-17,38572,Massimo Gobbi,0,1.0,2.0,30.0,30.0,0.0,0.0
2016-17,95471,Massimo Maccarone,0,5.0,2.0,28.0,17.0,0.0,0.0
2016-17,252297,Massimo Tazzer,0,0.0,0.0,0.0,0.0,0.0,0.0
2016-17,250576,Matias Antonini Lui,0,0.0,0.0,0.0,0.0,0.0,0.0
2016-17,127393,Mato Jajalo,0,1.0,1.0,26.0,22.0,0.0,0.0
2016-17,255922,Matteo Gabbia,0,0.0,0.0,0.0,0.0,0.0,0.0
2016-17,188306,Matteo Politano,0,5.0,6.0,32.0,25.0,0.0,0.0
2016-17,255761,Matteo Rossetti,0,0.0,0.0,0.0,0.0,0.0,0.0
2016-17,250687,Matteo Volteggi,0,0.0,0.0,0.0,0.0,0.0,0.0
2016-17,196026,Mattia Caldara,0,7.0,0.0,30.0,30.0,0.0,0.0
2016-17,224248,Mattia Cozzari,0,0.0,0.0,0.0,0.0,0.0,0.0
2016-17,163166,Mattia De Sciglio,0,0.0,2.0,25.0,23.0,0.0,0.0
2016-17,219687,Mattia Del Favero,0,0.0,0.0,0.0,0.0,0.0,0.0
2016-17,132067,Mattia Destro,0,11.0,0.0,30.0,28.0,0.0,0.0
2016-17,146683,Mattia Perin,0,0.0,0.0,16.0,16.0,0.0,0.0
2016-17,47952,Matías Fernández,0,1.0,2.0,13.0,8.0,0.0,0.0
2016-17,115322,Matías Silvestre,0,0.0,3.0,36.0,36.0,0.0,0.0
2016-17,145600,Matías Vecino,0,3.0,4.0,31.0,26.0,0.0,0.0
2016-17,113574,Mauricio Isla,0,1.0,7.0,34.0,32.0,0.0,0.0
2016-17,68420,Mauricio Pinilla,0,1.0,1.0,16.0,8.0,0.0,0.0
2016-17,89356,Maurizio Pugliesi,0,0.0,0.0,0.0,0.0,0.0,0.0
2016-17,167411,Mauro Icardi,0,24.0,8.0,34.0,34.0,0.0,0.0
2016-17,47064,Maxi López,0,2.0,0.0,16.0,2.0,0.0,0.0
2016-17,154373,Maximiliano Olivera,0,0.0,2.0,18.0,13.0,0.0,0.0
2016-17,136256,Maxwell Acosty,0,0.0,0.0,11.0,3.0,0.0,0.0
2016-17,102402,Medhi Benatia,0,1.0,0.0,15.0,14.0,0.0,0.0
2016-17,256212,Mehdi Léris,0,0.0,0.0,0.0,0.0,0.0,0.0
2016-17,252385,Michael Folorunsho,0,0.0,0.0,0.0,0.0,0.0,0.0
2016-17,252599,Michal Tomic,0,0.0,0.0,0.0,0.0,0.0,0.0
2016-17,100508,Michel Morganella,0,0.0,0.0,11.0,7.0,0.0,0.0
2016-17,252296,Michele Cerofolini,0,0.0,0.0,0.0,0.0,0.0,0.0
2016-17,188072,Michele Fornasier,0,0.0,1.0,22.0,16.0,0.0,0.0
2016-17,196887,Michele Troiani,0,0.0,0.0,0.0,0.0,0.0,0.0
2016-17,86744,Miguel Veloso,0,0.0,4.0,23.0,22.0,0.0,0.0
2016-17,189394,Miha Zajc,0,1.0,1.0,5.0,1.0,0.0,0.0
2016-17,121090,Milan Badelj,0,2.0,2.0,33.0,29.0,0.0,0.0
2016-17,175195,Milan Skriniar,0,0.0,0.0,35.0,34.0,0.0,0.0
2016-17,105813,Miralem Pjanic,0,5.0,9.0,30.0,25.0,0.0,0.0
2016-17,160085,Miranda,0,0.0,0.0,32.0,32.0,0.0,0.0
2016-17,234397,Mirko Bizzi,0,0.0,0.0,0.0,0.0,0.0,0.0
2016-17,125000,Mirko Valdifiori,0,0.0,1.0,25.0,23.0,0.0,0.0
2016-17,255759,Mohamed Rabbas,0,0.0,0.0,0.0,0.0,0.0,0.0
2016-17,173896,Mohamed Salah,0,15.0,11.0,31.0,29.0,0.0,0.0
2016-17,248633,Moise Kean,0,1.0,0.0,3.0,0.0,0.0,0.0
2016-17,217172,Mouhamadou Sarr,0,0.0,0.0,0.0,0.0,0.0,0.0
2016-17,164210,Mário Rui,0,0.0,0.0,5.0,3.0,0.0,0.0
2016-17,250671,Nazareno Battista,0,0.0,0.0,0.0,0.0,0.0,0.0
2016-17,122573,Nenad Tomovic,0,0.0,1.0,25.0,21.0,0.0,0.0
2016-17,138398,Neto,0,0.0,0.0,8.0,7.0,0.0,0.0
2016-17,240266,Niccolò Zanellato,0,0.0,0.0,0.0,0.0,0.0,0.0
2016-17,250577,Nicholas Pennington,0,0.0,0.0,0.0,0.0,0.0,0.0
2016-17,233088,Nicholas Pierini,0,0.0,0.0,0.0,0.0,0.0,0.0
2016-17,165485,Nicola Murru,0,0.0,1.0,26.0,26.0,0.0,0.0
2016-17,96891,Nicola Rigoni,0,1.0,0.0,12.0,5.0,0.0,0.0
2016-17,126175,Nicolao Dumitru,0,0.0,0.0,0.0,0.0,0.0,0.0
2016-17,120647,Nicolas Frey,0,0.0,0.0,15.0,13.0,0.0,0.0
2016-17,43092,Nicolás Burdisso,0,0.0,0.0,35.0,35.0,0.0,0.0
2016-17,51525,Nicolás Spolli,0,0.0,0.0,21.0,15.0,0.0,0.0
2016-17,204441,Nicolò Barella,0,0.0,1.0,28.0,22.0,0.0,0.0
2016-17,104976,Nicolò Cherubin,0,0.0,0.0,0.0,0.0,0.0,0.0
2016-17,111757,Nikola Kalinic,0,15.0,2.0,32.0,26.0,0.0,0.0
2016-17,137830,Nikola Maksimovic,0,1.0,0.0,8.0,7.0,0.0,0.0
2016-17,165221,Nikola Ninkovic,0,2.0,1.0,17.0,5.0,0.0,0.0
2016-17,194352,Noe Dussenne,0,0.0,0.0,8.0,4.0,0.0,0.0
2016-17,221147,Norbert Balogh,0,0.0,0.0,16.0,6.0,0.0,0.0
2016-17,211771,Nur Abdullah,0,0.0,0.0,0.0,0.0,0.0,0.0
2016-17,224064,Olivier Ntcham,0,3.0,1.0,20.0,10.0,0.0,0.0
2016-17,126845,Omar El Kaddouri,0,3.0,1.0,20.0,15.0,0.0,0.0
2016-17,100094,Orestis Karnezis,0,0.0,0.0,33.0,33.0,0.0,0.0
2016-17,228297,Orji Okwonkwo,0,0.0,2.0,9.0,1.0,0.0,0.0
2016-17,150646,Oscar Hiljemark,0,2.0,0.0,29.0,22.0,0.0,0.0
2016-17,149006,Panagiotis Tachtsidis,0,0.0,5.0,26.0,24.0,0.0,0.0
2016-17,225503,Panos Armenakas,0,0.0,0.0,0.0,0.0,0.0,0.0
2016-17,104405,Paolo Cannavaro,0,1.0,0.0,18.0,16.0,0.0,0.0
2016-17,104457,Paolo De Ceglie,0,0.0,0.0,0.0,0.0,0.0,0.0
2016-17,177560,Paolo Faragò,0,0.0,0.0,9.0,1.0,0.0,0.0
2016-17,169818,Patric,0,0.0,1.0,19.0,10.0,0.0,0.0
2016-17,238885,Patrick Cutrone,0,0.0,0.0,1.0,0.0,0.0,0.0
2016-17,212330,Patrik Schick,0,11.0,3.0,32.0,14.0,0.0,0.0
2016-17,164839,Paulo Dybala,0,11.0,7.0,31.0,26.0,0.0,0.0
2016-17,12910,Pepe Reina,0,0.0,0.0,37.0,37.0,0.0,0.0
2016-17,86384,Perparim Hetemaj,0,0.0,0.0,23.0,21.0,0.0,0.0
2016-17,206587,Pierluigi Gollini,0,0.0,0.0,4.0,4.0,0.0,0.0
2016-17,250595,Piermarco D'Angelo,0,0.0,0.0,0.0,0.0,0.0,0.0
2016-17,256767,Pietro Cavagnaro,0,0.0,0.0,0.0,0.0,0.0,0.0
2016-17,139418,Pietro Iemmello,0,5.0,0.0,17.0,3.0,0.0,0.0
2016-17,251141,Pietro Pellegri,0,1.0,0.0,3.0,1.0,0.0,0.0
2016-17,177782,Piotr Zielinski,0,5.0,7.0,36.0,18.0,0.0,0.0
2016-17,239918,Pol Lirola,0,0.0,3.0,22.0,17.0,0.0,0.0
2016-17,135579,Pontus Jansson,0,0.0,0.0,0.0,0.0,0.0,0.0
2016-17,222595,Rade Krunic,0,2.0,1.0,32.0,29.0,0.0,0.0
2016-17,113107,Radja Nainggolan,0,11.0,5.0,37.0,35.0,0.0,0.0
2016-17,134307,Rafael,0,0.0,0.0,1.0,1.0,0.0,0.0
2016-17,139037,Rafael,0,0.0,0.0,21.0,19.0,0.0,0.0
2016-17,196855,Rafael Tolói,0,0.0,0.0,32.0,31.0,0.0,0.0
2016-17,41452,Raffaele Palladino,0,2.0,1.0,31.0,25.0,0.0,0.0
2016-17,178181,Raman Chibsah,0,0.0,0.0,0.0,0.0,0.0,0.0
2016-17,255760,Raul Oprut,0,0.0,0.0,0.0,0.0,0.0,0.0
2016-17,253063,Raul Zucchetti,0,0.0,0.0,0.0,0.0,0.0,0.0
2016-17,41970,Raúl Albiol,0,0.0,1.0,26.0,25.0,0.0,0.0
2016-17,227624,Raúl Asencio,0,0.0,0.0,0.0,0.0,0.0,0.0
2016-17,152600,Remo Freuler,0,5.0,4.0,33.0,29.0,0.0,0.0
2016-17,161562,Ricardo Alvarez,0,2.0,2.0,21.0,11.0,0.0,0.0
2016-17,252453,Riccardo Baroni,0,0.0,0.0,0.0,0.0,0.0,0.0
2016-17,256880,Riccardo Daga,0,0.0,0.0,0.0,0.0,0.0,0.0
2016-17,251663,Riccardo Gatti,0,0.0,0.0,0.0,0.0,0.0,0.0
2016-17,227272,Riccardo Marchizza,0,0.0,0.0,0.0,0.0,0.0,0.0
2016-17,46175,Riccardo Meggiorini,0,3.0,0.0,27.0,20.0,0.0,0.0
2016-17,40331,Riccardo Montolivo,0,0.0,0.0,9.0,9.0,0.0,0.0
2016-17,127466,Riccardo Saponara,0,4.0,3.0,29.0,22.0,0.0,0.0
2016-17,256895,Rigoberto Rivas,0,0.0,0.0,0.0,0.0,0.0,0.0
2016-17,194770,Robert Muric,0,1.0,0.0,5.0,2.0,0.0,0.0
2016-17,250366,Roberto Biancu,0,0.0,0.0,1.0,0.0,0.0,0.0
2016-17,87135,Roberto Colombo,0,0.0,0.0,1.0,0.0,0.0,0.0
2016-17,193977,Roberto Gagliardini,0,2.0,3.0,31.0,26.0,0.0,0.0
2016-17,148833,Roberto Inglese,0,10.0,4.0,34.0,22.0,0.0,0.0
2016-17,19459,Roberto Vitiello,0,0.0,0.0,5.0,5.0,0.0,0.0
2016-17,174466,Rodrigo De Paul,0,4.0,1.0,34.0,32.0,0.0,0.0
2016-17,137715,Rodrigo Palacio,0,0.0,3.0,15.0,3.0,0.0,0.0
2016-17,219444,Roland Sallai,0,1.0,0.0,21.0,11.0,0.0,0.0
2016-17,210392,Rolando Mandragora,0,0.0,0.0,1.0,0.0,0.0,0.0
2016-17,104353,Rubinho,0,0.0,0.0,2.0,2.0,0.0,0.0
2016-17,191848,Ryder Matos,0,0.0,0.0,20.0,4.0,0.0,0.0
2016-17,87882,Sami Khedira,0,5.0,4.0,31.0,31.0,0.0,0.0
2016-17,199059,Samir,0,0.0,2.0,21.0,21.0,0.0,0.0
2016-17,44323,Samir Handanovic,0,0.0,0.0,37.0,37.0,0.0,0.0
2016-17,210810,Samuel Bastien,0,1.0,0.0,12.0,8.0,0.0,0.0
2016-17,187941,Samuel Gustafsson,0,0.0,0.0,5.0,1.0,0.0,0.0
2016-17,236040,Samuele Damiani,0,0.0,0.0,0.0,0.0,0.0,0.0
2016-17,249161,Samuele Guddo,0,0.0,0.0,0.0,0.0,0.0,0.0
2016-17,217205,Samuele Perisan,0,0.0,0.0,0.0,0.0,0.0,0.0
2016-17,87757,Santiago Gentiletti,0,0.0,1.0,15.0,15.0,0.0,0.0
2016-17,146636,Saphir Taïder,0,3.0,0.0,24.0,22.0,0.0,0.0
2016-17,222300,Sasa Lukic,0,0.0,0.0,14.0,7.0,0.0,0.0
2016-17,92096,Sebastian De Maio,0,0.0,0.0,6.0,6.0,0.0,0.0
2016-17,192192,Sebastián Cristóforo,0,0.0,2.0,19.0,7.0,0.0,0.0
2016-17,184118,Seko Fofana,0,5.0,1.0,22.0,21.0,0.0,0.0
2016-17,121504,Senad Lulic,0,3.0,9.0,31.0,29.0,0.0,0.0
2016-17,235694,Senna Miangue,0,0.0,0.0,7.0,1.0,0.0,0.0
2016-17,85028,Serge Gakpé,0,1.0,0.0,15.0,3.0,0.0,0.0
2016-17,211141,Sergej Milinkovic-Savic,0,4.0,7.0,34.0,31.0,0.0,0.0
2016-17,24102,Sergio Pellissier,0,9.0,2.0,30.0,18.0,0.0,0.0
2016-17,175905,Silvan Widmer,0,0.0,4.0,28.0,28.0,0.0,0.0
2016-17,173801,Simon Makienok,0,0.0,0.0,0.0,0.0,0.0,0.0
2016-17,241728,Simone Auriletto,0,0.0,0.0,0.0,0.0,0.0,0.0
2016-17,246815,Simone Caputo,0,0.0,0.0,0.0,0.0,0.0,0.0
2016-17,119398,Simone Colombi,0,0.0,0.0,0.0,0.0,0.0,0.0
2016-17,246816,Simone Franchini,0,0.0,0.0,0.0,0.0,0.0,0.0
2016-17,167189,Simone Ganz,0,0.0,0.0,0.0,0.0,0.0,0.0
2016-17,252927,Simone Ghidotti,0,0.0,0.0,0.0,0.0,0.0,0.0
2016-17,241562,Simone Giuliano,0,0.0,0.0,0.0,0.0,0.0,0.0
2016-17,241563,Simone Lo Faso,0,0.0,0.0,10.0,1.0,0.0,0.0
2016-17,251143,Simone Mancini,0,0.0,0.0,0.0,0.0,0.0,0.0
2016-17,46026,Simone Missiroli,0,0.0,0.0,13.0,9.0,0.0,0.0
2016-17,252084,Simone Muratore,0,0.0,0.0,0.0,0.0,0.0,0.0
2016-17,105627,Simone Padoin,0,1.0,1.0,31.0,25.0,0.0,0.0
2016-17,16337,Simone Pepe,0,0.0,0.0,12.0,3.0,0.0,0.0
2016-17,181784,Simone Scuffet,0,0.0,0.0,6.0,5.0,0.0,0.0
2016-17,142164,Simone Verdi,0,6.0,3.0,28.0,25.0,0.0,0.0
2016-17,189477,Simy,0,3.0,0.0,21.0,4.0,0.0,0.0
2016-17,150003,Sinisa Andelkovic,0,0.0,1.0,22.0,21.0,0.0,0.0
2016-17,161699,Slobodan Rajkovic,0,0.0,0.0,4.0,4.0,0.0,0.0
2016-17,250643,Sofian Kiyine,0,0.0,0.0,7.0,0.0,0.0,0.0
2016-17,115103,Stefan Radu,0,2.0,1.0,29.0,29.0,0.0,0.0
2016-17,229702,Stefan Silva,0,0.0,0.0,1.0,0.0,0.0,0.0
2016-17,141443,Stefan de Vrij,0,2.0,3.0,27.0,27.0,0.0,0.0
2016-17,250932,Stefano Greco,0,0.0,0.0,0.0,0.0,0.0,0.0
2016-17,233822,Stefano Mazzini,0,0.0,0.0,0.0,0.0,0.0,0.0
2016-17,180927,Stefano Sensi,0,1.0,0.0,16.0,14.0,0.0,0.0
2016-17,86367,Stefano Sorrentino,0,0.0,0.0,34.0,34.0,0.0,0.0
2016-17,155014,Stefano Sturaro,0,0.0,1.0,21.0,12.0,0.0,0.0
2016-17,130036,Stephan El Shaarawy,0,8.0,4.0,32.0,19.0,0.0,0.0
2016-17,33644,Stephan Lichtsteiner,0,1.0,2.0,26.0,22.0,0.0,0.0
2016-17,187957,Stipe Perica,0,6.0,1.0,27.0,5.0,0.0,0.0
2016-17,24977,Sulley Muntari,0,1.0,0.0,9.0,7.0,0.0,0.0
2016-17,164800,Suso,0,7.0,9.0,34.0,33.0,0.0,0.0
2016-17,99205,Sven Kums,0,0.0,1.0,29.0,20.0,0.0,0.0
2016-17,252607,Sébastian Breza,0,0.0,0.0,0.0,0.0,0.0,0.0
2016-17,178267,Thiago Cionek,0,0.0,0.0,29.0,26.0,0.0,0.0
2016-17,138550,Thomas Heurtaux,0,0.0,1.0,12.0,6.0,0.0,0.0
2016-17,180047,Thomas Strakosha,0,0.0,0.0,21.0,20.0,0.0,0.0
2016-17,40543,Thomas Vermaelen,0,0.0,0.0,9.0,4.0,0.0,0.0
2016-17,176984,Timo Letschert,0,0.0,0.0,9.0,9.0,0.0,0.0
2016-17,241397,Titas Krapikas,0,0.0,0.0,0.0,0.0,0.0,0.0
2016-17,256076,Tomas Mascarenhas,0,0.0,0.0,0.0,0.0,0.0,0.0
2016-17,22624,Tommaso Berni,0,0.0,0.0,0.0,0.0,0.0,0.0
2016-17,245958,Tommaso Cucchietti,0,0.0,0.0,0.0,0.0,0.0,0.0
2016-17,131245,Tomás Rincón,0,0.0,3.0,30.0,19.0,0.0,0.0
2016-17,152558,Toni Sunjic,0,0.0,0.0,7.0,2.0,0.0,0.0
2016-17,150680,Trent Sainsbury,0,0.0,0.0,1.0,0.0,0.0,0.0
2016-17,211770,Umar Sadiq,0,0.0,1.0,7.0,1.0,0.0,0.0
2016-17,154352,Uros Cosic,0,0.0,0.0,15.0,9.0,0.0,0.0
2016-17,165533,Valerio Verre,0,0.0,2.0,28.0,23.0,0.0,0.0
2016-17,84915,Valter Birsa,0,7.0,9.0,35.0,34.0,0.0,0.0
2016-17,250365,Vasco Oliveira,0,0.0,0.0,0.0,0.0,0.0,0.0
2016-17,131096,Vasco Regini,0,0.0,4.0,34.0,30.0,0.0,0.0
2016-17,32499,Vasilis Torosidis,0,1.0,0.0,28.0,23.0,0.0,0.0
2016-17,175244,Vincent Laurini,0,0.0,0.0,24.0,24.0,0.0,0.0
2016-17,94817,Vincenzo Fiorillo,0,0.0,0.0,9.0,9.0,0.0,0.0
2016-17,224419,Vincenzo Silvestro,0,0.0,0.0,0.0,0.0,0.0,0.0
2016-17,164764,Vlad Chiriches,0,2.0,0.0,14.0,13.0,0.0,0.0
2016-17,186512,Wallace,0,1.0,0.0,25.0,18.0,0.0,0.0
2016-17,89338,Walter Bressan,0,0.0,0.0,0.0,0.0,0.0,0.0
2016-17,190977,Wesley Hoedt,0,2.0,0.0,23.0,21.0,0.0,0.0
2016-17,177812,Wladimiro Falcone,0,0.0,0.0,0.0,0.0,0.0,0.0
2016-17,131634,Wojciech Szczesny,0,0.0,0.0,38.0,38.0,0.0,0.0
2016-17,176757,Yaison Murillo,0,0.0,0.0,27.0,23.0,0.0,0.0
2016-17,119082,Yuto Nagatomo,0,0.0,0.0,16.0,11.0,0.0,0.0
2016-17,256103,Zinho Vanheusden,0,0.0,0.0,0.0,0.0,0.0,0.0
2016-17,219449,Ádám Nagy,0,0.0,1.0,25.0,22.0,0.0,0.0
2016-17,87174,Éder,0,8.0,4.0,33.0,13.0,0.0,0.0
2016-17,104440,Édgar Barreto,0,2.0,0.0,32.0,32.0,0.0,0.0
2016-17,113734,Éver Banega,0,6.0,6.0,28.0,20.0,0.0,0.0
2017-18,253306,Abukar Mohamed,0,0.0,0.0,0.0,0.0,0.0,0.0
2017-18,142857,Achraf Lazaar,0,1.0,0.0,9.0,6.0,0.0,0.0
2017-18,218105,Adam Marusic,0,3.0,5.0,32.0,28.0,0.0,0.0
2017-18,195988,Adam Masina,0,0.0,1.0,34.0,33.0,0.0,0.0
2017-18,227932,Adam Ounas,0,0.0,0.0,7.0,0.0,0.0,0.0
2017-18,87623,Adel Taarabt,0,2.0,2.0,22.0,18.0,0.0,0.0
2017-18,123586,Adem Ljajic,0,6.0,10.0,27.0,23.0,0.0,0.0
2017-18,130492,Adrian Stoian,0,2.0,4.0,32.0,26.0,0.0,0.0
2017-18,144890,Afriyie Acquah,0,1.0,0.0,22.0,9.0,0.0,0.0
2017-18,171572,Ahmad Benali,0,1.0,1.0,10.0,10.0,0.0,0.0
2017-18,85318,Albano Bizzarri,0,0.0,0.0,32.0,32.0,0.0,0.0
2017-18,175264,Alberto Brignoli,0,1.0,0.0,13.0,11.0,0.0,0.0
2017-18,209869,Alberto Grassi,0,3.0,0.0,28.0,26.0,0.0,0.0
2017-18,113899,Alberto Paloschi,0,7.0,1.0,36.0,25.0,0.0,0.0
2017-18,269065,Aldo Caiazza,0,0.0,0.0,0.0,0.0,0.0,0.0
2017-18,57156,Aleandro Rosi,0,0.0,1.0,24.0,22.0,0.0,0.0
2017-18,149578,Alejandro Gómez,0,6.0,10.0,33.0,31.0,0.0,0.0
2017-18,103939,Aleksandar Kolarov,0,2.0,8.0,35.0,34.0,0.0,0.0
2017-18,249280,Alessandro Bastoni,0,0.0,0.0,4.0,0.0,0.0,0.0
2017-18,252605,Alessandro Buongiorno,0,0.0,0.0,1.0,0.0,0.0,0.0
2017-18,233560,Alessandro Confente,0,0.0,0.0,0.0,0.0,0.0,0.0
2017-18,186437,Alessandro Deiola,0,0.0,0.0,13.0,4.0,0.0,0.0
2017-18,268869,Alessandro Fiordaliso,0,0.0,0.0,0.0,0.0,0.0,0.0
2017-18,158145,Alessandro Florenzi,0,1.0,5.0,32.0,26.0,0.0,0.0
2017-18,11808,Alessandro Gamberini,0,0.0,0.0,23.0,20.0,0.0,0.0
2017-18,250568,Alessandro Guarnone,0,0.0,0.0,0.0,0.0,0.0,0.0
2017-18,104319,Alessandro Matri,0,3.0,0.0,23.0,7.0,0.0,0.0
2017-18,212505,Alessandro Murgia,0,0.0,0.0,16.0,9.0,0.0,0.0
2017-18,41848,Alessio Cerci,0,3.0,2.0,24.0,22.0,0.0,0.0
2017-18,165768,Alessio Cragno,0,0.0,0.0,29.0,29.0,0.0,0.0
2017-18,245390,Alessio Donnarumma,0,0.0,0.0,0.0,0.0,0.0,0.0
2017-18,268366,Alessio Miceli,0,0.0,0.0,0.0,0.0,0.0,0.0
2017-18,263514,Alessio Riccardi,0,0.0,0.0,0.0,0.0,0.0,0.0
2017-18,261478,Alessio Rollandi,0,0.0,0.0,0.0,0.0,0.0,0.0
2017-18,177816,Alessio Romagnoli,0,2.0,0.0,28.0,27.0,0.0,0.0
2017-18,38900,Alex Cordaz,0,0.0,0.0,38.0,38.0,0.0,0.0
2017-18,186302,Alex Ferrari,0,1.0,0.0,25.0,25.0,0.0,0.0
2017-18,209746,Alex Meret,0,0.0,0.0,13.0,13.0,0.0,0.0
2017-18,125514,Alex Sandro,0,4.0,4.0,26.0,23.0,0.0,0.0
2017-18,266312,Alexander Molberg,0,0.0,0.0,0.0,0.0,0.0,0.0
2017-18,173282,Alfred Duncan,0,0.0,2.0,26.0,23.0,0.0,0.0
2017-18,154564,Alfred Gomis,0,0.0,0.0,26.0,25.0,0.0,0.0
2017-18,157826,Ali Adnan Kadhim,0,0.0,2.0,24.0,19.0,0.0,0.0
2017-18,153978,Alin Tosca,0,0.0,0.0,13.0,13.0,0.0,0.0
2017-18,196876,Alisson Becker,0,0.0,0.0,37.0,37.0,0.0,0.0
2017-18,143883,Allan,0,4.0,5.0,38.0,32.0,0.0,0.0
2017-18,224418,Amadou Diawara,0,1.0,1.0,18.0,5.0,0.0,0.0
2017-18,158325,Andrea Barberis,0,2.0,1.0,38.0,34.0,0.0,0.0
2017-18,28426,Andrea Barzagli,0,0.0,1.0,25.0,14.0,0.0,0.0
2017-18,170755,Andrea Belotti,0,10.0,4.0,32.0,29.0,0.0,0.0
2017-18,132069,Andrea Bertolacci,0,1.0,1.0,34.0,34.0,0.0,0.0
2017-18,251954,Andrea Cadili,0,0.0,0.0,0.0,0.0,0.0,0.0
2017-18,272892,Andrea Colpani,0,0.0,0.0,0.0,0.0,0.0,0.0
2017-18,65400,Andrea Consigli,0,0.0,0.0,37.0,37.0,0.0,0.0
2017-18,143530,Andrea Conti,0,0.0,0.0,2.0,2.0,0.0,0.0
2017-18,28449,Andrea Cossu,0,0.0,1.0,11.0,2.0,0.0,0.0
2017-18,115336,Andrea Costa,0,0.0,0.0,16.0,16.0,0.0,0.0
2017-18,261481,Andrea Danzi,0,0.0,0.0,5.0,4.0,0.0,0.0
2017-18,270069,Andrea Donadello,0,0.0,0.0,0.0,0.0,0.0,0.0
2017-18,259797,Andrea Marcucci,0,0.0,0.0,0.0,0.0,0.0,0.0
2017-18,41781,Andrea Masiello,0,4.0,0.0,31.0,30.0,0.0,0.0
2017-18,226997,Andrea Nalini,0,0.0,3.0,23.0,19.0,0.0,0.0
2017-18,181098,Andrea Petagna,0,4.0,5.0,29.0,22.0,0.0,0.0
2017-18,239086,Andrea Pinamonti,0,0.0,0.0,1.0,0.0,0.0,0.0
2017-18,104451,Andrea Poli,0,2.0,0.0,32.0,32.0,0.0,0.0
2017-18,89307,Andrea Ranocchia,0,2.0,0.0,11.0,7.0,0.0,0.0
2017-18,241251,Andrea Romagnoli,0,0.0,0.0,0.0,0.0,0.0,0.0
2017-18,123552,Andrea Seculin,0,0.0,0.0,0.0,0.0,0.0,0.0
2017-18,252942,Andrea Tessiore,0,0.0,0.0,0.0,0.0,0.0,0.0
2017-18,156988,Andrea Tozzo,0,0.0,0.0,0.0,0.0,0.0,0.0
2017-18,176668,Andreas Cornelius,0,3.0,1.0,23.0,8.0,0.0,0.0
2017-18,143116,Andrej Galabinov,0,3.0,1.0,21.0,13.0,0.0,0.0
2017-18,208713,Andrija Balic,0,0.0,1.0,21.0,11.0,0.0,0.0
2017-18,3368,André Silva,0,2.0,0.0,24.0,7.0,0.0,0.0
2017-18,125073,Angelo da Costa,0,0.0,0.0,4.0,4.0,0.0,0.0
2017-18,224420,Aniello Viscovo,0,0.0,0.0,0.0,0.0,0.0,0.0
2017-18,207288,Ante Budimir,0,6.0,0.0,22.0,17.0,0.0,0.0
2017-18,131575,Antonino Ragusa,0,0.0,1.0,30.0,7.0,0.0,0.0
2017-18,201365,Antonio Barreca,0,0.0,0.0,9.0,3.0,0.0,0.0
2017-18,250668,Antonio Candela,0,0.0,0.0,0.0,0.0,0.0,0.0
2017-18,104478,Antonio Candreva,0,0.0,8.0,36.0,33.0,0.0,0.0
2017-18,144600,Antonio Caracciolo,0,2.0,0.0,33.0,32.0,0.0,0.0
2017-18,148532,Antonio Donnarumma,0,0.0,0.0,0.0,0.0,0.0,0.0
2017-18,104452,Antonio Mirante,0,0.0,0.0,33.0,33.0,0.0,0.0
2017-18,152345,Antonio Santurro,0,0.0,0.0,1.0,1.0,0.0,0.0
2017-18,230664,Antonín Barák,0,7.0,4.0,34.0,31.0,0.0,0.0
2017-18,179359,Arkadiusz Milik,0,5.0,0.0,15.0,3.0,0.0,0.0
2017-18,158023,Arlind Ajeti,0,0.0,1.0,21.0,15.0,0.0,0.0
2017-18,165490,Armando Izzo,0,1.0,0.0,16.0,16.0,0.0,0.0
2017-18,133688,Artur Ionita,0,0.0,2.0,36.0,31.0,0.0,0.0
2017-18,38880,Bacary Sagna,0,1.0,0.0,13.0,10.0,0.0,0.0
2017-18,220853,Bartlomiej Dragowski,0,0.0,0.0,3.0,1.0,0.0,0.0
2017-18,176726,Bartosz Bereszynski,0,0.0,1.0,31.0,28.0,0.0,0.0
2017-18,125004,Bartosz Salamon,0,0.0,0.0,22.0,20.0,0.0,0.0
2017-18,204602,Bastos,0,4.0,0.0,21.0,16.0,0.0,0.0
2017-18,268870,Ben Lhassine Kone,0,0.0,0.0,0.0,0.0,0.0,0.0
2017-18,97473,Benedikt Höwedes,0,1.0,0.0,3.0,3.0,0.0,0.0
2017-18,165291,Berat Djimsiti,0,0.0,1.0,30.0,30.0,0.0,0.0
2017-18,85010,Blaise Matuidi,0,3.0,1.0,32.0,27.0,0.0,0.0
2017-18,33628,Blerim Džemaili,0,1.0,0.0,15.0,14.0,0.0,0.0
2017-18,9865,Bogdan Lobont,0,0.0,0.0,0.0,0.0,0.0,0.0
2017-18,71702,Borja Valero,0,2.0,0.0,36.0,29.0,0.0,0.0
2017-18,85210,Bostjan Cesar,0,0.0,0.0,10.0,5.0,0.0,0.0
2017-18,85086,Boukary Dramé,0,0.0,0.0,5.0,1.0,0.0,0.0
2017-18,140350,Bram Nuytinck,0,1.0,1.0,27.0,26.0,0.0,0.0
2017-18,166687,Brayan Perea,0,0.0,0.0,0.0,0.0,0.0,0.0
2017-18,232260,Bright Gyamfi,0,0.0,0.0,9.0,2.0,0.0,0.0
2017-18,211987,Bruno Gaspar,0,0.0,2.0,15.0,6.0,0.0,0.0
2017-18,258439,Bruno Jordão,0,0.0,0.0,0.0,0.0,0.0,0.0
2017-18,151685,Bruno Martella,0,1.0,3.0,30.0,30.0,0.0,0.0
2017-18,148321,Bruno Peres,0,0.0,0.0,18.0,13.0,0.0,0.0
2017-18,182097,Bruno Petkovic,0,0.0,3.0,25.0,13.0,0.0,0.0
2017-18,169213,Bryan Cristante,0,9.0,2.0,36.0,33.0,0.0,0.0
2017-18,147493,Bryan Dabo,0,1.0,0.0,10.0,6.0,0.0,0.0
2017-18,121036,Carlo Pinsoglio,0,0.0,0.0,1.0,0.0,0.0,0.0
2017-18,239706,Cengiz Ünder,0,7.0,1.0,26.0,15.0,0.0,0.0
2017-18,170670,Charalampos Lykogiannis,0,0.0,2.0,11.0,8.0,0.0,0.0
2017-18,74694,Cheick Diabaté,0,8.0,0.0,11.0,7.0,0.0,0.0
2017-18,207878,Cheick Keita,0,0.0,0.0,3.0,1.0,0.0,0.0
2017-18,272515,Christ Kouadio,0,0.0,0.0,0.0,0.0,0.0,0.0
2017-18,25030,Christian Maggio,0,0.0,0.0,13.0,6.0,0.0,0.0
2017-18,68586,Christian Molina,0,0.0,1.0,20.0,17.0,0.0,0.0
2017-18,95524,Christian Puggioni,0,0.0,0.0,23.0,23.0,0.0,0.0
2017-18,250760,Christian Rutjens,0,0.0,0.0,1.0,0.0,0.0,0.0
2017-18,130123,Ciro Immobile,0,29.0,9.0,34.0,34.0,0.0,0.0
2017-18,233526,Claud Adjapong,0,0.0,1.0,16.0,14.0,0.0,0.0
2017-18,104334,Claudio Marchisio,0,0.0,1.0,15.0,9.0,0.0,0.0
2017-18,68522,Cristian Ansaldi,0,1.0,3.0,25.0,20.0,0.0,0.0
2017-18,224065,Cristian Dell'Orco,0,0.0,0.0,8.0,5.0,0.0,0.0
2017-18,274026,Cristian Mutton,0,0.0,0.0,0.0,0.0,0.0,0.0
2017-18,152044,Cristiano Biraghi,0,1.0,4.0,34.0,34.0,0.0,0.0
2017-18,184124,Cristiano Lombardi,0,0.0,2.0,17.0,13.0,0.0,0.0
2017-18,73101,Cristián Zapata,0,0.0,0.0,12.0,11.0,0.0,0.0
2017-18,87322,Cyril Thereau,0,7.0,4.0,22.0,18.0,0.0,0.0
2017-18,193376,César Falletti,0,1.0,0.0,13.0,1.0,0.0,0.0
2017-18,221849,Dalbert,0,0.0,0.0,13.0,5.0,0.0,0.0
2017-18,251883,Damir Ceter Valencia,0,0.0,0.0,6.0,1.0,0.0,0.0
2017-18,181321,Daniel Bessa,0,3.0,2.0,28.0,21.0,0.0,0.0
2017-18,136951,Daniel Pavlovic,0,0.0,0.0,11.0,9.0,0.0,0.0
2017-18,162604,Daniele Baselli,0,4.0,2.0,32.0,30.0,0.0,0.0
2017-18,16207,Daniele De Rossi,0,1.0,2.0,22.0,21.0,0.0,0.0
2017-18,50431,Daniele Dessena,0,0.0,0.0,17.0,7.0,0.0,0.0
2017-18,93816,Daniele Padelli,0,0.0,0.0,0.0,0.0,0.0,0.0
2017-18,181673,Daniele Rugani,0,2.0,2.0,22.0,22.0,0.0,0.0
2017-18,212477,Daniele Verde,0,2.0,3.0,30.0,22.0,0.0,0.0
2017-18,99236,Danilo,0,1.0,0.0,32.0,32.0,0.0,0.0
2017-18,178627,Danilo Cataldi,0,1.0,4.0,29.0,25.0,0.0,0.0
2017-18,91776,Danilo D'Ambrosio,0,2.0,3.0,34.0,34.0,0.0,0.0
2017-18,14106,Dario Dainelli,0,0.0,0.0,21.0,17.0,0.0,0.0
2017-18,126752,Darko Lazovic,0,0.0,2.0,21.0,12.0,0.0,0.0
2017-18,252604,David Bors,0,0.0,0.0,0.0,0.0,0.0,0.0
2017-18,68062,Davide Biondini,0,0.0,0.0,7.0,2.0,0.0,0.0
2017-18,173394,Davide Biraschi,0,0.0,1.0,23.0,20.0,0.0,0.0
2017-18,194747,Davide Calabria,0,1.0,3.0,21.0,18.0,0.0,0.0
2017-18,91872,Davide Di Gennaro,0,0.0,0.0,2.0,0.0,0.0,0.0
2017-18,113572,Davide Faraoni,0,2.0,4.0,28.0,18.0,0.0,0.0
2017-18,250850,Davide Frattesi,0,0.0,0.0,0.0,0.0,0.0,0.0
2017-18,121811,Davide Santon,0,0.0,0.0,15.0,9.0,0.0,0.0
2017-18,220060,Dawid Kownacki,0,5.0,1.0,22.0,6.0,0.0,0.0
2017-18,204877,Deian Boldor,0,0.0,0.0,1.0,1.0,0.0,0.0
2017-18,272695,Dejan Kulusevski,0,0.0,0.0,0.0,0.0,0.0,0.0
2017-18,173150,Dennis Praet,0,1.0,3.0,32.0,31.0,0.0,0.0
2017-18,270887,Devid Eugene Bouah,0,0.0,0.0,0.0,0.0,0.0,0.0
2017-18,139989,Diego Falcinelli,0,2.0,1.0,32.0,18.0,0.0,0.0
2017-18,123492,Diego Farias,0,1.0,5.0,28.0,14.0,0.0,0.0
2017-18,178116,Diego Laxalt,0,3.0,3.0,32.0,32.0,0.0,0.0
2017-18,113720,Diego Perotti,0,5.0,4.0,25.0,17.0,0.0,0.0
2017-18,173817,Domenico Berardi,0,4.0,2.0,31.0,29.0,0.0,0.0
2017-18,245631,Domenico Coppola,0,0.0,0.0,0.0,0.0,0.0,0.0
2017-18,127502,Douglas Costa,0,4.0,12.0,31.0,18.0,0.0,0.0
2017-18,89687,Dries Mertens,0,18.0,6.0,38.0,35.0,0.0,0.0
2017-18,121405,Dusan Basta,0,0.0,1.0,11.0,9.0,0.0,0.0
2017-18,193644,Duván Zapata,0,11.0,4.0,31.0,24.0,0.0,0.0
2017-18,261402,Eddie Salcedo,0,0.0,0.0,2.0,0.0,0.0,0.0
2017-18,102337,Edin Dzeko,0,16.0,4.0,36.0,33.0,0.0,0.0
2017-18,181060,Edoardo Goldaniga,0,1.0,0.0,13.0,13.0,0.0,0.0
2017-18,194750,Elio Capradossi,0,0.0,0.0,2.0,1.0,0.0,0.0
2017-18,167601,Elseid Hysaj,0,0.0,1.0,35.0,35.0,0.0,0.0
2017-18,271220,Emanuel Ercolano,0,0.0,0.0,0.0,0.0,0.0,0.0
2017-18,250644,Emanuel Vignato,0,0.0,0.0,0.0,0.0,0.0,0.0
2017-18,134438,Emanuele Giaccherini,0,3.0,3.0,17.0,11.0,0.0,0.0
2017-18,272891,Emanuele Torrasi,0,0.0,0.0,1.0,0.0,0.0,0.0
2017-18,104441,Emil Hallfredsson,0,0.0,0.0,19.0,8.0,0.0,0.0
2017-18,172922,Emil Krafth,0,0.0,0.0,12.0,10.0,0.0,0.0
2017-18,11899,Emiliano Moretti,0,0.0,0.0,22.0,19.0,0.0,0.0
2017-18,125001,Emiliano Viviano,0,0.0,0.0,27.0,27.0,0.0,0.0
2017-18,242439,Emmanuel Latte Lath,0,0.0,0.0,0.0,0.0,0.0,0.0
2017-18,241355,Enrico Bearzotti,0,0.0,0.0,6.0,4.0,0.0,0.0
2017-18,243083,Enrico Brignola,0,3.0,2.0,18.0,16.0,0.0,0.0
2017-18,272694,Enrico Del Prato,0,0.0,0.0,0.0,0.0,0.0,0.0
2017-18,272901,Erick Ferigra,0,0.0,0.0,0.0,0.0,0.0,0.0
2017-18,202533,Erick Pulgar,0,3.0,1.0,32.0,31.0,0.0,0.0
2017-18,139184,Eros Schiavon,0,0.0,0.0,12.0,3.0,0.0,0.0
2017-18,131346,Ervin Zukanovic,0,0.0,1.0,31.0,31.0,0.0,0.0
2017-18,125312,Etrit Berisha,0,0.0,0.0,31.0,31.0,0.0,0.0
2017-18,124916,Eugenio Lamanna,0,0.0,0.0,1.0,1.0,0.0,0.0
2017-18,176490,Everton Luiz,0,0.0,0.0,11.0,7.0,0.0,0.0
2017-18,140931,Fabio Borini,0,2.0,3.0,29.0,19.0,0.0,0.0
2017-18,233409,Fabio Depaoli,0,0.0,0.0,19.0,13.0,0.0,0.0
2017-18,142622,Fabio Lucioni,0,0.0,0.0,8.0,8.0,0.0,0.0
2017-18,135039,Fabio Pisacane,0,0.0,0.0,24.0,22.0,0.0,0.0
2017-18,19667,Fabio Quagliarella,0,19.0,6.0,35.0,33.0,0.0,0.0
2017-18,251774,Fabrizio Brignani,0,0.0,0.0,0.0,0.0,0.0,0.0
2017-18,125476,Fabrizio Cacciatore,0,2.0,3.0,33.0,32.0,0.0,0.0
2017-18,259938,Fabrizio Caligara,0,0.0,0.0,1.0,0.0,0.0,0.0
2017-18,152260,Faouzi Ghoulam,0,2.0,3.0,11.0,11.0,0.0,0.0
2017-18,180956,Federico Bernardeschi,0,4.0,6.0,22.0,7.0,0.0,0.0
2017-18,197062,Federico Bonazzoli,0,0.0,0.0,12.0,2.0,0.0,0.0
2017-18,272733,Federico Brancolini,0,0.0,0.0,0.0,0.0,0.0,0.0
2017-18,153315,Federico Ceccherini,0,1.0,1.0,37.0,37.0,0.0,0.0
2017-18,234306,Federico Chiesa,0,6.0,5.0,36.0,35.0,0.0,0.0
2017-18,185463,Federico Di Francesco,0,1.0,2.0,24.0,20.0,0.0,0.0
2017-18,97425,Federico Fazio,0,2.0,0.0,34.0,32.0,0.0,0.0
2017-18,116478,Federico Marchetti,0,0.0,0.0,0.0,0.0,0.0,0.0
2017-18,202334,Federico Mattiello,0,0.0,1.0,29.0,24.0,0.0,0.0
2017-18,116297,Federico Peluso,0,1.0,1.0,31.0,28.0,0.0,0.0
2017-18,245626,Federico Ravaglia,0,0.0,0.0,0.0,0.0,0.0,0.0
2017-18,172303,Federico Ricci,0,1.0,1.0,20.0,12.0,0.0,0.0
2017-18,125055,Federico Viviani,0,3.0,3.0,29.0,29.0,0.0,0.0
2017-18,24978,Felipe,0,1.0,0.0,30.0,30.0,0.0,0.0
2017-18,152812,Felipe Anderson,0,4.0,7.0,21.0,9.0,0.0,0.0
2017-18,171510,Felipe Avenatti,0,0.0,0.0,11.0,4.0,0.0,0.0
2017-18,98025,Felipe Caicedo,0,3.0,1.0,22.0,4.0,0.0,0.0
2017-18,104317,Ferdinando Coppola,0,0.0,0.0,0.0,0.0,0.0,0.0
2017-18,241731,Ferdinando Del Sole,0,0.0,0.0,0.0,0.0,0.0,0.0
2017-18,105426,Filip Djordjevic,0,0.0,0.0,0.0,0.0,0.0,0.0
2017-18,137076,Filip Djuricic,0,0.0,2.0,16.0,13.0,0.0,0.0
2017-18,165722,Filip Helander,0,0.0,0.0,29.0,27.0,0.0,0.0
2017-18,256897,Filip Vaško,0,0.0,0.0,0.0,0.0,0.0,0.0
2017-18,139990,Filippo Costa,0,0.0,1.0,23.0,14.0,0.0,0.0
2017-18,250670,Filippo Melegoni,0,0.0,0.0,0.0,0.0,0.0,0.0
2017-18,255306,Filippo Pavoni,0,0.0,0.0,0.0,0.0,0.0,0.0
2017-18,202335,Filippo Romagna,0,0.0,0.0,23.0,21.0,0.0,0.0
2017-18,148842,Francesco Acerbi,0,0.0,0.0,38.0,38.0,0.0,0.0
2017-18,236165,Francesco Cassata,0,1.0,0.0,10.0,5.0,0.0,0.0
2017-18,267057,Francesco Latella,0,0.0,0.0,0.0,0.0,0.0,0.0
2017-18,24100,Francesco Magnanelli,0,0.0,0.0,32.0,30.0,0.0,0.0
2017-18,123785,Francesco Migliore,0,0.0,0.0,6.0,4.0,0.0,0.0
2017-18,89216,Francesco Rossi,0,0.0,0.0,1.0,0.0,0.0,0.0
2017-18,186400,Francesco Vicari,0,0.0,1.0,34.0,34.0,0.0,0.0
2017-18,188930,Francesco Zampano,0,0.0,1.0,6.0,4.0,0.0,0.0
2017-18,256896,Franck Alain Djoulou Zohoki,0,0.0,0.0,0.0,0.0,0.0,0.0
2017-18,194711,Franck Kessié,0,5.0,3.0,37.0,37.0,0.0,0.0
2017-18,118441,Franco Zuculini,0,0.0,0.0,11.0,3.0,0.0,0.0
2017-18,271219,Frank Tsadjout,0,0.0,0.0,0.0,0.0,0.0,0.0
2017-18,273297,Gabriel Barbosa Avelino,0,0.0,0.0,0.0,0.0,0.0,0.0
2017-18,124999,Gabriele Angella,0,0.0,0.0,12.0,9.0,0.0,0.0
2017-18,262479,Gabriele Gori,0,0.0,0.0,0.0,0.0,0.0,0.0
2017-18,211774,Gabriele Marchegiani,0,0.0,0.0,1.0,0.0,0.0,0.0
2017-18,188270,Gaetano Letizia,0,1.0,0.0,29.0,25.0,0.0,0.0
2017-18,195690,Gaspar Íñiguez,0,0.0,0.0,0.0,0.0,0.0,0.0
2017-18,130591,Gastón Ramírez,0,3.0,8.0,37.0,28.0,0.0,0.0
2017-18,256890,Gergely Hutvágner,0,0.0,0.0,0.0,0.0,0.0,0.0
2017-18,138341,Germán Pezzella,0,1.0,0.0,34.0,34.0,0.0,0.0
2017-18,210135,Gerson,0,2.0,1.0,24.0,8.0,0.0,0.0
2017-18,255776,Giacomo Boccafoglia,0,0.0,0.0,0.0,0.0,0.0,0.0
2017-18,113667,Giacomo Bonaventura,0,8.0,3.0,33.0,30.0,0.0,0.0
2017-18,271763,Giacomo Figliuzzi,0,0.0,0.0,0.0,0.0,0.0,0.0
2017-18,122121,Giacomo Poluzzi,0,0.0,0.0,0.0,0.0,0.0,0.0
2017-18,271679,Giacomo Raspadori,0,0.0,0.0,0.0,0.0,0.0,0.0
2017-18,234305,Giacomo Satalino,0,0.0,0.0,0.0,0.0,0.0,0.0
2017-18,216079,Gian Filippo Felicioli,0,0.0,0.0,6.0,2.0,0.0,0.0
2017-18,207823,Gian Marco Ferrari,0,2.0,0.0,30.0,29.0,0.0,0.0
2017-18,101846,Giancarlo González,0,0.0,0.0,22.0,22.0,0.0,0.0
2017-18,156792,Gianluca Caprari,0,5.0,2.0,34.0,19.0,0.0,0.0
2017-18,251775,Gianluca Frabotta,0,0.0,0.0,0.0,0.0,0.0,0.0
2017-18,207177,Gianluca Gaudino,0,0.0,0.0,2.0,0.0,0.0,0.0
2017-18,144668,Gianluca Lapadula,0,6.0,1.0,28.0,13.0,0.0,0.0
2017-18,212597,Gianluca Mancini,0,1.0,0.0,11.0,8.0,0.0,0.0
2017-18,104359,Gianluca Pegolo,0,0.0,0.0,2.0,1.0,0.0,0.0
2017-18,12947,Gianluigi Buffon,0,0.0,0.0,21.0,21.0,0.0,0.0
2017-18,217092,Gianluigi Donnarumma,0,0.0,0.0,38.0,38.0,0.0,0.0
2017-18,229573,Gil Dias,0,2.0,2.0,27.0,9.0,0.0,0.0
2017-18,24836,Giorgio Chiellini,0,0.0,2.0,26.0,25.0,0.0,0.0
2017-18,231347,Giovanni Crociata,0,1.0,0.0,11.0,2.0,0.0,0.0
2017-18,189974,Giovanni Simeone,0,14.0,4.0,38.0,36.0,0.0,0.0
2017-18,245292,Giovanni Volpicelli,0,0.0,0.0,1.0,0.0,0.0,0.0
2017-18,250435,Giuseppe Borello,0,0.0,0.0,0.0,0.0,0.0,0.0
2017-18,224249,Giuseppe Pezzella,0,0.0,0.0,15.0,10.0,0.0,0.0
2017-18,46051,Giuseppe Rossi,0,1.0,0.0,9.0,1.0,0.0,0.0
2017-18,196905,Godfred Donsah,0,2.0,1.0,28.0,20.0,0.0,0.0
2017-18,67310,Gonzalo Higuaín,0,16.0,6.0,35.0,32.0,0.0,0.0
2017-18,23743,Goran Pandev,0,5.0,1.0,32.0,22.0,0.0,0.0
2017-18,156883,Grégoire Defrel,0,1.0,0.0,15.0,5.0,0.0,0.0
2017-18,180258,Guido Guerrieri,0,0.0,0.0,0.0,0.0,0.0,0.0
2017-18,145567,Guilherme,0,2.0,2.0,12.0,11.0,0.0,0.0
2017-18,118395,Gustavo Gómez,0,0.0,0.0,0.0,0.0,0.0,0.0
2017-18,170785,Hakan Çalhanoglu,0,6.0,7.0,31.0,25.0,0.0,0.0
2017-18,228474,Han Kwang-Song,0,0.0,0.0,8.0,4.0,0.0,0.0
2017-18,193448,Hans Hateboer,0,0.0,2.0,33.0,26.0,0.0,0.0
2017-18,134064,Hrvoje Milic,0,0.0,0.0,0.0,0.0,0.0,0.0
2017-18,125491,Iago Falque,0,12.0,8.0,37.0,34.0,0.0,0.0
2017-18,255844,Ibourahima Balde,0,0.0,0.0,0.0,0.0,0.0,0.0
2017-18,175009,Ibrahima Mbaye,0,1.0,0.0,25.0,18.0,0.0,0.0
2017-18,40354,Ignazio Abate,0,1.0,0.0,17.0,11.0,0.0,0.0
2017-18,130124,Isaac Cofie,0,0.0,0.0,12.0,6.0,0.0,0.0
2017-18,213494,Iuri Medeiros,0,2.0,1.0,11.0,7.0,0.0,0.0
2017-18,103485,Ivan Perisic,0,11.0,9.0,37.0,37.0,0.0,0.0
2017-18,114589,Ivan Radovanovic,0,1.0,2.0,35.0,35.0,0.0,0.0
2017-18,147178,Ivan Strinic,0,0.0,2.0,17.0,16.0,0.0,0.0
2017-18,126740,Ivan Vargic,0,0.0,0.0,0.0,0.0,0.0,0.0
2017-18,144734,Jacopo Sala,0,0.0,0.0,13.0,12.0,0.0,0.0
2017-18,135935,Jagos Vukovic,0,1.0,1.0,15.0,15.0,0.0,0.0
2017-18,210389,Jakub Jankto,0,4.0,5.0,36.0,28.0,0.0,0.0
2017-18,154715,Jasmin Kurtic,0,3.0,0.0,30.0,23.0,0.0,0.0
2017-18,232461,Jawad El Yamiq,0,0.0,0.0,4.0,4.0,0.0,0.0
2017-18,259459,Jean-Claude Billong,0,0.0,0.0,5.0,3.0,0.0,0.0
2017-18,193186,Jens Stryger Larsen,0,1.0,1.0,30.0,28.0,0.0,0.0
2017-18,196081,Joachim Andersen,0,0.0,0.0,7.0,6.0,0.0,0.0
2017-18,132064,Joel Obi,0,5.0,2.0,22.0,16.0,0.0,0.0
2017-18,79997,Jonathan Silva,0,0.0,0.0,2.0,1.0,0.0,0.0
2017-18,169116,Jordan Lukaku,0,1.0,2.0,30.0,10.0,0.0,0.0
2017-18,157675,Jordan Veretout,0,8.0,1.0,36.0,36.0,0.0,0.0
2017-18,165778,Jorginho,0,2.0,4.0,33.0,33.0,0.0,0.0
2017-18,268539,Joseph Tetteh,0,0.0,0.0,0.0,0.0,0.0,0.0
2017-18,150004,Josip Ilicic,0,11.0,8.0,31.0,21.0,0.0,0.0
2017-18,121600,José Callejón,0,10.0,10.0,38.0,38.0,0.0,0.0
2017-18,196586,José Mauri,0,0.0,0.0,1.0,0.0,0.0,0.0
2017-18,139390,José Palomino,0,1.0,0.0,26.0,22.0,0.0,0.0
2017-18,176399,João Cancelo,0,1.0,3.0,26.0,20.0,0.0,0.0
2017-18,94260,João Carlos,0,0.0,0.0,0.0,0.0,0.0,0.0
2017-18,152014,João Pedro,0,5.0,1.0,22.0,19.0,0.0,0.0
2017-18,196856,João Schmidt,0,0.0,0.0,0.0,0.0,0.0,0.0
2017-18,118986,Juan Cuadrado,0,4.0,6.0,21.0,15.0,0.0,0.0
2017-18,170663,Juan Jesus,0,0.0,0.0,22.0,18.0,0.0,0.0
2017-18,235782,Juan Manuel Valencia,0,0.0,0.0,1.0,1.0,0.0,0.0
2017-18,150312,Kalidou Koulibaly,0,5.0,1.0,35.0,35.0,0.0,0.0
2017-18,271733,Karlo Butic,0,0.0,0.0,0.0,0.0,0.0,0.0
2017-18,198770,Karol Linetty,0,3.0,2.0,29.0,21.0,0.0,0.0
2017-18,196575,Kevin Bonifazi,0,0.0,0.0,6.0,4.0,0.0,0.0
2017-18,207819,Kevin Lasagna,0,12.0,1.0,29.0,26.0,0.0,0.0
2017-18,116184,Kevin Strootman,0,1.0,0.0,32.0,26.0,0.0,0.0
2017-18,137714,Khouma Babacar,0,6.0,2.0,29.0,9.0,0.0,0.0
2017-18,228312,Kingsley Michael,0,0.0,0.0,0.0,0.0,0.0,0.0
2017-18,147439,Kostas Manolas,0,2.0,0.0,29.0,27.0,0.0,0.0
2017-18,113754,Kwadwo Asamoah,0,0.0,1.0,19.0,18.0,0.0,0.0
2017-18,151714,Ladislav Krejcí,0,0.0,0.0,12.0,2.0,0.0,0.0
2017-18,220625,Leandrinho ,0,0.0,0.0,0.0,0.0,0.0,0.0
2017-18,99134,Leandro Castán,0,0.0,1.0,14.0,13.0,0.0,0.0
2017-18,149011,Ledian Memushaj,0,0.0,0.0,17.0,15.0,0.0,0.0
2017-18,255447,Lee Seung-Woo,0,1.0,0.0,14.0,1.0,0.0,0.0
2017-18,74413,Leonardo Bonucci,0,2.0,0.0,35.0,35.0,0.0,0.0
2017-18,176722,Leonardo Capezzi,0,0.0,1.0,6.0,2.0,0.0,0.0
2017-18,239917,Leonardo Loria,0,0.0,0.0,0.0,0.0,0.0,0.0
2017-18,233382,Leonardo Marson,0,0.0,0.0,0.0,0.0,0.0,0.0
2017-18,264766,Leonardo Merio,0,0.0,0.0,0.0,0.0,0.0,0.0
2017-18,162640,Leonardo Pavoletti,0,11.0,0.0,33.0,31.0,0.0,0.0
2017-18,269099,Leonardo Rivoira,0,0.0,0.0,0.0,0.0,0.0,0.0
2017-18,148974,Leonardo Spinazzola,0,0.0,2.0,18.0,17.0,0.0,0.0
2017-18,189456,Lisandro López,0,0.0,0.0,1.0,0.0,0.0,0.0
2017-18,238975,Lorenco Simic,0,1.0,0.0,6.0,3.0,0.0,0.0
2017-18,266140,Lorenzo Bruzzi,0,0.0,0.0,0.0,0.0,0.0,0.0
2017-18,143696,Lorenzo Crisetig,0,0.0,0.0,8.0,6.0,0.0,0.0
2017-18,68070,Lorenzo De Silvestri,0,5.0,4.0,35.0,35.0,0.0,0.0
2017-18,210050,Lorenzo Del Pinto,0,0.0,1.0,15.0,7.0,0.0,0.0
2017-18,139028,Lorenzo Insigne,0,8.0,11.0,37.0,36.0,0.0,0.0
2017-18,273498,Lorenzo Peli,0,0.0,0.0,0.0,0.0,0.0,0.0
2017-18,204320,Lorenzo Pellegrini,0,3.0,4.0,28.0,22.0,0.0,0.0
2017-18,99501,Lorenzo Tonelli,0,1.0,0.0,4.0,3.0,0.0,0.0
2017-18,259799,Lorenzo Valeau,0,0.0,0.0,0.0,0.0,0.0,0.0
2017-18,199726,Lorenzo Venuti,0,0.0,1.0,31.0,25.0,0.0,0.0
2017-18,154596,Loïck Landre,0,0.0,0.0,0.0,0.0,0.0,0.0
2017-18,231386,Lubomír Tupta,0,0.0,0.0,2.0,0.0,0.0,0.0
2017-18,165532,Luca Antei,0,0.0,0.0,8.0,8.0,0.0,0.0
2017-18,74381,Luca Antonelli,0,0.0,0.0,6.0,1.0,0.0,0.0
2017-18,134542,Luca Ceppitelli,0,3.0,0.0,27.0,26.0,0.0,0.0
2017-18,68242,Luca Cigarini,0,2.0,3.0,26.0,24.0,0.0,0.0
2017-18,184833,Luca Crecco,0,0.0,0.0,0.0,0.0,0.0,0.0
2017-18,245959,Luca Crosta,0,0.0,0.0,1.0,1.0,0.0,0.0
2017-18,267623,Luca Gagliano,0,0.0,0.0,0.0,0.0,0.0,0.0
2017-18,197263,Luca Mazzitelli,0,0.0,1.0,20.0,10.0,0.0,0.0
2017-18,251144,Luca Pellegrini,0,0.0,0.0,2.0,2.0,0.0,0.0
2017-18,262481,Luca Ranieri,0,0.0,0.0,0.0,0.0,0.0,0.0
2017-18,40863,Luca Rigoni,0,2.0,2.0,23.0,19.0,0.0,0.0
2017-18,174989,Luca Rizzo,0,2.0,0.0,12.0,5.0,0.0,0.0
2017-18,108474,Luca Rossettini,0,0.0,0.0,23.0,22.0,0.0,0.0
2017-18,267614,Luca Seri,0,0.0,0.0,0.0,0.0,0.0,0.0
2017-18,245392,Luca Sparandeo,0,0.0,0.0,1.0,0.0,0.0,0.0
2017-18,241718,Luca Zanimacchia,0,0.0,0.0,0.0,0.0,0.0,0.0
2017-18,86394,Lucas Biglia,0,1.0,1.0,28.0,24.0,0.0,0.0
2017-18,130004,Lucas Castro,0,3.0,4.0,25.0,23.0,0.0,0.0
2017-18,108315,Lucas Leiva,0,2.0,3.0,36.0,35.0,0.0,0.0
2017-18,212973,Lucas Torreira,0,4.0,1.0,36.0,36.0,0.0,0.0
2017-18,177815,Lucas Zima,0,0.0,0.0,0.0,0.0,0.0,0.0
2017-18,126109,Luigi Sepe,0,0.0,0.0,1.0,1.0,0.0,0.0
2017-18,146388,Luis Alberto,0,11.0,14.0,34.0,32.0,0.0,0.0
2017-18,272340,Luis Ndreu,0,0.0,0.0,0.0,0.0,0.0,0.0
2017-18,225637,Luiz Felipe,0,0.0,0.0,18.0,12.0,0.0,0.0
2017-18,224693,Luka Markovic,0,0.0,0.0,0.0,0.0,0.0,0.0
2017-18,179358,Lukasz Skorupski,0,0.0,0.0,1.0,1.0,0.0,0.0
2017-18,220747,Lyanco,0,0.0,0.0,4.0,4.0,0.0,0.0
2017-18,119868,M'Baye Niang,0,4.0,1.0,26.0,18.0,0.0,0.0
2017-18,261383,Mak Varesanovic,0,0.0,0.0,0.0,0.0,0.0,0.0
2017-18,235870,Manuel Ferrini,0,0.0,0.0,0.0,0.0,0.0,0.0
2017-18,268195,Manuel Gasparini,0,0.0,0.0,0.0,0.0,0.0,0.0
2017-18,241430,Manuel Lazzari,0,2.0,1.0,36.0,36.0,0.0,0.0
2017-18,217538,Manuel Locatelli,0,0.0,0.0,21.0,5.0,0.0,0.0
2017-18,268925,Manuel Lombardoni,0,0.0,0.0,0.0,0.0,0.0,0.0
2017-18,158477,Manuel Pucciarelli,0,2.0,0.0,22.0,17.0,0.0,0.0
2017-18,261403,Marash Kumbulla,0,0.0,0.0,0.0,0.0,0.0,0.0
2017-18,142666,Marcel Büchel,0,0.0,0.0,23.0,20.0,0.0,0.0
2017-18,163116,Marcello Trotta,0,7.0,4.0,34.0,27.0,0.0,0.0
2017-18,178383,Marcelo Brozovic,0,4.0,9.0,31.0,21.0,0.0,0.0
2017-18,36841,Marco Andreolli,0,0.0,0.0,23.0,20.0,0.0,0.0
2017-18,176762,Marco Benassi,0,5.0,2.0,35.0,35.0,0.0,0.0
2017-18,24238,Marco Borriello,0,1.0,0.0,15.0,9.0,0.0,0.0
2017-18,151620,Marco Capuano,0,0.0,0.0,25.0,23.0,0.0,0.0
2017-18,132070,Marco D'Alessandro,0,1.0,1.0,16.0,12.0,0.0,0.0
2017-18,222459,Marco Festa,0,0.0,0.0,0.0,0.0,0.0,0.0
2017-18,149416,Marco Fossati,0,0.0,0.0,17.0,11.0,0.0,0.0
2017-18,262478,Marco Meli,0,0.0,0.0,0.0,0.0,0.0,0.0
2017-18,120646,Marco Parolo,0,4.0,6.0,31.0,30.0,0.0,0.0
2017-18,259793,Marco Pissardo,0,0.0,0.0,0.0,0.0,0.0,0.0
2017-18,166335,Marco Sau,0,2.0,0.0,29.0,16.0,0.0,0.0
2017-18,125906,Marco Silvestri,0,0.0,0.0,2.0,2.0,0.0,0.0
2017-18,174915,Marco Sportiello,0,0.0,0.0,37.0,37.0,0.0,0.0
2017-18,29200,Marco Storari,0,0.0,0.0,0.0,0.0,0.0,0.0
2017-18,227274,Marco Tumminello,0,3.0,1.0,10.0,2.0,0.0,0.0
2017-18,172866,Marcus Rohdén,0,2.0,0.0,26.0,20.0,0.0,0.0
2017-18,104427,Marek Hamsik,0,7.0,1.0,38.0,32.0,0.0,0.0
2017-18,87156,Mariano Izco,0,0.0,0.0,5.0,2.0,0.0,0.0
2017-18,105582,Mario Mandzukic,0,5.0,3.0,32.0,27.0,0.0,0.0
2017-18,169133,Mario Sampirisi,0,0.0,0.0,31.0,24.0,0.0,0.0
2017-18,185109,Mariusz Stepinski,0,5.0,1.0,22.0,6.0,0.0,0.0
2017-18,206357,Marko Rog,0,1.0,0.0,28.0,0.0,0.0,0.0
2017-18,146335,Marten de Roon,0,3.0,2.0,34.0,29.0,0.0,0.0
2017-18,103029,Martín Cáceres,0,4.0,1.0,20.0,18.0,0.0,0.0
2017-18,120643,Massimo Coda,0,4.0,1.0,24.0,14.0,0.0,0.0
2017-18,38572,Massimo Gobbi,0,0.0,3.0,24.0,23.0,0.0,0.0
2017-18,140494,Mateo Musacchio,0,0.0,1.0,15.0,12.0,0.0,0.0
2017-18,163990,Matteo Bianchetti,0,0.0,0.0,2.0,1.0,0.0,0.0
2017-18,255922,Matteo Gabbia,0,0.0,0.0,0.0,0.0,0.0,0.0
2017-18,188306,Matteo Politano,0,10.0,4.0,36.0,33.0,0.0,0.0
2017-18,261108,Matteo Soncin,0,0.0,0.0,0.0,0.0,0.0,0.0
2017-18,207300,Mattia Bani,0,0.0,0.0,16.0,15.0,0.0,0.0
2017-18,196026,Mattia Caldara,0,3.0,0.0,24.0,24.0,0.0,0.0
2017-18,163166,Mattia De Sciglio,0,1.0,0.0,12.0,10.0,0.0,0.0
2017-18,219687,Mattia Del Favero,0,0.0,0.0,0.0,0.0,0.0,0.0
2017-18,132067,Mattia Destro,0,6.0,3.0,26.0,19.0,0.0,0.0
2017-18,146683,Mattia Perin,0,0.0,0.0,37.0,37.0,0.0,0.0
2017-18,268540,Mattia Pitzalis,0,0.0,0.0,0.0,0.0,0.0,0.0
2017-18,153327,Mattia Valoti,0,3.0,0.0,26.0,18.0,0.0,0.0
2017-18,207835,Mattia Vitale,0,0.0,0.0,2.0,1.0,0.0,0.0
2017-18,204669,Mattia Zaccagni,0,0.0,0.0,6.0,2.0,0.0,0.0
2017-18,115322,Matías Silvestre,0,1.0,0.0,34.0,34.0,0.0,0.0
2017-18,145600,Matías Vecino,0,3.0,2.0,29.0,25.0,0.0,0.0
2017-18,199024,Mauricio Lemos,0,1.0,0.0,8.0,8.0,0.0,0.0
2017-18,167411,Mauro Icardi,0,29.0,1.0,34.0,34.0,0.0,0.0
2017-18,47064,Maxi López,0,2.0,2.0,28.0,20.0,0.0,0.0
2017-18,131748,Maxime Gonalons,0,0.0,1.0,16.0,12.0,0.0,0.0
2017-18,154373,Maximiliano Olivera,0,0.0,0.0,7.0,4.0,0.0,0.0
2017-18,102402,Medhi Benatia,0,2.0,0.0,20.0,19.0,0.0,0.0
2017-18,256212,Mehdi Léris,0,0.0,0.0,4.0,0.0,0.0,0.0
2017-18,268453,Michael Scarf,0,0.0,0.0,0.0,0.0,0.0,0.0
2017-18,252599,Michal Tomic,0,0.0,0.0,0.0,0.0,0.0,0.0
2017-18,272745,Michel Adopo,0,0.0,0.0,0.0,0.0,0.0,0.0
2017-18,252296,Michele Cerofolini,0,0.0,0.0,0.0,0.0,0.0,0.0
2017-18,86744,Miguel Veloso,0,1.0,0.0,22.0,21.0,0.0,0.0
2017-18,121090,Milan Badelj,0,2.0,1.0,27.0,27.0,0.0,0.0
2017-18,175195,Milan Skriniar,0,4.0,0.0,38.0,38.0,0.0,0.0
2017-18,105813,Miralem Pjanic,0,5.0,8.0,31.0,28.0,0.0,0.0
2017-18,160085,Miranda,0,0.0,0.0,32.0,32.0,0.0,0.0
2017-18,121518,Mirco Antenucci,0,11.0,7.0,33.0,28.0,0.0,0.0
2017-18,227793,Mirko Antonucci,0,0.0,1.0,2.0,0.0,0.0,0.0
2017-18,125000,Mirko Valdifiori,0,0.0,0.0,13.0,7.0,0.0,0.0
2017-18,204670,Mohamed Fares,0,0.0,1.0,30.0,29.0,0.0,0.0
2017-18,248633,Moise Kean,0,4.0,0.0,19.0,12.0,0.0,0.0
2017-18,164174,Molla Wagué,0,0.0,0.0,1.0,1.0,0.0,0.0
2017-18,270670,Moussa Diaby,0,0.0,0.0,2.0,1.0,0.0,0.0
2017-18,269072,Musa Barrow,0,3.0,2.0,12.0,5.0,0.0,0.0
2017-18,164210,Mário Rui,0,2.0,4.0,25.0,24.0,0.0,0.0
2017-18,67716,Nani,0,3.0,3.0,18.0,2.0,0.0,0.0
2017-18,122573,Nenad Tomovic,0,0.0,0.0,29.0,28.0,0.0,0.0
2017-18,142664,Niccolo Giannetti,0,0.0,0.0,8.0,3.0,0.0,0.0
2017-18,240266,Niccolò Zanellato,0,0.0,0.0,1.0,0.0,0.0,0.0
2017-18,233088,Nicholas Pierini,0,0.0,0.0,3.0,0.0,0.0,0.0
2017-18,268580,Nicola Borghetto,0,0.0,0.0,0.0,0.0,0.0,0.0
2017-18,165485,Nicola Murru,0,0.0,2.0,20.0,16.0,0.0,0.0
2017-18,96891,Nicola Rigoni,0,0.0,0.0,15.0,12.0,0.0,0.0
2017-18,218758,Nicolas Haas,0,0.0,0.0,9.0,1.0,0.0,0.0
2017-18,121592,Nicolas Nkoulou,0,2.0,0.0,37.0,37.0,0.0,0.0
2017-18,93062,Nicolas Viola,0,2.0,6.0,24.0,20.0,0.0,0.0
2017-18,267390,Nicolo Cabras,0,0.0,0.0,0.0,0.0,0.0,0.0
2017-18,43092,Nicolás Burdisso,0,0.0,0.0,24.0,23.0,0.0,0.0
2017-18,261480,Nicolás Garmendia,0,0.0,0.0,0.0,0.0,0.0,0.0
2017-18,51525,Nicolás Spolli,0,0.0,0.0,21.0,20.0,0.0,0.0
2017-18,268798,Nicolò Armini,0,0.0,0.0,0.0,0.0,0.0,0.0
2017-18,204441,Nicolò Barella,0,6.0,1.0,34.0,34.0,0.0,0.0
2017-18,251388,Nicolò Zaniolo,0,0.0,0.0,0.0,0.0,0.0,0.0
2017-18,111757,Nikola Kalinic,0,6.0,3.0,31.0,20.0,0.0,0.0
2017-18,238990,Nikola Milenkovic,0,0.0,0.0,16.0,14.0,0.0,0.0
2017-18,166333,Nícolas Andrade,0,0.0,0.0,36.0,36.0,0.0,0.0
2017-18,239040,Ognjen Stijepovic,0,0.0,0.0,1.0,0.0,0.0,0.0
2017-18,150646,Oscar Hiljemark,0,0.0,3.0,15.0,15.0,0.0,0.0
2017-18,185952,Pa Konate,0,0.0,0.0,0.0,0.0,0.0,0.0
2017-18,177560,Paolo Faragò,0,2.0,5.0,35.0,25.0,0.0,0.0
2017-18,262946,Pasquale Giannotti,0,0.0,0.0,0.0,0.0,0.0,0.0
2017-18,92043,Pasquale Schiattarella,0,1.0,4.0,31.0,22.0,0.0,0.0
2017-18,169818,Patric,0,0.0,1.0,11.0,4.0,0.0,0.0
2017-18,238885,Patrick Cutrone,0,10.0,2.0,28.0,17.0,0.0,0.0
2017-18,212330,Patrik Schick,0,2.0,0.0,22.0,10.0,0.0,0.0
2017-18,164839,Paulo Dybala,0,22.0,5.0,33.0,26.0,0.0,0.0
2017-18,238196,Pawel Jaroszynski,0,0.0,0.0,11.0,9.0,0.0,0.0
2017-18,256115,Pedro Neto,0,0.0,0.0,0.0,0.0,0.0,0.0
2017-18,224188,Pedro Pereira,0,0.0,0.0,6.0,4.0,0.0,0.0
2017-18,12910,Pepe Reina,0,0.0,0.0,37.0,37.0,0.0,0.0
2017-18,86384,Perparim Hetemaj,0,3.0,2.0,32.0,27.0,0.0,0.0
2017-18,237652,Petko Hristov,0,0.0,0.0,0.0,0.0,0.0,0.0
2017-18,206587,Pierluigi Gollini,0,0.0,0.0,7.0,7.0,0.0,0.0
2017-18,139418,Pietro Iemmello,0,2.0,1.0,16.0,12.0,0.0,0.0
2017-18,273492,Pio Francesco Russo,0,0.0,0.0,0.0,0.0,0.0,0.0
2017-18,177782,Piotr Zielinski,0,4.0,2.0,36.0,14.0,0.0,0.0
2017-18,239918,Pol Lirola,0,0.0,1.0,24.0,22.0,0.0,0.0
2017-18,113107,Radja Nainggolan,0,4.0,9.0,31.0,31.0,0.0,0.0
2017-18,134307,Rafael,0,0.0,0.0,0.0,0.0,0.0,0.0
2017-18,139037,Rafael,0,0.0,0.0,10.0,8.0,0.0,0.0
2017-18,196855,Rafael Tolói,0,1.0,4.0,31.0,29.0,0.0,0.0
2017-18,154814,Rafinha,0,2.0,3.0,17.0,12.0,0.0,0.0
2017-18,268452,Raoul Bellanova,0,0.0,0.0,0.0,0.0,0.0,0.0
2017-18,255760,Raul Oprut,0,0.0,0.0,0.0,0.0,0.0,0.0
2017-18,41970,Raúl Albiol,0,3.0,1.0,31.0,30.0,0.0,0.0
2017-18,152600,Remo Freuler,0,5.0,3.0,35.0,33.0,0.0,0.0
2017-18,251099,Renato Vischi,0,0.0,0.0,0.0,0.0,0.0,0.0
2017-18,161562,Ricardo Alvarez,0,1.0,1.0,12.0,2.0,0.0,0.0
2017-18,136865,Ricardo Rodríguez,0,1.0,0.0,34.0,34.0,0.0,0.0
2017-18,256880,Riccardo Daga,0,0.0,0.0,1.0,1.0,0.0,0.0
2017-18,268781,Riccardo Forte,0,0.0,0.0,0.0,0.0,0.0,0.0
2017-18,267622,Riccardo Ladinetti,0,0.0,0.0,0.0,0.0,0.0,0.0
2017-18,46175,Riccardo Meggiorini,0,0.0,0.0,15.0,10.0,0.0,0.0
2017-18,40331,Riccardo Montolivo,0,1.0,1.0,18.0,12.0,0.0,0.0
2017-18,234426,Riccardo Orsolini,0,0.0,0.0,16.0,4.0,0.0,0.0
2017-18,163154,Riccardo Piscitelli,0,0.0,0.0,0.0,0.0,0.0,0.0
2017-18,127466,Riccardo Saponara,0,0.0,5.0,18.0,10.0,0.0,0.0
2017-18,262480,Riccardo Sottil,0,0.0,0.0,0.0,0.0,0.0,0.0
2017-18,205614,Rick Karsdorp,0,0.0,0.0,1.0,1.0,0.0,0.0
2017-18,193977,Roberto Gagliardini,0,0.0,0.0,30.0,23.0,0.0,0.0
2017-18,148833,Roberto Inglese,0,12.0,2.0,34.0,33.0,0.0,0.0
2017-18,198087,Robin Gosens,0,1.0,1.0,21.0,17.0,0.0,0.0
2017-18,215772,Rodrigo Bentancur,0,0.0,0.0,20.0,5.0,0.0,0.0
2017-18,174466,Rodrigo De Paul,0,4.0,7.0,37.0,25.0,0.0,0.0
2017-18,137715,Rodrigo Palacio,0,4.0,2.0,28.0,23.0,0.0,0.0
2017-18,228397,Rogério,0,0.0,0.0,13.0,10.0,0.0,0.0
2017-18,207144,Rolando Aarons,0,0.0,0.0,11.0,6.0,0.0,0.0
2017-18,210392,Rolando Mandragora,0,2.0,0.0,36.0,36.0,0.0,0.0
2017-18,191848,Ryder Matos,0,0.0,1.0,18.0,12.0,0.0,0.0
2017-18,164217,Rômulo,0,3.0,5.0,37.0,36.0,0.0,0.0
2017-18,155033,Salvador Ichazo,0,0.0,0.0,0.0,0.0,0.0,0.0
2017-18,272618,Salvatore Elia,0,0.0,0.0,0.0,0.0,0.0,0.0
2017-18,272510,Salvatore Esposito,0,0.0,0.0,0.0,0.0,0.0,0.0
2017-18,68067,Salvatore Sirigu,0,0.0,0.0,37.0,37.0,0.0,0.0
2017-18,87882,Sami Khedira,0,9.0,2.0,26.0,24.0,0.0,0.0
2017-18,199059,Samir,0,2.0,0.0,31.0,30.0,0.0,0.0
2017-18,44323,Samir Handanovic,0,0.0,0.0,38.0,38.0,0.0,0.0
2017-18,210810,Samuel Bastien,0,1.0,0.0,21.0,15.0,0.0,0.0
2017-18,122553,Samuel Souprayen,0,0.0,0.0,22.0,19.0,0.0,0.0
2017-18,147337,Sandro,0,1.0,0.0,14.0,13.0,0.0,0.0
2017-18,87757,Santiago Gentiletti,0,0.0,0.0,4.0,3.0,0.0,0.0
2017-18,222802,Sauli Väisänen,0,0.0,0.0,7.0,6.0,0.0,0.0
2017-18,92096,Sebastian De Maio,0,2.0,0.0,26.0,22.0,0.0,0.0
2017-18,192192,Sebastián Cristóforo,0,0.0,0.0,7.0,3.0,0.0,0.0
2017-18,184118,Seko Fofana,0,3.0,0.0,27.0,22.0,0.0,0.0
2017-18,270186,Semuel Pizzignacco,0,0.0,0.0,0.0,0.0,0.0,0.0
2017-18,121504,Senad Lulic,0,3.0,6.0,35.0,30.0,0.0,0.0
2017-18,235694,Senna Miangue,0,0.0,1.0,11.0,8.0,0.0,0.0
2017-18,211141,Sergej Milinkovic-Savic,0,12.0,3.0,35.0,33.0,0.0,0.0
2017-18,28473,Sergio Floccari,0,3.0,0.0,20.0,9.0,0.0,0.0
2017-18,24102,Sergio Pellissier,0,1.0,1.0,19.0,2.0,0.0,0.0
2017-18,175905,Silvan Widmer,0,3.0,2.0,24.0,18.0,0.0,0.0
2017-18,29215,Simon Laner,0,0.0,0.0,0.0,0.0,0.0,0.0
2017-18,250706,Simon Stefanec,0,0.0,0.0,0.0,0.0,0.0,0.0
2017-18,155583,Simone Calvano,0,0.0,0.0,15.0,7.0,0.0,0.0
2017-18,213483,Simone Edera,0,1.0,1.0,14.0,2.0,0.0,0.0
2017-18,246816,Simone Franchini,0,0.0,0.0,0.0,0.0,0.0,0.0
2017-18,252927,Simone Ghidotti,0,0.0,0.0,0.0,0.0,0.0,0.0
2017-18,241563,Simone Lo Faso,0,0.0,0.0,2.0,0.0,0.0,0.0
2017-18,46026,Simone Missiroli,0,1.0,1.0,35.0,33.0,0.0,0.0
2017-18,252084,Simone Muratore,0,0.0,0.0,0.0,0.0,0.0,0.0
2017-18,105627,Simone Padoin,0,1.0,1.0,37.0,37.0,0.0,0.0
2017-18,215682,Simone Pontisso,0,0.0,0.0,1.0,0.0,0.0,0.0
2017-18,146252,Simone Romagnoli,0,0.0,0.0,8.0,6.0,0.0,0.0
2017-18,181784,Simone Scuffet,0,0.0,0.0,6.0,6.0,0.0,0.0
2017-18,142164,Simone Verdi,0,10.0,10.0,34.0,34.0,0.0,0.0
2017-18,189477,Simy,0,7.0,1.0,23.0,11.0,0.0,0.0
2017-18,272341,Siriki Sanogo,0,0.0,0.0,2.0,0.0,0.0,0.0
2017-18,115103,Stefan Radu,0,0.0,2.0,31.0,31.0,0.0,0.0
2017-18,192453,Stefan Simic,0,0.0,0.0,9.0,6.0,0.0,0.0
2017-18,141443,Stefan de Vrij,0,6.0,1.0,36.0,36.0,0.0,0.0
2017-18,180927,Stefano Sensi,0,2.0,0.0,17.0,10.0,0.0,0.0
2017-18,86367,Stefano Sorrentino,0,0.0,0.0,38.0,38.0,0.0,0.0
2017-18,155014,Stefano Sturaro,0,0.0,0.0,12.0,7.0,0.0,0.0
2017-18,130036,Stephan El Shaarawy,0,7.0,4.0,33.0,25.0,0.0,0.0
2017-18,33644,Stephan Lichtsteiner,0,0.0,2.0,27.0,21.0,0.0,0.0
2017-18,241400,Stephane Omeonga,0,0.0,0.0,19.0,6.0,0.0,0.0
2017-18,187957,Stipe Perica,0,1.0,1.0,22.0,9.0,0.0,0.0
2017-18,270669,Strahinja Tanasijevic,0,0.0,0.0,0.0,0.0,0.0,0.0
2017-18,164800,Suso,0,6.0,7.0,35.0,33.0,0.0,0.0
2017-18,224342,Svante Ingelsson,0,1.0,0.0,7.0,3.0,0.0,0.0
2017-18,178267,Thiago Cionek,0,1.0,0.0,15.0,15.0,0.0,0.0
2017-18,272893,Thomas Bolis,0,0.0,0.0,0.0,0.0,0.0,0.0
2017-18,272400,Thomas Candeloro,0,0.0,0.0,0.0,0.0,0.0,0.0
2017-18,138550,Thomas Heurtaux,0,0.0,0.0,17.0,16.0,0.0,0.0
2017-18,180047,Thomas Strakosha,0,0.0,0.0,38.0,38.0,0.0,0.0
2017-18,211781,Tiago Dias,0,0.0,0.0,0.0,0.0,0.0,0.0
2017-18,176984,Timo Letschert,0,0.0,0.0,7.0,5.0,0.0,0.0
2017-18,197163,Timothy Castagne,0,0.0,2.0,20.0,17.0,0.0,0.0
2017-18,241397,Titas Krapikas,0,0.0,0.0,0.0,0.0,0.0,0.0
2017-18,22624,Tommaso Berni,0,0.0,0.0,0.0,0.0,0.0,0.0
2017-18,131245,Tomás Rincón,0,1.0,0.0,36.0,35.0,0.0,0.0
2017-18,153634,Valentin Eysseric,0,1.0,1.0,21.0,8.0,0.0,0.0
2017-18,165533,Valerio Verre,0,0.0,0.0,18.0,2.0,0.0,0.0
2017-18,68069,Valon Behrami,0,1.0,1.0,20.0,18.0,0.0,0.0
2017-18,84915,Valter Birsa,0,3.0,6.0,35.0,29.0,0.0,0.0
2017-18,219531,Vanja Milinkovic-Savic,0,0.0,0.0,1.0,1.0,0.0,0.0
2017-18,131096,Vasco Regini,0,0.0,0.0,14.0,10.0,0.0,0.0
2017-18,32499,Vasilis Torosidis,0,0.0,0.0,16.0,10.0,0.0,0.0
2017-18,132062,Vid Belec,0,0.0,0.0,15.0,15.0,0.0,0.0
2017-18,175244,Vincent Laurini,0,0.0,1.0,22.0,20.0,0.0,0.0
2017-18,269100,Vincenzo Millico,0,0.0,0.0,0.0,0.0,0.0,0.0
2017-18,251151,Vincenzo Pinto,0,0.0,0.0,0.0,0.0,0.0,0.0
2017-18,274025,Vitja Valencic,0,0.0,0.0,0.0,0.0,0.0,0.0
2017-18,191995,Vitor Hugo,0,1.0,0.0,19.0,13.0,0.0,0.0
2017-18,192398,Vittorio Parigini,0,0.0,0.0,21.0,10.0,0.0,0.0
2017-18,164764,Vlad Chiriches,0,0.0,0.0,7.0,7.0,0.0,0.0
2017-18,186512,Wallace,0,0.0,0.0,13.0,12.0,0.0,0.0
2017-18,131634,Wojciech Szczesny,0,0.0,0.0,17.0,17.0,0.0,0.0
2017-18,232266,Xian Emmers,0,0.0,0.0,0.0,0.0,0.0,0.0
2017-18,225555,Yann Karamoh,0,1.0,0.0,16.0,4.0,0.0,0.0
2017-18,219378,Zinédine Machach,0,0.0,0.0,0.0,0.0,0.0,0.0
2017-18,219449,Ádám Nagy,0,1.0,0.0,12.0,8.0,0.0,0.0
2017-18,209579,Álex Berenguer,0,1.0,3.0,22.0,11.0,0.0,0.0
2017-18,87174,Éder,0,3.0,0.0,29.0,4.0,0.0,0.0
2017-18,104440,Édgar Barreto,0,1.0,0.0,28.0,24.0,0.0,0.0
2018-19,222763,Abdou Diakhate,0,0.0,0.0,0.0,0.0,0.0,0.0
2018-19,253306,Abukar Mohamed,0,0.0,0.0,0.0,0.0,0.0,0.0
2018-19,218105,Adam Marusic,0,0.0,0.0,0.0,0.0,0.0,0.0
2018-19,227932,Adam Ounas,0,0.0,0.0,0.0,0.0,0.0,0.0
2018-19,228326,Adrian Semper,0,0.0,0.0,0.0,0.0,0.0,0.0
2018-19,144890,Afriyie Acquah,0,0.0,0.0,0.0,0.0,0.0,0.0
2018-19,231282,Alban Lafont,0,0.0,0.0,0.0,0.0,0.0,0.0
2018-19,184881,Alberto Cerri,0,0.0,0.0,0.0,0.0,0.0,0.0
2018-19,209869,Alberto Grassi,0,0.0,0.0,0.0,0.0,0.0,0.0
2018-19,113899,Alberto Paloschi,0,0.0,0.0,0.0,0.0,0.0,0.0
2018-19,120652,Albin Ekdal,0,0.0,0.0,0.0,0.0,0.0,0.0
2018-19,149578,Alejandro Gómez,0,0.0,0.0,0.0,0.0,0.0,0.0
2018-19,103939,Aleksandar Kolarov,0,0.0,0.0,0.0,0.0,0.0,0.0
2018-19,249280,Alessandro Bastoni,0,0.0,0.0,0.0,0.0,0.0,0.0
2018-19,288780,Alessandro Cerbara,0,0.0,0.0,0.0,0.0,0.0,0.0
2018-19,279419,Alessandro D'Andrea,0,0.0,0.0,0.0,0.0,0.0,0.0
2018-19,186437,Alessandro Deiola,0,0.0,0.0,0.0,0.0,0.0,0.0
2018-19,158145,Alessandro Florenzi,0,0.0,0.0,0.0,0.0,0.0,0.0
2018-19,132518,Alessandro Iacobucci,0,0.0,0.0,0.0,0.0,0.0,0.0
2018-19,150723,Alessandro Marongiu,0,0.0,0.0,0.0,0.0,0.0,0.0
2018-19,104319,Alessandro Matri,0,0.0,0.0,0.0,0.0,0.0,0.0
2018-19,212505,Alessandro Murgia,0,0.0,0.0,0.0,0.0,0.0,0.0
2018-19,245632,Alessandro Plizzari,0,0.0,0.0,0.0,0.0,0.0,0.0
2018-19,276823,Alessandro Russo,0,0.0,0.0,0.0,0.0,0.0,0.0
2018-19,288781,Alessio Bianchi,0,0.0,0.0,0.0,0.0,0.0,0.0
2018-19,165768,Alessio Cragno,0,0.0,0.0,0.0,0.0,0.0,0.0
2018-19,288361,Alessio Furlanetto,0,0.0,0.0,0.0,0.0,0.0,0.0
2018-19,263514,Alessio Riccardi,0,0.0,0.0,0.0,0.0,0.0,0.0
2018-19,177816,Alessio Romagnoli,0,0.0,0.0,0.0,0.0,0.0,0.0
2018-19,186302,Alex Ferrari,0,0.0,0.0,0.0,0.0,0.0,0.0
2018-19,209746,Alex Meret,0,0.0,0.0,0.0,0.0,0.0,0.0
2018-19,125514,Alex Sandro,0,0.0,0.0,0.0,0.0,0.0,0.0
2018-19,173282,Alfred Duncan,0,0.0,0.0,0.0,0.0,0.0,0.0
2018-19,154564,Alfred Gomis,0,0.0,0.0,0.0,0.0,0.0,0.0
2018-19,143883,Allan,0,0.0,0.0,0.0,0.0,0.0,0.0
2018-19,224418,Amadou Diawara,0,0.0,0.0,0.0,0.0,0.0,0.0
2018-19,172295,Amin Younes,0,0.0,0.0,0.0,0.0,0.0,0.0
2018-19,286317,Andrea Adorante,0,0.0,0.0,0.0,0.0,0.0,0.0
2018-19,28426,Andrea Barzagli,0,0.0,0.0,0.0,0.0,0.0,0.0
2018-19,241431,Andrea Beghetto,0,0.0,0.0,0.0,0.0,0.0,0.0
2018-19,170755,Andrea Belotti,0,0.0,0.0,0.0,0.0,0.0,0.0
2018-19,132069,Andrea Bertolacci,0,0.0,0.0,0.0,0.0,0.0,0.0
2018-19,272892,Andrea Colpani,0,0.0,0.0,0.0,0.0,0.0,0.0
2018-19,65400,Andrea Consigli,0,0.0,0.0,0.0,0.0,0.0,0.0
2018-19,143530,Andrea Conti,0,0.0,0.0,0.0,0.0,0.0,0.0
2018-19,277397,Andrea Di Maggio,0,0.0,0.0,0.0,0.0,0.0,0.0
2018-19,262870,Andrea Errico,0,0.0,0.0,0.0,0.0,0.0,0.0
2018-19,214765,Andrea Favilli,0,0.0,0.0,0.0,0.0,0.0,0.0
2018-19,180863,Andrea Fulignati,0,0.0,0.0,0.0,0.0,0.0,0.0
2018-19,288788,Andrea Ghion,0,0.0,0.0,0.0,0.0,0.0,0.0
2018-19,41781,Andrea Masiello,0,0.0,0.0,0.0,0.0,0.0,0.0
2018-19,181098,Andrea Petagna,0,0.0,0.0,0.0,0.0,0.0,0.0
2018-19,239086,Andrea Pinamonti,0,0.0,0.0,0.0,0.0,0.0,0.0
2018-19,104451,Andrea Poli,0,0.0,0.0,0.0,0.0,0.0,0.0
2018-19,89307,Andrea Ranocchia,0,0.0,0.0,0.0,0.0,0.0,0.0
2018-19,287577,Andrea Rizzo Pinna,0,0.0,0.0,0.0,0.0,0.0,0.0
2018-19,123552,Andrea Seculin,0,0.0,0.0,0.0,0.0,0.0,0.0
2018-19,144720,Andrei Radu,0,0.0,0.0,0.0,0.0,0.0,0.0
2018-19,284702,András Schäfer,0,0.0,0.0,0.0,0.0,0.0,0.0
2018-19,287390,Angelo Ndrecka,0,0.0,0.0,0.0,0.0,0.0,0.0
2018-19,125073,Angelo da Costa,0,0.0,0.0,0.0,0.0,0.0,0.0
2018-19,169188,Ante Coric,0,0.0,0.0,0.0,0.0,0.0,0.0
2018-19,69968,Antonino Barilla,0,0.0,0.0,0.0,0.0,0.0,0.0
2018-19,250668,Antonio Candela,0,0.0,0.0,0.0,0.0,0.0,0.0
2018-19,104478,Antonio Candreva,0,0.0,0.0,0.0,0.0,0.0,0.0
2018-19,113573,Antonio Cinelli,0,0.0,0.0,0.0,0.0,0.0,0.0
2018-19,148532,Antonio Donnarumma,0,0.0,0.0,0.0,0.0,0.0,0.0
2018-19,218408,Antonio La Gumina,0,0.0,0.0,0.0,0.0,0.0,0.0
2018-19,104452,Antonio Mirante,0,0.0,0.0,0.0,0.0,0.0,0.0
2018-19,282610,Antonio Pio Daniele,0,0.0,0.0,0.0,0.0,0.0,0.0
2018-19,36828,Antonio Rosati,0,0.0,0.0,0.0,0.0,0.0,0.0
2018-19,192162,Antonio Sanabria,0,0.0,0.0,0.0,0.0,0.0,0.0
2018-19,152345,Antonio Santurro,0,0.0,0.0,0.0,0.0,0.0,0.0
2018-19,230664,Antonín Barák,0,0.0,0.0,0.0,0.0,0.0,0.0
2018-19,179359,Arkadiusz Milik,0,0.0,0.0,0.0,0.0,0.0,0.0
2018-19,275152,Arkadiusz Reca,0,0.0,0.0,0.0,0.0,0.0,0.0
2018-19,165490,Armando Izzo,0,0.0,0.0,0.0,0.0,0.0,0.0
2018-19,133688,Artur Ionita,0,0.0,0.0,0.0,0.0,0.0,0.0
2018-19,194758,Arturo Calabresi,0,0.0,0.0,0.0,0.0,0.0,0.0
2018-19,214305,Assane Dioussé,0,0.0,0.0,0.0,0.0,0.0,0.0
2018-19,220853,Bartlomiej Dragowski,0,0.0,0.0,0.0,0.0,0.0,0.0
2018-19,176726,Bartosz Bereszynski,0,0.0,0.0,0.0,0.0,0.0,0.0
2018-19,125004,Bartosz Salamon,0,0.0,0.0,0.0,0.0,0.0,0.0
2018-19,204602,Bastos,0,0.0,0.0,0.0,0.0,0.0,0.0
2018-19,268870,Ben Lhassine Kone,0,0.0,0.0,0.0,0.0,0.0,0.0
2018-19,246945,Ben Wilmot,0,0.0,0.0,0.0,0.0,0.0,0.0
2018-19,165291,Berat Djimsiti,0,0.0,0.0,0.0,0.0,0.0,0.0
2018-19,85010,Blaise Matuidi,0,0.0,0.0,0.0,0.0,0.0,0.0
2018-19,33628,Blerim Džemaili,0,0.0,0.0,0.0,0.0,0.0,0.0
2018-19,71702,Borja Valero,0,0.0,0.0,0.0,0.0,0.0,0.0
2018-19,85210,Bostjan Cesar,0,0.0,0.0,0.0,0.0,0.0,0.0
2018-19,140350,Bram Nuytinck,0,0.0,0.0,0.0,0.0,0.0,0.0
2018-19,258307,Bremer,0,0.0,0.0,0.0,0.0,0.0,0.0
2018-19,35997,Bruno Alves,0,0.0,0.0,0.0,0.0,0.0,0.0
2018-19,258439,Bruno Jordão,0,0.0,0.0,0.0,0.0,0.0,0.0
2018-19,169213,Bryan Cristante,0,0.0,0.0,0.0,0.0,0.0,0.0
2018-19,147493,Bryan Dabo,0,0.0,0.0,0.0,0.0,0.0,0.0
2018-19,276686,Caio Vinicius,0,0.0,0.0,0.0,0.0,0.0,0.0
2018-19,284081,Caleb Okoli,0,0.0,0.0,0.0,0.0,0.0,0.0
2018-19,126108,Camillo Ciano,0,0.0,0.0,0.0,0.0,0.0,0.0
2018-19,285436,Carl Davordzie,0,0.0,0.0,0.0,0.0,0.0,0.0
2018-19,121036,Carlo Pinsoglio,0,0.0,0.0,0.0,0.0,0.0,0.0
2018-19,239706,Cengiz Ünder,0,0.0,0.0,0.0,0.0,0.0,0.0
2018-19,170670,Charalampos Lykogiannis,0,0.0,0.0,0.0,0.0,0.0,0.0
2018-19,299251,Christian Koffi,0,0.0,0.0,0.0,0.0,0.0,0.0
2018-19,241415,Christian Kouamé,0,0.0,0.0,0.0,0.0,0.0,0.0
2018-19,68586,Christian Molina,0,0.0,0.0,0.0,0.0,0.0,0.0
2018-19,178077,Christian Nørgaard,0,0.0,0.0,0.0,0.0,0.0,0.0
2018-19,270486,Christian Oliva,0,0.0,0.0,0.0,0.0,0.0,0.0
2018-19,130123,Ciro Immobile,0,0.0,0.0,0.0,0.0,0.0,0.0
2018-19,233526,Claud Adjapong,0,0.0,0.0,0.0,0.0,0.0,0.0
2018-19,68522,Cristian Ansaldi,0,0.0,0.0,0.0,0.0,0.0,0.0
2018-19,224065,Cristian Dell'Orco,0,0.0,0.0,0.0,0.0,0.0,0.0
2018-19,96970,Cristian Romero,0,0.0,0.0,0.0,0.0,0.0,0.0
2018-19,152044,Cristiano Biraghi,0,0.0,0.0,0.0,0.0,0.0,0.0
2018-19,22774,Cristiano Ronaldo,0,0.0,0.0,0.0,0.0,0.0,0.0
2018-19,73101,Cristián Zapata,0,0.0,0.0,0.0,0.0,0.0,0.0
2018-19,87322,Cyril Thereau,0,0.0,0.0,0.0,0.0,0.0,0.0
2018-19,129722,Cédric,0,0.0,0.0,0.0,0.0,0.0,0.0
2018-19,221849,Dalbert,0,0.0,0.0,0.0,0.0,0.0,0.0
2018-19,181321,Daniel Bessa,0,0.0,0.0,0.0,0.0,0.0,0.0
2018-19,148998,Daniel Ciofani,0,0.0,0.0,0.0,0.0,0.0,0.0
2018-19,252052,Daniel Fuzato,0,0.0,0.0,0.0,0.0,0.0,0.0
2018-19,162604,Daniele Baselli,0,0.0,0.0,0.0,0.0,0.0,0.0
2018-19,16207,Daniele De Rossi,0,0.0,0.0,0.0,0.0,0.0,0.0
2018-19,93816,Daniele Padelli,0,0.0,0.0,0.0,0.0,0.0,0.0
2018-19,181673,Daniele Rugani,0,0.0,0.0,0.0,0.0,0.0,0.0
2018-19,99236,Danilo,0,0.0,0.0,0.0,0.0,0.0,0.0
2018-19,178627,Danilo Cataldi,0,0.0,0.0,0.0,0.0,0.0,0.0
2018-19,91776,Danilo D'Ambrosio,0,0.0,0.0,0.0,0.0,0.0,0.0
2018-19,276694,Daouda Peeters,0,0.0,0.0,0.0,0.0,0.0,0.0
2018-19,25253,Darijo Srna,0,0.0,0.0,0.0,0.0,0.0,0.0
2018-19,126752,Darko Lazovic,0,0.0,0.0,0.0,0.0,0.0,0.0
2018-19,121842,David Ospina,0,0.0,0.0,0.0,0.0,0.0,0.0
2018-19,173394,Davide Biraschi,0,0.0,0.0,0.0,0.0,0.0,0.0
2018-19,194747,Davide Calabria,0,0.0,0.0,0.0,0.0,0.0,0.0
2018-19,260189,Davide Mastaj,0,0.0,0.0,0.0,0.0,0.0,0.0
2018-19,286711,Davide Merola,0,0.0,0.0,0.0,0.0,0.0,0.0
2018-19,121811,Davide Santon,0,0.0,0.0,0.0,0.0,0.0,0.0
2018-19,272695,Dejan Kulusevski,0,0.0,0.0,0.0,0.0,0.0,0.0
2018-19,173150,Dennis Praet,0,0.0,0.0,0.0,0.0,0.0,0.0
2018-19,139989,Diego Falcinelli,0,0.0,0.0,0.0,0.0,0.0,0.0
2018-19,123492,Diego Farias,0,0.0,0.0,0.0,0.0,0.0,0.0
2018-19,178116,Diego Laxalt,0,0.0,0.0,0.0,0.0,0.0,0.0
2018-19,113720,Diego Perotti,0,0.0,0.0,0.0,0.0,0.0,0.0
2018-19,212238,Dimitri Oberlin,0,0.0,0.0,0.0,0.0,0.0,0.0
2018-19,226179,Dimitris Nikolaou,0,0.0,0.0,0.0,0.0,0.0,0.0
2018-19,173817,Domenico Berardi,0,0.0,0.0,0.0,0.0,0.0,0.0
2018-19,104369,Domenico Criscito,0,0.0,0.0,0.0,0.0,0.0,0.0
2018-19,13738,Domenico Maietta,0,0.0,0.0,0.0,0.0,0.0,0.0
2018-19,127502,Douglas Costa,0,0.0,0.0,0.0,0.0,0.0,0.0
2018-19,89687,Dries Mertens,0,0.0,0.0,0.0,0.0,0.0,0.0
2018-19,281531,Drissa Camara,0,0.0,0.0,0.0,0.0,0.0,0.0
2018-19,121405,Dusan Basta,0,0.0,0.0,0.0,0.0,0.0,0.0
2018-19,235677,Dusan Vlahovic,0,0.0,0.0,0.0,0.0,0.0,0.0
2018-19,193644,Duván Zapata,0,0.0,0.0,0.0,0.0,0.0,0.0
2018-19,257786,Dávid Hancko,0,0.0,0.0,0.0,0.0,0.0,0.0
2018-19,261402,Eddie Salcedo,0,0.0,0.0,0.0,0.0,0.0,0.0
2018-19,226970,Edimilson Fernandes,0,0.0,0.0,0.0,0.0,0.0,0.0
2018-19,102337,Edin Dzeko,0,0.0,0.0,0.0,0.0,0.0,0.0
2018-19,181060,Edoardo Goldaniga,0,0.0,0.0,0.0,0.0,0.0,0.0
2018-19,283688,Edoardo Rezzi,0,0.0,0.0,0.0,0.0,0.0,0.0
2018-19,285155,Eduardo Bubacar Baldé,0,0.0,0.0,0.0,0.0,0.0,0.0
2018-19,278987,Elia Caprile,0,0.0,0.0,0.0,0.0,0.0,0.0
2018-19,167601,Elseid Hysaj,0,0.0,0.0,0.0,0.0,0.0,0.0
2018-19,250644,Emanuel Vignato,0,0.0,0.0,0.0,0.0,0.0,0.0
2018-19,134438,Emanuele Giaccherini,0,0.0,0.0,0.0,0.0,0.0,0.0
2018-19,272891,Emanuele Torrasi,0,0.0,0.0,0.0,0.0,0.0,0.0
2018-19,207834,Emil Audero,0,0.0,0.0,0.0,0.0,0.0,0.0
2018-19,104441,Emil Hallfredsson,0,0.0,0.0,0.0,0.0,0.0,0.0
2018-19,11899,Emiliano Moretti,0,0.0,0.0,0.0,0.0,0.0,0.0
2018-19,125001,Emiliano Viviano,0,0.0,0.0,0.0,0.0,0.0,0.0
2018-19,141384,Emmanuel Badu,0,0.0,0.0,0.0,0.0,0.0,0.0
2018-19,159142,Emre Can,0,0.0,0.0,0.0,0.0,0.0,0.0
2018-19,243083,Enrico Brignola,0,0.0,0.0,0.0,0.0,0.0,0.0
2018-19,272694,Enrico Del Prato,0,0.0,0.0,0.0,0.0,0.0,0.0
2018-19,288789,Erald Lakti,0,0.0,0.0,0.0,0.0,0.0,0.0
2018-19,272901,Erick Ferigra,0,0.0,0.0,0.0,0.0,0.0,0.0
2018-19,202533,Erick Pulgar,0,0.0,0.0,0.0,0.0,0.0,0.0
2018-19,131346,Ervin Zukanovic,0,0.0,0.0,0.0,0.0,0.0,0.0
2018-19,227730,Esteban Rolón,0,0.0,0.0,0.0,0.0,0.0,0.0
2018-19,125312,Etrit Berisha,0,0.0,0.0,0.0,0.0,0.0,0.0
2018-19,138847,Ezequiel Schelotto,0,0.0,0.0,0.0,0.0,0.0,0.0
2018-19,140931,Fabio Borini,0,0.0,0.0,0.0,0.0,0.0,0.0
2018-19,104437,Fabio Ceravolo,0,0.0,0.0,0.0,0.0,0.0,0.0
2018-19,233409,Fabio Depaoli,0,0.0,0.0,0.0,0.0,0.0,0.0
2018-19,135039,Fabio Pisacane,0,0.0,0.0,0.0,0.0,0.0,0.0
2018-19,19667,Fabio Quagliarella,0,0.0,0.0,0.0,0.0,0.0,0.0
2018-19,214596,Fabián Ruiz,0,0.0,0.0,0.0,0.0,0.0,0.0
2018-19,277395,Fabrizio Bagheria,0,0.0,0.0,0.0,0.0,0.0,0.0
2018-19,125476,Fabrizio Cacciatore,0,0.0,0.0,0.0,0.0,0.0,0.0
2018-19,275941,Facundo Colidio,0,0.0,0.0,0.0,0.0,0.0,0.0
2018-19,287375,Fallou Njie,0,0.0,0.0,0.0,0.0,0.0,0.0
2018-19,152260,Faouzi Ghoulam,0,0.0,0.0,0.0,0.0,0.0,0.0
2018-19,177870,Federico Barba,0,0.0,0.0,0.0,0.0,0.0,0.0
2018-19,180956,Federico Bernardeschi,0,0.0,0.0,0.0,0.0,0.0,0.0
2018-19,272733,Federico Brancolini,0,0.0,0.0,0.0,0.0,0.0,0.0
2018-19,153315,Federico Ceccherini,0,0.0,0.0,0.0,0.0,0.0,0.0
2018-19,234306,Federico Chiesa,0,0.0,0.0,0.0,0.0,0.0,0.0
2018-19,185463,Federico Di Francesco,0,0.0,0.0,0.0,0.0,0.0,0.0
2018-19,194748,Federico Dimarco,0,0.0,0.0,0.0,0.0,0.0,0.0
2018-19,131473,Federico Dionisi,0,0.0,0.0,0.0,0.0,0.0,0.0
2018-19,97425,Federico Fazio,0,0.0,0.0,0.0,0.0,0.0,0.0
2018-19,116478,Federico Marchetti,0,0.0,0.0,0.0,0.0,0.0,0.0
2018-19,202334,Federico Mattiello,0,0.0,0.0,0.0,0.0,0.0,0.0
2018-19,278440,Federico Pelle,0,0.0,0.0,0.0,0.0,0.0,0.0
2018-19,116297,Federico Peluso,0,0.0,0.0,0.0,0.0,0.0,0.0
2018-19,152125,Federico Santander,0,0.0,0.0,0.0,0.0,0.0,0.0
2018-19,125055,Federico Viviani,0,0.0,0.0,0.0,0.0,0.0,0.0
2018-19,24978,Felipe,0,0.0,0.0,0.0,0.0,0.0,0.0
2018-19,98025,Felipe Caicedo,0,0.0,0.0,0.0,0.0,0.0,0.0
2018-19,189670,Filip Bradaric,0,0.0,0.0,0.0,0.0,0.0,0.0
2018-19,105426,Filip Djordjevic,0,0.0,0.0,0.0,0.0,0.0,0.0
2018-19,137076,Filip Djuricic,0,0.0,0.0,0.0,0.0,0.0,0.0
2018-19,165722,Filip Helander,0,0.0,0.0,0.0,0.0,0.0,0.0
2018-19,256897,Filip Vaško,0,0.0,0.0,0.0,0.0,0.0,0.0
2018-19,139990,Filippo Costa,0,0.0,0.0,0.0,0.0,0.0,0.0
2018-19,135213,Filippo Perucchini,0,0.0,0.0,0.0,0.0,0.0,0.0
2018-19,202335,Filippo Romagna,0,0.0,0.0,0.0,0.0,0.0,0.0
2018-19,148842,Francesco Acerbi,0,0.0,0.0,0.0,0.0,0.0,0.0
2018-19,138836,Francesco Bardi,0,0.0,0.0,0.0,0.0,0.0,0.0
2018-19,125475,Francesco Caputo,0,0.0,0.0,0.0,0.0,0.0,0.0
2018-19,236165,Francesco Cassata,0,0.0,0.0,0.0,0.0,0.0,0.0
2018-19,24100,Francesco Magnanelli,0,0.0,0.0,0.0,0.0,0.0,0.0
2018-19,89216,Francesco Rossi,0,0.0,0.0,0.0,0.0,0.0,0.0
2018-19,279956,Francesco Semeraro,0,0.0,0.0,0.0,0.0,0.0,0.0
2018-19,263336,Francesco Verde,0,0.0,0.0,0.0,0.0,0.0,0.0
2018-19,186400,Francesco Vicari,0,0.0,0.0,0.0,0.0,0.0,0.0
2018-19,188930,Francesco Zampano,0,0.0,0.0,0.0,0.0,0.0,0.0
2018-19,218620,Francisco Sierralta,0,0.0,0.0,0.0,0.0,0.0,0.0
2018-19,194711,Franck Kessié,0,0.0,0.0,0.0,0.0,0.0,0.0
2018-19,271219,Frank Tsadjout,0,0.0,0.0,0.0,0.0,0.0,0.0
2018-19,152597,Frederic Veseli,0,0.0,0.0,0.0,0.0,0.0,0.0
2018-19,266665,Gabriel Brazão,0,0.0,0.0,0.0,0.0,0.0,0.0
2018-19,261401,Gabriele Corbo,0,0.0,0.0,0.0,0.0,0.0,0.0
2018-19,288364,Gabriele Ferrarini,0,0.0,0.0,0.0,0.0,0.0,0.0
2018-19,275943,Gabriele Zappa,0,0.0,0.0,0.0,0.0,0.0,0.0
2018-19,130591,Gastón Ramírez,0,0.0,0.0,0.0,0.0,0.0,0.0
2018-19,269584,Georgios Antzoulas,0,0.0,0.0,0.0,0.0,0.0,0.0
2018-19,138341,Germán Pezzella,0,0.0,0.0,0.0,0.0,0.0,0.0
2018-19,210135,Gerson,0,0.0,0.0,0.0,0.0,0.0,0.0
2018-19,102192,Gervinho,0,0.0,0.0,0.0,0.0,0.0,0.0
2018-19,113667,Giacomo Bonaventura,0,0.0,0.0,0.0,0.0,0.0,0.0
2018-19,122121,Giacomo Poluzzi,0,0.0,0.0,0.0,0.0,0.0,0.0
2018-19,271679,Giacomo Raspadori,0,0.0,0.0,0.0,0.0,0.0,0.0
2018-19,234305,Giacomo Satalino,0,0.0,0.0,0.0,0.0,0.0,0.0
2018-19,207823,Gian Marco Ferrari,0,0.0,0.0,0.0,0.0,0.0,0.0
2018-19,199989,Giangiacomo Magnani,0,0.0,0.0,0.0,0.0,0.0,0.0
2018-19,156792,Gianluca Caprari,0,0.0,0.0,0.0,0.0,0.0,0.0
2018-19,276692,Gianluca Gaetano,0,0.0,0.0,0.0,0.0,0.0,0.0
2018-19,144668,Gianluca Lapadula,0,0.0,0.0,0.0,0.0,0.0,0.0
2018-19,212597,Gianluca Mancini,0,0.0,0.0,0.0,0.0,0.0,0.0
2018-19,104359,Gianluca Pegolo,0,0.0,0.0,0.0,0.0,0.0,0.0
2018-19,282882,Gianluca Saro,0,0.0,0.0,0.0,0.0,0.0,0.0
2018-19,233140,Gianluca Scamacca,0,0.0,0.0,0.0,0.0,0.0,0.0
2018-19,217092,Gianluigi Donnarumma,0,0.0,0.0,0.0,0.0,0.0,0.0
2018-19,279955,Gianmarco Cangiano,0,0.0,0.0,0.0,0.0,0.0,0.0
2018-19,24836,Giorgio Chiellini,0,0.0,0.0,0.0,0.0,0.0,0.0
2018-19,155904,Giovanni Di Lorenzo,0,0.0,0.0,0.0,0.0,0.0,0.0
2018-19,189974,Giovanni Simeone,0,0.0,0.0,0.0,0.0,0.0,0.0
2018-19,285146,Giuseppe Marciano,0,0.0,0.0,0.0,0.0,0.0,0.0
2018-19,224249,Giuseppe Pezzella,0,0.0,0.0,0.0,0.0,0.0,0.0
2018-19,196905,Godfred Donsah,0,0.0,0.0,0.0,0.0,0.0,0.0
2018-19,23743,Goran Pandev,0,0.0,0.0,0.0,0.0,0.0,0.0
2018-19,218082,Grigoris Kastanos,0,0.0,0.0,0.0,0.0,0.0,0.0
2018-19,156883,Grégoire Defrel,0,0.0,0.0,0.0,0.0,0.0,0.0
2018-19,180258,Guido Guerrieri,0,0.0,0.0,0.0,0.0,0.0,0.0
2018-19,170785,Hakan Çalhanoglu,0,0.0,0.0,0.0,0.0,0.0,0.0
2018-19,257058,Hamed Traoré,0,0.0,0.0,0.0,0.0,0.0,0.0
2018-19,193448,Hans Hateboer,0,0.0,0.0,0.0,0.0,0.0,0.0
2018-19,286764,Hans Nicolussi Caviglia,0,0.0,0.0,0.0,0.0,0.0,0.0
2018-19,208840,Hidde ter Avest,0,0.0,0.0,0.0,0.0,0.0,0.0
2018-19,125491,Iago Falque,0,0.0,0.0,0.0,0.0,0.0,0.0
2018-19,283824,Ibrahim Karamoko,0,0.0,0.0,0.0,0.0,0.0,0.0
2018-19,175009,Ibrahima Mbaye,0,0.0,0.0,0.0,0.0,0.0,0.0
2018-19,187845,Ignacio Pussetto,0,0.0,0.0,0.0,0.0,0.0,0.0
2018-19,40354,Ignazio Abate,0,0.0,0.0,0.0,0.0,0.0,0.0
2018-19,214891,Ismaël Bennacer,0,0.0,0.0,0.0,0.0,0.0,0.0
2018-19,221366,Ivan Lakicevic,0,0.0,0.0,0.0,0.0,0.0,0.0
2018-19,103485,Ivan Perisic,0,0.0,0.0,0.0,0.0,0.0,0.0
2018-19,181836,Ivan Provedel,0,0.0,0.0,0.0,0.0,0.0,0.0
2018-19,114589,Ivan Radovanovic,0,0.0,0.0,0.0,0.0,0.0,0.0
2018-19,147178,Ivan Strinic,0,0.0,0.0,0.0,0.0,0.0,0.0
2018-19,101317,Iván Marcano,0,0.0,0.0,0.0,0.0,0.0,0.0
2018-19,33435,Jacob Rasmussen,0,0.0,0.0,0.0,0.0,0.0,0.0
2018-19,142912,Jacopo Dezi,0,0.0,0.0,0.0,0.0,0.0,0.0
2018-19,144734,Jacopo Sala,0,0.0,0.0,0.0,0.0,0.0,0.0
2018-19,210389,Jakub Jankto,0,0.0,0.0,0.0,0.0,0.0,0.0
2018-19,285719,Jamie Yayi Mpie,0,0.0,0.0,0.0,0.0,0.0,0.0
2018-19,198844,Jandrei,0,0.0,0.0,0.0,0.0,0.0,0.0
2018-19,154715,Jasmin Kurtic,0,0.0,0.0,0.0,0.0,0.0,0.0
2018-19,102829,Javier Pastore,0,0.0,0.0,0.0,0.0,0.0,0.0
2018-19,238407,Jens Odgaard,0,0.0,0.0,0.0,0.0,0.0,0.0
2018-19,193186,Jens Stryger Larsen,0,0.0,0.0,0.0,0.0,0.0,0.0
2018-19,196081,Joachim Andersen,0,0.0,0.0,0.0,0.0,0.0,0.0
2018-19,288665,Joao Pedro Piai,0,0.0,0.0,0.0,0.0,0.0,0.0
2018-19,195638,Joaquín Correa,0,0.0,0.0,0.0,0.0,0.0,0.0
2018-19,97379,Jonathan Biabiany,0,0.0,0.0,0.0,0.0,0.0,0.0
2018-19,169116,Jordan Lukaku,0,0.0,0.0,0.0,0.0,0.0,0.0
2018-19,157675,Jordan Veretout,0,0.0,0.0,0.0,0.0,0.0,0.0
2018-19,222741,Jorge Silva,0,0.0,0.0,0.0,0.0,0.0,0.0
2018-19,150004,Josip Ilicic,0,0.0,0.0,0.0,0.0,0.0,0.0
2018-19,121600,José Callejón,0,0.0,0.0,0.0,0.0,0.0,0.0
2018-19,222618,José Machín,0,0.0,0.0,0.0,0.0,0.0,0.0
2018-19,196586,José Mauri,0,0.0,0.0,0.0,0.0,0.0,0.0
2018-19,139390,José Palomino,0,0.0,0.0,0.0,0.0,0.0,0.0
2018-19,176399,João Cancelo,0,0.0,0.0,0.0,0.0,0.0,0.0
2018-19,169402,João Mário,0,0.0,0.0,0.0,0.0,0.0,0.0
2018-19,152014,João Pedro,0,0.0,0.0,0.0,0.0,0.0,0.0
2018-19,118986,Juan Cuadrado,0,0.0,0.0,0.0,0.0,0.0,0.0
2018-19,170663,Juan Jesus,0,0.0,0.0,0.0,0.0,0.0,0.0
2018-19,235782,Juan Manuel Valencia,0,0.0,0.0,0.0,0.0,0.0,0.0
2018-19,177927,Juan Musso,0,0.0,0.0,0.0,0.0,0.0,0.0
2018-19,131625,Juraj Kucka,0,0.0,0.0,0.0,0.0,0.0,0.0
2018-19,245916,Justin Kluivert,0,0.0,0.0,0.0,0.0,0.0,0.0
2018-19,206153,Jérémie Boga,0,0.0,0.0,0.0,0.0,0.0,0.0
2018-19,212493,Júnior Tavares,0,0.0,0.0,0.0,0.0,0.0,0.0
2018-19,150312,Kalidou Koulibaly,0,0.0,0.0,0.0,0.0,0.0,0.0
2018-19,286991,Karim Zedadka,0,0.0,0.0,0.0,0.0,0.0,0.0
2018-19,198770,Karol Linetty,0,0.0,0.0,0.0,0.0,0.0,0.0
2018-19,257807,Karolis Uzela,0,0.0,0.0,0.0,0.0,0.0,0.0
2018-19,184883,Keita Baldé,0,0.0,0.0,0.0,0.0,0.0,0.0
2018-19,196575,Kevin Bonifazi,0,0.0,0.0,0.0,0.0,0.0,0.0
2018-19,206863,Kevin Diks,0,0.0,0.0,0.0,0.0,0.0,0.0
2018-19,207819,Kevin Lasagna,0,0.0,0.0,0.0,0.0,0.0,0.0
2018-19,161664,Kevin Mirallas,0,0.0,0.0,0.0,0.0,0.0,0.0
2018-19,137714,Khouma Babacar,0,0.0,0.0,0.0,0.0,0.0,0.0
2018-19,216355,Kiril Despodov,0,0.0,0.0,0.0,0.0,0.0,0.0
2018-19,164137,Koffi Djidji,0,0.0,0.0,0.0,0.0,0.0,0.0
2018-19,174616,Koray Günter,0,0.0,0.0,0.0,0.0,0.0,0.0
2018-19,147439,Kostas Manolas,0,0.0,0.0,0.0,0.0,0.0,0.0
2018-19,237666,Krzysztof Piatek,0,0.0,0.0,0.0,0.0,0.0,0.0
2018-19,113754,Kwadwo Asamoah,0,0.0,0.0,0.0,0.0,0.0,0.0
2018-19,147194,Kévin Malcuit,0,0.0,0.0,0.0,0.0,0.0,0.0
2018-19,151714,Ladislav Krejcí,0,0.0,0.0,0.0,0.0,0.0,0.0
2018-19,219713,Lautaro Martínez,0,0.0,0.0,0.0,0.0,0.0,0.0
2018-19,277398,Lazar Nikolic,0,0.0,0.0,0.0,0.0,0.0,0.0
2018-19,258429,Leo Stulac,0,0.0,0.0,0.0,0.0,0.0,0.0
2018-19,74413,Leonardo Bonucci,0,0.0,0.0,0.0,0.0,0.0,0.0
2018-19,176722,Leonardo Capezzi,0,0.0,0.0,0.0,0.0,0.0,0.0
2018-19,162640,Leonardo Pavoletti,0,0.0,0.0,0.0,0.0,0.0,0.0
2018-19,234425,Leonardo Sernicola,0,0.0,0.0,0.0,0.0,0.0,0.0
2018-19,148974,Leonardo Spinazzola,0,0.0,0.0,0.0,0.0,0.0,0.0
2018-19,113897,Levan Mchedlidze,0,0.0,0.0,0.0,0.0,0.0,0.0
2018-19,238975,Lorenco Simic,0,0.0,0.0,0.0,0.0,0.0,0.0
2018-19,115048,Lorenzo Ariaudo,0,0.0,0.0,0.0,0.0,0.0,0.0
2018-19,68070,Lorenzo De Silvestri,0,0.0,0.0,0.0,0.0,0.0,0.0
2018-19,204769,Lorenzo Dickmann,0,0.0,0.0,0.0,0.0,0.0,0.0
2018-19,276549,Lorenzo Gavioli,0,0.0,0.0,0.0,0.0,0.0,0.0
2018-19,139028,Lorenzo Insigne,0,0.0,0.0,0.0,0.0,0.0,0.0
2018-19,273498,Lorenzo Peli,0,0.0,0.0,0.0,0.0,0.0,0.0
2018-19,204320,Lorenzo Pellegrini,0,0.0,0.0,0.0,0.0,0.0,0.0
2018-19,99501,Lorenzo Tonelli,0,0.0,0.0,0.0,0.0,0.0,0.0
2018-19,286986,Luan David Capanni Dias,0,0.0,0.0,0.0,0.0,0.0,0.0
2018-19,74381,Luca Antonelli,0,0.0,0.0,0.0,0.0,0.0,0.0
2018-19,276689,Luca Belardinelli,0,0.0,0.0,0.0,0.0,0.0,0.0
2018-19,134542,Luca Ceppitelli,0,0.0,0.0,0.0,0.0,0.0,0.0
2018-19,68242,Luca Cigarini,0,0.0,0.0,0.0,0.0,0.0,0.0
2018-19,239919,Luca Coccolo,0,0.0,0.0,0.0,0.0,0.0,0.0
2018-19,284049,Luca Gemello,0,0.0,0.0,0.0,0.0,0.0,0.0
2018-19,197263,Luca Mazzitelli,0,0.0,0.0,0.0,0.0,0.0,0.0
2018-19,153309,Luca Paganini,0,0.0,0.0,0.0,0.0,0.0,0.0
2018-19,251144,Luca Pellegrini,0,0.0,0.0,0.0,0.0,0.0,0.0
2018-19,260209,Luca Polvani,0,0.0,0.0,0.0,0.0,0.0,0.0
2018-19,40863,Luca Rigoni,0,0.0,0.0,0.0,0.0,0.0,0.0
2018-19,108474,Luca Rossettini,0,0.0,0.0,0.0,0.0,0.0,0.0
2018-19,114606,Luca Siligardi,0,0.0,0.0,0.0,0.0,0.0,0.0
2018-19,201337,Luca Valzania,0,0.0,0.0,0.0,0.0,0.0,0.0
2018-19,241718,Luca Zanimacchia,0,0.0,0.0,0.0,0.0,0.0,0.0
2018-19,86394,Lucas Biglia,0,0.0,0.0,0.0,0.0,0.0,0.0
2018-19,130004,Lucas Castro,0,0.0,0.0,0.0,0.0,0.0,0.0
2018-19,108315,Lucas Leiva,0,0.0,0.0,0.0,0.0,0.0,0.0
2018-19,234715,Lucas Paquetá,0,0.0,0.0,0.0,0.0,0.0,0.0
2018-19,170646,Lucas Piazon,0,0.0,0.0,0.0,0.0,0.0,0.0
2018-19,279947,Ludovico D'Orazio,0,0.0,0.0,0.0,0.0,0.0,0.0
2018-19,126109,Luigi Sepe,0,0.0,0.0,0.0,0.0,0.0,0.0
2018-19,146388,Luis Alberto,0,0.0,0.0,0.0,0.0,0.0,0.0
2018-19,151510,Luis Muriel,0,0.0,0.0,0.0,0.0,0.0,0.0
2018-19,225637,Luiz Felipe,0,0.0,0.0,0.0,0.0,0.0,0.0
2018-19,171188,Luka Krajnc,0,0.0,0.0,0.0,0.0,0.0,0.0
2018-19,186491,Lukas Lerager,0,0.0,0.0,0.0,0.0,0.0,0.0
2018-19,179358,Lukasz Skorupski,0,0.0,0.0,0.0,0.0,0.0,0.0
2018-19,180500,Lukasz Teodorczyk,0,0.0,0.0,0.0,0.0,0.0,0.0
2018-19,220747,Lyanco,0,0.0,0.0,0.0,0.0,0.0,0.0
2018-19,275940,Maj Roric,0,0.0,0.0,0.0,0.0,0.0,0.0
2018-19,135289,Manolo Gabbiadini,0,0.0,0.0,0.0,0.0,0.0,0.0
2018-19,288786,Manolo Portanova,0,0.0,0.0,0.0,0.0,0.0,0.0
2018-19,268195,Manuel Gasparini,0,0.0,0.0,0.0,0.0,0.0,0.0
2018-19,241430,Manuel Lazzari,0,0.0,0.0,0.0,0.0,0.0,0.0
2018-19,217538,Manuel Locatelli,0,0.0,0.0,0.0,0.0,0.0,0.0
2018-19,68078,Manuel Pasqual,0,0.0,0.0,0.0,0.0,0.0,0.0
2018-19,158477,Manuel Pucciarelli,0,0.0,0.0,0.0,0.0,0.0,0.0
2018-19,104329,Marcello Gazzola,0,0.0,0.0,0.0,0.0,0.0,0.0
2018-19,163116,Marcello Trotta,0,0.0,0.0,0.0,0.0,0.0,0.0
2018-19,178383,Marcelo Brozovic,0,0.0,0.0,0.0,0.0,0.0,0.0
2018-19,283687,Marco Alia,0,0.0,0.0,0.0,0.0,0.0,0.0
2018-19,36841,Marco Andreolli,0,0.0,0.0,0.0,0.0,0.0,0.0
2018-19,176762,Marco Benassi,0,0.0,0.0,0.0,0.0,0.0,0.0
2018-19,276237,Marco Brescianini,0,0.0,0.0,0.0,0.0,0.0,0.0
2018-19,151620,Marco Capuano,0,0.0,0.0,0.0,0.0,0.0,0.0
2018-19,284804,Marco Carnesecchi,0,0.0,0.0,0.0,0.0,0.0,0.0
2018-19,266815,Marco Curto,0,0.0,0.0,0.0,0.0,0.0,0.0
2018-19,132070,Marco D'Alessandro,0,0.0,0.0,0.0,0.0,0.0,0.0
2018-19,262478,Marco Meli,0,0.0,0.0,0.0,0.0,0.0,0.0
2018-19,120646,Marco Parolo,0,0.0,0.0,0.0,0.0,0.0,0.0
2018-19,166335,Marco Sau,0,0.0,0.0,0.0,0.0,0.0,0.0
2018-19,285789,Marco Spina,0,0.0,0.0,0.0,0.0,0.0,0.0
2018-19,174915,Marco Sportiello,0,0.0,0.0,0.0,0.0,0.0,0.0
2018-19,241411,Marco Varnier,0,0.0,0.0,0.0,0.0,0.0,0.0
2018-19,105582,Mario Mandzukic,0,0.0,0.0,0.0,0.0,0.0,0.0
2018-19,189668,Mario Pasalic,0,0.0,0.0,0.0,0.0,0.0,0.0
2018-19,185109,Mariusz Stepinski,0,0.0,0.0,0.0,0.0,0.0,0.0
2018-19,236598,Marko Jankovic,0,0.0,0.0,0.0,0.0,0.0,0.0
2018-19,187953,Marko Pajac,0,0.0,0.0,0.0,0.0,0.0,0.0
2018-19,187956,Marko Pjaca,0,0.0,0.0,0.0,0.0,0.0,0.0
2018-19,200651,Marlon,0,0.0,0.0,0.0,0.0,0.0,0.0
2018-19,146335,Marten de Roon,0,0.0,0.0,0.0,0.0,0.0,0.0
2018-19,257215,Martin Graiciar,0,0.0,0.0,0.0,0.0,0.0,0.0
2018-19,103029,Martín Cáceres,0,0.0,0.0,0.0,0.0,0.0,0.0
2018-19,129316,Marvin Zeegelaar,0,0.0,0.0,0.0,0.0,0.0,0.0
2018-19,283823,Massimo Bertagnoli,0,0.0,0.0,0.0,0.0,0.0,0.0
2018-19,38572,Massimo Gobbi,0,0.0,0.0,0.0,0.0,0.0,0.0
2018-19,140494,Mateo Musacchio,0,0.0,0.0,0.0,0.0,0.0,0.0
2018-19,216098,Matheus Pereira,0,0.0,0.0,0.0,0.0,0.0,0.0
2018-19,11806,Matteo Brighi,0,0.0,0.0,0.0,0.0,0.0,0.0
2018-19,224455,Matteo Pessina,0,0.0,0.0,0.0,0.0,0.0,0.0
2018-19,188306,Matteo Politano,0,0.0,0.0,0.0,0.0,0.0,0.0
2018-19,241994,Matteo Salvi,0,0.0,0.0,0.0,0.0,0.0,0.0
2018-19,134813,Matteo Scozzarella,0,0.0,0.0,0.0,0.0,0.0,0.0
2018-19,261108,Matteo Soncin,0,0.0,0.0,0.0,0.0,0.0,0.0
2018-19,207300,Mattia Bani,0,0.0,0.0,0.0,0.0,0.0,0.0
2018-19,196026,Mattia Caldara,0,0.0,0.0,0.0,0.0,0.0,0.0
2018-19,163166,Mattia De Sciglio,0,0.0,0.0,0.0,0.0,0.0,0.0
2018-19,219687,Mattia Del Favero,0,0.0,0.0,0.0,0.0,0.0,0.0
2018-19,132067,Mattia Destro,0,0.0,0.0,0.0,0.0,0.0,0.0
2018-19,146683,Mattia Perin,0,0.0,0.0,0.0,0.0,0.0,0.0
2018-19,182640,Mattia Sprocati,0,0.0,0.0,0.0,0.0,0.0,0.0
2018-19,153327,Mattia Valoti,0,0.0,0.0,0.0,0.0,0.0,0.0
2018-19,220120,Mattias Svanberg,0,0.0,0.0,0.0,0.0,0.0,0.0
2018-19,115322,Matías Silvestre,0,0.0,0.0,0.0,0.0,0.0,0.0
2018-19,145600,Matías Vecino,0,0.0,0.0,0.0,0.0,0.0,0.0
2018-19,199024,Mauricio Lemos,0,0.0,0.0,0.0,0.0,0.0,0.0
2018-19,279418,Mauro Burruchaga,0,0.0,0.0,0.0,0.0,0.0,0.0
2018-19,167411,Mauro Icardi,0,0.0,0.0,0.0,0.0,0.0,0.0
2018-19,285668,Mauro Zitelli,0,0.0,0.0,0.0,0.0,0.0,0.0
2018-19,260486,Maxime Leverbe,0,0.0,0.0,0.0,0.0,0.0,0.0
2018-19,142127,Mehdi Bourabia,0,0.0,0.0,0.0,0.0,0.0,0.0
2018-19,256212,Mehdi Léris,0,0.0,0.0,0.0,0.0,0.0,0.0
2018-19,267178,Merih Demiral,0,0.0,0.0,0.0,0.0,0.0,0.0
2018-19,272745,Michel Adopo,0,0.0,0.0,0.0,0.0,0.0,0.0
2018-19,288762,Michele Bragantini,0,0.0,0.0,0.0,0.0,0.0,0.0
2018-19,86744,Miguel Veloso,0,0.0,0.0,0.0,0.0,0.0,0.0
2018-19,121090,Milan Badelj,0,0.0,0.0,0.0,0.0,0.0,0.0
2018-19,175195,Milan Skriniar,0,0.0,0.0,0.0,0.0,0.0,0.0
2018-19,286572,Milos Bocic,0,0.0,0.0,0.0,0.0,0.0,0.0
2018-19,105813,Miralem Pjanic,0,0.0,0.0,0.0,0.0,0.0,0.0
2018-19,160085,Miranda,0,0.0,0.0,0.0,0.0,0.0,0.0
2018-19,121518,Mirco Antenucci,0,0.0,0.0,0.0,0.0,0.0,0.0
2018-19,192587,Mirko Gori,0,0.0,0.0,0.0,0.0,0.0,0.0
2018-19,125000,Mirko Valdifiori,0,0.0,0.0,0.0,0.0,0.0,0.0
2018-19,175014,Mitchell Dijks,0,0.0,0.0,0.0,0.0,0.0,0.0
2018-19,276824,Mohamed Bahlouli,0,0.0,0.0,0.0,0.0,0.0,0.0
2018-19,204670,Mohamed Fares,0,0.0,0.0,0.0,0.0,0.0,0.0
2018-19,248633,Moise Kean,0,0.0,0.0,0.0,0.0,0.0,0.0
2018-19,269072,Musa Barrow,0,0.0,0.0,0.0,0.0,0.0,0.0
2018-19,278439,Musa Juwara,0,0.0,0.0,0.0,0.0,0.0,0.0
2018-19,164210,Mário Rui,0,0.0,0.0,0.0,0.0,0.0,0.0
2018-19,189800,Nehuén Paz,0,0.0,0.0,0.0,0.0,0.0,0.0
2018-19,122573,Nenad Tomovic,0,0.0,0.0,0.0,0.0,0.0,0.0
2018-19,170650,Niccolò Brighenti,0,0.0,0.0,0.0,0.0,0.0,0.0
2018-19,285154,Niccolò Ricchi,0,0.0,0.0,0.0,0.0,0.0,0.0
2018-19,256836,Nicholas Opoku,0,0.0,0.0,0.0,0.0,0.0,0.0
2018-19,267619,Nicky Medja Beloko,0,0.0,0.0,0.0,0.0,0.0,0.0
2018-19,217093,Nicola Dal Monte,0,0.0,0.0,0.0,0.0,0.0,0.0
2018-19,165485,Nicola Murru,0,0.0,0.0,0.0,0.0,0.0,0.0
2018-19,96891,Nicola Rigoni,0,0.0,0.0,0.0,0.0,0.0,0.0
2018-19,153341,Nicola Sansone,0,0.0,0.0,0.0,0.0,0.0,0.0
2018-19,120647,Nicolas Frey,0,0.0,0.0,0.0,0.0,0.0,0.0
2018-19,121592,Nicolas Nkoulou,0,0.0,0.0,0.0,0.0,0.0,0.0
2018-19,233547,Nicolás Schiappacase,0,0.0,0.0,0.0,0.0,0.0,0.0
2018-19,268798,Nicolò Armini,0,0.0,0.0,0.0,0.0,0.0,0.0
2018-19,204441,Nicolò Barella,0,0.0,0.0,0.0,0.0,0.0,0.0
2018-19,287790,Nicolò Cambiaghi,0,0.0,0.0,0.0,0.0,0.0,0.0
2018-19,276254,Nicolò Fagioli,0,0.0,0.0,0.0,0.0,0.0,0.0
2018-19,285969,Nicolò Rovella,0,0.0,0.0,0.0,0.0,0.0,0.0
2018-19,251388,Nicolò Zaniolo,0,0.0,0.0,0.0,0.0,0.0,0.0
2018-19,137830,Nikola Maksimovic,0,0.0,0.0,0.0,0.0,0.0,0.0
2018-19,238990,Nikola Milenkovic,0,0.0,0.0,0.0,0.0,0.0,0.0
2018-19,256106,Nunzio Lella,0,0.0,0.0,0.0,0.0,0.0,0.0
2018-19,166333,Nícolas Andrade,0,0.0,0.0,0.0,0.0,0.0,0.0
2018-19,283806,Oded Kaleba,0,0.0,0.0,0.0,0.0,0.0,0.0
2018-19,239040,Ognjen Stijepovic,0,0.0,0.0,0.0,0.0,0.0,0.0
2018-19,206227,Ola Aina,0,0.0,0.0,0.0,0.0,0.0,0.0
2018-19,174016,Omar Colley,0,0.0,0.0,0.0,0.0,0.0,0.0
2018-19,100094,Orestis Karnezis,0,0.0,0.0,0.0,0.0,0.0,0.0
2018-19,150646,Oscar Hiljemark,0,0.0,0.0,0.0,0.0,0.0,0.0
2018-19,286985,Pablo Moreno,0,0.0,0.0,0.0,0.0,0.0,0.0
2018-19,177560,Paolo Faragò,0,0.0,0.0,0.0,0.0,0.0,0.0
2018-19,215525,Paolo Ghiglione,0,0.0,0.0,0.0,0.0,0.0,0.0
2018-19,287576,Paolo Gozzi Iweru,0,0.0,0.0,0.0,0.0,0.0,0.0
2018-19,36803,Paolo Sammarco,0,0.0,0.0,0.0,0.0,0.0,0.0
2018-19,92043,Pasquale Schiattarella,0,0.0,0.0,0.0,0.0,0.0,0.0
2018-19,169818,Patric,0,0.0,0.0,0.0,0.0,0.0,0.0
2018-19,238885,Patrick Cutrone,0,0.0,0.0,0.0,0.0,0.0,0.0
2018-19,212330,Patrik Schick,0,0.0,0.0,0.0,0.0,0.0,0.0
2018-19,164839,Paulo Dybala,0,0.0,0.0,0.0,0.0,0.0,0.0
2018-19,238196,Pawel Jaroszynski,0,0.0,0.0,0.0,0.0,0.0,0.0
2018-19,256115,Pedro Neto,0,0.0,0.0,0.0,0.0,0.0,0.0
2018-19,224188,Pedro Pereira,0,0.0,0.0,0.0,0.0,0.0,0.0
2018-19,12910,Pepe Reina,0,0.0,0.0,0.0,0.0,0.0,0.0
2018-19,86384,Perparim Hetemaj,0,0.0,0.0,0.0,0.0,0.0,0.0
2018-19,266397,Petar Micin,0,0.0,0.0,0.0,0.0,0.0,0.0
2018-19,286366,Pier Salvati,0,0.0,0.0,0.0,0.0,0.0,0.0
2018-19,125050,Pierluigi Frattali,0,0.0,0.0,0.0,0.0,0.0,0.0
2018-19,206587,Pierluigi Gollini,0,0.0,0.0,0.0,0.0,0.0,0.0
2018-19,143100,Pietro Terracciano,0,0.0,0.0,0.0,0.0,0.0,0.0
2018-19,177782,Piotr Zielinski,0,0.0,0.0,0.0,0.0,0.0,0.0
2018-19,239918,Pol Lirola,0,0.0,0.0,0.0,0.0,0.0,0.0
2018-19,222595,Rade Krunic,0,0.0,0.0,0.0,0.0,0.0,0.0
2018-19,113107,Radja Nainggolan,0,0.0,0.0,0.0,0.0,0.0,0.0
2018-19,134307,Rafael,0,0.0,0.0,0.0,0.0,0.0,0.0
2018-19,139037,Rafael,0,0.0,0.0,0.0,0.0,0.0,0.0
2018-19,196855,Rafael Tolói,0,0.0,0.0,0.0,0.0,0.0,0.0
2018-19,144460,Raffaele Maiello,0,0.0,0.0,0.0,0.0,0.0,0.0
2018-19,37085,Ragnar Klavan,0,0.0,0.0,0.0,0.0,0.0,0.0
2018-19,178181,Raman Chibsah,0,0.0,0.0,0.0,0.0,0.0,0.0
2018-19,41970,Raúl Albiol,0,0.0,0.0,0.0,0.0,0.0,0.0
2018-19,287604,Redi Kasa,0,0.0,0.0,0.0,0.0,0.0,0.0
2018-19,152600,Remo Freuler,0,0.0,0.0,0.0,0.0,0.0,0.0
2018-19,285437,Ricardo Farcas,0,0.0,0.0,0.0,0.0,0.0,0.0
2018-19,136865,Ricardo Rodríguez,0,0.0,0.0,0.0,0.0,0.0,0.0
2018-19,263512,Riccardo Cargnelutti,0,0.0,0.0,0.0,0.0,0.0,0.0
2018-19,256880,Riccardo Daga,0,0.0,0.0,0.0,0.0,0.0,0.0
2018-19,282883,Riccardo Doratiotto,0,0.0,0.0,0.0,0.0,0.0,0.0
2018-19,188269,Riccardo Gagliolo,0,0.0,0.0,0.0,0.0,0.0,0.0
2018-19,267622,Riccardo Ladinetti,0,0.0,0.0,0.0,0.0,0.0,0.0
2018-19,46175,Riccardo Meggiorini,0,0.0,0.0,0.0,0.0,0.0,0.0
2018-19,40331,Riccardo Montolivo,0,0.0,0.0,0.0,0.0,0.0,0.0
2018-19,234426,Riccardo Orsolini,0,0.0,0.0,0.0,0.0,0.0,0.0
2018-19,127466,Riccardo Saponara,0,0.0,0.0,0.0,0.0,0.0,0.0
2018-19,205614,Rick Karsdorp,0,0.0,0.0,0.0,0.0,0.0,0.0
2018-19,159537,Riza Durmisi,0,0.0,0.0,0.0,0.0,0.0,0.0
2018-19,288779,Roberto De Angelis Durante,0,0.0,0.0,0.0,0.0,0.0,0.0
2018-19,193977,Roberto Gagliardini,0,0.0,0.0,0.0,0.0,0.0,0.0
2018-19,148833,Roberto Inglese,0,0.0,0.0,0.0,0.0,0.0,0.0
2018-19,285438,Roberto Piccoli,0,0.0,0.0,0.0,0.0,0.0,0.0
2018-19,131469,Roberto Soriano,0,0.0,0.0,0.0,0.0,0.0,0.0
2018-19,198087,Robin Gosens,0,0.0,0.0,0.0,0.0,0.0,0.0
2018-19,178176,Robin Olsen,0,0.0,0.0,0.0,0.0,0.0,0.0
2018-19,215772,Rodrigo Bentancur,0,0.0,0.0,0.0,0.0,0.0,0.0
2018-19,174466,Rodrigo De Paul,0,0.0,0.0,0.0,0.0,0.0,0.0
2018-19,137715,Rodrigo Palacio,0,0.0,0.0,0.0,0.0,0.0,0.0
2018-19,259835,Roger Ibañez,0,0.0,0.0,0.0,0.0,0.0,0.0
2018-19,228397,Rogério,0,0.0,0.0,0.0,0.0,0.0,0.0
2018-19,239431,Rok Vodisek,0,0.0,0.0,0.0,0.0,0.0,0.0
2018-19,210392,Rolando Mandragora,0,0.0,0.0,0.0,0.0,0.0,0.0
2018-19,235593,Ronaldo Vieira,0,0.0,0.0,0.0,0.0,0.0,0.0
2018-19,275944,Ryan Nolan,0,0.0,0.0,0.0,0.0,0.0,0.0
2018-19,164217,Rômulo,0,0.0,0.0,0.0,0.0,0.0,0.0
2018-19,183152,Salih Ucan,0,0.0,0.0,0.0,0.0,0.0,0.0
2018-19,155033,Salvador Ichazo,0,0.0,0.0,0.0,0.0,0.0,0.0
2018-19,263510,Salvatore Pezzella,0,0.0,0.0,0.0,0.0,0.0,0.0
2018-19,68067,Salvatore Sirigu,0,0.0,0.0,0.0,0.0,0.0,0.0
2018-19,87882,Sami Khedira,0,0.0,0.0,0.0,0.0,0.0,0.0
2018-19,199059,Samir,0,0.0,0.0,0.0,0.0,0.0,0.0
2018-19,44323,Samir Handanovic,0,0.0,0.0,0.0,0.0,0.0,0.0
2018-19,207278,Samu Castillejo,0,0.0,0.0,0.0,0.0,0.0,0.0
2018-19,217205,Samuele Perisan,0,0.0,0.0,0.0,0.0,0.0,0.0
2018-19,276822,Samuele Ricci,0,0.0,0.0,0.0,0.0,0.0,0.0
2018-19,147337,Sandro,0,0.0,0.0,0.0,0.0,0.0,0.0
2018-19,222300,Sasa Lukic,0,0.0,0.0,0.0,0.0,0.0,0.0
2018-19,92096,Sebastian De Maio,0,0.0,0.0,0.0,0.0,0.0,0.0
2018-19,286929,Sebastiano Esposito,0,0.0,0.0,0.0,0.0,0.0,0.0
2018-19,192573,Sebastiano Luperto,0,0.0,0.0,0.0,0.0,0.0,0.0
2018-19,184118,Seko Fofana,0,0.0,0.0,0.0,0.0,0.0,0.0
2018-19,121504,Senad Lulic,0,0.0,0.0,0.0,0.0,0.0,0.0
2018-19,262694,Sergej Grubac,0,0.0,0.0,0.0,0.0,0.0,0.0
2018-19,211141,Sergej Milinkovic-Savic,0,0.0,0.0,0.0,0.0,0.0,0.0
2018-19,28473,Sergio Floccari,0,0.0,0.0,0.0,0.0,0.0,0.0
2018-19,285667,Sergio Kalaj,0,0.0,0.0,0.0,0.0,0.0,0.0
2018-19,24102,Sergio Pellissier,0,0.0,0.0,0.0,0.0,0.0,0.0
2018-19,69238,Silvio Proto,0,0.0,0.0,0.0,0.0,0.0,0.0
2018-19,152412,Sime Vrsaljko,0,0.0,0.0,0.0,0.0,0.0,0.0
2018-19,109470,Simone Aresti,0,0.0,0.0,0.0,0.0,0.0,0.0
2018-19,213483,Simone Edera,0,0.0,0.0,0.0,0.0,0.0,0.0
2018-19,252927,Simone Ghidotti,0,0.0,0.0,0.0,0.0,0.0,0.0
2018-19,87175,Simone Iacoponi,0,0.0,0.0,0.0,0.0,0.0,0.0
2018-19,46026,Simone Missiroli,0,0.0,0.0,0.0,0.0,0.0,0.0
2018-19,252084,Simone Muratore,0,0.0,0.0,0.0,0.0,0.0,0.0
2018-19,105627,Simone Padoin,0,0.0,0.0,0.0,0.0,0.0,0.0
2018-19,285718,Simone Trimboli,0,0.0,0.0,0.0,0.0,0.0,0.0
2018-19,142164,Simone Verdi,0,0.0,0.0,0.0,0.0,0.0,0.0
2018-19,132580,Simone Zaza,0,0.0,0.0,0.0,0.0,0.0,0.0
2018-19,250643,Sofian Kiyine,0,0.0,0.0,0.0,0.0,0.0,0.0
2018-19,164167,Souahilo Meïté,0,0.0,0.0,0.0,0.0,0.0,0.0
2018-19,115103,Stefan Radu,0,0.0,0.0,0.0,0.0,0.0,0.0
2018-19,192453,Stefan Simic,0,0.0,0.0,0.0,0.0,0.0,0.0
2018-19,141443,Stefan de Vrij,0,0.0,0.0,0.0,0.0,0.0,0.0
2018-19,277490,Stefano Ferraresi,0,0.0,0.0,0.0,0.0,0.0,0.0
2018-19,250932,Stefano Greco,0,0.0,0.0,0.0,0.0,0.0,0.0
2018-19,57155,Stefano Okaka,0,0.0,0.0,0.0,0.0,0.0,0.0
2018-19,180927,Stefano Sensi,0,0.0,0.0,0.0,0.0,0.0,0.0
2018-19,86367,Stefano Sorrentino,0,0.0,0.0,0.0,0.0,0.0,0.0
2018-19,155014,Stefano Sturaro,0,0.0,0.0,0.0,0.0,0.0,0.0
2018-19,261399,Stefano Turati,0,0.0,0.0,0.0,0.0,0.0,0.0
2018-19,130036,Stephan El Shaarawy,0,0.0,0.0,0.0,0.0,0.0,0.0
2018-19,225549,Stephy Mavididi,0,0.0,0.0,0.0,0.0,0.0,0.0
2018-19,113290,Steven N'Zonzi,0,0.0,0.0,0.0,0.0,0.0,0.0
2018-19,270669,Strahinja Tanasijevic,0,0.0,0.0,0.0,0.0,0.0,0.0
2018-19,164800,Suso,0,0.0,0.0,0.0,0.0,0.0,0.0
2018-19,224342,Svante Ingelsson,0,0.0,0.0,0.0,0.0,0.0,0.0
2018-19,178267,Thiago Cionek,0,0.0,0.0,0.0,0.0,0.0,0.0
2018-19,286990,Thomas Battistella,0,0.0,0.0,0.0,0.0,0.0,0.0
2018-19,277443,Thomas Coulange,0,0.0,0.0,0.0,0.0,0.0,0.0
2018-19,286108,Thomas Schirò,0,0.0,0.0,0.0,0.0,0.0,0.0
2018-19,180047,Thomas Strakosha,0,0.0,0.0,0.0,0.0,0.0,0.0
2018-19,192550,Tiemoué Bakayoko,0,0.0,0.0,0.0,0.0,0.0,0.0
2018-19,197163,Timothy Castagne,0,0.0,0.0,0.0,0.0,0.0,0.0
2018-19,241397,Titas Krapikas,0,0.0,0.0,0.0,0.0,0.0,0.0
2018-19,22624,Tommaso Berni,0,0.0,0.0,0.0,0.0,0.0,0.0
2018-19,260944,Tommaso Farabegoli,0,0.0,0.0,0.0,0.0,0.0,0.0
2018-19,131245,Tomás Rincón,0,0.0,0.0,0.0,0.0,0.0,0.0
2018-19,278986,Tòfol Montiel,0,0.0,0.0,0.0,0.0,0.0,0.0
2018-19,68069,Valon Behrami,0,0.0,0.0,0.0,0.0,0.0,0.0
2018-19,141449,Valon Berisha,0,0.0,0.0,0.0,0.0,0.0,0.0
2018-19,84915,Valter Birsa,0,0.0,0.0,0.0,0.0,0.0,0.0
2018-19,131096,Vasco Regini,0,0.0,0.0,0.0,0.0,0.0,0.0
2018-19,132062,Vid Belec,0,0.0,0.0,0.0,0.0,0.0,0.0
2018-19,175244,Vincent Laurini,0,0.0,0.0,0.0,0.0,0.0,0.0
2018-19,269100,Vincenzo Millico,0,0.0,0.0,0.0,0.0,0.0,0.0
2018-19,247021,Vitalie Damascan,0,0.0,0.0,0.0,0.0,0.0,0.0
2018-19,191995,Vitor Hugo,0,0.0,0.0,0.0,0.0,0.0,0.0
2018-19,192398,Vittorio Parigini,0,0.0,0.0,0.0,0.0,0.0,0.0
2018-19,164764,Vlad Chiriches,0,0.0,0.0,0.0,0.0,0.0,0.0
2018-19,186512,Wallace,0,0.0,0.0,0.0,0.0,0.0,0.0
2018-19,286569,Wilfried Singo,0,0.0,0.0,0.0,0.0,0.0,0.0
2018-19,191507,William Troost-Ekong,0,0.0,0.0,0.0,0.0,0.0,0.0
2018-19,131634,Wojciech Szczesny,0,0.0,0.0,0.0,0.0,0.0,0.0
2018-19,279948,Zan Celar,0,0.0,0.0,0.0,0.0,0.0,0.0
2018-19,219449,Ádám Nagy,0,0.0,0.0,0.0,0.0,0.0,0.0
2018-19,209579,Álex Berenguer,0,0.0,0.0,0.0,0.0,0.0,0.0
2018-19,104440,Édgar Barreto,0,0.0,0.0,0.0,0.0,0.0,0.0
2019-20,98681,Aaron Ramsey,0,3.0,1.0,24.0,11.0,0.0,0.0
2019-20,222763,Abdou Diakhate,0,0.0,0.0,0.0,0.0,0.0,0.0
2019-20,303912,Abdoul Aziz Sare,0,0.0,0.0,0.0,0.0,0.0,0.0
2019-20,253306,Abukar Mohamed,0,0.0,0.0,0.0,0.0,0.0,0.0
2019-20,218105,Adam Marusic,0,2.0,1.0,15.0,10.0,0.0,0.0
2019-20,164180,Adama Soumaoro,0,1.0,0.0,8.0,7.0,0.0,0.0
2019-20,176203,Adrien Rabiot,0,1.0,1.0,28.0,21.0,0.0,0.0
2019-20,159324,Adrien Tamèze,0,0.0,0.0,7.0,2.0,0.0,0.0
2019-20,291364,Aimone Cali,0,0.0,0.0,0.0,0.0,0.0,0.0
2019-20,194566,Alan Empereur,0,0.0,0.0,13.0,8.0,0.0,0.0
2019-20,184881,Alberto Cerri,0,2.0,0.0,19.0,6.0,0.0,0.0
2019-20,209869,Alberto Grassi,0,1.0,1.0,16.0,6.0,0.0,0.0
2019-20,113899,Alberto Paloschi,0,0.0,0.0,17.0,6.0,0.0,0.0
2019-20,120652,Albin Ekdal,0,0.0,2.0,32.0,27.0,0.0,0.0
2019-20,149578,Alejandro Gómez,0,7.0,16.0,36.0,34.0,0.0,0.0
2019-20,260005,Aleksa Terzic,0,0.0,0.0,2.0,0.0,0.0,0.0
2019-20,103939,Aleksandar Kolarov,0,7.0,3.0,32.0,30.0,0.0,0.0
2019-20,179195,Alen Halilovic,0,0.0,0.0,0.0,0.0,0.0,0.0
2019-20,222798,Ales Mateju,0,0.0,1.0,31.0,28.0,0.0,0.0
2019-20,249280,Alessandro Bastoni,0,2.0,0.0,25.0,21.0,0.0,0.0
2019-20,144453,Alessandro Berardi,0,0.0,0.0,0.0,0.0,0.0,0.0
2019-20,186437,Alessandro Deiola,0,1.0,1.0,11.0,8.0,0.0,0.0
2019-20,158145,Alessandro Florenzi,0,0.0,1.0,14.0,12.0,0.0,0.0
2019-20,276688,Alessandro Lombardi,0,0.0,0.0,0.0,0.0,0.0,0.0
2019-20,303909,Alessandro Mercati,0,0.0,0.0,0.0,0.0,0.0,0.0
2019-20,212505,Alessandro Murgia,0,0.0,1.0,25.0,19.0,0.0,0.0
2019-20,276823,Alessandro Russo,0,0.0,0.0,0.0,0.0,0.0,0.0
2019-20,291039,Alessandro Sala,0,0.0,0.0,0.0,0.0,0.0,0.0
2019-20,183436,Alessandro Semprini,0,1.0,0.0,12.0,6.0,0.0,0.0
2019-20,275991,Alessandro Tripaldelli,0,0.0,0.0,2.0,1.0,0.0,0.0
2019-20,165768,Alessio Cragno,0,0.0,0.0,16.0,16.0,0.0,0.0
2019-20,263514,Alessio Riccardi,0,0.0,0.0,0.0,0.0,0.0,0.0
2019-20,177816,Alessio Romagnoli,0,1.0,0.0,35.0,35.0,0.0,0.0
2019-20,214186,Alessio da Cruz,0,0.0,0.0,0.0,0.0,0.0,0.0
2019-20,186302,Alex Ferrari,0,0.0,0.0,12.0,11.0,0.0,0.0
2019-20,209746,Alex Meret,0,0.0,0.0,23.0,22.0,0.0,0.0
2019-20,125514,Alex Sandro,0,1.0,3.0,29.0,27.0,0.0,0.0
2019-20,271132,Alexis Saelemaekers,0,1.0,0.0,13.0,6.0,0.0,0.0
2019-20,92055,Alexis Sánchez,0,4.0,8.0,22.0,10.0,0.0,0.0
2019-20,173282,Alfred Duncan,0,2.0,6.0,26.0,20.0,0.0,0.0
2019-20,166476,Alfredo Donnarumma,0,7.0,2.0,31.0,20.0,0.0,0.0
2019-20,143883,Allan,0,2.0,1.0,23.0,16.0,0.0,0.0
2019-20,298407,Altin Kryeziu,0,0.0,0.0,0.0,0.0,0.0,0.0
2019-20,228561,Aly Mallé,0,0.0,0.0,0.0,0.0,0.0,0.0
2019-20,291630,Amad Diallo,0,1.0,0.0,3.0,0.0,0.0,0.0
2019-20,224418,Amadou Diawara,0,1.0,1.0,22.0,19.0,0.0,0.0
2019-20,172295,Amin Younes,0,1.0,0.0,9.0,1.0,0.0,0.0
2019-20,205576,Amir Rrahmani,0,0.0,1.0,36.0,36.0,0.0,0.0
2019-20,286317,Andrea Adorante,0,0.0,0.0,0.0,0.0,0.0,0.0
2019-20,170755,Andrea Belotti,0,16.0,3.0,36.0,34.0,0.0,0.0
2019-20,132069,Andrea Bertolacci,0,0.0,0.0,12.0,8.0,0.0,0.0
2019-20,28527,Andrea Capone,0,0.0,0.0,0.0,0.0,0.0,0.0
2019-20,301278,Andrea Carboni,0,0.0,0.0,7.0,5.0,0.0,0.0
2019-20,277455,Andrea Cisco,0,0.0,0.0,0.0,0.0,0.0,0.0
2019-20,214448,Andrea Cistana,0,1.0,0.0,21.0,21.0,0.0,0.0
2019-20,65400,Andrea Consigli,0,0.0,0.0,31.0,31.0,0.0,0.0
2019-20,143530,Andrea Conti,0,0.0,2.0,23.0,21.0,0.0,0.0
2019-20,261481,Andrea Danzi,0,0.0,0.0,1.0,0.0,0.0,0.0
2019-20,214765,Andrea Favilli,0,0.0,0.0,20.0,7.0,0.0,0.0
2019-20,291355,Andrea Ghezzi,0,0.0,0.0,5.0,0.0,0.0,0.0
2019-20,288788,Andrea Ghion,0,0.0,0.0,3.0,0.0,0.0,0.0
2019-20,41781,Andrea Masiello,0,0.0,1.0,22.0,22.0,0.0,0.0
2019-20,303576,Andrea Papetti,0,1.0,0.0,11.0,10.0,0.0,0.0
2019-20,181098,Andrea Petagna,0,12.0,1.0,36.0,33.0,0.0,0.0
2019-20,239086,Andrea Pinamonti,0,5.0,1.0,32.0,23.0,0.0,0.0
2019-20,104451,Andrea Poli,0,2.0,0.0,28.0,22.0,0.0,0.0
2019-20,89307,Andrea Ranocchia,0,0.0,0.0,7.0,5.0,0.0,0.0
2019-20,125005,Andrea Rispoli,0,0.0,0.0,28.0,20.0,0.0,0.0
2019-20,123552,Andrea Seculin,0,0.0,0.0,0.0,0.0,0.0,0.0
2019-20,176668,Andreas Cornelius,0,12.0,3.0,26.0,17.0,0.0,0.0
2019-20,259707,Andreas Skov Olsen,0,1.0,0.0,26.0,7.0,0.0,0.0
2019-20,144720,Andrei Radu,0,0.0,1.0,17.0,17.0,0.0,0.0
2019-20,298404,Andri Fannar Baldursson,0,0.0,0.0,7.0,0.0,0.0,0.0
2019-20,278462,André Anderson ,0,0.0,0.0,6.0,0.0,0.0,0.0
2019-20,125073,Angelo da Costa,0,0.0,0.0,1.0,1.0,0.0,0.0
2019-20,163794,Ante Rebic,0,11.0,3.0,26.0,15.0,0.0,0.0
2019-20,217057,Anton Kresic,0,0.0,0.0,0.0,0.0,0.0,0.0
2019-20,69968,Antonino Barilla,0,1.0,2.0,26.0,20.0,0.0,0.0
2019-20,277441,Antonino Gallo,0,0.0,0.0,0.0,0.0,0.0,0.0
2019-20,201365,Antonio Barreca,0,0.0,1.0,18.0,11.0,0.0,0.0
2019-20,104478,Antonio Candreva,0,5.0,7.0,32.0,24.0,0.0,0.0
2019-20,148532,Antonio Donnarumma,0,0.0,0.0,0.0,0.0,0.0,0.0
2019-20,218408,Antonio La Gumina,0,0.0,0.0,5.0,2.0,0.0,0.0
2019-20,290544,Antonio Mionic,0,0.0,0.0,0.0,0.0,0.0,0.0
2019-20,104452,Antonio Mirante,0,0.0,0.0,5.0,5.0,0.0,0.0
2019-20,282610,Antonio Pio Daniele,0,0.0,0.0,0.0,0.0,0.0,0.0
2019-20,11987,Antonio Rosati,0,0.0,0.0,1.0,1.0,0.0,0.0
2019-20,192162,Antonio Sanabria,0,6.0,2.0,24.0,16.0,0.0,0.0
2019-20,152345,Antonio Santurro,0,0.0,0.0,0.0,0.0,0.0,0.0
2019-20,230664,Antonín Barák,0,2.0,1.0,24.0,16.0,0.0,0.0
2019-20,292197,Aristidi Kolaj,0,0.0,0.0,0.0,0.0,0.0,0.0
2019-20,179359,Arkadiusz Milik,0,11.0,0.0,26.0,19.0,0.0,0.0
2019-20,275152,Arkadiusz Reca,0,0.0,2.0,25.0,22.0,0.0,0.0
2019-20,165490,Armando Izzo,0,1.0,0.0,31.0,30.0,0.0,0.0
2019-20,133688,Artur Ionita,0,0.0,2.0,34.0,21.0,0.0,0.0
2019-20,194758,Arturo Calabresi,0,0.0,0.0,0.0,0.0,0.0,0.0
2019-20,31810,Ashley Young,0,4.0,4.0,18.0,13.0,0.0,0.0
2019-20,92885,Asmir Begovic,0,0.0,0.0,2.0,1.0,0.0,0.0
2019-20,302575,Augustas Dubickas,0,0.0,0.0,0.0,0.0,0.0,0.0
2019-20,299992,Augustinas Klimavicius,0,0.0,0.0,0.0,0.0,0.0,0.0
2019-20,239084,Axel Bakayoko,0,0.0,0.0,0.0,0.0,0.0,0.0
2019-20,220853,Bartlomiej Dragowski,0,0.0,0.0,31.0,31.0,0.0,0.0
2019-20,176726,Bartosz Bereszynski,0,0.0,0.0,28.0,27.0,0.0,0.0
2019-20,125004,Bartosz Salamon,0,0.0,0.0,7.0,3.0,0.0,0.0
2019-20,204602,Bastos,0,1.0,0.0,16.0,6.0,0.0,0.0
2019-20,165291,Berat Djimsiti,0,2.0,1.0,34.0,32.0,0.0,0.0
2019-20,303920,Bernardo Calabrese,0,0.0,0.0,0.0,0.0,0.0,0.0
2019-20,177879,Biagio Meccariello,0,1.0,0.0,14.0,8.0,0.0,0.0
2019-20,72945,Birkir Bjarnason,0,0.0,1.0,13.0,9.0,0.0,0.0
2019-20,85010,Blaise Matuidi,0,0.0,2.0,35.0,23.0,0.0,0.0
2019-20,291038,Bobby Adekanye,0,1.0,0.0,11.0,0.0,0.0,0.0
2019-20,289841,Bobby Duncan,0,0.0,0.0,1.0,1.0,0.0,0.0
2019-20,301681,Bogdan Jocic,0,0.0,0.0,0.0,0.0,0.0,0.0
2019-20,224187,Boris Radunovic,0,0.0,0.0,3.0,3.0,0.0,0.0
2019-20,71702,Borja Valero,0,2.0,0.0,19.0,9.0,0.0,0.0
2019-20,275406,Bosko Sutalo,0,0.0,0.0,7.0,3.0,0.0,0.0
2019-20,297197,Botond Balogh,0,0.0,0.0,0.0,0.0,0.0,0.0
2019-20,140350,Bram Nuytinck,0,0.0,0.0,26.0,26.0,0.0,0.0
2019-20,270238,Brayan Vera,0,0.0,1.0,8.0,1.0,0.0,0.0
2019-20,258307,Bremer,0,3.0,1.0,27.0,27.0,0.0,0.0
2019-20,300000,Brian Oddei,0,0.0,0.0,0.0,0.0,0.0,0.0
2019-20,35997,Bruno Alves,0,0.0,0.0,33.0,31.0,0.0,0.0
2019-20,151685,Bruno Martella,0,0.0,0.0,24.0,13.0,0.0,0.0
2019-20,148321,Bruno Peres,0,2.0,2.0,16.0,12.0,0.0,0.0
2019-20,169213,Bryan Cristante,0,1.0,3.0,26.0,18.0,0.0,0.0
2019-20,147493,Bryan Dabo,0,1.0,4.0,16.0,13.0,0.0,0.0
2019-20,284081,Caleb Okoli,0,0.0,0.0,0.0,0.0,0.0,0.0
2019-20,261468,Carles Pérez,0,1.0,3.0,14.0,5.0,0.0,0.0
2019-20,121036,Carlo Pinsoglio,0,0.0,0.0,1.0,0.0,0.0,0.0
2019-20,239706,Cengiz Ünder,0,3.0,0.0,18.0,10.0,0.0,0.0
2019-20,303911,Cesare Galeotti,0,0.0,0.0,0.0,0.0,0.0,0.0
2019-20,170670,Charalampos Lykogiannis,0,0.0,1.0,20.0,14.0,0.0,0.0
2019-20,123605,Chris Smalling,0,3.0,2.0,30.0,29.0,0.0,0.0
2019-20,303897,Christian Celesia,0,0.0,0.0,1.0,0.0,0.0,0.0
2019-20,297232,Christian Dalle Mura,0,0.0,0.0,1.0,0.0,0.0,0.0
2019-20,144130,Christian Eriksen,0,1.0,2.0,17.0,8.0,0.0,0.0
2019-20,241415,Christian Kouamé,0,6.0,3.0,18.0,13.0,0.0,0.0
2019-20,270486,Christian Oliva,0,1.0,1.0,11.0,4.0,0.0,0.0
2019-20,304075,Christian Pierobon,0,0.0,0.0,0.0,0.0,0.0,0.0
2019-20,130123,Ciro Immobile,0,36.0,9.0,37.0,36.0,0.0,0.0
2019-20,233526,Claud Adjapong,0,0.0,0.0,5.0,2.0,0.0,0.0
2019-20,68522,Cristian Ansaldi,0,4.0,4.0,27.0,21.0,0.0,0.0
2019-20,291591,Cristian Cauz,0,0.0,0.0,0.0,0.0,0.0,0.0
2019-20,224065,Cristian Dell'Orco,0,0.0,1.0,14.0,11.0,0.0,0.0
2019-20,96970,Cristian Romero,0,1.0,1.0,30.0,30.0,0.0,0.0
2019-20,152044,Cristiano Biraghi,0,2.0,6.0,26.0,18.0,0.0,0.0
2019-20,22774,Cristiano Ronaldo,0,31.0,5.0,33.0,33.0,0.0,0.0
2019-20,73101,Cristián Zapata,0,1.0,0.0,20.0,19.0,0.0,0.0
2019-20,193376,César Falletti,0,0.0,0.0,0.0,0.0,0.0,0.0
2019-20,221849,Dalbert,0,0.0,5.0,31.0,29.0,0.0,0.0
2019-20,252052,Daniel Fuzato,0,0.0,0.0,1.0,1.0,0.0,0.0
2019-20,290545,Daniel Maldini,0,0.0,0.0,2.0,0.0,0.0,0.0
2019-20,162604,Daniele Baselli,0,0.0,2.0,16.0,16.0,0.0,0.0
2019-20,50431,Daniele Dessena,0,2.0,0.0,24.0,22.0,0.0,0.0
2019-20,31185,Daniele Gastaldello,0,0.0,0.0,8.0,4.0,0.0,0.0
2019-20,93816,Daniele Padelli,0,0.0,0.0,3.0,3.0,0.0,0.0
2019-20,115026,Daniele Ragatzu,0,1.0,0.0,13.0,2.0,0.0,0.0
2019-20,181673,Daniele Rugani,0,0.0,0.0,10.0,7.0,0.0,0.0
2019-20,170369,Danilo,0,2.0,0.0,22.0,16.0,0.0,0.0
2019-20,99236,Danilo,0,2.0,0.0,30.0,30.0,0.0,0.0
2019-20,178627,Danilo Cataldi,0,1.0,0.0,21.0,3.0,0.0,0.0
2019-20,91776,Danilo D'Ambrosio,0,4.0,0.0,22.0,15.0,0.0,0.0
2019-20,276694,Daouda Peeters,0,0.0,0.0,1.0,0.0,0.0,0.0
2019-20,126752,Darko Lazovic,0,3.0,7.0,38.0,37.0,0.0,0.0
2019-20,290122,David Heidenreich,0,0.0,0.0,0.0,0.0,0.0,0.0
2019-20,121842,David Ospina,0,0.0,0.0,17.0,17.0,0.0,0.0
2019-20,173394,Davide Biraschi,0,0.0,1.0,24.0,22.0,0.0,0.0
2019-20,194747,Davide Calabria,0,1.0,1.0,25.0,16.0,0.0,0.0
2019-20,113572,Davide Faraoni,0,5.0,3.0,36.0,36.0,0.0,0.0
2019-20,121811,Davide Santon,0,0.0,0.0,15.0,7.0,0.0,0.0
2019-20,182627,Davide Zappacosta,0,0.0,1.0,10.0,4.0,0.0,0.0
2019-20,204877,Deian Boldor,0,0.0,0.0,0.0,0.0,0.0,0.0
2019-20,272695,Dejan Kulusevski,0,10.0,8.0,36.0,33.0,0.0,0.0
2019-20,250460,Demba Thiam,0,0.0,0.0,2.0,2.0,0.0,0.0
2019-20,298636,Denilho Cleonise,0,0.0,0.0,4.0,0.0,0.0,0.0
2019-20,298403,Denis Portanova,0,0.0,0.0,0.0,0.0,0.0,0.0
2019-20,191176,Denis Vavro,0,0.0,0.0,11.0,1.0,0.0,0.0
2019-20,304199,Diego Abbrandini,0,0.0,0.0,0.0,0.0,0.0,0.0
2019-20,154407,Diego Demme,0,1.0,0.0,15.0,10.0,0.0,0.0
2019-20,123492,Diego Farias,0,2.0,0.0,18.0,7.0,0.0,0.0
2019-20,104564,Diego Godín,0,1.0,1.0,23.0,18.0,0.0,0.0
2019-20,178116,Diego Laxalt,0,0.0,1.0,20.0,5.0,0.0,0.0
2019-20,113720,Diego Perotti,0,5.0,3.0,21.0,10.0,0.0,0.0
2019-20,210113,Dimitri Bisoli,0,1.0,1.0,25.0,24.0,0.0,0.0
2019-20,303108,Dion Ruffo Luci,0,0.0,0.0,1.0,0.0,0.0,0.0
2019-20,193765,Djavan Anderson,0,0.0,0.0,6.0,2.0,0.0,0.0
2019-20,137436,Dodô,0,0.0,0.0,0.0,0.0,0.0,0.0
2019-20,173817,Domenico Berardi,0,14.0,10.0,31.0,29.0,0.0,0.0
2019-20,104369,Domenico Criscito,0,8.0,0.0,26.0,24.0,0.0,0.0
2019-20,127502,Douglas Costa,0,1.0,4.0,23.0,7.0,0.0,0.0
2019-20,89687,Dries Mertens,0,9.0,7.0,31.0,18.0,0.0,0.0
2019-20,281531,Drissa Camara,0,0.0,0.0,0.0,0.0,0.0,0.0
2019-20,235677,Dusan Vlahovic,0,6.0,0.0,30.0,13.0,0.0,0.0
2019-20,193644,Duván Zapata,0,18.0,6.0,28.0,25.0,0.0,0.0
2019-20,257786,Dávid Hancko,0,0.0,0.0,0.0,0.0,0.0,0.0
2019-20,287077,Ebrima Colley,0,0.0,1.0,5.0,0.0,0.0,0.0
2019-20,298409,Ebrima Darboe,0,0.0,0.0,0.0,0.0,0.0,0.0
2019-20,261402,Eddie Salcedo,0,1.0,0.0,17.0,7.0,0.0,0.0
2019-20,102337,Edin Dzeko,0,16.0,7.0,35.0,31.0,0.0,0.0
2019-20,290792,Edoardo Corvi,0,0.0,0.0,0.0,0.0,0.0,0.0
2019-20,181060,Edoardo Goldaniga,0,1.0,0.0,13.0,8.0,0.0,0.0
2019-20,290070,Edoardo Vergani,0,0.0,0.0,0.0,0.0,0.0,0.0
2019-20,237435,Eljif Elmas,0,1.0,1.0,26.0,12.0,0.0,0.0
2019-20,167601,Elseid Hysaj,0,1.0,2.0,20.0,17.0,0.0,0.0
2019-20,224757,Emanuele Ndoj,0,0.0,0.0,18.0,6.0,0.0,0.0
2019-20,272891,Emanuele Torrasi,0,0.0,0.0,0.0,0.0,0.0,0.0
2019-20,287403,Emerson Espinoza,0,0.0,0.0,0.0,0.0,0.0,0.0
2019-20,207834,Emil Audero,0,0.0,0.0,36.0,36.0,0.0,0.0
2019-20,271439,Emiliano Gomez,0,0.0,0.0,0.0,0.0,0.0,0.0
2019-20,276690,Emin Ghazoini,0,0.0,0.0,0.0,0.0,0.0,0.0
2019-20,141384,Emmanuel Badu,0,0.0,0.0,10.0,2.0,0.0,0.0
2019-20,242439,Emmanuel Latte Lath,0,0.0,0.0,0.0,0.0,0.0,0.0
2019-20,234694,Emmanuele Matino,0,0.0,0.0,0.0,0.0,0.0,0.0
2019-20,40716,Enrico Alfonso,0,0.0,0.0,4.0,4.0,0.0,0.0
2019-20,241355,Enrico Bearzotti,0,0.0,0.0,0.0,0.0,0.0,0.0
2019-20,304181,Enrico Oviszach,0,0.0,0.0,0.0,0.0,0.0,0.0
2019-20,291255,Eric Lirussi,0,0.0,0.0,0.0,0.0,0.0,0.0
2019-20,202533,Erick Pulgar,0,7.0,6.0,37.0,32.0,0.0,0.0
2019-20,183581,Ernesto Torregrossa,0,7.0,3.0,25.0,22.0,0.0,0.0
2019-20,131346,Ervin Zukanovic,0,0.0,0.0,3.0,2.0,0.0,0.0
2019-20,125312,Etrit Berisha,0,0.0,0.0,26.0,26.0,0.0,0.0
2019-20,304020,Eugenio Bracelli,0,0.0,0.0,0.0,0.0,0.0,0.0
2019-20,140931,Fabio Borini,0,3.0,0.0,16.0,10.0,0.0,0.0
2019-20,233409,Fabio Depaoli,0,0.0,1.0,29.0,21.0,0.0,0.0
2019-20,303918,Fabio Gonella,0,0.0,0.0,0.0,0.0,0.0,0.0
2019-20,142622,Fabio Lucioni,0,3.0,0.0,36.0,36.0,0.0,0.0
2019-20,135039,Fabio Pisacane,0,1.0,0.0,30.0,28.0,0.0,0.0
2019-20,302131,Fabio Porru,0,0.0,0.0,0.0,0.0,0.0,0.0
2019-20,19667,Fabio Quagliarella,0,11.0,3.0,28.0,26.0,0.0,0.0
2019-20,214596,Fabián Ruiz,0,3.0,6.0,33.0,30.0,0.0,0.0
2019-20,251774,Fabrizio Brignani,0,0.0,0.0,0.0,0.0,0.0,0.0
2019-20,287375,Fallou Njie,0,0.0,0.0,0.0,0.0,0.0,0.0
2019-20,152260,Faouzi Ghoulam,0,0.0,1.0,9.0,3.0,0.0,0.0
2019-20,180956,Federico Bernardeschi,0,1.0,1.0,29.0,19.0,0.0,0.0
2019-20,197062,Federico Bonazzoli,0,6.0,0.0,19.0,7.0,0.0,0.0
2019-20,283833,Federico Bonini,0,0.0,0.0,1.0,0.0,0.0,0.0
2019-20,272733,Federico Brancolini,0,0.0,0.0,1.0,0.0,0.0,0.0
2019-20,153315,Federico Ceccherini,0,0.0,0.0,15.0,8.0,0.0,0.0
2019-20,234306,Federico Chiesa,0,10.0,6.0,34.0,31.0,0.0,0.0
2019-20,185463,Federico Di Francesco,0,2.0,0.0,20.0,13.0,0.0,0.0
2019-20,194748,Federico Dimarco,0,0.0,3.0,16.0,5.0,0.0,0.0
2019-20,97425,Federico Fazio,0,1.0,0.0,16.0,14.0,0.0,0.0
2019-20,277186,Federico Giraudo,0,0.0,0.0,0.0,0.0,0.0,0.0
2019-20,116478,Federico Marchetti,0,0.0,0.0,0.0,0.0,0.0,0.0
2019-20,303902,Federico Marigosu,0,0.0,0.0,2.0,0.0,0.0,0.0
2019-20,202334,Federico Mattiello,0,0.0,1.0,18.0,9.0,0.0,0.0
2019-20,116297,Federico Peluso,0,0.0,2.0,23.0,17.0,0.0,0.0
2019-20,152125,Federico Santander,0,1.0,0.0,24.0,5.0,0.0,0.0
2019-20,296527,Federico Zanchetta,0,0.0,0.0,0.0,0.0,0.0,0.0
2019-20,276550,Felice D'Amico,0,0.0,0.0,2.0,0.0,0.0,0.0
2019-20,24978,Felipe,0,0.0,0.0,15.0,11.0,0.0,0.0
2019-20,98025,Felipe Caicedo,0,9.0,2.0,30.0,18.0,0.0,0.0
2019-20,46912,Fernando Llorente,0,3.0,1.0,17.0,3.0,0.0,0.0
2019-20,189670,Filip Bradaric,0,0.0,0.0,0.0,0.0,0.0,0.0
2019-20,137076,Filip Djuricic,0,5.0,5.0,29.0,19.0,0.0,0.0
2019-20,239756,Filip Jagiello,0,0.0,2.0,11.0,6.0,0.0,0.0
2019-20,289560,Filip Stankovic,0,0.0,0.0,0.0,0.0,0.0,0.0
2019-20,154303,Filippo Falco,0,4.0,6.0,30.0,24.0,0.0,0.0
2019-20,304200,Filippo Petrarca,0,0.0,0.0,0.0,0.0,0.0,0.0
2019-20,202335,Filippo Romagna,0,0.0,0.0,18.0,16.0,0.0,0.0
2019-20,303919,Filippo Terracciano,0,0.0,0.0,0.0,0.0,0.0,0.0
2019-20,304426,Flavio Junior Bianchi,0,0.0,0.0,0.0,0.0,0.0,0.0
2019-20,223325,Florian Ayé,0,0.0,0.0,22.0,15.0,0.0,0.0
2019-20,148842,Francesco Acerbi,0,2.0,2.0,36.0,36.0,0.0,0.0
2019-20,125475,Francesco Caputo,0,21.0,7.0,36.0,33.0,0.0,0.0
2019-20,236165,Francesco Cassata,0,2.0,0.0,24.0,18.0,0.0,0.0
2019-20,24100,Francesco Magnanelli,0,0.0,0.0,22.0,15.0,0.0,0.0
2019-20,291256,Francesco Mazzolo,0,0.0,0.0,0.0,0.0,0.0,0.0
2019-20,89216,Francesco Rossi,0,0.0,0.0,1.0,0.0,0.0,0.0
2019-20,186400,Francesco Vicari,0,0.0,0.0,34.0,33.0,0.0,0.0
2019-20,194711,Franck Kessié,0,4.0,1.0,35.0,33.0,0.0,0.0
2019-20,42968,Franck Ribéry,0,3.0,3.0,21.0,19.0,0.0,0.0
2019-20,155156,Gabriel,0,0.0,0.0,34.0,34.0,0.0,0.0
2019-20,302072,Gabriel Boloca,0,0.0,0.0,0.0,0.0,0.0,0.0
2019-20,255247,Gabriel Strefezza,0,1.0,2.0,32.0,24.0,0.0,0.0
2019-20,300009,Gabriele Artistico,0,0.0,0.0,0.0,0.0,0.0,0.0
2019-20,276655,Gabriele Capanni,0,0.0,0.0,0.0,0.0,0.0,0.0
2019-20,261401,Gabriele Corbo,0,0.0,0.0,2.0,1.0,0.0,0.0
2019-20,262479,Gabriele Gori,0,0.0,0.0,0.0,0.0,0.0,0.0
2019-20,210230,Gaetano Castrovilli,0,3.0,2.0,33.0,31.0,0.0,0.0
2019-20,147341,Gary Medel,0,0.0,0.0,23.0,22.0,0.0,0.0
2019-20,156228,Gastón Brugman,0,0.0,2.0,23.0,17.0,0.0,0.0
2019-20,183507,Gastón Pereiro,0,1.0,0.0,10.0,4.0,0.0,0.0
2019-20,130591,Gastón Ramírez,0,7.0,2.0,26.0,19.0,0.0,0.0
2019-20,275526,Georgi Tunjov,0,0.0,0.0,10.0,3.0,0.0,0.0
2019-20,213207,Georgios Kyriakopoulos,0,0.0,1.0,26.0,17.0,0.0,0.0
2019-20,138341,Germán Pezzella,0,3.0,1.0,33.0,33.0,0.0,0.0
2019-20,102192,Gervinho,0,7.0,4.0,31.0,27.0,0.0,0.0
2019-20,113667,Giacomo Bonaventura,0,3.0,5.0,29.0,13.0,0.0,0.0
2019-20,260975,Giacomo Manzari,0,0.0,0.0,3.0,0.0,0.0,0.0
2019-20,303814,Giacomo Olzer,0,0.0,0.0,0.0,0.0,0.0,0.0
2019-20,271679,Giacomo Raspadori,0,2.0,0.0,11.0,2.0,0.0,0.0
2019-20,234305,Giacomo Satalino,0,0.0,0.0,0.0,0.0,0.0,0.0
2019-20,250685,Giacomo Vrioni,0,0.0,0.0,1.0,0.0,0.0,0.0
2019-20,31100,Giampaolo Pazzini,0,4.0,0.0,15.0,1.0,0.0,0.0
2019-20,207823,Gian Marco Ferrari,0,0.0,1.0,23.0,21.0,0.0,0.0
2019-20,199989,Giangiacomo Magnani,0,1.0,0.0,10.0,2.0,0.0,0.0
2019-20,156792,Gianluca Caprari,0,5.0,0.0,30.0,12.0,0.0,0.0
2019-20,251775,Gianluca Frabotta,0,0.0,0.0,1.0,1.0,0.0,0.0
2019-20,144668,Gianluca Lapadula,0,11.0,0.0,25.0,20.0,0.0,0.0
2019-20,212597,Gianluca Mancini,0,1.0,0.0,32.0,31.0,0.0,0.0
2019-20,104359,Gianluca Pegolo,0,0.0,0.0,5.0,5.0,0.0,0.0
2019-20,12947,Gianluigi Buffon,0,0.0,0.0,9.0,9.0,0.0,0.0
2019-20,217092,Gianluigi Donnarumma,0,0.0,0.0,37.0,37.0,0.0,0.0
2019-20,279955,Gianmarco Cangiano,0,0.0,0.0,3.0,0.0,0.0,0.0
2019-20,24836,Giorgio Chiellini,0,1.0,0.0,4.0,3.0,0.0,0.0
2019-20,155904,Giovanni Di Lorenzo,0,3.0,3.0,33.0,33.0,0.0,0.0
2019-20,189974,Giovanni Simeone,0,12.0,3.0,37.0,34.0,0.0,0.0
2019-20,143517,Giulio Donati,0,1.0,0.0,20.0,20.0,0.0,0.0
2019-20,303910,Giuseppe Aurelio,0,0.0,0.0,0.0,0.0,0.0,0.0
2019-20,277396,Giuseppe Carriero,0,0.0,0.0,0.0,0.0,0.0,0.0
2019-20,292387,Giuseppe Ciocci,0,0.0,0.0,0.0,0.0,0.0,0.0
2019-20,224249,Giuseppe Pezzella,0,0.0,0.0,23.0,9.0,0.0,0.0
2019-20,196905,Godfred Donsah,0,0.0,0.0,0.0,0.0,0.0,0.0
2019-20,67310,Gonzalo Higuaín,0,8.0,4.0,32.0,20.0,0.0,0.0
2019-20,224098,Gonzalo Maroni,0,0.0,1.0,5.0,1.0,0.0,0.0
2019-20,273424,Gonzalo Villar,0,0.0,0.0,9.0,2.0,0.0,0.0
2019-20,23743,Goran Pandev,0,9.0,1.0,34.0,18.0,0.0,0.0
2019-20,156883,Grégoire Defrel,0,3.0,3.0,17.0,9.0,0.0,0.0
2019-20,180258,Guido Guerrieri,0,0.0,0.0,0.0,0.0,0.0,0.0
2019-20,170785,Hakan Çalhanoglu,0,9.0,9.0,35.0,34.0,0.0,0.0
2019-20,257058,Hamed Traoré,0,4.0,1.0,31.0,20.0,0.0,0.0
2019-20,193448,Hans Hateboer,0,0.0,4.0,32.0,25.0,0.0,0.0
2019-20,147625,Henrikh Mkhitaryan,0,9.0,5.0,22.0,16.0,0.0,0.0
2019-20,198980,Hernani,0,0.0,4.0,32.0,27.0,0.0,0.0
2019-20,208840,Hidde ter Avest,0,0.0,0.0,20.0,6.0,0.0,0.0
2019-20,200161,Hirving Lozano,0,4.0,1.0,26.0,10.0,0.0,0.0
2019-20,290830,Hubert Dawid Idasiak,0,0.0,0.0,0.0,0.0,0.0,0.0
2019-20,125491,Iago Falque,0,2.0,1.0,14.0,7.0,0.0,0.0
2019-20,175009,Ibrahima Mbaye,0,0.0,3.0,20.0,16.0,0.0,0.0
2019-20,234143,Igor Julio,0,0.0,1.0,26.0,21.0,0.0,0.0
2019-20,300001,Ilario Monterisi,0,0.0,0.0,1.0,0.0,0.0,0.0
2019-20,176611,Ilija Nestorovski,0,3.0,1.0,28.0,15.0,0.0,0.0
2019-20,303903,Isaias Del Pupo,0,0.0,0.0,0.0,0.0,0.0,0.0
2019-20,214891,Ismaël Bennacer,0,1.0,0.0,31.0,28.0,0.0,0.0
2019-20,299999,Iulius Marginean,0,0.0,0.0,0.0,0.0,0.0,0.0
2019-20,114589,Ivan Radovanovic,0,0.0,1.0,19.0,15.0,0.0,0.0
2019-20,298879,Jacopo Da Riva,0,0.0,0.0,1.0,0.0,0.0,0.0
2019-20,299998,Jacopo Pellegrini,0,0.0,0.0,0.0,0.0,0.0,0.0
2019-20,211773,Jacopo Petriccione,0,0.0,5.0,31.0,24.0,0.0,0.0
2019-20,144734,Jacopo Sala,0,0.0,0.0,16.0,9.0,0.0,0.0
2019-20,303914,Jakub Iskra,0,0.0,0.0,2.0,0.0,0.0,0.0
2019-20,210389,Jakub Jankto,0,2.0,4.0,30.0,25.0,0.0,0.0
2019-20,295990,Jan Kubala,0,0.0,0.0,0.0,0.0,0.0,0.0
2019-20,218208,Jaromír Zmrhal,0,2.0,0.0,21.0,11.0,0.0,0.0
2019-20,154715,Jasmin Kurtic,0,4.0,1.0,36.0,34.0,0.0,0.0
2019-20,301444,Jaume Cuéllar,0,0.0,0.0,2.0,1.0,0.0,0.0
2019-20,102829,Javier Pastore,0,0.0,1.0,11.0,5.0,0.0,0.0
2019-20,290075,Jean Freddi Greco,0,0.0,0.0,0.0,0.0,0.0,0.0
2019-20,258909,Jeff Chabot,0,1.0,0.0,8.0,7.0,0.0,0.0
2019-20,238407,Jens Odgaard,0,0.0,0.0,0.0,0.0,0.0,0.0
2019-20,193186,Jens Stryger Larsen,0,1.0,3.0,33.0,32.0,0.0,0.0
2019-20,239998,Jerdy Schouten,0,0.0,0.0,19.0,13.0,0.0,0.0
2019-20,186024,Jeremy Toljan,0,1.0,2.0,29.0,25.0,0.0,0.0
2019-20,170397,Jesse Joronen,0,0.0,0.0,30.0,30.0,0.0,0.0
2019-20,153640,Jhon Chancellor,0,3.0,0.0,26.0,26.0,0.0,0.0
2019-20,195638,Joaquín Correa,0,9.0,2.0,30.0,22.0,0.0,0.0
2019-20,204672,Jony,0,0.0,1.0,24.0,14.0,0.0,0.0
2019-20,169116,Jordan Lukaku,0,0.0,2.0,13.0,1.0,0.0,0.0
2019-20,157675,Jordan Veretout,0,6.0,0.0,33.0,30.0,0.0,0.0
2019-20,222741,Jorge Silva,0,0.0,0.0,0.0,0.0,0.0,0.0
2019-20,150004,Josip Ilicic,0,15.0,5.0,26.0,21.0,0.0,0.0
2019-20,121600,José Callejón,0,4.0,7.0,33.0,25.0,0.0,0.0
2019-20,222618,José Machín,0,0.0,0.0,0.0,0.0,0.0,0.0
2019-20,139390,José Palomino,0,2.0,1.0,30.0,28.0,0.0,0.0
2019-20,169402,João Mário,0,0.0,0.0,0.0,0.0,0.0,0.0
2019-20,152014,João Pedro,0,18.0,4.0,36.0,35.0,0.0,0.0
2019-20,118986,Juan Cuadrado,0,2.0,5.0,33.0,28.0,0.0,0.0
2019-20,170663,Juan Jesus,0,0.0,0.0,4.0,1.0,0.0,0.0
2019-20,235782,Juan Manuel Valencia,0,0.0,0.0,0.0,0.0,0.0,0.0
2019-20,177927,Juan Musso,0,0.0,0.0,38.0,38.0,0.0,0.0
2019-20,131625,Juraj Kucka,0,6.0,3.0,26.0,22.0,0.0,0.0
2019-20,245916,Justin Kluivert,0,4.0,1.0,22.0,19.0,0.0,0.0
2019-20,206153,Jérémie Boga,0,11.0,2.0,34.0,28.0,0.0,0.0
2019-20,283147,Kaique Rocha,0,0.0,0.0,0.0,0.0,0.0,0.0
2019-20,150312,Kalidou Koulibaly,0,0.0,0.0,25.0,24.0,0.0,0.0
2019-20,238916,Karlo Letica,0,0.0,0.0,10.0,10.0,0.0,0.0
2019-20,198770,Karol Linetty,0,4.0,3.0,28.0,22.0,0.0,0.0
2019-20,158239,Kastriot Dermaku,0,0.0,0.0,16.0,10.0,0.0,0.0
2019-20,186004,Ken Sema,0,2.0,1.0,32.0,30.0,0.0,0.0
2019-20,270545,Kevin Agudelo,0,1.0,1.0,13.0,8.0,0.0,0.0
2019-20,196575,Kevin Bonifazi,0,2.0,0.0,17.0,16.0,0.0,0.0
2019-20,206863,Kevin Diks,0,0.0,0.0,0.0,0.0,0.0,0.0
2019-20,207819,Kevin Lasagna,0,10.0,1.0,36.0,28.0,0.0,0.0
2019-20,66880,Kevin-Prince Boateng,0,1.0,0.0,14.0,6.0,0.0,0.0
2019-20,219621,Khadim N'Diaye,0,0.0,0.0,0.0,0.0,0.0,0.0
2019-20,137714,Khouma Babacar,0,3.0,0.0,25.0,17.0,0.0,0.0
2019-20,216355,Kiril Despodov,0,0.0,0.0,0.0,0.0,0.0,0.0
2019-20,164137,Koffi Djidji,0,0.0,0.0,17.0,9.0,0.0,0.0
2019-20,174616,Koray Günter,0,0.0,0.0,32.0,31.0,0.0,0.0
2019-20,147439,Kostas Manolas,0,4.0,0.0,26.0,25.0,0.0,0.0
2019-20,280963,Kristoffer Askildsen,0,1.0,0.0,4.0,0.0,0.0,0.0
2019-20,303913,Krisztofer Horváth,0,0.0,0.0,3.0,0.0,0.0,0.0
2019-20,113754,Kwadwo Asamoah,0,0.0,1.0,8.0,7.0,0.0,0.0
2019-20,147194,Kévin Malcuit,0,0.0,0.0,4.0,3.0,0.0,0.0
2019-20,151714,Ladislav Krejcí,0,1.0,0.0,14.0,11.0,0.0,0.0
2019-20,125165,Lasse Schöne,0,2.0,3.0,32.0,29.0,0.0,0.0
2019-20,303905,Laurens Serpe,0,0.0,0.0,0.0,0.0,0.0,0.0
2019-20,178108,Laurentiu Branescu,0,0.0,0.0,0.0,0.0,0.0,0.0
2019-20,219713,Lautaro Martínez,0,14.0,3.0,35.0,29.0,0.0,0.0
2019-20,276614,Lennart Czyborra,0,0.0,0.0,1.0,0.0,0.0,0.0
2019-20,74413,Leonardo Bonucci,0,3.0,0.0,35.0,35.0,0.0,0.0
2019-20,302680,Leonardo Mazza,0,0.0,0.0,0.0,0.0,0.0,0.0
2019-20,162640,Leonardo Pavoletti,0,0.0,0.0,2.0,1.0,0.0,0.0
2019-20,148974,Leonardo Spinazzola,0,1.0,2.0,24.0,18.0,0.0,0.0
2019-20,276687,Leonardo Stanzani,0,0.0,0.0,0.0,0.0,0.0,0.0
2019-20,202804,Lorenzo Andrenacci,0,0.0,0.0,6.0,5.0,0.0,0.0
2019-20,281606,Lorenzo Avogadri,0,0.0,0.0,0.0,0.0,0.0,0.0
2019-20,297220,Lorenzo Colombo,0,0.0,0.0,1.0,0.0,0.0,0.0
2019-20,68070,Lorenzo De Silvestri,0,0.0,0.0,29.0,28.0,0.0,0.0
2019-20,139028,Lorenzo Insigne,0,8.0,6.0,37.0,34.0,0.0,0.0
2019-20,204320,Lorenzo Pellegrini,0,1.0,9.0,27.0,26.0,0.0,0.0
2019-20,290069,Lorenzo Pirola,0,0.0,0.0,1.0,0.0,0.0,0.0
2019-20,99501,Lorenzo Tonelli,0,0.0,0.0,9.0,9.0,0.0,0.0
2019-20,199726,Lorenzo Venuti,0,0.0,1.0,16.0,10.0,0.0,0.0
2019-20,231386,Lubomír Tupta,0,0.0,0.0,0.0,0.0,0.0,0.0
2019-20,134542,Luca Ceppitelli,0,2.0,0.0,16.0,15.0,0.0,0.0
2019-20,68242,Luca Cigarini,0,0.0,4.0,22.0,19.0,0.0,0.0
2019-20,239919,Luca Coccolo,0,0.0,0.0,0.0,0.0,0.0,0.0
2019-20,245959,Luca Crosta,0,0.0,0.0,0.0,0.0,0.0,0.0
2019-20,299823,Luca Falbo,0,0.0,0.0,1.0,0.0,0.0,0.0
2019-20,267623,Luca Gagliano,0,1.0,1.0,2.0,1.0,0.0,0.0
2019-20,284049,Luca Gemello,0,0.0,0.0,0.0,0.0,0.0,0.0
2019-20,251144,Luca Pellegrini,0,0.0,5.0,24.0,22.0,0.0,0.0
2019-20,108474,Luca Rossettini,0,0.0,2.0,26.0,25.0,0.0,0.0
2019-20,114606,Luca Siligardi,0,0.0,1.0,12.0,3.0,0.0,0.0
2019-20,303820,Luca Stanga,0,0.0,0.0,0.0,0.0,0.0,0.0
2019-20,303916,Luca Trombini,0,0.0,0.0,0.0,0.0,0.0,0.0
2019-20,193031,Luca Zamparo,0,0.0,0.0,0.0,0.0,0.0,0.0
2019-20,241718,Luca Zanimacchia,0,0.0,0.0,2.0,1.0,0.0,0.0
2019-20,86394,Lucas Biglia,0,0.0,1.0,14.0,8.0,0.0,0.0
2019-20,207236,Lucas Boyé,0,0.0,0.0,0.0,0.0,0.0,0.0
2019-20,130004,Lucas Castro,0,2.0,0.0,22.0,12.0,0.0,0.0
2019-20,286422,Lucas Felippe Martello Nascimento,0,0.0,0.0,2.0,0.0,0.0,0.0
2019-20,108315,Lucas Leiva,0,0.0,1.0,25.0,23.0,0.0,0.0
2019-20,234715,Lucas Paquetá,0,0.0,1.0,24.0,12.0,0.0,0.0
2019-20,282289,Lucien Agoumé,0,0.0,0.0,3.0,0.0,0.0,0.0
2019-20,126109,Luigi Sepe,0,0.0,0.0,34.0,34.0,0.0,0.0
2019-20,146388,Luis Alberto,0,6.0,15.0,36.0,36.0,0.0,0.0
2019-20,151510,Luis Muriel,0,18.0,1.0,34.0,10.0,0.0,0.0
2019-20,225637,Luiz Felipe,0,1.0,1.0,26.0,24.0,0.0,0.0
2019-20,186491,Lukas Lerager,0,1.0,1.0,21.0,15.0,0.0,0.0
2019-20,179358,Lukasz Skorupski,0,0.0,0.0,37.0,37.0,0.0,0.0
2019-20,180500,Lukasz Teodorczyk,0,0.0,1.0,14.0,1.0,0.0,0.0
2019-20,194966,Lukás Haraslín,0,1.0,0.0,11.0,4.0,0.0,0.0
2019-20,220747,Lyanco,0,0.0,0.0,17.0,15.0,0.0,0.0
2019-20,234015,Léo Duarte,0,0.0,0.0,6.0,4.0,0.0,0.0
2019-20,135289,Manolo Gabbiadini,0,11.0,1.0,33.0,24.0,0.0,0.0
2019-20,288786,Manolo Portanova,0,0.0,0.0,0.0,0.0,0.0,0.0
2019-20,241430,Manuel Lazzari,0,0.0,3.0,32.0,29.0,0.0,0.0
2019-20,217538,Manuel Locatelli,0,0.0,5.0,33.0,31.0,0.0,0.0
2019-20,112059,Manuel Nocciolini,0,0.0,0.0,0.0,0.0,0.0,0.0
2019-20,261403,Marash Kumbulla,0,1.0,0.0,25.0,25.0,0.0,0.0
2019-20,178383,Marcelo Brozovic,0,3.0,6.0,32.0,30.0,0.0,0.0
2019-20,283687,Marco Alia,0,0.0,0.0,0.0,0.0,0.0,0.0
2019-20,258190,Marco Ballarini,0,0.0,0.0,1.0,0.0,0.0,0.0
2019-20,176762,Marco Benassi,0,1.0,1.0,18.0,10.0,0.0,0.0
2019-20,192570,Marco Bleve,0,0.0,0.0,0.0,0.0,0.0,0.0
2019-20,276237,Marco Brescianini,0,0.0,0.0,1.0,0.0,0.0,0.0
2019-20,125064,Marco Calderoni,0,3.0,2.0,26.0,24.0,0.0,0.0
2019-20,132070,Marco D'Alessandro,0,2.0,0.0,15.0,10.0,0.0,0.0
2019-20,91636,Marco Mancosu,0,14.0,2.0,33.0,28.0,0.0,0.0
2019-20,261288,Marco Meneghetti,0,0.0,0.0,0.0,0.0,0.0,0.0
2019-20,292198,Marco Molla,0,0.0,0.0,0.0,0.0,0.0,0.0
2019-20,261025,Marco Olivieri,0,0.0,0.0,3.0,0.0,0.0,0.0
2019-20,120646,Marco Parolo,0,1.0,0.0,29.0,17.0,0.0,0.0
2019-20,125906,Marco Silvestri,0,0.0,0.0,35.0,35.0,0.0,0.0
2019-20,285789,Marco Spina,0,0.0,0.0,0.0,0.0,0.0,0.0
2019-20,174915,Marco Sportiello,0,0.0,0.0,6.0,5.0,0.0,0.0
2019-20,100681,Mario Balotelli,0,5.0,0.0,19.0,16.0,0.0,0.0
2019-20,189668,Mario Pasalic,0,9.0,5.0,35.0,30.0,0.0,0.0
2019-20,221117,Marius Adamonis,0,0.0,0.0,0.0,0.0,0.0,0.0
2019-20,185109,Mariusz Stepinski,0,3.0,1.0,21.0,7.0,0.0,0.0
2019-20,187953,Marko Pajac,0,0.0,0.0,11.0,8.0,0.0,0.0
2019-20,187956,Marko Pjaca,0,0.0,0.0,0.0,0.0,0.0,0.0
2019-20,206357,Marko Rog,0,1.0,1.0,30.0,28.0,0.0,0.0
2019-20,200651,Marlon,0,0.0,0.0,23.0,21.0,0.0,0.0
2019-20,146335,Marten de Roon,0,2.0,5.0,35.0,29.0,0.0,0.0
2019-20,303938,Martin Palumbo,0,0.0,0.0,1.0,0.0,0.0,0.0
2019-20,103029,Martín Cáceres,0,1.0,0.0,27.0,27.0,0.0,0.0
2019-20,129316,Marvin Zeegelaar,0,0.0,1.0,13.0,6.0,0.0,0.0
2019-20,231599,Massimiliano Mangraviti,0,0.0,0.0,13.0,11.0,0.0,0.0
2019-20,140494,Mateo Musacchio,0,0.0,0.0,18.0,17.0,0.0,0.0
2019-20,216098,Matheus Pereira,0,0.0,0.0,0.0,0.0,0.0,0.0
2019-20,298852,Matias Fonseca,0,0.0,0.0,0.0,0.0,0.0,0.0
2019-20,127393,Mato Jajalo,0,0.0,0.0,26.0,19.0,0.0,0.0
2019-20,276438,Matteo Cardinali,0,0.0,0.0,0.0,0.0,0.0,0.0
2019-20,226624,Matteo Cortesi,0,0.0,0.0,0.0,0.0,0.0,0.0
2019-20,91873,Matteo Darmian,0,1.0,1.0,33.0,30.0,0.0,0.0
2019-20,255922,Matteo Gabbia,0,0.0,0.0,9.0,6.0,0.0,0.0
2019-20,287986,Matteo Lovato,0,0.0,0.0,1.0,0.0,0.0,0.0
2019-20,224455,Matteo Pessina,0,7.0,0.0,35.0,27.0,0.0,0.0
2019-20,188306,Matteo Politano,0,2.0,2.0,26.0,11.0,0.0,0.0
2019-20,296538,Matteo Raspa,0,0.0,0.0,0.0,0.0,0.0,0.0
2019-20,241994,Matteo Salvi,0,0.0,0.0,0.0,0.0,0.0,0.0
2019-20,134813,Matteo Scozzarella,0,0.0,3.0,16.0,12.0,0.0,0.0
2019-20,261108,Matteo Soncin,0,0.0,0.0,0.0,0.0,0.0,0.0
2019-20,239349,Matthijs de Ligt,0,4.0,0.0,29.0,26.0,0.0,0.0
2019-20,207300,Mattia Bani,0,4.0,0.0,27.0,26.0,0.0,0.0
2019-20,196026,Mattia Caldara,0,0.0,1.0,14.0,11.0,0.0,0.0
2019-20,304279,Mattia Compagnon,0,0.0,0.0,0.0,0.0,0.0,0.0
2019-20,163166,Mattia De Sciglio,0,0.0,0.0,9.0,6.0,0.0,0.0
2019-20,132067,Mattia Destro,0,0.0,0.0,13.0,3.0,0.0,0.0
2019-20,285937,Mattia Felici,0,0.0,0.0,0.0,0.0,0.0,0.0
2019-20,146683,Mattia Perin,0,0.0,0.0,21.0,21.0,0.0,0.0
2019-20,172730,Mattia Sandri,0,0.0,0.0,0.0,0.0,0.0,0.0
2019-20,182640,Mattia Sprocati,0,1.0,0.0,20.0,4.0,0.0,0.0
2019-20,153327,Mattia Valoti,0,3.0,1.0,27.0,18.0,0.0,0.0
2019-20,272207,Mattia Viviani,0,0.0,0.0,8.0,3.0,0.0,0.0
2019-20,204669,Mattia Zaccagni,0,2.0,5.0,34.0,26.0,0.0,0.0
2019-20,220120,Mattias Svanberg,0,1.0,2.0,25.0,12.0,0.0,0.0
2019-20,145600,Matías Vecino,0,2.0,2.0,20.0,14.0,0.0,0.0
2019-20,115025,Mauro Vigorito,0,0.0,0.0,5.0,4.0,0.0,0.0
2019-20,131748,Maxime Gonalons,0,0.0,0.0,0.0,0.0,0.0,0.0
2019-20,105803,Maya Yoshida,0,0.0,1.0,14.0,13.0,0.0,0.0
2019-20,142127,Mehdi Bourabia,0,1.0,2.0,17.0,10.0,0.0,0.0
2019-20,256212,Mehdi Léris,0,1.0,1.0,15.0,3.0,0.0,0.0
2019-20,267178,Merih Demiral,0,1.0,1.0,6.0,5.0,0.0,0.0
2019-20,266002,Mert Müldür,0,2.0,1.0,24.0,13.0,0.0,0.0
2019-20,262483,Mert Çetin,0,0.0,0.0,6.0,2.0,0.0,0.0
2019-20,272745,Michel Adopo,0,0.0,0.0,2.0,0.0,0.0,0.0
2019-20,252296,Michele Cerofolini,0,0.0,0.0,0.0,0.0,0.0,0.0
2019-20,301477,Michele Laraspata,0,0.0,0.0,0.0,0.0,0.0,0.0
2019-20,86744,Miguel Veloso,0,3.0,4.0,34.0,32.0,0.0,0.0
2019-20,303915,Mihael Onisa,0,0.0,0.0,0.0,0.0,0.0,0.0
2019-20,121090,Milan Badelj,0,1.0,0.0,22.0,20.0,0.0,0.0
2019-20,175195,Milan Skriniar,0,0.0,0.0,32.0,30.0,0.0,0.0
2019-20,105813,Miralem Pjanic,0,3.0,6.0,30.0,28.0,0.0,0.0
2019-20,227793,Mirko Antonucci,0,0.0,0.0,2.0,0.0,0.0,0.0
2019-20,125000,Mirko Valdifiori,0,0.0,3.0,22.0,15.0,0.0,0.0
2019-20,175014,Mitchell Dijks,0,0.0,0.0,13.0,12.0,0.0,0.0
2019-20,204670,Mohamed Fares,0,0.0,0.0,8.0,5.0,0.0,0.0
2019-20,202686,Morten Thorsby,0,1.0,1.0,24.0,21.0,0.0,0.0
2019-20,217172,Mouhamadou Sarr,0,0.0,0.0,0.0,0.0,0.0,0.0
2019-20,269072,Musa Barrow,0,9.0,4.0,25.0,15.0,0.0,0.0
2019-20,278439,Musa Juwara,0,1.0,0.0,7.0,1.0,0.0,0.0
2019-20,164210,Mário Rui,0,0.0,2.0,24.0,22.0,0.0,0.0
2019-20,297191,Márk Kosznovszky,0,0.0,0.0,0.0,0.0,0.0,0.0
2019-20,213056,Nahitan Nández,0,2.0,3.0,35.0,32.0,0.0,0.0
2019-20,189800,Nehuén Paz,0,0.0,1.0,16.0,11.0,0.0,0.0
2019-20,122573,Nenad Tomovic,0,0.0,1.0,23.0,20.0,0.0,0.0
2019-20,290134,Niccolò Chiorra,0,0.0,0.0,0.0,0.0,0.0,0.0
2019-20,256836,Nicholas Opoku,0,0.0,0.0,7.0,6.0,0.0,0.0
2019-20,291037,Nicholas Rizzo,0,0.0,0.0,0.0,0.0,0.0,0.0
2019-20,267619,Nicky Medja Beloko,0,0.0,0.0,0.0,0.0,0.0,0.0
2019-20,165485,Nicola Murru,0,0.0,0.0,28.0,26.0,0.0,0.0
2019-20,153341,Nicola Sansone,0,4.0,3.0,33.0,26.0,0.0,0.0
2019-20,121592,Nicolas Nkoulou,0,1.0,0.0,31.0,30.0,0.0,0.0
2019-20,254118,Nicolás Domínguez,0,0.0,1.0,16.0,7.0,0.0,0.0
2019-20,268798,Nicolò Armini,0,0.0,0.0,1.0,0.0,0.0,0.0
2019-20,204441,Nicolò Barella,0,1.0,4.0,27.0,23.0,0.0,0.0
2019-20,285165,Nicolò Radaelli,0,0.0,0.0,0.0,0.0,0.0,0.0
2019-20,285969,Nicolò Rovella,0,0.0,0.0,2.0,1.0,0.0,0.0
2019-20,251388,Nicolò Zaniolo,0,6.0,2.0,26.0,16.0,0.0,0.0
2019-20,111757,Nikola Kalinic,0,5.0,1.0,15.0,6.0,0.0,0.0
2019-20,137830,Nikola Maksimovic,0,1.0,1.0,22.0,20.0,0.0,0.0
2019-20,238990,Nikola Milenkovic,0,5.0,0.0,37.0,36.0,0.0,0.0
2019-20,194969,Nikolas Spalek,0,2.0,1.0,25.0,20.0,0.0,0.0
2019-20,256106,Nunzio Lella,0,0.0,0.0,0.0,0.0,0.0,0.0
2019-20,166333,Nícolas Andrade,0,0.0,0.0,0.0,0.0,0.0,0.0
2019-20,206227,Ola Aina,0,0.0,2.0,32.0,20.0,0.0,0.0
2019-20,174016,Omar Colley,0,0.0,1.0,31.0,30.0,0.0,0.0
2019-20,100094,Orestis Karnezis,0,0.0,0.0,0.0,0.0,0.0,0.0
2019-20,149006,Panagiotis Tachtsidis,0,0.0,2.0,28.0,24.0,0.0,0.0
2019-20,292287,Paolo Cannistrà,0,0.0,0.0,0.0,0.0,0.0,0.0
2019-20,177560,Paolo Faragò,0,1.0,1.0,21.0,14.0,0.0,0.0
2019-20,215525,Paolo Ghiglione,0,0.0,5.0,25.0,20.0,0.0,0.0
2019-20,169818,Patric,0,0.0,0.0,21.0,19.0,0.0,0.0
2019-20,301563,Patricio Alexis Goglino,0,0.0,0.0,0.0,0.0,0.0,0.0
2019-20,238885,Patrick Cutrone,0,4.0,1.0,19.0,9.0,0.0,0.0
2019-20,303917,Patrick Enrici,0,0.0,0.0,0.0,0.0,0.0,0.0
2019-20,203061,Pau López,0,0.0,0.0,32.0,32.0,0.0,0.0
2019-20,164839,Paulo Dybala,0,11.0,6.0,33.0,25.0,0.0,0.0
2019-20,190805,Pawel Dawidowicz,0,1.0,0.0,15.0,7.0,0.0,0.0
2019-20,131209,Pedro Obiang,0,1.0,1.0,25.0,18.0,0.0,0.0
2019-20,12910,Pepe Reina,0,0.0,0.0,1.0,1.0,0.0,0.0
2019-20,266397,Petar Micin,0,0.0,0.0,0.0,0.0,0.0,0.0
2019-20,146803,Peter Ankersen,0,0.0,1.0,19.0,11.0,0.0,0.0
2019-20,237652,Petko Hristov,0,0.0,0.0,0.0,0.0,0.0,0.0
2019-20,304201,Philip Yeboah Ankrah,0,0.0,0.0,0.0,0.0,0.0,0.0
2019-20,206587,Pierluigi Gollini,0,0.0,0.0,33.0,33.0,0.0,0.0
2019-20,276253,Pietro Beruatto,0,0.0,0.0,0.0,0.0,0.0,0.0
2019-20,143100,Pietro Terracciano,0,0.0,0.0,7.0,7.0,0.0,0.0
2019-20,177782,Piotr Zielinski,0,2.0,4.0,37.0,32.0,0.0,0.0
2019-20,239918,Pol Lirola,0,0.0,2.0,35.0,30.0,0.0,0.0
2019-20,173214,Rachid Ghezzal,0,1.0,0.0,19.0,9.0,0.0,0.0
2019-20,222595,Rade Krunic,0,0.0,1.0,15.0,4.0,0.0,0.0
2019-20,113107,Radja Nainggolan,0,6.0,7.0,26.0,25.0,0.0,0.0
2019-20,139037,Rafael,0,0.0,0.0,6.0,5.0,0.0,0.0
2019-20,258917,Rafael Leão,0,6.0,1.0,31.0,12.0,0.0,0.0
2019-20,196855,Rafael Tolói,0,2.0,6.0,33.0,29.0,0.0,0.0
2019-20,222592,Rafik Zekhnini,0,0.0,0.0,0.0,0.0,0.0,0.0
2019-20,37085,Ragnar Klavan,0,0.0,0.0,31.0,26.0,0.0,0.0
2019-20,268452,Raoul Bellanova,0,0.0,0.0,1.0,0.0,0.0,0.0
2019-20,302721,Razvan Sava,0,0.0,0.0,0.0,0.0,0.0,0.0
2019-20,303906,Raúl Moro,0,0.0,0.0,1.0,0.0,0.0,0.0
2019-20,287604,Redi Kasa,0,0.0,0.0,0.0,0.0,0.0,0.0
2019-20,303908,Reinaldo Radu,0,0.0,0.0,0.0,0.0,0.0,0.0
2019-20,152600,Remo Freuler,0,2.0,2.0,31.0,28.0,0.0,0.0
2019-20,189041,Riad Bajic,0,0.0,0.0,0.0,0.0,0.0,0.0
2019-20,136865,Ricardo Rodríguez,0,0.0,0.0,5.0,5.0,0.0,0.0
2019-20,298329,Riccardo Calafiori,0,0.0,0.0,1.0,1.0,0.0,0.0
2019-20,188269,Riccardo Gagliolo,0,3.0,2.0,32.0,31.0,0.0,0.0
2019-20,267622,Riccardo Ladinetti,0,0.0,0.0,3.0,1.0,0.0,0.0
2019-20,298021,Riccardo Mastrilli,0,0.0,0.0,0.0,0.0,0.0,0.0
2019-20,234426,Riccardo Orsolini,0,8.0,6.0,37.0,32.0,0.0,0.0
2019-20,127466,Riccardo Saponara,0,2.0,4.0,17.0,13.0,0.0,0.0
2019-20,262480,Riccardo Sottil,0,0.0,0.0,18.0,4.0,0.0,0.0
2019-20,205614,Rick Karsdorp,0,0.0,0.0,0.0,0.0,0.0,0.0
2019-20,159537,Riza Durmisi,0,0.0,0.0,0.0,0.0,0.0,0.0
2019-20,193977,Roberto Gagliardini,0,4.0,2.0,24.0,21.0,0.0,0.0
2019-20,148833,Roberto Inglese,0,4.0,0.0,17.0,8.0,0.0,0.0
2019-20,285438,Roberto Piccoli,0,0.0,0.0,1.0,0.0,0.0,0.0
2019-20,131469,Roberto Soriano,0,5.0,5.0,29.0,29.0,0.0,0.0
2019-20,198087,Robin Gosens,0,9.0,8.0,34.0,31.0,0.0,0.0
2019-20,178176,Robin Olsen,0,0.0,0.0,17.0,17.0,0.0,0.0
2019-20,231291,Rodrigo Becão,0,1.0,1.0,29.0,24.0,0.0,0.0
2019-20,215772,Rodrigo Bentancur,0,0.0,7.0,30.0,25.0,0.0,0.0
2019-20,174466,Rodrigo De Paul,0,7.0,6.0,34.0,33.0,0.0,0.0
2019-20,266669,Rodrigo Guth,0,0.0,0.0,0.0,0.0,0.0,0.0
2019-20,137715,Rodrigo Palacio,0,7.0,3.0,35.0,28.0,0.0,0.0
2019-20,259835,Roger Ibañez,0,0.0,0.0,9.0,7.0,0.0,0.0
2019-20,228397,Rogério,0,1.0,1.0,15.0,12.0,0.0,0.0
2019-20,239431,Rok Vodisek,0,0.0,0.0,0.0,0.0,0.0,0.0
2019-20,210392,Rolando Mandragora,0,0.0,2.0,26.0,24.0,0.0,0.0
2019-20,139437,Romelu Lukaku,0,23.0,2.0,36.0,33.0,0.0,0.0
2019-20,235593,Ronaldo Vieira,0,0.0,1.0,27.0,20.0,0.0,0.0
2019-20,208789,Ruslan Malinovskyi,0,8.0,3.0,34.0,12.0,0.0,0.0
2019-20,164217,Rômulo,0,1.0,3.0,23.0,19.0,0.0,0.0
2019-20,155033,Salvador Ichazo,0,0.0,0.0,0.0,0.0,0.0,0.0
2019-20,68262,Salvatore Bocchetti,0,0.0,0.0,5.0,3.0,0.0,0.0
2019-20,303904,Salvatore Boccia,0,0.0,0.0,0.0,0.0,0.0,0.0
2019-20,263510,Salvatore Pezzella,0,0.0,0.0,0.0,0.0,0.0,0.0
2019-20,298575,Salvatore Rimoli,0,0.0,0.0,0.0,0.0,0.0,0.0
2019-20,68067,Salvatore Sirigu,0,0.0,0.0,36.0,36.0,0.0,0.0
2019-20,87882,Sami Khedira,0,0.0,1.0,12.0,9.0,0.0,0.0
2019-20,199059,Samir,0,1.0,0.0,21.0,16.0,0.0,0.0
2019-20,44323,Samir Handanovic,0,0.0,0.0,35.0,35.0,0.0,0.0
2019-20,104432,Samir Ujkani,0,0.0,0.0,1.0,1.0,0.0,0.0
2019-20,207278,Samu Castillejo,0,2.0,3.0,22.0,16.0,0.0,0.0
2019-20,77260,Samuel Di Carmine,0,8.0,0.0,22.0,17.0,0.0,0.0
2019-20,302574,Samuele Oltremarini,0,0.0,0.0,0.0,0.0,0.0,0.0
2019-20,217205,Samuele Perisan,0,0.0,0.0,0.0,0.0,0.0,0.0
2019-20,261047,Sandro Tonali,0,1.0,7.0,35.0,34.0,0.0,0.0
2019-20,222300,Sasa Lukic,0,1.0,1.0,30.0,20.0,0.0,0.0
2019-20,92096,Sebastian De Maio,0,0.0,0.0,21.0,17.0,0.0,0.0
2019-20,121177,Sebastian Eriksson,0,0.0,0.0,0.0,0.0,0.0,0.0
2019-20,288483,Sebastian Walukiewicz,0,0.0,0.0,14.0,13.0,0.0,0.0
2019-20,286929,Sebastiano Esposito,0,1.0,0.0,7.0,2.0,0.0,0.0
2019-20,192573,Sebastiano Luperto,0,0.0,0.0,9.0,5.0,0.0,0.0
2019-20,192192,Sebastián Cristóforo,0,0.0,0.0,1.0,1.0,0.0,0.0
2019-20,184118,Seko Fofana,0,3.0,7.0,32.0,24.0,0.0,0.0
2019-20,121504,Senad Lulic,0,0.0,2.0,20.0,20.0,0.0,0.0
2019-20,211141,Sergej Milinkovic-Savic,0,7.0,4.0,37.0,35.0,0.0,0.0
2019-20,28473,Sergio Floccari,0,1.0,0.0,24.0,9.0,0.0,0.0
2019-20,300003,Sergio Maselli,0,0.0,0.0,0.0,0.0,0.0,0.0
2019-20,302136,Silvio Colella,0,0.0,0.0,0.0,0.0,0.0,0.0
2019-20,69238,Silvio Proto,0,0.0,0.0,0.0,0.0,0.0,0.0
2019-20,99987,Simon Kjaer,0,0.0,0.0,20.0,18.0,0.0,0.0
2019-20,202704,Simon Skrabb,0,0.0,0.0,10.0,3.0,0.0,0.0
2019-20,119398,Simone Colombi,0,0.0,0.0,4.0,4.0,0.0,0.0
2019-20,213483,Simone Edera,0,1.0,1.0,13.0,4.0,0.0,0.0
2019-20,252927,Simone Ghidotti,0,0.0,0.0,0.0,0.0,0.0,0.0
2019-20,87175,Simone Iacoponi,0,2.0,0.0,36.0,34.0,0.0,0.0
2019-20,46026,Simone Missiroli,0,1.0,0.0,34.0,31.0,0.0,0.0
2019-20,252084,Simone Muratore,0,0.0,0.0,4.0,2.0,0.0,0.0
2019-20,142164,Simone Verdi,0,2.0,6.0,33.0,26.0,0.0,0.0
2019-20,132580,Simone Zaza,0,6.0,1.0,24.0,16.0,0.0,0.0
2019-20,210805,Sinan Gumus,0,0.0,0.0,3.0,1.0,0.0,0.0
2019-20,195226,Sofyan Amrabat,0,1.0,1.0,34.0,33.0,0.0,0.0
2019-20,164167,Souahilo Meïté,0,0.0,2.0,33.0,23.0,0.0,0.0
2019-20,188412,Stanislav Lobotka,0,0.0,0.0,14.0,9.0,0.0,0.0
2019-20,299993,Steeve-Mike Eboa Ebongue,0,0.0,0.0,0.0,0.0,0.0,0.0
2019-20,115103,Stefan Radu,0,1.0,0.0,29.0,28.0,0.0,0.0
2019-20,141443,Stefan de Vrij,0,4.0,3.0,34.0,32.0,0.0,0.0
2019-20,170728,Stefano Denswil,0,0.0,1.0,26.0,25.0,0.0,0.0
2019-20,57155,Stefano Okaka,0,8.0,2.0,33.0,28.0,0.0,0.0
2019-20,298018,Stefano Piccinini,0,0.0,0.0,1.0,0.0,0.0,0.0
2019-20,177862,Stefano Sabelli,0,0.0,3.0,36.0,36.0,0.0,0.0
2019-20,180927,Stefano Sensi,0,3.0,2.0,12.0,9.0,0.0,0.0
2019-20,155014,Stefano Sturaro,0,1.0,2.0,16.0,15.0,0.0,0.0
2019-20,261399,Stefano Turati,0,0.0,0.0,2.0,2.0,0.0,0.0
2019-20,241400,Stephane Omeonga,0,0.0,0.0,0.0,0.0,0.0,0.0
2019-20,113290,Steven N'Zonzi,0,0.0,0.0,0.0,0.0,0.0,0.0
2019-20,187957,Stipe Perica,0,0.0,0.0,0.0,0.0,0.0,0.0
2019-20,252607,Sébastian Breza,0,0.0,0.0,0.0,0.0,0.0,0.0
2019-20,238004,Takehiro Tomiyasu,0,1.0,3.0,29.0,29.0,0.0,0.0
2019-20,233621,Theo Hernández,0,6.0,3.0,33.0,32.0,0.0,0.0
2019-20,178267,Thiago Cionek,0,0.0,1.0,28.0,23.0,0.0,0.0
2019-20,180047,Thomas Strakosha,0,0.0,0.0,38.0,38.0,0.0,0.0
2019-20,197163,Timothy Castagne,0,1.0,2.0,27.0,19.0,0.0,0.0
2019-20,260197,Tommaso Augello,0,0.0,2.0,17.0,12.0,0.0,0.0
2019-20,22624,Tommaso Berni,0,0.0,0.0,0.0,0.0,0.0,0.0
2019-20,260944,Tommaso Farabegoli,0,0.0,0.0,0.0,0.0,0.0,0.0
2019-20,131245,Tomás Rincón,0,1.0,3.0,32.0,31.0,0.0,0.0
2019-20,278986,Tòfol Montiel,0,0.0,0.0,0.0,0.0,0.0,0.0
2019-20,153634,Valentin Eysseric,0,0.0,0.0,9.0,3.0,0.0,0.0
2019-20,303001,Valentino Lazaro,0,0.0,1.0,6.0,3.0,0.0,0.0
2019-20,165533,Valerio Verre,0,3.0,2.0,32.0,22.0,0.0,0.0
2019-20,68069,Valon Behrami,0,0.0,0.0,17.0,13.0,0.0,0.0
2019-20,84915,Valter Birsa,0,0.0,0.0,13.0,4.0,0.0,0.0
2019-20,219531,Vanja Milinkovic-Savic,0,0.0,0.0,0.0,0.0,0.0,0.0
2019-20,250365,Vasco Oliveira,0,0.0,0.0,0.0,0.0,0.0,0.0
2019-20,131096,Vasco Regini,0,0.0,0.0,5.0,2.0,0.0,0.0
2019-20,112547,Victor Moses,0,0.0,3.0,12.0,4.0,0.0,0.0
2019-20,175244,Vincent Laurini,0,0.0,2.0,15.0,10.0,0.0,0.0
2019-20,269100,Vincenzo Millico,0,0.0,0.0,11.0,0.0,0.0,0.0
2019-20,224419,Vincenzo Silvestro,0,0.0,0.0,0.0,0.0,0.0,0.0
2019-20,247021,Vitalie Damascan,0,0.0,0.0,0.0,0.0,0.0,0.0
2019-20,303907,Vito Radicchio,0,0.0,0.0,0.0,0.0,0.0,0.0
2019-20,164764,Vlad Chiriches,0,0.0,0.0,9.0,8.0,0.0,0.0
2019-20,204113,Walace,0,0.0,0.0,20.0,12.0,0.0,0.0
2019-20,292241,Walid Cheddira,0,0.0,0.0,0.0,0.0,0.0,0.0
2019-20,186512,Wallace,0,0.0,0.0,0.0,0.0,0.0,0.0
2019-20,266671,Wesley,0,0.0,0.0,0.0,0.0,0.0,0.0
2019-20,286569,Wilfried Singo,0,1.0,0.0,4.0,1.0,0.0,0.0
2019-20,191507,William Troost-Ekong,0,0.0,0.0,30.0,29.0,0.0,0.0
2019-20,177812,Wladimiro Falcone,0,0.0,0.0,2.0,2.0,0.0,0.0
2019-20,131634,Wojciech Szczesny,0,0.0,0.0,29.0,29.0,0.0,0.0
2019-20,232266,Xian Emmers,0,0.0,0.0,0.0,0.0,0.0,0.0
2019-20,176757,Yaison Murillo,0,0.0,0.0,10.0,7.0,0.0,0.0
2019-20,225555,Yann Karamoh,0,1.0,1.0,14.0,5.0,0.0,0.0
2019-20,194098,Yevhen Shakhov,0,1.0,2.0,24.0,9.0,0.0,0.0
2019-20,193348,Yves Baraye,0,0.0,0.0,0.0,0.0,0.0,0.0
2019-20,188957,Zan Majer,0,1.0,1.0,27.0,19.0,0.0,0.0
2019-20,11001,Zlatan Ibrahimovic,0,10.0,5.0,18.0,16.0,0.0,0.0
2019-20,209579,Álex Berenguer,0,6.0,2.0,29.0,21.0,0.0,0.0
2020-21,283940,Aaron Hickey,0,0.0,0.0,11.0,10.0,0.0,0.0
2020-21,98681,Aaron Ramsey,0,2.0,4.0,22.0,13.0,0.0,0.0
2020-21,309268,Abdoul Hate Bane,0,0.0,0.0,0.0,0.0,0.0,0.0
2020-21,253306,Abukar Mohamed,0,0.0,0.0,0.0,0.0,0.0,0.0
2020-21,240233,Achraf Hakimi,0,7.0,8.0,37.0,29.0,0.0,0.0
2020-21,218105,Adam Marusic,0,2.0,3.0,36.0,33.0,0.0,0.0
2020-21,227932,Adam Ounas,0,4.0,3.0,22.0,18.0,0.0,0.0
2020-21,164180,Adama Soumaoro,0,1.0,0.0,20.0,19.0,0.0,0.0
2020-21,276024,Adolfo Gaich,0,2.0,0.0,15.0,9.0,0.0,0.0
2020-21,239120,Adrian Ismajli,0,1.0,1.0,17.0,14.0,0.0,0.0
2020-21,176203,Adrien Rabiot,0,4.0,2.0,34.0,25.0,0.0,0.0
2020-21,161607,Adrien Silva,0,1.0,1.0,24.0,18.0,0.0,0.0
2020-21,159324,Adrien Tamèze,0,1.0,0.0,33.0,28.0,0.0,0.0
2020-21,171572,Ahmad Benali,0,0.0,1.0,18.0,15.0,0.0,0.0
2020-21,184881,Alberto Cerri,0,1.0,0.0,24.0,3.0,0.0,0.0
2020-21,209869,Alberto Grassi,0,0.0,0.0,23.0,13.0,0.0,0.0
2020-21,241414,Alberto Paleari,0,0.0,0.0,3.0,2.0,0.0,0.0
2020-21,120652,Albin Ekdal,0,2.0,1.0,32.0,26.0,0.0,0.0
2020-21,271900,Alejandro Marqués,0,0.0,0.0,0.0,0.0,0.0,0.0
2020-21,103939,Aleksandar Kolarov,0,0.0,1.0,7.0,4.0,0.0,0.0
2020-21,168653,Aleksandr Kokorin,0,0.0,0.0,4.0,0.0,0.0,0.0
2020-21,249280,Alessandro Bastoni,0,0.0,3.0,33.0,33.0,0.0,0.0
2020-21,144453,Alessandro Berardi,0,0.0,0.0,1.0,0.0,0.0,0.0
2020-21,251776,Alessandro Bianconi,0,0.0,0.0,0.0,0.0,0.0,0.0
2020-21,252605,Alessandro Buongiorno,0,0.0,0.0,12.0,9.0,0.0,0.0
2020-21,288780,Alessandro Cerbara,0,0.0,0.0,0.0,0.0,0.0,0.0
2020-21,297212,Alessandro Cortinovis,0,0.0,0.0,0.0,0.0,0.0,0.0
2020-21,186437,Alessandro Deiola,0,0.0,0.0,24.0,11.0,0.0,0.0
2020-21,276252,Alessandro Di Pardo,0,0.0,0.0,4.0,0.0,0.0,0.0
2020-21,303909,Alessandro Mercati,0,0.0,0.0,0.0,0.0,0.0,0.0
2020-21,297230,Alessandro Pio Riccio,0,0.0,0.0,0.0,0.0,0.0,0.0
2020-21,311978,Alessandro Rigo,0,0.0,0.0,0.0,0.0,0.0,0.0
2020-21,275991,Alessandro Tripaldelli,0,0.0,0.0,10.0,3.0,0.0,0.0
2020-21,122622,Alessandro Tuia,0,1.0,0.0,27.0,19.0,0.0,0.0
2020-21,307859,Alessio Brambilla,0,0.0,0.0,0.0,0.0,0.0,0.0
2020-21,165768,Alessio Cragno,0,0.0,0.0,34.0,34.0,0.0,0.0
2020-21,288361,Alessio Furlanetto,0,0.0,0.0,0.0,0.0,0.0,0.0
2020-21,177816,Alessio Romagnoli,0,1.0,1.0,23.0,22.0,0.0,0.0
2020-21,309807,Alex Arnofoli,0,0.0,0.0,0.0,0.0,0.0,0.0
2020-21,38900,Alex Cordaz,0,0.0,0.0,36.0,36.0,0.0,0.0
2020-21,186302,Alex Ferrari,0,0.0,1.0,12.0,11.0,0.0,0.0
2020-21,209746,Alex Meret,0,0.0,0.0,22.0,22.0,0.0,0.0
2020-21,125514,Alex Sandro,0,2.0,1.0,26.0,20.0,0.0,0.0
2020-21,185897,Alexey Miranchuk,0,4.0,2.0,25.0,4.0,0.0,0.0
2020-21,271132,Alexis Saelemaekers,0,2.0,4.0,32.0,27.0,0.0,0.0
2020-21,92055,Alexis Sánchez,0,7.0,5.0,30.0,12.0,0.0,0.0
2020-21,173282,Alfred Duncan,0,0.0,1.0,23.0,14.0,0.0,0.0
2020-21,298407,Altin Kryeziu,0,0.0,0.0,0.0,0.0,0.0,0.0
2020-21,302675,Amadou Diambo,0,0.0,0.0,1.0,0.0,0.0,0.0
2020-21,224418,Amadou Diawara,0,1.0,0.0,18.0,7.0,0.0,0.0
2020-21,220749,Amer Gojak,0,1.0,1.0,15.0,6.0,0.0,0.0
2020-21,205576,Amir Rrahmani,0,1.0,0.0,16.0,12.0,0.0,0.0
2020-21,307867,Andrea Amerise,0,0.0,0.0,0.0,0.0,0.0,0.0
2020-21,170755,Andrea Belotti,0,13.0,6.0,35.0,33.0,0.0,0.0
2020-21,28527,Andrea Capone,0,0.0,0.0,0.0,0.0,0.0,0.0
2020-21,301278,Andrea Carboni,0,0.0,1.0,15.0,12.0,0.0,0.0
2020-21,65400,Andrea Consigli,0,0.0,0.0,37.0,37.0,0.0,0.0
2020-21,143530,Andrea Conti,0,0.0,0.0,14.0,9.0,0.0,0.0
2020-21,214765,Andrea Favilli,0,2.0,0.0,11.0,2.0,0.0,0.0
2020-21,310955,Andrea Gresele,0,0.0,0.0,0.0,0.0,0.0,0.0
2020-21,41781,Andrea Masiello,0,0.0,0.0,30.0,30.0,0.0,0.0
2020-21,181098,Andrea Petagna,0,4.0,3.0,26.0,9.0,0.0,0.0
2020-21,239086,Andrea Pinamonti,0,1.0,0.0,8.0,1.0,0.0,0.0
2020-21,104451,Andrea Poli,0,1.0,0.0,18.0,4.0,0.0,0.0
2020-21,89307,Andrea Ranocchia,0,0.0,1.0,8.0,8.0,0.0,0.0
2020-21,125005,Andrea Rispoli,0,0.0,0.0,19.0,5.0,0.0,0.0
2020-21,176668,Andreas Cornelius,0,1.0,4.0,29.0,21.0,0.0,0.0
2020-21,306840,Andreas Jungdal,0,0.0,0.0,0.0,0.0,0.0,0.0
2020-21,210143,Andreas Pereira,0,1.0,2.0,26.0,3.0,0.0,0.0
2020-21,259707,Andreas Skov Olsen,0,2.0,2.0,26.0,12.0,0.0,0.0
2020-21,144720,Andrei Radu,0,0.0,0.0,2.0,1.0,0.0,0.0
2020-21,143116,Andrej Galabinov,0,3.0,1.0,12.0,4.0,0.0,0.0
2020-21,298404,Andri Fannar Baldursson,0,0.0,0.0,8.0,1.0,0.0,0.0
2020-21,312920,André Lopes Silva,0,0.0,0.0,0.0,0.0,0.0,0.0
2020-21,203321,Andrés Tello,0,1.0,0.0,17.0,2.0,0.0,0.0
2020-21,287390,Angelo Ndrecka,0,0.0,0.0,0.0,0.0,0.0,0.0
2020-21,125073,Angelo da Costa,0,0.0,0.0,6.0,6.0,0.0,0.0
2020-21,163794,Ante Rebic,0,11.0,4.0,27.0,20.0,0.0,0.0
2020-21,201365,Antonio Barreca,0,0.0,0.0,3.0,1.0,0.0,0.0
2020-21,104478,Antonio Candreva,0,5.0,8.0,35.0,28.0,0.0,0.0
2020-21,312336,Antonio Cioffi,0,0.0,0.0,1.0,0.0,0.0,0.0
2020-21,148532,Antonio Donnarumma,0,0.0,0.0,0.0,0.0,0.0,0.0
2020-21,218408,Antonio La Gumina,0,0.0,0.0,9.0,4.0,0.0,0.0
2020-21,138840,Antonio Mazzotta,0,0.0,0.0,2.0,1.0,0.0,0.0
2020-21,290544,Antonio Mionic,0,0.0,0.0,0.0,0.0,0.0,0.0
2020-21,282610,Antonio Pio Daniele,0,0.0,0.0,0.0,0.0,0.0,0.0
2020-21,319265,Antonio Raimondo,0,0.0,0.0,1.0,0.0,0.0,0.0
2020-21,304573,Antonio Ranieri,0,0.0,0.0,0.0,0.0,0.0,0.0
2020-21,11987,Antonio Rosati,0,0.0,0.0,0.0,0.0,0.0,0.0
2020-21,192162,Antonio Sanabria,0,5.0,1.0,14.0,12.0,0.0,0.0
2020-21,230664,Antonín Barák,0,7.0,3.0,34.0,32.0,0.0,0.0
2020-21,275152,Arkadiusz Reca,0,2.0,3.0,30.0,28.0,0.0,0.0
2020-21,165490,Armando Izzo,0,2.0,0.0,25.0,24.0,0.0,0.0
2020-21,216254,Arthur,0,1.0,0.0,22.0,13.0,0.0,0.0
2020-21,133688,Artur Ionita,0,2.0,0.0,36.0,34.0,0.0,0.0
2020-21,194758,Arturo Calabresi,0,0.0,0.0,3.0,0.0,0.0,0.0
2020-21,102198,Arturo Vidal,0,1.0,1.0,23.0,14.0,0.0,0.0
2020-21,31810,Ashley Young,0,1.0,4.0,26.0,16.0,0.0,0.0
2020-21,308738,Ayoub Afi,0,0.0,0.0,0.0,0.0,0.0,0.0
2020-21,220853,Bartlomiej Dragowski,0,0.0,1.0,36.0,36.0,0.0,0.0
2020-21,176726,Bartosz Bereszynski,0,1.0,0.0,31.0,29.0,0.0,0.0
2020-21,165291,Berat Djimsiti,0,0.0,2.0,33.0,28.0,0.0,0.0
2020-21,303920,Bernardo Calabrese,0,0.0,0.0,0.0,0.0,0.0,0.0
2020-21,301681,Bogdan Jocic,0,0.0,0.0,0.0,0.0,0.0,0.0
2020-21,224187,Boris Radunovic,0,0.0,0.0,0.0,0.0,0.0,0.0
2020-21,218793,Borja Mayoral,0,10.0,2.0,31.0,18.0,0.0,0.0
2020-21,71702,Borja Valero,0,0.0,0.0,20.0,4.0,0.0,0.0
2020-21,275406,Bosko Sutalo,0,0.0,0.0,7.0,3.0,0.0,0.0
2020-21,297197,Botond Balogh,0,0.0,0.0,3.0,1.0,0.0,0.0
2020-21,246532,Brahim Díaz,0,4.0,3.0,27.0,15.0,0.0,0.0
2020-21,140350,Bram Nuytinck,0,1.0,0.0,20.0,19.0,0.0,0.0
2020-21,258307,Bremer,0,5.0,0.0,33.0,33.0,0.0,0.0
2020-21,300000,Brian Oddei,0,0.0,2.0,5.0,0.0,0.0,0.0
2020-21,35997,Bruno Alves,0,1.0,0.0,19.0,18.0,0.0,0.0
2020-21,290728,Bruno Amione,0,0.0,0.0,0.0,0.0,0.0,0.0
2020-21,169213,Bryan Cristante,0,1.0,3.0,34.0,22.0,0.0,0.0
2020-21,147493,Bryan Dabo,0,0.0,0.0,25.0,12.0,0.0,0.0
2020-21,250758,Bryan Reynolds,0,0.0,0.0,5.0,3.0,0.0,0.0
2020-21,261468,Carles Pérez,0,2.0,1.0,21.0,6.0,0.0,0.0
2020-21,121036,Carlo Pinsoglio,0,0.0,0.0,1.0,0.0,0.0,0.0
2020-21,312770,Chaka Traorè,0,0.0,0.0,3.0,0.0,0.0,0.0
2020-21,170670,Charalampos Lykogiannis,0,4.0,2.0,31.0,29.0,0.0,0.0
2020-21,123605,Chris Smalling,0,0.0,1.0,16.0,13.0,0.0,0.0
2020-21,303897,Christian Celesia,0,0.0,0.0,0.0,0.0,0.0,0.0
2020-21,144130,Christian Eriksen,0,3.0,0.0,26.0,17.0,0.0,0.0
2020-21,241415,Christian Kouamé,0,1.0,1.0,33.0,9.0,0.0,0.0
2020-21,288351,Christian Pastina,0,0.0,1.0,3.0,0.0,0.0,0.0
2020-21,304075,Christian Pierobon,0,0.0,0.0,0.0,0.0,0.0,0.0
2020-21,147969,Ciprian Tatarusanu,0,0.0,0.0,1.0,1.0,0.0,0.0
2020-21,130123,Ciro Immobile,0,20.0,6.0,35.0,34.0,0.0,0.0
2020-21,16935,Claudio Terzi,0,1.0,1.0,25.0,22.0,0.0,0.0
2020-21,311053,Cosimo Marco Da Graca,0,0.0,0.0,0.0,0.0,0.0,0.0
2020-21,68522,Cristian Ansaldi,0,1.0,6.0,31.0,20.0,0.0,0.0
2020-21,224065,Cristian Dell'Orco,0,0.0,0.0,8.0,2.0,0.0,0.0
2020-21,96970,Cristian Romero,0,2.0,2.0,31.0,29.0,0.0,0.0
2020-21,152044,Cristiano Biraghi,0,1.0,5.0,35.0,31.0,0.0,0.0
2020-21,22774,Cristiano Ronaldo,0,29.0,3.0,33.0,31.0,0.0,0.0
2020-21,73101,Cristián Zapata,0,0.0,0.0,12.0,12.0,0.0,0.0
2020-21,271729,Daam Foulon,0,0.0,1.0,23.0,11.0,0.0,0.0
2020-21,312386,Daan Dierckx,0,0.0,0.0,7.0,6.0,0.0,0.0
2020-21,309567,Damiano Franco,0,0.0,0.0,0.0,0.0,0.0,0.0
2020-21,181321,Daniel Bessa,0,0.0,2.0,18.0,4.0,0.0,0.0
2020-21,275752,Daniel Dumbravanu,0,0.0,0.0,0.0,0.0,0.0,0.0
2020-21,252052,Daniel Fuzato,0,0.0,0.0,5.0,5.0,0.0,0.0
2020-21,290545,Daniel Maldini,0,0.0,0.0,5.0,0.0,0.0,0.0
2020-21,162604,Daniele Baselli,0,0.0,0.0,15.0,3.0,0.0,0.0
2020-21,93816,Daniele Padelli,0,0.0,0.0,1.0,0.0,0.0,0.0
2020-21,181673,Daniele Rugani,0,1.0,1.0,16.0,12.0,0.0,0.0
2020-21,212477,Daniele Verde,0,6.0,1.0,21.0,12.0,0.0,0.0
2020-21,170369,Danilo,0,1.0,4.0,34.0,32.0,0.0,0.0
2020-21,99236,Danilo,0,0.0,1.0,35.0,34.0,0.0,0.0
2020-21,178627,Danilo Cataldi,0,0.0,0.0,19.0,4.0,0.0,0.0
2020-21,91776,Danilo D'Ambrosio,0,3.0,0.0,19.0,7.0,0.0,0.0
2020-21,276694,Daouda Peeters,0,0.0,0.0,0.0,0.0,0.0,0.0
2020-21,126752,Darko Lazovic,0,3.0,6.0,32.0,27.0,0.0,0.0
2020-21,121842,David Ospina,0,0.0,1.0,16.0,16.0,0.0,0.0
2020-21,309596,David Wieser,0,0.0,0.0,0.0,0.0,0.0,0.0
2020-21,173394,Davide Biraschi,0,0.0,0.0,13.0,11.0,0.0,0.0
2020-21,194747,Davide Calabria,0,2.0,1.0,32.0,30.0,0.0,0.0
2020-21,313895,Davide Costanzo,0,0.0,0.0,0.0,0.0,0.0,0.0
2020-21,267943,Davide De Marino,0,0.0,0.0,0.0,0.0,0.0,0.0
2020-21,113572,Davide Faraoni,0,4.0,8.0,34.0,33.0,0.0,0.0
2020-21,313353,Davide Ghislandi,0,0.0,0.0,1.0,0.0,0.0,0.0
2020-21,308100,Davide Masella,0,0.0,0.0,0.0,0.0,0.0,0.0
2020-21,121811,Davide Santon,0,0.0,1.0,10.0,7.0,0.0,0.0
2020-21,182627,Davide Zappacosta,0,4.0,2.0,25.0,23.0,0.0,0.0
2020-21,272695,Dejan Kulusevski,0,4.0,3.0,35.0,19.0,0.0,0.0
2020-21,262595,Denis Dragus,0,0.0,0.0,9.0,1.0,0.0,0.0
2020-21,298403,Denis Portanova,0,0.0,0.0,0.0,0.0,0.0,0.0
2020-21,245805,Dennis Man,0,2.0,1.0,14.0,8.0,0.0,0.0
2020-21,314867,Denny Pucci,0,0.0,0.0,0.0,0.0,0.0,0.0
2020-21,290076,Destiny Udogie,0,0.0,0.0,6.0,0.0,0.0,0.0
2020-21,154407,Diego Demme,0,2.0,3.0,24.0,20.0,0.0,0.0
2020-21,123492,Diego Farias,0,4.0,2.0,29.0,17.0,0.0,0.0
2020-21,104564,Diego Godín,0,1.0,0.0,28.0,28.0,0.0,0.0
2020-21,311738,Dimo Krastev,0,0.0,0.0,0.0,0.0,0.0,0.0
2020-21,238902,Diogo Dalot,0,1.0,1.0,21.0,10.0,0.0,0.0
2020-21,303108,Dion Ruffo Luci,0,0.0,0.0,0.0,0.0,0.0,0.0
2020-21,193765,Djavan Anderson,0,0.0,0.0,3.0,1.0,0.0,0.0
2020-21,173817,Domenico Berardi,0,17.0,7.0,30.0,28.0,0.0,0.0
2020-21,104369,Domenico Criscito,0,1.0,0.0,23.0,20.0,0.0,0.0
2020-21,89687,Dries Mertens,0,9.0,8.0,29.0,18.0,0.0,0.0
2020-21,281531,Drissa Camara,0,0.0,0.0,1.0,0.0,0.0,0.0
2020-21,235677,Dusan Vlahovic,0,21.0,3.0,37.0,34.0,0.0,0.0
2020-21,193644,Duván Zapata,0,15.0,9.0,37.0,29.0,0.0,0.0
2020-21,314780,Ebenezer Annan,0,0.0,0.0,0.0,0.0,0.0,0.0
2020-21,287077,Ebrima Colley,0,1.0,0.0,23.0,4.0,0.0,0.0
2020-21,261402,Eddie Salcedo,0,2.0,0.0,21.0,7.0,0.0,0.0
2020-21,308737,Edoardo Bove,0,0.0,0.0,1.0,0.0,0.0,0.0
2020-21,181060,Edoardo Goldaniga,0,0.0,1.0,25.0,19.0,0.0,0.0
2020-21,318762,Edoardo Piana,0,0.0,0.0,0.0,0.0,0.0,0.0
2020-21,308941,Edoardo Sottini,0,0.0,0.0,0.0,0.0,0.0,0.0
2020-21,290070,Edoardo Vergani,0,0.0,0.0,1.0,0.0,0.0,0.0
2020-21,308325,Eduard Dutu,0,0.0,0.0,0.0,0.0,0.0,0.0
2020-21,203709,Eduardo Henrique,0,1.0,0.0,18.0,8.0,0.0,0.0
2020-21,216937,Eldor Shomurodov,0,8.0,1.0,31.0,16.0,0.0,0.0
2020-21,194750,Elio Capradossi,0,0.0,0.0,1.0,1.0,0.0,0.0
2020-21,237435,Eljif Elmas,0,2.0,1.0,33.0,3.0,0.0,0.0
2020-21,167601,Elseid Hysaj,0,0.0,2.0,24.0,20.0,0.0,0.0
2020-21,250644,Emanuel Vignato,0,1.0,4.0,31.0,11.0,0.0,0.0
2020-21,207834,Emil Audero,0,0.0,1.0,37.0,37.0,0.0,0.0
2020-21,304000,Emil Roback,0,0.0,0.0,0.0,0.0,0.0,0.0
2020-21,297218,Emmanuel Gyabuaa,0,0.0,0.0,1.0,0.0,0.0,0.0
2020-21,201366,Emmanuel Gyasi,0,4.0,6.0,37.0,32.0,0.0,0.0
2020-21,107033,Emmanuel Rivière,0,1.0,1.0,21.0,7.0,0.0,0.0
2020-21,312597,Enrico Di Gesù,0,0.0,0.0,0.0,0.0,0.0,0.0
2020-21,311983,Enzo Adeagbo,0,0.0,0.0,0.0,0.0,0.0,0.0
2020-21,272901,Erick Ferigra,0,0.0,0.0,0.0,0.0,0.0,0.0
2020-21,202533,Erick Pulgar,0,1.0,3.0,31.0,21.0,0.0,0.0
2020-21,183581,Ernesto Torregrossa,0,1.0,0.0,6.0,1.0,0.0,0.0
2020-21,304020,Eugenio Bracelli,0,0.0,0.0,0.0,0.0,0.0,0.0
2020-21,308940,Fabio Cortinovis,0,0.0,0.0,0.0,0.0,0.0,0.0
2020-21,233409,Fabio Depaoli,0,0.0,0.0,22.0,18.0,0.0,0.0
2020-21,297223,Fabio Ponsi,0,0.0,0.0,0.0,0.0,0.0,0.0
2020-21,19667,Fabio Quagliarella,0,13.0,1.0,33.0,25.0,0.0,0.0
2020-21,214596,Fabián Ruiz,0,3.0,1.0,33.0,29.0,0.0,0.0
2020-21,152260,Faouzi Ghoulam,0,0.0,0.0,11.0,3.0,0.0,0.0
2020-21,317302,Federico Artioli,0,0.0,0.0,0.0,0.0,0.0,0.0
2020-21,177870,Federico Barba,0,0.0,2.0,32.0,31.0,0.0,0.0
2020-21,180956,Federico Bernardeschi,0,0.0,2.0,27.0,8.0,0.0,0.0
2020-21,197062,Federico Bonazzoli,0,2.0,3.0,22.0,6.0,0.0,0.0
2020-21,272733,Federico Brancolini,0,0.0,0.0,0.0,0.0,0.0,0.0
2020-21,153315,Federico Ceccherini,0,0.0,0.0,28.0,26.0,0.0,0.0
2020-21,234306,Federico Chiesa,0,9.0,9.0,33.0,31.0,0.0,0.0
2020-21,194748,Federico Dimarco,0,5.0,3.0,35.0,29.0,0.0,0.0
2020-21,97425,Federico Fazio,0,1.0,0.0,6.0,5.0,0.0,0.0
2020-21,116478,Federico Marchetti,0,0.0,0.0,4.0,4.0,0.0,0.0
2020-21,202334,Federico Mattiello,0,0.0,0.0,1.0,0.0,0.0,0.0
2020-21,116297,Federico Peluso,0,0.0,0.0,7.0,2.0,0.0,0.0
2020-21,245626,Federico Ravaglia,0,0.0,0.0,4.0,4.0,0.0,0.0
2020-21,152125,Federico Santander,0,0.0,1.0,4.0,0.0,0.0,0.0
2020-21,98025,Felipe Caicedo,0,8.0,0.0,25.0,9.0,0.0,0.0
2020-21,288900,Felix Correia,0,0.0,0.0,1.0,0.0,0.0,0.0
2020-21,92108,Fernando Forestieri,0,1.0,1.0,19.0,3.0,0.0,0.0
2020-21,46912,Fernando Llorente,0,1.0,0.0,17.0,8.0,0.0,0.0
2020-21,236210,Fikayo Tomori,0,1.0,0.0,17.0,16.0,0.0,0.0
2020-21,137076,Filip Djuricic,0,5.0,4.0,32.0,27.0,0.0,0.0
2020-21,289560,Filip Stankovic,0,0.0,0.0,0.0,0.0,0.0,0.0
2020-21,250670,Filippo Melegoni,0,0.0,0.0,14.0,3.0,0.0,0.0
2020-21,273255,Filippo Ranocchia,0,0.0,0.0,0.0,0.0,0.0,0.0
2020-21,297785,Filippo Rinaldi,0,0.0,0.0,0.0,0.0,0.0,0.0
2020-21,202335,Filippo Romagna,0,0.0,0.0,0.0,0.0,0.0,0.0
2020-21,303919,Filippo Terracciano,0,0.0,0.0,0.0,0.0,0.0,0.0
2020-21,315546,Florent Shehu,0,0.0,0.0,0.0,0.0,0.0,0.0
2020-21,148842,Francesco Acerbi,0,0.0,1.0,32.0,32.0,0.0,0.0
2020-21,125475,Francesco Caputo,0,11.0,5.0,25.0,19.0,0.0,0.0
2020-21,236165,Francesco Cassata,0,0.0,0.0,8.0,2.0,0.0,0.0
2020-21,298927,Francesco D'Alterio,0,0.0,0.0,0.0,0.0,0.0,0.0
2020-21,24100,Francesco Magnanelli,0,0.0,0.0,10.0,7.0,0.0,0.0
2020-21,310831,Francesco Paolo Cusumano,0,0.0,0.0,0.0,0.0,0.0,0.0
2020-21,89216,Francesco Rossi,0,0.0,0.0,0.0,0.0,0.0,0.0
2020-21,194711,Franck Kessié,0,13.0,4.0,37.0,36.0,0.0,0.0
2020-21,42968,Franck Ribéry,0,2.0,6.0,29.0,28.0,0.0,0.0
2020-21,308939,Franco Carboni,0,0.0,0.0,0.0,0.0,0.0,0.0
2020-21,271445,Franco Israel,0,0.0,0.0,0.0,0.0,0.0,0.0
2020-21,308904,Franco Orlando Vezzoni,0,0.0,0.0,0.0,0.0,0.0,0.0
2020-21,297081,Gabriel Pereira,0,0.0,0.0,0.0,0.0,0.0,0.0
2020-21,300009,Gabriele Artistico,0,0.0,0.0,0.0,0.0,0.0,0.0
2020-21,196085,Gabriele Moncini,0,0.0,0.0,10.0,4.0,0.0,0.0
2020-21,275943,Gabriele Zappa,0,0.0,4.0,34.0,27.0,0.0,0.0
2020-21,210230,Gaetano Castrovilli,0,5.0,3.0,34.0,29.0,0.0,0.0
2020-21,188270,Gaetano Letizia,0,3.0,1.0,24.0,18.0,0.0,0.0
2020-21,297786,Gaetano Oristanio,0,0.0,0.0,0.0,0.0,0.0,0.0
2020-21,147341,Gary Medel,0,0.0,1.0,11.0,6.0,0.0,0.0
2020-21,156228,Gastón Brugman,0,1.0,1.0,26.0,21.0,0.0,0.0
2020-21,183507,Gastón Pereiro,0,2.0,2.0,15.0,2.0,0.0,0.0
2020-21,130591,Gastón Ramírez,0,0.0,4.0,25.0,10.0,0.0,0.0
2020-21,209870,Gennaro Acampora,0,0.0,0.0,14.0,2.0,0.0,0.0
2020-21,213207,Georgios Kyriakopoulos,0,1.0,0.0,23.0,16.0,0.0,0.0
2020-21,156615,Gerard Deulofeu,0,1.0,1.0,13.0,7.0,0.0,0.0
2020-21,138341,Germán Pezzella,0,1.0,0.0,32.0,32.0,0.0,0.0
2020-21,102192,Gervinho,0,5.0,1.0,27.0,25.0,0.0,0.0
2020-21,113667,Giacomo Bonaventura,0,3.0,2.0,35.0,28.0,0.0,0.0
2020-21,303814,Giacomo Olzer,0,0.0,0.0,0.0,0.0,0.0,0.0
2020-21,271679,Giacomo Raspadori,0,6.0,1.0,27.0,13.0,0.0,0.0
2020-21,250685,Giacomo Vrioni,0,0.0,0.0,1.0,0.0,0.0,0.0
2020-21,307058,Gian Marco Crespi,0,0.0,0.0,1.0,1.0,0.0,0.0
2020-21,207823,Gian Marco Ferrari,0,0.0,4.0,34.0,33.0,0.0,0.0
2020-21,199989,Giangiacomo Magnani,0,0.0,0.0,25.0,15.0,0.0,0.0
2020-21,156792,Gianluca Caprari,0,5.0,6.0,30.0,23.0,0.0,0.0
2020-21,310992,Gianluca Contini,0,0.0,0.0,0.0,0.0,0.0,0.0
2020-21,251775,Gianluca Frabotta,0,0.0,1.0,15.0,8.0,0.0,0.0
2020-21,144668,Gianluca Lapadula,0,8.0,2.0,37.0,29.0,0.0,0.0
2020-21,212597,Gianluca Mancini,0,4.0,2.0,33.0,33.0,0.0,0.0
2020-21,104359,Gianluca Pegolo,0,0.0,0.0,1.0,1.0,0.0,0.0
2020-21,233140,Gianluca Scamacca,0,8.0,2.0,26.0,13.0,0.0,0.0
2020-21,12947,Gianluigi Buffon,0,0.0,0.0,8.0,8.0,0.0,0.0
2020-21,217092,Gianluigi Donnarumma,0,0.0,0.0,37.0,37.0,0.0,0.0
2020-21,291569,Gianmaco Todisco,0,0.0,0.0,0.0,0.0,0.0,0.0
2020-21,310770,Gioele Zacchi,0,0.0,0.0,0.0,0.0,0.0,0.0
2020-21,24836,Giorgio Chiellini,0,0.0,1.0,17.0,16.0,0.0,0.0
2020-21,309812,Giorgio Scalvini,0,0.0,0.0,0.0,0.0,0.0,0.0
2020-21,303969,Giovanni Aceto,0,0.0,0.0,0.0,0.0,0.0,0.0
2020-21,313279,Giovanni D'Aprile,0,0.0,0.0,0.0,0.0,0.0,0.0
2020-21,155904,Giovanni Di Lorenzo,0,3.0,6.0,36.0,36.0,0.0,0.0
2020-21,310963,Giovanni Garofani,0,0.0,0.0,0.0,0.0,0.0,0.0
2020-21,189974,Giovanni Simeone,0,6.0,2.0,33.0,19.0,0.0,0.0
2020-21,241730,Giulio Maggiore,0,3.0,1.0,33.0,26.0,0.0,0.0
2020-21,224446,Giuseppe Agostino,0,0.0,0.0,0.0,0.0,0.0,0.0
2020-21,292387,Giuseppe Ciocci,0,0.0,0.0,0.0,0.0,0.0,0.0
2020-21,243160,Giuseppe Cuomo,0,0.0,0.0,13.0,8.0,0.0,0.0
2020-21,183433,Giuseppe D'Agostino,0,0.0,0.0,0.0,0.0,0.0,0.0
2020-21,288350,Giuseppe Di Serio,0,0.0,0.0,16.0,1.0,0.0,0.0
2020-21,224249,Giuseppe Pezzella,0,1.0,4.0,24.0,21.0,0.0,0.0
2020-21,184767,Gonzalo Escalante,0,0.0,1.0,24.0,4.0,0.0,0.0
2020-21,273424,Gonzalo Villar,0,0.0,1.0,33.0,21.0,0.0,0.0
2020-21,23743,Goran Pandev,0,7.0,3.0,29.0,15.0,0.0,0.0
2020-21,40846,Graziano Pellè,0,1.0,2.0,13.0,6.0,0.0,0.0
2020-21,156883,Grégoire Defrel,0,3.0,3.0,28.0,14.0,0.0,0.0
2020-21,204082,Guglielmo Vicario,0,0.0,0.0,4.0,4.0,0.0,0.0
2020-21,292236,Guiseppe Caso,0,0.0,0.0,2.0,0.0,0.0,0.0
2020-21,170785,Hakan Çalhanoglu,0,4.0,9.0,33.0,30.0,0.0,0.0
2020-21,257058,Hamed Traoré,0,5.0,2.0,35.0,20.0,0.0,0.0
2020-21,294356,Hamza Rafia,0,0.0,0.0,0.0,0.0,0.0,0.0
2020-21,193448,Hans Hateboer,0,2.0,1.0,22.0,20.0,0.0,0.0
2020-21,286764,Hans Nicolussi Caviglia,0,0.0,0.0,0.0,0.0,0.0,0.0
2020-21,147625,Henrikh Mkhitaryan,0,13.0,10.0,34.0,30.0,0.0,0.0
2020-21,198980,Hernani,0,7.0,3.0,33.0,27.0,0.0,0.0
2020-21,200161,Hirving Lozano,0,11.0,3.0,32.0,23.0,0.0,0.0
2020-21,290830,Hubert Dawid Idasiak,0,0.0,0.0,0.0,0.0,0.0,0.0
2020-21,125491,Iago Falque,0,1.0,1.0,11.0,4.0,0.0,0.0
2020-21,283824,Ibrahim Karamoko,0,0.0,0.0,0.0,0.0,0.0,0.0
2020-21,175009,Ibrahima Mbaye,0,1.0,0.0,8.0,5.0,0.0,0.0
2020-21,187845,Ignacio Pussetto,0,3.0,1.0,12.0,10.0,0.0,0.0
2020-21,234143,Igor Julio,0,0.0,0.0,21.0,13.0,0.0,0.0
2020-21,298928,Igor Lucatelli,0,0.0,0.0,0.0,0.0,0.0,0.0
2020-21,176611,Ilija Nestorovski,0,2.0,1.0,22.0,4.0,0.0,0.0
2020-21,312771,Isaac Karamoko,0,0.0,0.0,1.0,0.0,0.0,0.0
2020-21,303903,Isaias Del Pupo,0,0.0,0.0,0.0,0.0,0.0,0.0
2020-21,214891,Ismaël Bennacer,0,0.0,2.0,21.0,17.0,0.0,0.0
2020-21,260004,Ivan Ilic,0,2.0,0.0,29.0,19.0,0.0,0.0
2020-21,103485,Ivan Perisic,0,4.0,5.0,32.0,20.0,0.0,0.0
2020-21,181836,Ivan Provedel,0,0.0,0.0,29.0,29.0,0.0,0.0
2020-21,114589,Ivan Radovanovic,0,0.0,0.0,33.0,24.0,0.0,0.0
2020-21,277234,Ivor Pandur,0,0.0,0.0,4.0,4.0,0.0,0.0
2020-21,211773,Jacopo Petriccione,0,0.0,0.0,20.0,11.0,0.0,0.0
2020-21,312760,Jacopo Ricco,0,0.0,0.0,0.0,0.0,0.0,0.0
2020-21,144734,Jacopo Sala,0,0.0,0.0,6.0,4.0,0.0,0.0
2020-21,210389,Jakub Jankto,0,6.0,4.0,35.0,29.0,0.0,0.0
2020-21,154715,Jasmin Kurtic,0,4.0,0.0,34.0,31.0,0.0,0.0
2020-21,102829,Javier Pastore,0,0.0,0.0,5.0,0.0,0.0,0.0
2020-21,284642,Jayden Braaf,0,1.0,0.0,4.0,1.0,0.0,0.0
2020-21,290075,Jean Freddi Greco,0,0.0,0.0,0.0,0.0,0.0,0.0
2020-21,164519,Jean-Daniel Akpa Akpro,0,0.0,1.0,32.0,6.0,0.0,0.0
2020-21,225557,Jean-Victor Makengo,0,0.0,0.0,17.0,5.0,0.0,0.0
2020-21,258909,Jeff Chabot,0,1.0,1.0,25.0,19.0,0.0,0.0
2020-21,235789,Jens Petter Hauge,0,2.0,0.0,18.0,3.0,0.0,0.0
2020-21,193186,Jens Stryger Larsen,0,2.0,0.0,33.0,30.0,0.0,0.0
2020-21,239998,Jerdy Schouten,0,1.0,1.0,34.0,28.0,0.0,0.0
2020-21,186024,Jeremy Toljan,0,0.0,1.0,26.0,18.0,0.0,0.0
2020-21,130177,Jeroen Zoet,0,0.0,0.0,7.0,7.0,0.0,0.0
2020-21,197314,Jerome Onguene,0,0.0,0.0,4.0,1.0,0.0,0.0
2020-21,238870,Joakim Maehle,0,0.0,2.0,20.0,12.0,0.0,0.0
2020-21,195638,Joaquín Correa,0,8.0,3.0,28.0,25.0,0.0,0.0
2020-21,157675,Jordan Veretout,0,10.0,3.0,29.0,25.0,0.0,0.0
2020-21,276327,Joshua Zirkzee,0,0.0,0.0,4.0,0.0,0.0,0.0
2020-21,150004,Josip Ilicic,0,6.0,9.0,28.0,17.0,0.0,0.0
2020-21,121600,José Callejón,0,0.0,1.0,20.0,6.0,0.0,0.0
2020-21,139390,José Palomino,0,1.0,2.0,36.0,25.0,0.0,0.0
2020-21,152014,João Pedro,0,16.0,3.0,37.0,37.0,0.0,0.0
2020-21,245771,Juan Brunetta,0,1.0,2.0,12.0,4.0,0.0,0.0
2020-21,118986,Juan Cuadrado,0,2.0,10.0,30.0,26.0,0.0,0.0
2020-21,177927,Juan Musso,0,0.0,0.0,35.0,35.0,0.0,0.0
2020-21,44234,Juan Ramos,0,0.0,0.0,6.0,2.0,0.0,0.0
2020-21,261054,Junior Messias,0,9.0,4.0,36.0,36.0,0.0,0.0
2020-21,131625,Juraj Kucka,0,7.0,2.0,28.0,28.0,0.0,0.0
2020-21,206153,Jérémie Boga,0,4.0,2.0,27.0,20.0,0.0,0.0
2020-21,159146,Kaan Ayhan,0,0.0,0.0,19.0,7.0,0.0,0.0
2020-21,318760,Kacper Urbanski,0,0.0,0.0,1.0,0.0,0.0,0.0
2020-21,283147,Kaique Rocha,0,0.0,0.0,0.0,0.0,0.0,0.0
2020-21,150312,Kalidou Koulibaly,0,0.0,0.0,26.0,25.0,0.0,0.0
2020-21,144288,Kamil Glik,0,2.0,1.0,36.0,36.0,0.0,0.0
2020-21,286991,Karim Zedadka,0,0.0,0.0,0.0,0.0,0.0,0.0
2020-21,238916,Karlo Letica,0,0.0,0.0,1.0,1.0,0.0,0.0
2020-21,198770,Karol Linetty,0,1.0,0.0,27.0,20.0,0.0,0.0
2020-21,184883,Keita Baldé,0,7.0,1.0,25.0,12.0,0.0,0.0
2020-21,270545,Kevin Agudelo,0,1.0,2.0,29.0,14.0,0.0,0.0
2020-21,196575,Kevin Bonifazi,0,0.0,0.0,30.0,28.0,0.0,0.0
2020-21,207819,Kevin Lasagna,0,4.0,1.0,36.0,26.0,0.0,0.0
2020-21,259903,Kevin Ruegg,0,0.0,0.0,7.0,1.0,0.0,0.0
2020-21,116184,Kevin Strootman,0,0.0,4.0,18.0,18.0,0.0,0.0
2020-21,164137,Koffi Djidji,0,1.0,0.0,20.0,16.0,0.0,0.0
2020-21,309570,Koni De Winter,0,0.0,0.0,0.0,0.0,0.0,0.0
2020-21,174616,Koray Günter,0,0.0,2.0,27.0,21.0,0.0,0.0
2020-21,147439,Kostas Manolas,0,0.0,0.0,30.0,27.0,0.0,0.0
2020-21,280963,Kristoffer Askildsen,0,0.0,0.0,6.0,0.0,0.0,0.0
2020-21,303913,Krisztofer Horváth,0,0.0,0.0,0.0,0.0,0.0,0.0
2020-21,113754,Kwadwo Asamoah,0,0.0,0.0,9.0,1.0,0.0,0.0
2020-21,147194,Kévin Malcuit,0,0.0,0.0,7.0,2.0,0.0,0.0
2020-21,219713,Lautaro Martínez,0,17.0,6.0,38.0,30.0,0.0,0.0
2020-21,281590,Lautaro Valenti,0,0.0,0.0,11.0,6.0,0.0,0.0
2020-21,276614,Lennart Czyborra,0,1.0,0.0,17.0,15.0,0.0,0.0
2020-21,216109,Leo Sena,0,0.0,0.0,16.0,8.0,0.0,0.0
2020-21,74413,Leonardo Bonucci,0,2.0,0.0,26.0,23.0,0.0,0.0
2020-21,307858,Leonardo Moleri,0,0.0,0.0,0.0,0.0,0.0,0.0
2020-21,162640,Leonardo Pavoletti,0,4.0,3.0,33.0,17.0,0.0,0.0
2020-21,148974,Leonardo Spinazzola,0,2.0,4.0,27.0,25.0,0.0,0.0
2020-21,195714,Lisandro Magallán,0,1.0,2.0,28.0,25.0,0.0,0.0
2020-21,281606,Lorenzo Avogadri,0,0.0,0.0,0.0,0.0,0.0,0.0
2020-21,310716,Lorenzo Bertini,0,0.0,0.0,0.0,0.0,0.0,0.0
2020-21,313463,Lorenzo Chiti,0,0.0,0.0,0.0,0.0,0.0,0.0
2020-21,68070,Lorenzo De Silvestri,0,2.0,0.0,29.0,25.0,0.0,0.0
2020-21,139028,Lorenzo Insigne,0,19.0,7.0,35.0,33.0,0.0,0.0
2020-21,184737,Lorenzo Montipò,0,0.0,0.0,37.0,37.0,0.0,0.0
2020-21,26202,Lorenzo Moretti,0,0.0,0.0,0.0,0.0,0.0,0.0
2020-21,204320,Lorenzo Pellegrini,0,7.0,6.0,34.0,30.0,0.0,0.0
2020-21,99501,Lorenzo Tonelli,0,1.0,0.0,23.0,21.0,0.0,0.0
2020-21,199726,Lorenzo Venuti,0,0.0,1.0,28.0,21.0,0.0,0.0
2020-21,286999,Louis Munteanu,0,0.0,0.0,0.0,0.0,0.0,0.0
2020-21,165532,Luca Antei,0,0.0,0.0,0.0,0.0,0.0,0.0
2020-21,132063,Luca Caldirola,0,2.0,0.0,25.0,17.0,0.0,0.0
2020-21,134542,Luca Ceppitelli,0,0.0,0.0,19.0,16.0,0.0,0.0
2020-21,68242,Luca Cigarini,0,0.0,0.0,14.0,13.0,0.0,0.0
2020-21,123599,Luca Marrone,0,0.0,0.0,21.0,18.0,0.0,0.0
2020-21,251144,Luca Pellegrini,0,0.0,1.0,11.0,7.0,0.0,0.0
2020-21,303820,Luca Stanga,0,0.0,0.0,0.0,0.0,0.0,0.0
2020-21,224414,Luca Vignali,0,0.0,0.0,21.0,19.0,0.0,0.0
2020-21,108315,Lucas Leiva,0,0.0,0.0,32.0,30.0,0.0,0.0
2020-21,219086,Lucas Martínez Quarta,0,1.0,0.0,21.0,15.0,0.0,0.0
2020-21,177815,Lucas Zima,0,0.0,0.0,0.0,0.0,0.0,0.0
2020-21,282289,Lucien Agoumé,0,0.0,0.0,12.0,9.0,0.0,0.0
2020-21,297225,Ludovico Gelmi,0,0.0,0.0,0.0,0.0,0.0,0.0
2020-21,308057,Luigi Samele,0,0.0,0.0,0.0,0.0,0.0,0.0
2020-21,126109,Luigi Sepe,0,0.0,0.0,36.0,36.0,0.0,0.0
2020-21,146388,Luis Alberto,0,9.0,2.0,34.0,33.0,0.0,0.0
2020-21,151510,Luis Muriel,0,22.0,9.0,36.0,16.0,0.0,0.0
2020-21,138424,Luis Rojas,0,0.0,0.0,7.0,0.0,0.0,0.0
2020-21,225637,Luiz Felipe,0,0.0,0.0,14.0,10.0,0.0,0.0
2020-21,179358,Lukasz Skorupski,0,0.0,0.0,28.0,28.0,0.0,0.0
2020-21,194966,Lukás Haraslín,0,0.0,0.0,14.0,2.0,0.0,0.0
2020-21,220747,Lyanco,0,0.0,0.0,23.0,21.0,0.0,0.0
2020-21,261173,M'Bala Nzola,0,11.0,3.0,25.0,21.0,0.0,0.0
2020-21,135289,Manolo Gabbiadini,0,3.0,2.0,16.0,10.0,0.0,0.0
2020-21,288786,Manolo Portanova,0,0.0,0.0,5.0,1.0,0.0,0.0
2020-21,268195,Manuel Gasparini,0,0.0,0.0,1.0,0.0,0.0,0.0
2020-21,241430,Manuel Lazzari,0,2.0,5.0,32.0,30.0,0.0,0.0
2020-21,217538,Manuel Locatelli,0,4.0,2.0,34.0,32.0,0.0,0.0
2020-21,261403,Marash Kumbulla,0,1.0,0.0,21.0,14.0,0.0,0.0
2020-21,178383,Marcelo Brozovic,0,2.0,6.0,33.0,29.0,0.0,0.0
2020-21,283687,Marco Alia,0,0.0,0.0,0.0,0.0,0.0,0.0
2020-21,176762,Marco Benassi,0,0.0,0.0,0.0,0.0,0.0,0.0
2020-21,309565,Marco Bertini,0,0.0,0.0,1.0,0.0,0.0,0.0
2020-21,222459,Marco Festa,0,0.0,0.0,1.0,1.0,0.0,0.0
2020-21,307856,Marco Frigerio,0,0.0,0.0,0.0,0.0,0.0,0.0
2020-21,292198,Marco Molla,0,0.0,0.0,0.0,0.0,0.0,0.0
2020-21,120646,Marco Parolo,0,0.0,2.0,18.0,7.0,0.0,0.0
2020-21,166335,Marco Sau,0,4.0,2.0,24.0,9.0,0.0,0.0
2020-21,125906,Marco Silvestri,0,0.0,0.0,34.0,34.0,0.0,0.0
2020-21,174915,Marco Sportiello,0,0.0,0.0,15.0,13.0,0.0,0.0
2020-21,105582,Mario Mandzukic,0,0.0,0.0,10.0,1.0,0.0,0.0
2020-21,189668,Mario Pasalic,0,6.0,2.0,25.0,10.0,0.0,0.0
2020-21,187956,Marko Pjaca,0,3.0,2.0,35.0,15.0,0.0,0.0
2020-21,206357,Marko Rog,0,0.0,0.0,14.0,14.0,0.0,0.0
2020-21,291677,Marley Aké,0,0.0,0.0,0.0,0.0,0.0,0.0
2020-21,200651,Marlon,0,0.0,0.0,24.0,19.0,0.0,0.0
2020-21,146335,Marten de Roon,0,1.0,1.0,35.0,33.0,0.0,0.0
2020-21,216579,Martin Erlic,0,3.0,1.0,27.0,19.0,0.0,0.0
2020-21,303938,Martin Palumbo,0,0.0,0.0,3.0,1.0,0.0,0.0
2020-21,309597,Martin Turk,0,0.0,0.0,0.0,0.0,0.0,0.0
2020-21,103029,Martín Cáceres,0,2.0,2.0,29.0,26.0,0.0,0.0
2020-21,284854,Martín Satriano,0,0.0,0.0,0.0,0.0,0.0,0.0
2020-21,129316,Marvin Zeegelaar,0,1.0,0.0,24.0,23.0,0.0,0.0
2020-21,309566,Marzio Pica,0,0.0,0.0,0.0,0.0,0.0,0.0
2020-21,291561,Massimiliano Mignogna,0,0.0,0.0,0.0,0.0,0.0,0.0
2020-21,307848,Matei Ilie,0,0.0,0.0,0.0,0.0,0.0,0.0
2020-21,291713,Mateo Itrak,0,0.0,0.0,0.0,0.0,0.0,0.0
2020-21,140494,Mateo Musacchio,0,0.0,0.0,5.0,2.0,0.0,0.0
2020-21,309806,Matias Rocchi,0,0.0,0.0,0.0,0.0,0.0,0.0
2020-21,127393,Mato Jajalo,0,0.0,0.0,1.0,0.0,0.0,0.0
2020-21,308944,Matteo Cancellieri,0,0.0,0.0,0.0,0.0,0.0,0.0
2020-21,311977,Matteo Carnelos,0,0.0,0.0,0.0,0.0,0.0,0.0
2020-21,91873,Matteo Darmian,0,3.0,3.0,29.0,16.0,0.0,0.0
2020-21,255922,Matteo Gabbia,0,0.0,0.0,8.0,7.0,0.0,0.0
2020-21,287986,Matteo Lovato,0,0.0,0.0,24.0,14.0,0.0,0.0
2020-21,224455,Matteo Pessina,0,2.0,2.0,28.0,21.0,0.0,0.0
2020-21,188306,Matteo Politano,0,9.0,4.0,37.0,22.0,0.0,0.0
2020-21,165771,Matteo Ricci,0,0.0,2.0,29.0,26.0,0.0,0.0
2020-21,297229,Matteo Ruggeri,0,0.0,0.0,6.0,3.0,0.0,0.0
2020-21,312259,Matteo Saccani,0,0.0,0.0,0.0,0.0,0.0,0.0
2020-21,260237,Matteo Tramoni,0,0.0,0.0,6.0,0.0,0.0,0.0
2020-21,239349,Matthijs de Ligt,0,1.0,1.0,27.0,25.0,0.0,0.0
2020-21,207300,Mattia Bani,0,0.0,0.0,26.0,24.0,0.0,0.0
2020-21,196026,Mattia Caldara,0,0.0,0.0,6.0,1.0,0.0,0.0
2020-21,132067,Mattia Destro,0,11.0,1.0,29.0,22.0,0.0,0.0
2020-21,272859,Mattia Novella,0,0.0,0.0,0.0,0.0,0.0,0.0
2020-21,310248,Mattia Pagliuca,0,0.0,0.0,1.0,0.0,0.0,0.0
2020-21,308943,Mattia Paloschi,0,0.0,0.0,0.0,0.0,0.0,0.0
2020-21,146683,Mattia Perin,0,0.0,0.0,32.0,32.0,0.0,0.0
2020-21,182640,Mattia Sprocati,0,0.0,0.0,1.0,0.0,0.0,0.0
2020-21,310989,Mattia Timmoneri,0,0.0,0.0,0.0,0.0,0.0,0.0
2020-21,204669,Mattia Zaccagni,0,5.0,5.0,36.0,33.0,0.0,0.0
2020-21,220120,Mattias Svanberg,0,5.0,2.0,34.0,24.0,0.0,0.0
2020-21,145600,Matías Vecino,0,1.0,1.0,8.0,3.0,0.0,0.0
2020-21,254032,Matías Viña,0,0.0,0.0,0.0,0.0,0.0,0.0
2020-21,276839,Maxime Busi,0,0.0,1.0,24.0,11.0,0.0,0.0
2020-21,223122,Maxime López,0,2.0,0.0,29.0,22.0,0.0,0.0
2020-21,154373,Maximiliano Olivera,0,0.0,0.0,2.0,1.0,0.0,0.0
2020-21,105803,Maya Yoshida,0,1.0,2.0,32.0,25.0,0.0,0.0
2020-21,142127,Mehdi Bourabia,0,1.0,0.0,15.0,4.0,0.0,0.0
2020-21,256212,Mehdi Léris,0,0.0,0.0,20.0,3.0,0.0,0.0
2020-21,267178,Merih Demiral,0,0.0,1.0,15.0,10.0,0.0,0.0
2020-21,266002,Mert Müldür,0,0.0,0.0,28.0,18.0,0.0,0.0
2020-21,262483,Mert Çetin,0,0.0,0.0,6.0,4.0,0.0,0.0
2020-21,86744,Miguel Veloso,0,2.0,2.0,21.0,15.0,0.0,0.0
2020-21,189394,Miha Zajc,0,1.0,3.0,31.0,22.0,0.0,0.0
2020-21,308932,Mikkel Damsgaard,0,2.0,4.0,35.0,18.0,0.0,0.0
2020-21,121090,Milan Badelj,0,1.0,4.0,31.0,30.0,0.0,0.0
2020-21,175195,Milan Skriniar,0,3.0,0.0,32.0,31.0,0.0,0.0
2020-21,289452,Milos Vulic,0,1.0,1.0,25.0,13.0,0.0,0.0
2020-21,175014,Mitchell Dijks,0,0.0,0.0,20.0,18.0,0.0,0.0
2020-21,204670,Mohamed Fares,0,0.0,1.0,21.0,12.0,0.0,0.0
2020-21,202686,Morten Thorsby,0,3.0,1.0,33.0,29.0,0.0,0.0
2020-21,269072,Musa Barrow,0,8.0,8.0,38.0,34.0,0.0,0.0
2020-21,278439,Musa Juwara,0,0.0,0.0,5.0,0.0,0.0,0.0
2020-21,164210,Mário Rui,0,0.0,2.0,27.0,17.0,0.0,0.0
2020-21,297191,Márk Kosznovszky,0,0.0,0.0,1.0,1.0,0.0,0.0
2020-21,221436,Mërgim Vojvoda,0,2.0,2.0,24.0,17.0,0.0,0.0
2020-21,291560,Nadir Zortea,0,0.0,0.0,0.0,0.0,0.0,0.0
2020-21,213056,Nahitan Nández,0,2.0,2.0,32.0,31.0,0.0,0.0
2020-21,223645,Nahuel Estévez,0,0.0,3.0,27.0,19.0,0.0,0.0
2020-21,164826,Nahuel Molina,0,2.0,5.0,29.0,18.0,0.0,0.0
2020-21,173226,Niccolò Manfredini,0,0.0,0.0,1.0,1.0,0.0,0.0
2020-21,319438,Niccolò Pietra,0,0.0,0.0,0.0,0.0,0.0,0.0
2020-21,297217,Niccolò Squizzato,0,0.0,0.0,0.0,0.0,0.0,0.0
2020-21,240266,Niccolò Zanellato,0,1.0,1.0,27.0,18.0,0.0,0.0
2020-21,297227,Nicholas Bonfanti,0,0.0,0.0,0.0,0.0,0.0,0.0
2020-21,268580,Nicola Borghetto,0,0.0,0.0,0.0,0.0,0.0,0.0
2020-21,165485,Nicola Murru,0,0.0,0.0,14.0,7.0,0.0,0.0
2020-21,134433,Nicola Ravaglia,0,0.0,0.0,0.0,0.0,0.0,0.0
2020-21,153341,Nicola Sansone,0,2.0,2.0,26.0,11.0,0.0,0.0
2020-21,288488,Nicola Zalewski,0,0.0,1.0,1.0,0.0,0.0,0.0
2020-21,121592,Nicolas Nkoulou,0,1.0,0.0,18.0,16.0,0.0,0.0
2020-21,93062,Nicolas Viola,0,5.0,3.0,17.0,12.0,0.0,0.0
2020-21,254118,Nicolás Domínguez,0,1.0,0.0,28.0,15.0,0.0,0.0
2020-21,268798,Nicolò Armini,0,0.0,0.0,1.0,0.0,0.0,0.0
2020-21,204441,Nicolò Barella,0,3.0,7.0,36.0,32.0,0.0,0.0
2020-21,319437,Nicolò Bertola,0,0.0,0.0,0.0,0.0,0.0,0.0
2020-21,276254,Nicolò Fagioli,0,0.0,0.0,1.0,0.0,0.0,0.0
2020-21,285969,Nicolò Rovella,0,0.0,2.0,20.0,12.0,0.0,0.0
2020-21,251388,Nicolò Zaniolo,0,0.0,0.0,0.0,0.0,0.0,0.0
2020-21,307060,Nik Prelec,0,0.0,0.0,0.0,0.0,0.0,0.0
2020-21,198082,Nikita Contini,0,0.0,0.0,0.0,0.0,0.0,0.0
2020-21,111757,Nikola Kalinic,0,2.0,0.0,19.0,15.0,0.0,0.0
2020-21,137830,Nikola Maksimovic,0,0.0,0.0,17.0,12.0,0.0,0.0
2020-21,238990,Nikola Milenkovic,0,3.0,1.0,34.0,34.0,0.0,0.0
2020-21,278901,Nikos Michelis,0,0.0,0.0,0.0,0.0,0.0,0.0
2020-21,174016,Omar Colley,0,2.0,0.0,29.0,28.0,0.0,0.0
2020-21,310247,Omar Khailoti,0,0.0,0.0,1.0,0.0,0.0,0.0
2020-21,177560,Paolo Faragò,0,0.0,0.0,9.0,4.0,0.0,0.0
2020-21,215525,Paolo Ghiglione,0,0.0,4.0,23.0,14.0,0.0,0.0
2020-21,92043,Pasquale Schiattarella,0,1.0,1.0,29.0,26.0,0.0,0.0
2020-21,169818,Patric,0,0.0,1.0,25.0,18.0,0.0,0.0
2020-21,164839,Paulo Dybala,0,4.0,3.0,20.0,14.0,0.0,0.0
2020-21,190805,Pawel Dawidowicz,0,0.0,0.0,30.0,22.0,0.0,0.0
2020-21,131209,Pedro Obiang,0,0.0,1.0,33.0,16.0,0.0,0.0
2020-21,224188,Pedro Pereira,0,0.0,4.0,35.0,29.0,0.0,0.0
2020-21,12910,Pepe Reina,0,0.0,0.0,29.0,29.0,0.0,0.0
2020-21,86384,Perparim Hetemaj,0,0.0,2.0,31.0,27.0,0.0,0.0
2020-21,266397,Petar Micin,0,0.0,0.0,1.0,0.0,0.0,0.0
2020-21,304201,Philip Yeboah Ankrah,0,0.0,0.0,1.0,0.0,0.0,0.0
2020-21,132139,Pier Graziano Gori,0,0.0,0.0,0.0,0.0,0.0,0.0
2020-21,206587,Pierluigi Gollini,0,0.0,0.0,25.0,25.0,0.0,0.0
2020-21,290129,Pierre Kalulu,0,1.0,1.0,13.0,7.0,0.0,0.0
2020-21,143100,Pietro Terracciano,0,0.0,0.0,4.0,2.0,0.0,0.0
2020-21,177782,Piotr Zielinski,0,8.0,10.0,36.0,32.0,0.0,0.0
2020-21,222595,Rade Krunic,0,1.0,2.0,25.0,5.0,0.0,0.0
2020-21,113107,Radja Nainggolan,0,1.0,0.0,26.0,22.0,0.0,0.0
2020-21,310216,Radu Dragusin,0,0.0,0.0,1.0,0.0,0.0,0.0
2020-21,139037,Rafael,0,0.0,1.0,3.0,2.0,0.0,0.0
2020-21,258917,Rafael Leão,0,6.0,6.0,30.0,22.0,0.0,0.0
2020-21,196855,Rafael Tolói,0,2.0,0.0,31.0,29.0,0.0,0.0
2020-21,308973,Raffaele Spina,0,0.0,0.0,0.0,0.0,0.0,0.0
2020-21,37085,Ragnar Klavan,0,0.0,0.0,15.0,9.0,0.0,0.0
2020-21,239738,Razvan Marin,0,3.0,6.0,37.0,35.0,0.0,0.0
2020-21,302721,Razvan Sava,0,0.0,0.0,0.0,0.0,0.0,0.0
2020-21,303906,Raúl Moro,0,0.0,0.0,1.0,0.0,0.0,0.0
2020-21,303908,Reinaldo Radu,0,0.0,0.0,0.0,0.0,0.0,0.0
2020-21,152600,Remo Freuler,0,2.0,3.0,34.0,32.0,0.0,0.0
2020-21,136865,Ricardo Rodríguez,0,0.0,0.0,16.0,15.0,0.0,0.0
2020-21,297787,Riccardo Boscolo Chio,0,0.0,0.0,0.0,0.0,0.0,0.0
2020-21,298329,Riccardo Calafiori,0,0.0,0.0,3.0,1.0,0.0,0.0
2020-21,312605,Riccardo Capellini,0,0.0,0.0,0.0,0.0,0.0,0.0
2020-21,188269,Riccardo Gagliolo,0,2.0,2.0,28.0,22.0,0.0,0.0
2020-21,170125,Riccardo Improta,0,1.0,0.0,34.0,23.0,0.0,0.0
2020-21,227272,Riccardo Marchizza,0,0.0,2.0,25.0,18.0,0.0,0.0
2020-21,307857,Riccardo Oddi,0,0.0,0.0,0.0,0.0,0.0,0.0
2020-21,234426,Riccardo Orsolini,0,7.0,3.0,34.0,21.0,0.0,0.0
2020-21,127466,Riccardo Saponara,0,2.0,0.0,11.0,5.0,0.0,0.0
2020-21,262480,Riccardo Sottil,0,2.0,1.0,21.0,12.0,0.0,0.0
2020-21,306708,Riccardo Tonin,0,0.0,0.0,0.0,0.0,0.0,0.0
2020-21,205614,Rick Karsdorp,0,1.0,6.0,34.0,28.0,0.0,0.0
2020-21,193977,Roberto Gagliardini,0,3.0,2.0,28.0,14.0,0.0,0.0
2020-21,148833,Roberto Inglese,0,0.0,2.0,14.0,6.0,0.0,0.0
2020-21,181127,Roberto Insigne,0,2.0,4.0,30.0,17.0,0.0,0.0
2020-21,142738,Roberto Pereyra,0,5.0,7.0,34.0,34.0,0.0,0.0
2020-21,285438,Roberto Piccoli,0,5.0,0.0,20.0,8.0,0.0,0.0
2020-21,131469,Roberto Soriano,0,9.0,6.0,37.0,37.0,0.0,0.0
2020-21,198087,Robin Gosens,0,11.0,6.0,32.0,30.0,0.0,0.0
2020-21,231291,Rodrigo Becão,0,1.0,0.0,35.0,32.0,0.0,0.0
2020-21,215772,Rodrigo Bentancur,0,0.0,4.0,33.0,27.0,0.0,0.0
2020-21,174466,Rodrigo De Paul,0,9.0,9.0,36.0,36.0,0.0,0.0
2020-21,137715,Rodrigo Palacio,0,5.0,5.0,36.0,28.0,0.0,0.0
2020-21,259835,Roger Ibañez,0,0.0,1.0,30.0,28.0,0.0,0.0
2020-21,228397,Rogério,0,0.0,1.0,28.0,21.0,0.0,0.0
2020-21,210392,Rolando Mandragora,0,3.0,1.0,27.0,20.0,0.0,0.0
2020-21,139437,Romelu Lukaku,0,24.0,11.0,36.0,32.0,0.0,0.0
2020-21,235593,Ronaldo Vieira,0,0.0,0.0,4.0,2.0,0.0,0.0
2020-21,308972,Rosario Cancello,0,0.0,0.0,0.0,0.0,0.0,0.0
2020-21,86758,Rui Patrício,0,0.0,0.0,0.0,0.0,0.0,0.0
2020-21,208789,Ruslan Malinovskyi,0,8.0,12.0,36.0,22.0,0.0,0.0
2020-21,319324,Salah Basha,0,0.0,0.0,0.0,0.0,0.0,0.0
2020-21,281591,Salvador Ferrer,0,0.0,1.0,18.0,14.0,0.0,0.0
2020-21,303904,Salvatore Boccia,0,0.0,0.0,0.0,0.0,0.0,0.0
2020-21,189796,Salvatore Molina,0,1.0,4.0,29.0,28.0,0.0,0.0
2020-21,68067,Salvatore Sirigu,0,0.0,0.0,32.0,32.0,0.0,0.0
2020-21,224042,Sam Lammers,0,2.0,0.0,15.0,1.0,0.0,0.0
2020-21,199059,Samir,0,1.0,0.0,30.0,24.0,0.0,0.0
2020-21,44323,Samir Handanovic,0,0.0,0.0,37.0,37.0,0.0,0.0
2020-21,104432,Samir Ujkani,0,0.0,0.0,1.0,1.0,0.0,0.0
2020-21,207278,Samu Castillejo,0,1.0,0.0,28.0,12.0,0.0,0.0
2020-21,77260,Samuel Di Carmine,0,0.0,0.0,22.0,12.0,0.0,0.0
2020-21,291596,Samuele Vianni,0,0.0,0.0,0.0,0.0,0.0,0.0
2020-21,307715,Samuele Vitale,0,0.0,0.0,0.0,0.0,0.0,0.0
2020-21,261047,Sandro Tonali,0,0.0,0.0,25.0,17.0,0.0,0.0
2020-21,222300,Sasa Lukic,0,3.0,0.0,32.0,24.0,0.0,0.0
2020-21,92096,Sebastian De Maio,0,0.0,0.0,15.0,9.0,0.0,0.0
2020-21,121562,Sebastian Prödl,0,0.0,0.0,0.0,0.0,0.0,0.0
2020-21,288483,Sebastian Walukiewicz,0,0.0,1.0,19.0,18.0,0.0,0.0
2020-21,192573,Sebastiano Luperto,0,0.0,0.0,23.0,22.0,0.0,0.0
2020-21,121504,Senad Lulic,0,0.0,0.0,16.0,8.0,0.0,0.0
2020-21,211141,Sergej Milinkovic-Savic,0,8.0,10.0,32.0,32.0,0.0,0.0
2020-21,296748,Sergio Yakubiv,0,0.0,0.0,0.0,0.0,0.0,0.0
2020-21,99987,Simon Kjaer,0,0.0,2.0,28.0,28.0,0.0,0.0
2020-21,275015,Simon Sohm,0,1.0,0.0,18.0,8.0,0.0,0.0
2020-21,109470,Simone Aresti,0,0.0,0.0,0.0,0.0,0.0,0.0
2020-21,200146,Simone Bastoni,0,1.0,7.0,22.0,19.0,0.0,0.0
2020-21,119398,Simone Colombi,0,0.0,0.0,2.0,2.0,0.0,0.0
2020-21,87175,Simone Iacoponi,0,0.0,0.0,16.0,13.0,0.0,0.0
2020-21,297233,Simone Panada,0,0.0,0.0,0.0,0.0,0.0,0.0
2020-21,309204,Simone Rabbi,0,0.0,1.0,4.0,0.0,0.0,0.0
2020-21,181784,Simone Scuffet,0,0.0,0.0,1.0,1.0,0.0,0.0
2020-21,142164,Simone Verdi,0,1.0,5.0,33.0,17.0,0.0,0.0
2020-21,132580,Simone Zaza,0,6.0,0.0,29.0,15.0,0.0,0.0
2020-21,189477,Simy,0,20.0,2.0,38.0,31.0,0.0,0.0
2020-21,272341,Siriki Sanogo,0,0.0,0.0,1.0,0.0,0.0,0.0
2020-21,195226,Sofyan Amrabat,0,0.0,0.0,31.0,28.0,0.0,0.0
2020-21,164167,Souahilo Meïté,0,1.0,1.0,30.0,15.0,0.0,0.0
2020-21,188412,Stanislav Lobotka,0,0.0,0.0,15.0,0.0,0.0,0.0
2020-21,299993,Steeve-Mike Eboa Ebongue,0,0.0,1.0,3.0,0.0,0.0,0.0
2020-21,115103,Stefan Radu,0,0.0,3.0,31.0,30.0,0.0,0.0
2020-21,141443,Stefan de Vrij,0,1.0,0.0,32.0,30.0,0.0,0.0
2020-21,57155,Stefano Okaka,0,4.0,1.0,22.0,17.0,0.0,0.0
2020-21,298018,Stefano Piccinini,0,0.0,0.0,0.0,0.0,0.0,0.0
2020-21,180927,Stefano Sensi,0,0.0,0.0,18.0,4.0,0.0,0.0
2020-21,155014,Stefano Sturaro,0,1.0,0.0,16.0,10.0,0.0,0.0
2020-21,261399,Stefano Turati,0,0.0,0.0,0.0,0.0,0.0,0.0
2020-21,310771,Stefano Vannucchi,0,0.0,0.0,0.0,0.0,0.0,0.0
2020-21,130036,Stephan El Shaarawy,0,1.0,1.0,10.0,6.0,0.0,0.0
2020-21,308902,Szymon Czyz,0,0.0,0.0,0.0,0.0,0.0,0.0
2020-21,238004,Takehiro Tomiyasu,0,2.0,0.0,31.0,31.0,0.0,0.0
2020-21,236209,Tammy Abraham,0,0.0,0.0,0.0,0.0,0.0,0.0
2020-21,233621,Theo Hernández,0,7.0,5.0,33.0,33.0,0.0,0.0
2020-21,286990,Thomas Battistella,0,0.0,0.0,0.0,0.0,0.0,0.0
2020-21,223312,Thomas Ouwejan,0,0.0,2.0,15.0,3.0,0.0,0.0
2020-21,180047,Thomas Strakosha,0,0.0,0.0,9.0,9.0,0.0,0.0
2020-21,308938,Tibo Persyn,0,0.0,0.0,0.0,0.0,0.0,0.0
2020-21,192550,Tiemoué Bakayoko,0,2.0,1.0,32.0,23.0,0.0,0.0
2020-21,241397,Titas Krapikas,0,0.0,0.0,0.0,0.0,0.0,0.0
2020-21,135806,Tolgay Arslan,0,3.0,0.0,30.0,25.0,0.0,0.0
2020-21,260197,Tommaso Augello,0,1.0,3.0,37.0,37.0,0.0,0.0
2020-21,276654,Tommaso Pobega,0,6.0,0.0,20.0,17.0,0.0,0.0
2020-21,131245,Tomás Rincón,0,1.0,1.0,36.0,33.0,0.0,0.0
2020-21,278986,Tòfol Montiel,0,0.0,0.0,2.0,0.0,0.0,0.0
2020-21,274733,Valentin Antov,0,0.0,0.0,5.0,2.0,0.0,0.0
2020-21,153634,Valentin Eysseric,0,2.0,0.0,16.0,6.0,0.0,0.0
2020-21,267008,Valentin Mihaila,0,3.0,0.0,16.0,4.0,0.0,0.0
2020-21,314187,Valerio Labriola,0,0.0,0.0,0.0,0.0,0.0,0.0
2020-21,165533,Valerio Verre,0,3.0,3.0,27.0,12.0,0.0,0.0
2020-21,68069,Valon Behrami,0,0.0,0.0,26.0,8.0,0.0,0.0
2020-21,219531,Vanja Milinkovic-Savic,0,0.0,0.0,5.0,5.0,0.0,0.0
2020-21,131096,Vasco Regini,0,0.0,0.0,3.0,1.0,0.0,0.0
2020-21,290209,Vasilios Zagaritis,0,0.0,0.0,2.0,0.0,0.0,0.0
2020-21,240209,Vedat Muriqi,0,1.0,0.0,27.0,7.0,0.0,0.0
2020-21,228296,Victor Osimhen,0,10.0,3.0,24.0,16.0,0.0,0.0
2020-21,213471,Viktor Kovalenko,0,0.0,0.0,1.0,0.0,0.0,0.0
2020-21,175244,Vincent Laurini,0,0.0,0.0,14.0,10.0,0.0,0.0
2020-21,164764,Vlad Chiriches,0,2.0,1.0,24.0,22.0,0.0,0.0
2020-21,238489,Vlasmir Golemic,0,2.0,0.0,30.0,26.0,0.0,0.0
2020-21,204113,Walace,0,0.0,0.0,30.0,23.0,0.0,0.0
2020-21,190977,Wesley Hoedt,0,0.0,0.0,17.0,10.0,0.0,0.0
2020-21,256715,Weston McKennie,0,5.0,2.0,34.0,18.0,0.0,0.0
2020-21,286569,Wilfried Singo,0,1.0,2.0,28.0,20.0,0.0,0.0
2020-21,318394,Wisdom Amey,0,0.0,0.0,1.0,0.0,0.0,0.0
2020-21,131634,Wojciech Szczesny,0,0.0,1.0,30.0,30.0,0.0,0.0
2020-21,181792,Wylan Cyprien,0,0.0,0.0,13.0,2.0,0.0,0.0
2020-21,225555,Yann Karamoh,0,2.0,1.0,24.0,16.0,0.0,0.0
2020-21,319421,Yayah Kallon,0,0.0,0.0,1.0,0.0,0.0,0.0
2020-21,192732,Yordan Osorio,0,0.0,0.0,23.0,21.0,0.0,0.0
2020-21,297035,Zito Luvumbo,0,0.0,0.0,0.0,0.0,0.0,0.0
2020-21,11001,Zlatan Ibrahimovic,0,15.0,2.0,19.0,18.0,0.0,0.0
2020-21,154446,Álvaro Morata,0,11.0,9.0,32.0,23.0,0.0,0.0
2021-22,283940,Aaron Hickey,0,5.0,1.0,36.0,34.0,0.0,0.0
2021-22,252293,Abdelhamid Sabiri,0,3.0,2.0,14.0,9.0,0.0,0.0
2021-22,268961,Abdou Harroui,0,0.0,0.0,22.0,3.0,0.0,0.0
2021-22,218105,Adam Marusic,0,1.0,1.0,33.0,30.0,0.0,0.0
2021-22,322913,Adam Obert,0,0.0,0.0,6.0,3.0,0.0,0.0
2021-22,227932,Adam Ounas,0,0.0,0.0,15.0,1.0,0.0,0.0
2021-22,164180,Adama Soumaoro,0,0.0,0.0,28.0,26.0,0.0,0.0
2021-22,239120,Adrian Ismajli,0,0.0,0.0,20.0,13.0,0.0,0.0
2021-22,228326,Adrian Semper,0,0.0,0.0,1.0,1.0,0.0,0.0
2021-22,176203,Adrien Rabiot,0,0.0,2.0,32.0,28.0,0.0,0.0
2021-22,159324,Adrien Tamèze,0,4.0,2.0,38.0,26.0,0.0,0.0
2021-22,287723,Aimar Sher,0,0.0,0.0,1.0,0.0,0.0,0.0
2021-22,214402,Ainsley Maitland-Niles,0,0.0,0.0,8.0,7.0,0.0,0.0
2021-22,334284,Alasanne Sidibe,0,0.0,0.0,1.0,0.0,0.0,0.0
2021-22,224044,Albert Gudmundsson,0,1.0,0.0,12.0,6.0,0.0,0.0
2021-22,209869,Alberto Grassi,0,0.0,2.0,30.0,26.0,0.0,0.0
2021-22,336793,Alberto Milan,0,0.0,0.0,0.0,0.0,0.0,0.0
2021-22,120652,Albin Ekdal,0,1.0,0.0,26.0,19.0,0.0,0.0
2021-22,260005,Aleksa Terzic,0,0.0,1.0,14.0,1.0,0.0,0.0
2021-22,103939,Aleksandar Kolarov,0,0.0,0.0,3.0,0.0,0.0,0.0
2021-22,322914,Aleksander Buksa,0,0.0,0.0,4.0,0.0,0.0,0.0
2021-22,168653,Aleksandr Kokorin,0,0.0,0.0,6.0,0.0,0.0,0.0
2021-22,222798,Ales Mateju,0,0.0,1.0,9.0,9.0,0.0,0.0
2021-22,249280,Alessandro Bastoni,0,1.0,3.0,31.0,29.0,0.0,0.0
2021-22,144453,Alessandro Berardi,0,0.0,0.0,1.0,1.0,0.0,0.0
2021-22,251776,Alessandro Bianconi,0,0.0,0.0,0.0,0.0,0.0,0.0
2021-22,252605,Alessandro Buongiorno,0,0.0,2.0,23.0,12.0,0.0,0.0
2021-22,335043,Alessandro Citi,0,0.0,0.0,0.0,0.0,0.0,0.0
2021-22,186437,Alessandro Deiola,0,4.0,1.0,33.0,28.0,0.0,0.0
2021-22,158145,Alessandro Florenzi,0,2.0,0.0,24.0,12.0,0.0,0.0
2021-22,276823,Alessandro Russo,0,0.0,0.0,1.0,0.0,0.0,0.0
2021-22,270010,Alessandro Zanoli,0,0.0,0.0,12.0,5.0,0.0,0.0
2021-22,165768,Alessio Cragno,0,0.0,0.0,35.0,35.0,0.0,0.0
2021-22,288361,Alessio Furlanetto,0,0.0,0.0,0.0,0.0,0.0,0.0
2021-22,308470,Alessio Rizza,0,0.0,0.0,0.0,0.0,0.0,0.0
2021-22,177816,Alessio Romagnoli,0,1.0,0.0,19.0,16.0,0.0,0.0
2021-22,38900,Alex Cordaz,0,0.0,0.0,0.0,0.0,0.0,0.0
2021-22,186302,Alex Ferrari,0,1.0,0.0,23.0,20.0,0.0,0.0
2021-22,209746,Alex Meret,0,0.0,0.0,7.0,7.0,0.0,0.0
2021-22,125514,Alex Sandro,0,0.0,1.0,28.0,17.0,0.0,0.0
2021-22,185897,Alexey Miranchuk,0,2.0,5.0,19.0,7.0,0.0,0.0
2021-22,271132,Alexis Saelemaekers,0,1.0,3.0,36.0,22.0,0.0,0.0
2021-22,92055,Alexis Sánchez,0,5.0,2.0,27.0,7.0,0.0,0.0
2021-22,173282,Alfred Duncan,0,2.0,2.0,33.0,21.0,0.0,0.0
2021-22,224418,Amadou Diawara,0,0.0,0.0,4.0,2.0,0.0,0.0
2021-22,205576,Amir Rrahmani,0,4.0,0.0,33.0,33.0,0.0,0.0
2021-22,170755,Andrea Belotti,0,8.0,1.0,22.0,16.0,0.0,0.0
2021-22,308029,Andrea Cambiaso,0,1.0,4.0,26.0,21.0,0.0,0.0
2021-22,301278,Andrea Carboni,0,0.0,0.0,30.0,25.0,0.0,0.0
2021-22,65400,Andrea Consigli,0,0.0,0.0,37.0,37.0,0.0,0.0
2021-22,143530,Andrea Conti,0,1.0,0.0,8.0,2.0,0.0,0.0
2021-22,332019,Andrea D'Aniello,0,0.0,0.0,0.0,0.0,0.0,0.0
2021-22,143201,Andrea La Mantia,0,2.0,1.0,18.0,3.0,0.0,0.0
2021-22,41781,Andrea Masiello,0,0.0,0.0,7.0,6.0,0.0,0.0
2021-22,329737,Andrea Oliveri,0,0.0,0.0,0.0,0.0,0.0,0.0
2021-22,181098,Andrea Petagna,0,3.0,1.0,24.0,4.0,0.0,0.0
2021-22,239086,Andrea Pinamonti,0,13.0,3.0,36.0,32.0,0.0,0.0
2021-22,89307,Andrea Ranocchia,0,0.0,0.0,6.0,3.0,0.0,0.0
2021-22,181780,Andrea Schiavone,0,1.0,0.0,14.0,5.0,0.0,0.0
2021-22,306840,Andreas Jungdal,0,0.0,0.0,0.0,0.0,0.0,0.0
2021-22,340218,Andrei Anton,0,0.0,0.0,0.0,0.0,0.0,0.0
2021-22,332614,Andrei Motoc,0,0.0,0.0,1.0,1.0,0.0,0.0
2021-22,144720,Andrei Radu,0,0.0,0.0,1.0,1.0,0.0,0.0
2021-22,300057,Angelo Guida,0,0.0,0.0,0.0,0.0,0.0,0.0
2021-22,163794,Ante Rebic,0,2.0,2.0,24.0,6.0,0.0,0.0
2021-22,104478,Antonio Candreva,0,7.0,10.0,36.0,36.0,0.0,0.0
2021-22,312336,Antonio Cioffi,0,0.0,0.0,0.0,0.0,0.0,0.0
2021-22,334358,Antonio Iervolino,0,0.0,0.0,0.0,0.0,0.0,0.0
2021-22,150689,Antonio Junior Vacca,0,0.0,1.0,21.0,15.0,0.0,0.0
2021-22,104452,Antonio Mirante,0,0.0,0.0,0.0,0.0,0.0,0.0
2021-22,319265,Antonio Raimondo,0,0.0,0.0,1.0,1.0,0.0,0.0
2021-22,11987,Antonio Rosati,0,0.0,0.0,0.0,0.0,0.0,0.0
2021-22,14248,Antonio Russo,0,0.0,0.0,0.0,0.0,0.0,0.0
2021-22,192162,Antonio Sanabria,0,6.0,2.0,29.0,22.0,0.0,0.0
2021-22,152345,Antonio Santurro,0,0.0,0.0,0.0,0.0,0.0,0.0
2021-22,332411,Antonio Vergara,0,0.0,0.0,0.0,0.0,0.0,0.0
2021-22,230664,Antonín Barák,0,11.0,4.0,29.0,27.0,0.0,0.0
2021-22,275152,Arkadiusz Reca,0,0.0,2.0,25.0,22.0,0.0,0.0
2021-22,165490,Armando Izzo,0,0.0,0.0,11.0,6.0,0.0,0.0
2021-22,255228,Arnór Sigurdsson,0,0.0,0.0,9.0,0.0,0.0,0.0
2021-22,216254,Arthur,0,0.0,0.0,20.0,11.0,0.0,0.0
2021-22,224103,Arthur Cabral,0,2.0,2.0,14.0,8.0,0.0,0.0
2021-22,304222,Arthur Theate,0,2.0,1.0,31.0,28.0,0.0,0.0
2021-22,102198,Arturo Vidal,0,1.0,3.0,28.0,2.0,0.0,0.0
2021-22,333382,Asan Mata,0,0.0,0.0,0.0,0.0,0.0,0.0
2021-22,272728,Aurelien Nguiamba,0,0.0,0.0,3.0,0.0,0.0,0.0
2021-22,229524,Axel Tuanzebe,0,0.0,0.0,1.0,0.0,0.0,0.0
2021-22,332321,Balla Moussa Manè,0,0.0,0.0,0.0,0.0,0.0,0.0
2021-22,220853,Bartlomiej Dragowski,0,0.0,0.0,7.0,7.0,0.0,0.0
2021-22,176726,Bartosz Bereszynski,0,0.0,3.0,35.0,35.0,0.0,0.0
2021-22,331280,Benedetto Barba,0,0.0,0.0,0.0,0.0,0.0,0.0
2021-22,165291,Berat Djimsiti,0,1.0,1.0,31.0,25.0,0.0,0.0
2021-22,289511,Beto,0,11.0,0.0,28.0,24.0,0.0,0.0
2021-22,224187,Boris Radunovic,0,0.0,0.0,3.0,3.0,0.0,0.0
2021-22,275406,Bosko Sutalo,0,0.0,0.0,24.0,6.0,0.0,0.0
2021-22,333343,Botond Bartha,0,0.0,0.0,0.0,0.0,0.0,0.0
2021-22,246532,Brahim Díaz,0,3.0,3.0,31.0,25.0,0.0,0.0
2021-22,140350,Bram Nuytinck,0,1.0,0.0,27.0,23.0,0.0,0.0
2021-22,297163,Brandon Soppy,0,0.0,0.0,28.0,7.0,0.0,0.0
2021-22,258307,Bremer,0,3.0,1.0,33.0,33.0,0.0,0.0
2021-22,300000,Brian Oddei,0,0.0,0.0,2.0,0.0,0.0,0.0
2021-22,225541,Bruno,0,0.0,0.0,0.0,0.0,0.0,0.0
2021-22,169213,Bryan Cristante,0,2.0,0.0,34.0,29.0,0.0,0.0
2021-22,182071,Caleb Ekuban,0,1.0,2.0,30.0,18.0,0.0,0.0
2021-22,261468,Carles Pérez,0,1.0,1.0,19.0,3.0,0.0,0.0
2021-22,121036,Carlo Pinsoglio,0,0.0,0.0,1.0,0.0,0.0,0.0
2021-22,336394,Cesare Casadei,0,0.0,0.0,0.0,0.0,0.0,0.0
2021-22,170670,Charalampos Lykogiannis,0,1.0,0.0,28.0,21.0,0.0,0.0
2021-22,123605,Chris Smalling,0,3.0,0.0,27.0,23.0,0.0,0.0
2021-22,68586,Christian Molina,0,0.0,1.0,8.0,6.0,0.0,0.0
2021-22,304075,Christian Pierobon,0,0.0,0.0,0.0,0.0,0.0,0.0
2021-22,332655,Christos Kourfalidis,0,0.0,0.0,2.0,0.0,0.0,0.0
2021-22,147969,Ciprian Tatarusanu,0,0.0,0.0,6.0,6.0,0.0,0.0
2021-22,130123,Ciro Immobile,0,27.0,2.0,31.0,31.0,0.0,0.0
2021-22,311053,Cosimo Marco Da Graca,0,0.0,0.0,0.0,0.0,0.0,0.0
2021-22,68522,Cristian Ansaldi,0,0.0,3.0,19.0,5.0,0.0,0.0
2021-22,333381,Cristian Aucelli,0,0.0,0.0,0.0,0.0,0.0,0.0
2021-22,330259,Cristian Volpato,0,1.0,0.0,3.0,0.0,0.0,0.0
2021-22,152044,Cristiano Biraghi,0,4.0,1.0,37.0,37.0,0.0,0.0
2021-22,221849,Dalbert,0,0.0,2.0,28.0,27.0,0.0,0.0
2021-22,297109,Damiano Pecile,0,0.0,0.0,0.0,0.0,0.0,0.0
2021-22,251883,Damir Ceter Valencia,0,0.0,0.0,1.0,0.0,0.0,0.0
2021-22,181321,Daniel Bessa,0,1.0,1.0,24.0,5.0,0.0,0.0
2021-22,252052,Daniel Fuzato,0,0.0,0.0,0.0,0.0,0.0,0.0
2021-22,290545,Daniel Maldini,0,1.0,0.0,8.0,2.0,0.0,0.0
2021-22,162604,Daniele Baselli,0,0.0,1.0,15.0,2.0,0.0,0.0
2021-22,336352,Daniele Montevago,0,0.0,0.0,0.0,0.0,0.0,0.0
2021-22,93816,Daniele Padelli,0,0.0,0.0,3.0,3.0,0.0,0.0
2021-22,181673,Daniele Rugani,0,0.0,0.0,12.0,9.0,0.0,0.0
2021-22,212477,Daniele Verde,0,8.0,6.0,33.0,21.0,0.0,0.0
2021-22,170369,Danilo,0,1.0,2.0,22.0,22.0,0.0,0.0
2021-22,178627,Danilo Cataldi,0,1.0,2.0,32.0,19.0,0.0,0.0
2021-22,91776,Danilo D'Ambrosio,0,1.0,1.0,20.0,9.0,0.0,0.0
2021-22,126752,Darko Lazovic,0,1.0,7.0,34.0,32.0,0.0,0.0
2021-22,326757,David Flakus Bosilj,0,0.0,0.0,0.0,0.0,0.0,0.0
2021-22,233087,David Okereke,0,7.0,0.0,32.0,24.0,0.0,0.0
2021-22,121842,David Ospina,0,0.0,0.0,31.0,31.0,0.0,0.0
2021-22,289637,David Strelec,0,1.0,0.0,10.0,7.0,0.0,0.0
2021-22,290116,David Zima,0,0.0,1.0,20.0,13.0,0.0,0.0
2021-22,194747,Davide Calabria,0,2.0,3.0,26.0,24.0,0.0,0.0
2021-22,313895,Davide Costanzo,0,0.0,0.0,0.0,0.0,0.0,0.0
2021-22,113572,Davide Faraoni,0,4.0,6.0,32.0,30.0,0.0,0.0
2021-22,330426,Davide Franzini,0,0.0,0.0,0.0,0.0,0.0,0.0
2021-22,250850,Davide Frattesi,0,4.0,3.0,36.0,35.0,0.0,0.0
2021-22,277048,Davide Marfella,0,0.0,0.0,1.0,0.0,0.0,0.0
2021-22,332414,Davide Mastrantonio,0,0.0,0.0,0.0,0.0,0.0,0.0
2021-22,121811,Davide Santon,0,0.0,0.0,0.0,0.0,0.0,0.0
2021-22,182627,Davide Zappacosta,0,1.0,5.0,34.0,29.0,0.0,0.0
2021-22,308476,Demba Seck,0,0.0,0.0,6.0,1.0,0.0,0.0
2021-22,222628,Denis Zakaria,0,1.0,1.0,9.0,6.0,0.0,0.0
2021-22,333599,Dennis Curatolo,0,0.0,0.0,0.0,0.0,0.0,0.0
2021-22,329666,Dennis Deloriè,0,0.0,0.0,0.0,0.0,0.0,0.0
2021-22,252291,Dennis Johnsen,0,1.0,2.0,27.0,17.0,0.0,0.0
2021-22,173150,Dennis Praet,0,2.0,2.0,23.0,17.0,0.0,0.0
2021-22,299530,Denso Kasius,0,0.0,0.0,7.0,1.0,0.0,0.0
2021-22,213248,Denzel Dumfries,0,5.0,4.0,33.0,21.0,0.0,0.0
2021-22,330410,Destiny Egharevba,0,0.0,0.0,0.0,0.0,0.0,0.0
2021-22,290076,Destiny Udogie,0,5.0,4.0,35.0,29.0,0.0,0.0
2021-22,332549,Diego Coppola,0,0.0,0.0,4.0,3.0,0.0,0.0
2021-22,154407,Diego Demme,0,1.0,0.0,19.0,7.0,0.0,0.0
2021-22,139989,Diego Falcinelli,0,0.0,0.0,6.0,0.0,0.0,0.0
2021-22,113720,Diego Perotti,0,0.0,0.0,11.0,1.0,0.0,0.0
2021-22,323995,Diego Stramaccioni,0,0.0,0.0,0.0,0.0,0.0,0.0
2021-22,325171,Diego Zuppel,0,0.0,0.0,0.0,0.0,0.0,0.0
2021-22,289825,Dimitrije Kamenovic,0,0.0,0.0,1.0,0.0,0.0,0.0
2021-22,333980,Dimitrios Keramitsis,0,0.0,0.0,1.0,0.0,0.0,0.0
2021-22,226179,Dimitris Nikolaou,0,0.0,0.0,36.0,36.0,0.0,0.0
2021-22,221409,Domen Crnigoj,0,3.0,1.0,34.0,22.0,0.0,0.0
2021-22,173817,Domenico Berardi,0,15.0,15.0,33.0,33.0,0.0,0.0
2021-22,104369,Domenico Criscito,0,6.0,1.0,20.0,18.0,0.0,0.0
2021-22,221813,Dor Peretz,0,0.0,1.0,18.0,4.0,0.0,0.0
2021-22,89687,Dries Mertens,0,11.0,1.0,30.0,16.0,0.0,0.0
2021-22,341272,Duccio Degli Innocenti,0,0.0,0.0,0.0,0.0,0.0,0.0
2021-22,235677,Dusan Vlahovic,0,24.0,3.0,36.0,33.0,0.0,0.0
2021-22,193644,Duván Zapata,0,10.0,4.0,24.0,20.0,0.0,0.0
2021-22,314780,Ebenezer Annan,0,0.0,0.0,1.0,0.0,0.0,0.0
2021-22,287077,Ebrima Colley,0,0.0,0.0,11.0,3.0,0.0,0.0
2021-22,298409,Ebrima Darboe,0,0.0,0.0,1.0,1.0,0.0,0.0
2021-22,261402,Eddie Salcedo,0,0.0,0.0,12.0,5.0,0.0,0.0
2021-22,102337,Edin Dzeko,0,13.0,5.0,36.0,27.0,0.0,0.0
2021-22,308737,Edoardo Bove,0,1.0,0.0,11.0,0.0,0.0,0.0
2021-22,181060,Edoardo Goldaniga,0,0.0,0.0,12.0,11.0,0.0,0.0
2021-22,318762,Edoardo Piana,0,0.0,0.0,0.0,0.0,0.0,0.0
2021-22,333925,Edoardo Pieragnolo,0,0.0,0.0,0.0,0.0,0.0,0.0
2021-22,290070,Edoardo Vergani,0,0.0,0.0,6.0,1.0,0.0,0.0
2021-22,333979,Eldin Lolic,0,0.0,0.0,0.0,0.0,0.0,0.0
2021-22,216937,Eldor Shomurodov,0,3.0,4.0,28.0,5.0,0.0,0.0
2021-22,339033,Elia Boseggia,0,0.0,0.0,0.0,0.0,0.0,0.0
2021-22,237435,Eljif Elmas,0,3.0,5.0,37.0,12.0,0.0,0.0
2021-22,330257,Eljon Toci,0,0.0,0.0,0.0,0.0,0.0,0.0
2021-22,167601,Elseid Hysaj,0,1.0,0.0,29.0,24.0,0.0,0.0
2021-22,250644,Emanuel Vignato,0,0.0,1.0,24.0,3.0,0.0,0.0
2021-22,300982,Emanuele Zuelli,0,0.0,0.0,0.0,0.0,0.0,0.0
2021-22,207834,Emil Audero,0,0.0,0.0,29.0,29.0,0.0,0.0
2021-22,229972,Emil Bohinen,0,0.0,1.0,11.0,8.0,0.0,0.0
2021-22,275113,Emil Konradsen Ceïde,0,0.0,0.0,6.0,0.0,0.0,0.0
2021-22,304000,Emil Roback,0,0.0,0.0,0.0,0.0,0.0,0.0
2021-22,308880,Emmanuel Ekong,0,0.0,0.0,0.0,0.0,0.0,0.0
2021-22,201366,Emmanuel Gyasi,0,6.0,0.0,36.0,35.0,0.0,0.0
2021-22,312597,Enrico Di Gesù,0,0.0,0.0,0.0,0.0,0.0,0.0
2021-22,241317,Ethan Ampadu,0,0.0,3.0,29.0,26.0,0.0,0.0
2021-22,125312,Etrit Berisha,0,0.0,0.0,10.0,10.0,0.0,0.0
2021-22,326030,Eugenio Fusco,0,0.0,0.0,0.0,0.0,0.0,0.0
2021-22,308082,Fabiano Parisi,0,0.0,1.0,25.0,16.0,0.0,0.0
2021-22,308940,Fabio Cortinovis,0,0.0,0.0,0.0,0.0,0.0,0.0
2021-22,233409,Fabio Depaoli,0,1.0,1.0,24.0,8.0,0.0,0.0
2021-22,323975,Fabio Miretti,0,0.0,0.0,6.0,4.0,0.0,0.0
2021-22,19667,Fabio Quagliarella,0,4.0,3.0,33.0,19.0,0.0,0.0
2021-22,214596,Fabián Ruiz,0,7.0,4.0,32.0,29.0,0.0,0.0
2021-22,152260,Faouzi Ghoulam,0,0.0,0.0,14.0,3.0,0.0,0.0
2021-22,180956,Federico Bernardeschi,0,1.0,2.0,28.0,16.0,0.0,0.0
2021-22,197062,Federico Bonazzoli,0,10.0,0.0,32.0,19.0,0.0,0.0
2021-22,153315,Federico Ceccherini,0,1.0,0.0,34.0,29.0,0.0,0.0
2021-22,234306,Federico Chiesa,0,2.0,2.0,14.0,11.0,0.0,0.0
2021-22,185463,Federico Di Francesco,0,5.0,0.0,26.0,17.0,0.0,0.0
2021-22,194748,Federico Dimarco,0,2.0,3.0,32.0,13.0,0.0,0.0
2021-22,97425,Federico Fazio,0,1.0,0.0,16.0,16.0,0.0,0.0
2021-22,116478,Federico Marchetti,0,0.0,0.0,0.0,0.0,0.0,0.0
2021-22,116297,Federico Peluso,0,0.0,0.0,2.0,0.0,0.0,0.0
2021-22,152125,Federico Santander,0,1.0,0.0,7.0,0.0,0.0,0.0
2021-22,329738,Federico Zuccon,0,0.0,0.0,0.0,0.0,0.0,0.0
2021-22,152812,Felipe Anderson,0,6.0,8.0,38.0,33.0,0.0,0.0
2021-22,98025,Felipe Caicedo,0,1.0,2.0,12.0,1.0,0.0,0.0
2021-22,330044,Felix Afena-Gyan,0,2.0,0.0,17.0,6.0,0.0,0.0
2021-22,236210,Fikayo Tomori,0,0.0,0.0,31.0,30.0,0.0,0.0
2021-22,222606,Filip Benkovic,0,0.0,0.0,2.0,0.0,0.0,0.0
2021-22,137076,Filip Djuricic,0,2.0,1.0,12.0,9.0,0.0,0.0
2021-22,239756,Filip Jagiello,0,0.0,0.0,0.0,0.0,0.0,0.0
2021-22,226187,Filippo Bandinelli,0,2.0,3.0,35.0,24.0,0.0,0.0
2021-22,250672,Filippo Delli Carri,0,0.0,0.0,5.0,3.0,0.0,0.0
2021-22,331072,Filippo Distefano,0,0.0,0.0,1.0,0.0,0.0,0.0
2021-22,331071,Filippo Frison,0,0.0,0.0,0.0,0.0,0.0,0.0
2021-22,250670,Filippo Melegoni,0,1.0,0.0,25.0,10.0,0.0,0.0
2021-22,330043,Filippo Missori,0,0.0,0.0,0.0,0.0,0.0,0.0
2021-22,334274,Filippo Mozzo,0,0.0,0.0,0.0,0.0,0.0,0.0
2021-22,286390,Filippo Neri,0,0.0,0.0,0.0,0.0,0.0,0.0
2021-22,202335,Filippo Romagna,0,0.0,0.0,0.0,0.0,0.0,0.0
2021-22,303919,Filippo Terracciano,0,0.0,0.0,1.0,0.0,0.0,0.0
2021-22,234314,Filippo Tripi,0,0.0,0.0,0.0,0.0,0.0,0.0
2021-22,248668,Fodé Ballo-Touré,0,0.0,0.0,10.0,5.0,0.0,0.0
2021-22,148842,Francesco Acerbi,0,4.0,0.0,30.0,29.0,0.0,0.0
2021-22,138836,Francesco Bardi,0,0.0,0.0,2.0,2.0,0.0,0.0
2021-22,125475,Francesco Caputo,0,11.0,6.0,38.0,33.0,0.0,0.0
2021-22,125027,Francesco Di Tacchio,0,0.0,0.0,18.0,14.0,0.0,0.0
2021-22,24100,Francesco Magnanelli,0,0.0,0.0,12.0,2.0,0.0,0.0
2021-22,330241,Francesco Migliardi,0,0.0,0.0,0.0,0.0,0.0,0.0
2021-22,89216,Francesco Rossi,0,0.0,0.0,1.0,0.0,0.0,0.0
2021-22,194711,Franck Kessié,0,6.0,0.0,31.0,25.0,0.0,0.0
2021-22,42968,Franck Ribéry,0,0.0,3.0,23.0,16.0,0.0,0.0
2021-22,308939,Franco Carboni,0,0.0,0.0,0.0,0.0,0.0,0.0
2021-22,271445,Franco Israel,0,0.0,0.0,0.0,0.0,0.0,0.0
2021-22,215721,Frank Anguissa,0,0.0,2.0,25.0,21.0,0.0,0.0
2021-22,152597,Frederic Veseli,0,0.0,0.0,9.0,8.0,0.0,0.0
2021-22,275943,Gabriele Zappa,0,0.0,0.0,25.0,11.0,0.0,0.0
2021-22,210230,Gaetano Castrovilli,0,1.0,1.0,23.0,16.0,0.0,0.0
2021-22,147341,Gary Medel,0,0.0,1.0,33.0,32.0,0.0,0.0
2021-22,183507,Gastón Pereiro,0,4.0,2.0,29.0,9.0,0.0,0.0
2021-22,213207,Georgios Kyriakopoulos,0,0.0,5.0,29.0,22.0,0.0,0.0
2021-22,156615,Gerard Deulofeu,0,13.0,5.0,34.0,31.0,0.0,0.0
2021-22,325178,Gerard Yepes,0,0.0,0.0,4.0,0.0,0.0,0.0
2021-22,113667,Giacomo Bonaventura,0,4.0,5.0,31.0,28.0,0.0,0.0
2021-22,331358,Giacomo Moretti,0,0.0,0.0,0.0,0.0,0.0,0.0
2021-22,271679,Giacomo Raspadori,0,10.0,5.0,36.0,32.0,0.0,0.0
2021-22,234305,Giacomo Satalino,0,0.0,0.0,1.0,0.0,0.0,0.0
2021-22,333377,Giacomo Toniolo,0,0.0,0.0,0.0,0.0,0.0,0.0
2021-22,207823,Gian Marco Ferrari,0,1.0,0.0,36.0,35.0,0.0,0.0
2021-22,199989,Giangiacomo Magnani,0,0.0,0.0,18.0,8.0,0.0,0.0
2021-22,263705,Gianluca Busio,0,1.0,2.0,29.0,23.0,0.0,0.0
2021-22,156792,Gianluca Caprari,0,12.0,7.0,35.0,33.0,0.0,0.0
2021-22,251775,Gianluca Frabotta,0,0.0,0.0,2.0,0.0,0.0,0.0
2021-22,212597,Gianluca Mancini,0,0.0,0.0,33.0,33.0,0.0,0.0
2021-22,104359,Gianluca Pegolo,0,0.0,0.0,1.0,1.0,0.0,0.0
2021-22,233140,Gianluca Scamacca,0,16.0,0.0,36.0,25.0,0.0,0.0
2021-22,310770,Gioele Zacchi,0,0.0,0.0,0.0,0.0,0.0,0.0
2021-22,256763,Giorgio Altare,0,1.0,0.0,19.0,17.0,0.0,0.0
2021-22,24836,Giorgio Chiellini,0,0.0,0.0,21.0,16.0,0.0,0.0
2021-22,333598,Giorgio Cittadini,0,0.0,0.0,2.0,0.0,0.0,0.0
2021-22,309812,Giorgio Scalvini,0,1.0,0.0,18.0,9.0,0.0,0.0
2021-22,335952,Giovanni Bonfanti,0,0.0,0.0,0.0,0.0,0.0,0.0
2021-22,155904,Giovanni Di Lorenzo,0,1.0,5.0,33.0,33.0,0.0,0.0
2021-22,189974,Giovanni Simeone,0,17.0,5.0,36.0,32.0,0.0,0.0
2021-22,241730,Giulio Maggiore,0,2.0,3.0,35.0,33.0,0.0,0.0
2021-22,331279,Giuseppe Ambrosino,0,0.0,0.0,0.0,0.0,0.0,0.0
2021-22,224249,Giuseppe Pezzella,0,0.0,3.0,21.0,10.0,0.0,0.0
2021-22,218082,Grigoris Kastanos,0,1.0,1.0,27.0,16.0,0.0,0.0
2021-22,156883,Grégoire Defrel,0,2.0,2.0,38.0,11.0,0.0,0.0
2021-22,204082,Guglielmo Vicario,0,0.0,0.0,38.0,38.0,0.0,0.0
2021-22,340653,Guillaume Renault,0,0.0,0.0,0.0,0.0,0.0,0.0
2021-22,170785,Hakan Çalhanoglu,0,7.0,12.0,34.0,33.0,0.0,0.0
2021-22,257058,Hamed Traoré,0,7.0,2.0,31.0,21.0,0.0,0.0
2021-22,193448,Hans Hateboer,0,0.0,0.0,21.0,16.0,0.0,0.0
2021-22,286764,Hans Nicolussi Caviglia,0,0.0,0.0,0.0,0.0,0.0,0.0
2021-22,147625,Henrikh Mkhitaryan,0,5.0,6.0,31.0,29.0,0.0,0.0
2021-22,198980,Hernani,0,0.0,0.0,18.0,7.0,0.0,0.0
2021-22,341337,Hilmir Rafn Mikaelsson,0,0.0,0.0,1.0,0.0,0.0,0.0
2021-22,200161,Hirving Lozano,0,5.0,5.0,30.0,20.0,0.0,0.0
2021-22,290830,Hubert Dawid Idasiak,0,0.0,0.0,0.0,0.0,0.0,0.0
2021-22,283824,Ibrahim Karamoko,0,0.0,0.0,0.0,0.0,0.0,0.0
2021-22,175009,Ibrahima Mbaye,0,0.0,0.0,6.0,1.0,0.0,0.0
2021-22,187845,Ignacio Pussetto,0,4.0,4.0,28.0,11.0,0.0,0.0
2021-22,234143,Igor Julio,0,0.0,0.0,30.0,23.0,0.0,0.0
2021-22,176611,Ilija Nestorovski,0,1.0,1.0,7.0,1.0,0.0,0.0
2021-22,194684,Isaac Success,0,2.0,7.0,22.0,11.0,0.0,0.0
2021-22,303903,Isaias Del Pupo,0,0.0,0.0,0.0,0.0,0.0,0.0
2021-22,214891,Ismaël Bennacer,0,2.0,1.0,31.0,15.0,0.0,0.0
2021-22,289238,Issa Bah,0,0.0,0.0,1.0,0.0,0.0,0.0
2021-22,326717,Iurie Iovu,0,0.0,0.0,0.0,0.0,0.0,0.0
2021-22,260004,Ivan Ilic,0,1.0,4.0,32.0,30.0,0.0,0.0
2021-22,103485,Ivan Perisic,0,8.0,7.0,35.0,35.0,0.0,0.0
2021-22,181836,Ivan Provedel,0,0.0,0.0,31.0,31.0,0.0,0.0
2021-22,114589,Ivan Radovanovic,0,1.0,1.0,14.0,12.0,0.0,0.0
2021-22,333375,Ivan Saio,0,0.0,0.0,0.0,0.0,0.0,0.0
2021-22,322311,Ivo Kaczmarski,0,0.0,0.0,0.0,0.0,0.0,0.0
2021-22,277234,Ivor Pandur,0,0.0,0.0,3.0,3.0,0.0,0.0
2021-22,286779,Jack De Vries,0,0.0,0.0,0.0,0.0,0.0,0.0
2021-22,302922,Jacopo De Matteis,0,0.0,0.0,0.0,0.0,0.0,0.0
2021-22,332654,Jacopo Desogus,0,0.0,0.0,0.0,0.0,0.0,0.0
2021-22,333938,Jacopo Fazzini,0,0.0,0.0,0.0,0.0,0.0,0.0
2021-22,325776,Jacopo Fedrizzi,0,0.0,0.0,0.0,0.0,0.0,0.0
2021-22,165772,Jacopo Furlan,0,0.0,0.0,0.0,0.0,0.0,0.0
2021-22,144734,Jacopo Sala,0,1.0,0.0,18.0,13.0,0.0,0.0
2021-22,340219,Jacopo Sassi,0,0.0,0.0,0.0,0.0,0.0,0.0
2021-22,335854,Jakob Pálsson,0,0.0,0.0,0.0,0.0,0.0,0.0
2021-22,304965,Jakub Kiwior,0,0.0,0.0,22.0,21.0,0.0,0.0
2021-22,333981,Jan Oliveras,0,0.0,0.0,0.0,0.0,0.0,0.0
2021-22,302646,Janis Antiste,0,1.0,0.0,18.0,9.0,0.0,0.0
2021-22,164519,Jean-Daniel Akpa Akpro,0,0.0,0.0,10.0,4.0,0.0,0.0
2021-22,173182,Jean-Pierre Nsame,0,0.0,1.0,11.0,1.0,0.0,0.0
2021-22,225557,Jean-Victor Makengo,0,1.0,3.0,33.0,26.0,0.0,0.0
2021-22,239998,Jerdy Schouten,0,1.0,1.0,17.0,16.0,0.0,0.0
2021-22,186024,Jeremy Toljan,0,0.0,0.0,20.0,15.0,0.0,0.0
2021-22,130177,Jeroen Zoet,0,0.0,0.0,7.0,7.0,0.0,0.0
2021-22,238870,Joakim Maehle,0,1.0,1.0,26.0,15.0,0.0,0.0
2021-22,195638,Joaquín Correa,0,6.0,1.0,26.0,12.0,0.0,0.0
2021-22,132064,Joel Obi,0,0.0,1.0,21.0,12.0,0.0,0.0
2021-22,332413,Joel Voelkerling Persson,0,0.0,0.0,0.0,0.0,0.0,0.0
2021-22,259975,Johan Vásquez,0,1.0,0.0,28.0,27.0,0.0,0.0
2021-22,225559,Jonathan Ikoné,0,1.0,1.0,17.0,7.0,0.0,0.0
2021-22,333374,Jonathan Spedalieri,0,0.0,0.0,0.0,0.0,0.0,0.0
2021-22,157675,Jordan Veretout,0,4.0,8.0,36.0,26.0,0.0,0.0
2021-22,228321,Josip Brekalo,0,7.0,2.0,32.0,26.0,0.0,0.0
2021-22,150004,Josip Ilicic,0,3.0,4.0,20.0,8.0,0.0,0.0
2021-22,121600,José Callejón,0,1.0,2.0,30.0,16.0,0.0,0.0
2021-22,139390,José Palomino,0,1.0,0.0,34.0,30.0,0.0,0.0
2021-22,250059,Jovane Cabral,0,1.0,0.0,3.0,2.0,0.0,0.0
2021-22,152014,João Pedro,0,13.0,4.0,37.0,37.0,0.0,0.0
2021-22,118986,Juan Cuadrado,0,4.0,4.0,33.0,28.0,0.0,0.0
2021-22,170663,Juan Jesus,0,1.0,0.0,21.0,14.0,0.0,0.0
2021-22,177927,Juan Musso,0,0.0,0.0,33.0,33.0,0.0,0.0
2021-22,261054,Junior Messias,0,5.0,2.0,26.0,14.0,0.0,0.0
2021-22,333380,Justin Kumi,0,0.0,0.0,0.0,0.0,0.0,0.0
2021-22,206153,Jérémie Boga,0,0.0,2.0,27.0,15.0,0.0,0.0
2021-22,159146,Kaan Ayhan,0,1.0,0.0,23.0,14.0,0.0,0.0
2021-22,318760,Kacper Urbanski,0,0.0,0.0,1.0,0.0,0.0,0.0
2021-22,280978,Kaio Jorge,0,0.0,0.0,9.0,0.0,0.0,0.0
2021-22,150312,Kalidou Koulibaly,0,3.0,3.0,27.0,27.0,0.0,0.0
2021-22,198770,Karol Linetty,0,0.0,1.0,16.0,11.0,0.0,0.0
2021-22,333376,Kaur Kivila,0,0.0,0.0,0.0,0.0,0.0,0.0
2021-22,184883,Keita Baldé,0,3.0,1.0,26.0,14.0,0.0,0.0
2021-22,227721,Kelvin Amian,0,1.0,1.0,32.0,31.0,0.0,0.0
2021-22,289941,Kelvin Yeboah,0,0.0,1.0,17.0,9.0,0.0,0.0
2021-22,270545,Kevin Agudelo,0,3.0,1.0,23.0,12.0,0.0,0.0
2021-22,196575,Kevin Bonifazi,0,0.0,0.0,22.0,14.0,0.0,0.0
2021-22,207819,Kevin Lasagna,0,2.0,4.0,28.0,11.0,0.0,0.0
2021-22,116184,Kevin Strootman,0,0.0,0.0,10.0,7.0,0.0,0.0
2021-22,228312,Kingsley Michael,0,0.0,0.0,2.0,1.0,0.0,0.0
2021-22,303448,Klemen Hvalic,0,0.0,0.0,0.0,0.0,0.0,0.0
2021-22,164137,Koffi Djidji,0,0.0,0.0,25.0,21.0,0.0,0.0
2021-22,309570,Koni De Winter,0,0.0,0.0,0.0,0.0,0.0,0.0
2021-22,174616,Koray Günter,0,0.0,0.0,30.0,29.0,0.0,0.0
2021-22,308881,Kristjan Asllani,0,1.0,1.0,23.0,14.0,0.0,0.0
2021-22,280963,Kristoffer Askildsen,0,0.0,0.0,19.0,7.0,0.0,0.0
2021-22,237666,Krzysztof Piatek,0,3.0,0.0,14.0,9.0,0.0,0.0
2021-22,147194,Kévin Malcuit,0,0.0,1.0,8.0,2.0,0.0,0.0
2021-22,333386,Lapo Nava,0,0.0,0.0,0.0,0.0,0.0,0.0
2021-22,223947,Lassana Coulibaly,0,0.0,0.0,31.0,29.0,0.0,0.0
2021-22,275583,Lauri Ala-Myllymäki,0,0.0,0.0,0.0,0.0,0.0,0.0
2021-22,219713,Lautaro Martínez,0,21.0,3.0,35.0,28.0,0.0,0.0
2021-22,282802,Lazar Romani&#263;,0,0.0,0.0,0.0,0.0,0.0,0.0
2021-22,303296,Lazar Samardzic,0,2.0,2.0,22.0,1.0,0.0,0.0
2021-22,276614,Lennart Czyborra,0,0.0,0.0,0.0,0.0,0.0,0.0
2021-22,216109,Leo Sena,0,0.0,0.0,0.0,0.0,0.0,0.0
2021-22,258429,Leo Stulac,0,2.0,2.0,23.0,8.0,0.0,0.0
2021-22,281736,Leo Østigard,0,0.0,0.0,15.0,13.0,0.0,0.0
2021-22,74413,Leonardo Bonucci,0,5.0,1.0,24.0,22.0,0.0,0.0
2021-22,176722,Leonardo Capezzi,0,0.0,0.0,5.0,2.0,0.0,0.0
2021-22,325050,Leonardo Gabelli,0,0.0,0.0,0.0,0.0,0.0,0.0
2021-22,162640,Leonardo Pavoletti,0,5.0,1.0,33.0,14.0,0.0,0.0
2021-22,333378,Leonardo Pezzola,0,0.0,0.0,0.0,0.0,0.0,0.0
2021-22,148974,Leonardo Spinazzola,0,0.0,0.0,3.0,2.0,0.0,0.0
2021-22,107568,Liam Henderson,0,2.0,3.0,38.0,23.0,0.0,0.0
2021-22,266554,Liberato Cacace,0,0.0,0.0,10.0,5.0,0.0,0.0
2021-22,299399,Lisandru Tramoni,0,0.0,0.0,0.0,0.0,0.0,0.0
2021-22,332615,Lorenzo Cannavale,0,0.0,0.0,0.0,0.0,0.0,0.0
2021-22,333594,Lorenzo Codutti,0,0.0,0.0,0.0,0.0,0.0,0.0
2021-22,68070,Lorenzo De Silvestri,0,3.0,2.0,31.0,27.0,0.0,0.0
2021-22,210045,Lorenzo Di Stefano,0,0.0,0.0,0.0,0.0,0.0,0.0
2021-22,139028,Lorenzo Insigne,0,11.0,9.0,32.0,28.0,0.0,0.0
2021-22,184737,Lorenzo Montipò,0,0.0,0.0,34.0,34.0,0.0,0.0
2021-22,204320,Lorenzo Pellegrini,0,9.0,5.0,28.0,27.0,0.0,0.0
2021-22,99501,Lorenzo Tonelli,0,0.0,0.0,14.0,8.0,0.0,0.0
2021-22,199726,Lorenzo Venuti,0,0.0,0.0,23.0,20.0,0.0,0.0
2021-22,286999,Louis Munteanu,0,0.0,0.0,0.0,0.0,0.0,0.0
2021-22,134542,Luca Ceppitelli,0,1.0,1.0,24.0,16.0,0.0,0.0
2021-22,241719,Luca Fiordilino,0,0.0,0.0,15.0,5.0,0.0,0.0
2021-22,267623,Luca Gagliano,0,0.0,0.0,2.0,0.0,0.0,0.0
2021-22,284049,Luca Gemello,0,0.0,0.0,1.0,1.0,0.0,0.0
2021-22,164581,Luca Lezzerini,0,0.0,0.0,6.0,6.0,0.0,0.0
2021-22,251144,Luca Pellegrini,0,0.0,1.0,18.0,15.0,0.0,0.0
2021-22,262481,Luca Ranieri,0,1.0,0.0,27.0,25.0,0.0,0.0
2021-22,303820,Luca Stanga,0,0.0,0.0,1.0,0.0,0.0,0.0
2021-22,108315,Lucas Leiva,0,0.0,1.0,35.0,19.0,0.0,0.0
2021-22,219086,Lucas Martínez Quarta,0,1.0,0.0,20.0,16.0,0.0,0.0
2021-22,212973,Lucas Torreira,0,5.0,1.0,31.0,26.0,0.0,0.0
2021-22,334090,Luigi Aquino,0,0.0,0.0,0.0,0.0,0.0,0.0
2021-22,332653,Luigi Palomba,0,0.0,0.0,0.0,0.0,0.0,0.0
2021-22,308057,Luigi Samele,0,0.0,1.0,2.0,0.0,0.0,0.0
2021-22,126109,Luigi Sepe,0,0.0,0.0,16.0,16.0,0.0,0.0
2021-22,146388,Luis Alberto,0,5.0,10.0,34.0,27.0,0.0,0.0
2021-22,279792,Luis Binks,0,0.0,0.0,15.0,7.0,0.0,0.0
2021-22,151510,Luis Muriel,0,9.0,8.0,27.0,17.0,0.0,0.0
2021-22,138424,Luis Rojas,0,0.0,0.0,0.0,0.0,0.0,0.0
2021-22,225637,Luiz Felipe,0,0.0,0.0,31.0,28.0,0.0,0.0
2021-22,303844,Luka Romero,0,0.0,0.0,8.0,0.0,0.0,0.0
2021-22,179358,Lukasz Skorupski,0,0.0,0.0,36.0,36.0,0.0,0.0
2021-22,198773,Lys Mousset,0,0.0,1.0,6.0,2.0,0.0,0.0
2021-22,261173,M'Bala Nzola,0,2.0,1.0,21.0,10.0,0.0,0.0
2021-22,256782,Magnus Warming,0,0.0,0.0,4.0,0.0,0.0,0.0
2021-22,332322,Maissa Ndiaye,0,0.0,0.0,0.0,0.0,0.0,0.0
2021-22,208518,Mamadou Coulibaly,0,2.0,0.0,12.0,9.0,0.0,0.0
2021-22,135289,Manolo Gabbiadini,0,6.0,2.0,18.0,15.0,0.0,0.0
2021-22,288786,Manolo Portanova,0,1.0,0.0,24.0,17.0,0.0,0.0
2021-22,268195,Manuel Gasparini,0,0.0,0.0,0.0,0.0,0.0,0.0
2021-22,241430,Manuel Lazzari,0,3.0,3.0,31.0,16.0,0.0,0.0
2021-22,217538,Manuel Locatelli,0,3.0,4.0,31.0,23.0,0.0,0.0
2021-22,261403,Marash Kumbulla,0,0.0,0.0,17.0,13.0,0.0,0.0
2021-22,178383,Marcelo Brozovic,0,2.0,1.0,35.0,35.0,0.0,0.0
2021-22,258190,Marco Ballarini,0,0.0,0.0,0.0,0.0,0.0,0.0
2021-22,176762,Marco Benassi,0,0.0,0.0,18.0,4.0,0.0,0.0
2021-22,309565,Marco Bertini,0,0.0,0.0,0.0,0.0,0.0,0.0
2021-22,175258,Marco Modolo,0,0.0,0.0,6.0,4.0,0.0,0.0
2021-22,292198,Marco Molla,0,0.0,0.0,0.0,0.0,0.0,0.0
2021-22,332341,Marco Raina,0,0.0,0.0,0.0,0.0,0.0,0.0
2021-22,125906,Marco Silvestri,0,0.0,0.0,35.0,35.0,0.0,0.0
2021-22,339956,Marco Somma,0,0.0,0.0,0.0,0.0,0.0,0.0
2021-22,174915,Marco Sportiello,0,0.0,0.0,5.0,5.0,0.0,0.0
2021-22,189668,Mario Pasalic,0,13.0,6.0,37.0,24.0,0.0,0.0
2021-22,333601,Mario Perrone,0,0.0,0.0,1.0,0.0,0.0,0.0
2021-22,221117,Marius Adamonis,0,0.0,0.0,0.0,0.0,0.0,0.0
2021-22,98193,Marko Arnautovic,0,14.0,1.0,33.0,32.0,0.0,0.0
2021-22,310856,Marko Lazetic,0,0.0,0.0,0.0,0.0,0.0,0.0
2021-22,187956,Marko Pjaca,0,3.0,0.0,24.0,13.0,0.0,0.0
2021-22,206357,Marko Rog,0,0.0,1.0,8.0,2.0,0.0,0.0
2021-22,291677,Marley Aké,0,0.0,0.0,4.0,0.0,0.0,0.0
2021-22,146335,Marten de Roon,0,3.0,0.0,30.0,28.0,0.0,0.0
2021-22,216579,Martin Erlic,0,2.0,0.0,30.0,30.0,0.0,0.0
2021-22,246833,Martin Hongla,0,1.0,0.0,18.0,7.0,0.0,0.0
2021-22,303938,Martin Palumbo,0,0.0,0.0,1.0,0.0,0.0,0.0
2021-22,129316,Marvin Zeegelaar,0,0.0,0.0,14.0,6.0,0.0,0.0
2021-22,275476,Mateusz Praszelik,0,0.0,0.0,2.0,0.0,0.0,0.0
2021-22,306839,Matevz Dajcar,0,0.0,0.0,0.0,0.0,0.0,0.0
2021-22,268221,Matheus Henrique,0,0.0,1.0,25.0,10.0,0.0,0.0
2021-22,151765,Matija Nastasic,0,0.0,0.0,5.0,2.0,0.0,0.0
2021-22,127393,Mato Jajalo,0,0.0,1.0,22.0,6.0,0.0,0.0
2021-22,308944,Matteo Cancellieri,0,1.0,0.0,12.0,1.0,0.0,0.0
2021-22,311977,Matteo Carnelos,0,0.0,0.0,0.0,0.0,0.0,0.0
2021-22,91873,Matteo Darmian,0,2.0,1.0,25.0,18.0,0.0,0.0
2021-22,291573,Matteo Esposito,0,0.0,0.0,0.0,0.0,0.0,0.0
2021-22,255922,Matteo Gabbia,0,0.0,0.0,8.0,6.0,0.0,0.0
2021-22,287986,Matteo Lovato,0,0.0,1.0,22.0,17.0,0.0,0.0
2021-22,224455,Matteo Pessina,0,1.0,1.0,27.0,18.0,0.0,0.0
2021-22,188306,Matteo Politano,0,3.0,5.0,33.0,20.0,0.0,0.0
2021-22,297229,Matteo Ruggeri,0,0.0,0.0,14.0,8.0,0.0,0.0
2021-22,297803,Matthew Garbett,0,0.0,0.0,0.0,0.0,0.0,0.0
2021-22,239349,Matthijs de Ligt,0,3.0,1.0,31.0,29.0,0.0,0.0
2021-22,192464,Mattia Aramu,0,7.0,5.0,32.0,25.0,0.0,0.0
2021-22,207300,Mattia Bani,0,0.0,0.0,17.0,13.0,0.0,0.0
2021-22,196026,Mattia Caldara,0,1.0,0.0,31.0,30.0,0.0,0.0
2021-22,281128,Mattia Chiesa,0,0.0,0.0,0.0,0.0,0.0,0.0
2021-22,333593,Mattia Damiani,0,0.0,0.0,0.0,0.0,0.0,0.0
2021-22,163166,Mattia De Sciglio,0,1.0,2.0,20.0,13.0,0.0,0.0
2021-22,132067,Mattia Destro,0,9.0,1.0,27.0,21.0,0.0,0.0
2021-22,332650,Mattia Florio,0,0.0,0.0,0.0,0.0,0.0,0.0
2021-22,333342,Mattia Motolese,0,0.0,0.0,0.0,0.0,0.0,0.0
2021-22,310248,Mattia Pagliuca,0,0.0,0.0,0.0,0.0,0.0,0.0
2021-22,146683,Mattia Perin,0,0.0,0.0,5.0,5.0,0.0,0.0
2021-22,328467,Mattia Sangalli,0,0.0,0.0,0.0,0.0,0.0,0.0
2021-22,337121,Mattia Turra,0,0.0,0.0,0.0,0.0,0.0,0.0
2021-22,299990,Mattia Viti,0,0.0,0.0,20.0,16.0,0.0,0.0
2021-22,204669,Mattia Zaccagni,0,6.0,5.0,31.0,23.0,0.0,0.0
2021-22,323117,Mattia Zanotti,0,0.0,0.0,1.0,0.0,0.0,0.0
2021-22,220120,Mattias Svanberg,0,3.0,3.0,36.0,31.0,0.0,0.0
2021-22,323974,Matìas Soulè,0,0.0,0.0,2.0,0.0,0.0,0.0
2021-22,145600,Matías Vecino,0,1.0,0.0,17.0,2.0,0.0,0.0
2021-22,254032,Matías Viña,0,0.0,1.0,26.0,18.0,0.0,0.0
2021-22,223122,Maxime López,0,2.0,2.0,35.0,33.0,0.0,0.0
2021-22,258889,Maximilian Ullmann,0,0.0,0.0,5.0,2.0,0.0,0.0
2021-22,105803,Maya Yoshida,0,2.0,3.0,26.0,19.0,0.0,0.0
2021-22,142127,Mehdi Bourabia,0,1.0,0.0,8.0,2.0,0.0,0.0
2021-22,340682,Melvyn Remy,0,0.0,0.0,0.0,0.0,0.0,0.0
2021-22,267178,Merih Demiral,0,1.0,2.0,28.0,22.0,0.0,0.0
2021-22,266002,Mert Müldür,0,0.0,1.0,31.0,24.0,0.0,0.0
2021-22,289942,Michael Svoboda,0,0.0,0.0,18.0,13.0,0.0,0.0
2021-22,258871,Michaël Cuisance,0,0.0,0.0,13.0,13.0,0.0,0.0
2021-22,245623,Michel Aebischer,0,0.0,0.0,12.0,4.0,0.0,0.0
2021-22,86744,Miguel Veloso,0,0.0,3.0,22.0,17.0,0.0,0.0
2021-22,293875,Mikael,0,0.0,0.0,7.0,0.0,0.0,0.0
2021-22,189026,Mike Maignan,0,0.0,1.0,32.0,32.0,0.0,0.0
2021-22,308932,Mikkel Damsgaard,0,0.0,0.0,11.0,6.0,0.0,0.0
2021-22,121090,Milan Badelj,0,1.0,0.0,34.0,34.0,0.0,0.0
2021-22,116477,Milan Djuric,0,5.0,3.0,33.0,23.0,0.0,0.0
2021-22,175195,Milan Skriniar,0,3.0,0.0,35.0,35.0,0.0,0.0
2021-22,175014,Mitchell Dijks,0,0.0,1.0,16.0,7.0,0.0,0.0
2021-22,204670,Mohamed Fares,0,2.0,1.0,9.0,6.0,0.0,0.0
2021-22,248633,Moise Kean,0,5.0,1.0,32.0,12.0,0.0,0.0
2021-22,332609,Morré Makadji,0,0.0,0.0,0.0,0.0,0.0,0.0
2021-22,270884,Morten Frendrup,0,0.0,0.0,10.0,6.0,0.0,0.0
2021-22,202686,Morten Thorsby,0,3.0,1.0,35.0,35.0,0.0,0.0
2021-22,337127,Moustapha Cissé,0,1.0,0.0,3.0,0.0,0.0,0.0
2021-22,269072,Musa Barrow,0,6.0,6.0,34.0,25.0,0.0,0.0
2021-22,278439,Musa Juwara,0,0.0,0.0,0.0,0.0,0.0,0.0
2021-22,164210,Mário Rui,0,0.0,7.0,34.0,34.0,0.0,0.0
2021-22,221436,Mërgim Vojvoda,0,0.0,3.0,29.0,22.0,0.0,0.0
2021-22,210818,Nadiem Amiri,0,0.0,1.0,13.0,9.0,0.0,0.0
2021-22,291560,Nadir Zortea,0,1.0,2.0,29.0,13.0,0.0,0.0
2021-22,213056,Nahitan Nández,0,0.0,2.0,21.0,16.0,0.0,0.0
2021-22,164826,Nahuel Molina,0,7.0,2.0,35.0,31.0,0.0,0.0
2021-22,67716,Nani,0,0.0,1.0,10.0,3.0,0.0,0.0
2021-22,252559,Nedim Bajrami,0,6.0,5.0,35.0,23.0,0.0,0.0
2021-22,268437,Nehuén Pérez,0,0.0,1.0,20.0,19.0,0.0,0.0
2021-22,319438,Niccolò Pietra,0,0.0,0.0,0.0,0.0,0.0,0.0
2021-22,76017,Nico González,0,7.0,6.0,33.0,26.0,0.0,0.0
2021-22,329067,Nicola Bagnolini,0,0.0,0.0,1.0,0.0,0.0,0.0
2021-22,165485,Nicola Murru,0,1.0,0.0,22.0,13.0,0.0,0.0
2021-22,134433,Nicola Ravaglia,0,0.0,0.0,1.0,0.0,0.0,0.0
2021-22,153341,Nicola Sansone,0,2.0,3.0,27.0,6.0,0.0,0.0
2021-22,288488,Nicola Zalewski,0,0.0,0.0,16.0,9.0,0.0,0.0
2021-22,218758,Nicolas Haas,0,0.0,2.0,16.0,11.0,0.0,0.0
2021-22,93062,Nicolas Viola,0,0.0,0.0,6.0,1.0,0.0,0.0
2021-22,250707,Nicolo Casale,0,0.0,2.0,36.0,30.0,0.0,0.0
2021-22,254118,Nicolás Domínguez,0,0.0,3.0,28.0,23.0,0.0,0.0
2021-22,204441,Nicolò Barella,0,3.0,12.0,36.0,36.0,0.0,0.0
2021-22,319437,Nicolò Bertola,0,0.0,0.0,2.0,0.0,0.0,0.0
2021-22,325527,Nicolò Cavuoti,0,0.0,0.0,0.0,0.0,0.0,0.0
2021-22,333596,Nicolò Cocetta,0,0.0,0.0,0.0,0.0,0.0,0.0
2021-22,285969,Nicolò Rovella,0,0.0,3.0,21.0,16.0,0.0,0.0
2021-22,251388,Nicolò Zaniolo,0,2.0,2.0,28.0,23.0,0.0,0.0
2021-22,122667,Niki Mäenpää,0,0.0,1.0,17.0,16.0,0.0,0.0
2021-22,322104,Niklas Pyyhtia,0,0.0,0.0,1.0,0.0,0.0,0.0
2021-22,137830,Nikola Maksimovic,0,0.0,0.0,14.0,13.0,0.0,0.0
2021-22,238990,Nikola Milenkovic,0,1.0,0.0,34.0,34.0,0.0,0.0
2021-22,189897,Norbert Gyömbér,0,0.0,0.0,31.0,30.0,0.0,0.0
2021-22,206227,Ola Aina,0,0.0,0.0,21.0,17.0,0.0,0.0
2021-22,88965,Olivier Giroud,0,11.0,3.0,29.0,22.0,0.0,0.0
2021-22,174016,Omar Colley,0,0.0,0.0,32.0,31.0,0.0,0.0
2021-22,34390,Pablo Galdames,0,0.0,0.0,19.0,11.0,0.0,0.0
2021-22,169219,Pablo Marí,0,2.0,0.0,15.0,15.0,0.0,0.0
2021-22,233973,Panagiotis Retsos,0,0.0,0.0,5.0,1.0,0.0,0.0
2021-22,215525,Paolo Ghiglione,0,0.0,1.0,13.0,6.0,0.0,0.0
2021-22,260188,Pasquale Mazzocchi,0,0.0,2.0,33.0,30.0,0.0,0.0
2021-22,169818,Patric,0,1.0,1.0,24.0,19.0,0.0,0.0
2021-22,238885,Patrick Cutrone,0,3.0,0.0,28.0,15.0,0.0,0.0
2021-22,341336,Patrick Leal,0,0.0,0.0,1.0,0.0,0.0,0.0
2021-22,164839,Paulo Dybala,0,10.0,6.0,29.0,26.0,0.0,0.0
2021-22,190805,Pawel Dawidowicz,0,0.0,0.0,17.0,13.0,0.0,0.0
2021-22,238196,Pawel Jaroszynski,0,0.0,0.0,13.0,4.0,0.0,0.0
2021-22,114032,Pedro,0,9.0,5.0,32.0,25.0,0.0,0.0
2021-22,131209,Pedro Obiang,0,0.0,0.0,0.0,0.0,0.0,0.0
2021-22,12910,Pepe Reina,0,0.0,1.0,15.0,15.0,0.0,0.0
2021-22,196651,Petar Stojanovic,0,1.0,1.0,33.0,32.0,0.0,0.0
2021-22,324927,Petar Zovko,0,0.0,0.0,1.0,0.0,0.0,0.0
2021-22,237652,Petko Hristov,0,1.0,1.0,17.0,13.0,0.0,0.0
2021-22,290129,Pierre Kalulu,0,1.0,2.0,28.0,21.0,0.0,0.0
2021-22,307198,Pietro Boer,0,0.0,0.0,0.0,0.0,0.0,0.0
2021-22,192535,Pietro Ceccaroni,0,2.0,1.0,35.0,35.0,0.0,0.0
2021-22,251141,Pietro Pellegri,0,1.0,0.0,15.0,2.0,0.0,0.0
2021-22,143100,Pietro Terracciano,0,0.0,0.0,32.0,31.0,0.0,0.0
2021-22,177782,Piotr Zielinski,0,6.0,5.0,35.0,26.0,0.0,0.0
2021-22,222595,Rade Krunic,0,0.0,2.0,28.0,15.0,0.0,0.0
2021-22,310216,Radu Dragusin,0,0.0,0.0,20.0,9.0,0.0,0.0
2021-22,335955,Raed Jaziri,0,0.0,0.0,0.0,0.0,0.0,0.0
2021-22,258917,Rafael Leão,0,11.0,8.0,34.0,31.0,0.0,0.0
2021-22,196855,Rafael Tolói,0,1.0,1.0,20.0,16.0,0.0,0.0
2021-22,268452,Raoul Bellanova,0,1.0,2.0,31.0,27.0,0.0,0.0
2021-22,239738,Razvan Marin,0,0.0,5.0,36.0,31.0,0.0,0.0
2021-22,303906,Raúl Moro,0,0.0,1.0,11.0,1.0,0.0,0.0
2021-22,152600,Remo Freuler,0,1.0,3.0,29.0,28.0,0.0,0.0
2021-22,210042,Rey Manaj,0,5.0,0.0,30.0,19.0,0.0,0.0
2021-22,136865,Ricardo Rodríguez,0,0.0,1.0,34.0,28.0,0.0,0.0
2021-22,120650,Riccardo Bocalon,0,0.0,0.0,0.0,0.0,0.0,0.0
2021-22,298329,Riccardo Calafiori,0,0.0,1.0,9.0,3.0,0.0,0.0
2021-22,333595,Riccardo Castagnaviz,0,0.0,0.0,0.0,0.0,0.0,0.0
2021-22,307860,Riccardo Ciervo,0,0.0,0.0,10.0,1.0,0.0,0.0
2021-22,169285,Riccardo Fiamozzi,0,0.0,1.0,10.0,7.0,0.0,0.0
2021-22,188269,Riccardo Gagliolo,0,0.0,1.0,17.0,12.0,0.0,0.0
2021-22,227272,Riccardo Marchizza,0,0.0,1.0,19.0,16.0,0.0,0.0
2021-22,234426,Riccardo Orsolini,0,6.0,3.0,29.0,21.0,0.0,0.0
2021-22,308047,Riccardo Pigozzo,0,0.0,0.0,0.0,0.0,0.0,0.0
2021-22,333849,Riccardo Pinzi,0,0.0,0.0,1.0,0.0,0.0,0.0
2021-22,127466,Riccardo Saponara,0,3.0,3.0,29.0,13.0,0.0,0.0
2021-22,262480,Riccardo Sottil,0,3.0,2.0,24.0,14.0,0.0,0.0
2021-22,333671,Riccardo Stivanello,0,0.0,0.0,1.0,0.0,0.0,0.0
2021-22,205614,Rick Karsdorp,0,0.0,2.0,36.0,32.0,0.0,0.0
2021-22,181192,Ridgeciano Haps,0,1.0,1.0,25.0,24.0,0.0,0.0
2021-22,193977,Roberto Gagliardini,0,2.0,2.0,18.0,6.0,0.0,0.0
2021-22,142738,Roberto Pereyra,0,3.0,5.0,24.0,22.0,0.0,0.0
2021-22,285438,Roberto Piccoli,0,1.0,0.0,17.0,3.0,0.0,0.0
2021-22,131469,Roberto Soriano,0,0.0,4.0,35.0,32.0,0.0,0.0
2021-22,198087,Robin Gosens,0,1.0,1.0,13.0,5.0,0.0,0.0
2021-22,231291,Rodrigo Becão,0,2.0,1.0,35.0,35.0,0.0,0.0
2021-22,259835,Roger Ibañez,0,3.0,0.0,34.0,32.0,0.0,0.0
2021-22,228397,Rogério,0,0.0,1.0,23.0,19.0,0.0,0.0
2021-22,239431,Rok Vodisek,0,0.0,0.0,0.0,0.0,0.0,0.0
2021-22,210392,Rolando Mandragora,0,0.0,2.0,21.0,16.0,0.0,0.0
2021-22,330041,Romano Floriani,0,0.0,0.0,0.0,0.0,0.0,0.0
2021-22,235593,Ronaldo Vieira,0,0.0,0.0,14.0,4.0,0.0,0.0
2021-22,268693,Ruan,0,0.0,0.0,10.0,0.0,0.0,0.0
2021-22,86758,Rui Patrício,0,0.0,0.0,38.0,38.0,0.0,0.0
2021-22,208789,Ruslan Malinovskyi,0,6.0,4.0,30.0,19.0,0.0,0.0
2021-22,333587,Salim Abubakar,0,0.0,0.0,0.0,0.0,0.0,0.0
2021-22,281591,Salvador Ferrer,0,0.0,3.0,27.0,14.0,0.0,0.0
2021-22,68067,Salvatore Sirigu,0,0.0,0.0,37.0,37.0,0.0,0.0
2021-22,44323,Samir Handanovic,0,0.0,0.0,37.0,37.0,0.0,0.0
2021-22,104432,Samir Ujkani,0,0.0,0.0,0.0,0.0,0.0,0.0
2021-22,207278,Samu Castillejo,0,0.0,0.0,5.0,1.0,0.0,0.0
2021-22,297226,Samuel Giovane,0,0.0,0.0,0.0,0.0,0.0,0.0
2021-22,341273,Samuel Iling-Junior,0,0.0,0.0,0.0,0.0,0.0,0.0
2021-22,324765,Samuele Angori,0,0.0,0.0,0.0,0.0,0.0,0.0
2021-22,276822,Samuele Ricci,0,1.0,1.0,33.0,26.0,0.0,0.0
2021-22,307715,Samuele Vitale,0,0.0,0.0,0.0,0.0,0.0,0.0
2021-22,261047,Sandro Tonali,0,5.0,2.0,36.0,31.0,0.0,0.0
2021-22,222300,Sasa Lukic,0,5.0,4.0,35.0,34.0,0.0,0.0
2021-22,104336,Sebastian Giovinco,0,0.0,0.0,2.0,0.0,0.0,0.0
2021-22,288483,Sebastian Walukiewicz,0,0.0,0.0,7.0,4.0,0.0,0.0
2021-22,323108,Sebastiano Desplanches,0,0.0,0.0,0.0,0.0,0.0,0.0
2021-22,192573,Sebastiano Luperto,0,0.0,2.0,24.0,22.0,0.0,0.0
2021-22,211141,Sergej Milinkovic-Savic,0,11.0,11.0,37.0,36.0,0.0,0.0
2021-22,125298,Sergio Romero,0,0.0,0.0,16.0,16.0,0.0,0.0
2021-22,227891,Silvan Hefti,0,0.0,0.0,16.0,14.0,0.0,0.0
2021-22,99987,Simon Kjaer,0,0.0,1.0,11.0,10.0,0.0,0.0
2021-22,109470,Simone Aresti,0,0.0,0.0,0.0,0.0,0.0,0.0
2021-22,200146,Simone Bastoni,0,3.0,3.0,31.0,26.0,0.0,0.0
2021-22,213483,Simone Edera,0,0.0,0.0,0.0,0.0,0.0,0.0
2021-22,325387,Simone Ianesi,0,0.0,0.0,0.0,0.0,0.0,0.0
2021-22,340684,Simone Pafundi,0,0.0,0.0,1.0,0.0,0.0,0.0
2021-22,297233,Simone Panada,0,0.0,0.0,0.0,0.0,0.0,0.0
2021-22,146252,Simone Romagnoli,0,2.0,0.0,19.0,17.0,0.0,0.0
2021-22,285718,Simone Trimboli,0,0.0,0.0,5.0,0.0,0.0,0.0
2021-22,142164,Simone Verdi,0,6.0,0.0,18.0,11.0,0.0,0.0
2021-22,132580,Simone Zaza,0,0.0,0.0,10.0,0.0,0.0,0.0
2021-22,250643,Sofian Kiyine,0,1.0,0.0,26.0,14.0,0.0,0.0
2021-22,195226,Sofyan Amrabat,0,1.0,0.0,23.0,8.0,0.0,0.0
2021-22,188412,Stanislav Lobotka,0,1.0,0.0,23.0,19.0,0.0,0.0
2021-22,115103,Stefan Radu,0,0.0,0.0,10.0,6.0,0.0,0.0
2021-22,141443,Stefan de Vrij,0,0.0,0.0,30.0,28.0,0.0,0.0
2021-22,180927,Stefano Sensi,0,1.0,0.0,20.0,11.0,0.0,0.0
2021-22,155014,Stefano Sturaro,0,0.0,0.0,25.0,24.0,0.0,0.0
2021-22,130036,Stephan El Shaarawy,0,3.0,0.0,27.0,8.0,0.0,0.0
2021-22,309641,Suf Podgoreanu,0,0.0,1.0,5.0,1.0,0.0,0.0
2021-22,268032,Szymon Zurkowski,0,6.0,2.0,35.0,29.0,0.0,0.0
2021-22,141966,Sérgio Oliveira,0,2.0,1.0,14.0,13.0,0.0,0.0
2021-22,236209,Tammy Abraham,0,17.0,4.0,37.0,36.0,0.0,0.0
2021-22,303308,Tanner Tessmann,0,0.0,0.0,20.0,6.0,0.0,0.0
2021-22,258968,Teun Koopmeiners,0,4.0,1.0,30.0,23.0,0.0,0.0
2021-22,233621,Theo Hernández,0,5.0,6.0,32.0,30.0,0.0,0.0
2021-22,231728,Thomas Henry,0,9.0,3.0,33.0,23.0,0.0,0.0
2021-22,180047,Thomas Strakosha,0,0.0,0.0,23.0,23.0,0.0,0.0
2021-22,192550,Tiemoué Bakayoko,0,0.0,0.0,14.0,5.0,0.0,0.0
2021-22,135806,Tolgay Arslan,0,1.0,1.0,30.0,22.0,0.0,0.0
2021-22,221057,Toma Basic,0,0.0,2.0,29.0,9.0,0.0,0.0
2021-22,260197,Tommaso Augello,0,1.0,1.0,36.0,25.0,0.0,0.0
2021-22,309518,Tommaso Baldanzi,0,0.0,0.0,1.0,0.0,0.0,0.0
2021-22,333597,Tommaso Bertini,0,0.0,0.0,0.0,0.0,0.0,0.0
2021-22,333846,Tommaso De Lorenzo,0,0.0,0.0,0.0,0.0,0.0,0.0
2021-22,334283,Tommaso De Nipoti,0,0.0,0.0,1.0,0.0,0.0,0.0
2021-22,276654,Tommaso Pobega,0,4.0,3.0,33.0,24.0,0.0,0.0
2021-22,131245,Tomás Rincón,0,0.0,0.0,24.0,14.0,0.0,0.0
2021-22,205618,Tyronne Ebuehi,0,0.0,0.0,19.0,12.0,0.0,0.0
2021-22,267008,Valentin Mihaila,0,0.0,0.0,5.0,0.0,0.0,0.0
2021-22,310772,Valerio Biagini,0,0.0,0.0,0.0,0.0,0.0,0.0
2021-22,324313,Valerio Boffelli,0,0.0,0.0,0.0,0.0,0.0,0.0
2021-22,165533,Valerio Verre,0,0.0,1.0,19.0,10.0,0.0,0.0
2021-22,219531,Vanja Milinkovic-Savic,0,0.0,0.0,27.0,27.0,0.0,0.0
2021-22,228296,Victor Osimhen,0,14.0,2.0,27.0,23.0,0.0,0.0
2021-22,132062,Vid Belec,0,0.0,0.0,23.0,21.0,0.0,0.0
2021-22,213471,Viktor Kovalenko,0,1.0,4.0,26.0,16.0,0.0,0.0
2021-22,94817,Vincenzo Fiorillo,0,0.0,0.0,1.0,1.0,0.0,0.0
2021-22,330258,Vittorio Alberto Agostinelli,0,0.0,0.0,0.0,0.0,0.0,0.0
2021-22,164764,Vlad Chiriches,0,0.0,0.0,29.0,27.0,0.0,0.0
2021-22,278420,Vladyslav Supriaha,0,0.0,0.0,1.0,0.0,0.0,0.0
2021-22,265105,Wajdi Kechrida,0,0.0,1.0,17.0,10.0,0.0,0.0
2021-22,204113,Walace,0,1.0,0.0,36.0,33.0,0.0,0.0
2021-22,256715,Weston McKennie,0,3.0,0.0,21.0,15.0,0.0,0.0
2021-22,286569,Wilfried Singo,0,3.0,4.0,35.0,32.0,0.0,0.0
2021-22,333600,William Rovida,0,0.0,0.0,0.0,0.0,0.0,0.0
2021-22,318394,Wisdom Amey,0,0.0,0.0,1.0,1.0,0.0,0.0
2021-22,177812,Wladimiro Falcone,0,0.0,0.0,10.0,9.0,0.0,0.0
2021-22,131634,Wojciech Szczesny,0,0.0,0.0,33.0,33.0,0.0,0.0
2021-22,319421,Yayah Kallon,0,0.0,1.0,15.0,5.0,0.0,0.0
2021-22,333924,Yeferson Paz,0,0.0,0.0,0.0,0.0,0.0,0.0
2021-22,329143,Youns Gabriele El Hilali,0,0.0,0.0,0.0,0.0,0.0,0.0
2021-22,241405,Youssef Maleh,0,2.0,3.0,28.0,11.0,0.0,0.0
2021-22,256103,Zinho Vanheusden,0,0.0,0.0,14.0,11.0,0.0,0.0
2021-22,297035,Zito Luvumbo,0,0.0,0.0,0.0,0.0,0.0,0.0
2021-22,11001,Zlatan Ibrahimovic,0,8.0,3.0,23.0,11.0,0.0,0.0
2021-22,333393,Zsombor Senko,0,0.0,0.0,0.0,0.0,0.0,0.0
2021-22,154446,Álvaro Morata,0,9.0,7.0,35.0,26.0,0.0,0.0
2021-22,236156,Álvaro Odriozola,0,1.0,1.0,25.0,18.0,0.0,0.0
2021-22,278210,Éderson,0,2.0,1.0,15.0,13.0,0.0,0.0
2022-23,252293,Abdelhamid Sabiri,0,2.0,0.0,18.0,12.0,0.0,0.0
2022-23,268961,Abdou Harroui,0,2.0,0.0,23.0,5.0,0.0,0.0
2022-23,218105,Adam Marusic,0,0.0,2.0,33.0,31.0,0.0,0.0
2022-23,195988,Adam Masina,0,2.0,0.0,14.0,8.0,0.0,0.0
2022-23,164180,Adama Soumaoro,0,0.0,0.0,23.0,22.0,0.0,0.0
2022-23,229645,Ademola Lookman,0,13.0,6.0,31.0,20.0,0.0,0.0
2022-23,239120,Adrian Ismajli,0,0.0,0.0,25.0,22.0,0.0,0.0
2022-23,176203,Adrien Rabiot,0,8.0,4.0,32.0,31.0,0.0,0.0
2022-23,159324,Adrien Tamèze,0,0.0,0.0,38.0,36.0,0.0,0.0
2022-23,307473,Agustín Álvarez Martínez,0,1.0,1.0,22.0,1.0,0.0,0.0
2022-23,227289,Ajdin Hrustic,0,0.0,0.0,6.0,3.0,0.0,0.0
2022-23,334284,Alasanne Sidibe,0,0.0,0.0,0.0,0.0,0.0,0.0
2022-23,361210,Alberto Basso,0,0.0,0.0,1.0,0.0,0.0,0.0
2022-23,209869,Alberto Grassi,0,0.0,0.0,25.0,14.0,0.0,0.0
2022-23,120652,Albin Ekdal,0,0.0,2.0,31.0,18.0,0.0,0.0
2022-23,260005,Aleksa Terzic,0,1.0,1.0,22.0,8.0,0.0,0.0
2022-23,168653,Aleksandr Kokorin,0,0.0,0.0,0.0,0.0,0.0,0.0
2022-23,249280,Alessandro Bastoni,0,0.0,2.0,29.0,26.0,0.0,0.0
2022-23,144453,Alessandro Berardi,0,0.0,0.0,0.0,0.0,0.0,0.0
2022-23,251776,Alessandro Bianconi,0,0.0,0.0,7.0,2.0,0.0,0.0
2022-23,252605,Alessandro Buongiorno,0,1.0,2.0,34.0,30.0,0.0,0.0
2022-23,158145,Alessandro Florenzi,0,0.0,1.0,6.0,2.0,0.0,0.0
2022-23,340704,Alessandro Fontanarosa,0,0.0,0.0,0.0,0.0,0.0,0.0
2022-23,303909,Alessandro Mercati,0,0.0,0.0,0.0,0.0,0.0,0.0
2022-23,276823,Alessandro Russo,0,0.0,0.0,1.0,1.0,0.0,0.0
2022-23,291578,Alessandro Sorrentino,0,0.0,0.0,0.0,0.0,0.0,0.0
2022-23,122622,Alessandro Tuia,0,0.0,0.0,7.0,6.0,0.0,0.0
2022-23,270010,Alessandro Zanoli,0,2.0,3.0,23.0,16.0,0.0,0.0
2022-23,165768,Alessio Cragno,0,0.0,0.0,1.0,1.0,0.0,0.0
2022-23,288361,Alessio Furlanetto,0,0.0,0.0,0.0,0.0,0.0,0.0
2022-23,177816,Alessio Romagnoli,0,2.0,0.0,34.0,33.0,0.0,0.0
2022-23,252447,Alessio Zerbin,0,0.0,0.0,10.0,2.0,0.0,0.0
2022-23,38900,Alex Cordaz,0,0.0,0.0,1.0,0.0,0.0,0.0
2022-23,186302,Alex Ferrari,0,0.0,0.0,28.0,23.0,0.0,0.0
2022-23,209746,Alex Meret,0,0.0,0.0,34.0,34.0,0.0,0.0
2022-23,125514,Alex Sandro,0,0.0,1.0,25.0,21.0,0.0,0.0
2022-23,185897,Alexey Miranchuk,0,4.0,5.0,29.0,24.0,0.0,0.0
2022-23,214681,Alexis Blin,0,1.0,0.0,35.0,26.0,0.0,0.0
2022-23,271132,Alexis Saelemaekers,0,2.0,3.0,30.0,14.0,0.0,0.0
2022-23,173282,Alfred Duncan,0,1.0,0.0,25.0,13.0,0.0,0.0
2022-23,205576,Amir Rrahmani,0,2.0,1.0,29.0,27.0,0.0,0.0
2022-23,158325,Andrea Barberis,0,0.0,1.0,9.0,3.0,0.0,0.0
2022-23,170755,Andrea Belotti,0,0.0,3.0,31.0,11.0,0.0,0.0
2022-23,308029,Andrea Cambiaso,0,0.0,3.0,32.0,25.0,0.0,0.0
2022-23,301278,Andrea Carboni,0,0.0,0.0,4.0,1.0,0.0,0.0
2022-23,272892,Andrea Colpani,0,4.0,2.0,27.0,10.0,0.0,0.0
2022-23,65400,Andrea Consigli,0,0.0,0.0,35.0,35.0,0.0,0.0
2022-23,143530,Andrea Conti,0,0.0,0.0,1.0,0.0,0.0,0.0
2022-23,288788,Andrea Ghion,0,0.0,0.0,0.0,0.0,0.0,0.0
2022-23,143201,Andrea La Mantia,0,0.0,0.0,0.0,0.0,0.0,0.0
2022-23,181098,Andrea Petagna,0,4.0,6.0,31.0,19.0,0.0,0.0
2022-23,239086,Andrea Pinamonti,0,5.0,0.0,32.0,25.0,0.0,0.0
2022-23,306840,Andreas Jungdal,0,0.0,0.0,0.0,0.0,0.0,0.0
2022-23,332614,Andrei Motoc,0,0.0,0.0,0.0,0.0,0.0,0.0
2022-23,144720,Andrei Radu,0,0.0,0.0,9.0,9.0,0.0,0.0
2022-23,298404,Andri Fannar Baldursson,0,0.0,0.0,0.0,0.0,0.0,0.0
2022-23,215340,André Onana,0,0.0,0.0,24.0,24.0,0.0,0.0
2022-23,220165,Ange N'Guessan,0,0.0,0.0,0.0,0.0,0.0,0.0
2022-23,163794,Ante Rebic,0,3.0,2.0,23.0,10.0,0.0,0.0
2022-23,277441,Antonino Gallo,0,0.0,1.0,32.0,28.0,0.0,0.0
2022-23,334358,Antonio Iervolino,0,0.0,0.0,1.0,0.0,0.0,0.0
2022-23,104452,Antonio Mirante,0,0.0,0.0,1.0,0.0,0.0,0.0
2022-23,319265,Antonio Raimondo,0,0.0,0.0,2.0,0.0,0.0,0.0
2022-23,192162,Antonio Sanabria,0,12.0,4.0,33.0,28.0,0.0,0.0
2022-23,230664,Antonín Barák,0,2.0,0.0,31.0,21.0,0.0,0.0
2022-23,179359,Arkadiusz Milik,0,7.0,1.0,27.0,17.0,0.0,0.0
2022-23,275152,Arkadiusz Reca,0,1.0,1.0,31.0,25.0,0.0,0.0
2022-23,272719,Armand Laurienté,0,7.0,7.0,28.0,27.0,0.0,0.0
2022-23,260177,Armando Anastasio,0,0.0,0.0,0.0,0.0,0.0,0.0
2022-23,165490,Armando Izzo,0,1.0,0.0,30.0,29.0,0.0,0.0
2022-23,216254,Arthur,0,0.0,0.0,0.0,0.0,0.0,0.0
2022-23,224103,Arthur Cabral,0,8.0,1.0,28.0,15.0,0.0,0.0
2022-23,363064,Arttu Lotjonen,0,0.0,0.0,0.0,0.0,0.0,0.0
2022-23,193709,Assan Ceesay,0,6.0,0.0,34.0,20.0,0.0,0.0
2022-23,325597,Axel Guessand,0,0.0,0.0,1.0,1.0,0.0,0.0
2022-23,220853,Bartlomiej Dragowski,0,0.0,1.0,35.0,35.0,0.0,0.0
2022-23,268870,Ben Lhassine Kone,0,0.0,0.0,0.0,0.0,0.0,0.0
2022-23,165291,Berat Djimsiti,0,0.0,1.0,24.0,20.0,0.0,0.0
2022-23,289511,Beto,0,10.0,1.0,33.0,23.0,0.0,0.0
2022-23,140350,Bram Nuytinck,0,0.0,1.0,25.0,22.0,0.0,0.0
2022-23,297163,Brandon Soppy,0,0.0,3.0,16.0,9.0,0.0,0.0
2022-23,258307,Bremer,0,4.0,1.0,30.0,30.0,0.0,0.0
2022-23,257744,Brenner,0,0.0,0.0,0.0,0.0,0.0,0.0
2022-23,324529,Brian Bayeye,0,0.0,0.0,2.0,1.0,0.0,0.0
2022-23,290728,Bruno Amione,0,1.0,1.0,27.0,26.0,0.0,0.0
2022-23,79207,Bruno Conti,0,0.0,0.0,0.0,0.0,0.0,0.0
2022-23,169213,Bryan Cristante,0,1.0,1.0,36.0,34.0,0.0,0.0
2022-23,250758,Bryan Reynolds,0,0.0,0.0,0.0,0.0,0.0,0.0
2022-23,284081,Caleb Okoli,0,0.0,0.0,17.0,9.0,0.0,0.0
2022-23,121036,Carlo Pinsoglio,0,0.0,0.0,0.0,0.0,0.0,0.0
2022-23,271769,Carlos Augusto,0,6.0,6.0,35.0,35.0,0.0,0.0
2022-23,170670,Charalampos Lykogiannis,0,2.0,0.0,21.0,11.0,0.0,0.0
2022-23,296319,Charles De Ketelaere,0,0.0,1.0,32.0,9.0,0.0,0.0
2022-23,235875,Charles Pickel,0,1.0,0.0,33.0,30.0,0.0,0.0
2022-23,123605,Chris Smalling,0,3.0,1.0,32.0,31.0,0.0,0.0
2022-23,346883,Christian Acella,0,0.0,0.0,1.0,0.0,0.0,0.0
2022-23,243159,Christian Capone,0,0.0,0.0,0.0,0.0,0.0,0.0
2022-23,149483,Christian Gytkjaer,0,1.0,0.0,22.0,3.0,0.0,0.0
2022-23,241415,Christian Kouamé,0,4.0,4.0,28.0,22.0,0.0,0.0
2022-23,147969,Ciprian Tatarusanu,0,0.0,1.0,16.0,16.0,0.0,0.0
2022-23,130123,Ciro Immobile,0,12.0,5.0,31.0,27.0,0.0,0.0
2022-23,192564,Cristian Buonaiuto,0,1.0,0.0,29.0,7.0,0.0,0.0
2022-23,330259,Cristian Volpato,0,1.0,1.0,7.0,2.0,0.0,0.0
2022-23,152044,Cristiano Biraghi,0,2.0,4.0,33.0,30.0,0.0,0.0
2022-23,184124,Cristiano Lombardi,0,0.0,0.0,0.0,0.0,0.0,0.0
2022-23,209735,Cristo,0,0.0,0.0,0.0,0.0,0.0,0.0
2022-23,212250,Cyriel Dessers,0,6.0,2.0,26.0,19.0,0.0,0.0
2022-23,283741,Cyril Ngonge,0,5.0,1.0,15.0,10.0,0.0,0.0
2022-23,148998,Daniel Ciofani,0,8.0,0.0,32.0,10.0,0.0,0.0
2022-23,290545,Daniel Maldini,0,2.0,0.0,18.0,4.0,0.0,0.0
2022-23,315569,Daniel Samek,0,0.0,0.0,0.0,0.0,0.0,0.0
2022-23,340705,Daniele Ghilardi,0,0.0,0.0,0.0,0.0,0.0,0.0
2022-23,336352,Daniele Montevago,0,0.0,0.0,6.0,3.0,0.0,0.0
2022-23,93816,Daniele Padelli,0,0.0,0.0,0.0,0.0,0.0,0.0
2022-23,181673,Daniele Rugani,0,0.0,0.0,9.0,6.0,0.0,0.0
2022-23,212477,Daniele Verde,0,3.0,0.0,26.0,11.0,0.0,0.0
2022-23,170369,Danilo,0,3.0,3.0,37.0,35.0,0.0,0.0
2022-23,178627,Danilo Cataldi,0,0.0,1.0,29.0,26.0,0.0,0.0
2022-23,235453,Dany Mota,0,5.0,2.0,29.0,21.0,0.0,0.0
2022-23,290139,Darian Males,0,0.0,0.0,0.0,0.0,0.0,0.0
2022-23,126752,Darko Lazovic,0,4.0,6.0,31.0,28.0,0.0,0.0
2022-23,290122,David Heidenreich,0,0.0,0.0,0.0,0.0,0.0,0.0
2022-23,233087,David Okereke,0,7.0,0.0,33.0,25.0,0.0,0.0
2022-23,290116,David Zima,0,0.0,0.0,9.0,4.0,0.0,0.0
2022-23,275151,Davide Bettella,0,0.0,0.0,0.0,0.0,0.0,0.0
2022-23,194747,Davide Calabria,0,1.0,4.0,25.0,21.0,0.0,0.0
2022-23,313895,Davide Costanzo,0,0.0,0.0,0.0,0.0,0.0,0.0
2022-23,241447,Davide Diaw,0,0.0,0.0,0.0,0.0,0.0,0.0
2022-23,113572,Davide Faraoni,0,3.0,3.0,24.0,20.0,0.0,0.0
2022-23,250850,Davide Frattesi,0,7.0,1.0,36.0,35.0,0.0,0.0
2022-23,277048,Davide Marfella,0,0.0,0.0,0.0,0.0,0.0,0.0
2022-23,332414,Davide Mastrantonio,0,0.0,0.0,0.0,0.0,0.0,0.0
2022-23,286711,Davide Merola,0,0.0,0.0,0.0,0.0,0.0,0.0
2022-23,359647,Davide Renzetti,0,0.0,0.0,0.0,0.0,0.0,0.0
2022-23,182627,Davide Zappacosta,0,4.0,2.0,21.0,18.0,0.0,0.0
2022-23,272695,Dejan Kulusevski,0,0.0,0.0,0.0,0.0,0.0,0.0
2022-23,308476,Demba Seck,0,0.0,0.0,19.0,6.0,0.0,0.0
2022-23,222628,Denis Zakaria,0,0.0,0.0,2.0,1.0,0.0,0.0
2022-23,299530,Denso Kasius,0,0.0,2.0,7.0,4.0,0.0,0.0
2022-23,213248,Denzel Dumfries,0,1.0,4.0,34.0,25.0,0.0,0.0
2022-23,234300,Devis Vásquez,0,0.0,0.0,0.0,0.0,0.0,0.0
2022-23,332549,Diego Coppola,0,0.0,0.0,20.0,11.0,0.0,0.0
2022-23,154407,Diego Demme,0,0.0,0.0,7.0,2.0,0.0,0.0
2022-23,315609,Diego González,0,0.0,0.0,0.0,0.0,0.0,0.0
2022-23,265880,Diego Valencia,0,0.0,0.0,12.0,0.0,0.0,0.0
2022-23,289825,Dimitrije Kamenovic,0,0.0,0.0,0.0,0.0,0.0,0.0
2022-23,226179,Dimitris Nikolaou,0,1.0,0.0,37.0,35.0,0.0,0.0
2022-23,182033,Divock Origi,0,2.0,1.0,27.0,10.0,0.0,0.0
2022-23,168453,Dodô,0,1.0,3.0,33.0,28.0,0.0,0.0
2022-23,276582,Domagoj Bradaric,0,0.0,3.0,31.0,24.0,0.0,0.0
2022-23,173817,Domenico Berardi,0,12.0,7.0,26.0,22.0,0.0,0.0
2022-23,341272,Duccio Degli Innocenti,0,0.0,0.0,1.0,0.0,0.0,0.0
2022-23,235677,Dusan Vlahovic,0,10.0,2.0,27.0,22.0,0.0,0.0
2022-23,193644,Duván Zapata,0,2.0,2.0,25.0,16.0,0.0,0.0
2022-23,240371,Dylan Bronn,0,0.0,0.0,24.0,19.0,0.0,0.0
2022-23,287077,Ebrima Colley,0,0.0,0.0,0.0,0.0,0.0,0.0
2022-23,298409,Ebrima Darboe,0,0.0,0.0,0.0,0.0,0.0,0.0
2022-23,261402,Eddie Salcedo,0,0.0,0.0,0.0,0.0,0.0,0.0
2022-23,308737,Edoardo Bove,0,1.0,0.0,22.0,10.0,0.0,0.0
2022-23,318762,Edoardo Piana,0,0.0,0.0,0.0,0.0,0.0,0.0
2022-23,308325,Eduard Dutu,0,0.0,0.0,0.0,0.0,0.0,0.0
2022-23,216937,Eldor Shomurodov,0,1.0,2.0,22.0,11.0,0.0,0.0
2022-23,346384,Elia Tantalocchi,0,0.0,0.0,0.0,0.0,0.0,0.0
2022-23,237435,Eljif Elmas,0,6.0,3.0,36.0,14.0,0.0,0.0
2022-23,167601,Elseid Hysaj,0,1.0,1.0,34.0,22.0,0.0,0.0
2022-23,270540,Emanuel Aiwu,0,0.0,0.0,23.0,17.0,0.0,0.0
2022-23,250644,Emanuel Vignato,0,1.0,2.0,13.0,2.0,0.0,0.0
2022-23,261274,Emanuele Valeri,0,2.0,3.0,37.0,31.0,0.0,0.0
2022-23,207834,Emil Audero,0,0.0,0.0,25.0,25.0,0.0,0.0
2022-23,229972,Emil Bohinen,0,0.0,0.0,24.0,9.0,0.0,0.0
2022-23,286814,Emil Holm,0,1.0,2.0,20.0,17.0,0.0,0.0
2022-23,275113,Emil Konradsen Ceïde,0,0.0,1.0,19.0,5.0,0.0,0.0
2022-23,330707,Emirhan Ilkhan,0,0.0,0.0,12.0,1.0,0.0,0.0
2022-23,308880,Emmanuel Ekong,0,0.0,0.0,2.0,0.0,0.0,0.0
2022-23,201366,Emmanuel Gyasi,0,2.0,0.0,35.0,35.0,0.0,0.0
2022-23,260186,Emmanuele Pio Cicerelli,0,0.0,0.0,0.0,0.0,0.0,0.0
2022-23,341974,Endri Muhameti,0,0.0,0.0,0.0,0.0,0.0,0.0
2022-23,292921,Enzo Barrenechea,0,0.0,0.0,3.0,3.0,0.0,0.0
2022-23,242601,Enzo Ebosse,0,0.0,0.0,20.0,9.0,0.0,0.0
2022-23,239925,Erik Botheim,0,1.0,3.0,28.0,9.0,0.0,0.0
2022-23,241317,Ethan Ampadu,0,1.0,1.0,32.0,32.0,0.0,0.0
2022-23,125312,Etrit Berisha,0,0.0,0.0,0.0,0.0,0.0,0.0
2022-23,124916,Eugenio Lamanna,0,0.0,0.0,0.0,0.0,0.0,0.0
2022-23,242593,Evan Ndicka,0,0.0,0.0,0.0,0.0,0.0,0.0
2022-23,308082,Fabiano Parisi,0,2.0,0.0,33.0,33.0,0.0,0.0
2022-23,323975,Fabio Miretti,0,0.0,2.0,27.0,14.0,0.0,0.0
2022-23,19667,Fabio Quagliarella,0,1.0,1.0,23.0,7.0,0.0,0.0
2022-23,275941,Facundo Colidio,0,0.0,0.0,0.0,0.0,0.0,0.0
2022-23,324225,Federico Baschirotto,0,3.0,0.0,37.0,37.0,0.0,0.0
2022-23,197062,Federico Bonazzoli,0,2.0,1.0,24.0,12.0,0.0,0.0
2022-23,272733,Federico Brancolini,0,0.0,0.0,0.0,0.0,0.0,0.0
2022-23,153315,Federico Ceccherini,0,2.0,0.0,22.0,18.0,0.0,0.0
2022-23,234306,Federico Chiesa,0,2.0,5.0,21.0,6.0,0.0,0.0
2022-23,185463,Federico Di Francesco,0,2.0,2.0,36.0,23.0,0.0,0.0
2022-23,194748,Federico Dimarco,0,4.0,3.0,33.0,26.0,0.0,0.0
2022-23,97425,Federico Fazio,0,1.0,0.0,14.0,12.0,0.0,0.0
2022-23,323147,Federico Gatti,0,0.0,0.0,18.0,16.0,0.0,0.0
2022-23,116478,Federico Marchetti,0,0.0,0.0,1.0,0.0,0.0,0.0
2022-23,245626,Federico Ravaglia,0,0.0,0.0,0.0,0.0,0.0,0.0
2022-23,362045,Federico Zorzi,0,0.0,0.0,0.0,0.0,0.0,0.0
2022-23,152812,Felipe Anderson,0,9.0,3.0,38.0,35.0,0.0,0.0
2022-23,330044,Felix Afena-Gyan,0,0.0,1.0,23.0,7.0,0.0,0.0
2022-23,290106,Festy Ebosele,0,0.0,1.0,17.0,4.0,0.0,0.0
2022-23,236210,Fikayo Tomori,0,1.0,1.0,33.0,32.0,0.0,0.0
2022-23,222606,Filip Benkovic,0,0.0,0.0,0.0,0.0,0.0,0.0
2022-23,137076,Filip Djuricic,0,3.0,0.0,32.0,27.0,0.0,0.0
2022-23,174496,Filip Kostic,0,3.0,10.0,37.0,33.0,0.0,0.0
2022-23,289560,Filip Stankovic,0,0.0,0.0,0.0,0.0,0.0,0.0
2022-23,226187,Filippo Bandinelli,0,2.0,0.0,35.0,28.0,0.0,0.0
2022-23,139990,Filippo Costa,0,0.0,0.0,0.0,0.0,0.0,0.0
2022-23,330043,Filippo Missori,0,0.0,0.0,3.0,2.0,0.0,0.0
2022-23,273255,Filippo Ranocchia,0,1.0,0.0,14.0,5.0,0.0,0.0
2022-23,202335,Filippo Romagna,0,0.0,0.0,2.0,0.0,0.0,0.0
2022-23,303919,Filippo Terracciano,0,0.0,1.0,21.0,7.0,0.0,0.0
2022-23,356575,Flavio Paoletti,0,0.0,0.0,12.0,1.0,0.0,0.0
2022-23,305683,Flavius Daniliuc,0,0.0,2.0,27.0,23.0,0.0,0.0
2022-23,156898,Florian Thauvin,0,0.0,0.0,16.0,5.0,0.0,0.0
2022-23,248668,Fodé Ballo-Touré,0,1.0,0.0,10.0,5.0,0.0,0.0
2022-23,148842,Francesco Acerbi,0,0.0,2.0,31.0,25.0,0.0,0.0
2022-23,138836,Francesco Bardi,0,0.0,0.0,1.0,1.0,0.0,0.0
2022-23,292286,Francesco Donati,0,0.0,0.0,0.0,0.0,0.0,0.0
2022-23,351868,Francesco Raffaelli,0,0.0,0.0,0.0,0.0,0.0,0.0
2022-23,89216,Francesco Rossi,0,0.0,0.0,1.0,0.0,0.0,0.0
2022-23,308939,Franco Carboni,0,0.0,0.0,3.0,0.0,0.0,0.0
2022-23,215721,Frank Anguissa,0,3.0,5.0,36.0,36.0,0.0,0.0
2022-23,271219,Frank Tsadjout,0,3.0,1.0,20.0,14.0,0.0,0.0
2022-23,266665,Gabriel Brazão,0,0.0,0.0,0.0,0.0,0.0,0.0
2022-23,235792,Gabriel Meli,0,0.0,0.0,0.0,0.0,0.0,0.0
2022-23,255247,Gabriel Strefezza,0,8.0,5.0,35.0,30.0,0.0,0.0
2022-23,276234,Gabriele Bellodi,0,0.0,0.0,0.0,0.0,0.0,0.0
2022-23,288364,Gabriele Ferrarini,0,0.0,0.0,0.0,0.0,0.0,0.0
2022-23,345934,Gabriele Guarino,0,0.0,0.0,0.0,0.0,0.0,0.0
2022-23,210230,Gaetano Castrovilli,0,2.0,1.0,15.0,7.0,0.0,0.0
2022-23,147341,Gary Medel,0,0.0,1.0,29.0,17.0,0.0,0.0
2022-23,213207,Georgios Kyriakopoulos,0,1.0,3.0,24.0,17.0,0.0,0.0
2022-23,156615,Gerard Deulofeu,0,2.0,6.0,16.0,15.0,0.0,0.0
2022-23,325178,Gerard Yepes,0,0.0,0.0,5.0,2.0,0.0,0.0
2022-23,113667,Giacomo Bonaventura,0,5.0,1.0,30.0,21.0,0.0,0.0
2022-23,275924,Giacomo Quagliata,0,0.0,1.0,20.0,6.0,0.0,0.0
2022-23,271679,Giacomo Raspadori,0,2.0,2.0,26.0,10.0,0.0,0.0
2022-23,207823,Gian Marco Ferrari,0,1.0,0.0,33.0,24.0,0.0,0.0
2022-23,199989,Giangiacomo Magnani,0,0.0,1.0,25.0,20.0,0.0,0.0
2022-23,156792,Gianluca Caprari,0,5.0,2.0,37.0,32.0,0.0,0.0
2022-23,251775,Gianluca Frabotta,0,0.0,0.0,0.0,0.0,0.0,0.0
2022-23,276692,Gianluca Gaetano,0,1.0,1.0,8.0,0.0,0.0,0.0
2022-23,212597,Gianluca Mancini,0,1.0,2.0,35.0,33.0,0.0,0.0
2022-23,104359,Gianluca Pegolo,0,0.0,0.0,2.0,2.0,0.0,0.0
2022-23,282882,Gianluca Saro,0,0.0,0.0,0.0,0.0,0.0,0.0
2022-23,279955,Gianmarco Cangiano,0,0.0,0.0,0.0,0.0,0.0,0.0
2022-23,297214,Giorgio Brogni,0,0.0,0.0,0.0,0.0,0.0,0.0
2022-23,309812,Giorgio Scalvini,0,2.0,2.0,32.0,29.0,0.0,0.0
2022-23,231347,Giovanni Crociata,0,0.0,0.0,0.0,0.0,0.0,0.0
2022-23,155904,Giovanni Di Lorenzo,0,3.0,4.0,37.0,36.0,0.0,0.0
2022-23,323118,Giovanni Fabbian,0,0.0,0.0,0.0,0.0,0.0,0.0
2022-23,189974,Giovanni Simeone,0,4.0,1.0,25.0,1.0,0.0,0.0
2022-23,143517,Giulio Donati,0,1.0,0.0,8.0,4.0,0.0,0.0
2022-23,241730,Giulio Maggiore,0,0.0,0.0,16.0,11.0,0.0,0.0
2022-23,331279,Giuseppe Ambrosino,0,0.0,0.0,0.0,0.0,0.0,0.0
2022-23,273424,Gonzalo Villar,0,0.0,0.0,15.0,8.0,0.0,0.0
2022-23,218082,Grigoris Kastanos,0,2.0,1.0,28.0,13.0,0.0,0.0
2022-23,156883,Grégoire Defrel,0,2.0,1.0,27.0,13.0,0.0,0.0
2022-23,137038,Guillermo Ochoa,0,0.0,0.0,20.0,20.0,0.0,0.0
2022-23,338266,Gvidas Gineitis,0,0.0,0.0,3.0,2.0,0.0,0.0
2022-23,170785,Hakan Çalhanoglu,0,3.0,6.0,33.0,28.0,0.0,0.0
2022-23,193448,Hans Hateboer,0,1.0,1.0,17.0,17.0,0.0,0.0
2022-23,286764,Hans Nicolussi Caviglia,0,1.0,0.0,12.0,6.0,0.0,0.0
2022-23,202332,Harry Winks,0,0.0,0.0,20.0,19.0,0.0,0.0
2022-23,193919,Hassane Kamara,0,0.0,0.0,0.0,0.0,0.0,0.0
2022-23,147625,Henrikh Mkhitaryan,0,3.0,2.0,31.0,24.0,0.0,0.0
2022-23,200161,Hirving Lozano,0,3.0,4.0,32.0,20.0,0.0,0.0
2022-23,241116,Houssem Aouar,0,0.0,0.0,0.0,0.0,0.0,0.0
2022-23,290830,Hubert Dawid Idasiak,0,0.0,0.0,0.0,0.0,0.0,0.0
2022-23,363071,Iacopo Regonesi,0,0.0,0.0,0.0,0.0,0.0,0.0
2022-23,187845,Ignacio Pussetto,0,0.0,0.0,5.0,1.0,0.0,0.0
2022-23,234143,Igor Julio,0,0.0,0.0,27.0,23.0,0.0,0.0
2022-23,300001,Ilario Monterisi,0,0.0,0.0,0.0,0.0,0.0,0.0
2022-23,176611,Ilija Nestorovski,0,2.0,1.0,21.0,5.0,0.0,0.0
2022-23,194684,Isaac Success,0,1.0,6.0,30.0,21.0,0.0,0.0
2022-23,312862,Isak Hien,0,0.0,0.0,33.0,29.0,0.0,0.0
2022-23,214891,Ismaël Bennacer,0,2.0,2.0,28.0,24.0,0.0,0.0
2022-23,357109,Issiaka Kamate,0,0.0,0.0,0.0,0.0,0.0,0.0
2022-23,260004,Ivan Ilic,0,2.0,3.0,25.0,23.0,0.0,0.0
2022-23,181836,Ivan Provedel,0,0.0,0.0,38.0,37.0,0.0,0.0
2022-23,277234,Ivor Pandur,0,0.0,0.0,0.0,0.0,0.0,0.0
2022-23,33435,Jacob Rasmussen,0,0.0,0.0,0.0,0.0,0.0,0.0
2022-23,298879,Jacopo Da Riva,0,0.0,0.0,0.0,0.0,0.0,0.0
2022-23,302922,Jacopo De Matteis,0,0.0,0.0,0.0,0.0,0.0,0.0
2022-23,333938,Jacopo Fazzini,0,0.0,0.0,21.0,8.0,0.0,0.0
2022-23,144734,Jacopo Sala,0,0.0,0.0,6.0,1.0,0.0,0.0
2022-23,274649,Jaka Bijol,0,3.0,2.0,32.0,32.0,0.0,0.0
2022-23,342837,James Abankwah,0,0.0,0.0,2.0,1.0,0.0,0.0
2022-23,302646,Janis Antiste,0,1.0,0.0,2.0,0.0,0.0,0.0
2022-23,164519,Jean-Daniel Akpa Akpro,0,1.0,1.0,24.0,16.0,0.0,0.0
2022-23,239998,Jerdy Schouten,0,0.0,2.0,33.0,29.0,0.0,0.0
2022-23,186024,Jeremy Toljan,0,0.0,1.0,31.0,29.0,0.0,0.0
2022-23,130177,Jeroen Zoet,0,0.0,0.0,5.0,4.0,0.0,0.0
2022-23,324471,Jerzy,0,0.0,0.0,0.0,0.0,0.0,0.0
2022-23,162453,Jesé,0,1.0,1.0,11.0,1.0,0.0,0.0
2022-23,227697,Jhon Lucumí,0,0.0,1.0,33.0,33.0,0.0,0.0
2022-23,238870,Joakim Maehle,0,3.0,3.0,34.0,25.0,0.0,0.0
2022-23,330423,Joan Gonzàlez,0,1.0,3.0,35.0,26.0,0.0,0.0
2022-23,68802,Joao Moutinho,0,0.0,0.0,4.0,0.0,0.0,0.0
2022-23,195638,Joaquín Correa,0,3.0,2.0,26.0,12.0,0.0,0.0
2022-23,292011,Joaquín Sosa,0,0.0,0.0,10.0,7.0,0.0,0.0
2022-23,332413,Joel Voelkerling Persson,0,0.0,0.0,9.0,0.0,0.0,0.0
2022-23,286726,John Bjorkengren,0,0.0,0.0,0.0,0.0,0.0,0.0
2022-23,225559,Jonathan Ikoné,0,4.0,4.0,33.0,24.0,0.0,0.0
2022-23,204672,Jony,0,0.0,0.0,0.0,0.0,0.0,0.0
2022-23,283171,Jordan Zemura,0,0.0,0.0,0.0,0.0,0.0,0.0
2022-23,290418,Josh Doig,0,2.0,3.0,22.0,15.0,0.0,0.0
2022-23,276327,Joshua Zirkzee,0,2.0,2.0,19.0,5.0,0.0,0.0
2022-23,228321,Josip Brekalo,0,0.0,0.0,6.0,1.0,0.0,0.0
2022-23,222618,José Machín,0,0.0,2.0,25.0,11.0,0.0,0.0
2022-23,139390,José Palomino,0,1.0,0.0,15.0,8.0,0.0,0.0
2022-23,24412,Juan Cabal,0,0.0,0.0,12.0,3.0,0.0,0.0
2022-23,170663,Juan Jesus,0,1.0,0.0,15.0,10.0,0.0,0.0
2022-23,177927,Juan Musso,0,0.0,0.0,24.0,24.0,0.0,0.0
2022-23,235128,Julian Kristoffersen,0,0.0,0.0,1.0,0.0,0.0,0.0
2022-23,319174,Julius Beck,0,0.0,0.0,1.0,0.0,0.0,0.0
2022-23,261054,Junior Messias,0,5.0,2.0,25.0,19.0,0.0,0.0
2022-23,211776,Junior Sambia,0,0.0,1.0,22.0,7.0,0.0,0.0
2022-23,206153,Jérémie Boga,0,2.0,5.0,23.0,5.0,0.0,0.0
2022-23,159146,Kaan Ayhan,0,0.0,0.0,10.0,5.0,0.0,0.0
2022-23,318760,Kacper Urbanski,0,0.0,0.0,0.0,0.0,0.0,0.0
2022-23,286991,Karim Zedadka,0,0.0,0.0,3.0,0.0,0.0,0.0
2022-23,198770,Karol Linetty,0,1.0,0.0,32.0,22.0,0.0,0.0
2022-23,158239,Kastriot Dermaku,0,0.0,0.0,1.0,0.0,0.0,0.0
2022-23,227721,Kelvin Amian,0,0.0,1.0,30.0,26.0,0.0,0.0
2022-23,270545,Kevin Agudelo,0,0.0,1.0,35.0,23.0,0.0,0.0
2022-23,196575,Kevin Bonifazi,0,0.0,0.0,13.0,9.0,0.0,0.0
2022-23,207819,Kevin Lasagna,0,1.0,2.0,26.0,17.0,0.0,0.0
2022-23,259903,Kevin Ruegg,0,0.0,0.0,0.0,0.0,0.0,0.0
2022-23,274745,Khvicha Kvaratskhelia,0,12.0,10.0,34.0,30.0,0.0,0.0
2022-23,157688,Kim Min-Jae,0,2.0,2.0,35.0,35.0,0.0,0.0
2022-23,212476,Kingsley Ehizibue,0,2.0,0.0,27.0,16.0,0.0,0.0
2022-23,164137,Koffi Djidji,0,1.0,0.0,34.0,26.0,0.0,0.0
2022-23,309570,Koni De Winter,0,0.0,0.0,14.0,12.0,0.0,0.0
2022-23,174616,Koray Günter,0,1.0,1.0,23.0,19.0,0.0,0.0
2022-23,284212,Kristian Thorstvedt,0,2.0,1.0,31.0,13.0,0.0,0.0
2022-23,308881,Kristjan Asllani,0,0.0,0.0,20.0,5.0,0.0,0.0
2022-23,267910,Lameck Banda,0,2.0,1.0,36.0,19.0,0.0,0.0
2022-23,223947,Lassana Coulibaly,0,3.0,3.0,35.0,34.0,0.0,0.0
2022-23,219713,Lautaro Martínez,0,21.0,6.0,38.0,27.0,0.0,0.0
2022-23,303296,Lazar Samardzic,0,5.0,4.0,37.0,19.0,0.0,0.0
2022-23,153115,Leandro Paredes,0,1.0,0.0,25.0,8.0,0.0,0.0
2022-23,281736,Leo Østigard,0,0.0,0.0,7.0,4.0,0.0,0.0
2022-23,74413,Leonardo Bonucci,0,1.0,0.0,16.0,9.0,0.0,0.0
2022-23,333091,Leonardo Buta,0,0.0,0.0,2.0,0.0,0.0,0.0
2022-23,235809,Leonardo Candellone,0,0.0,0.0,0.0,0.0,0.0,0.0
2022-23,346950,Leonardo Dido,0,0.0,0.0,0.0,0.0,0.0,0.0
2022-23,207297,Leonardo Mancuso,0,0.0,0.0,0.0,0.0,0.0,0.0
2022-23,362355,Leonardo Mendicino,0,0.0,0.0,0.0,0.0,0.0,0.0
2022-23,358626,Leonardo Pedicillo,0,0.0,0.0,0.0,0.0,0.0,0.0
2022-23,234425,Leonardo Sernicola,0,2.0,2.0,32.0,27.0,0.0,0.0
2022-23,148974,Leonardo Spinazzola,0,1.0,4.0,26.0,18.0,0.0,0.0
2022-23,202429,Lewis Ferguson,0,7.0,1.0,32.0,27.0,0.0,0.0
2022-23,107568,Liam Henderson,0,0.0,1.0,25.0,11.0,0.0,0.0
2022-23,266554,Liberato Cacace,0,0.0,0.0,12.0,5.0,0.0,0.0
2022-23,281606,Lorenzo Avogadri,0,0.0,0.0,0.0,0.0,0.0,0.0
2022-23,303988,Lorenzo Bernasconi,0,0.0,0.0,0.0,0.0,0.0,0.0
2022-23,297220,Lorenzo Colombo,0,5.0,2.0,33.0,18.0,0.0,0.0
2022-23,68070,Lorenzo De Silvestri,0,1.0,0.0,15.0,6.0,0.0,0.0
2022-23,346537,Lorenzo Malagrida,0,0.0,0.0,6.0,0.0,0.0,0.0
2022-23,184737,Lorenzo Montipò,0,0.0,0.0,38.0,38.0,0.0,0.0
2022-23,273498,Lorenzo Peli,0,0.0,0.0,0.0,0.0,0.0,0.0
2022-23,204320,Lorenzo Pellegrini,0,4.0,5.0,32.0,29.0,0.0,0.0
2022-23,290069,Lorenzo Pirola,0,2.0,0.0,26.0,23.0,0.0,0.0
2022-23,99501,Lorenzo Tonelli,0,0.0,0.0,1.0,0.0,0.0,0.0
2022-23,199726,Lorenzo Venuti,0,0.0,1.0,17.0,9.0,0.0,0.0
2022-23,353056,Lorenzo Villa,0,0.0,0.0,0.0,0.0,0.0,0.0
2022-23,286999,Louis Munteanu,0,0.0,0.0,0.0,0.0,0.0,0.0
2022-23,347069,Lovro Štubljar,0,0.0,0.0,0.0,0.0,0.0,0.0
2022-23,276689,Luca Belardinelli,0,0.0,0.0,0.0,0.0,0.0,0.0
2022-23,358468,Luca Borghesan,0,0.0,0.0,0.0,0.0,0.0,0.0
2022-23,132063,Luca Caldirola,0,2.0,0.0,31.0,27.0,0.0,0.0
2022-23,346882,Luca D'Andrea,0,0.0,1.0,5.0,5.0,0.0,0.0
2022-23,284049,Luca Gemello,0,0.0,0.0,0.0,0.0,0.0,0.0
2022-23,123599,Luca Marrone,0,0.0,0.0,2.0,2.0,0.0,0.0
2022-23,197263,Luca Mazzitelli,0,0.0,0.0,0.0,0.0,0.0,0.0
2022-23,278778,Luca Moro,0,0.0,0.0,0.0,0.0,0.0,0.0
2022-23,251144,Luca Pellegrini,0,0.0,0.0,7.0,1.0,0.0,0.0
2022-23,262481,Luca Ranieri,0,0.0,0.0,9.0,5.0,0.0,0.0
2022-23,143569,Luca Vido,0,0.0,0.0,0.0,0.0,0.0,0.0
2022-23,219086,Lucas Martínez Quarta,0,1.0,1.0,27.0,25.0,0.0,0.0
2022-23,282289,Lucien Agoumé,0,0.0,0.0,0.0,0.0,0.0,0.0
2022-23,126109,Luigi Sepe,0,0.0,0.0,17.0,17.0,0.0,0.0
2022-23,146388,Luis Alberto,0,6.0,7.0,35.0,27.0,0.0,0.0
2022-23,279792,Luis Binks,0,0.0,0.0,0.0,0.0,0.0,0.0
2022-23,151510,Luis Muriel,0,3.0,3.0,29.0,10.0,0.0,0.0
2022-23,241444,Luka Bogdan,0,0.0,0.0,0.0,0.0,0.0,0.0
2022-23,221332,Luka Jovic,0,6.0,3.0,31.0,16.0,0.0,0.0
2022-23,222477,Luka Lochoshvili,0,1.0,2.0,25.0,22.0,0.0,0.0
2022-23,303844,Luka Romero,0,1.0,0.0,6.0,1.0,0.0,0.0
2022-23,354459,Lukas Vorlicky,0,0.0,0.0,3.0,0.0,0.0,0.0
2022-23,179358,Lukasz Skorupski,0,0.0,0.0,37.0,37.0,0.0,0.0
2022-23,256604,Luís Maximiano,0,0.0,0.0,1.0,1.0,0.0,0.0
2022-23,261173,M'Bala Nzola,0,13.0,2.0,32.0,30.0,0.0,0.0
2022-23,303444,Malick Thiaw,0,0.0,0.0,20.0,15.0,0.0,0.0
2022-23,208518,Mamadou Coulibaly,0,0.0,0.0,0.0,0.0,0.0,0.0
2022-23,135289,Manolo Gabbiadini,0,7.0,2.0,35.0,27.0,0.0,0.0
2022-23,154423,Manuel De Luca,0,0.0,0.0,2.0,0.0,0.0,0.0
2022-23,241430,Manuel Lazzari,0,0.0,0.0,28.0,22.0,0.0,0.0
2022-23,217538,Manuel Locatelli,0,0.0,3.0,32.0,29.0,0.0,0.0
2022-23,261403,Marash Kumbulla,0,0.0,0.0,7.0,5.0,0.0,0.0
2022-23,178383,Marcelo Brozovic,0,3.0,5.0,28.0,19.0,0.0,0.0
2022-23,287465,Marcin Listkowski,0,0.0,0.0,5.0,0.0,0.0,0.0
2022-23,176762,Marco Benassi,0,0.0,0.0,17.0,12.0,0.0,0.0
2022-23,309565,Marco Bertini,0,0.0,0.0,1.0,0.0,0.0,0.0
2022-23,192570,Marco Bleve,0,0.0,0.0,0.0,0.0,0.0,0.0
2022-23,284804,Marco Carnesecchi,0,0.0,1.0,27.0,27.0,0.0,0.0
2022-23,255917,Marco Carraro,0,0.0,0.0,0.0,0.0,0.0,0.0
2022-23,132070,Marco D'Alessandro,0,0.0,0.0,8.0,3.0,0.0,0.0
2022-23,251733,Marco Pompetti,0,0.0,0.0,0.0,0.0,0.0,0.0
2022-23,107105,Marco Sala,0,0.0,0.0,0.0,0.0,0.0,0.0
2022-23,125906,Marco Silvestri,0,0.0,0.0,38.0,38.0,0.0,0.0
2022-23,174915,Marco Sportiello,0,0.0,0.0,15.0,14.0,0.0,0.0
2022-23,241411,Marco Varnier,0,0.0,0.0,0.0,0.0,0.0,0.0
2022-23,266282,Marcos Antonio,0,1.0,1.0,16.0,6.0,0.0,0.0
2022-23,255650,Marin Pongracic,0,0.0,0.0,9.0,9.0,0.0,0.0
2022-23,324097,Mario Gila,0,0.0,0.0,4.0,0.0,0.0,0.0
2022-23,189668,Mario Pasalic,0,5.0,2.0,32.0,24.0,0.0,0.0
2022-23,169133,Mario Sampirisi,0,0.0,0.0,0.0,0.0,0.0,0.0
2022-23,187426,Marios Oikonomou,0,0.0,0.0,6.0,3.0,0.0,0.0
2022-23,221117,Marius Adamonis,0,0.0,0.0,0.0,0.0,0.0,0.0
2022-23,185109,Mariusz Stepinski,0,0.0,0.0,0.0,0.0,0.0,0.0
2022-23,98193,Marko Arnautovic,0,10.0,0.0,21.0,18.0,0.0,0.0
2022-23,187956,Marko Pjaca,0,0.0,0.0,17.0,5.0,0.0,0.0
2022-23,291677,Marley Aké,0,0.0,0.0,0.0,0.0,0.0,0.0
2022-23,200651,Marlon,0,0.0,0.0,28.0,18.0,0.0,0.0
2022-23,146335,Marten de Roon,0,3.0,1.0,35.0,34.0,0.0,0.0
2022-23,216579,Martin Erlic,0,0.0,0.0,28.0,26.0,0.0,0.0
2022-23,246833,Martin Hongla,0,0.0,0.0,9.0,6.0,0.0,0.0
2022-23,309597,Martin Turk,0,0.0,0.0,4.0,4.0,0.0,0.0
2022-23,284854,Martín Satriano,0,2.0,1.0,31.0,20.0,0.0,0.0
2022-23,129316,Marvin Zeegelaar,0,1.0,0.0,7.0,4.0,0.0,0.0
2022-23,275476,Mateusz Praszelik,0,0.0,0.0,0.0,0.0,0.0,0.0
2022-23,268221,Matheus Henrique,0,4.0,1.0,30.0,21.0,0.0,0.0
2022-23,314841,Matheus Martins,0,0.0,0.0,0.0,0.0,0.0,0.0
2022-23,234881,Mathías Olivera,0,2.0,2.0,30.0,17.0,0.0,0.0
2022-23,347344,Mats Lemmens,0,0.0,0.0,0.0,0.0,0.0,0.0
2022-23,163990,Matteo Bianchetti,0,1.0,0.0,25.0,22.0,0.0,0.0
2022-23,308944,Matteo Cancellieri,0,0.0,0.0,20.0,1.0,0.0,0.0
2022-23,191851,Matteo Colombo,0,0.0,0.0,0.0,0.0,0.0,0.0
2022-23,91873,Matteo Darmian,0,1.0,2.0,31.0,24.0,0.0,0.0
2022-23,349244,Matteo Fiorenza,0,0.0,0.0,0.0,0.0,0.0,0.0
2022-23,255922,Matteo Gabbia,0,0.0,0.0,12.0,6.0,0.0,0.0
2022-23,287986,Matteo Lovato,0,0.0,0.0,17.0,8.0,0.0,0.0
2022-23,224455,Matteo Pessina,0,5.0,4.0,35.0,34.0,0.0,0.0
2022-23,188306,Matteo Politano,0,3.0,3.0,27.0,14.0,0.0,0.0
2022-23,297229,Matteo Ruggeri,0,0.0,1.0,15.0,8.0,0.0,0.0
2022-23,196026,Mattia Caldara,0,0.0,0.0,20.0,13.0,0.0,0.0
2022-23,281128,Mattia Chiesa,0,0.0,0.0,0.0,0.0,0.0,0.0
2022-23,346898,Mattia Ciucci,0,0.0,0.0,0.0,0.0,0.0,0.0
2022-23,163166,Mattia De Sciglio,0,0.0,0.0,17.0,11.0,0.0,0.0
2022-23,132067,Mattia Destro,0,1.0,0.0,17.0,6.0,0.0,0.0
2022-23,272859,Mattia Novella,0,0.0,0.0,0.0,0.0,0.0,0.0
2022-23,146683,Mattia Perin,0,0.0,0.0,11.0,10.0,0.0,0.0
2022-23,337121,Mattia Turra,0,0.0,0.0,0.0,0.0,0.0,0.0
2022-23,153327,Mattia Valoti,0,0.0,0.0,16.0,4.0,0.0,0.0
2022-23,204669,Mattia Zaccagni,0,10.0,6.0,35.0,33.0,0.0,0.0
2022-23,323117,Mattia Zanotti,0,0.0,0.0,2.0,0.0,0.0,0.0
2022-23,323974,Matìas Soulè,0,1.0,0.0,13.0,4.0,0.0,0.0
2022-23,145600,Matías Vecino,0,2.0,1.0,32.0,17.0,0.0,0.0
2022-23,254032,Matías Viña,0,0.0,0.0,3.0,1.0,0.0,0.0
2022-23,223122,Maxime López,0,0.0,1.0,30.0,25.0,0.0,0.0
2022-23,341756,Medon Berisha,0,0.0,0.0,0.0,0.0,0.0,0.0
2022-23,142127,Mehdi Bourabia,0,1.0,3.0,38.0,37.0,0.0,0.0
2022-23,256212,Mehdi Léris,0,1.0,1.0,32.0,29.0,0.0,0.0
2022-23,267178,Merih Demiral,0,1.0,0.0,28.0,14.0,0.0,0.0
2022-23,266002,Mert Müldür,0,0.0,0.0,2.0,1.0,0.0,0.0
2022-23,262483,Mert Çetin,0,0.0,0.0,1.0,1.0,0.0,0.0
2022-23,252385,Michael Folorunsho,0,0.0,0.0,0.0,0.0,0.0,0.0
2022-23,258871,Michaël Cuisance,0,0.0,0.0,12.0,9.0,0.0,0.0
2022-23,272745,Michel Adopo,0,0.0,0.0,9.0,3.0,0.0,0.0
2022-23,245623,Michel Aebischer,0,1.0,1.0,32.0,18.0,0.0,0.0
2022-23,162589,Michele Castagnetti,0,0.0,1.0,27.0,14.0,0.0,0.0
2022-23,252296,Michele Cerofolini,0,0.0,0.0,5.0,5.0,0.0,0.0
2022-23,240055,Michele Di Gregorio,0,0.0,1.0,37.0,37.0,0.0,0.0
2022-23,86744,Miguel Veloso,0,0.0,0.0,22.0,14.0,0.0,0.0
2022-23,299857,Mihai Popa,0,0.0,0.0,0.0,0.0,0.0,0.0
2022-23,359214,Mihailo Ivanovic,0,0.0,0.0,1.0,0.0,0.0,0.0
2022-23,189026,Mike Maignan,0,0.0,1.0,22.0,22.0,0.0,0.0
2022-23,116477,Milan Djuric,0,1.0,2.0,29.0,15.0,0.0,0.0
2022-23,238798,Mile Svilar,0,0.0,0.0,3.0,3.0,0.0,0.0
2022-23,191239,Mirko Maric,0,0.0,0.0,0.0,0.0,0.0,0.0
2022-23,204670,Mohamed Fares,0,0.0,0.0,0.0,0.0,0.0,0.0
2022-23,284701,Mohamed Ihattaren,0,0.0,0.0,0.0,0.0,0.0,0.0
2022-23,248633,Moise Kean,0,6.0,0.0,28.0,11.0,0.0,0.0
2022-23,274911,Morten Hjulmand,0,0.0,4.0,35.0,34.0,0.0,0.0
2022-23,217172,Mouhamadou Sarr,0,0.0,0.0,2.0,2.0,0.0,0.0
2022-23,337127,Moustapha Cissé,0,0.0,0.0,0.0,0.0,0.0,0.0
2022-23,269072,Musa Barrow,0,3.0,9.0,32.0,26.0,0.0,0.0
2022-23,164210,Mário Rui,0,0.0,6.0,22.0,21.0,0.0,0.0
2022-23,221436,Mërgim Vojvoda,0,0.0,5.0,29.0,18.0,0.0,0.0
2022-23,291560,Nadir Zortea,0,1.0,1.0,19.0,8.0,0.0,0.0
2022-23,252559,Nedim Bajrami,0,2.0,1.0,37.0,15.0,0.0,0.0
2022-23,268437,Nehuén Pérez,0,2.0,0.0,34.0,33.0,0.0,0.0
2022-23,135743,Nemanja Matic,0,2.0,2.0,35.0,16.0,0.0,0.0
2022-23,214433,Nemanja Radonjic,0,2.0,2.0,28.0,16.0,0.0,0.0
2022-23,290134,Niccolò Chiorra,0,0.0,0.0,0.0,0.0,0.0,0.0
2022-23,76017,Nico González,0,6.0,1.0,24.0,13.0,0.0,0.0
2022-23,329067,Nicola Bagnolini,0,0.0,0.0,0.0,0.0,0.0,0.0
2022-23,165485,Nicola Murru,0,0.0,0.0,20.0,5.0,0.0,0.0
2022-23,291212,Nicola Rauti,0,0.0,0.0,0.0,0.0,0.0,0.0
2022-23,134433,Nicola Ravaglia,0,0.0,0.0,9.0,9.0,0.0,0.0
2022-23,153341,Nicola Sansone,0,4.0,2.0,18.0,8.0,0.0,0.0
2022-23,288488,Nicola Zalewski,0,2.0,1.0,33.0,26.0,0.0,0.0
2022-23,218758,Nicolas Haas,0,1.0,1.0,24.0,12.0,0.0,0.0
2022-23,250707,Nicolo Casale,0,1.0,1.0,29.0,27.0,0.0,0.0
2022-23,254118,Nicolás Domínguez,0,3.0,2.0,31.0,26.0,0.0,0.0
2022-23,204441,Nicolò Barella,0,6.0,6.0,35.0,31.0,0.0,0.0
2022-23,276254,Nicolò Fagioli,0,3.0,4.0,26.0,17.0,0.0,0.0
2022-23,285969,Nicolò Rovella,0,1.0,2.0,28.0,21.0,0.0,0.0
2022-23,322104,Niklas Pyyhtia,0,0.0,1.0,6.0,0.0,0.0,0.0
2022-23,238990,Nikola Milenkovic,0,2.0,1.0,27.0,23.0,0.0,0.0
2022-23,278901,Nikos Michelis,0,0.0,0.0,0.0,0.0,0.0,0.0
2022-23,189897,Norbert Gyömbér,0,0.0,1.0,27.0,23.0,0.0,0.0
2022-23,306579,Oier Zarraga,0,0.0,0.0,0.0,0.0,0.0,0.0
2022-23,206227,Ola Aina,0,1.0,1.0,19.0,9.0,0.0,0.0
2022-23,269735,Ola Solbakken,0,1.0,2.0,14.0,7.0,0.0,0.0
2022-23,223561,Oliver Abildgaard,0,0.0,0.0,13.0,6.0,0.0,0.0
2022-23,88965,Olivier Giroud,0,13.0,5.0,33.0,25.0,0.0,0.0
2022-23,169219,Pablo Marí,0,1.0,1.0,30.0,28.0,0.0,0.0
2022-23,308472,Pablo Rodriguez,0,0.0,0.0,4.0,0.0,0.0,0.0
2022-23,233973,Panagiotis Retsos,0,0.0,0.0,2.0,1.0,0.0,0.0
2022-23,358469,Paolo Gardoni,0,0.0,0.0,0.0,0.0,0.0,0.0
2022-23,215525,Paolo Ghiglione,0,1.0,1.0,15.0,8.0,0.0,0.0
2022-23,363049,Pasquale Allocca,0,0.0,0.0,0.0,0.0,0.0,0.0
2022-23,260188,Pasquale Mazzocchi,0,2.0,3.0,27.0,23.0,0.0,0.0
2022-23,169818,Patric,0,0.0,0.0,18.0,16.0,0.0,0.0
2022-23,192743,Patrick Ciurria,0,6.0,6.0,36.0,31.0,0.0,0.0
2022-23,138860,Paul Pogba,0,0.0,0.0,6.0,1.0,0.0,0.0
2022-23,164839,Paulo Dybala,0,12.0,6.0,25.0,21.0,0.0,0.0
2022-23,190805,Pawel Dawidowicz,0,1.0,1.0,24.0,21.0,0.0,0.0
2022-23,238196,Pawel Jaroszynski,0,0.0,0.0,0.0,0.0,0.0,0.0
2022-23,114032,Pedro,0,4.0,3.0,36.0,17.0,0.0,0.0
2022-23,131209,Pedro Obiang,0,0.0,1.0,17.0,11.0,0.0,0.0
2022-23,224188,Pedro Pereira,0,0.0,0.0,0.0,0.0,0.0,0.0
2022-23,233894,Perr Schuurs,0,0.0,2.0,30.0,28.0,0.0,0.0
2022-23,196651,Petar Stojanovic,0,0.0,1.0,27.0,16.0,0.0,0.0
2022-23,324927,Petar Zovko,0,0.0,0.0,1.0,0.0,0.0,0.0
2022-23,206587,Pierluigi Gollini,0,0.0,0.0,7.0,7.0,0.0,0.0
2022-23,290129,Pierre Kalulu,0,1.0,1.0,34.0,26.0,0.0,0.0
2022-23,307198,Pietro Boer,0,0.0,0.0,0.0,0.0,0.0,0.0
2022-23,358628,Pietro Candelari,0,0.0,0.0,0.0,0.0,0.0,0.0
2022-23,251141,Pietro Pellegri,0,2.0,0.0,18.0,4.0,0.0,0.0
2022-23,143100,Pietro Terracciano,0,0.0,0.0,29.0,29.0,0.0,0.0
2022-23,177782,Piotr Zielinski,0,3.0,8.0,37.0,27.0,0.0,0.0
2022-23,253569,Pontus Almqvist,0,0.0,0.0,0.0,0.0,0.0,0.0
2022-23,275549,Przemyslaw Wisniewski,0,1.0,0.0,15.0,12.0,0.0,0.0
2022-23,222595,Rade Krunic,0,0.0,1.0,23.0,18.0,0.0,0.0
2022-23,258917,Rafael Leão,0,15.0,8.0,35.0,28.0,0.0,0.0
2022-23,196855,Rafael Tolói,0,2.0,1.0,32.0,32.0,0.0,0.0
2022-23,306896,Raimonds Krollis,0,0.0,0.0,4.0,0.0,0.0,0.0
2022-23,309273,Rasmus Højlund,0,9.0,2.0,32.0,20.0,0.0,0.0
2022-23,239738,Razvan Marin,0,2.0,4.0,33.0,28.0,0.0,0.0
2022-23,303906,Raúl Moro,0,0.0,0.0,0.0,0.0,0.0,0.0
2022-23,252207,Reda Boultam,0,0.0,0.0,0.0,0.0,0.0,0.0
2022-23,136865,Ricardo Rodríguez,0,0.0,0.0,35.0,30.0,0.0,0.0
2022-23,307860,Riccardo Ciervo,0,0.0,0.0,0.0,0.0,0.0,0.0
2022-23,227272,Riccardo Marchizza,0,0.0,1.0,10.0,3.0,0.0,0.0
2022-23,234426,Riccardo Orsolini,0,11.0,4.0,32.0,22.0,0.0,0.0
2022-23,262480,Riccardo Sottil,0,0.0,2.0,18.0,9.0,0.0,0.0
2022-23,205614,Rick Karsdorp,0,0.0,0.0,13.0,8.0,0.0,0.0
2022-23,142738,Roberto Pereyra,0,5.0,7.0,34.0,33.0,0.0,0.0
2022-23,285438,Roberto Piccoli,0,2.0,0.0,20.0,8.0,0.0,0.0
2022-23,286175,Roberto Pierno,0,0.0,0.0,0.0,0.0,0.0,0.0
2022-23,131469,Roberto Soriano,0,1.0,3.0,27.0,15.0,0.0,0.0
2022-23,198087,Robin Gosens,0,3.0,0.0,32.0,11.0,0.0,0.0
2022-23,231291,Rodrigo Becão,0,2.0,2.0,28.0,28.0,0.0,0.0
2022-23,259835,Roger Ibañez,0,3.0,0.0,33.0,32.0,0.0,0.0
2022-23,228397,Rogério,0,0.0,3.0,36.0,34.0,0.0,0.0
2022-23,210392,Rolando Mandragora,0,2.0,4.0,29.0,22.0,0.0,0.0
2022-23,268693,Ruan,0,0.0,0.0,23.0,21.0,0.0,0.0
2022-23,186505,Ruben Loftus-Cheek,0,0.0,0.0,0.0,0.0,0.0,0.0
2022-23,86758,Rui Patrício,0,0.0,0.0,35.0,35.0,0.0,0.0
2022-23,304478,Ryan Flamingo,0,0.0,0.0,0.0,0.0,0.0,0.0
2022-23,281591,Salvador Ferrer,0,0.0,0.0,6.0,1.0,0.0,0.0
2022-23,272618,Salvatore Elia,0,0.0,0.0,0.0,0.0,0.0,0.0
2022-23,272510,Salvatore Esposito,0,1.0,0.0,16.0,11.0,0.0,0.0
2022-23,68067,Salvatore Sirigu,0,0.0,0.0,1.0,1.0,0.0,0.0
2022-23,224042,Sam Lammers,0,2.0,2.0,33.0,23.0,0.0,0.0
2022-23,44323,Samir Handanovic,0,0.0,0.0,14.0,14.0,0.0,0.0
2022-23,104432,Samir Ujkani,0,0.0,0.0,1.0,0.0,0.0,0.0
2022-23,341273,Samuel Iling-Junior,0,1.0,1.0,12.0,1.0,0.0,0.0
2022-23,363065,Samuel Ntanda,0,0.0,0.0,1.0,0.0,0.0,0.0
2022-23,248440,Samuele Birindelli,0,0.0,1.0,31.0,14.0,0.0,0.0
2022-23,217205,Samuele Perisan,0,0.0,0.0,7.0,7.0,0.0,0.0
2022-23,276822,Samuele Ricci,0,2.0,1.0,28.0,23.0,0.0,0.0
2022-23,318558,Samuele Vignato,0,0.0,1.0,5.0,0.0,0.0,0.0
2022-23,219725,Sandi Lovric,0,5.0,6.0,37.0,28.0,0.0,0.0
2022-23,261047,Sandro Tonali,0,2.0,7.0,34.0,30.0,0.0,0.0
2022-23,288483,Sebastian Walukiewicz,0,0.0,0.0,11.0,6.0,0.0,0.0
2022-23,286929,Sebastiano Esposito,0,0.0,0.0,0.0,0.0,0.0,0.0
2022-23,192573,Sebastiano Luperto,0,2.0,0.0,36.0,36.0,0.0,0.0
2022-23,211141,Sergej Milinkovic-Savic,0,9.0,8.0,36.0,34.0,0.0,0.0
2022-23,99987,Simon Kjaer,0,0.0,0.0,17.0,12.0,0.0,0.0
2022-23,200146,Simone Bastoni,0,2.0,5.0,19.0,15.0,0.0,0.0
2022-23,358627,Simone Giorgeschi,0,0.0,0.0,0.0,0.0,0.0,0.0
2022-23,277449,Simone Mazzocchi,0,0.0,0.0,0.0,0.0,0.0,0.0
2022-23,340684,Simone Pafundi,0,0.0,0.0,8.0,0.0,0.0,0.0
2022-23,186232,Simone Perilli,0,0.0,0.0,1.0,1.0,0.0,0.0
2022-23,146252,Simone Romagnoli,0,0.0,0.0,7.0,1.0,0.0,0.0
2022-23,142164,Simone Verdi,0,5.0,0.0,25.0,12.0,0.0,0.0
2022-23,189477,Simy,0,0.0,0.0,0.0,0.0,0.0,0.0
2022-23,195226,Sofyan Amrabat,0,0.0,1.0,29.0,24.0,0.0,0.0
2022-23,164167,Souahilo Meïté,0,0.0,2.0,31.0,28.0,0.0,0.0
2022-23,188412,Stanislav Lobotka,0,1.0,2.0,38.0,34.0,0.0,0.0
2022-23,238906,Stefan Posch,0,6.0,2.0,30.0,30.0,0.0,0.0
2022-23,141443,Stefan de Vrij,0,1.0,0.0,27.0,22.0,0.0,0.0
2022-23,196388,Stefano Gori,0,0.0,0.0,0.0,0.0,0.0,0.0
2022-23,180927,Stefano Sensi,0,3.0,2.0,28.0,21.0,0.0,0.0
2022-23,261399,Stefano Turati,0,0.0,0.0,0.0,0.0,0.0,0.0
2022-23,130036,Stephan El Shaarawy,0,7.0,2.0,29.0,14.0,0.0,0.0
2022-23,347018,Sulemana,0,0.0,0.0,17.0,7.0,0.0,0.0
2022-23,276819,Sydney van Hooijdonk,0,0.0,0.0,0.0,0.0,0.0,0.0
2022-23,268032,Szymon Zurkowski,0,0.0,1.0,13.0,4.0,0.0,0.0
2022-23,236209,Tammy Abraham,0,8.0,3.0,38.0,24.0,0.0,0.0
2022-23,315594,Telasco Segovia,0,0.0,0.0,1.0,0.0,0.0,0.0
2022-23,258968,Teun Koopmeiners,0,10.0,4.0,33.0,32.0,0.0,0.0
2022-23,233621,Theo Hernández,0,4.0,4.0,32.0,32.0,0.0,0.0
2022-23,231728,Thomas Henry,0,2.0,0.0,16.0,13.0,0.0,0.0
2022-23,275227,Thorir Johann Helgason,0,0.0,0.0,12.0,2.0,0.0,0.0
2022-23,305001,Tio Cipot,0,0.0,0.0,9.0,0.0,0.0,0.0
2022-23,221057,Toma Basic,0,1.0,0.0,25.0,4.0,0.0,0.0
2022-23,260197,Tommaso Augello,0,2.0,5.0,37.0,35.0,0.0,0.0
2022-23,309518,Tommaso Baldanzi,0,4.0,0.0,26.0,24.0,0.0,0.0
2022-23,297783,Tommaso Barbieri,0,0.0,0.0,3.0,2.0,0.0,0.0
2022-23,333597,Tommaso Bertini,0,0.0,0.0,0.0,0.0,0.0,0.0
2022-23,307957,Tommaso Cassandro,0,0.0,0.0,1.0,0.0,0.0,0.0
2022-23,334283,Tommaso De Nipoti,0,0.0,0.0,1.0,0.0,0.0,0.0
2022-23,276654,Tommaso Pobega,0,2.0,0.0,19.0,9.0,0.0,0.0
2022-23,131245,Tomás Rincón,0,0.0,2.0,34.0,30.0,0.0,0.0
2022-23,205618,Tyronne Ebuehi,0,2.0,4.0,26.0,22.0,0.0,0.0
2022-23,274733,Valentin Antov,0,0.0,0.0,9.0,2.0,0.0,0.0
2022-23,337972,Valentin Carboni,0,0.0,0.0,5.0,0.0,0.0,0.0
2022-23,277301,Valentin Gendrey,0,0.0,2.0,37.0,35.0,0.0,0.0
2022-23,303001,Valentino Lazaro,0,0.0,3.0,23.0,15.0,0.0,0.0
2022-23,314187,Valerio Labriola,0,0.0,0.0,0.0,0.0,0.0,0.0
2022-23,227042,Valerio Mantovani,0,0.0,0.0,0.0,0.0,0.0,0.0
2022-23,219531,Vanja Milinkovic-Savic,0,0.0,0.0,38.0,38.0,0.0,0.0
2022-23,322245,Vanja Vlahovic,0,0.0,0.0,0.0,0.0,0.0,0.0
2022-23,228296,Victor Osimhen,0,26.0,4.0,32.0,30.0,0.0,0.0
2022-23,213471,Viktor Kovalenko,0,0.0,0.0,19.0,7.0,0.0,0.0
2022-23,94817,Vincenzo Fiorillo,0,0.0,0.0,1.0,1.0,0.0,0.0
2022-23,330258,Vittorio Alberto Agostinelli,0,0.0,0.0,0.0,0.0,0.0,0.0
2022-23,349681,Vivaldo Semedo,0,0.0,0.0,5.0,0.0,0.0,0.0
2022-23,164764,Vlad Chiriches,0,0.0,0.0,16.0,14.0,0.0,0.0
2022-23,204113,Walace,0,0.0,1.0,37.0,37.0,0.0,0.0
2022-23,305672,Warren Bondo,0,0.0,0.0,4.0,0.0,0.0,0.0
2022-23,256715,Weston McKennie,0,1.0,1.0,15.0,13.0,0.0,0.0
2022-23,286569,Wilfried Singo,0,2.0,1.0,31.0,24.0,0.0,0.0
2022-23,318394,Wisdom Amey,0,0.0,0.0,0.0,0.0,0.0,0.0
2022-23,131634,Wojciech Szczesny,0,0.0,0.0,28.0,28.0,0.0,0.0
2022-23,265911,Yacine Adli,0,0.0,0.0,6.0,1.0,0.0,0.0
2022-23,176757,Yaison Murillo,0,0.0,0.0,20.0,12.0,0.0,0.0
2022-23,225555,Yann Karamoh,0,4.0,0.0,21.0,7.0,0.0,0.0
2022-23,333924,Yeferson Paz,0,0.0,0.0,0.0,0.0,0.0,0.0
2022-23,241405,Youssef Maleh,0,0.0,1.0,24.0,11.0,0.0,0.0
2022-23,271873,Zeki Çelik,0,0.0,1.0,24.0,16.0,0.0,0.0
2022-23,256103,Zinho Vanheusden,0,0.0,0.0,0.0,0.0,0.0,0.0
2022-23,108223,Ángel Di María,0,4.0,4.0,26.0,15.0,0.0,0.0
2022-23,278210,Éderson,0,1.0,2.0,35.0,25.0,0.0,0.0
2023-24,179359,Arkadiusz Milik,0,4.0,1.0,32.0,7.0,0.0,0.0
2023-24,176726,Bartosz Bereszynski,0,0.0,1.0,24.0,22.0,0.0,0.0
2023-24,101360,Benoit Costil,0,0.0,0.0,13.0,13.0,0.0,0.0
2023-24,173817,Domenico Berardi,0,9.0,3.0,17.0,17.0,0.0,0.0
2023-24,287430,El Bilal Toure,0,2.0,0.0,11.0,3.0,0.0,0.0
2023-24,148842,Francesco Acerbi,0,3.0,1.0,29.0,26.0,0.0,0.0
2023-24,155904,Giovanni Di Lorenzo,0,1.0,6.0,36.0,36.0,0.0,0.0
2023-24,145565,Juan Cruz,0,0.0,0.0,4.0,1.0,0.0,0.0
2023-24,196575,Kevin Bonifazi,0,0.0,0.0,7.0,4.0,0.0,0.0
2023-24,132063,Luca Caldirola,0,1.0,2.0,29.0,23.0,0.0,0.0
2023-24,261173,M'Bala Nzola,0,3.0,3.0,33.0,15.0,0.0,0.0
2023-24,125906,Marco Silvestri,0,0.0,0.0,17.0,17.0,0.0,0.0
2023-24,145600,Matías Vecino,0,6.0,1.0,31.0,8.0,0.0,0.0
2023-24,153341,Nicola Sansone,0,2.0,2.0,25.0,4.0,0.0,0.0
2023-24,93062,Nicolas Viola,0,5.0,2.0,26.0,11.0,0.0,0.0
2023-24,228333,Nikola Moro,0,1.0,0.0,23.0,10.0,0.0,0.0
2023-24,346393,Noah Raveyre,0,0.0,0.0,0.0,0.0,0.0,0.0
2023-24,234787,Rasmus Kristensen,0,1.0,1.0,29.0,19.0,0.0,0.0
2023-24,181192,Ridgeciano Haps,0,0.0,1.0,16.0,7.0,0.0,0.0
2023-24,314403,Saba Sazonov,0,0.0,0.0,12.0,2.0,0.0,0.0
2024-25,242007,Aarón Martín,0,0.0,8.0,36.0,35.0,0.0,0.0
2024-25,268961,Abdou Harroui,0,1.0,2.0,10.0,5.0,0.0,0.0
2024-25,218105,Adam Marusic,0,4.0,0.0,35.0,26.0,0.0,0.0
2024-25,195988,Adam Masina,0,1.0,2.0,28.0,20.0,0.0,0.0
2024-25,322913,Adam Obert,0,1.0,1.0,21.0,13.0,0.0,0.0
2024-25,229645,Ademola Lookman,0,15.0,5.0,31.0,28.0,0.0,0.0
2024-25,288482,Adrian Benedyczak,0,0.0,0.0,9.0,2.0,0.0,0.0
2024-25,239120,Adrian Ismajli,0,0.0,0.0,29.0,29.0,0.0,0.0
2024-25,159324,Adrien Tamèze,0,0.0,0.0,20.0,9.0,0.0,0.0
2024-25,276653,Adrián Bernabé,0,1.0,1.0,21.0,18.0,0.0,0.0
2024-25,389433,Agustín Luna,0,0.0,0.0,0.0,0.0,0.0,0.0
2024-25,400734,Alain Taho,0,0.0,0.0,0.0,0.0,0.0,0.0
2024-25,341774,Alan Matturro,0,0.0,0.0,13.0,9.0,0.0,0.0
2024-25,224044,Albert Gudmundsson,0,6.0,1.0,24.0,16.0,0.0,0.0
2024-25,398118,Alberto Chiesurin,0,0.0,0.0,0.0,0.0,0.0,0.0
2024-25,346111,Alberto Costa,0,0.0,1.0,9.0,3.0,0.0,0.0
2024-25,252372,Alberto Dossena,0,0.0,2.0,23.0,20.0,0.0,0.0
2024-25,209869,Alberto Grassi,0,1.0,0.0,28.0,27.0,0.0,0.0
2024-25,377831,Alberto Manzoni,0,0.0,0.0,1.0,0.0,0.0,0.0
2024-25,172998,Alberto Moreno,0,0.0,0.0,24.0,21.0,0.0,0.0
2024-25,241414,Alberto Paleari,0,0.0,0.0,1.0,1.0,0.0,0.0
2024-25,306210,Alen Sherri,0,0.0,0.0,7.0,7.0,0.0,0.0
2024-25,249280,Alessandro Bastoni,0,1.0,5.0,33.0,31.0,0.0,0.0
2024-25,144453,Alessandro Berardi,0,0.0,0.0,0.0,0.0,0.0,0.0
2024-25,382808,Alessandro Berretta,0,0.0,0.0,0.0,0.0,0.0,0.0
2024-25,251776,Alessandro Bianconi,0,1.0,0.0,35.0,29.0,0.0,0.0
2024-25,252605,Alessandro Buongiorno,0,1.0,0.0,22.0,22.0,0.0,0.0
2024-25,366428,Alessandro Calligaris,0,0.0,0.0,0.0,0.0,0.0,0.0
2024-25,332081,Alessandro Circati,0,0.0,0.0,6.0,6.0,0.0,0.0
2024-25,186437,Alessandro Deiola,0,2.0,1.0,29.0,16.0,0.0,0.0
2024-25,158145,Alessandro Florenzi,0,0.0,0.0,1.0,0.0,0.0,0.0
2024-25,323143,Alessandro Gabrielloni,0,1.0,1.0,15.0,0.0,0.0,0.0
2024-25,364761,Alessandro Marcandalli,0,0.0,0.0,10.0,6.0,0.0,0.0
2024-25,390996,Alessandro Milani,0,0.0,0.0,0.0,0.0,0.0,0.0
2024-25,346479,Alessandro Pietrelli,0,0.0,0.0,0.0,0.0,0.0,0.0
2024-25,6729,Alessandro Romano,0,0.0,0.0,0.0,0.0,0.0,0.0
2024-25,379220,Alessandro Vinciguerra,0,0.0,0.0,0.0,0.0,0.0,0.0
2024-25,278779,Alessandro Vogliacco,0,2.0,0.0,22.0,18.0,0.0,0.0
2024-25,270010,Alessandro Zanoli,0,1.0,0.0,31.0,19.0,0.0,0.0
2024-25,403149,Alessio Baralla,0,0.0,0.0,0.0,0.0,0.0,0.0
2024-25,403148,Alessio Cacciamani,0,0.0,0.0,2.0,0.0,0.0,0.0
2024-25,396890,Alessio Chiesa,0,0.0,0.0,0.0,0.0,0.0,0.0
2024-25,288361,Alessio Furlanetto,0,0.0,0.0,0.0,0.0,0.0,0.0
2024-25,323140,Alessio Iovine,0,0.0,0.0,10.0,3.0,0.0,0.0
2024-25,399210,Alessio Marcaccini,0,0.0,0.0,0.0,0.0,0.0,0.0
2024-25,177816,Alessio Romagnoli,0,2.0,0.0,32.0,31.0,0.0,0.0
2024-25,252447,Alessio Zerbin,0,1.0,2.0,20.0,17.0,0.0,0.0
2024-25,209746,Alex Meret,0,0.0,0.0,34.0,34.0,0.0,0.0
2024-25,271132,Alexis Saelemaekers,0,7.0,3.0,23.0,18.0,0.0,0.0
2024-25,92055,Alexis Sánchez,0,0.0,0.0,13.0,6.0,0.0,0.0
2024-25,173282,Alfred Duncan,0,0.0,0.0,16.0,12.0,0.0,0.0
2024-25,356576,Ali Dembélé,0,1.0,0.0,15.0,4.0,0.0,0.0
2024-25,324705,Alieu Fadera,0,1.0,3.0,28.0,20.0,0.0,0.0
2024-25,367743,Alieu Njie,0,1.0,0.0,16.0,0.0,0.0,0.0
2024-25,359754,Alphadjo Cissè,0,0.0,0.0,2.0,0.0,0.0,0.0
2024-25,303752,Amin Sarr,0,4.0,1.0,32.0,25.0,0.0,0.0
2024-25,319285,Amir Richardson,0,1.0,1.0,27.0,10.0,0.0,0.0
2024-25,205576,Amir Rrahmani,0,1.0,3.0,38.0,38.0,0.0,0.0
2024-25,297296,Anass Salah-Eddine,0,0.0,1.0,3.0,2.0,0.0,0.0
2024-25,262071,Anastasios Douvikas,0,2.0,2.0,13.0,6.0,0.0,0.0
2024-25,399016,Anders Asmussen,0,0.0,0.0,0.0,0.0,0.0,0.0
2024-25,308029,Andrea Cambiaso,0,2.0,3.0,33.0,25.0,0.0,0.0
2024-25,301278,Andrea Carboni,0,0.0,1.0,26.0,25.0,0.0,0.0
2024-25,392669,Andrea Cogoni,0,0.0,0.0,0.0,0.0,0.0,0.0
2024-25,272892,Andrea Colpani,0,2.0,1.0,25.0,18.0,0.0,0.0
2024-25,11935,Andrea Mazza,0,0.0,0.0,1.0,0.0,0.0,0.0
2024-25,181098,Andrea Petagna,0,0.0,0.0,13.0,2.0,0.0,0.0
2024-25,239086,Andrea Pinamonti,0,10.0,1.0,36.0,33.0,0.0,0.0
2024-25,393426,Andrea Vailati,0,0.0,0.0,0.0,0.0,0.0,0.0
2024-25,144720,Andrei Radu,0,0.0,0.0,15.0,15.0,0.0,0.0
2024-25,298404,Andri Fannar Baldursson,0,0.0,0.0,0.0,0.0,0.0,0.0
2024-25,278462,André Anderson ,0,0.0,0.0,0.0,0.0,0.0,0.0
2024-25,309185,Ange-Yoan Bonny,0,6.0,4.0,37.0,30.0,0.0,0.0
2024-25,214319,Angeliño,0,2.0,1.0,38.0,36.0,0.0,0.0
2024-25,163794,Ante Rebic,0,1.0,0.0,27.0,7.0,0.0,0.0
2024-25,259820,Antoine Bernede,0,1.0,0.0,14.0,7.0,0.0,0.0
2024-25,346916,Antoine Hainaut,0,2.0,0.0,25.0,10.0,0.0,0.0
2024-25,269143,Antoine Makoumbou,0,0.0,3.0,33.0,27.0,0.0,0.0
2024-25,277441,Antonino Gallo,0,0.0,2.0,31.0,31.0,0.0,0.0
2024-25,148532,Antonio Donnarumma,0,0.0,0.0,0.0,0.0,0.0,0.0
2024-25,192162,Antonio Sanabria,0,2.0,1.0,26.0,16.0,0.0,0.0
2024-25,333400,Arijon Ibrahimovic,0,0.0,0.0,1.0,0.0,0.0,0.0
2024-25,179359,Arkadiusz Milik,0,0.0,0.0,0.0,0.0,0.0,0.0
2024-25,165490,Armando Izzo,0,1.0,1.0,30.0,28.0,0.0,0.0
2024-25,226211,Artem Dovbyk,0,12.0,2.0,32.0,27.0,0.0,0.0
2024-25,356213,Arthur Atta,0,0.0,1.0,27.0,12.0,0.0,0.0
2024-25,249336,Arvid Brorsson,0,0.0,0.0,6.0,3.0,0.0,0.0
2024-25,364742,Assane Diao,0,8.0,1.0,15.0,14.0,0.0,0.0
2024-25,301429,Balthazar Pierret,0,0.0,0.0,30.0,21.0,0.0,0.0
2024-25,389466,Ben Sørensen,0,0.0,0.0,0.0,0.0,0.0,0.0
2024-25,215378,Benjamin Pavard,0,0.0,1.0,23.0,18.0,0.0,0.0
2024-25,158948,Benjamin Siegrist,0,0.0,0.0,2.0,2.0,0.0,0.0
2024-25,331231,Benjamín Domínguez,0,3.0,2.0,24.0,16.0,0.0,0.0
2024-25,165291,Berat Djimsiti,0,1.0,2.0,34.0,32.0,0.0,0.0
2024-25,274217,Billy Gilmour,0,0.0,1.0,26.0,13.0,0.0,0.0
2024-25,307970,Bjarki Steinn Bjarkason,0,0.0,0.0,9.0,1.0,0.0,0.0
2024-25,382768,Bob Omoregbe,0,0.0,0.0,1.0,0.0,0.0,0.0
2024-25,388611,Bohdan Popov,0,0.0,0.0,0.0,0.0,0.0,0.0
2024-25,228319,Borna Sosa,0,0.0,0.0,19.0,14.0,0.0,0.0
2024-25,297197,Botond Balogh,0,0.0,1.0,29.0,23.0,0.0,0.0
2024-25,282381,Boulaye Dia,0,9.0,3.0,35.0,27.0,0.0,0.0
2024-25,399286,Brayan,0,0.0,0.0,0.0,0.0,0.0,0.0
2024-25,258307,Bremer,0,0.0,0.0,6.0,6.0,0.0,0.0
2024-25,257744,Brenner,0,1.0,2.0,9.0,5.0,0.0,0.0
2024-25,311173,Brooke Norton-Cuffy,0,0.0,0.0,14.0,8.0,0.0,0.0
2024-25,169213,Bryan Cristante,0,4.0,2.0,30.0,23.0,0.0,0.0
2024-25,371608,Buba Sangaré,0,0.0,0.0,0.0,0.0,0.0,0.0
2024-25,182071,Caleb Ekuban,0,1.0,3.0,18.0,3.0,0.0,0.0
2024-25,121036,Carlo Pinsoglio,0,0.0,0.0,0.0,0.0,0.0,0.0
2024-25,387359,Carlo Soldati,0,0.0,0.0,0.0,0.0,0.0,0.0
2024-25,271769,Carlos Augusto,0,3.0,2.0,29.0,15.0,0.0,0.0
2024-25,306664,Casper Tengstedt,0,6.0,1.0,25.0,20.0,0.0,0.0
2024-25,336394,Cesare Casadei,0,1.0,1.0,15.0,13.0,0.0,0.0
2024-25,312770,Chaka Traorè,0,0.0,0.0,0.0,0.0,0.0,0.0
2024-25,170670,Charalampos Lykogiannis,0,0.0,4.0,17.0,12.0,0.0,0.0
2024-25,296319,Charles De Ketelaere,0,7.0,7.0,36.0,25.0,0.0,0.0
2024-25,338125,Cheick Oumar Conde,0,0.0,0.0,9.0,1.0,0.0,0.0
2024-25,284592,Cheikh Niasse,0,0.0,1.0,11.0,8.0,0.0,0.0
2024-25,360061,Cher Ndour,0,0.0,0.0,9.0,4.0,0.0,0.0
2024-25,259054,Christian Früchtl,0,0.0,0.0,0.0,0.0,0.0,0.0
2024-25,149483,Christian Gytkjaer,0,2.0,1.0,29.0,6.0,0.0,0.0
2024-25,150081,Christian Kabasele,0,2.0,0.0,16.0,12.0,0.0,0.0
2024-25,241415,Christian Kouamé,0,1.0,1.0,26.0,10.0,0.0,0.0
2024-25,225607,Christian Pulisic,0,11.0,9.0,34.0,29.0,0.0,0.0
2024-25,387831,Christos Alexiou,0,0.0,0.0,0.0,0.0,0.0,0.0
2024-25,265140,Christos Mandas,0,0.0,0.0,9.0,9.0,0.0,0.0
2024-25,213725,Ché Adams,0,9.0,3.0,36.0,30.0,0.0,0.0
2024-25,389459,Claudio Turi,0,0.0,0.0,0.0,0.0,0.0,0.0
2024-25,397544,Cristian Pehlivanov,0,0.0,0.0,0.0,0.0,0.0,0.0
2024-25,152044,Cristiano Biraghi,0,1.0,0.0,23.0,18.0,0.0,0.0
2024-25,386591,Cristo Munoz,0,0.0,0.0,0.0,0.0,0.0,0.0
2024-25,283741,Cyril Ngonge,0,0.0,0.0,18.0,1.0,0.0,0.0
2024-25,330211,Dailon Livramento,0,1.0,1.0,29.0,8.0,0.0,0.0
2024-25,330295,Damián Pizarro,0,0.0,0.0,2.0,0.0,0.0,0.0
2024-25,275842,Dan Ndoye,0,8.0,4.0,30.0,26.0,0.0,0.0
2024-25,326599,Daniel Fila,0,2.0,0.0,10.0,6.0,0.0,0.0
2024-25,290545,Daniel Maldini,0,6.0,0.0,30.0,18.0,0.0,0.0
2024-25,236424,Daniel Mosquera,0,5.0,1.0,35.0,12.0,0.0,0.0
2024-25,296613,Daniel Oyegoke,0,0.0,0.0,5.0,0.0,0.0,0.0
2024-25,340705,Daniele Ghilardi,0,0.0,0.0,24.0,21.0,0.0,0.0
2024-25,93816,Daniele Padelli,0,0.0,0.0,1.0,1.0,0.0,0.0
2024-25,387836,Daniele Quieto,0,0.0,0.0,0.0,0.0,0.0,0.0
2024-25,210391,Daniele Sommariva,0,0.0,0.0,1.0,0.0,0.0,0.0
2024-25,178627,Danilo Cataldi,0,3.0,0.0,25.0,23.0,0.0,0.0
2024-25,91776,Danilo D'Ambrosio,0,0.0,1.0,20.0,12.0,0.0,0.0
2024-25,344844,Danilo Veiga,0,0.0,0.0,13.0,2.0,0.0,0.0
2024-25,235453,Dany Mota,0,5.0,2.0,31.0,24.0,0.0,0.0
2024-25,351247,Darius Falcusan,0,0.0,0.0,0.0,0.0,0.0,0.0
2024-25,126752,Darko Lazovic,0,2.0,3.0,27.0,17.0,0.0,0.0
2024-25,245637,David Neres,0,2.0,4.0,28.0,13.0,0.0,0.0
2024-25,367445,David Pejicic,0,0.0,0.0,0.0,0.0,0.0,0.0
2024-25,108482,David de Gea,0,0.0,1.0,35.0,35.0,0.0,0.0
2024-25,345637,Davide Bartesaghi,0,0.0,0.0,4.0,1.0,0.0,0.0
2024-25,390087,Davide Bifulco,0,0.0,0.0,0.0,0.0,0.0,0.0
2024-25,194747,Davide Calabria,0,0.0,1.0,18.0,11.0,0.0,0.0
2024-25,389432,Davide De Battisti,0,0.0,0.0,0.0,0.0,0.0,0.0
2024-25,113572,Davide Faraoni,0,0.0,0.0,8.0,3.0,0.0,0.0
2024-25,250850,Davide Frattesi,0,5.0,1.0,28.0,9.0,0.0,0.0
2024-25,359647,Davide Renzetti,0,0.0,0.0,0.0,0.0,0.0,0.0
2024-25,182627,Davide Zappacosta,0,4.0,2.0,30.0,26.0,0.0,0.0
2024-25,397218,Dawid Bembnista,0,0.0,0.0,0.0,0.0,0.0,0.0
2024-25,168787,Dele Alli,0,0.0,0.0,1.0,0.0,0.0,0.0
2024-25,399015,Demyan Yesin,0,0.0,0.0,0.0,0.0,0.0,0.0
2024-25,245805,Dennis Man,0,4.0,4.0,33.0,23.0,0.0,0.0
2024-25,213248,Denzel Dumfries,0,7.0,2.0,29.0,20.0,0.0,0.0
2024-25,234300,Devis Vásquez,0,0.0,0.0,32.0,32.0,0.0,0.0
2024-25,297300,Devyne Rensch,0,0.0,1.0,14.0,5.0,0.0,0.0
2024-25,332549,Diego Coppola,0,2.0,0.0,34.0,33.0,0.0,0.0
2024-25,397257,Diego Pugno,0,0.0,0.0,1.0,0.0,0.0,0.0
2024-25,168453,Dodô,0,0.0,5.0,35.0,35.0,0.0,0.0
2024-25,276582,Domagoj Bradaric,0,1.0,0.0,28.0,24.0,0.0,0.0
2024-25,221409,Domen Crnigoj,0,0.0,0.0,8.0,1.0,0.0,0.0
2024-25,388801,Dominic Vavassori,0,0.0,0.0,0.0,0.0,0.0,0.0
2024-25,320074,Douglas Luiz,0,0.0,0.0,19.0,3.0,0.0,0.0
2024-25,281531,Drissa Camara,0,0.0,0.0,21.0,1.0,0.0,0.0
2024-25,235677,Dusan Vlahovic,0,10.0,4.0,29.0,21.0,0.0,0.0
2024-25,193644,Duván Zapata,0,3.0,0.0,7.0,7.0,0.0,0.0
2024-25,390673,Eddy Kouadio,0,0.0,0.0,0.0,0.0,0.0,0.0
2024-25,308737,Edoardo Bove,0,1.0,2.0,12.0,11.0,0.0,0.0
2024-25,290792,Edoardo Corvi,0,0.0,0.0,0.0,0.0,0.0,0.0
2024-25,181060,Edoardo Goldaniga,0,1.0,0.0,32.0,28.0,0.0,0.0
2024-25,318762,Edoardo Piana,0,0.0,0.0,0.0,0.0,0.0,0.0
2024-25,394494,Edoardo Zaia,0,0.0,0.0,0.0,0.0,0.0,0.0
2024-25,389462,Efdon Mahari,0,0.0,0.0,0.0,0.0,0.0,0.0
2024-25,216937,Eldor Shomurodov,0,4.0,4.0,27.0,11.0,0.0,0.0
2024-25,278987,Elia Caprile,0,0.0,0.0,22.0,21.0,0.0,0.0
2024-25,398034,Elia Plicco,0,0.0,0.0,0.0,0.0,0.0,0.0
2024-25,399632,Elijah Scott,0,0.0,0.0,0.0,0.0,0.0,0.0
2024-25,237435,Eljif Elmas,0,4.0,0.0,13.0,12.0,0.0,0.0
2024-25,167601,Elseid Hysaj,0,0.0,3.0,11.0,4.0,0.0,0.0
2024-25,261274,Emanuele Valeri,0,2.0,6.0,35.0,34.0,0.0,0.0
2024-25,246844,Emerson Royal,0,0.0,0.0,17.0,16.0,0.0,0.0
2024-25,286814,Emil Holm,0,1.0,1.0,21.0,12.0,0.0,0.0
2024-25,330707,Emirhan Ilkhan,0,0.0,0.0,0.0,0.0,0.0,0.0
2024-25,201366,Emmanuel Gyasi,0,2.0,1.0,37.0,37.0,0.0,0.0
2024-25,392574,Endris Scaramelli,0,0.0,0.0,0.0,0.0,0.0,0.0
2024-25,272694,Enrico Del Prato,0,4.0,0.0,34.0,32.0,0.0,0.0
2024-25,276636,Enrique Perez,0,1.0,0.0,16.0,13.0,0.0,0.0
2024-25,333244,Estanis Pedrola,0,0.0,0.0,1.0,0.0,0.0,0.0
2024-25,242593,Evan Ndicka,0,0.0,1.0,38.0,38.0,0.0,0.0
2024-25,308082,Fabiano Parisi,0,2.0,0.0,26.0,11.0,0.0,0.0
2024-25,367741,Fabio Desole,0,0.0,0.0,0.0,0.0,0.0,0.0
2024-25,323975,Fabio Miretti,0,3.0,3.0,25.0,22.0,0.0,0.0
2024-25,287677,Fali Candé,0,1.0,1.0,17.0,17.0,0.0,0.0
2024-25,282642,Faustino Anjorin,0,2.0,3.0,22.0,14.0,0.0,0.0
2024-25,324225,Federico Baschirotto,0,2.0,0.0,38.0,38.0,0.0,0.0
2024-25,272733,Federico Brancolini,0,0.0,0.0,0.0,0.0,0.0,0.0
2024-25,388799,Federico Cassa,0,0.0,0.0,2.0,0.0,0.0,0.0
2024-25,377848,Federico Chinetti,0,0.0,0.0,0.0,0.0,0.0,0.0
2024-25,194748,Federico Dimarco,0,4.0,7.0,33.0,29.0,0.0,0.0
2024-25,323147,Federico Gatti,0,1.0,0.0,30.0,26.0,0.0,0.0
2024-25,347936,Federico Magro,0,0.0,0.0,0.0,0.0,0.0,0.0
2024-25,387842,Federico Nardin,0,0.0,0.0,0.0,0.0,0.0,0.0
2024-25,245626,Federico Ravaglia,0,0.0,0.0,12.0,11.0,0.0,0.0
2024-25,399454,Federico Serra,0,0.0,0.0,0.0,0.0,0.0,0.0
2024-25,384367,Fellipe Jack,0,0.0,0.0,7.0,1.0,0.0,0.0
2024-25,236210,Fikayo Tomori,0,0.0,1.0,22.0,19.0,0.0,0.0
2024-25,304928,Filip Marchwinski,0,0.0,0.0,1.0,0.0,0.0,0.0
2024-25,289560,Filip Stankovic,0,0.0,0.0,16.0,16.0,0.0,0.0
2024-25,359380,Filipe Bordon,0,0.0,0.0,0.0,0.0,0.0,0.0
2024-25,401483,Filippo Carbone,0,0.0,0.0,0.0,0.0,0.0,0.0
2024-25,303919,Filippo Terracciano,0,0.0,0.0,13.0,6.0,0.0,0.0
2024-25,295515,Fisayo Dele-Bashiru,0,3.0,1.0,20.0,12.0,0.0,0.0
2024-25,305683,Flavius Daniliuc,0,0.0,0.0,18.0,9.0,0.0,0.0
2024-25,156898,Florian Thauvin,0,8.0,3.0,25.0,24.0,0.0,0.0
2024-25,239734,Florinel Coman,0,1.0,0.0,9.0,2.0,0.0,0.0
2024-25,148842,Francesco Acerbi,0,0.0,1.0,23.0,20.0,0.0,0.0
2024-25,395825,Francesco Andrealli,0,0.0,0.0,0.0,0.0,0.0,0.0
2024-25,377563,Francesco Camarda,0,0.0,0.0,10.0,1.0,0.0,0.0
2024-25,399307,Francesco Nuvoli,0,0.0,0.0,0.0,0.0,0.0,0.0
2024-25,365017,Francesco Plaia,0,0.0,0.0,0.0,0.0,0.0,0.0
2024-25,89216,Francesco Rossi,0,0.0,0.0,0.0,0.0,0.0,0.0
2024-25,188930,Francesco Zampano,0,1.0,2.0,24.0,17.0,0.0,0.0
2024-25,312659,Francisco Conceição,0,3.0,3.0,26.0,12.0,0.0,0.0
2024-25,308939,Franco Carboni,0,0.0,0.0,8.0,3.0,0.0,0.0
2024-25,215721,Frank Anguissa,0,6.0,4.0,35.0,32.0,0.0,0.0
2024-25,215709,Frédéric Guilbert,0,0.0,1.0,31.0,31.0,0.0,0.0
2024-25,307059,Gabriel Charpentier,0,1.0,2.0,10.0,0.0,0.0,0.0
2024-25,255247,Gabriel Strefezza,0,6.0,4.0,37.0,32.0,0.0,0.0
2024-25,399170,Gabriele Re Cecconi,0,0.0,0.0,0.0,0.0,0.0,0.0
2024-25,275943,Gabriele Zappa,0,2.0,0.0,37.0,35.0,0.0,0.0
2024-25,346283,Gaby Jean,0,0.0,0.0,19.0,16.0,0.0,0.0
2024-25,210230,Gaetano Castrovilli,0,0.0,0.0,21.0,8.0,0.0,0.0
2024-25,297786,Gaetano Oristanio,0,3.0,3.0,37.0,29.0,0.0,0.0
2024-25,213207,Georgios Kyriakopoulos,0,2.0,4.0,34.0,33.0,0.0,0.0
2024-25,399017,Giacomo De Pieri,0,0.0,0.0,0.0,0.0,0.0,0.0
2024-25,271679,Giacomo Raspadori,0,6.0,1.0,26.0,11.0,0.0,0.0
2024-25,263705,Gianluca Busio,0,2.0,1.0,33.0,28.0,0.0,0.0
2024-25,156792,Gianluca Caprari,0,3.0,2.0,34.0,18.0,0.0,0.0
2024-25,276692,Gianluca Gaetano,0,2.0,4.0,28.0,8.0,0.0,0.0
2024-25,212597,Gianluca Mancini,0,2.0,0.0,37.0,36.0,0.0,0.0
2024-25,233140,Gianluca Scamacca,0,0.0,0.0,1.0,0.0,0.0,0.0
2024-25,398120,Giorgio De Marzi,0,0.0,0.0,0.0,0.0,0.0,0.0
2024-25,309812,Giorgio Scalvini,0,0.0,0.0,6.0,4.0,0.0,0.0
2024-25,366510,Giovanni Daffara,0,0.0,0.0,0.0,0.0,0.0,0.0
2024-25,155904,Giovanni Di Lorenzo,0,3.0,2.0,37.0,37.0,0.0,0.0
2024-25,323118,Giovanni Fabbian,0,3.0,1.0,30.0,9.0,0.0,0.0
2024-25,380082,Giovanni Leoni,0,1.0,0.0,17.0,14.0,0.0,0.0
2024-25,189974,Giovanni Simeone,0,1.0,1.0,30.0,1.0,0.0,0.0
2024-25,292387,Giuseppe Ciocci,0,0.0,0.0,1.0,0.0,0.0,0.0
2024-25,378564,Giuseppe Mazzaglia,0,0.0,0.0,0.0,0.0,0.0,0.0
2024-25,224249,Giuseppe Pezzella,0,0.0,3.0,35.0,34.0,0.0,0.0
2024-25,218082,Grigoris Kastanos,0,1.0,1.0,27.0,8.0,0.0,0.0
2024-25,200562,Guillermo Maripán,0,1.0,1.0,28.0,27.0,0.0,0.0
2024-25,291550,Gustav Isaksen,0,4.0,2.0,37.0,29.0,0.0,0.0
2024-25,338266,Gvidas Gineitis,0,3.0,1.0,30.0,15.0,0.0,0.0
2024-25,170785,Hakan Çalhanoglu,0,5.0,6.0,29.0,26.0,0.0,0.0
2024-25,294356,Hamza Rafia,0,0.0,0.0,18.0,14.0,0.0,0.0
2024-25,286764,Hans Nicolussi Caviglia,0,4.0,2.0,35.0,33.0,0.0,0.0
2024-25,193919,Hassane Kamara,0,1.0,4.0,30.0,25.0,0.0,0.0
2024-25,400059,Henrijs Auseklis,0,0.0,0.0,0.0,0.0,0.0,0.0
2024-25,147625,Henrikh Mkhitaryan,0,1.0,4.0,32.0,30.0,0.0,0.0
2024-25,198980,Hernani,0,3.0,3.0,25.0,15.0,0.0,0.0
2024-25,388605,Honest Ahanor,0,0.0,0.0,6.0,3.0,0.0,0.0
2024-25,365843,Hugo Cuenca,0,0.0,0.0,0.0,0.0,0.0,0.0
2024-25,395641,Ifenna Dorgu,0,0.0,0.0,0.0,0.0,0.0,0.0
2024-25,292199,Ignace van der Brempt,0,0.0,1.0,20.0,14.0,0.0,0.0
2024-25,330242,Iker Bravo,0,2.0,1.0,29.0,4.0,0.0,0.0
2024-25,306535,Isaak Touré,0,1.0,0.0,12.0,11.0,0.0,0.0
2024-25,312862,Isak Hien,0,0.0,0.0,30.0,27.0,0.0,0.0
2024-25,390656,Ismael Konaté,0,0.0,1.0,12.0,0.0,0.0,0.0
2024-25,386592,Issa Doumbia,0,0.0,0.0,24.0,10.0,0.0,0.0
2024-25,310259,Ivan Azón,0,0.0,0.0,0.0,0.0,0.0,0.0
2024-25,260004,Ivan Ilic,0,1.0,0.0,19.0,9.0,0.0,0.0
2024-25,181836,Ivan Provedel,0,0.0,0.0,29.0,29.0,0.0,0.0
2024-25,323273,Ivan Smolcic,0,0.0,0.0,9.0,7.0,0.0,0.0
2024-25,312186,Jackson Tchatchoua,0,2.0,3.0,36.0,36.0,0.0,0.0
2024-25,303648,Jacob Ondrejka,0,5.0,0.0,12.0,3.0,0.0,0.0
2024-25,346594,Jacopo Bacci,0,0.0,0.0,3.0,0.0,0.0,0.0
2024-25,333938,Jacopo Fazzini,0,4.0,1.0,20.0,16.0,0.0,0.0
2024-25,352547,Jacopo Seghetti,0,0.0,0.0,1.0,1.0,0.0,0.0
2024-25,274649,Jaka Bijol,0,1.0,1.0,34.0,34.0,0.0,0.0
2024-25,210389,Jakub Jankto,0,0.0,0.0,0.0,0.0,0.0,0.0
2024-25,332018,Jasper Samooja,0,0.0,0.0,0.0,0.0,0.0,0.0
2024-25,395579,Javier Gil,0,0.0,0.0,0.0,0.0,0.0,0.0
2024-25,403445,Javison Idele,0,0.0,0.0,0.0,0.0,0.0,0.0
2024-25,272873,Jay Idzes,0,1.0,0.0,35.0,35.0,0.0,0.0
2024-25,214740,Jean Butez,0,0.0,0.0,19.0,18.0,0.0,0.0
2024-25,302948,Jean Onana,0,0.0,0.0,9.0,2.0,0.0,0.0
2024-25,164519,Jean-Daniel Akpa Akpro,0,0.0,0.0,14.0,12.0,0.0,0.0
2024-25,388606,Jeff Ekhator,0,1.0,1.0,24.0,6.0,0.0,0.0
2024-25,238407,Jens Odgaard,0,6.0,1.0,29.0,24.0,0.0,0.0
2024-25,403150,Jeremy Moray,0,0.0,0.0,0.0,0.0,0.0,0.0
2024-25,235503,Jesper Karlsson,0,2.0,0.0,20.0,9.0,0.0,0.0
2024-25,237055,Jesper Karlström,0,0.0,3.0,37.0,36.0,0.0,0.0
2024-25,373792,Jesse Bal,0,0.0,0.0,0.0,0.0,0.0,0.0
2024-25,170397,Jesse Joronen,0,0.0,0.0,8.0,7.0,0.0,0.0
2024-25,227697,Jhon Lucumí,0,0.0,1.0,32.0,29.0,0.0,0.0
2024-25,195638,Joaquín Correa,0,2.0,2.0,19.0,6.0,0.0,0.0
2024-25,345152,Joel Schingtienne,0,0.0,0.0,16.0,12.0,0.0,0.0
2024-25,332413,Joel Voelkerling Persson,0,0.0,0.0,0.0,0.0,0.0,0.0
2024-25,259975,Johan Vásquez,0,3.0,0.0,36.0,34.0,0.0,0.0
2024-25,265926,John Yeboah,0,1.0,1.0,33.0,11.0,0.0,0.0
2024-25,401482,Joi Nuredini,0,0.0,0.0,0.0,0.0,0.0,0.0
2024-25,387440,Jonas Harder,0,0.0,0.0,0.0,0.0,0.0,0.0
2024-25,355999,Jonas Rouhi,0,0.0,0.0,5.0,1.0,0.0,0.0
2024-25,225559,Jonathan Ikoné,0,2.0,0.0,27.0,6.0,0.0,0.0
2024-25,283171,Jordan Zemura,0,1.0,2.0,23.0,13.0,0.0,0.0
2024-25,240533,Josep Martínez,0,0.0,0.0,5.0,5.0,0.0,0.0
2024-25,259916,José Antonio Morente,0,3.0,2.0,31.0,23.0,0.0,0.0
2024-25,139390,José Palomino,0,1.0,0.0,18.0,10.0,0.0,0.0
2024-25,276350,João Félix,0,2.0,0.0,15.0,8.0,0.0,0.0
2024-25,24412,Juan Cabal,0,0.0,1.0,7.0,6.0,0.0,0.0
2024-25,118986,Juan Cuadrado,0,0.0,2.0,23.0,7.0,0.0,0.0
2024-25,170663,Juan Jesus,0,0.0,1.0,15.0,12.0,0.0,0.0
2024-25,261616,Juan Miranda,0,0.0,6.0,31.0,25.0,0.0,0.0
2024-25,384541,Junior Ajayi,0,0.0,0.0,2.0,0.0,0.0,0.0
2024-25,261054,Junior Messias,0,1.0,1.0,17.0,8.0,0.0,0.0
2024-25,211776,Junior Sambia,0,0.0,0.0,17.0,2.0,0.0,0.0
2024-25,270817,Jurgen Ekkelenkamp,0,3.0,2.0,34.0,20.0,0.0,0.0
2024-25,318760,Kacper Urbanski,0,1.0,0.0,15.0,7.0,0.0,0.0
2024-25,388679,Karlson Nwanege,0,0.0,0.0,0.0,0.0,0.0,0.0
2024-25,198770,Karol Linetty,0,1.0,0.0,28.0,18.0,0.0,0.0
2024-25,233654,Keinan Davis,0,2.0,1.0,23.0,10.0,0.0,0.0
2024-25,184883,Keita Baldé,0,2.0,0.0,11.0,8.0,0.0,0.0
2024-25,366509,Kenan Yildiz,0,7.0,4.0,35.0,28.0,0.0,0.0
2024-25,197764,Kevin Martins,0,0.0,1.0,9.0,1.0,0.0,0.0
2024-25,365837,Kevin Zeroli,0,0.0,1.0,9.0,4.0,0.0,0.0
2024-25,283139,Khéphren Thuram,0,4.0,6.0,35.0,26.0,0.0,0.0
2024-25,318604,Kialonda Gaspar,0,0.0,1.0,24.0,24.0,0.0,0.0
2024-25,212476,Kingsley Ehizibue,0,0.0,1.0,33.0,30.0,0.0,0.0
2024-25,368312,Kingstone Mutandwa,0,0.0,0.0,6.0,0.0,0.0,0.0
2024-25,286582,Konan N’Dri,0,0.0,0.0,11.0,2.0,0.0,0.0
2024-25,309570,Koni De Winter,0,3.0,0.0,25.0,23.0,0.0,0.0
2024-25,308881,Kristjan Asllani,0,2.0,2.0,22.0,10.0,0.0,0.0
2024-25,129358,Kyle Walker,0,0.0,0.0,11.0,7.0,0.0,0.0
2024-25,267910,Lameck Banda,0,0.0,1.0,15.0,6.0,0.0,0.0
2024-25,333386,Lapo Nava,0,0.0,0.0,0.0,0.0,0.0,0.0
2024-25,223947,Lassana Coulibaly,0,1.0,0.0,38.0,30.0,0.0,0.0
2024-25,172771,Lautaro Giannetti,0,1.0,0.0,15.0,11.0,0.0,0.0
2024-25,219713,Lautaro Martínez,0,12.0,3.0,31.0,31.0,0.0,0.0
2024-25,281590,Lautaro Valenti,0,1.0,0.0,20.0,18.0,0.0,0.0
2024-25,303296,Lazar Samardzic,0,2.0,1.0,31.0,7.0,0.0,0.0
2024-25,153115,Leandro Paredes,0,3.0,1.0,22.0,15.0,0.0,0.0
2024-25,389352,Leonardo Baroncelli,0,0.0,0.0,0.0,0.0,0.0,0.0
2024-25,353013,Leonardo Colombo,0,0.0,0.0,0.0,0.0,0.0,0.0
2024-25,395003,Leonardo Di Tommaso,0,0.0,0.0,0.0,0.0,0.0,0.0
2024-25,162640,Leonardo Pavoletti,0,2.0,0.0,26.0,1.0,0.0,0.0
2024-25,148974,Leonardo Spinazzola,0,1.0,1.0,27.0,17.0,0.0,0.0
2024-25,202429,Lewis Ferguson,0,1.0,1.0,16.0,10.0,0.0,0.0
2024-25,107568,Liam Henderson,0,0.0,4.0,36.0,27.0,0.0,0.0
2024-25,266554,Liberato Cacace,0,2.0,4.0,33.0,24.0,0.0,0.0
2024-25,379976,Lior Kasa,0,0.0,0.0,8.0,2.0,0.0,0.0
2024-25,243787,Lloyd Kelly,0,0.0,0.0,12.0,11.0,0.0,0.0
2024-25,303988,Lorenzo Bernasconi,0,0.0,0.0,0.0,0.0,0.0,0.0
2024-25,297220,Lorenzo Colombo,0,6.0,2.0,37.0,26.0,0.0,0.0
2024-25,68070,Lorenzo De Silvestri,0,1.0,0.0,18.0,13.0,0.0,0.0
2024-25,282564,Lorenzo Lucca,0,12.0,1.0,33.0,27.0,0.0,0.0
2024-25,184737,Lorenzo Montipò,0,0.0,0.0,36.0,36.0,0.0,0.0
2024-25,204320,Lorenzo Pellegrini,0,2.0,1.0,25.0,20.0,0.0,0.0
2024-25,390134,Lorenzo Riccio,0,0.0,0.0,0.0,0.0,0.0,0.0
2024-25,403083,Lorenzo Romani,0,0.0,0.0,0.0,0.0,0.0,0.0
2024-25,384305,Lorenzo Torriani,0,0.0,0.0,0.0,0.0,0.0,0.0
2024-25,388610,Lorenzo Tosto,0,0.0,0.0,1.0,0.0,0.0,0.0
2024-25,389431,Lorenzo Venturino,0,2.0,0.0,6.0,1.0,0.0,0.0
2024-25,324541,Loum Tchaouna,0,1.0,0.0,24.0,6.0,0.0,0.0
2024-25,297764,Luan Patrick,0,0.0,0.0,0.0,0.0,0.0,0.0
2024-25,132063,Luca Caldirola,0,0.0,0.0,14.0,10.0,0.0,0.0
2024-25,367690,Luca Marianucci,0,0.0,0.0,18.0,12.0,0.0,0.0
2024-25,251144,Luca Pellegrini,0,0.0,4.0,22.0,10.0,0.0,0.0
2024-25,262481,Luca Ranieri,0,1.0,3.0,36.0,35.0,0.0,0.0
2024-25,280381,Lucas Beltrán,0,5.0,4.0,33.0,21.0,0.0,0.0
2024-25,291285,Lucas Da Cunha,0,3.0,2.0,36.0,30.0,0.0,0.0
2024-25,303338,Lucas Gourna-Douath,0,0.0,0.0,6.0,2.0,0.0,0.0
2024-25,364685,Luis Hasa,0,0.0,0.0,0.0,0.0,0.0,0.0
2024-25,221332,Luka Jovic,0,2.0,0.0,15.0,6.0,0.0,0.0
2024-25,364026,Luka Topalovic,0,0.0,0.0,1.0,0.0,0.0,0.0
2024-25,179358,Lukasz Skorupski,0,0.0,0.0,27.0,27.0,0.0,0.0
2024-25,382649,Lysandros Papastylianou,0,0.0,0.0,0.0,0.0,0.0,0.0
2024-25,384060,Maat Caprini,0,0.0,0.0,2.0,0.0,0.0,0.0
2024-25,295476,Maduka Okoye,0,0.0,0.0,25.0,25.0,0.0,0.0
2024-25,399224,Mahamadou Balde,0,0.0,0.0,0.0,0.0,0.0,0.0
2024-25,303444,Malick Thiaw,0,0.0,0.0,22.0,19.0,0.0,0.0
2024-25,316609,Mandela Keita,0,0.0,2.0,30.0,24.0,0.0,0.0
2024-25,285226,Manu Koné,0,2.0,1.0,34.0,31.0,0.0,0.0
2024-25,241430,Manuel Lazzari,0,0.0,1.0,25.0,16.0,0.0,0.0
2024-25,217538,Manuel Locatelli,0,2.0,2.0,36.0,34.0,0.0,0.0
2024-25,392064,Manuel Moretta,0,0.0,0.0,0.0,0.0,0.0,0.0
2024-25,175887,Marc-Oliver Kempf,0,0.0,0.0,31.0,30.0,0.0,0.0
2024-25,276237,Marco Brescianini,0,4.0,2.0,29.0,9.0,0.0,0.0
2024-25,284804,Marco Carnesecchi,0,0.0,0.0,34.0,34.0,0.0,0.0
2024-25,401046,Marco Cassin,0,0.0,0.0,0.0,0.0,0.0,0.0
2024-25,389460,Marco Dalla Vecchia,0,0.0,0.0,0.0,0.0,0.0,0.0
2024-25,402956,Marco Ladisa,0,0.0,0.0,0.0,0.0,0.0,0.0
2024-25,399453,Marco Nazzaro,0,0.0,0.0,0.0,0.0,0.0,0.0
2024-25,362486,Marco Palestra,0,0.0,0.0,9.0,2.0,0.0,0.0
2024-25,107105,Marco Sala,0,0.0,0.0,10.0,3.0,0.0,0.0
2024-25,125906,Marco Silvestri,0,0.0,0.0,5.0,5.0,0.0,0.0
2024-25,174915,Marco Sportiello,0,0.0,0.0,2.0,1.0,0.0,0.0
2024-25,129285,Marcus Holmgren Pedersen,0,0.0,0.0,29.0,15.0,0.0,0.0
2024-25,217331,Marcus Thuram,0,14.0,4.0,32.0,27.0,0.0,0.0
2024-25,255650,Marin Pongracic,0,0.0,0.0,20.0,14.0,0.0,0.0
2024-25,228328,Marin Sverko,0,1.0,0.0,16.0,12.0,0.0,0.0
2024-25,100681,Mario Balotelli,0,0.0,0.0,6.0,0.0,0.0,0.0
2024-25,324097,Mario Gila,0,1.0,0.0,32.0,31.0,0.0,0.0
2024-25,189668,Mario Pasalic,0,3.0,4.0,34.0,23.0,0.0,0.0
2024-25,98193,Marko Arnautovic,0,4.0,2.0,18.0,5.0,0.0,0.0
2024-25,146335,Marten de Roon,0,4.0,4.0,36.0,34.0,0.0,0.0
2024-25,216579,Martin Erlic,0,0.0,0.0,8.0,5.0,0.0,0.0
2024-25,253960,Martin Frese,0,0.0,0.0,11.0,5.0,0.0,0.0
2024-25,389465,Martin Kirilov,0,0.0,0.0,0.0,0.0,0.0,0.0
2024-25,262565,Martín Payero,0,1.0,1.0,25.0,16.0,0.0,0.0
2024-25,388880,Massimo Pessina,0,0.0,0.0,0.0,0.0,0.0,0.0
2024-25,312757,Mateo Pellegrino,0,3.0,1.0,13.0,8.0,0.0,0.0
2024-25,268703,Mateo Retegui,0,25.0,8.0,36.0,32.0,0.0,0.0
2024-25,123591,Mateusz Kowalski,0,0.0,0.0,1.0,1.0,0.0,0.0
2024-25,306839,Matevz Dajcar,0,0.0,0.0,0.0,0.0,0.0,0.0
2024-25,323788,Mathias Løvik,0,0.0,0.0,6.0,0.0,0.0,0.0
2024-25,366906,Mathis Lambourde,0,1.0,0.0,7.0,0.0,0.0,0.0
2024-25,234881,Mathías Olivera,0,0.0,2.0,32.0,26.0,0.0,0.0
2024-25,84627,Mats Hummels,0,0.0,0.0,14.0,11.0,0.0,0.0
2024-25,401484,Matteo Barbini,0,0.0,0.0,0.0,0.0,0.0,0.0
2024-25,389464,Matteo Bonadiman,0,0.0,0.0,0.0,0.0,0.0,0.0
2024-25,308944,Matteo Cancellieri,0,3.0,0.0,27.0,19.0,0.0,0.0
2024-25,387835,Matteo Cocchi,0,0.0,0.0,0.0,0.0,0.0,0.0
2024-25,91873,Matteo Darmian,0,3.0,2.0,29.0,20.0,0.0,0.0
2024-25,255922,Matteo Gabbia,0,2.0,0.0,26.0,24.0,0.0,0.0
2024-25,145138,Matteo Grandi,0,0.0,0.0,0.0,0.0,0.0,0.0
2024-25,248676,Matteo Guendouzi,0,1.0,3.0,37.0,37.0,0.0,0.0
2024-25,402778,Matteo Lavelli,0,0.0,0.0,0.0,0.0,0.0,0.0
2024-25,378555,Matteo Motta,0,0.0,0.0,0.0,0.0,0.0,0.0
2024-25,384519,Matteo Palma,0,0.0,0.0,1.0,0.0,0.0,0.0
2024-25,224455,Matteo Pessina,0,0.0,0.0,11.0,10.0,0.0,0.0
2024-25,188306,Matteo Politano,0,3.0,4.0,37.0,34.0,0.0,0.0
2024-25,107960,Matteo Prati,0,0.0,0.0,12.0,8.0,0.0,0.0
2024-25,297229,Matteo Ruggeri,0,0.0,3.0,30.0,19.0,0.0,0.0
2024-25,402511,Matteo Spinaccè,0,0.0,0.0,0.0,0.0,0.0,0.0
2024-25,399225,Matteo Zazza,0,0.0,0.0,0.0,0.0,0.0,0.0
2024-25,305676,Matthias Braunöder,0,0.0,0.0,8.0,3.0,0.0,0.0
2024-25,207300,Mattia Bani,0,0.0,0.0,20.0,19.0,0.0,0.0
2024-25,163166,Mattia De Sciglio,0,1.0,0.0,16.0,7.0,0.0,0.0
2024-25,402559,Mattia Esposito,0,0.0,0.0,0.0,0.0,0.0,0.0
2024-25,285937,Mattia Felici,0,0.0,3.0,20.0,9.0,0.0,0.0
2024-25,387723,Mattia Liberali,0,0.0,0.0,1.0,1.0,0.0,0.0
2024-25,146683,Mattia Perin,0,0.0,0.0,5.0,5.0,0.0,0.0
2024-25,299990,Mattia Viti,0,1.0,0.0,30.0,30.0,0.0,0.0
2024-25,204669,Mattia Zaccagni,0,8.0,6.0,34.0,33.0,0.0,0.0
2024-25,398771,Mattia Zanchetta,0,0.0,0.0,0.0,0.0,0.0,0.0
2024-25,323974,Matìas Soulè,0,5.0,5.0,27.0,22.0,0.0,0.0
2024-25,186457,Matías Moreno,0,0.0,0.0,4.0,2.0,0.0,0.0
2024-25,145600,Matías Vecino,0,2.0,3.0,20.0,7.0,0.0,0.0
2024-25,115025,Mauro Vigorito,0,0.0,0.0,0.0,0.0,0.0,0.0
2024-25,265912,Maxence Caqueret,0,2.0,3.0,18.0,15.0,0.0,0.0
2024-25,187411,Maxwel Cornet,0,2.0,1.0,7.0,2.0,0.0,0.0
2024-25,341756,Medon Berisha,0,0.0,1.0,17.0,7.0,0.0,0.0
2024-25,219611,Mehdi Taremi,0,1.0,2.0,26.0,7.0,0.0,0.0
2024-25,252385,Michael Folorunsho,0,0.0,0.0,20.0,6.0,0.0,0.0
2024-25,289942,Michael Svoboda,0,1.0,0.0,16.0,15.0,0.0,0.0
2024-25,272745,Michel Adopo,0,1.0,1.0,35.0,27.0,0.0,0.0
2024-25,245623,Michel Aebischer,0,0.0,0.0,14.0,9.0,0.0,0.0
2024-25,240055,Michele Di Gregorio,0,0.0,0.0,33.0,33.0,0.0,0.0
2024-25,324256,Mikael Ellertsson,0,2.0,2.0,36.0,29.0,0.0,0.0
2024-25,387832,Mike Aidoo,0,0.0,0.0,0.0,0.0,0.0,0.0
2024-25,189026,Mike Maignan,0,0.0,0.0,37.0,37.0,0.0,0.0
2024-25,121090,Milan Badelj,0,1.0,0.0,23.0,21.0,0.0,0.0
2024-25,116477,Milan Djuric,0,5.0,1.0,27.0,16.0,0.0,0.0
2024-25,238798,Mile Svilar,0,0.0,0.0,38.0,38.0,0.0,0.0
2024-25,191239,Mirko Maric,0,0.0,0.0,18.0,5.0,0.0,0.0
2024-25,366931,Mohamed Anas Haj,0,1.0,2.0,15.0,3.0,0.0,0.0
2024-25,223292,Mohamed Kaba,0,0.0,0.0,15.0,2.0,0.0,0.0
2024-25,248633,Moise Kean,0,19.0,3.0,32.0,31.0,0.0,0.0
2024-25,270884,Morten Frendrup,0,2.0,0.0,35.0,35.0,0.0,0.0
2024-25,202686,Morten Thorsby,0,0.0,1.0,30.0,22.0,0.0,0.0
2024-25,309241,Máximo Perrone,0,0.0,3.0,26.0,20.0,0.0,0.0
2024-25,221436,Mërgim Vojvoda,0,1.0,2.0,28.0,20.0,0.0,0.0
2024-25,291560,Nadir Zortea,0,6.0,2.0,35.0,33.0,0.0,0.0
2024-25,223645,Nahuel Estévez,0,0.0,0.0,14.0,7.0,0.0,0.0
2024-25,362385,Najemedine Razi,0,0.0,0.0,0.0,0.0,0.0,0.0
2024-25,360235,Niccolò Pisilli,0,2.0,1.0,28.0,11.0,0.0,0.0
2024-25,76017,Nico González,0,3.0,2.0,26.0,23.0,0.0,0.0
2024-25,337970,Nico Paz,0,6.0,8.0,35.0,30.0,0.0,0.0
2024-25,329067,Nicola Bagnolini,0,0.0,0.0,0.0,0.0,0.0,0.0
2024-25,151649,Nicola Leali,0,0.0,0.0,29.0,29.0,0.0,0.0
2024-25,402512,Nicola Pintus,0,0.0,0.0,1.0,0.0,0.0,0.0
2024-25,153341,Nicola Sansone,0,0.0,0.0,5.0,0.0,0.0,0.0
2024-25,288488,Nicola Zalewski,0,1.0,1.0,23.0,8.0,0.0,0.0
2024-25,218758,Nicolas Haas,0,0.0,0.0,10.0,2.0,0.0,0.0
2024-25,397590,Nicolas Trabucchi,0,0.0,0.0,0.0,0.0,0.0,0.0
2024-25,93062,Nicolas Viola,0,3.0,1.0,27.0,18.0,0.0,0.0
2024-25,250707,Nicolo Casale,0,0.0,1.0,17.0,11.0,0.0,0.0
2024-25,318084,Nicolás Valentini,0,0.0,0.0,14.0,13.0,0.0,0.0
2024-25,204441,Nicolò Barella,0,3.0,6.0,33.0,29.0,0.0,0.0
2024-25,287790,Nicolò Cambiaghi,0,1.0,3.0,18.0,4.0,0.0,0.0
2024-25,276254,Nicolò Fagioli,0,1.0,3.0,32.0,15.0,0.0,0.0
2024-25,392575,Nicolò Postiglione,0,0.0,0.0,0.0,0.0,0.0,0.0
2024-25,285969,Nicolò Rovella,0,0.0,3.0,33.0,31.0,0.0,0.0
2024-25,388024,Nicolò Savona,0,2.0,1.0,28.0,19.0,0.0,0.0
2024-25,251388,Nicolò Zaniolo,0,2.0,2.0,23.0,4.0,0.0,0.0
2024-25,198082,Nikita Contini,0,0.0,0.0,0.0,0.0,0.0,0.0
2024-25,258158,Nikola Krstovic,0,11.0,5.0,37.0,37.0,0.0,0.0
2024-25,228333,Nikola Moro,0,0.0,2.0,22.0,15.0,0.0,0.0
2024-25,206378,Nikola Vlasic,0,5.0,4.0,30.0,23.0,0.0,0.0
2024-25,397416,Noah Houssain El Biache,0,0.0,0.0,0.0,0.0,0.0,0.0
2024-25,270641,Noah Okafor,0,1.0,0.0,15.0,5.0,0.0,0.0
2024-25,346393,Noah Raveyre,0,0.0,0.0,0.0,0.0,0.0,0.0
2024-25,288901,Nuno Tavares,0,0.0,8.0,23.0,22.0,0.0,0.0
2024-25,284822,Odilon Kossounou,0,0.0,0.0,18.0,12.0,0.0,0.0
2024-25,306579,Oier Zarraga,0,1.0,0.0,22.0,9.0,0.0,0.0
2024-25,269735,Ola Solbakken,0,0.0,0.0,21.0,8.0,0.0,0.0
2024-25,333311,Oliver Provstgaard,0,0.0,0.0,2.0,0.0,0.0,0.0
2024-25,325554,Omari Forson,0,0.0,0.0,9.0,1.0,0.0,0.0
2024-25,206072,Ondrej Duda,0,1.0,3.0,28.0,27.0,0.0,0.0
2024-25,261066,Oumar Solet,0,1.0,2.0,19.0,19.0,0.0,0.0
2024-25,320947,Oussama El Azzouzi,0,0.0,0.0,2.0,0.0,0.0,0.0
2024-25,169219,Pablo Marí,0,0.0,0.0,32.0,31.0,0.0,0.0
2024-25,378198,Paolo Vismara,0,0.0,0.0,0.0,0.0,0.0,0.0
2024-25,260188,Pasquale Mazzocchi,0,0.0,0.0,20.0,7.0,0.0,0.0
2024-25,169818,Patric,0,1.0,0.0,10.0,5.0,0.0,0.0
2024-25,192743,Patrick Ciurria,0,1.0,1.0,21.0,12.0,0.0,0.0
2024-25,238885,Patrick Cutrone,0,7.0,4.0,33.0,23.0,0.0,0.0
2024-25,346840,Patrizio Masini,0,1.0,0.0,26.0,16.0,0.0,0.0
2024-25,164839,Paulo Dybala,0,6.0,3.0,24.0,16.0,0.0,0.0
2024-25,190805,Pawel Dawidowicz,0,0.0,0.0,26.0,24.0,0.0,0.0
2024-25,114032,Pedro,0,10.0,1.0,30.0,6.0,0.0,0.0
2024-25,224188,Pedro Pereira,0,1.0,3.0,35.0,32.0,0.0,0.0
2024-25,12910,Pepe Reina,0,0.0,0.0,12.0,12.0,0.0,0.0
2024-25,233894,Perr Schuurs,0,0.0,0.0,0.0,0.0,0.0,0.0
2024-25,192660,Philip Billing,0,1.0,0.0,10.0,1.0,0.0,0.0
2024-25,206587,Pierluigi Gollini,0,0.0,0.0,7.0,7.0,0.0,0.0
2024-25,323142,Pierre Bolchini,0,0.0,0.0,0.0,0.0,0.0,0.0
2024-25,290129,Pierre Kalulu,0,1.0,0.0,29.0,25.0,0.0,0.0
2024-25,378618,Pietro Comi,0,0.0,0.0,0.0,0.0,0.0,0.0
2024-25,367168,Pietro Comuzzo,0,1.0,0.0,33.0,24.0,0.0,0.0
2024-25,399317,Pietro Leonardelli,0,0.0,0.0,0.0,0.0,0.0,0.0
2024-25,251141,Pietro Pellegri,0,3.0,0.0,11.0,5.0,0.0,0.0
2024-25,143100,Pietro Terracciano,0,0.0,0.0,3.0,3.0,0.0,0.0
2024-25,177782,Piotr Zielinski,0,2.0,2.0,26.0,8.0,0.0,0.0
2024-25,253569,Pontus Almqvist,0,1.0,1.0,29.0,10.0,0.0,0.0
2024-25,297360,Rafa Marín,0,0.0,0.0,4.0,1.0,0.0,0.0
2024-25,258917,Rafael Leão,0,8.0,8.0,34.0,25.0,0.0,0.0
2024-25,196855,Rafael Tolói,0,0.0,0.0,11.0,2.0,0.0,0.0
2024-25,181322,Raffaele Di Gennaro,0,0.0,0.0,0.0,0.0,0.0,0.0
2024-25,252971,Randal Kolo Muani,0,8.0,1.0,16.0,13.0,0.0,0.0
2024-25,268452,Raoul Bellanova,0,0.0,9.0,35.0,28.0,0.0,0.0
2024-25,325051,Rares Burnete,0,0.0,0.0,4.0,0.0,0.0,0.0
2024-25,239738,Razvan Marin,0,3.0,2.0,33.0,13.0,0.0,0.0
2024-25,302721,Razvan Sava,0,0.0,0.0,12.0,12.0,0.0,0.0
2024-25,345323,Reda Belahyane,0,0.0,2.0,28.0,18.0,0.0,0.0
2024-25,399540,Relja Obric,0,0.0,0.0,0.0,0.0,0.0,0.0
2024-25,152600,Remo Freuler,0,1.0,2.0,37.0,37.0,0.0,0.0
2024-25,379089,Renato Marin,0,0.0,0.0,0.0,0.0,0.0,0.0
2024-25,337011,Renato Veiga,0,0.0,1.0,13.0,12.0,0.0,0.0
2024-25,234426,Riccardo Orsolini,0,15.0,4.0,30.0,23.0,0.0,0.0
2024-25,262480,Riccardo Sottil,0,1.0,1.0,24.0,9.0,0.0,0.0
2024-25,340703,Riccardo Turicchia,0,0.0,0.0,0.0,0.0,0.0,0.0
2024-25,151688,Richard Marcone,0,0.0,0.0,0.0,0.0,0.0,0.0
2024-25,345713,Richie Sagrado,0,0.0,0.0,3.0,3.0,0.0,0.0
2024-25,181192,Ridgeciano Haps,0,1.0,1.0,25.0,14.0,0.0,0.0
2024-25,193977,Roberto Gagliardini,0,0.0,0.0,8.0,0.0,0.0,0.0
2024-25,285438,Roberto Piccoli,0,10.0,1.0,37.0,37.0,0.0,0.0
2024-25,403559,Roberto Scaglione,0,0.0,0.0,0.0,0.0,0.0,0.0
2024-25,198087,Robin Gosens,0,5.0,5.0,32.0,29.0,0.0,0.0
2024-25,210392,Rolando Mandragora,0,4.0,3.0,29.0,22.0,0.0,0.0
2024-25,139437,Romelu Lukaku,0,14.0,10.0,36.0,35.0,0.0,0.0
2024-25,186505,Ruben Loftus-Cheek,0,0.0,0.0,19.0,10.0,0.0,0.0
2024-25,322100,Rui Modesto,0,0.0,1.0,20.0,4.0,0.0,0.0
2024-25,86758,Rui Patrício,0,0.0,0.0,3.0,3.0,0.0,0.0
2024-25,208789,Ruslan Malinovskyi,0,0.0,2.0,9.0,4.0,0.0,0.0
2024-25,386951,Saad El Haddad,0,0.0,0.0,3.0,0.0,0.0,0.0
2024-25,363886,Saba Goglichidze,0,0.0,1.0,33.0,29.0,0.0,0.0
2024-25,314403,Saba Sazonov,0,0.0,0.0,1.0,0.0,0.0,0.0
2024-25,334795,Salama,0,0.0,0.0,0.0,0.0,0.0,0.0
2024-25,261594,Sam Beukema,0,0.0,1.0,35.0,33.0,0.0,0.0
2024-25,228298,Samuel Chukwueze,0,3.0,4.0,26.0,9.0,0.0,0.0
2024-25,191102,Samuel Gigot,0,2.0,0.0,15.0,7.0,0.0,0.0
2024-25,355997,Samuel Mbangula,0,3.0,3.0,23.0,7.0,0.0,0.0
2024-25,248440,Samuele Birindelli,0,3.0,0.0,21.0,18.0,0.0,0.0
2024-25,276822,Samuele Ricci,0,1.0,1.0,34.0,34.0,0.0,0.0
2024-25,318558,Samuele Vignato,0,0.0,0.0,17.0,3.0,0.0,0.0
2024-25,219725,Sandi Lovric,0,2.0,3.0,36.0,31.0,0.0,0.0
2024-25,250284,Santiago Castro,0,8.0,4.0,36.0,27.0,0.0,0.0
2024-25,260775,Santiago Gimenez,0,5.0,2.0,14.0,7.0,0.0,0.0
2024-25,288429,Santiago Pierotti,0,4.0,2.0,36.0,22.0,0.0,0.0
2024-25,286011,Saud Abdulhamid,0,0.0,1.0,4.0,2.0,0.0,0.0
2024-25,274258,Saúl Coco,0,2.0,0.0,32.0,32.0,0.0,0.0
2024-25,255850,Scott McTominay,0,12.0,4.0,34.0,33.0,0.0,0.0
2024-25,170553,Sead Kolasinac,0,0.0,2.0,23.0,23.0,0.0,0.0
2024-25,362180,Sebastian Esposito,0,0.0,0.0,0.0,0.0,0.0,0.0
2024-25,350205,Sebastian Otoa,0,0.0,0.0,3.0,3.0,0.0,0.0
2024-25,288483,Sebastian Walukiewicz,0,0.0,0.0,31.0,22.0,0.0,0.0
2024-25,286929,Sebastiano Esposito,0,8.0,0.0,33.0,27.0,0.0,0.0
2024-25,192573,Sebastiano Luperto,0,1.0,3.0,36.0,36.0,0.0,0.0
2024-25,270186,Semuel Pizzignacco,0,0.0,0.0,9.0,8.0,0.0,0.0
2024-25,363899,Senan Mullen,0,0.0,0.0,0.0,0.0,0.0,0.0
2024-25,150225,Sergi Roberto,0,0.0,1.0,13.0,8.0,0.0,0.0
2024-25,389461,Sergiu Perciun,0,0.0,0.0,5.0,0.0,0.0,0.0
2024-25,335207,Silvano Vos,0,0.0,0.0,0.0,0.0,0.0,0.0
2024-25,215358,Silvére Ganvoula,0,0.0,0.0,7.0,4.0,0.0,0.0
2024-25,275015,Simon Sohm,0,4.0,0.0,37.0,36.0,0.0,0.0
2024-25,386952,Simone Ascione,0,0.0,0.0,0.0,0.0,0.0,0.0
2024-25,340684,Simone Pafundi,0,0.0,0.0,9.0,0.0,0.0,0.0
2024-25,186232,Simone Perilli,0,0.0,0.0,2.0,2.0,0.0,0.0
2024-25,181784,Simone Scuffet,0,0.0,0.0,14.0,14.0,0.0,0.0
2024-25,188412,Stanislav Lobotka,0,0.0,1.0,32.0,31.0,0.0,0.0
2024-25,342146,Stefan Lekovic,0,0.0,0.0,7.0,3.0,0.0,0.0
2024-25,238906,Stefan Posch,0,0.0,0.0,19.0,11.0,0.0,0.0
2024-25,141443,Stefan de Vrij,0,3.0,0.0,26.0,18.0,0.0,0.0
2024-25,177862,Stefano Sabelli,0,0.0,2.0,34.0,23.0,0.0,0.0
2024-25,180927,Stefano Sensi,0,1.0,0.0,12.0,2.0,0.0,0.0
2024-25,261399,Stefano Turati,0,0.0,0.0,30.0,30.0,0.0,0.0
2024-25,130036,Stephan El Shaarawy,0,3.0,4.0,31.0,12.0,0.0,0.0
2024-25,290375,Strahinja Pavlovic,0,2.0,1.0,24.0,21.0,0.0,0.0
2024-25,227053,Suat Serdar,0,2.0,1.0,22.0,16.0,0.0,0.0
2024-25,347018,Sulemana,0,2.0,0.0,9.0,3.0,0.0,0.0
2024-25,399279,Sven Lesjak,0,0.0,0.0,0.0,0.0,0.0,0.0
2024-25,268032,Szymon Zurkowski,0,0.0,0.0,5.0,0.0,0.0,0.0
2024-25,236209,Tammy Abraham,0,3.0,4.0,29.0,12.0,0.0,0.0
2024-25,258968,Teun Koopmeiners,0,3.0,3.0,28.0,23.0,0.0,0.0
2024-25,233621,Theo Hernández,0,4.0,4.0,33.0,30.0,0.0,0.0
2024-25,266280,Thijs Dallinga,0,3.0,2.0,31.0,11.0,0.0,0.0
2024-25,387830,Thomas Berenbruch,0,0.0,0.0,0.0,0.0,0.0,0.0
2024-25,397554,Thomas Campaniello,0,0.0,0.0,3.0,0.0,0.0,0.0
2024-25,99909,Thomas Kristensen,0,1.0,0.0,24.0,19.0,0.0,0.0
2024-25,275227,Thorir Johann Helgason,0,0.0,4.0,21.0,13.0,0.0,0.0
2024-25,379865,Tiago Gabriel,0,0.0,0.0,2.0,0.0,0.0,0.0
2024-25,323113,Tijjani Noslin,0,2.0,2.0,30.0,8.0,0.0,0.0
2024-25,261328,Tijjani Reijnders,0,10.0,4.0,37.0,36.0,0.0,0.0
2024-25,266027,Timothy Weah,0,5.0,2.0,30.0,18.0,0.0,0.0
2024-25,341268,Tobias Slotsager,0,0.0,0.0,0.0,0.0,0.0,0.0
2024-25,221057,Toma Basic,0,0.0,0.0,0.0,0.0,0.0,0.0
2024-25,367167,Tomasso Martinelli,0,0.0,0.0,0.0,0.0,0.0,0.0
2024-25,260197,Tommaso Augello,0,0.0,7.0,38.0,30.0,0.0,0.0
2024-25,309518,Tommaso Baldanzi,0,1.0,1.0,31.0,5.0,0.0,0.0
2024-25,363070,Tommaso Del Lungo,0,0.0,0.0,0.0,0.0,0.0,0.0
2024-25,389463,Tommaso Gabellini,0,0.0,0.0,1.0,0.0,0.0,0.0
2024-25,276654,Tommaso Pobega,0,2.0,2.0,21.0,13.0,0.0,0.0
2024-25,367676,Tommaso Ravaglioli,0,0.0,0.0,0.0,0.0,0.0,0.0
2024-25,394995,Tommaso Rubino,0,0.0,0.0,1.0,0.0,0.0,0.0
2024-25,403329,Tomás Palacios,0,0.0,0.0,10.0,5.0,0.0,0.0
2024-25,301665,Tomás Suslov,0,0.0,1.0,31.0,27.0,0.0,0.0
2024-25,205618,Tyronne Ebuehi,0,0.0,0.0,4.0,0.0,0.0,0.0
2024-25,337972,Valentin Carboni,0,0.0,0.0,0.0,0.0,0.0,0.0
2024-25,267008,Valentin Mihaila,0,0.0,3.0,21.0,16.0,0.0,0.0
2024-25,303001,Valentino Lazaro,0,0.0,6.0,33.0,26.0,0.0,0.0
2024-25,252933,Valentín Castellanos,0,10.0,3.0,29.0,28.0,0.0,0.0
2024-25,219531,Vanja Milinkovic-Savic,0,0.0,0.0,37.0,37.0,0.0,0.0
2024-25,322245,Vanja Vlahovic,0,0.0,0.0,3.0,0.0,0.0,0.0
2024-25,344917,Vasilije Adzic,0,0.0,0.0,6.0,0.0,0.0,0.0
2024-25,357862,Velizar-Iliya Iliev,0,0.0,0.0,0.0,0.0,0.0,0.0
2024-25,387946,Vernon Addo,0,0.0,0.0,0.0,0.0,0.0,0.0
2024-25,241138,Victor Nelsson,0,0.0,0.0,4.0,1.0,0.0,0.0
2024-25,213471,Viktor Kovalenko,0,0.0,0.0,6.0,0.0,0.0,0.0
2024-25,389434,Vincenzo Di Leva,0,0.0,0.0,0.0,0.0,0.0,0.0
2024-25,403234,Vitinha,0,2.0,3.0,25.0,16.0,0.0,0.0
2024-25,305672,Warren Bondo,0,0.0,0.0,24.0,22.0,0.0,0.0
2024-25,256715,Weston McKennie,0,2.0,4.0,32.0,27.0,0.0,0.0
2024-25,384835,William Feola,0,0.0,0.0,0.0,0.0,0.0,0.0
2024-25,177812,Wladimiro Falcone,0,0.0,0.0,38.0,38.0,0.0,0.0
2024-25,265911,Yacine Adli,0,4.0,6.0,26.0,15.0,0.0,0.0
2024-25,266660,Yann Bisseck,0,3.0,2.0,27.0,17.0,0.0,0.0
2024-25,225555,Yann Karamoh,0,0.0,2.0,29.0,10.0,0.0,0.0
2024-25,93197,Yann Sommer,0,0.0,0.0,33.0,33.0,0.0,0.0
2024-25,337079,Yannick Engelhardt,0,1.0,1.0,26.0,11.0,0.0,0.0
2024-25,196901,Yerry Mina,0,1.0,0.0,31.0,31.0,0.0,0.0
2024-25,237455,Ylber Ramadani,0,1.0,1.0,29.0,21.0,0.0,0.0
2024-25,332396,Yllan Okou,0,0.0,0.0,1.0,0.0,0.0,0.0
2024-25,192732,Yordan Osorio,0,0.0,0.0,3.0,2.0,0.0,0.0
2024-25,241405,Youssef Maleh,0,0.0,1.0,22.0,17.0,0.0,0.0
2024-25,277307,Youssouf Fofana,0,1.0,6.0,35.0,29.0,0.0,0.0
2024-25,307527,Yunus Musah,0,0.0,2.0,29.0,19.0,0.0,0.0
2024-25,388940,Zaccaria Rioda,0,0.0,0.0,0.0,0.0,0.0,0.0
2024-25,367740,Zanos Savva,0,0.0,0.0,0.0,0.0,0.0,0.0
2024-25,271873,Zeki Çelik,0,0.0,2.0,31.0,27.0,0.0,0.0
2024-25,265958,Zion Suzuki,0,0.0,0.0,37.0,37.0,0.0,0.0
2024-25,297035,Zito Luvumbo,0,2.0,2.0,26.0,19.0,0.0,0.0
2024-25,367861,Álex Jiménez,0,0.0,1.0,22.0,14.0,0.0,0.0
2024-25,192146,Álex Valle,0,0.0,0.0,15.0,12.0,0.0,0.0
2024-25,278210,Éderson,0,4.0,1.0,37.0,32.0,0.0,0.0
2025-26,242007,Aarón Martín,0,1.0,5.0,33.0,26.0,0.0,0.0
2025-26,252293,Abdelhamid Sabiri,0,0.0,0.0,1.0,0.0,0.0,0.0
2025-26,268961,Abdou Harroui,0,1.0,0.0,23.0,11.0,0.0,0.0
2025-26,371539,Abdou-Salam Konate,0,0.0,0.0,0.0,0.0,0.0,0.0
2025-26,400788,Abdoulaye Camara,0,0.0,0.0,1.0,0.0,0.0,0.0
2025-26,288540,Abdoulaye Ndiaye,0,0.0,0.0,11.0,9.0,0.0,0.0
2025-26,409604,Abdoulie Ndow,0,0.0,0.0,2.0,0.0,0.0,0.0
2025-26,355859,Adam Bakoune,0,0.0,3.0,22.0,9.0,0.0,0.0
2025-26,257211,Adam Buksa,0,3.0,0.0,25.0,6.0,0.0,0.0
2025-26,218105,Adam Marusic,0,1.0,2.0,33.0,32.0,0.0,0.0
2025-26,322913,Adam Obert,0,0.0,3.0,35.0,33.0,0.0,0.0
2025-26,239120,Adrian Ismajli,0,0.0,1.0,25.0,21.0,0.0,0.0
2025-26,380970,Adrian Lahdo,0,0.0,0.0,0.0,0.0,0.0,0.0
2025-26,412139,Adrian Lickunas,0,0.0,0.0,0.0,0.0,0.0,0.0
2025-26,364224,Adrian Przyborek,0,0.0,0.0,1.0,0.0,0.0,0.0
2025-26,228326,Adrian Semper,0,0.0,0.0,25.0,25.0,0.0,0.0
2025-26,176203,Adrien Rabiot,0,6.0,4.0,29.0,28.0,0.0,0.0
2025-26,159324,Adrien Tamèze,0,0.0,0.0,24.0,12.0,0.0,0.0
2025-26,276653,Adrián Bernabé,0,3.0,1.0,32.0,31.0,0.0,0.0
2025-26,372740,Adrián Malovec,0,0.0,0.0,0.0,0.0,0.0,0.0
2025-26,381354,Agustín Albarracín,0,0.0,0.0,2.0,0.0,0.0,0.0
2025-26,307473,Agustín Álvarez Martínez,0,4.0,1.0,25.0,9.0,0.0,0.0
2025-26,327899,Ahmed Sidibé,0,0.0,0.0,5.0,1.0,0.0,0.0
2025-26,400734,Alain Taho,0,0.0,0.0,0.0,0.0,0.0,0.0
2025-26,224044,Albert Gudmundsson,0,5.0,4.0,33.0,27.0,0.0,0.0
2025-26,421472,Albert Navarro,0,0.0,0.0,0.0,0.0,0.0,0.0
2025-26,252372,Alberto Dossena,0,0.0,1.0,12.0,9.0,0.0,0.0
2025-26,209869,Alberto Grassi,0,0.0,0.0,30.0,18.0,0.0,0.0
2025-26,172998,Alberto Moreno,0,2.0,1.0,19.0,13.0,0.0,0.0
2025-26,241414,Alberto Paleari,0,0.0,0.0,29.0,29.0,0.0,0.0
2025-26,372148,Alejandro Cichero,0,0.0,0.0,0.0,0.0,0.0,0.0
2025-26,306210,Alen Sherri,0,0.0,0.0,0.0,0.0,0.0,0.0
2025-26,249280,Alessandro Bastoni,0,1.0,4.0,28.0,28.0,0.0,0.0
2025-26,252605,Alessandro Buongiorno,0,0.0,1.0,33.0,28.0,0.0,0.0
2025-26,366428,Alessandro Calligaris,0,0.0,0.0,0.0,0.0,0.0,0.0
2025-26,411268,Alessandro Cardinali,0,0.0,0.0,1.0,0.0,0.0,0.0
2025-26,388069,Alessandro Ciardi,0,0.0,0.0,0.0,0.0,0.0,0.0
2025-26,332081,Alessandro Circati,0,1.0,0.0,31.0,31.0,0.0,0.0
2025-26,186437,Alessandro Deiola,0,0.0,2.0,20.0,17.0,0.0,0.0
2025-26,364761,Alessandro Marcandalli,0,0.0,2.0,32.0,29.0,0.0,0.0
2025-26,423017,Alessandro Mazzocchi,0,0.0,0.0,0.0,0.0,0.0,0.0
2025-26,362555,Alessandro Nunziante,0,0.0,0.0,0.0,0.0,0.0,0.0
2025-26,346479,Alessandro Pietrelli,0,0.0,0.0,9.0,1.0,0.0,0.0
2025-26,245632,Alessandro Plizzari,0,0.0,0.0,0.0,0.0,0.0,0.0
2025-26,276823,Alessandro Russo,0,0.0,0.0,0.0,0.0,0.0,0.0
2025-26,270010,Alessandro Zanoli,0,1.0,2.0,19.0,16.0,0.0,0.0
2025-26,288361,Alessio Furlanetto,0,0.0,0.0,2.0,2.0,0.0,0.0
2025-26,399210,Alessio Marcaccini,0,0.0,0.0,0.0,0.0,0.0,0.0
2025-26,177816,Alessio Romagnoli,0,0.0,0.0,32.0,31.0,0.0,0.0
2025-26,252447,Alessio Zerbin,0,0.0,3.0,32.0,17.0,0.0,0.0
2025-26,414376,Alex Castiello,0,0.0,0.0,0.0,0.0,0.0,0.0
2025-26,209746,Alex Meret,0,0.0,1.0,11.0,11.0,0.0,0.0
2025-26,271132,Alexis Saelemaekers,0,3.0,3.0,35.0,33.0,0.0,0.0
2025-26,358445,Alexsandro Amorim,0,0.0,0.0,11.0,6.0,0.0,0.0
2025-26,173282,Alfred Duncan,0,1.0,1.0,17.0,8.0,0.0,0.0
2025-26,324705,Alieu Fadera,0,2.0,1.0,28.0,8.0,0.0,0.0
2025-26,367743,Alieu Njie,0,1.0,1.0,15.0,2.0,0.0,0.0
2025-26,414538,Alin Kumer,0,0.0,0.0,0.0,0.0,0.0,0.0
2025-26,319697,Alisson Santos,0,4.0,0.0,14.0,9.0,0.0,0.0
2025-26,409565,Aljaz Strajnar,0,0.0,0.0,0.0,0.0,0.0,0.0
2025-26,303752,Amin Sarr,0,0.0,1.0,34.0,9.0,0.0,0.0
2025-26,205576,Amir Rrahmani,0,2.0,1.0,21.0,21.0,0.0,0.0
2025-26,262071,Anastasios Douvikas,0,14.0,1.0,38.0,25.0,0.0,0.0
2025-26,286317,Andrea Adorante,0,17.0,1.0,33.0,30.0,0.0,0.0
2025-26,170755,Andrea Belotti,0,2.0,0.0,8.0,3.0,0.0,0.0
2025-26,308029,Andrea Cambiaso,0,3.0,4.0,36.0,35.0,0.0,0.0
2025-26,301278,Andrea Carboni,0,2.0,2.0,34.0,28.0,0.0,0.0
2025-26,392669,Andrea Cogoni,0,0.0,0.0,0.0,0.0,0.0,0.0
2025-26,272892,Andrea Colpani,0,2.0,1.0,27.0,19.0,0.0,0.0
2025-26,181098,Andrea Petagna,0,9.0,4.0,31.0,11.0,0.0,0.0
2025-26,239086,Andrea Pinamonti,0,9.0,3.0,36.0,32.0,0.0,0.0
2025-26,393426,Andrea Vailati,0,0.0,0.0,0.0,0.0,0.0,0.0
2025-26,414761,Andrej Popovic,0,0.0,0.0,0.0,0.0,0.0,0.0
2025-26,331416,Andrias Edmundsson,0,0.0,0.0,15.0,15.0,0.0,0.0
2025-26,319167,Andy Diouf,0,1.0,0.0,19.0,4.0,0.0,0.0
2025-26,309185,Ange-Yoan Bonny,0,5.0,4.0,33.0,10.0,0.0,0.0
2025-26,214319,Angeliño,0,0.0,0.0,7.0,5.0,0.0,0.0
2025-26,315213,Anthony Oyono,0,1.0,4.0,34.0,33.0,0.0,0.0
2025-26,259820,Antoine Bernede,0,1.0,2.0,32.0,29.0,0.0,0.0
2025-26,346916,Antoine Hainaut,0,5.0,5.0,37.0,36.0,0.0,0.0
2025-26,411231,Antoni Franke,0,0.0,0.0,0.0,0.0,0.0,0.0
2025-26,277441,Antonino Gallo,0,0.0,4.0,37.0,34.0,0.0,0.0
2025-26,404546,Antonio Arena,0,0.0,0.0,2.0,0.0,0.0,0.0
2025-26,144600,Antonio Caracciolo,0,2.0,0.0,35.0,34.0,0.0,0.0
2025-26,331786,Antonio Casas,0,3.0,1.0,24.0,3.0,0.0,0.0
2025-26,386296,Antonio Fiori,0,6.0,0.0,24.0,6.0,0.0,0.0
2025-26,422138,Antonio Pirrò,0,0.0,0.0,0.0,0.0,0.0,0.0
2025-26,319265,Antonio Raimondo,0,11.0,1.0,36.0,30.0,0.0,0.0
2025-26,192162,Antonio Sanabria,0,1.0,1.0,25.0,10.0,0.0,0.0
2025-26,332411,Antonio Vergara,0,1.0,2.0,12.0,8.0,0.0,0.0
2025-26,303973,Ardon Jashari,0,0.0,1.0,14.0,7.0,0.0,0.0
2025-26,259838,Arijanet Muric,0,0.0,0.0,32.0,32.0,0.0,0.0
2025-26,179359,Arkadiusz Milik,0,0.0,0.0,2.0,0.0,0.0,0.0
2025-26,272719,Armand Laurienté,0,7.0,9.0,38.0,33.0,0.0,0.0
2025-26,286128,Armel Bella-Kotchap,0,0.0,0.0,19.0,14.0,0.0,0.0
2025-26,226211,Artem Dovbyk,0,3.0,1.0,14.0,3.0,0.0,0.0
2025-26,356213,Arthur Atta,0,5.0,3.0,32.0,29.0,0.0,0.0
2025-26,418379,Arthur Borghi,0,0.0,0.0,0.0,0.0,0.0,0.0
2025-26,194758,Arturo Calabresi,0,0.0,0.0,26.0,17.0,0.0,0.0
2025-26,249336,Arvid Brorsson,0,0.0,0.0,12.0,4.0,0.0,0.0
2025-26,364742,Assane Diao,0,2.0,1.0,17.0,13.0,0.0,0.0
2025-26,290798,Aster Vranckx,0,0.0,0.0,16.0,9.0,0.0,0.0
2025-26,291405,Bartol Franjic,0,0.0,2.0,19.0,15.0,0.0,0.0
2025-26,263508,Bayo Youssouf,0,0.0,2.0,15.0,4.0,0.0,0.0
2025-26,268870,Ben Lhassine Kone,0,1.0,2.0,19.0,7.0,0.0,0.0
2025-26,356358,Benjamin Cremaschi,0,0.0,0.0,8.0,2.0,0.0,0.0
2025-26,158948,Benjamin Siegrist,0,0.0,0.0,0.0,0.0,0.0,0.0
2025-26,331231,Benjamín Domínguez,0,0.0,3.0,15.0,6.0,0.0,0.0
2025-26,165291,Berat Djimsiti,0,0.0,0.0,34.0,29.0,0.0,0.0
2025-26,415051,Bernardo Conde,0,0.0,0.0,0.0,0.0,0.0,0.0
2025-26,274217,Billy Gilmour,0,1.0,0.0,17.0,8.0,0.0,0.0
2025-26,307970,Bjarki Steinn Bjarkason,0,1.0,1.0,15.0,11.0,0.0,0.0
2025-26,364410,Bodin Tomasevic,0,0.0,0.0,0.0,0.0,0.0,0.0
2025-26,282381,Boulaye Dia,0,1.0,2.0,27.0,14.0,0.0,0.0
2025-26,411325,Brando Bettazzi,0,0.0,0.0,1.0,0.0,0.0,0.0
2025-26,406061,Branimir Mlacic,0,0.0,0.0,7.0,2.0,0.0,0.0
2025-26,258307,Bremer,0,4.0,3.0,26.0,25.0,0.0,0.0
2025-26,311173,Brooke Norton-Cuffy,0,2.0,1.0,27.0,25.0,0.0,0.0
2025-26,270400,Bruno Martinez,0,0.0,0.0,0.0,0.0,0.0,0.0
2025-26,169213,Bryan Cristante,0,2.0,1.0,37.0,36.0,0.0,0.0
2025-26,311571,Bryan Zaragoza,0,0.0,1.0,4.0,2.0,0.0,0.0
2025-26,182071,Caleb Ekuban,0,4.0,1.0,31.0,6.0,0.0,0.0
2025-26,248677,Calvin Stengs,0,0.0,0.0,4.0,0.0,0.0,0.0
2025-26,121036,Carlo Pinsoglio,0,0.0,0.0,0.0,0.0,0.0,0.0
2025-26,271769,Carlos Augusto,0,1.0,1.0,34.0,18.0,0.0,0.0
2025-26,336394,Cesare Casadei,0,6.0,0.0,33.0,19.0,0.0,0.0
2025-26,170670,Charalampos Lykogiannis,0,0.0,1.0,10.0,7.0,0.0,0.0
2025-26,296319,Charles De Ketelaere,0,3.0,5.0,32.0,27.0,0.0,0.0
2025-26,284592,Cheikh Niasse,0,0.0,1.0,20.0,11.0,0.0,0.0
2025-26,360061,Cher Ndour,0,3.0,0.0,33.0,20.0,0.0,0.0
2025-26,408850,Cheveyo Muy,0,0.0,0.0,2.0,0.0,0.0,0.0
2025-26,415198,Christian Frangella,0,0.0,0.0,1.0,0.0,0.0,0.0
2025-26,259054,Christian Früchtl,0,0.0,0.0,0.0,0.0,0.0,0.0
2025-26,418210,Christian Garofalo,0,0.0,0.0,0.0,0.0,0.0,0.0
2025-26,150081,Christian Kabasele,0,3.0,0.0,30.0,28.0,0.0,0.0
2025-26,339198,Christian Ordoñez,0,1.0,0.0,28.0,12.0,0.0,0.0
2025-26,225607,Christian Pulisic,0,8.0,4.0,30.0,18.0,0.0,0.0
2025-26,222176,Christopher Nkunku,0,7.0,3.0,32.0,15.0,0.0,0.0
2025-26,387831,Christos Alexiou,0,0.0,0.0,0.0,0.0,0.0,0.0
2025-26,213725,Ché Adams,0,6.0,2.0,33.0,19.0,0.0,0.0
2025-26,287673,Corrie Ndaba,0,0.0,0.0,14.0,6.0,0.0,0.0
2025-26,330259,Cristian Volpato,0,2.0,4.0,24.0,11.0,0.0,0.0
2025-26,152044,Cristiano Biraghi,0,0.0,0.0,14.0,5.0,0.0,0.0
2025-26,404030,Cristiano De Paoli,0,0.0,0.0,0.0,0.0,0.0,0.0
2025-26,411275,Daniel Battistella,0,0.0,0.0,0.0,0.0,0.0,0.0
2025-26,307061,Daniel Boloca,0,0.0,0.0,2.0,2.0,0.0,0.0
2025-26,422030,Daniel Chiderah Ndulue,0,0.0,0.0,0.0,0.0,0.0,0.0
2025-26,390613,Daniel Denoon,0,0.0,0.0,2.0,2.0,0.0,0.0
2025-26,290545,Daniel Maldini,0,2.0,1.0,21.0,12.0,0.0,0.0
2025-26,290667,Daniel Mikolajewski,0,0.0,0.0,3.0,1.0,0.0,0.0
2025-26,236424,Daniel Mosquera,0,0.0,2.0,22.0,5.0,0.0,0.0
2025-26,296613,Daniel Oyegoke,0,0.0,0.0,15.0,8.0,0.0,0.0
2025-26,415700,Daniele Bleve,0,0.0,0.0,0.0,0.0,0.0,0.0
2025-26,340705,Daniele Ghilardi,0,0.0,0.0,23.0,9.0,0.0,0.0
2025-26,93816,Daniele Padelli,0,0.0,0.0,2.0,2.0,0.0,0.0
2025-26,181673,Daniele Rugani,0,0.0,0.0,12.0,7.0,0.0,0.0
2025-26,210391,Daniele Sommariva,0,0.0,0.0,2.0,1.0,0.0,0.0
2025-26,178627,Danilo Cataldi,0,3.0,3.0,27.0,24.0,0.0,0.0
2025-26,344844,Danilo Veiga,0,0.0,1.0,36.0,33.0,0.0,0.0
2025-26,235453,Dany Mota,0,5.0,2.0,34.0,26.0,0.0,0.0
2025-26,384170,Darryl Bakola,0,0.0,1.0,6.0,1.0,0.0,0.0
2025-26,245637,David Neres,0,3.0,3.0,16.0,10.0,0.0,0.0
2025-26,362411,David Odogu,0,0.0,0.0,2.0,0.0,0.0,0.0
2025-26,233087,David Okereke,0,2.0,0.0,10.0,3.0,0.0,0.0
2025-26,413630,David Spinelli,0,0.0,0.0,0.0,0.0,0.0,0.0
2025-26,108482,David de Gea,0,0.0,0.0,37.0,37.0,0.0,0.0
2025-26,418034,Davide Baroncioni,0,0.0,0.0,0.0,0.0,0.0,0.0
2025-26,345637,Davide Bartesaghi,0,2.0,0.0,31.0,27.0,0.0,0.0
2025-26,389432,Davide De Battisti,0,0.0,0.0,0.0,0.0,0.0,0.0
2025-26,250850,Davide Frattesi,0,0.0,0.0,22.0,3.0,0.0,0.0
2025-26,403466,Davide Pavesi,0,0.0,0.0,0.0,0.0,0.0,0.0
2025-26,182627,Davide Zappacosta,0,3.0,3.0,35.0,30.0,0.0,0.0
2025-26,250460,Demba Thiam,0,0.0,0.0,42.0,42.0,0.0,0.0
2025-26,213248,Denzel Dumfries,0,3.0,1.0,20.0,15.0,0.0,0.0
2025-26,297300,Devyne Rensch,0,1.0,4.0,24.0,12.0,0.0,0.0
2025-26,196860,Diego Carlos,0,1.0,0.0,27.0,21.0,0.0,0.0
2025-26,168453,Dodô,0,1.0,2.0,36.0,36.0,0.0,0.0
2025-26,276582,Domagoj Bradaric,0,0.0,1.0,29.0,23.0,0.0,0.0
2025-26,173817,Domenico Berardi,0,8.0,4.0,26.0,24.0,0.0,0.0
2025-26,388801,Dominic Vavassori,0,0.0,0.0,1.0,0.0,0.0,0.0
2025-26,417783,Dominik Drobnic,0,0.0,0.0,0.0,0.0,0.0,0.0
2025-26,259481,Donyell Malen,0,14.0,2.0,18.0,18.0,0.0,0.0
2025-26,235677,Dusan Vlahovic,0,7.0,1.0,19.0,11.0,0.0,0.0
2025-26,193644,Duván Zapata,0,3.0,1.0,28.0,11.0,0.0,0.0
2025-26,362776,Ebenezer Akinsanmiro,0,0.0,1.0,24.0,16.0,0.0,0.0
2025-26,390673,Eddy Kouadio,0,0.0,0.0,3.0,0.0,0.0,0.0
2025-26,290792,Edoardo Corvi,0,0.0,0.0,17.0,17.0,0.0,0.0
2025-26,181060,Edoardo Goldaniga,0,0.0,0.0,2.0,0.0,0.0,0.0
2025-26,307969,Edoardo Iannoni,0,1.0,0.0,15.0,1.0,0.0,0.0
2025-26,212186,Edoardo Masciangelo,0,0.0,0.0,9.0,4.0,0.0,0.0
2025-26,418042,Edoardo Morucci,0,0.0,0.0,0.0,0.0,0.0,0.0
2025-26,367320,Edoardo Motta,0,0.0,0.0,9.0,9.0,0.0,0.0
2025-26,333925,Edoardo Pieragnolo,0,0.0,0.0,0.0,0.0,0.0,0.0
2025-26,418181,Edoardo Sadotti,0,0.0,0.0,0.0,0.0,0.0,0.0
2025-26,414527,Edoardo Tigani,0,0.0,0.0,0.0,0.0,0.0,0.0
2025-26,290070,Edoardo Vergani,0,1.0,0.0,15.0,1.0,0.0,0.0
2025-26,260300,Edon Zhegrova,0,0.0,0.0,19.0,0.0,0.0,0.0
2025-26,361818,Eivind Helland,0,0.0,0.0,6.0,6.0,0.0,0.0
2025-26,333979,Eldin Lolic,0,0.0,0.0,0.0,0.0,0.0,0.0
2025-26,278987,Elia Caprile,0,0.0,0.0,38.0,38.0,0.0,0.0
2025-26,398034,Elia Plicco,0,0.0,0.0,0.0,0.0,0.0,0.0
2025-26,423026,Elia Spicuglia,0,0.0,0.0,0.0,0.0,0.0,0.0
2025-26,237435,Eljif Elmas,0,1.0,3.0,33.0,20.0,0.0,0.0
2025-26,167601,Elseid Hysaj,0,0.0,0.0,5.0,1.0,0.0,0.0
2025-26,403581,Eman Kospo,0,0.0,0.0,0.0,0.0,0.0,0.0
2025-26,414987,Emanuele Borsani,0,0.0,0.0,0.0,0.0,0.0,0.0
2025-26,409371,Emanuele Lulli,0,0.0,0.0,0.0,0.0,0.0,0.0
2025-26,408761,Emanuele Sala,0,0.0,0.0,0.0,0.0,0.0,0.0
2025-26,261274,Emanuele Valeri,0,0.0,2.0,34.0,29.0,0.0,0.0
2025-26,207834,Emil Audero,0,0.0,0.0,34.0,34.0,0.0,0.0
2025-26,229972,Emil Bohinen,0,0.0,0.0,11.0,1.0,0.0,0.0
2025-26,286814,Emil Holm,0,1.0,4.0,18.0,10.0,0.0,0.0
2025-26,330707,Emirhan Ilkhan,0,1.0,2.0,19.0,13.0,0.0,0.0
2025-26,416155,Emmanuele De Chiara,0,0.0,0.0,0.0,0.0,0.0,0.0
2025-26,272694,Enrico Del Prato,0,2.0,0.0,35.0,34.0,0.0,0.0
2025-26,276636,Enrique Perez,0,3.0,7.0,35.0,33.0,0.0,0.0
2025-26,242601,Enzo Ebosse,0,0.0,1.0,17.0,16.0,0.0,0.0
2025-26,410399,Ernestas Lysionok,0,0.0,0.0,0.0,0.0,0.0,0.0
2025-26,289645,Evan Ferguson,0,3.0,2.0,16.0,10.0,0.0,0.0
2025-26,242593,Evan Ndicka,0,3.0,0.0,31.0,31.0,0.0,0.0
2025-26,308082,Fabiano Parisi,0,1.0,1.0,23.0,18.0,0.0,0.0
2025-26,323975,Fabio Miretti,0,1.0,2.0,23.0,5.0,0.0,0.0
2025-26,287677,Fali Candé,0,0.0,0.0,12.0,5.0,0.0,0.0
2025-26,409507,Fallou Cham,0,0.0,0.0,6.0,3.0,0.0,0.0
2025-26,276160,Faris Moumbagna,0,0.0,0.0,5.0,0.0,0.0,0.0
2025-26,356536,Farès Ghedjemis,0,15.0,3.0,37.0,36.0,0.0,0.0
2025-26,282642,Faustino Anjorin,0,0.0,0.0,15.0,1.0,0.0,0.0
2025-26,324225,Federico Baschirotto,0,2.0,0.0,29.0,29.0,0.0,0.0
2025-26,180956,Federico Bernardeschi,0,4.0,2.0,29.0,12.0,0.0,0.0
2025-26,197062,Federico Bonazzoli,0,10.0,1.0,35.0,31.0,0.0,0.0
2025-26,388799,Federico Cassa,0,0.0,0.0,0.0,0.0,0.0,0.0
2025-26,153315,Federico Ceccherini,0,0.0,1.0,9.0,6.0,0.0,0.0
2025-26,194748,Federico Dimarco,0,7.0,17.0,35.0,30.0,0.0,0.0
2025-26,323147,Federico Gatti,0,2.0,0.0,21.0,12.0,0.0,0.0
2025-26,245626,Federico Ravaglia,0,0.0,0.0,17.0,16.0,0.0,0.0
2025-26,399454,Federico Serra,0,0.0,0.0,0.0,0.0,0.0,0.0
2025-26,320555,Felipe Loyola,0,1.0,0.0,11.0,6.0,0.0,0.0
2025-26,236210,Fikayo Tomori,0,0.0,2.0,33.0,31.0,0.0,0.0
2025-26,174496,Filip Kostic,0,3.0,1.0,18.0,4.0,0.0,0.0
2025-26,304928,Filip Marchwinski,0,0.0,0.0,0.0,0.0,0.0,0.0
2025-26,289560,Filip Stankovic,0,0.0,0.0,38.0,38.0,0.0,0.0
2025-26,302141,Filip Stojilkovic,0,0.0,0.0,13.0,8.0,0.0,0.0
2025-26,401483,Filippo Carbone,0,0.0,0.0,1.0,0.0,0.0,0.0
2025-26,250672,Filippo Delli Carri,0,3.0,1.0,36.0,24.0,0.0,0.0
2025-26,396888,Filippo Grosso,0,1.0,0.0,7.0,2.0,0.0,0.0
2025-26,297785,Filippo Rinaldi,0,0.0,0.0,1.0,1.0,0.0,0.0
2025-26,202335,Filippo Romagna,0,0.0,0.0,5.0,4.0,0.0,0.0
2025-26,303919,Filippo Terracciano,0,2.0,0.0,36.0,33.0,0.0,0.0
2025-26,295515,Fisayo Dele-Bashiru,0,1.0,0.0,24.0,11.0,0.0,0.0
2025-26,148842,Francesco Acerbi,0,0.0,0.0,18.0,15.0,0.0,0.0
2025-26,377563,Francesco Camarda,0,1.0,0.0,21.0,7.0,0.0,0.0
2025-26,418035,Francesco Castaldo,0,0.0,0.0,0.0,0.0,0.0,0.0
2025-26,154425,Francesco Coppola,0,0.0,0.0,7.0,5.0,0.0,0.0
2025-26,386293,Francesco Folino,0,1.0,0.0,18.0,7.0,0.0,0.0
2025-26,308276,Francesco Gelli,0,1.0,1.0,25.0,12.0,0.0,0.0
2025-26,388780,Francesco Minicangeli,0,0.0,0.0,0.0,0.0,0.0,0.0
2025-26,418086,Francesco Reita,0,0.0,0.0,0.0,0.0,0.0,0.0
2025-26,89216,Francesco Rossi,0,0.0,0.0,0.0,0.0,0.0,0.0
2025-26,416154,Francisco Baridó,0,0.0,0.0,0.0,0.0,0.0,0.0
2025-26,312659,Francisco Conceição,0,3.0,5.0,31.0,27.0,0.0,0.0
2025-26,308939,Franco Carboni,0,0.0,0.0,7.0,1.0,0.0,0.0
2025-26,271445,Franco Israel,0,0.0,0.0,9.0,9.0,0.0,0.0
2025-26,215721,Frank Anguissa,0,4.0,1.0,18.0,14.0,0.0,0.0
2025-26,255247,Gabriel Strefezza,0,2.0,2.0,14.0,13.0,0.0,0.0
2025-26,419203,Gabriele Bertolini,0,0.0,0.0,0.0,0.0,0.0,0.0
2025-26,346974,Gabriele Bracaglia,0,5.0,1.0,32.0,29.0,0.0,0.0
2025-26,352751,Gabriele Calvani,0,1.0,1.0,35.0,31.0,0.0,0.0
2025-26,417784,Gabriele Casentini,0,0.0,0.0,0.0,0.0,0.0,0.0
2025-26,324253,Gabriele Piccinini,0,0.0,0.0,25.0,5.0,0.0,0.0
2025-26,275943,Gabriele Zappa,0,0.0,3.0,31.0,18.0,0.0,0.0
2025-26,346283,Gaby Jean,0,0.0,0.0,7.0,1.0,0.0,0.0
2025-26,297786,Gaetano Oristanio,0,1.0,0.0,20.0,8.0,0.0,0.0
2025-26,383999,Gaël Lafont,0,0.0,0.0,1.0,0.0,0.0,0.0
2025-26,286948,Gennaro Borrelli,0,5.0,1.0,27.0,13.0,0.0,0.0
2025-26,236038,Giacomo Calo,0,10.0,15.0,37.0,37.0,0.0,0.0
2025-26,419966,Giacomo Giacomone,0,0.0,0.0,0.0,0.0,0.0,0.0
2025-26,271679,Giacomo Raspadori,0,3.0,1.0,13.0,7.0,0.0,0.0
2025-26,234305,Giacomo Satalino,0,0.0,0.0,0.0,0.0,0.0,0.0
2025-26,333377,Giacomo Toniolo,0,0.0,0.0,0.0,0.0,0.0,0.0
2025-26,408947,Gianluca Astaldi,0,0.0,0.0,0.0,0.0,0.0,0.0
2025-26,263705,Gianluca Busio,0,7.0,4.0,37.0,37.0,0.0,0.0
2025-26,276692,Gianluca Gaetano,0,2.0,4.0,33.0,21.0,0.0,0.0
2025-26,212597,Gianluca Mancini,0,4.0,2.0,36.0,36.0,0.0,0.0
2025-26,233140,Gianluca Scamacca,0,10.0,1.0,24.0,16.0,0.0,0.0
2025-26,356402,Gift Orban,0,7.0,2.0,28.0,23.0,0.0,0.0
2025-26,310770,Gioele Zacchi,0,0.0,0.0,1.0,0.0,0.0,0.0
2025-26,360714,Giorgi Kvernadze,0,5.0,5.0,36.0,32.0,0.0,0.0
2025-26,333598,Giorgio Cittadini,0,0.0,0.0,25.0,14.0,0.0,0.0
2025-26,398120,Giorgio De Marzi,0,0.0,0.0,0.0,0.0,0.0,0.0
2025-26,421668,Giorgio Puzzoli,0,0.0,0.0,0.0,0.0,0.0,0.0
2025-26,309812,Giorgio Scalvini,0,3.0,1.0,24.0,23.0,0.0,0.0
2025-26,423015,Giorgio Vezzosi,0,0.0,0.0,0.0,0.0,0.0,0.0
2025-26,339953,Giovane,0,3.0,5.0,33.0,21.0,0.0,0.0
2025-26,155904,Giovanni Di Lorenzo,0,2.0,1.0,26.0,26.0,0.0,0.0
2025-26,323118,Giovanni Fabbian,0,2.0,0.0,29.0,12.0,0.0,0.0
2025-26,189974,Giovanni Simeone,0,11.0,0.0,32.0,27.0,0.0,0.0
2025-26,408146,Giulio Vinciati,0,0.0,0.0,0.0,0.0,0.0,0.0
2025-26,292387,Giuseppe Ciocci,0,0.0,0.0,0.0,0.0,0.0,0.0
2025-26,224249,Giuseppe Pezzella,0,0.0,1.0,31.0,30.0,0.0,0.0
2025-26,200562,Guillermo Maripán,0,2.0,0.0,27.0,24.0,0.0,0.0
2025-26,292236,Guiseppe Caso,0,2.0,3.0,17.0,4.0,0.0,0.0
2025-26,291550,Gustav Isaksen,0,5.0,1.0,30.0,18.0,0.0,0.0
2025-26,338266,Gvidas Gineitis,0,0.0,1.0,29.0,23.0,0.0,0.0
2025-26,170785,Hakan Çalhanoglu,0,9.0,4.0,22.0,20.0,0.0,0.0
2025-26,286764,Hans Nicolussi Caviglia,0,0.0,4.0,26.0,17.0,0.0,0.0
2025-26,193919,Hassane Kamara,0,0.0,2.0,26.0,22.0,0.0,0.0
2025-26,366395,Henrik Meister,0,2.0,0.0,28.0,15.0,0.0,0.0
2025-26,147625,Henrikh Mkhitaryan,0,4.0,1.0,30.0,16.0,0.0,0.0
2025-26,382893,Henrique Menke,0,0.0,0.0,0.0,0.0,0.0,0.0
2025-26,386832,Henry Camara,0,0.0,0.0,0.0,0.0,0.0,0.0
2025-26,198980,Hernani,0,6.0,2.0,22.0,15.0,0.0,0.0
2025-26,388605,Honest Ahanor,0,0.0,0.0,22.0,15.0,0.0,0.0
2025-26,377170,Idrissa Gueye,0,1.0,0.0,19.0,1.0,0.0,0.0
2025-26,234951,Idrissa Touré,0,1.0,0.0,32.0,26.0,0.0,0.0
2025-26,292199,Ignace van der Brempt,0,0.0,1.0,20.0,11.0,0.0,0.0
2025-26,300001,Ilario Monterisi,0,2.0,5.0,25.0,24.0,0.0,0.0
2025-26,307971,Ilias Koutsoupias,0,8.0,4.0,34.0,30.0,0.0,0.0
2025-26,334364,Ioan Vermesan,0,0.0,0.0,6.0,0.0,0.0,0.0
2025-26,359418,Isaac,0,0.0,0.0,3.0,0.0,0.0,0.0
2025-26,312862,Isak Hien,0,1.0,0.0,28.0,20.0,0.0,0.0
2025-26,340184,Isak Vural,0,0.0,0.0,15.0,9.0,0.0,0.0
2025-26,325001,Ismaël Koné,0,6.0,0.0,35.0,33.0,0.0,0.0
2025-26,386592,Issa Doumbia,0,8.0,5.0,37.0,36.0,0.0,0.0
2025-26,357109,Issiaka Kamate,0,0.0,0.0,0.0,0.0,0.0,0.0
2025-26,260004,Ivan Ilic,0,0.0,0.0,8.0,5.0,0.0,0.0
2025-26,181836,Ivan Provedel,0,0.0,0.0,27.0,27.0,0.0,0.0
2025-26,323273,Ivan Smolcic,0,0.0,1.0,28.0,19.0,0.0,0.0
2025-26,407932,Ivan Sulev,0,0.0,0.0,0.0,0.0,0.0,0.0
2025-26,322311,Ivo Kaczmarski,0,0.0,0.0,0.0,0.0,0.0,0.0
2025-26,199850,Jack Harrison,0,1.0,3.0,15.0,10.0,0.0,0.0
2025-26,303648,Jacob Ondrejka,0,0.0,0.0,16.0,9.0,0.0,0.0
2025-26,380318,Jacobo Ramón,0,2.0,0.0,32.0,30.0,0.0,0.0
2025-26,333938,Jacopo Fazzini,0,0.0,0.0,20.0,5.0,0.0,0.0
2025-26,406448,Jacopo Gelli,0,0.0,0.0,17.0,8.0,0.0,0.0
2025-26,421509,Jacopo Grossi,0,0.0,0.0,1.0,0.0,0.0,0.0
2025-26,384831,Jacopo Mirra,0,0.0,0.0,0.0,0.0,0.0,0.0
2025-26,388367,Jacopo Sardo,0,0.0,0.0,0.0,0.0,0.0,0.0
2025-26,276267,Jakub Piotrowski,0,1.0,1.0,33.0,20.0,0.0,0.0
2025-26,165648,Jamie Vardy,0,7.0,2.0,29.0,24.0,0.0,0.0
2025-26,307391,Jamil Siebert,0,1.0,0.0,21.0,18.0,0.0,0.0
2025-26,364223,Jan Ziólkowski,0,0.0,0.0,18.0,5.0,0.0,0.0
2025-26,197345,Jari Vandeputte,0,1.0,5.0,32.0,23.0,0.0,0.0
2025-26,332018,Jasper Samooja,0,0.0,0.0,0.0,0.0,0.0,0.0
2025-26,395579,Javier Gil,0,0.0,0.0,0.0,0.0,0.0,0.0
2025-26,272873,Jay Idzes,0,0.0,0.0,35.0,35.0,0.0,0.0
2025-26,337858,Jayden Addai,0,3.0,0.0,12.0,7.0,0.0,0.0
2025-26,214740,Jean Butez,0,0.0,1.0,38.0,38.0,0.0,0.0
2025-26,302948,Jean Onana,0,0.0,0.0,3.0,0.0,0.0,0.0
2025-26,164519,Jean-Daniel Akpa Akpro,0,1.0,0.0,22.0,17.0,0.0,0.0
2025-26,388606,Jeff Ekhator,0,3.0,0.0,30.0,9.0,0.0,0.0
2025-26,423016,Jeffrey Baffoh,0,0.0,0.0,0.0,0.0,0.0,0.0
2025-26,238407,Jens Odgaard,0,5.0,1.0,26.0,16.0,0.0,0.0
2025-26,237055,Jesper Karlström,0,1.0,0.0,36.0,36.0,0.0,0.0
2025-26,387491,Jesús Rodriguez,0,2.0,9.0,31.0,18.0,0.0,0.0
2025-26,227697,Jhon Lucumí,0,1.0,0.0,29.0,26.0,0.0,0.0
2025-26,345152,Joel Schingtienne,0,1.0,2.0,35.0,35.0,0.0,0.0
2025-26,259975,Johan Vásquez,0,1.0,0.0,36.0,36.0,0.0,0.0
2025-26,265926,John Yeboah,0,10.0,9.0,34.0,31.0,0.0,0.0
2025-26,401482,Joi Nuredini,0,0.0,0.0,1.0,0.0,0.0,0.0
2025-26,118279,Jon Rowe,0,3.0,2.0,28.0,17.0,0.0,0.0
2025-26,273499,Jonathan David,0,6.0,4.0,35.0,20.0,0.0,0.0
2025-26,283171,Jordan Zemura,0,0.0,1.0,17.0,13.0,0.0,0.0
2025-26,240533,Josep Martínez,0,0.0,0.0,5.0,5.0,0.0,0.0
2025-26,407930,Joseph Liteta,0,0.0,0.0,4.0,4.0,0.0,0.0
2025-26,290418,Josh Doig,0,0.0,0.0,30.0,22.0,0.0,0.0
2025-26,139008,João Mário,0,1.0,0.0,20.0,12.0,0.0,0.0
2025-26,24412,Juan Cabal,0,2.0,0.0,12.0,2.0,0.0,0.0
2025-26,118986,Juan Cuadrado,0,1.0,0.0,19.0,2.0,0.0,0.0
2025-26,360207,Juan David Arizala,0,0.0,0.0,10.0,1.0,0.0,0.0
2025-26,170663,Juan Jesus,0,0.0,0.0,24.0,19.0,0.0,0.0
2025-26,261616,Juan Miranda,0,1.0,3.0,32.0,29.0,0.0,0.0
2025-26,361506,Juan Rodríguez,0,1.0,0.0,17.0,16.0,0.0,0.0
2025-26,384541,Junior Ajayi,0,0.0,0.0,1.0,0.0,0.0,0.0
2025-26,261054,Junior Messias,0,3.0,1.0,20.0,5.0,0.0,0.0
2025-26,270817,Jurgen Ekkelenkamp,0,5.0,3.0,31.0,27.0,0.0,0.0
2025-26,419225,Jurgen Peci,0,0.0,0.0,0.0,0.0,0.0,0.0
2025-26,205653,Justin Bijlow,0,0.0,0.0,16.0,16.0,0.0,0.0
2025-26,206153,Jérémie Boga,0,4.0,0.0,15.0,6.0,0.0,0.0
2025-26,376726,Jérémy Oyono,0,0.0,1.0,13.0,2.0,0.0,0.0
2025-26,303115,Kamaldeen Sulemana,0,2.0,1.0,25.0,9.0,0.0,0.0
2025-26,233654,Keinan Davis,0,10.0,4.0,30.0,27.0,0.0,0.0
2025-26,184883,Keita Baldé,0,2.0,2.0,21.0,11.0,0.0,0.0
2025-26,366509,Kenan Yildiz,0,10.0,6.0,36.0,33.0,0.0,0.0
2025-26,282228,Kenneth Taylor,0,3.0,2.0,17.0,17.0,0.0,0.0
2025-26,394492,Kevin Barcella,0,0.0,0.0,4.0,2.0,0.0,0.0
2025-26,134947,Kevin De Bruyne,0,5.0,2.0,18.0,13.0,0.0,0.0
2025-26,283139,Khéphren Thuram,0,3.0,3.0,35.0,30.0,0.0,0.0
2025-26,318604,Kialonda Gaspar,0,0.0,0.0,23.0,21.0,0.0,0.0
2025-26,283375,Kieron Bowie,0,4.0,0.0,14.0,14.0,0.0,0.0
2025-26,212476,Kingsley Ehizibue,0,2.0,0.0,32.0,20.0,0.0,0.0
2025-26,286582,Konan N’Dri,0,2.0,0.0,27.0,1.0,0.0,0.0
2025-26,309570,Koni De Winter,0,1.0,1.0,26.0,19.0,0.0,0.0
2025-26,226177,Kostas Tsimikas,0,0.0,0.0,18.0,6.0,0.0,0.0
2025-26,419949,Kris Gecaj,0,0.0,0.0,0.0,0.0,0.0,0.0
2025-26,284212,Kristian Thorstvedt,0,4.0,4.0,32.0,27.0,0.0,0.0
2025-26,267910,Lameck Banda,0,5.0,4.0,32.0,21.0,0.0,0.0
2025-26,418182,Lapo Deli,0,0.0,0.0,0.0,0.0,0.0,0.0
2025-26,333386,Lapo Nava,0,0.0,0.0,0.0,0.0,0.0,0.0
2025-26,367321,Lapo Siviero,0,0.0,0.0,0.0,0.0,0.0,0.0
2025-26,223947,Lassana Coulibaly,0,3.0,1.0,33.0,31.0,0.0,0.0
2025-26,219713,Lautaro Martínez,0,17.0,6.0,30.0,27.0,0.0,0.0
2025-26,281590,Lautaro Valenti,0,0.0,0.0,27.0,25.0,0.0,0.0
2025-26,303296,Lazar Samardzic,0,2.0,1.0,26.0,11.0,0.0,0.0
2025-26,347009,Lennon Miller,0,0.0,2.0,24.0,9.0,0.0,0.0
2025-26,281736,Leo Østigard,0,5.0,1.0,30.0,30.0,0.0,0.0
2025-26,409052,Leonardo Bovo,0,0.0,0.0,0.0,0.0,0.0,0.0
2025-26,353013,Leonardo Colombo,0,1.0,3.0,30.0,14.0,0.0,0.0
2025-26,162640,Leonardo Pavoletti,0,1.0,1.0,13.0,1.0,0.0,0.0
2025-26,148974,Leonardo Spinazzola,0,3.0,3.0,32.0,22.0,0.0,0.0
2025-26,202429,Lewis Ferguson,0,1.0,0.0,27.0,17.0,0.0,0.0
2025-26,259357,Lion Lauberbach,0,1.0,0.0,12.0,4.0,0.0,0.0
2025-26,243787,Lloyd Kelly,0,1.0,1.0,35.0,33.0,0.0,0.0
2025-26,387439,Lorenzo Anghelè,0,0.0,0.0,0.0,0.0,0.0,0.0
2025-26,303988,Lorenzo Bernasconi,0,0.0,3.0,23.0,17.0,0.0,0.0
2025-26,411286,Lorenzo Bonsignori Goggi,0,0.0,0.0,0.0,0.0,0.0,0.0
2025-26,297220,Lorenzo Colombo,0,7.0,1.0,38.0,30.0,0.0,0.0
2025-26,68070,Lorenzo De Silvestri,0,0.0,0.0,12.0,6.0,0.0,0.0
2025-26,407615,Lorenzo Gori,0,0.0,0.0,0.0,0.0,0.0,0.0
2025-26,367635,Lorenzo Lucchesi,0,1.0,0.0,32.0,19.0,0.0,0.0
2025-26,184737,Lorenzo Montipò,0,0.0,1.0,35.0,35.0,0.0,0.0
2025-26,413868,Lorenzo Nyarko,0,0.0,0.0,0.0,0.0,0.0,0.0
2025-26,325056,Lorenzo Palmisani,0,0.0,0.0,38.0,38.0,0.0,0.0
2025-26,204320,Lorenzo Pellegrini,0,4.0,2.0,24.0,20.0,0.0,0.0
2025-26,384305,Lorenzo Torriani,0,0.0,0.0,0.0,0.0,0.0,0.0
2025-26,387410,Lorenzo Tosi,0,0.0,0.0,0.0,0.0,0.0,0.0
2025-26,389431,Lorenzo Venturino,0,0.0,0.0,12.0,1.0,0.0,0.0
2025-26,357117,Lorran,0,1.0,0.0,9.0,0.0,0.0,0.0
2025-26,276265,Loïs Openda,0,1.0,0.0,24.0,6.0,0.0,0.0
2025-26,417248,Luca Barani,0,0.0,0.0,0.0,0.0,0.0,0.0
2025-26,418033,Luca Lai,0,0.0,0.0,0.0,0.0,0.0,0.0
2025-26,164581,Luca Lezzerini,0,0.0,0.0,1.0,0.0,0.0,0.0
2025-26,347408,Luca Lipani,0,0.0,1.0,24.0,10.0,0.0,0.0
2025-26,367690,Luca Marianucci,0,0.0,1.0,12.0,7.0,0.0,0.0
2025-26,197263,Luca Mazzitelli,0,2.0,2.0,18.0,9.0,0.0,0.0
2025-26,365990,Luca Monticelli,0,0.0,0.0,0.0,0.0,0.0,0.0
2025-26,278778,Luca Moro,0,0.0,0.0,14.0,1.0,0.0,0.0
2025-26,251144,Luca Pellegrini,0,1.0,0.0,24.0,17.0,0.0,0.0
2025-26,262481,Luca Ranieri,0,1.0,0.0,34.0,29.0,0.0,0.0
2025-26,219216,Luca Ravanelli,0,2.0,2.0,32.0,29.0,0.0,0.0
2025-26,405526,Luca Szimionas,0,0.0,0.0,0.0,0.0,0.0,0.0
2025-26,291285,Lucas Da Cunha,0,6.0,4.0,36.0,31.0,0.0,0.0
2025-26,286369,Luis Henrique,0,1.0,2.0,30.0,18.0,0.0,0.0
2025-26,76762,Luka Modric,0,2.0,3.0,34.0,32.0,0.0,0.0
2025-26,364026,Luka Topalovic,0,0.0,1.0,1.0,0.0,0.0,0.0
2025-26,421761,Lukas Klisys,0,0.0,0.0,0.0,0.0,0.0,0.0
2025-26,179358,Lukasz Skorupski,0,0.0,0.0,19.0,19.0,0.0,0.0
2025-26,362910,Luís Balbo,0,0.0,0.0,6.0,1.0,0.0,0.0
2025-26,261173,M'Bala Nzola,0,4.0,1.0,30.0,15.0,0.0,0.0
2025-26,295476,Maduka Okoye,0,0.0,0.0,30.0,30.0,0.0,0.0
2025-26,296312,Malthe Hojholt,0,0.0,0.0,17.0,9.0,0.0,0.0
2025-26,419268,Mamedi Doucouré,0,0.0,0.0,1.0,0.0,0.0,0.0
2025-26,316609,Mandela Keita,0,1.0,1.0,37.0,36.0,0.0,0.0
2025-26,257256,Manor Solomon,0,2.0,1.0,16.0,9.0,0.0,0.0
2025-26,285226,Manu Koné,0,2.0,3.0,29.0,28.0,0.0,0.0
2025-26,214562,Manuel Akanji,0,2.0,0.0,33.0,31.0,0.0,0.0
2025-26,241430,Manuel Lazzari,0,0.0,0.0,23.0,9.0,0.0,0.0
2025-26,217538,Manuel Locatelli,0,1.0,2.0,36.0,36.0,0.0,0.0
2025-26,175887,Marc-Oliver Kempf,0,4.0,1.0,34.0,27.0,0.0,0.0
2025-26,276237,Marco Brescianini,0,2.0,1.0,26.0,10.0,0.0,0.0
2025-26,284804,Marco Carnesecchi,0,0.0,0.0,37.0,37.0,0.0,0.0
2025-26,401046,Marco Cassin,0,0.0,0.0,0.0,0.0,0.0,0.0
2025-26,362486,Marco Palestra,0,1.0,4.0,37.0,34.0,0.0,0.0
2025-26,387435,Marco Romano,0,0.0,0.0,0.0,0.0,0.0,0.0
2025-26,125906,Marco Silvestri,0,0.0,0.0,4.0,4.0,0.0,0.0
2025-26,174915,Marco Sportiello,0,0.0,0.0,1.0,1.0,0.0,0.0
2025-26,129285,Marcus Holmgren Pedersen,0,1.0,2.0,29.0,23.0,0.0,0.0
2025-26,217331,Marcus Thuram,0,13.0,6.0,29.0,24.0,0.0,0.0
2025-26,366526,Mariano Troilo,0,1.0,0.0,21.0,18.0,0.0,0.0
2025-26,255650,Marin Pongracic,0,0.0,0.0,35.0,33.0,0.0,0.0
2025-26,228328,Marin Sverko,0,0.0,2.0,25.0,22.0,0.0,0.0
2025-26,324097,Mario Gila,0,0.0,0.0,31.0,31.0,0.0,0.0
2025-26,222529,Mario Hermoso,0,3.0,2.0,28.0,26.0,0.0,0.0
2025-26,189668,Mario Pasalic,0,3.0,4.0,33.0,21.0,0.0,0.0
2025-26,250402,Marius Marin,0,0.0,0.0,23.0,18.0,0.0,0.0
2025-26,326032,Marko Farji,0,0.0,0.0,2.0,0.0,0.0,0.0
2025-26,145165,Marlon Mena,0,0.0,0.0,0.0,0.0,0.0,0.0
2025-26,146335,Marten de Roon,0,1.0,2.0,34.0,32.0,0.0,0.0
2025-26,311475,Martin Baturina,0,6.0,3.0,29.0,17.0,0.0,0.0
2025-26,253960,Martin Frese,0,2.0,0.0,31.0,27.0,0.0,0.0
2025-26,309110,Martin Vitík,0,0.0,0.0,19.0,14.0,0.0,0.0
2025-26,262565,Martín Payero,0,1.0,0.0,25.0,16.0,0.0,0.0
2025-26,388880,Massimo Pessina,0,0.0,0.0,4.0,3.0,0.0,0.0
2025-26,324994,Massimo Zilli,0,2.0,4.0,34.0,7.0,0.0,0.0
2025-26,312757,Mateo Pellegrino,0,9.0,1.0,37.0,34.0,0.0,0.0
2025-26,410798,Mathias Ferrante,0,0.0,0.0,0.0,0.0,0.0,0.0
2025-26,416515,Mathis Mout,0,0.0,0.0,0.0,0.0,0.0,0.0
2025-26,234881,Mathías Olivera,0,0.0,0.0,25.0,15.0,0.0,0.0
2025-26,310860,Matija Frigan,0,0.0,0.0,0.0,0.0,0.0,0.0
2025-26,163990,Matteo Bianchetti,0,0.0,2.0,28.0,26.0,0.0,0.0
2025-26,308944,Matteo Cancellieri,0,4.0,2.0,30.0,21.0,0.0,0.0
2025-26,388779,Matteo Cichella,0,2.0,4.0,36.0,23.0,0.0,0.0
2025-26,387835,Matteo Cocchi,0,0.0,0.0,1.0,0.0,0.0,0.0
2025-26,366972,Matteo Dagasso,0,3.0,4.0,30.0,20.0,0.0,0.0
2025-26,91873,Matteo Darmian,0,0.0,0.0,6.0,2.0,0.0,0.0
2025-26,415168,Matteo Franceschelli,0,0.0,0.0,0.0,0.0,0.0,0.0
2025-26,408851,Matteo Fuscaldo,0,0.0,0.0,0.0,0.0,0.0,0.0
2025-26,255922,Matteo Gabbia,0,0.0,0.0,30.0,28.0,0.0,0.0
2025-26,145138,Matteo Grandi,0,0.0,0.0,0.0,0.0,0.0,0.0
2025-26,402778,Matteo Lavelli,0,0.0,0.0,1.0,0.0,0.0,0.0
2025-26,418961,Matteo Luppichini,0,0.0,0.0,0.0,0.0,0.0,0.0
2025-26,409879,Matteo Obleac,0,0.0,0.0,0.0,0.0,0.0,0.0
2025-26,411276,Matteo Papaccioli,0,0.0,0.0,0.0,0.0,0.0,0.0
2025-26,224455,Matteo Pessina,0,5.0,1.0,37.0,37.0,0.0,0.0
2025-26,198150,Matteo Pisseri,0,0.0,0.0,1.0,0.0,0.0,0.0
2025-26,407906,Matteo Pittarella,0,0.0,0.0,0.0,0.0,0.0,0.0
2025-26,188306,Matteo Politano,0,2.0,5.0,34.0,26.0,0.0,0.0
2025-26,107960,Matteo Prati,0,1.0,1.0,33.0,22.0,0.0,0.0
2025-26,402511,Matteo Spinaccè,0,0.0,0.0,0.0,0.0,0.0,0.0
2025-26,411233,Matteo Toci,0,0.0,0.0,0.0,0.0,0.0,0.0
2025-26,260237,Matteo Tramoni,0,2.0,2.0,27.0,21.0,0.0,0.0
2025-26,304279,Mattia Compagnon,0,2.0,1.0,18.0,4.0,0.0,0.0
2025-26,384836,Mattia Della Rocca,0,0.0,0.0,0.0,0.0,0.0,0.0
2025-26,285937,Mattia Felici,0,2.0,1.0,12.0,4.0,0.0,0.0
2025-26,419202,Mattia Magalotti,0,0.0,0.0,0.0,0.0,0.0,0.0
2025-26,409051,Mattia Mosconi,0,0.0,0.0,2.0,0.0,0.0,0.0
2025-26,416520,Mattia Pellini,0,0.0,0.0,0.0,0.0,0.0,0.0
2025-26,146683,Mattia Perin,0,0.0,0.0,9.0,9.0,0.0,0.0
2025-26,204669,Mattia Zaccagni,0,3.0,0.0,26.0,26.0,0.0,0.0
2025-26,323974,Matìas Soulè,0,6.0,5.0,33.0,28.0,0.0,0.0
2025-26,386020,Matías Pérez,0,0.0,0.0,1.0,1.0,0.0,0.0
2025-26,115025,Mauro Vigorito,0,0.0,0.0,0.0,0.0,0.0,0.0
2025-26,265912,Maxence Caqueret,0,2.0,6.0,30.0,17.0,0.0,0.0
2025-26,187411,Maxwel Cornet,0,0.0,0.0,8.0,1.0,0.0,0.0
2025-26,341756,Medon Berisha,0,2.0,3.0,13.0,12.0,0.0,0.0
2025-26,256212,Mehdi Léris,0,2.0,3.0,34.0,21.0,0.0,0.0
2025-26,252385,Michael Folorunsho,0,2.0,0.0,27.0,24.0,0.0,0.0
2025-26,289942,Michael Svoboda,0,3.0,2.0,29.0,28.0,0.0,0.0
2025-26,278809,Michael Venturi,0,0.0,0.0,8.0,2.0,0.0,0.0
2025-26,272745,Michel Adopo,0,1.0,2.0,38.0,33.0,0.0,0.0
2025-26,245623,Michel Aebischer,0,1.0,2.0,35.0,33.0,0.0,0.0
2025-26,277475,Michele Collocolo,0,0.0,0.0,8.0,5.0,0.0,0.0
2025-26,240055,Michele Di Gregorio,0,0.0,0.0,30.0,29.0,0.0,0.0
2025-26,290044,Miguel Gutiérrez,0,1.0,1.0,28.0,15.0,0.0,0.0
2025-26,324256,Mikael Ellertsson,0,1.0,1.0,36.0,31.0,0.0,0.0
2025-26,297344,Mikayil Faye,0,0.0,0.0,8.0,2.0,0.0,0.0
2025-26,189026,Mike Maignan,0,0.0,0.0,37.0,37.0,0.0,0.0
2025-26,116477,Milan Djuric,0,0.0,1.0,23.0,3.0,0.0,0.0
2025-26,238798,Mile Svilar,0,0.0,0.0,38.0,38.0,0.0,0.0
2025-26,411278,Mirko Castagnini,0,0.0,0.0,0.0,0.0,0.0,0.0
2025-26,191239,Mirko Maric,0,1.0,0.0,13.0,3.0,0.0,0.0
2025-26,267573,Mitchel Bakker,0,0.0,0.0,1.0,0.0,0.0,0.0
2025-26,257368,Moatasem Al-Musrati,0,0.0,1.0,18.0,8.0,0.0,0.0
2025-26,421698,Mohamed Seck,0,0.0,0.0,0.0,0.0,0.0,0.0
2025-26,248633,Moise Kean,0,8.0,1.0,26.0,23.0,0.0,0.0
2025-26,270884,Morten Frendrup,0,1.0,0.0,36.0,35.0,0.0,0.0
2025-26,202686,Morten Thorsby,0,3.0,1.0,24.0,16.0,0.0,0.0
2025-26,415750,Muhammed Bah,0,0.0,0.0,0.0,0.0,0.0,0.0
2025-26,411234,Muhammed Colley,0,0.0,0.0,0.0,0.0,0.0,0.0
2025-26,309241,Máximo Perrone,0,3.0,4.0,36.0,33.0,0.0,0.0
2025-26,221436,Mërgim Vojvoda,0,2.0,2.0,30.0,19.0,0.0,0.0
2025-26,291560,Nadir Zortea,0,0.0,2.0,32.0,16.0,0.0,0.0
2025-26,223645,Nahuel Estévez,0,0.0,1.0,32.0,9.0,0.0,0.0
2025-26,323807,Neil El Aynaoui,0,1.0,2.0,25.0,8.0,0.0,0.0
2025-26,135743,Nemanja Matic,0,1.0,1.0,34.0,31.0,0.0,0.0
2025-26,361749,Nesta Elphege,0,2.0,1.0,9.0,2.0,0.0,0.0
2025-26,290074,Niccolò Corrado,0,3.0,0.0,16.0,5.0,0.0,0.0
2025-26,384300,Niccolò Fortini,0,0.0,0.0,16.0,2.0,0.0,0.0
2025-26,360235,Niccolò Pisilli,0,2.0,4.0,25.0,13.0,0.0,0.0
2025-26,397463,Niccolò Rizzo,0,0.0,0.0,0.0,0.0,0.0,0.0
2025-26,170257,Niclas Füllkrug,0,1.0,0.0,20.0,3.0,0.0,0.0
2025-26,337970,Nico Paz,0,12.0,6.0,35.0,33.0,0.0,0.0
2025-26,411232,Nicola Grandu,0,0.0,0.0,0.0,0.0,0.0,0.0
2025-26,151649,Nicola Leali,0,0.0,0.0,22.0,21.0,0.0,0.0
2025-26,288488,Nicola Zalewski,0,2.0,4.0,33.0,24.0,0.0,0.0
2025-26,308288,Nicolas Galazzi,0,0.0,0.0,11.0,4.0,0.0,0.0
2025-26,260262,Nicolas Kühn,0,1.0,1.0,23.0,6.0,0.0,0.0
2025-26,250707,Nicolo Casale,0,0.0,0.0,12.0,8.0,0.0,0.0
2025-26,421855,Nicolo Pannozzo,0,0.0,0.0,0.0,0.0,0.0,0.0
2025-26,318084,Nicolás Valentini,0,0.0,0.0,21.0,15.0,0.0,0.0
2025-26,417604,Nicolò Ballabio,0,0.0,0.0,0.0,0.0,0.0,0.0
2025-26,204441,Nicolò Barella,0,3.0,8.0,34.0,31.0,0.0,0.0
2025-26,319437,Nicolò Bertola,0,0.0,1.0,28.0,18.0,0.0,0.0
2025-26,287790,Nicolò Cambiaghi,0,3.0,4.0,28.0,17.0,0.0,0.0
2025-26,276254,Nicolò Fagioli,0,2.0,3.0,33.0,30.0,0.0,0.0
2025-26,285969,Nicolò Rovella,0,0.0,1.0,11.0,6.0,0.0,0.0
2025-26,251388,Nicolò Zaniolo,0,5.0,6.0,32.0,28.0,0.0,0.0
2025-26,298030,Niels Nkounkou,0,0.0,1.0,11.0,3.0,0.0,0.0
2025-26,198082,Nikita Contini,0,0.0,0.0,1.0,0.0,0.0,0.0
2025-26,391033,Niko Kovac,0,0.0,0.0,0.0,0.0,0.0,0.0
2025-26,306267,Nikola Cavlina,0,0.0,0.0,0.0,0.0,0.0,0.0
2025-26,258158,Nikola Krstovic,0,10.0,5.0,33.0,18.0,0.0,0.0
2025-26,228333,Nikola Moro,0,2.0,0.0,30.0,19.0,0.0,0.0
2025-26,304512,Nikola Stulic,0,4.0,0.0,34.0,20.0,0.0,0.0
2025-26,206378,Nikola Vlasic,0,8.0,3.0,37.0,36.0,0.0,0.0
2025-26,380679,Nils Zätterström,0,0.0,0.0,3.0,2.0,0.0,0.0
2025-26,301377,Noel Törnqvist,0,0.0,0.0,0.0,0.0,0.0,0.0
2025-26,421382,Nouroudine Faye,0,0.0,0.0,0.0,0.0,0.0,0.0
2025-26,288901,Nuno Tavares,0,0.0,0.0,23.0,17.0,0.0,0.0
2025-26,256106,Nunzio Lella,0,0.0,1.0,19.0,1.0,0.0,0.0
2025-26,166333,Nícolas Andrade,0,0.0,0.0,6.0,6.0,0.0,0.0
2025-26,284822,Odilon Kossounou,0,1.0,0.0,19.0,10.0,0.0,0.0
2025-26,306579,Oier Zarraga,0,0.0,0.0,24.0,2.0,0.0,0.0
2025-26,374812,Olaf Gorter,0,0.0,0.0,2.0,0.0,0.0,0.0
2025-26,249668,Oliver Christensen,0,0.0,0.0,1.0,1.0,0.0,0.0
2025-26,333311,Oliver Provstgaard,0,0.0,0.0,26.0,13.0,0.0,0.0
2025-26,297751,Oliver Sørensen,0,1.0,1.0,34.0,19.0,0.0,0.0
2025-26,325554,Omari Forson,0,0.0,0.0,0.0,0.0,0.0,0.0
2025-26,326642,Omri Gandelman,0,2.0,1.0,19.0,10.0,0.0,0.0
2025-26,384126,Othniël Raterink,0,0.0,0.0,1.0,0.0,0.0,0.0
2025-26,334793,Oumar Ngom,0,0.0,0.0,15.0,10.0,0.0,0.0
2025-26,261066,Oumar Solet,0,3.0,1.0,35.0,34.0,0.0,0.0
2025-26,260188,Pasquale Mazzocchi,0,0.0,1.0,16.0,2.0,0.0,0.0
2025-26,169818,Patric,0,0.0,0.0,14.0,6.0,0.0,0.0
2025-26,192743,Patrick Ciurria,0,1.0,3.0,28.0,18.0,0.0,0.0
2025-26,238885,Patrick Cutrone,0,6.0,3.0,20.0,17.0,0.0,0.0
2025-26,346840,Patrizio Masini,0,0.0,1.0,28.0,13.0,0.0,0.0
2025-26,418819,Paul Mendy,0,2.0,0.0,9.0,3.0,0.0,0.0
2025-26,198799,Paulo Azzi,0,5.0,6.0,38.0,37.0,0.0,0.0
2025-26,164839,Paulo Dybala,0,2.0,6.0,22.0,15.0,0.0,0.0
2025-26,114032,Pedro,0,5.0,2.0,29.0,9.0,0.0,0.0
2025-26,361455,Pedro Felipe,0,0.0,1.0,3.0,1.0,0.0,0.0
2025-26,131209,Pedro Obiang,0,2.0,2.0,35.0,29.0,0.0,0.0
2025-26,214689,Pervis Estupiñán,0,1.0,1.0,19.0,13.0,0.0,0.0
2025-26,415747,Petar Markovic,0,0.0,0.0,0.0,0.0,0.0,0.0
2025-26,342136,Petar Ratkov,0,0.0,0.0,8.0,2.0,0.0,0.0
2025-26,341494,Petar Sucic,0,2.0,2.0,34.0,21.0,0.0,0.0
2025-26,418183,Piergiorgio Bonanno,0,0.0,0.0,0.0,0.0,0.0,0.0
2025-26,206587,Pierluigi Gollini,0,0.0,0.0,0.0,0.0,0.0,0.0
2025-26,290129,Pierre Kalulu,0,2.0,4.0,37.0,37.0,0.0,0.0
2025-26,378618,Pietro Comi,0,0.0,0.0,0.0,0.0,0.0,0.0
2025-26,367168,Pietro Comuzzo,0,1.0,0.0,27.0,18.0,0.0,0.0
2025-26,399317,Pietro Leonardelli,0,0.0,0.0,0.0,0.0,0.0,0.0
2025-26,143100,Pietro Terracciano,0,0.0,0.0,2.0,1.0,0.0,0.0
2025-26,362674,Pio Esposito,0,7.0,3.0,35.0,15.0,0.0,0.0
2025-26,421471,Piotr Pardel,0,0.0,0.0,0.0,0.0,0.0,0.0
2025-26,177782,Piotr Zielinski,0,6.0,3.0,34.0,22.0,0.0,0.0
2025-26,409073,Plamen Penev,0,0.0,0.0,0.0,0.0,0.0,0.0
2025-26,239918,Pol Lirola,0,0.0,0.0,6.0,3.0,0.0,0.0
2025-26,253569,Pontus Almqvist,0,0.0,1.0,13.0,4.0,0.0,0.0
2025-26,408132,Radoslaw Zelezny,0,0.0,0.0,0.0,0.0,0.0,0.0
2025-26,258917,Rafael Leão,0,9.0,3.0,29.0,23.0,0.0,0.0
2025-26,304217,Rafael Obrador,0,1.0,3.0,16.0,14.0,0.0,0.0
2025-26,181322,Raffaele Di Gennaro,0,0.0,0.0,1.0,0.0,0.0,0.0
2025-26,418135,Raffaele Huli,0,0.0,0.0,0.0,0.0,0.0,0.0
2025-26,364590,Rafik Belghali,0,2.0,0.0,26.0,22.0,0.0,0.0
2025-26,358249,Rafiu Durosinmi,0,1.0,1.0,12.0,4.0,0.0,0.0
2025-26,268452,Raoul Bellanova,0,0.0,1.0,24.0,15.0,0.0,0.0
2025-26,309273,Rasmus Højlund,0,12.0,5.0,33.0,32.0,0.0,0.0
2025-26,302721,Razvan Sava,0,0.0,0.0,7.0,6.0,0.0,0.0
2025-26,41970,Raúl Albiol,0,0.0,1.0,8.0,5.0,0.0,0.0
2025-26,345323,Reda Belahyane,0,0.0,2.0,13.0,5.0,0.0,0.0
2025-26,399540,Relja Obric,0,0.0,0.0,0.0,0.0,0.0,0.0
2025-26,152600,Remo Freuler,0,1.0,2.0,29.0,26.0,0.0,0.0
2025-26,416531,Rendijs Mihelsons,0,0.0,0.0,0.0,0.0,0.0,0.0
2025-26,408385,Riccardo Braschi,0,0.0,0.0,2.0,1.0,0.0,0.0
2025-26,422244,Riccardo Cassano,0,0.0,0.0,0.0,0.0,0.0,0.0
2025-26,422122,Riccardo Gnudi,0,0.0,0.0,0.0,0.0,0.0,0.0
2025-26,227272,Riccardo Marchizza,0,1.0,1.0,14.0,7.0,0.0,0.0
2025-26,234426,Riccardo Orsolini,0,10.0,1.0,35.0,26.0,0.0,0.0
2025-26,421739,Riccardo Radu,0,0.0,0.0,0.0,0.0,0.0,0.0
2025-26,262480,Riccardo Sottil,0,1.0,2.0,21.0,13.0,0.0,0.0
2025-26,345713,Richie Sagrado,0,1.0,1.0,29.0,12.0,0.0,0.0
2025-26,181192,Ridgeciano Haps,0,5.0,3.0,25.0,13.0,0.0,0.0
2025-26,387036,Riyad Idrissi,0,2.0,0.0,23.0,4.0,0.0,0.0
2025-26,411269,Roberto D'Intino,0,0.0,0.0,0.0,0.0,0.0,0.0
2025-26,193977,Roberto Gagliardini,0,1.0,0.0,29.0,25.0,0.0,0.0
2025-26,419558,Roberto Malfitano,0,0.0,0.0,0.0,0.0,0.0,0.0
2025-26,285438,Roberto Piccoli,0,4.0,1.0,32.0,16.0,0.0,0.0
2025-26,198087,Robin Gosens,0,3.0,1.0,26.0,24.0,0.0,0.0
2025-26,377894,Robinio Vaz,0,1.0,0.0,12.0,0.0,0.0,0.0
2025-26,210392,Rolando Mandragora,0,7.0,3.0,34.0,30.0,0.0,0.0
2025-26,330041,Romano Floriani,0,0.0,1.0,28.0,12.0,0.0,0.0
2025-26,139437,Romelu Lukaku,0,1.0,0.0,5.0,0.0,0.0,0.0
2025-26,382742,Rosen Bozhinov,0,0.0,0.0,9.0,8.0,0.0,0.0
2025-26,409064,Rosindo Zanni,0,0.0,0.0,0.0,0.0,0.0,0.0
2025-26,411277,Ruben Akalé,0,0.0,0.0,0.0,0.0,0.0,0.0
2025-26,186505,Ruben Loftus-Cheek,0,3.0,1.0,28.0,12.0,0.0,0.0
2025-26,208789,Ruslan Malinovskyi,0,6.0,3.0,34.0,28.0,0.0,0.0
2025-26,314403,Saba Sazonov,0,0.0,0.0,0.0,0.0,0.0,0.0
2025-26,324661,Sadik Fofana,0,0.0,0.0,5.0,1.0,0.0,0.0
2025-26,421785,Salvatore Cianciulli,0,0.0,0.0,0.0,0.0,0.0,0.0
2025-26,261594,Sam Beukema,0,2.0,0.0,24.0,18.0,0.0,0.0
2025-26,191102,Samuel Gigot,0,0.0,0.0,0.0,0.0,0.0,0.0
2025-26,341273,Samuel Iling-Junior,0,0.0,0.0,5.0,1.0,0.0,0.0
2025-26,324765,Samuele Angori,0,0.0,2.0,35.0,30.0,0.0,0.0
2025-26,248440,Samuele Birindelli,0,5.0,2.0,37.0,33.0,0.0,0.0
2025-26,409063,Samuele Capolupo,0,0.0,0.0,1.0,0.0,0.0,0.0
2025-26,418184,Samuele Pisati,0,0.0,0.0,0.0,0.0,0.0,0.0
2025-26,276822,Samuele Ricci,0,1.0,4.0,31.0,11.0,0.0,0.0
2025-26,219725,Sandi Lovric,0,0.0,1.0,14.0,4.0,0.0,0.0
2025-26,245538,Sandro Kulenovic,0,0.0,1.0,13.0,3.0,0.0,0.0
2025-26,250284,Santiago Castro,0,7.0,2.0,35.0,26.0,0.0,0.0
2025-26,260775,Santiago Gimenez,0,0.0,1.0,16.0,11.0,0.0,0.0
2025-26,288429,Santiago Pierotti,0,1.0,2.0,37.0,31.0,0.0,0.0
2025-26,369003,Saná Fernandes,0,0.0,0.0,0.0,0.0,0.0,0.0
2025-26,396009,Sascha Britschgi,0,0.0,2.0,29.0,22.0,0.0,0.0
2025-26,409062,Saverio Domanico,0,0.0,0.0,0.0,0.0,0.0,0.0
2025-26,274258,Saúl Coco,0,1.0,1.0,35.0,35.0,0.0,0.0
2025-26,255850,Scott McTominay,0,10.0,3.0,33.0,31.0,0.0,0.0
2025-26,170553,Sead Kolasinac,0,0.0,0.0,19.0,15.0,0.0,0.0
2025-26,350205,Sebastian Otoa,0,0.0,0.0,13.0,9.0,0.0,0.0
2025-26,288483,Sebastian Walukiewicz,0,0.0,1.0,34.0,33.0,0.0,0.0
2025-26,286929,Sebastiano Esposito,0,7.0,5.0,36.0,34.0,0.0,0.0
2025-26,192573,Sebastiano Luperto,0,1.0,1.0,34.0,34.0,0.0,0.0
2025-26,288912,Seid Korac,0,1.0,1.0,18.0,11.0,0.0,0.0
2025-26,345212,Semih Kiliçsoy,0,4.0,0.0,22.0,11.0,0.0,0.0
2025-26,270186,Semuel Pizzignacco,0,0.0,0.0,0.0,0.0,0.0,0.0
2025-26,387841,Sergej Levak,0,0.0,0.0,0.0,0.0,0.0,0.0
2025-26,150225,Sergi Roberto,0,0.0,0.0,20.0,5.0,0.0,0.0
2025-26,285667,Sergio Kalaj,0,0.0,0.0,0.0,0.0,0.0,0.0
2025-26,389461,Sergiu Perciun,0,0.0,0.0,0.0,0.0,0.0,0.0
2025-26,347409,Seydou Fini,0,1.0,1.0,8.0,2.0,0.0,0.0
2025-26,275015,Simon Sohm,0,0.0,1.0,28.0,18.0,0.0,0.0
2025-26,267942,Simone Canestrelli,0,1.0,0.0,37.0,36.0,0.0,0.0
2025-26,412248,Simone Cinquegrano,0,0.0,0.0,0.0,0.0,0.0,0.0
2025-26,421697,Simone Lottici Tessadri,0,0.0,0.0,1.0,0.0,0.0,0.0
2025-26,418037,Simone Negri,0,0.0,0.0,0.0,0.0,0.0,0.0
2025-26,186232,Simone Perilli,0,0.0,0.0,3.0,3.0,0.0,0.0
2025-26,354804,Simone Scaglia,0,0.0,0.0,0.0,0.0,0.0,0.0
2025-26,181784,Simone Scuffet,0,0.0,0.0,7.0,7.0,0.0,0.0
2025-26,188412,Stanislav Lobotka,0,1.0,1.0,32.0,29.0,0.0,0.0
2025-26,141443,Stefan de Vrij,0,0.0,0.0,11.0,8.0,0.0,0.0
2025-26,414157,Stefano Mangiapoco,0,0.0,0.0,0.0,0.0,0.0,0.0
2025-26,192242,Stefano Minelli,0,0.0,0.0,0.0,0.0,0.0,0.0
2025-26,207874,Stefano Moreo,0,7.0,1.0,37.0,29.0,0.0,0.0
2025-26,177862,Stefano Sabelli,0,0.0,0.0,16.0,12.0,0.0,0.0
2025-26,261399,Stefano Turati,0,0.0,0.0,6.0,6.0,0.0,0.0
2025-26,130036,Stephan El Shaarawy,0,1.0,2.0,20.0,5.0,0.0,0.0
2025-26,290375,Strahinja Pavlovic,0,5.0,1.0,34.0,33.0,0.0,0.0
2025-26,227053,Suat Serdar,0,2.0,0.0,20.0,12.0,0.0,0.0
2025-26,347018,Sulemana,0,1.0,0.0,19.0,7.0,0.0,0.0
2025-26,318390,Tarik Muharemovic,0,2.0,2.0,32.0,32.0,0.0,0.0
2025-26,276039,Tariq Lamptey,0,0.0,0.0,2.0,1.0,0.0,0.0
2025-26,258968,Teun Koopmeiners,0,0.0,0.0,33.0,18.0,0.0,0.0
2025-26,266280,Thijs Dallinga,0,2.0,2.0,23.0,9.0,0.0,0.0
2025-26,387830,Thomas Berenbruch,0,0.0,0.0,0.0,0.0,0.0,0.0
2025-26,99909,Thomas Kristensen,0,3.0,0.0,28.0,28.0,0.0,0.0
2025-26,275227,Thorir Johann Helgason,0,0.0,0.0,8.0,1.0,0.0,0.0
2025-26,379865,Tiago Gabriel,0,2.0,0.0,37.0,36.0,0.0,0.0
2025-26,323113,Tijjani Noslin,0,4.0,2.0,29.0,9.0,0.0,0.0
2025-26,341268,Tobias Slotsager,0,0.0,0.0,8.0,4.0,0.0,0.0
2025-26,221057,Toma Basic,0,2.0,3.0,23.0,23.0,0.0,0.0
2025-26,309518,Tommaso Baldanzi,0,1.0,2.0,18.0,8.0,0.0,0.0
2025-26,297783,Tommaso Barbieri,0,0.0,1.0,29.0,18.0,0.0,0.0
2025-26,389463,Tommaso Gabellini,0,0.0,0.0,0.0,0.0,0.0,0.0
2025-26,418075,Tommaso Guizzo,0,0.0,0.0,0.0,0.0,0.0,0.0
2025-26,415197,Tommaso Macchioni,0,0.0,0.0,1.0,1.0,0.0,0.0
2025-26,276654,Tommaso Pobega,0,3.0,1.0,26.0,17.0,0.0,0.0
2025-26,423025,Tommaso Vigilati,0,0.0,0.0,0.0,0.0,0.0,0.0
2025-26,301665,Tomás Suslov,0,0.0,0.0,11.0,5.0,0.0,0.0
2025-26,272867,Torbjørn Heggem,0,0.0,0.0,27.0,23.0,0.0,0.0
2025-26,410822,Ukko Happonen,0,0.0,0.0,0.0,0.0,0.0,0.0
2025-26,220718,Ulisses Garcia,0,1.0,2.0,13.0,10.0,0.0,0.0
2025-26,274733,Valentin Antov,0,0.0,0.0,2.0,0.0,0.0,0.0
2025-26,303001,Valentino Lazaro,0,0.0,2.0,31.0,26.0,0.0,0.0
2025-26,409491,Valeri Vladimirov,0,0.0,0.0,0.0,0.0,0.0,0.0
2025-26,411164,Valerio Farcomeni,0,0.0,0.0,0.0,0.0,0.0,0.0
2025-26,219531,Vanja Milinkovic-Savic,0,0.0,1.0,27.0,27.0,0.0,0.0
2025-26,344917,Vasilije Adzic,0,1.0,0.0,10.0,1.0,0.0,0.0
2025-26,241138,Victor Nelsson,0,0.0,0.0,38.0,37.0,0.0,0.0
2025-26,403806,Vincenzo Prisco,0,0.0,0.0,0.0,0.0,0.0,0.0
2025-26,126843,Vincenzo Sarno,0,0.0,0.0,0.0,0.0,0.0,0.0
2025-26,403234,Vitinha,0,5.0,1.0,35.0,28.0,0.0,0.0
2025-26,292241,Walid Cheddira,0,4.0,1.0,33.0,12.0,0.0,0.0
2025-26,305672,Warren Bondo,0,0.0,0.0,27.0,22.0,0.0,0.0
2025-26,421510,Wedtoin Ouedraogo,0,0.0,0.0,2.0,0.0,0.0,0.0
2025-26,332354,Wesley,0,5.0,0.0,30.0,28.0,0.0,0.0
2025-26,256715,Weston McKennie,0,5.0,5.0,36.0,32.0,0.0,0.0
2025-26,384835,William Feola,0,0.0,0.0,0.0,0.0,0.0,0.0
2025-26,417402,Wisdom Acquah,0,0.0,0.0,0.0,0.0,0.0,0.0
2025-26,177812,Wladimiro Falcone,0,0.0,0.0,38.0,38.0,0.0,0.0
2025-26,290581,Woyo Coulibaly,0,0.0,0.0,20.0,9.0,0.0,0.0
2025-26,407931,Yael Trepy,0,1.0,0.0,8.0,0.0,0.0,0.0
2025-26,266660,Yann Bisseck,0,3.0,1.0,23.0,21.0,0.0,0.0
2025-26,93197,Yann Sommer,0,0.0,0.0,33.0,33.0,0.0,0.0
2025-26,196901,Yerry Mina,0,2.0,0.0,26.0,26.0,0.0,0.0
2025-26,237455,Ylber Ramadani,0,1.0,0.0,37.0,37.0,0.0,0.0
2025-26,241405,Youssef Maleh,0,1.0,0.0,23.0,19.0,0.0,0.0
2025-26,277307,Youssouf Fofana,0,2.0,3.0,33.0,28.0,0.0,0.0
2025-26,307527,Yunus Musah,0,1.0,0.0,20.0,5.0,0.0,0.0
2025-26,412249,Yvan Maye,0,0.0,0.0,0.0,0.0,0.0,0.0
2025-26,370758,Zachary Athekame,0,2.0,2.0,27.0,7.0,0.0,0.0
2025-26,277865,Zakaria Aboukhlal,0,0.0,0.0,15.0,6.0,0.0,0.0
2025-26,417945,Zalán Kugyela,0,0.0,0.0,0.0,0.0,0.0,0.0
2025-26,367740,Zanos Savva,0,0.0,0.0,0.0,0.0,0.0,0.0
2025-26,271873,Zeki Çelik,0,1.0,2.0,34.0,32.0,0.0,0.0
2025-26,265958,Zion Suzuki,0,0.0,0.0,20.0,20.0,0.0,0.0
2025-26,332684,Zé Pedro,0,0.0,1.0,23.0,20.0,0.0,0.0
2025-26,119310,Álex Sala,0,0.0,1.0,9.0,2.0,0.0,0.0
2025-26,192146,Álex Valle,0,1.0,4.0,28.0,23.0,0.0,0.0
2025-26,154446,Álvaro Morata,0,0.0,1.0,26.0,9.0,0.0,0.0
2025-26,278210,Éderson,0,2.0,1.0,30.0,26.0,0.0,0.0
